{"type":"FeatureCollection","features":[{"type":"Feature","geometry":{"type":"Polygon","coordinates":[[[24.88141,60.22992],[24.88152,60.2299],[24.8818,60.22984],[24.88207,60.22978],[24.88238,60.22971],[24.88254,60.22969],[24.88262,60.22967],[24.88265,60.22966],[24.8827,60.22965],[24.88281,60.22977],[24.88311,60.23012],[24.883,60.23014],[24.88326,60.23044],[24.88318,60.23046],[24.88221,60.23068],[24.88235,60.23083],[24.88242,60.23092],[24.8823,60.23094],[24.88141,60.22992]]]},"properties":{"name":"Asemakaava 12990","kind":"plan","ptype":"zoning","subtype":"Asemakaava","status":"vireilla","date":"2026-02-02","url":"https://kartta.hel.fi/","source":"Helsinki"}},{"type":"Feature","geometry":{"type":"Polygon","coordinates":[[[25.10726,60.23948],[25.10718,60.23955],[25.10715,60.23959],[25.10715,60.2396],[25.10643,60.23972],[25.1062,60.23947],[25.10579,60.23942],[25.10543,60.23949],[25.10527,60.23931],[25.10556,60.23924],[25.10564,60.23923],[25.10571,60.23921],[25.10584,60.23918],[25.1057,60.23889],[25.10577,60.23845],[25.1062,60.2384],[25.1065,60.23775],[25.10576,60.23765],[25.10589,60.23723],[25.10698,60.23732],[25.10751,60.23689],[25.10809,60.23718],[25.1081,60.23738],[25.10841,60.23748],[25.11102,60.23746],[25.11101,60.23738],[25.11131,60.23732],[25.11142,60.23744],[25.11144,60.23745],[25.11146,60.23747],[25.11149,60.23749],[25.11153,60.2375],[25.11157,60.23752],[25.1116,60.23753],[25.11161,60.23753],[25.11166,60.23753],[25.1117,60.23754],[25.11175,60.23754],[25.1118,60.23754],[25.11184,60.23753],[25.11186,60.23753],[25.1119,60.23752],[25.11201,60.23765],[25.11162,60.23774],[25.11158,60.23777],[25.11146,60.23786],[25.11153,60.23824],[25.11154,60.2383],[25.11161,60.23877],[25.1117,60.23882],[25.11192,60.23885],[25.11186,60.23902],[25.11146,60.2389],[25.11118,60.23912],[25.11098,60.23928],[25.11114,60.23933],[25.11109,60.23937],[25.11092,60.23938],[25.11083,60.23936],[25.11086,60.23933],[25.11084,60.23929],[25.10931,60.23881],[25.10925,60.23882],[25.10834,60.23911],[25.10833,60.23914],[25.10824,60.23917],[25.10771,60.23929],[25.10749,60.23937],[25.10744,60.23938],[25.10737,60.23941],[25.10736,60.23942],[25.10731,60.23945],[25.10726,60.23948]]]},"properties":{"name":"Asemakaava 12997","kind":"plan","ptype":"zoning","subtype":"Asemakaava","status":"vireilla","date":"2026-02-04","url":"https://kartta.hel.fi/","source":"Helsinki"}},{"type":"Feature","geometry":{"type":"Polygon","coordinates":[[[24.98674,60.24227],[24.98674,60.24227],[24.9867,60.24226],[24.98666,60.24226],[24.98662,60.24225],[24.98658,60.24225],[24.98657,60.24225],[24.98654,60.24225],[24.9865,60.24226],[24.98645,60.24226],[24.98642,60.24227],[24.9864,60.24228],[24.98598,60.24242],[24.98523,60.2426],[24.98513,60.24263],[24.98506,60.24265],[24.98494,60.24269],[24.9849,60.2427],[24.98369,60.24242],[24.98337,60.24275],[24.98306,60.24294],[24.98277,60.24313],[24.98248,60.24332],[24.98221,60.24349],[24.98187,60.24341],[24.98138,60.2433],[24.98118,60.24344],[24.98084,60.24367],[24.98109,60.24372],[24.98101,60.24386],[24.98077,60.24433],[24.98068,60.2445],[24.98082,60.24465],[24.98121,60.24479],[24.9813,60.24483],[24.98102,60.24494],[24.98096,60.24496],[24.98064,60.24505],[24.97971,60.24546],[24.98012,60.24568],[24.98051,60.24588],[24.9806,60.24593],[24.98071,60.24599],[24.98066,60.24602],[24.98058,60.24605],[24.98043,60.24611],[24.98042,60.24612],[24.98041,60.24612],[24.9803,60.24617],[24.98025,60.24619],[24.9802,60.24622],[24.98011,60.24627],[24.98011,60.24627],[24.98003,60.24633],[24.97987,60.24645],[24.98002,60.24664],[24.9802,60.24682],[24.98036,60.24721],[24.98044,60.24743],[24.98045,60.24743],[24.98045,60.24744],[24.98046,60.24744],[24.98046,60.24745],[24.98047,60.24745],[24.98048,60.24746],[24.98049,60.24746],[24.9805,60.24746],[24.98051,60.24747],[24.98052,60.24747],[24.98054,60.24747],[24.98055,60.24747],[24.98056,60.24747],[24.98057,60.24747],[24.98064,60.24764],[24.98142,60.24759],[24.98181,60.2479],[24.98235,60.2477],[24.98252,60.24764],[24.9831,60.24744],[24.98268,60.24708],[24.9825,60.24692],[24.98325,60.2466],[24.98399,60.24628],[24.98331,60.24572],[24.98339,60.24568],[24.98347,60.24564],[24.98349,60.24566],[24.98455,60.24654],[24.9857,60.24706],[24.98567,60.24708],[24.98562,60.24711],[24.98556,60.24715],[24.98554,60.24716],[24.98559,60.24719],[24.98557,60.2472],[24.98529,60.24744],[24.98529,60.24744],[24.98528,60.24744],[24.98527,60.24744],[24.98526,60.24744],[24.9848,60.24757],[24.98456,60.24764],[24.98432,60.24772],[24.98444,60.2478],[24.98417,60.24788],[24.98371,60.24839],[24.9837,60.2484],[24.98367,60.24844],[24.98366,60.24848],[24.98365,60.24848],[24.98365,60.24853],[24.98365,60.24857],[24.98365,60.24857],[24.98384,60.24925],[24.98407,60.24952],[24.98487,60.25],[24.98537,60.25002],[24.98543,60.25004],[24.98538,60.25019],[24.98564,60.25021],[24.98562,60.2503],[24.9852,60.25026],[24.98518,60.25043],[24.98515,60.25069],[24.9851,60.25106],[24.98505,60.25142],[24.98504,60.25152],[24.98501,60.25167],[24.985,60.25175],[24.98427,60.25172],[24.9838,60.2517],[24.98334,60.25168],[24.98282,60.25165],[24.9823,60.25163],[24.98223,60.25163],[24.98191,60.25164],[24.98181,60.25163],[24.9813,60.25162],[24.98089,60.25161],[24.98076,60.25161],[24.9801,60.2516],[24.97919,60.25158],[24.97835,60.25165],[24.97804,60.25165],[24.97807,60.25168],[24.9777,60.25171],[24.97764,60.25164],[24.97754,60.25155],[24.97726,60.25135],[24.97693,60.25143],[24.97673,60.25127],[24.97696,60.25114],[24.97648,60.2508],[24.97596,60.25049],[24.97527,60.2501],[24.97511,60.24998],[24.975,60.24989],[24.97493,60.24981],[24.97481,60.24964],[24.97438,60.2489],[24.97429,60.24859],[24.97403,60.24815],[24.97372,60.24767],[24.97358,60.2474],[24.97335,60.24691],[24.97328,60.24674],[24.97294,60.24678],[24.97284,60.24654],[24.97317,60.24645],[24.97293,60.24592],[24.97285,60.24425],[24.97273,60.2438],[24.97264,60.24353],[24.97258,60.24346],[24.9725,60.2434],[24.97307,60.24326],[24.97379,60.24308],[24.97475,60.24282],[24.97569,60.24256],[24.97687,60.24226],[24.9776,60.24209],[24.97832,60.24196],[24.97959,60.24177],[24.98076,60.24166],[24.98163,60.24161],[24.98257,60.2416],[24.98333,60.2416],[24.98395,60.24164],[24.98467,60.24168],[24.98553,60.24176],[24.98611,60.24182],[24.98667,60.24188],[24.98726,60.24194],[24.98753,60.24197],[24.98754,60.24214],[24.98754,60.2422],[24.98704,60.24217],[24.98677,60.24226],[24.98674,60.24227]]]},"properties":{"name":"Asemakaava 12969","kind":"plan","ptype":"zoning","subtype":"Asemakaava","status":"vireilla","date":"2025-04-01","url":"https://kartta.hel.fi/","source":"Helsinki"}},{"type":"Feature","geometry":{"type":"Polygon","coordinates":[[[24.90421,60.20265],[24.90479,60.20266],[24.90478,60.20297],[24.90477,60.20319],[24.90477,60.2034],[24.90471,60.20361],[24.90465,60.20381],[24.90461,60.20397],[24.90407,60.20393],[24.90368,60.20384],[24.90406,60.20343],[24.90407,60.20342],[24.9041,60.20337],[24.90411,60.20336],[24.90412,60.20333],[24.90412,60.20328],[24.90412,60.20328],[24.90412,60.2027],[24.90412,60.20269],[24.90412,60.20269],[24.90412,60.20268],[24.90412,60.20268],[24.90413,60.20267],[24.90413,60.20267],[24.90414,60.20266],[24.90414,60.20266],[24.90415,60.20266],[24.90416,60.20266],[24.90417,60.20265],[24.90418,60.20265],[24.90419,60.20265],[24.90421,60.20265],[24.90421,60.20265]]]},"properties":{"name":"Asemakaava 12885","kind":"plan","ptype":"zoning","subtype":"Asemakaava","status":"vireilla","date":"2024-04-15","url":"https://kartta.hel.fi/","source":"Helsinki"}},{"type":"Feature","geometry":{"type":"Polygon","coordinates":[[[24.92681,60.16529],[24.92728,60.16496],[24.92777,60.16513],[24.92729,60.16546],[24.92681,60.16529]]]},"properties":{"name":"Asemakaava 12773","kind":"plan","ptype":"zoning","subtype":"Asemakaava","status":"vireilla","date":"2022-07-28","url":"https://kartta.hel.fi/","source":"Helsinki"}},{"type":"Feature","geometry":{"type":"Polygon","coordinates":[[[24.88314,60.23672],[24.88318,60.23668],[24.88323,60.23662],[24.88333,60.23652],[24.88312,60.23653],[24.8831,60.23646],[24.88267,60.23636],[24.88228,60.23625],[24.8823,60.23624],[24.88234,60.23621],[24.88276,60.23632],[24.88329,60.23637],[24.88348,60.23639],[24.88388,60.23596],[24.88396,60.23586],[24.88432,60.23532],[24.88451,60.23499],[24.88451,60.23498],[24.88452,60.23497],[24.88453,60.23496],[24.88454,60.23496],[24.88455,60.23495],[24.88457,60.23494],[24.88457,60.23494],[24.88459,60.23493],[24.88461,60.23493],[24.88462,60.23493],[24.88463,60.23492],[24.88466,60.23492],[24.88467,60.23492],[24.88471,60.23492],[24.88475,60.23483],[24.88496,60.23483],[24.88525,60.23484],[24.88554,60.23485],[24.88557,60.23485],[24.88568,60.23486],[24.88579,60.23488],[24.88586,60.2349],[24.8859,60.23491],[24.886,60.23494],[24.88609,60.23498],[24.88612,60.235],[24.8862,60.23505],[24.88628,60.2351],[24.88633,60.23515],[24.88641,60.23522],[24.88671,60.23555],[24.88678,60.23561],[24.8869,60.2357],[24.88704,60.23578],[24.88708,60.2358],[24.8872,60.23585],[24.88737,60.23591],[24.88756,60.23595],[24.88761,60.23596],[24.88844,60.23612],[24.88848,60.23624],[24.8885,60.2363],[24.88925,60.23642],[24.88922,60.23647],[24.8889,60.23693],[24.88881,60.23707],[24.88862,60.23729],[24.88845,60.23754],[24.88832,60.23779],[24.88828,60.23784],[24.88827,60.23822],[24.88852,60.23822],[24.88828,60.23847],[24.88777,60.23846],[24.88545,60.23844],[24.88376,60.23843],[24.88358,60.23842],[24.88337,60.2384],[24.88336,60.2384],[24.88318,60.23837],[24.88299,60.23833],[24.8819,60.23801],[24.88172,60.23796],[24.88144,60.23788],[24.88153,60.23784],[24.88229,60.23742],[24.88244,60.23733],[24.88302,60.2369],[24.88303,60.2369],[24.88308,60.23681],[24.88314,60.23672]],[[24.88535,60.23726],[24.88637,60.23756],[24.88683,60.23716],[24.88581,60.23686],[24.88535,60.23726]],[[24.88499,60.23789],[24.88492,60.23795],[24.88529,60.23806],[24.88579,60.23806],[24.88621,60.2377],[24.88515,60.2374],[24.88468,60.2378],[24.88499,60.23789]],[[24.88712,60.23644],[24.88712,60.23644],[24.88716,60.23646],[24.8872,60.23647],[24.8872,60.23647],[24.88723,60.23649],[24.88726,60.23651],[24.88726,60.23651],[24.88741,60.23664],[24.88775,60.23674],[24.88804,60.23649],[24.88825,60.23631],[24.8869,60.23592],[24.88681,60.2359],[24.88586,60.23562],[24.88528,60.23566],[24.88483,60.23604],[24.88518,60.23615],[24.88523,60.23611],[24.88541,60.23595],[24.88641,60.23624],[24.8865,60.23626],[24.88712,60.23644]]]},"properties":{"name":"Asemakaava 12304","kind":"plan","ptype":"zoning","subtype":"Asemakaava","status":"vireilla","date":"2023-06-20","url":"https://kartta.hel.fi/","source":"Helsinki"}},{"type":"Feature","geometry":{"type":"Polygon","coordinates":[[[25.09647,60.19141],[25.09599,60.1915],[25.09593,60.19151],[25.09586,60.19152],[25.09579,60.19152],[25.09572,60.19152],[25.09565,60.19151],[25.09564,60.19151],[25.09558,60.1915],[25.09552,60.19149],[25.09546,60.19147],[25.09541,60.19144],[25.09536,60.19142],[25.09535,60.19141],[25.0953,60.19137],[25.09525,60.19132],[25.09522,60.19128],[25.09521,60.19126],[25.09519,60.19121],[25.09518,60.19115],[25.09518,60.19114],[25.09518,60.19114],[25.09517,60.1911],[25.09516,60.19107],[25.09514,60.19103],[25.09511,60.191],[25.0951,60.191],[25.09507,60.19097],[25.09502,60.19095],[25.09497,60.19092],[25.09491,60.1909],[25.09489,60.1909],[25.09469,60.19085],[25.0969,60.1897],[25.09865,60.19015],[25.0975,60.19147],[25.09802,60.19159],[25.09859,60.19182],[25.09944,60.19222],[25.10097,60.19235],[25.10149,60.19278],[25.1025,60.19301],[25.10362,60.19315],[25.10416,60.19284],[25.10502,60.19235],[25.10741,60.19227],[25.10835,60.19422],[25.10699,60.19443],[25.10661,60.19479],[25.10691,60.19493],[25.10598,60.19536],[25.10514,60.19537],[25.10505,60.19537],[25.10496,60.19543],[25.10446,60.19572],[25.09853,60.1972],[25.09663,60.19564],[25.09462,60.19435],[25.09292,60.1935],[25.0984,60.19187],[25.0979,60.19168],[25.09706,60.19147],[25.09682,60.19141],[25.09681,60.19141],[25.09675,60.1914],[25.09669,60.1914],[25.09665,60.19139],[25.09663,60.19139],[25.09658,60.1914],[25.09652,60.1914],[25.09647,60.19141]]]},"properties":{"name":"Asemakaava 12952","kind":"plan","ptype":"zoning","subtype":"Asemakaava","status":"vireilla","date":"2026-02-04","url":"https://kartta.hel.fi/","source":"Helsinki"}},{"type":"Feature","geometry":{"type":"MultiPolygon","coordinates":[[[[25.04539,60.18402],[25.04473,60.18397],[25.04468,60.18359],[25.0461,60.1833],[25.04663,60.18399],[25.04568,60.18433],[25.04539,60.18402]]],[[[25.04737,60.18516],[25.04721,60.18512],[25.04692,60.18526],[25.04663,60.18539],[25.04641,60.18548],[25.04618,60.18558],[25.04622,60.18561],[25.04625,60.18563],[25.04584,60.18582],[25.04542,60.18599],[25.0453,60.18596],[25.04497,60.1861],[25.04422,60.18642],[25.0434,60.18619],[25.04347,60.18616],[25.04352,60.18614],[25.0441,60.18589],[25.04448,60.18573],[25.04435,60.18569],[25.04422,60.18565],[25.04508,60.18528],[25.04527,60.1851],[25.04514,60.18506],[25.04515,60.18503],[25.04529,60.18452],[25.04536,60.18451],[25.0455,60.18449],[25.04551,60.18449],[25.04563,60.18446],[25.04571,60.18443],[25.04636,60.1842],[25.04639,60.18419],[25.04643,60.18418],[25.04647,60.18418],[25.04649,60.18417],[25.04652,60.18417],[25.04657,60.18417],[25.04661,60.18417],[25.04663,60.18417],[25.04676,60.18402],[25.04716,60.18377],[25.04726,60.18381],[25.04751,60.18365],[25.04741,60.18361],[25.04748,60.18356],[25.04753,60.18344],[25.04697,60.18312],[25.0467,60.18294],[25.04582,60.18283],[25.04441,60.18312],[25.04295,60.18135],[25.04598,60.18073],[25.04575,60.18031],[25.04628,60.18004],[25.04736,60.18016],[25.04912,60.18036],[25.0495,60.17951],[25.04961,60.17952],[25.04992,60.17955],[25.04989,60.17967],[25.04987,60.17978],[25.04985,60.17988],[25.04977,60.18009],[25.04975,60.18014],[25.04958,60.18039],[25.04948,60.18051],[25.04942,60.18058],[25.04938,60.18065],[25.04884,60.18135],[25.04965,60.18141],[25.04965,60.18142],[25.05076,60.18155],[25.05076,60.18168],[25.05076,60.18172],[25.05075,60.18189],[25.05016,60.18174],[25.04998,60.18203],[25.0497,60.18247],[25.04979,60.1825],[25.05007,60.18259],[25.05046,60.18266],[25.05035,60.1829],[25.04949,60.1828],[25.04926,60.18309],[25.04919,60.18318],[25.04935,60.18341],[25.04948,60.1836],[25.04967,60.18389],[25.04998,60.18411],[25.04958,60.18418],[25.04959,60.18419],[25.04914,60.18427],[25.04904,60.18427],[25.04867,60.18433],[25.04822,60.18462],[25.04849,60.18492],[25.04814,60.18525],[25.04767,60.18513],[25.04751,60.18508],[25.04737,60.18516]]],[[[25.04915,60.17838],[25.04916,60.17838],[25.04916,60.17836],[25.04917,60.17836],[25.04918,60.17835],[25.04919,60.17834],[25.0492,60.17834],[25.04933,60.17825],[25.04934,60.17825],[25.04935,60.17824],[25.04935,60.17824],[25.04936,60.17824],[25.04937,60.17823],[25.05002,60.17844],[25.04988,60.17926],[25.04963,60.17928],[25.04941,60.1787],[25.04924,60.17846],[25.04912,60.17844],[25.04915,60.17838]]]]},"properties":{"name":"Asemakaava 12834","kind":"plan","ptype":"zoning","subtype":"Asemakaava","status":"vireilla","date":"2024-12-19","url":"https://kartta.hel.fi/","source":"Helsinki"}},{"type":"Feature","geometry":{"type":"Polygon","coordinates":[[[24.95822,60.17522],[24.95871,60.17524],[24.95869,60.17536],[24.95867,60.1756],[24.95818,60.17559],[24.95819,60.17546],[24.95822,60.17522]]]},"properties":{"name":"Asemakaava 12826","kind":"plan","ptype":"zoning","subtype":"Asemakaava","status":"vireilla","date":"2025-01-22","url":"https://kartta.hel.fi/","source":"Helsinki"}},{"type":"Feature","geometry":{"type":"Polygon","coordinates":[[[24.96253,60.22757],[24.96253,60.22756],[24.96254,60.22753],[24.96255,60.22751],[24.96255,60.22749],[24.96254,60.22746],[24.96254,60.22745],[24.96272,60.22744],[24.96348,60.22707],[24.96367,60.22717],[24.96526,60.22798],[24.96777,60.22929],[24.96747,60.22943],[24.96791,60.22966],[24.9674,60.2299],[24.96695,60.22966],[24.96662,60.22949],[24.96662,60.22949],[24.96661,60.22949],[24.9666,60.22949],[24.96659,60.22948],[24.96659,60.22948],[24.96658,60.22948],[24.96657,60.22948],[24.96657,60.22948],[24.96656,60.22948],[24.96655,60.22948],[24.96654,60.22948],[24.96653,60.22949],[24.96652,60.22949],[24.96652,60.22949],[24.96602,60.22973],[24.9656,60.22997],[24.96529,60.23011],[24.96518,60.23012],[24.96431,60.22966],[24.96433,60.22961],[24.96405,60.22947],[24.96405,60.22946],[24.96402,60.22945],[24.96399,60.22944],[24.96396,60.22943],[24.96396,60.22943],[24.96393,60.22943],[24.96389,60.22943],[24.96386,60.22942],[24.96385,60.22942],[24.96348,60.22943],[24.96345,60.22943],[24.96342,60.22943],[24.9634,60.22944],[24.96338,60.22944],[24.96335,60.22945],[24.96333,60.22945],[24.96298,60.22933],[24.963,60.2293],[24.96301,60.22928],[24.96301,60.22927],[24.96302,60.22923],[24.96302,60.22923],[24.96301,60.22908],[24.96301,60.22906],[24.963,60.22905],[24.96299,60.22903],[24.96298,60.22902],[24.96296,60.229],[24.96296,60.229],[24.96293,60.22899],[24.96291,60.22898],[24.96288,60.22897],[24.96285,60.22896],[24.96282,60.22895],[24.96246,60.2289],[24.96116,60.22871],[24.96126,60.22854],[24.96178,60.22861],[24.96179,60.22861],[24.9618,60.22861],[24.96181,60.22862],[24.96182,60.22861],[24.96183,60.22861],[24.96184,60.22861],[24.96185,60.22861],[24.96186,60.22861],[24.96187,60.22861],[24.96187,60.2286],[24.96188,60.2286],[24.96189,60.22859],[24.96189,60.22859],[24.9619,60.22858],[24.96204,60.22836],[24.96221,60.22808],[24.9623,60.22793],[24.96237,60.22782],[24.96252,60.22758],[24.96253,60.22757]]]},"properties":{"name":"Asemakaava 12851","kind":"plan","ptype":"zoning","subtype":"Asemakaava","status":"vireilla","date":"2024-07-10","url":"https://kartta.hel.fi/","source":"Helsinki"}},{"type":"Feature","geometry":{"type":"Polygon","coordinates":[[[25.03821,60.25644],[25.03758,60.25636],[25.03741,60.25634],[25.03697,60.25628],[25.03692,60.25627],[25.03685,60.25626],[25.03674,60.25625],[25.03636,60.25622],[25.03633,60.25622],[25.03632,60.25622],[25.0363,60.25622],[25.03605,60.25618],[25.03602,60.25617],[25.03601,60.25617],[25.03597,60.25616],[25.03596,60.25615],[25.03572,60.25608],[25.03572,60.25608],[25.03569,60.25607],[25.03567,60.25607],[25.03565,60.25607],[25.03538,60.25602],[25.0351,60.25598],[25.03465,60.25592],[25.03462,60.25592],[25.03429,60.25588],[25.03403,60.25586],[25.03391,60.25585],[25.03377,60.25549],[25.03395,60.25548],[25.03453,60.25547],[25.03498,60.25547],[25.03528,60.25546],[25.0359,60.25545],[25.03649,60.25545],[25.03674,60.25544],[25.03708,60.25544],[25.03757,60.25543],[25.03742,60.25506],[25.03728,60.25471],[25.03714,60.25436],[25.03701,60.25402],[25.0369,60.25374],[25.03678,60.25346],[25.0367,60.25324],[25.03661,60.25303],[25.03657,60.25293],[25.0364,60.2525],[25.03634,60.25234],[25.03631,60.25227],[25.03629,60.25223],[25.03619,60.25197],[25.03612,60.25179],[25.03612,60.25178],[25.03607,60.25166],[25.03602,60.25155],[25.03588,60.25119],[25.03585,60.25111],[25.03582,60.25104],[25.03578,60.25092],[25.03571,60.25076],[25.03567,60.25064],[25.03565,60.25059],[25.03562,60.25052],[25.03556,60.25036],[25.03547,60.25014],[25.03541,60.24999],[25.03538,60.24992],[25.03528,60.24965],[25.03525,60.24959],[25.03514,60.24931],[25.035,60.24896],[25.0349,60.24869],[25.03479,60.24843],[25.03473,60.24826],[25.03483,60.24828],[25.04222,60.24789],[25.04273,60.24813],[25.04451,60.2496],[25.04355,60.25126],[25.04584,60.25218],[25.03881,60.2565],[25.03836,60.25645],[25.03821,60.25644]]]},"properties":{"name":"Asemakaava 12972","kind":"plan","ptype":"zoning","subtype":"Asemakaava","status":"vireilla","date":"2025-07-25","url":"https://kartta.hel.fi/","source":"Helsinki"}},{"type":"Feature","geometry":{"type":"Polygon","coordinates":[[[24.91625,60.16674],[24.91617,60.16673],[24.91612,60.16671],[24.91598,60.16669],[24.91582,60.16667],[24.91581,60.16667],[24.91574,60.16665],[24.91571,60.16665],[24.91566,60.16664],[24.91562,60.16662],[24.91547,60.16657],[24.91541,60.16656],[24.91538,60.16655],[24.91538,60.16655],[24.91536,60.16654],[24.91501,60.16644],[24.91495,60.16642],[24.91494,60.16642],[24.91487,60.16641],[24.91472,60.16639],[24.91458,60.16637],[24.91447,60.16636],[24.91444,60.16636],[24.91436,60.16636],[24.91223,60.16628],[24.91203,60.16628],[24.91165,60.16629],[24.91127,60.16633],[24.91125,60.16633],[24.91091,60.16639],[24.91056,60.16647],[24.91035,60.16654],[24.91003,60.16665],[24.90979,60.16673],[24.90967,60.16676],[24.90939,60.16683],[24.90928,60.16685],[24.90923,60.16686],[24.90917,60.16687],[24.90832,60.16701],[24.90791,60.16707],[24.90745,60.16712],[24.90708,60.16717],[24.90646,60.16723],[24.90618,60.16726],[24.90589,60.16728],[24.90585,60.16721],[24.90567,60.16723],[24.90452,60.1673],[24.90403,60.16733],[24.90337,60.16736],[24.903,60.16738],[24.90263,60.16738],[24.90227,60.16736],[24.9018,60.16731],[24.9014,60.16729],[24.90079,60.16724],[24.90034,60.16721],[24.89959,60.16714],[24.8989,60.16707],[24.89827,60.16699],[24.898,60.16703],[24.89777,60.16701],[24.89802,60.16646],[24.89824,60.16649],[24.89829,60.16642],[24.89832,60.1664],[24.89901,60.16666],[24.89996,60.16676],[24.90076,60.16682],[24.90092,60.16683],[24.90094,60.16684],[24.90096,60.16684],[24.90136,60.16686],[24.90177,60.16686],[24.90195,60.16687],[24.90231,60.16687],[24.90252,60.16687],[24.90255,60.16687],[24.90273,60.16687],[24.90398,60.16684],[24.90467,60.1668],[24.90523,60.16676],[24.90567,60.16672],[24.90729,60.16645],[24.90739,60.16644],[24.90745,60.16642],[24.90756,60.1664],[24.90761,60.16638],[24.90766,60.16637],[24.90774,60.16633],[24.9078,60.1663],[24.90783,60.16628],[24.90899,60.16592],[24.90935,60.16558],[24.91032,60.16576],[24.9108,60.16551],[24.91083,60.16549],[24.91155,60.16565],[24.91168,60.16567],[24.9121,60.16576],[24.9121,60.16576],[24.91211,60.16578],[24.91211,60.1658],[24.91213,60.16582],[24.91214,60.16583],[24.91216,60.16584],[24.91217,60.16585],[24.91219,60.16586],[24.91222,60.16588],[24.91226,60.16589],[24.91229,60.1659],[24.9123,60.1659],[24.91255,60.16595],[24.91268,60.16597],[24.91272,60.16598],[24.91427,60.16603],[24.91432,60.16603],[24.91452,60.16604],[24.91453,60.16601],[24.91494,60.16602],[24.91534,60.16607],[24.91536,60.16607],[24.91574,60.16613],[24.91607,60.16619],[24.91616,60.1662],[24.91668,60.16629],[24.91667,60.16638],[24.91663,60.16663],[24.91661,60.16676],[24.91661,60.16682],[24.91653,60.1668],[24.91643,60.16678],[24.91625,60.16674]]]},"properties":{"name":"Asemakaava 12957","kind":"plan","ptype":"zoning","subtype":"Asemakaava","status":"vireilla","date":"2025-12-11","url":"https://kartta.hel.fi/","source":"Helsinki"}},{"type":"Feature","geometry":{"type":"Polygon","coordinates":[[[25.00453,60.25204],[25.00454,60.25204],[25.00459,60.25204],[25.00464,60.25204],[25.00468,60.25203],[25.00468,60.25203],[25.00472,60.25202],[25.00476,60.25201],[25.0048,60.25199],[25.0048,60.25199],[25.00511,60.25183],[25.00567,60.2518],[25.00571,60.25185],[25.00587,60.25193],[25.00601,60.25198],[25.00642,60.25212],[25.00673,60.25243],[25.00647,60.25247],[25.00626,60.2525],[25.00583,60.25257],[25.00541,60.25264],[25.00541,60.25264],[25.0054,60.25265],[25.0054,60.25265],[25.00539,60.25265],[25.00539,60.25265],[25.00539,60.25265],[25.00538,60.25266],[25.00538,60.25266],[25.00538,60.25266],[25.00538,60.25266],[25.00538,60.25266],[25.00538,60.25267],[25.00538,60.25267],[25.00538,60.25267],[25.00538,60.25267],[25.00536,60.25264],[25.00533,60.25265],[25.00494,60.25245],[25.0048,60.25233],[25.0049,60.2523],[25.00479,60.2522],[25.00446,60.25214],[25.00453,60.25204]]]},"properties":{"name":"Asemakaava 12998","kind":"plan","ptype":"zoning","subtype":"Asemakaava","status":"vireilla","date":"2026-03-03","url":"https://kartta.hel.fi/","source":"Helsinki"}},{"type":"Feature","geometry":{"type":"Polygon","coordinates":[[[25.03195,60.25081],[25.03196,60.25081],[25.03198,60.25079],[25.03199,60.25078],[25.032,60.25076],[25.03201,60.25075],[25.03201,60.25074],[25.03201,60.25073],[25.03201,60.25071],[25.032,60.2507],[25.03199,60.25068],[25.03198,60.25067],[25.03193,60.25062],[25.03275,60.25054],[25.03324,60.2505],[25.03342,60.25048],[25.03348,60.25065],[25.03368,60.25069],[25.03408,60.25057],[25.03464,60.25039],[25.03461,60.25032],[25.03479,60.2503],[25.03501,60.25028],[25.03547,60.25014],[25.03551,60.25023],[25.03556,60.25036],[25.03567,60.25064],[25.03578,60.25092],[25.03588,60.25119],[25.03602,60.25155],[25.03612,60.25178],[25.03612,60.25179],[25.03629,60.25223],[25.03657,60.25293],[25.03661,60.25303],[25.03582,60.2531],[25.03592,60.25332],[25.03594,60.25336],[25.03573,60.25337],[25.03547,60.2534],[25.03515,60.25343],[25.03473,60.25347],[25.03439,60.25351],[25.03379,60.25357],[25.03324,60.25363],[25.03331,60.25381],[25.03339,60.25403],[25.03344,60.25416],[25.03348,60.25425],[25.03287,60.2543],[25.03279,60.25405],[25.03243,60.25408],[25.03205,60.25412],[25.0317,60.25415],[25.03134,60.25419],[25.03143,60.25441],[25.03154,60.25471],[25.03095,60.25499],[25.03082,60.255],[25.03049,60.25504],[25.02996,60.25521],[25.02942,60.25537],[25.0298,60.256],[25.02967,60.25608],[25.02906,60.25616],[25.02877,60.25619],[25.02874,60.25619],[25.02829,60.25513],[25.02817,60.25485],[25.02803,60.25455],[25.02792,60.25428],[25.02781,60.25402],[25.02851,60.25395],[25.02915,60.25299],[25.02903,60.25271],[25.02891,60.25243],[25.0281,60.25054],[25.0281,60.25053],[25.02881,60.25028],[25.02875,60.25043],[25.02877,60.25057],[25.02878,60.25063],[25.02888,60.25089],[25.02902,60.25104],[25.02916,60.25112],[25.02953,60.25136],[25.03009,60.25119],[25.03025,60.25114],[25.03042,60.25138],[25.03081,60.25127],[25.03129,60.25113],[25.03147,60.25125],[25.03177,60.25116],[25.03221,60.25103],[25.03195,60.25081]]]},"properties":{"name":"Asemakaava 12858","kind":"plan","ptype":"zoning","subtype":"Asemakaava","status":"vireilla","date":"2023-10-23","url":"https://kartta.hel.fi/","source":"Helsinki"}},{"type":"Feature","geometry":{"type":"MultiPolygon","coordinates":[[[[24.9121,60.16576],[24.91155,60.16565],[24.91189,60.16547],[24.91251,60.16487],[24.91304,60.16462],[24.91446,60.16467],[24.91427,60.16603],[24.91272,60.16598],[24.9123,60.1659],[24.91229,60.1659],[24.91226,60.16589],[24.91222,60.16588],[24.91219,60.16586],[24.91217,60.16585],[24.91216,60.16584],[24.91214,60.16583],[24.91213,60.16582],[24.91211,60.1658],[24.91211,60.16578],[24.9121,60.16576],[24.9121,60.16576]]],[[[24.91519,60.1635],[24.91508,60.16429],[24.91263,60.1642],[24.91268,60.16381],[24.91272,60.16354],[24.91274,60.16341],[24.91372,60.16345],[24.91519,60.1635]]],[[[24.91957,60.16427],[24.91834,60.16423],[24.91839,60.16388],[24.91843,60.16361],[24.91965,60.16365],[24.91957,60.16427]]]]},"properties":{"name":"Asemakaava 12877","kind":"plan","ptype":"zoning","subtype":"Asemakaava","status":"vireilla","date":"2024-02-20","url":"https://kartta.hel.fi/","source":"Helsinki"}},{"type":"Feature","geometry":{"type":"MultiPolygon","coordinates":[[[[25.21376,60.24754],[25.21359,60.24759],[25.21344,60.24766],[25.21336,60.2477],[25.2133,60.24774],[25.21318,60.24783],[25.21309,60.24792],[25.21309,60.24792],[25.21304,60.24799],[25.21293,60.24802],[25.21263,60.24798],[25.21248,60.24796],[25.21198,60.24791],[25.21198,60.24791],[25.21148,60.24789],[25.21108,60.24725],[25.21144,60.24722],[25.21177,60.24715],[25.21213,60.24711],[25.21242,60.24707],[25.21266,60.24703],[25.21301,60.24688],[25.2132,60.24683],[25.21326,60.24691],[25.21376,60.24754]]],[[[25.22165,60.24994],[25.22188,60.24998],[25.22194,60.25],[25.22215,60.25005],[25.22221,60.25007],[25.22209,60.25024],[25.22166,60.25093],[25.22251,60.25111],[25.22348,60.25181],[25.22403,60.25131],[25.22426,60.2514],[25.22448,60.25147],[25.22413,60.25182],[25.22464,60.25189],[25.22464,60.2519],[25.22465,60.25191],[25.22465,60.25192],[25.22466,60.25192],[25.22466,60.25193],[25.22468,60.25193],[25.22469,60.25194],[25.22471,60.25195],[25.22471,60.25195],[25.22441,60.25246],[25.22518,60.25246],[25.22593,60.25256],[25.22669,60.25261],[25.22672,60.2526],[25.22719,60.25246],[25.22753,60.25246],[25.22778,60.25247],[25.22802,60.25253],[25.22823,60.25258],[25.22847,60.25265],[25.22871,60.2527],[25.22924,60.25284],[25.22933,60.2529],[25.2295,60.25302],[25.23028,60.25293],[25.23042,60.25283],[25.23059,60.25285],[25.23063,60.25295],[25.23078,60.25327],[25.23056,60.2531],[25.23027,60.25304],[25.22962,60.25311],[25.22986,60.25354],[25.23,60.25378],[25.23061,60.25379],[25.23081,60.25363],[25.23135,60.25404],[25.23167,60.25394],[25.23181,60.25389],[25.2323,60.25426],[25.23273,60.25445],[25.23308,60.2546],[25.23313,60.25458],[25.23343,60.2545],[25.2336,60.25445],[25.23346,60.25428],[25.2332,60.25393],[25.23313,60.25385],[25.23293,60.25384],[25.23253,60.25331],[25.23289,60.25311],[25.23307,60.253],[25.2339,60.25323],[25.23859,60.25434],[25.23745,60.25627],[25.2335,60.25658],[25.23297,60.25662],[25.2327,60.25664],[25.23169,60.25672],[25.23097,60.25673],[25.22894,60.25684],[25.22782,60.25689],[25.22681,60.25695],[25.22616,60.2569],[25.22523,60.25683],[25.22525,60.2568],[25.2244,60.25668],[25.22353,60.25656],[25.22334,60.25653],[25.22272,60.25645],[25.22181,60.25632],[25.22207,60.25558],[25.22209,60.2555],[25.22183,60.25546],[25.22154,60.25629],[25.22096,60.25631],[25.22076,60.25584],[25.2207,60.25587],[25.22062,60.25593],[25.22046,60.25597],[25.22014,60.25597],[25.21998,60.25598],[25.2196,60.25595],[25.2195,60.25594],[25.21935,60.25592],[25.21923,60.25591],[25.21912,60.2559],[25.21901,60.25586],[25.21891,60.25585],[25.21887,60.25584],[25.21878,60.25584],[25.2186,60.25582],[25.21849,60.2558],[25.21812,60.25574],[25.2179,60.25573],[25.21767,60.25573],[25.21749,60.25571],[25.2173,60.25572],[25.21727,60.25571],[25.21857,60.25427],[25.2173,60.25388],[25.21578,60.25454],[25.21562,60.25461],[25.2156,60.25459],[25.21556,60.25459],[25.21546,60.25465],[25.21539,60.25469],[25.21537,60.25469],[25.21535,60.25467],[25.21539,60.25463],[25.2154,60.25461],[25.21536,60.25458],[25.21518,60.25452],[25.21516,60.25451],[25.21511,60.25448],[25.21501,60.25445],[25.21489,60.25442],[25.21479,60.25442],[25.21494,60.25423],[25.21552,60.25346],[25.21559,60.25338],[25.21595,60.2529],[25.21617,60.25262],[25.21635,60.25238],[25.21846,60.25279],[25.21876,60.25183],[25.21916,60.2498],[25.21963,60.24983],[25.21995,60.24984],[25.22108,60.24989],[25.22118,60.2499],[25.22127,60.2499],[25.22142,60.24991],[25.22154,60.24993],[25.22165,60.24994]],[[25.22744,60.25439],[25.22739,60.25455],[25.22771,60.25477],[25.22841,60.25492],[25.22867,60.25447],[25.22744,60.25439]],[[25.22778,60.25364],[25.22736,60.25378],[25.22743,60.25406],[25.22872,60.25406],[25.22863,60.25389],[25.2286,60.25365],[25.22778,60.25364]],[[25.22096,60.25305],[25.22185,60.25313],[25.2219,60.25284],[25.22168,60.25248],[25.22125,60.2525],[25.22125,60.25244],[25.22041,60.25252],[25.22036,60.25258],[25.22017,60.25278],[25.22018,60.25299],[25.22096,60.25305]]]]},"properties":{"name":"Asemakaava 12818","kind":"plan","ptype":"zoning","subtype":"Asemakaava","status":"vireilla","date":"2025-12-15","url":"https://kartta.hel.fi/","source":"Helsinki"}},{"type":"Feature","geometry":{"type":"Polygon","coordinates":[[[24.94768,60.16555],[24.94771,60.16531],[24.94774,60.16504],[24.94777,60.1648],[24.94779,60.16467],[24.94806,60.16467],[24.94967,60.16471],[24.94993,60.16472],[24.94991,60.16485],[24.94988,60.1651],[24.94986,60.16534],[24.94983,60.16559],[24.94981,60.16572],[24.94955,60.16572],[24.949,60.1657],[24.94847,60.16568],[24.94793,60.16567],[24.94767,60.16566],[24.94768,60.16555]]]},"properties":{"name":"Asemakaava 12762","kind":"plan","ptype":"zoning","subtype":"Asemakaava","status":"vireilla","date":"2024-12-03","url":"https://kartta.hel.fi/","source":"Helsinki"}},{"type":"Feature","geometry":{"type":"MultiPolygon","coordinates":[[[[25.0761,60.16415],[25.07647,60.16389],[25.07709,60.1642],[25.07663,60.16442],[25.0761,60.16415]]],[[[25.07666,60.16456],[25.07701,60.16439],[25.07776,60.16473],[25.07744,60.16491],[25.07666,60.16456]]],[[[25.078,60.16401],[25.07883,60.16387],[25.07895,60.16405],[25.07839,60.16437],[25.078,60.16401]]],[[[25.06502,60.16335],[25.06494,60.1633],[25.06542,60.16316],[25.06602,60.16298],[25.06616,60.16325],[25.06611,60.16335],[25.06579,60.16347],[25.0656,60.16354],[25.0654,60.16361],[25.06502,60.16335]]],[[[25.06696,60.16371],[25.06753,60.16372],[25.06773,60.16397],[25.06778,60.16404],[25.06733,60.16412],[25.06727,60.16413],[25.06696,60.16371]]],[[[25.06715,60.16295],[25.06757,60.16255],[25.06809,60.16269],[25.0684,60.16277],[25.06835,60.16282],[25.06833,60.16305],[25.06882,60.16318],[25.06871,60.16329],[25.06815,60.16321],[25.06825,60.16302],[25.06785,60.16292],[25.06766,60.16311],[25.06715,60.16295]]],[[[25.06898,60.16321],[25.06975,60.16329],[25.06964,60.16356],[25.06912,60.16351],[25.06886,60.16348],[25.06874,60.16347],[25.06898,60.16321]]],[[[25.07109,60.16482],[25.07081,60.16467],[25.07123,60.16453],[25.07145,60.1647],[25.07109,60.16482]]],[[[25.07113,60.16562],[25.07166,60.1655],[25.07172,60.16548],[25.07184,60.16543],[25.07209,60.16534],[25.07215,60.16538],[25.07232,60.16548],[25.07271,60.16574],[25.07232,60.16589],[25.07189,60.16563],[25.07142,60.16577],[25.07113,60.16562]]],[[[25.07026,60.16461],[25.06974,60.16424],[25.07018,60.16409],[25.07048,60.16412],[25.07116,60.16431],[25.07052,60.16452],[25.07026,60.16461]]],[[[25.07045,60.16325],[25.07087,60.16308],[25.07125,60.16331],[25.07155,60.1635],[25.07113,60.16367],[25.07045,60.16325]]],[[[25.07091,60.1639],[25.07132,60.16373],[25.07174,60.16356],[25.07233,60.16392],[25.07188,60.16406],[25.07169,60.16413],[25.07148,60.16407],[25.07113,60.16403],[25.07091,60.1639]]],[[[25.07129,60.16291],[25.0717,60.16274],[25.07239,60.16315],[25.07229,60.1632],[25.07197,60.16333],[25.07167,60.16314],[25.07129,60.16291]]],[[[25.07395,60.16437],[25.07413,60.1642],[25.07483,60.16437],[25.07465,60.16454],[25.07395,60.16437]]]]},"properties":{"name":"Asemakaava 12982","kind":"plan","ptype":"zoning","subtype":"Asemakaava","status":"vireilla","date":"2026-03-16","url":"https://kartta.hel.fi/","source":"Helsinki"}},{"type":"Feature","geometry":{"type":"Polygon","coordinates":[[[24.97425,60.23026],[24.97501,60.23013],[24.97563,60.23046],[24.97528,60.23059],[24.97521,60.2306],[24.97503,60.23051],[24.97433,60.23059],[24.97429,60.23046],[24.97428,60.23043],[24.97425,60.23026]]]},"properties":{"name":"Asemakaava 13021","kind":"plan","ptype":"zoning","subtype":"Asemakaava","status":"vireilla","date":"2026-03-12","url":"https://kartta.hel.fi/","source":"Helsinki"}},{"type":"Feature","geometry":{"type":"MultiPolygon","coordinates":[[[[24.8806,60.15239],[24.88086,60.15177],[24.88219,60.15191],[24.88211,60.15212],[24.88193,60.15253],[24.8806,60.15239]]],[[[24.88345,60.1496],[24.88372,60.14899],[24.88405,60.14902],[24.88513,60.14946],[24.88468,60.14973],[24.88345,60.1496]]],[[[24.87901,60.14851],[24.88047,60.14867],[24.88031,60.14903],[24.88026,60.14914],[24.87881,60.14899],[24.87901,60.14851]]]]},"properties":{"name":"Asemakaava 12494","kind":"plan","ptype":"zoning","subtype":"Asemakaava","status":"vireilla","date":"2022-11-30","url":"https://kartta.hel.fi/","source":"Helsinki"}},{"type":"Feature","geometry":{"type":"Polygon","coordinates":[[[25.05725,60.26384],[25.05724,60.26382],[25.05723,60.2638],[25.05721,60.26379],[25.05719,60.26377],[25.05717,60.26376],[25.05717,60.26376],[25.05714,60.26375],[25.05711,60.26374],[25.05707,60.26373],[25.05704,60.26372],[25.05701,60.26372],[25.05798,60.26368],[25.05795,60.26368],[25.05791,60.2637],[25.05787,60.26371],[25.05783,60.26372],[25.0578,60.26374],[25.05779,60.26375],[25.05777,60.26376],[25.05775,60.26378],[25.05774,60.2638],[25.05773,60.26383],[25.05772,60.26385],[25.05773,60.26386],[25.05774,60.26398],[25.05774,60.26399],[25.05775,60.264],[25.05775,60.26402],[25.05777,60.26403],[25.05778,60.26404],[25.05779,60.26405],[25.0578,60.26405],[25.05782,60.26406],[25.05785,60.26407],[25.05787,60.26408],[25.0579,60.26408],[25.05792,60.26408],[25.05907,60.26417],[25.06039,60.26428],[25.06034,60.26445],[25.06018,60.2649],[25.05974,60.26486],[25.0597,60.26496],[25.05927,60.26493],[25.05884,60.26489],[25.05839,60.26486],[25.05783,60.26481],[25.05787,60.265],[25.05792,60.26523],[25.05792,60.26523],[25.05792,60.26524],[25.05792,60.26524],[25.05793,60.26526],[25.05797,60.2655],[25.05797,60.26551],[25.05796,60.26551],[25.05796,60.26552],[25.05796,60.26552],[25.05796,60.26553],[25.05796,60.26553],[25.0582,60.26615],[25.05833,60.26641],[25.05854,60.26676],[25.05857,60.26681],[25.05864,60.26694],[25.05873,60.26707],[25.05885,60.26723],[25.05898,60.2674],[25.05902,60.26745],[25.05911,60.26755],[25.05924,60.2677],[25.05938,60.26784],[25.05952,60.26798],[25.05953,60.26798],[25.05954,60.26799],[25.05954,60.26799],[25.05956,60.268],[25.05956,60.268],[25.05975,60.26817],[25.05975,60.26818],[25.05976,60.26818],[25.05976,60.26818],[25.05976,60.26819],[25.05976,60.26819],[25.05976,60.26819],[25.05943,60.26829],[25.05943,60.26829],[25.05941,60.26829],[25.05939,60.26829],[25.05937,60.26829],[25.05936,60.26829],[25.05935,60.26829],[25.05934,60.26829],[25.05932,60.26829],[25.0593,60.2683],[25.0593,60.2683],[25.05886,60.26843],[25.05885,60.26843],[25.05884,60.26844],[25.05882,60.26844],[25.05881,60.26845],[25.05881,60.26845],[25.0588,60.26846],[25.05879,60.26847],[25.05879,60.26847],[25.05878,60.26848],[25.05862,60.26849],[25.0586,60.26841],[25.05849,60.26803],[25.05776,60.26799],[25.05774,60.26799],[25.05702,60.26794],[25.05636,60.2679],[25.05612,60.26778],[25.05769,60.26703],[25.05792,60.26694],[25.05802,60.26692],[25.05803,60.26692],[25.05804,60.26692],[25.05806,60.26691],[25.05807,60.26691],[25.05808,60.2669],[25.0581,60.26689],[25.0581,60.26689],[25.0581,60.26688],[25.05811,60.26687],[25.05811,60.26686],[25.05811,60.26686],[25.05811,60.26685],[25.05811,60.26684],[25.05811,60.26683],[25.05787,60.26644],[25.05779,60.26628],[25.05755,60.26572],[25.05746,60.26543],[25.05743,60.26522],[25.05738,60.26486],[25.05738,60.26485],[25.05737,60.26477],[25.0573,60.26414],[25.05728,60.26399],[25.05725,60.26385],[25.05725,60.26384]]]},"properties":{"name":"Asemakaava 12958","kind":"plan","ptype":"zoning","subtype":"Asemakaava","status":"vireilla","date":"2025-10-01","url":"https://kartta.hel.fi/","source":"Helsinki"}},{"type":"Feature","geometry":{"type":"Polygon","coordinates":[[[24.93413,60.1929],[24.93415,60.1929],[24.93421,60.19289],[24.93422,60.19289],[24.93428,60.19287],[24.93429,60.19287],[24.93529,60.19257],[24.93553,60.19274],[24.93554,60.19274],[24.93557,60.19273],[24.93559,60.19273],[24.93559,60.19273],[24.93562,60.19273],[24.93564,60.19273],[24.93565,60.19273],[24.93613,60.19273],[24.93654,60.19274],[24.93709,60.19276],[24.93733,60.19278],[24.93781,60.19283],[24.9381,60.19288],[24.93847,60.19294],[24.9382,60.19306],[24.93854,60.19324],[24.93835,60.19333],[24.9378,60.19349],[24.93751,60.19366],[24.93796,60.19393],[24.93715,60.1944],[24.93865,60.19529],[24.93765,60.19571],[24.93757,60.19572],[24.93742,60.19572],[24.93725,60.19573],[24.9365,60.19577],[24.93456,60.19586],[24.93398,60.19336],[24.93398,60.19327],[24.93398,60.19292],[24.93413,60.1929]]]},"properties":{"name":"Asemakaava 12829","kind":"plan","ptype":"zoning","subtype":"Asemakaava","status":"vireilla","date":"2024-04-23","url":"https://kartta.hel.fi/","source":"Helsinki"}},{"type":"Feature","geometry":{"type":"Polygon","coordinates":[[[25.09011,60.23754],[25.0893,60.23741],[25.08906,60.23736],[25.08851,60.23724],[25.0884,60.23736],[25.08828,60.2375],[25.08793,60.23737],[25.08747,60.23733],[25.08657,60.23725],[25.08603,60.23771],[25.08568,60.23802],[25.08522,60.238],[25.08453,60.23797],[25.08397,60.23845],[25.08383,60.23857],[25.08298,60.23832],[25.08298,60.23832],[25.08295,60.23832],[25.08291,60.23831],[25.08288,60.23831],[25.08286,60.23831],[25.08284,60.23831],[25.0828,60.23831],[25.08276,60.23831],[25.08273,60.23832],[25.08249,60.23824],[25.08233,60.2382],[25.08284,60.23776],[25.08275,60.23773],[25.08111,60.23726],[25.08116,60.23724],[25.08149,60.23696],[25.08157,60.23689],[25.08166,60.23687],[25.08185,60.23683],[25.08242,60.23634],[25.08283,60.23599],[25.08288,60.23601],[25.08289,60.23599],[25.08296,60.23601],[25.08303,60.23595],[25.08309,60.2359],[25.083,60.23587],[25.08321,60.2357],[25.08365,60.23532],[25.08386,60.23514],[25.08509,60.2355],[25.08522,60.23538],[25.08632,60.23569],[25.08649,60.23574],[25.08666,60.23579],[25.08661,60.23583],[25.088,60.23623],[25.08786,60.23636],[25.08874,60.23661],[25.08907,60.23681],[25.09042,60.23712],[25.09011,60.23754]]]},"properties":{"name":"Asemakaava 12245","kind":"plan","ptype":"zoning","subtype":"Asemakaava","status":"vireilla","date":"2025-04-14","url":"https://kartta.hel.fi/","source":"Helsinki"}},{"type":"Feature","geometry":{"type":"Polygon","coordinates":[[[24.86896,60.21697],[24.86935,60.21722],[24.86844,60.21757],[24.86801,60.21734],[24.86896,60.21697]]]},"properties":{"name":"Asemakaava 13001","kind":"plan","ptype":"zoning","subtype":"Asemakaava","status":"vireilla","date":"2026-03-16","url":"https://kartta.hel.fi/","source":"Helsinki"}},{"type":"Feature","geometry":{"type":"Polygon","coordinates":[[[24.96756,60.22982],[24.96791,60.22966],[24.96829,60.22948],[24.96908,60.22991],[24.96857,60.23035],[24.96756,60.22982]]]},"properties":{"name":"Asemakaava 12780","kind":"plan","ptype":"zoning","subtype":"Asemakaava","status":"vireilla","date":"2022-08-23","url":"https://kartta.hel.fi/","source":"Helsinki"}},{"type":"Feature","geometry":{"type":"Polygon","coordinates":[[[24.90275,60.18776],[24.90276,60.18776],[24.90281,60.18779],[24.90286,60.18782],[24.90292,60.18784],[24.90299,60.18785],[24.90306,60.18786],[24.90313,60.18787],[24.90315,60.18787],[24.9032,60.18787],[24.90327,60.18787],[24.90334,60.18786],[24.90341,60.18785],[24.90348,60.18784],[24.90354,60.18782],[24.90358,60.1878],[24.90429,60.18747],[24.90429,60.18747],[24.9043,60.18747],[24.90431,60.18747],[24.90431,60.18747],[24.90432,60.18747],[24.90433,60.18747],[24.90433,60.18747],[24.90434,60.18747],[24.90435,60.18747],[24.90435,60.18747],[24.90435,60.18747],[24.90436,60.18747],[24.90436,60.18747],[24.90437,60.18748],[24.90437,60.18748],[24.90438,60.18748],[24.90438,60.18749],[24.90438,60.18749],[24.90438,60.18749],[24.90375,60.18799],[24.90366,60.1881],[24.90355,60.18822],[24.90305,60.18811],[24.90171,60.18891],[24.90164,60.18899],[24.9014,60.18928],[24.90027,60.18882],[24.90168,60.18796],[24.90209,60.18731],[24.90275,60.18776]]]},"properties":{"name":"Asemakaava 12956","kind":"plan","ptype":"zoning","subtype":"Asemakaava","status":"vireilla","date":"2025-06-04","url":"https://kartta.hel.fi/","source":"Helsinki"}},{"type":"Feature","geometry":{"type":"Polygon","coordinates":[[[24.88215,60.21876],[24.88215,60.21875],[24.88217,60.21872],[24.88218,60.21869],[24.88219,60.21866],[24.8823,60.21823],[24.88232,60.2182],[24.88233,60.21819],[24.88235,60.21816],[24.88236,60.21814],[24.88239,60.21812],[24.8824,60.2181],[24.88242,60.21807],[24.88243,60.21805],[24.8825,60.21792],[24.88254,60.21786],[24.88254,60.21785],[24.88256,60.2178],[24.88256,60.21779],[24.88257,60.21775],[24.88258,60.21771],[24.88258,60.2177],[24.88259,60.21767],[24.8826,60.21766],[24.88263,60.21761],[24.8828,60.21734],[24.88284,60.21727],[24.88292,60.21714],[24.88324,60.21669],[24.88332,60.21659],[24.88333,60.21658],[24.88341,60.21649],[24.88347,60.21642],[24.88348,60.21641],[24.88349,60.2164],[24.8835,60.21638],[24.88354,60.21632],[24.88354,60.21632],[24.88354,60.21632],[24.88355,60.21631],[24.88359,60.21627],[24.88367,60.2162],[24.88377,60.21607],[24.88427,60.21539],[24.88428,60.21538],[24.8843,60.21537],[24.88431,60.21536],[24.88433,60.21534],[24.88435,60.21532],[24.88436,60.21531],[24.88438,60.2153],[24.88439,60.21528],[24.88463,60.21495],[24.88464,60.21493],[24.88465,60.21491],[24.88465,60.2149],[24.88465,60.21487],[24.88465,60.21486],[24.88465,60.21485],[24.88466,60.21482],[24.88466,60.21481],[24.88467,60.21479],[24.88468,60.21476],[24.88512,60.21419],[24.88512,60.21419],[24.88513,60.21418],[24.88513,60.21418],[24.88514,60.21417],[24.88515,60.21417],[24.88517,60.21416],[24.88517,60.21416],[24.88518,60.21416],[24.88519,60.21416],[24.88521,60.21416],[24.88522,60.21416],[24.88523,60.21416],[24.88525,60.21416],[24.88525,60.21416],[24.8853,60.21417],[24.88531,60.21417],[24.88535,60.21418],[24.88537,60.21419],[24.88568,60.21429],[24.88573,60.21431],[24.88606,60.21446],[24.88613,60.2145],[24.88616,60.21451],[24.88618,60.21453],[24.8862,60.21454],[24.88622,60.21457],[24.88635,60.21471],[24.88638,60.21474],[24.88638,60.21475],[24.88639,60.21475],[24.88639,60.21475],[24.88641,60.21476],[24.88641,60.21477],[24.88642,60.21478],[24.88676,60.21496],[24.88683,60.21499],[24.88697,60.21506],[24.88704,60.21509],[24.8872,60.21514],[24.88795,60.21566],[24.88813,60.21578],[24.88721,60.21611],[24.88723,60.21648],[24.88724,60.21661],[24.88522,60.2172],[24.88525,60.21763],[24.88531,60.21854],[24.88533,60.21889],[24.88692,60.21887],[24.88692,60.21896],[24.88547,60.21898],[24.88524,60.21902],[24.88562,60.2196],[24.88624,60.21959],[24.88669,60.21981],[24.88718,60.22005],[24.8877,60.21979],[24.88728,60.21959],[24.88741,60.21952],[24.88749,60.21957],[24.88753,60.21959],[24.88757,60.21961],[24.88772,60.21968],[24.8883,60.21992],[24.88832,60.21992],[24.88819,60.21996],[24.8881,60.21994],[24.88562,60.22056],[24.88399,60.22104],[24.88394,60.22099],[24.88249,60.22133],[24.88185,60.22146],[24.88101,60.22163],[24.88044,60.22173],[24.88054,60.22158],[24.88138,60.22008],[24.88141,60.22005],[24.88142,60.22003],[24.88145,60.22001],[24.88149,60.21998],[24.88151,60.21996],[24.88158,60.2199],[24.88164,60.21978],[24.88173,60.21961],[24.88173,60.21957],[24.88173,60.21952],[24.88173,60.21951],[24.88215,60.21876]]]},"properties":{"name":"Asemakaava 12883","kind":"plan","ptype":"zoning","subtype":"Asemakaava","status":"vireilla","date":"2024-12-12","url":"https://kartta.hel.fi/","source":"Helsinki"}},{"type":"Feature","geometry":{"type":"Polygon","coordinates":[[[24.91304,60.15103],[24.90899,60.14805],[24.91491,60.14725],[24.91776,60.14986],[24.91516,60.15057],[24.91498,60.15042],[24.91304,60.15103]]]},"properties":{"name":"Asemakaava 12340","kind":"plan","ptype":"zoning","subtype":"Asemakaava","status":"vireilla","date":"2021-07-20","url":"https://kartta.hel.fi/","source":"Helsinki"}},{"type":"Feature","geometry":{"type":"Polygon","coordinates":[[[24.9939,60.24359],[24.99376,60.24356],[24.99379,60.24352],[24.99311,60.2434],[24.99308,60.24344],[24.99287,60.2434],[24.99277,60.24338],[24.99243,60.24333],[24.99253,60.24318],[24.99285,60.24273],[24.99333,60.24282],[24.99356,60.24271],[24.99409,60.24298],[24.99441,60.24315],[24.99472,60.24331],[24.99571,60.24383],[24.99582,60.24384],[24.99589,60.24385],[24.99593,60.24386],[24.99604,60.24388],[24.99605,60.24389],[24.99614,60.24392],[24.996,60.24398],[24.99595,60.24403],[24.99556,60.24432],[24.99531,60.24452],[24.99512,60.24466],[24.99497,60.24479],[24.99481,60.24493],[24.99441,60.24487],[24.99415,60.24528],[24.99331,60.24515],[24.99304,60.24512],[24.99336,60.24463],[24.99378,60.24399],[24.99398,60.24368],[24.99399,60.24367],[24.99399,60.24366],[24.99399,60.24365],[24.99399,60.24365],[24.99399,60.24364],[24.99398,60.24363],[24.99398,60.24362],[24.99397,60.24362],[24.99396,60.24361],[24.99395,60.2436],[24.99394,60.2436],[24.99392,60.24359],[24.9939,60.24359],[24.9939,60.24359]]]},"properties":{"name":"Asemakaava 12823","kind":"plan","ptype":"zoning","subtype":"Asemakaava","status":"vireilla","date":"2024-11-20","url":"https://kartta.hel.fi/","source":"Helsinki"}},{"type":"Feature","geometry":{"type":"Polygon","coordinates":[[[25.02699,60.2624],[25.02699,60.26239],[25.02699,60.26237],[25.02699,60.26236],[25.02698,60.26234],[25.02697,60.26232],[25.02697,60.26232],[25.02696,60.26231],[25.02694,60.26229],[25.02691,60.26228],[25.02689,60.26227],[25.02686,60.26226],[25.02654,60.26216],[25.02625,60.26208],[25.02598,60.26196],[25.0257,60.26184],[25.02518,60.2616],[25.02492,60.26147],[25.02436,60.2612],[25.02417,60.26111],[25.02397,60.26101],[25.02389,60.26097],[25.02356,60.26081],[25.02321,60.26064],[25.02297,60.26051],[25.02271,60.26038],[25.0224,60.26022],[25.02223,60.26014],[25.02202,60.26012],[25.02193,60.26002],[25.02194,60.25997],[25.02177,60.25988],[25.02202,60.25977],[25.02261,60.25961],[25.02296,60.25951],[25.02342,60.25938],[25.02427,60.25994],[25.02519,60.26054],[25.02638,60.26132],[25.02652,60.26143],[25.02726,60.26205],[25.02741,60.26198],[25.02763,60.26213],[25.02742,60.26229],[25.0273,60.2625],[25.02724,60.26264],[25.0269,60.26259],[25.02699,60.2624]]]},"properties":{"name":"Asemakaava 12710","kind":"plan","ptype":"zoning","subtype":"Asemakaava","status":"vireilla","date":"2022-02-23","url":"https://kartta.hel.fi/","source":"Helsinki"}},{"type":"Feature","geometry":{"type":"Polygon","coordinates":[[[24.85805,60.25292],[24.85839,60.25255],[24.85884,60.25265],[24.85902,60.25286],[24.85874,60.25317],[24.85873,60.25319],[24.85874,60.25325],[24.85791,60.25307],[24.85796,60.25302],[24.858,60.25297],[24.858,60.25296],[24.85801,60.25296],[24.85801,60.25295],[24.85802,60.25295],[24.85803,60.25293],[24.85805,60.25292]]]},"properties":{"name":"Asemakaava 13023","kind":"plan","ptype":"zoning","subtype":"Asemakaava","status":"vireilla","date":"2026-04-27","url":"https://kartta.hel.fi/","source":"Helsinki"}},{"type":"Feature","geometry":{"type":"Polygon","coordinates":[[[24.9405,60.15476],[24.94051,60.15477],[24.94052,60.15477],[24.94053,60.15478],[24.94054,60.15478],[24.94054,60.15478],[24.94055,60.15478],[24.94057,60.15479],[24.94058,60.15479],[24.94058,60.15479],[24.94056,60.15482],[24.94042,60.15481],[24.94031,60.1548],[24.94015,60.1548],[24.94005,60.1548],[24.93997,60.15481],[24.93936,60.15483],[24.93906,60.15486],[24.93849,60.15492],[24.93789,60.15502],[24.93765,60.15506],[24.93685,60.15526],[24.9368,60.15527],[24.9367,60.1553],[24.93655,60.15535],[24.93645,60.15539],[24.93642,60.15536],[24.93642,60.15536],[24.9364,60.15536],[24.93639,60.15535],[24.93639,60.15535],[24.93638,60.15535],[24.93636,60.15534],[24.93635,60.15534],[24.93635,60.15534],[24.93601,60.1553],[24.93601,60.1553],[24.93599,60.15529],[24.93598,60.15529],[24.93597,60.15529],[24.93587,60.15526],[24.93587,60.15526],[24.93586,60.15526],[24.93585,60.15526],[24.93585,60.15526],[24.93546,60.15521],[24.93544,60.15521],[24.93542,60.15521],[24.93541,60.15521],[24.9354,60.15521],[24.93538,60.15521],[24.93537,60.15521],[24.93535,60.15521],[24.93532,60.15522],[24.93532,60.15522],[24.93531,60.15523],[24.9353,60.15523],[24.93529,60.15523],[24.93529,60.15524],[24.93528,60.15524],[24.93528,60.15525],[24.93528,60.15525],[24.93525,60.1553],[24.93484,60.15523],[24.93484,60.15523],[24.93485,60.15522],[24.93485,60.15521],[24.93485,60.1552],[24.93485,60.15519],[24.93484,60.15518],[24.93484,60.15517],[24.93482,60.15515],[24.93482,60.15515],[24.93481,60.15514],[24.9348,60.15513],[24.9348,60.15513],[24.93478,60.15512],[24.93478,60.15512],[24.93471,60.15509],[24.93463,60.15506],[24.93462,60.15506],[24.93452,60.15504],[24.93446,60.15502],[24.93283,60.15477],[24.93167,60.15459],[24.9312,60.15451],[24.93097,60.15487],[24.93087,60.15485],[24.93101,60.15463],[24.92978,60.15444],[24.92968,60.15442],[24.9294,60.15439],[24.9293,60.15439],[24.92912,60.15438],[24.92884,60.15439],[24.92882,60.15439],[24.9262,60.15458],[24.92649,60.1556],[24.92618,60.15562],[24.92529,60.15568],[24.91707,60.14801],[24.92525,60.14295],[24.93391,60.14642],[24.9318,60.14997],[24.93528,60.15321],[24.93963,60.15321],[24.93966,60.15329],[24.94106,60.15334],[24.94186,60.1534],[24.94253,60.15347],[24.94255,60.1534],[24.9434,60.15348],[24.94338,60.15354],[24.94354,60.15356],[24.94329,60.15408],[24.94324,60.15419],[24.94295,60.15415],[24.94294,60.15414],[24.9428,60.15413],[24.94268,60.15412],[24.94264,60.15412],[24.94227,60.1541],[24.94194,60.1541],[24.9419,60.1541],[24.94167,60.15411],[24.9415,60.15412],[24.94141,60.15413],[24.94116,60.15417],[24.94113,60.15418],[24.94108,60.15419],[24.94104,60.1542],[24.94036,60.15441],[24.94052,60.15458],[24.94039,60.15462],[24.94038,60.15462],[24.94038,60.15462],[24.94037,60.15463],[24.94037,60.15463],[24.94036,60.15463],[24.94036,60.15464],[24.94036,60.15464],[24.94036,60.15464],[24.94036,60.15464],[24.94036,60.15465],[24.94036,60.15465],[24.94036,60.15465],[24.94037,60.15466],[24.94037,60.15466],[24.9405,60.15476]]]},"properties":{"name":"Asemakaava 12864","kind":"plan","ptype":"zoning","subtype":"Asemakaava","status":"vireilla","date":"2025-10-09","url":"https://kartta.hel.fi/","source":"Helsinki"}},{"type":"Feature","geometry":{"type":"Polygon","coordinates":[[[24.95533,60.19078],[24.95525,60.19081],[24.95516,60.19083],[24.95518,60.19084],[24.95504,60.19088],[24.95485,60.19094],[24.95453,60.19104],[24.95451,60.19102],[24.95442,60.19105],[24.95433,60.19107],[24.95414,60.19093],[24.95433,60.19087],[24.95432,60.19085],[24.95468,60.19075],[24.95481,60.1907],[24.95514,60.19061],[24.95533,60.19078]]]},"properties":{"name":"Asemakaava 12699","kind":"plan","ptype":"zoning","subtype":"Asemakaava","status":"vireilla","date":"2021-08-24","url":"https://kartta.hel.fi/","source":"Helsinki"}},{"type":"Feature","geometry":{"type":"Polygon","coordinates":[[[24.94089,60.19621],[24.94167,60.19617],[24.94168,60.1966],[24.9415,60.1966],[24.94096,60.19659],[24.94089,60.19621]]]},"properties":{"name":"Asemakaava 12967","kind":"plan","ptype":"zoning","subtype":"Asemakaava","status":"vireilla","date":"2025-12-10","url":"https://kartta.hel.fi/","source":"Helsinki"}},{"type":"Feature","geometry":{"type":"Polygon","coordinates":[[[24.90415,60.21046],[24.90482,60.2105],[24.90562,60.21024],[24.90621,60.21069],[24.9054,60.21095],[24.90378,60.211],[24.90415,60.21046]]]},"properties":{"name":"Asemakaava 12833","kind":"plan","ptype":"zoning","subtype":"Asemakaava","status":"vireilla","date":"2024-05-23","url":"https://kartta.hel.fi/","source":"Helsinki"}},{"type":"Feature","geometry":{"type":"Polygon","coordinates":[[[25.11828,60.19645],[25.11824,60.19626],[25.11837,60.19621],[25.11898,60.1958],[25.11871,60.1957],[25.11752,60.19526],[25.11741,60.19522],[25.11748,60.19517],[25.11767,60.19506],[25.11875,60.19435],[25.1188,60.19432],[25.11882,60.19431],[25.11889,60.19426],[25.11947,60.19388],[25.12308,60.19522],[25.12209,60.19557],[25.122,60.19561],[25.12171,60.19571],[25.12191,60.19583],[25.12162,60.19596],[25.12135,60.1959],[25.12042,60.19623],[25.12041,60.19627],[25.1203,60.19629],[25.11988,60.19613],[25.11974,60.19613],[25.11897,60.19647],[25.11885,60.19653],[25.1183,60.19655],[25.11828,60.19645]]]},"properties":{"name":"Asemakaava 12960","kind":"plan","ptype":"zoning","subtype":"Asemakaava","status":"vireilla","date":"2025-09-11","url":"https://kartta.hel.fi/","source":"Helsinki"}},{"type":"Feature","geometry":{"type":"Polygon","coordinates":[[[25.01171,60.24643],[25.01154,60.24637],[25.01071,60.24608],[25.01064,60.24614],[25.01055,60.24611],[25.01094,60.24583],[25.01111,60.24571],[25.01129,60.24558],[25.01228,60.24542],[25.01265,60.24517],[25.01315,60.24484],[25.01389,60.24421],[25.01369,60.24415],[25.01387,60.24402],[25.01415,60.24329],[25.01417,60.24324],[25.01398,60.24322],[25.01405,60.24304],[25.01446,60.24304],[25.01455,60.24305],[25.01462,60.24305],[25.01507,60.24309],[25.01531,60.24315],[25.01545,60.24314],[25.01582,60.24337],[25.01614,60.24345],[25.01652,60.24354],[25.01736,60.24384],[25.01837,60.24457],[25.01846,60.24473],[25.01816,60.24479],[25.01772,60.24486],[25.01743,60.24494],[25.01708,60.24497],[25.01677,60.24507],[25.01618,60.24521],[25.01576,60.24544],[25.01547,60.24551],[25.01492,60.24562],[25.01466,60.24571],[25.01448,60.24576],[25.01421,60.24577],[25.01366,60.24592],[25.01352,60.24594],[25.0133,60.24592],[25.01294,60.24585],[25.01278,60.24594],[25.01264,60.24603],[25.01222,60.2463],[25.01201,60.24627],[25.01177,60.24624],[25.01171,60.24643]]]},"properties":{"name":"Asemakaava 13008","kind":"plan","ptype":"zoning","subtype":"Asemakaava","status":"vireilla","date":"2026-05-06","url":"https://kartta.hel.fi/","source":"Helsinki"}},{"type":"Feature","geometry":{"type":"Polygon","coordinates":[[[24.85433,60.24575],[24.85488,60.24588],[24.85422,60.24657],[24.85349,60.24639],[24.85336,60.24631],[24.85299,60.24598],[24.85237,60.24532],[24.85255,60.24513],[24.85208,60.24502],[24.85195,60.24488],[24.85207,60.24474],[24.85226,60.24464],[24.85344,60.24492],[24.85347,60.24493],[24.85352,60.24494],[24.85356,60.24496],[24.85357,60.24497],[24.85359,60.24498],[24.85362,60.245],[24.85365,60.24503],[24.85365,60.24504],[24.85369,60.24508],[24.85405,60.24559],[24.85406,60.24561],[24.85409,60.24564],[24.85413,60.24567],[24.85416,60.24568],[24.85418,60.24569],[24.85423,60.24572],[24.85429,60.24574],[24.85433,60.24575]]]},"properties":{"name":"Asemakaava 12897","kind":"plan","ptype":"zoning","subtype":"Asemakaava","status":"vireilla","date":"2024-08-05","url":"https://kartta.hel.fi/","source":"Helsinki"}},{"type":"Feature","geometry":{"type":"Polygon","coordinates":[[[24.87311,60.24404],[24.87297,60.24409],[24.87236,60.24431],[24.87217,60.24418],[24.87024,60.24286],[24.87105,60.24257],[24.87142,60.24259],[24.87147,60.24257],[24.87256,60.24332],[24.873,60.24316],[24.87308,60.24322],[24.87297,60.24326],[24.87242,60.24346],[24.87253,60.24353],[24.8725,60.24362],[24.87293,60.24391],[24.87311,60.24404]]]},"properties":{"name":"Asemakaava 12827","kind":"plan","ptype":"zoning","subtype":"Asemakaava","status":"vireilla","date":"2023-08-04","url":"https://kartta.hel.fi/","source":"Helsinki"}},{"type":"Feature","geometry":{"type":"Polygon","coordinates":[[[24.93322,60.16378],[24.93277,60.16362],[24.93233,60.16347],[24.93271,60.16319],[24.93294,60.16303],[24.93428,60.1635],[24.93366,60.16394],[24.93322,60.16378]]]},"properties":{"name":"Asemakaava 12974","kind":"plan","ptype":"zoning","subtype":"Asemakaava","status":"vireilla","date":"2025-10-31","url":"https://kartta.hel.fi/","source":"Helsinki"}},{"type":"Feature","geometry":{"type":"Polygon","coordinates":[[[25.08648,60.21451],[25.08708,60.21467],[25.08713,60.21468],[25.08728,60.21473],[25.08808,60.21495],[25.08868,60.21511],[25.08902,60.2152],[25.08876,60.21544],[25.08816,60.21528],[25.08764,60.21575],[25.08726,60.21564],[25.08577,60.21601],[25.08517,60.21585],[25.08553,60.2153],[25.08587,60.21479],[25.08626,60.21445],[25.08648,60.21451]]]},"properties":{"name":"Asemakaava 13007","kind":"plan","ptype":"zoning","subtype":"Asemakaava","status":"vireilla","date":"2026-05-11","url":"https://kartta.hel.fi/","source":"Helsinki"}},{"type":"Feature","geometry":{"type":"Polygon","coordinates":[[[24.88391,60.20103],[24.88406,60.20104],[24.88389,60.20142],[24.88451,60.20158],[24.88495,60.20185],[24.88352,60.20226],[24.88314,60.20231],[24.88302,60.20196],[24.88376,60.20125],[24.88385,60.20126],[24.88391,60.20103]]]},"properties":{"name":"Asemakaava 12941","kind":"plan","ptype":"zoning","subtype":"Asemakaava","status":"vireilla","date":"2026-04-15","url":"https://kartta.hel.fi/","source":"Helsinki"}},{"type":"Feature","geometry":{"type":"Polygon","coordinates":[[[24.88597,60.15453],[24.88697,60.15396],[24.88763,60.15402],[24.8877,60.15405],[24.88636,60.15481],[24.8863,60.15478],[24.88597,60.15453]]]},"properties":{"name":"Asemakaava 13018","kind":"plan","ptype":"zoning","subtype":"Asemakaava","status":"vireilla","date":"2026-05-11","url":"https://kartta.hel.fi/","source":"Helsinki"}},{"type":"Feature","geometry":{"type":"Polygon","coordinates":[[[25.0009,60.25591],[25.00097,60.25588],[25.00138,60.25569],[25.00142,60.25566],[25.00168,60.25574],[25.00195,60.25579],[25.00217,60.25586],[25.0017,60.25618],[25.00149,60.25627],[25.00147,60.25633],[25.00125,60.25616],[25.0009,60.25591]]]},"properties":{"name":"Asemakaava 12819","kind":"plan","ptype":"zoning","subtype":"Asemakaava","status":"vireilla","date":"2023-04-04","url":"https://kartta.hel.fi/","source":"Helsinki"}},{"type":"Feature","geometry":{"type":"Polygon","coordinates":[[[25.13646,60.22209],[25.13615,60.22222],[25.1353,60.22257],[25.13514,60.22248],[25.13514,60.22249],[25.13512,60.22249],[25.1351,60.2225],[25.13507,60.2225],[25.13505,60.2225],[25.13503,60.22251],[25.135,60.2225],[25.135,60.2225],[25.13498,60.2225],[25.13496,60.2225],[25.13494,60.22249],[25.13492,60.22249],[25.1349,60.22248],[25.13488,60.22247],[25.13488,60.22247],[25.13479,60.2224],[25.13466,60.2223],[25.13445,60.22209],[25.13429,60.22186],[25.13428,60.22184],[25.1342,60.22163],[25.13417,60.2214],[25.13418,60.22123],[25.13432,60.22047],[25.13432,60.22047],[25.13433,60.22046],[25.13433,60.22045],[25.13434,60.22045],[25.13435,60.22044],[25.13436,60.22043],[25.13436,60.22043],[25.13438,60.22042],[25.13439,60.22042],[25.13441,60.22042],[25.13443,60.22041],[25.13445,60.22041],[25.13565,60.22033],[25.13567,60.22033],[25.13603,60.22031],[25.13633,60.2203],[25.13641,60.2203],[25.13646,60.2203],[25.13656,60.22081],[25.13837,60.22072],[25.1385,60.22072],[25.13898,60.22069],[25.13954,60.22066],[25.1397,60.22066],[25.1396,60.22022],[25.14046,60.22017],[25.14064,60.22103],[25.14074,60.22102],[25.1413,60.22157],[25.14164,60.22191],[25.14118,60.22193],[25.13997,60.22199],[25.13883,60.22205],[25.13882,60.22205],[25.1386,60.22206],[25.13859,60.22201],[25.13859,60.22201],[25.13859,60.222],[25.13858,60.22199],[25.13857,60.22198],[25.13855,60.22197],[25.13854,60.22196],[25.13853,60.22195],[25.13852,60.22195],[25.1385,60.22194],[25.13848,60.22194],[25.13846,60.22193],[25.13843,60.22193],[25.13841,60.22193],[25.13839,60.22193],[25.13687,60.222],[25.13685,60.22201],[25.13675,60.22201],[25.13665,60.22203],[25.13665,60.22203],[25.13656,60.22205],[25.13648,60.22208],[25.13646,60.22209]]]},"properties":{"name":"Asemakaava 12673","kind":"plan","ptype":"zoning","subtype":"Asemakaava","status":"vireilla","date":"2025-01-03","url":"https://kartta.hel.fi/","source":"Helsinki"}},{"type":"Feature","geometry":{"type":"Polygon","coordinates":[[[24.88587,60.21245],[24.88564,60.21267],[24.88559,60.21271],[24.88538,60.21289],[24.88536,60.2129],[24.88533,60.21292],[24.88532,60.21292],[24.88529,60.21293],[24.88525,60.21295],[24.88524,60.21295],[24.88522,60.21296],[24.88521,60.21296],[24.8852,60.21296],[24.88518,60.21296],[24.88517,60.21296],[24.88517,60.21296],[24.88515,60.21296],[24.88514,60.21296],[24.88513,60.21296],[24.88444,60.21282],[24.88441,60.21282],[24.88439,60.21281],[24.88437,60.21281],[24.88426,60.2128],[24.88415,60.21278],[24.88397,60.21191],[24.88395,60.21153],[24.88471,60.21141],[24.8851,60.21136],[24.88544,60.21132],[24.88586,60.21127],[24.88598,60.21125],[24.88654,60.21118],[24.88707,60.21132],[24.88699,60.2114],[24.88675,60.21134],[24.88652,60.21128],[24.88618,60.21132],[24.88554,60.21194],[24.88612,60.21209],[24.88624,60.21212],[24.88589,60.21246],[24.88587,60.21245]]]},"properties":{"name":"Asemakaava 12946","kind":"plan","ptype":"zoning","subtype":"Asemakaava","status":"vireilla","date":"2026-02-05","url":"https://kartta.hel.fi/","source":"Helsinki"}},{"type":"Feature","geometry":{"type":"Polygon","coordinates":[[[24.94337,60.20059],[24.94211,60.20044],[24.9419,60.20042],[24.94002,60.2002],[24.93999,60.20019],[24.93994,60.20019],[24.93989,60.20019],[24.93989,60.20019],[24.93985,60.2002],[24.9398,60.2002],[24.93977,60.20021],[24.93986,60.20002],[24.94091,60.20014],[24.94197,60.20027],[24.94218,60.20029],[24.9424,60.19982],[24.94245,60.19971],[24.94251,60.19958],[24.94267,60.19924],[24.9433,60.19932],[24.94394,60.19939],[24.94337,60.20059]]]},"properties":{"name":"Asemakaava 12797","kind":"plan","ptype":"zoning","subtype":"Asemakaava","status":"vireilla","date":"2022-10-28","url":"https://kartta.hel.fi/","source":"Helsinki"}},{"type":"Feature","geometry":{"type":"Polygon","coordinates":[[[24.92792,60.16927],[24.92852,60.16894],[24.92908,60.16913],[24.9297,60.16934],[24.9292,60.16971],[24.92953,60.16982],[24.92937,60.16993],[24.92905,60.17016],[24.92888,60.17029],[24.92857,60.17019],[24.92779,60.16995],[24.92708,60.16973],[24.92674,60.16962],[24.92691,60.16951],[24.92704,60.16942],[24.92718,60.16932],[24.92725,60.16934],[24.92759,60.16916],[24.92792,60.16927]]]},"properties":{"name":"Asemakaava 12989","kind":"plan","ptype":"zoning","subtype":"Asemakaava","status":"vireilla","date":"2026-03-13","url":"https://kartta.hel.fi/","source":"Helsinki"}},{"type":"Feature","geometry":{"type":"Polygon","coordinates":[[[24.99207,60.25168],[24.99205,60.25157],[24.99201,60.25139],[24.99228,60.25082],[24.99215,60.2508],[24.99217,60.25075],[24.99507,60.25051],[24.99526,60.25056],[24.99534,60.25059],[24.99534,60.25108],[24.99516,60.25132],[24.99294,60.25181],[24.99268,60.25187],[24.99241,60.25193],[24.99228,60.25167],[24.99221,60.25168],[24.99217,60.25168],[24.99207,60.25168]]]},"properties":{"name":"Asemakaava 12273","kind":"plan","ptype":"zoning","subtype":"Asemakaava","status":"vireilla","date":"2023-11-17","url":"https://kartta.hel.fi/","source":"Helsinki"}},{"type":"Feature","geometry":{"type":"Polygon","coordinates":[[[24.96314,60.14868],[24.96331,60.1486],[24.96598,60.14858],[24.98362,60.13732],[24.9922,60.13732],[24.9917,60.14002],[24.99719,60.14173],[24.99799,60.14198],[24.99321,60.15411],[24.99262,60.15513],[24.99058,60.15585],[24.98884,60.15575],[24.98754,60.15548],[24.98714,60.15468],[24.97814,60.15396],[24.96348,60.15288],[24.96264,60.15082],[24.96314,60.14868]]]},"properties":{"name":"Asemakaava 12830","kind":"plan","ptype":"zoning","subtype":"Asemakaava","status":"vireilla","date":"2025-02-27","url":"https://kartta.hel.fi/","source":"Helsinki"}},{"type":"Feature","geometry":{"type":"Polygon","coordinates":[[[25.01585,60.25345],[25.01617,60.25338],[25.01626,60.25336],[25.01655,60.25331],[25.01674,60.25327],[25.01728,60.25362],[25.01777,60.25368],[25.01792,60.25388],[25.01724,60.254],[25.01686,60.25411],[25.01585,60.25345]]]},"properties":{"name":"Asemakaava 12894","kind":"plan","ptype":"zoning","subtype":"Asemakaava","status":"vireilla","date":"2024-09-24","url":"https://kartta.hel.fi/","source":"Helsinki"}},{"type":"Feature","geometry":{"type":"Polygon","coordinates":[[[24.94101,60.17826],[24.94076,60.17811],[24.94077,60.17811],[24.94083,60.17805],[24.94085,60.17803],[24.94091,60.17799],[24.94097,60.17795],[24.94129,60.17778],[24.94153,60.17767],[24.94213,60.17741],[24.94237,60.17754],[24.94283,60.17734],[24.94257,60.17719],[24.94268,60.17714],[24.94332,60.17687],[24.94392,60.17661],[24.94398,60.17659],[24.94409,60.17655],[24.94413,60.17654],[24.94425,60.17651],[24.94429,60.1765],[24.94441,60.17647],[24.94506,60.1764],[24.94519,60.17638],[24.9457,60.17632],[24.94613,60.17627],[24.9467,60.1762],[24.94711,60.17615],[24.94754,60.1761],[24.94769,60.17608],[24.94816,60.17607],[24.9495,60.17609],[24.94963,60.17609],[24.94999,60.1761],[24.94999,60.17611],[24.94997,60.17637],[24.94935,60.17636],[24.94344,60.17773],[24.94242,60.17797],[24.94101,60.17826]]]},"properties":{"name":"Asemakaava 11803","kind":"plan","ptype":"zoning","subtype":"Asemakaava","status":"vireilla","date":"2013-04-05","url":"https://kartta.hel.fi/","source":"Helsinki"}},{"type":"Feature","geometry":{"type":"Polygon","coordinates":[[[24.96583,60.21948],[24.96508,60.21947],[24.96512,60.21871],[24.96535,60.21871],[24.96571,60.21854],[24.96613,60.21855],[24.96612,60.21862],[24.96617,60.21869],[24.96617,60.21875],[24.96613,60.21934],[24.96613,60.21935],[24.96612,60.21937],[24.96611,60.21939],[24.96609,60.21941],[24.96607,60.21942],[24.96605,60.21944],[24.96604,60.21944],[24.96602,60.21945],[24.96599,60.21946],[24.96595,60.21947],[24.96592,60.21947],[24.96588,60.21948],[24.96584,60.21948],[24.96583,60.21948]]]},"properties":{"name":"Asemakaava 13015","kind":"plan","ptype":"zoning","subtype":"Asemakaava","status":"vireilla","date":"2026-05-11","url":"https://kartta.hel.fi/","source":"Helsinki"}},{"type":"Feature","geometry":{"type":"Polygon","coordinates":[[[25.08736,60.21859],[25.08735,60.21859],[25.08734,60.21859],[25.0854,60.21851],[25.08541,60.21844],[25.08558,60.21814],[25.08607,60.21726],[25.0869,60.21727],[25.08688,60.21772],[25.08781,60.21787],[25.08743,60.21848],[25.08736,60.21859]]]},"properties":{"name":"Asemakaava 12918","kind":"plan","ptype":"zoning","subtype":"Asemakaava","status":"vireilla","date":"2024-12-09","url":"https://kartta.hel.fi/","source":"Helsinki"}},{"type":"Feature","geometry":{"type":"Polygon","coordinates":[[[24.90803,60.16116],[24.90793,60.16115],[24.90797,60.16104],[24.90817,60.16079],[24.90909,60.16103],[24.91298,60.16144],[24.91293,60.16177],[24.91289,60.16177],[24.91288,60.16182],[24.9128,60.16182],[24.91281,60.16176],[24.91115,60.16159],[24.91109,60.16173],[24.91102,60.16226],[24.91095,60.16225],[24.91094,60.16232],[24.90985,60.16229],[24.90984,60.16237],[24.90947,60.16235],[24.90839,60.16232],[24.90842,60.16221],[24.90818,60.1622],[24.90759,60.16209],[24.90744,60.16198],[24.90752,60.16185],[24.90782,60.16138],[24.90798,60.16125],[24.90803,60.16116]]]},"properties":{"name":"Asemakaava 12735","kind":"plan","ptype":"zoning","subtype":"Asemakaava","status":"vireilla","date":"2022-03-25","url":"https://kartta.hel.fi/","source":"Helsinki"}},{"type":"Feature","geometry":{"type":"Polygon","coordinates":[[[24.94588,60.20646],[24.94589,60.20648],[24.9459,60.20654],[24.94591,60.20662],[24.94591,60.20668],[24.94591,60.20669],[24.94592,60.2067],[24.94592,60.20671],[24.94593,60.20672],[24.94594,60.20673],[24.94595,60.20673],[24.94596,60.20674],[24.94598,60.20675],[24.946,60.20675],[24.94602,60.20676],[24.94603,60.20676],[24.94611,60.20677],[24.94615,60.20678],[24.94622,60.20679],[24.94623,60.20679],[24.94631,60.20679],[24.94633,60.20679],[24.94655,60.20679],[24.94727,60.20694],[24.9473,60.20694],[24.94732,60.20692],[24.94756,60.20698],[24.94754,60.207],[24.94746,60.20709],[24.94707,60.2075],[24.94738,60.20758],[24.94747,60.2077],[24.94721,60.20798],[24.94786,60.20817],[24.94708,60.20866],[24.94866,60.20928],[24.9486,60.20932],[24.94848,60.20943],[24.94836,60.2095],[24.94817,60.20959],[24.9481,60.20963],[24.9474,60.20935],[24.94665,60.20906],[24.94664,60.20905],[24.94652,60.20901],[24.94644,60.20899],[24.94639,60.20898],[24.94625,60.20896],[24.9462,60.20895],[24.94569,60.2089],[24.9456,60.20889],[24.94532,60.20886],[24.94523,60.20885],[24.94514,60.20884],[24.94486,60.20881],[24.9438,60.2087],[24.94359,60.20867],[24.94367,60.20849],[24.94326,60.20826],[24.94341,60.20828],[24.94345,60.20828],[24.94365,60.2083],[24.94436,60.20837],[24.94452,60.20839],[24.94457,60.20839],[24.94478,60.2084],[24.9448,60.2084],[24.94484,60.2084],[24.94489,60.20839],[24.94489,60.20839],[24.94491,60.20839],[24.94492,60.20839],[24.94493,60.20839],[24.94494,60.20839],[24.94494,60.20838],[24.94495,60.20838],[24.94495,60.20838],[24.94496,60.20837],[24.94497,60.20837],[24.94497,60.20836],[24.94497,60.20836],[24.94503,60.20823],[24.94507,60.20812],[24.94508,60.20807],[24.94509,60.20794],[24.94509,60.20791],[24.94505,60.20705],[24.94504,60.20696],[24.94502,60.20682],[24.94502,60.20676],[24.94503,60.20666],[24.94505,60.20659],[24.94508,60.20649],[24.9451,60.20643],[24.94511,60.20639],[24.94511,60.20631],[24.94511,60.20629],[24.94585,60.20629],[24.94585,60.20631],[24.94586,60.20638],[24.94588,60.20644],[24.94588,60.20646]]]},"properties":{"name":"Asemakaava 12963","kind":"plan","ptype":"zoning","subtype":"Asemakaava","status":"vireilla","date":"2026-06-11","url":"https://kartta.hel.fi/","source":"Helsinki"}},{"type":"Feature","geometry":{"type":"Polygon","coordinates":[[[25.08442,60.20829],[25.08306,60.20791],[25.08404,60.20703],[25.08399,60.20679],[25.08332,60.20661],[25.08375,60.20622],[25.08437,60.20566],[25.08456,60.20564],[25.08507,60.20595],[25.08606,60.20555],[25.0865,60.20567],[25.08743,60.20593],[25.08775,60.20601],[25.08779,60.20615],[25.08785,60.20638],[25.08876,60.20662],[25.08861,60.2075],[25.08856,60.20779],[25.08837,60.20774],[25.08816,60.20768],[25.08799,60.20763],[25.08736,60.20769],[25.08719,60.20784],[25.08711,60.20782],[25.08681,60.20774],[25.08578,60.20783],[25.08556,60.20803],[25.08552,60.20807],[25.08519,60.20798],[25.08472,60.20802],[25.08442,60.20829]]]},"properties":{"name":"Asemakaava 11569","kind":"plan","ptype":"zoning","subtype":"Asemakaava","status":"vireilla","date":"2017-10-19","url":"https://kartta.hel.fi/","source":"Helsinki"}},{"type":"Feature","geometry":{"type":"Polygon","coordinates":[[[25.06406,60.22215],[25.06419,60.22216],[25.06427,60.22154],[25.06548,60.22158],[25.06536,60.22243],[25.06412,60.22239],[25.06403,60.22239],[25.06406,60.22215]]]},"properties":{"name":"Asemakaava 12886","kind":"plan","ptype":"zoning","subtype":"Asemakaava","status":"vireilla","date":"2024-05-20","url":"https://kartta.hel.fi/","source":"Helsinki"}},{"type":"Feature","geometry":{"type":"Polygon","coordinates":[[[24.95513,60.15905],[24.95512,60.15908],[24.95511,60.15912],[24.95512,60.15915],[24.95512,60.15916],[24.95514,60.1592],[24.95516,60.15924],[24.95518,60.15925],[24.95518,60.15926],[24.95518,60.15926],[24.95519,60.15927],[24.95535,60.1594],[24.9555,60.15934],[24.95556,60.15933],[24.95566,60.1593],[24.95638,60.15995],[24.95653,60.15993],[24.9569,60.15998],[24.95762,60.16007],[24.95831,60.16015],[24.95914,60.15965],[24.95929,60.15967],[24.95998,60.15975],[24.96051,60.15982],[24.96061,60.15976],[24.96063,60.15975],[24.96073,60.15967],[24.96076,60.15964],[24.96085,60.15957],[24.96093,60.15947],[24.96094,60.15946],[24.96151,60.15876],[24.96213,60.15887],[24.96164,60.15946],[24.96294,60.1598],[24.9556,60.1646],[24.95449,60.16456],[24.95425,60.16421],[24.95393,60.16383],[24.95343,60.16366],[24.95587,60.16203],[24.95598,60.16193],[24.95609,60.16182],[24.95616,60.16141],[24.95605,60.16121],[24.956,60.16113],[24.95604,60.16111],[24.95581,60.16073],[24.95591,60.16071],[24.95562,60.16021],[24.95535,60.15974],[24.95496,60.15907],[24.95513,60.15905]]]},"properties":{"name":"Asemakaava 12899","kind":"plan","ptype":"zoning","subtype":"Asemakaava","status":"vireilla","date":"2026-06-11","url":"https://kartta.hel.fi/","source":"Helsinki"}},{"type":"Feature","geometry":{"type":"Polygon","coordinates":[[[25.01542,60.1627],[25.01646,60.1625],[25.01647,60.1625],[25.01648,60.1625],[25.0165,60.1625],[25.0165,60.1625],[25.01651,60.1625],[25.01653,60.1625],[25.01654,60.1625],[25.01655,60.1625],[25.01656,60.1625],[25.01659,60.16251],[25.01661,60.16252],[25.01661,60.16253],[25.01664,60.16254],[25.01666,60.16255],[25.01666,60.16256],[25.01758,60.16338],[25.01783,60.16355],[25.01797,60.16365],[25.01809,60.16374],[25.01752,60.16498],[25.01713,60.16505],[25.01536,60.16277],[25.01535,60.16276],[25.01535,60.16276],[25.01535,60.16275],[25.01535,60.16274],[25.01535,60.16274],[25.01536,60.16273],[25.01536,60.16273],[25.01536,60.16272],[25.01537,60.16272],[25.01538,60.16271],[25.01539,60.16271],[25.0154,60.1627],[25.01542,60.1627],[25.01542,60.1627]]]},"properties":{"name":"Asemakaava 12971","kind":"plan","ptype":"zoning","subtype":"Asemakaava","status":"vireilla","date":"2026-06-03","url":"https://kartta.hel.fi/","source":"Helsinki"}},{"type":"Feature","geometry":{"type":"Polygon","coordinates":[[[25.07324,60.26106],[25.07369,60.26089],[25.074,60.26072],[25.07297,60.26061],[25.07296,60.26059],[25.07296,60.26058],[25.07291,60.26043],[25.07291,60.26042],[25.0729,60.26039],[25.07288,60.26035],[25.07288,60.26034],[25.07286,60.26026],[25.07283,60.26018],[25.0727,60.2601],[25.07302,60.26003],[25.07264,60.25955],[25.07198,60.25891],[25.07167,60.25857],[25.07134,60.25807],[25.07102,60.25812],[25.071,60.25788],[25.07201,60.25771],[25.07214,60.25796],[25.07364,60.25896],[25.07453,60.25889],[25.07505,60.2587],[25.07548,60.25899],[25.0756,60.25907],[25.07562,60.25929],[25.0757,60.25938],[25.07578,60.25935],[25.07604,60.25953],[25.07622,60.25946],[25.07635,60.25955],[25.07681,60.25915],[25.0769,60.25917],[25.07791,60.25936],[25.07865,60.25986],[25.07747,60.26029],[25.07725,60.26032],[25.07727,60.26025],[25.07642,60.25968],[25.07578,60.25992],[25.07605,60.26009],[25.07485,60.26054],[25.07398,60.26086],[25.07385,60.26094],[25.07331,60.26114],[25.07327,60.2611],[25.07324,60.26106]],[[25.07424,60.26025],[25.07337,60.26003],[25.07324,60.2603],[25.07409,60.26052],[25.07416,60.26036],[25.0742,60.2603],[25.07423,60.26026],[25.07424,60.26025]]]},"properties":{"name":"Asemakaava 12890","kind":"plan","ptype":"zoning","subtype":"Asemakaava","status":"vireilla","date":"2024-11-28","url":"https://kartta.hel.fi/","source":"Helsinki"}},{"type":"Feature","geometry":{"type":"MultiPolygon","coordinates":[[[[25.04906,60.16424],[25.04933,60.16416],[25.04997,60.16395],[25.05022,60.16411],[25.04965,60.16434],[25.0494,60.16445],[25.04906,60.16424]]],[[[25.05701,60.1636],[25.05704,60.16354],[25.05734,60.16361],[25.0575,60.16356],[25.05771,60.16339],[25.05805,60.16344],[25.05763,60.16379],[25.05701,60.1636]]],[[[25.06269,60.16333],[25.06269,60.16334],[25.0627,60.16334],[25.06271,60.16334],[25.06272,60.16334],[25.06273,60.16335],[25.06274,60.16335],[25.06274,60.16336],[25.06274,60.16336],[25.06275,60.16336],[25.06275,60.16337],[25.06276,60.16337],[25.06276,60.16338],[25.06276,60.16338],[25.06275,60.16339],[25.06264,60.16361],[25.06207,60.16354],[25.06219,60.16328],[25.06269,60.16333]]],[[[25.05236,60.16438],[25.05195,60.16413],[25.0517,60.16397],[25.05209,60.16382],[25.05229,60.16394],[25.05251,60.16408],[25.05274,60.16423],[25.05236,60.16438]]],[[[25.05969,60.1638],[25.05924,60.16375],[25.05865,60.16368],[25.05878,60.16341],[25.05936,60.16349],[25.05995,60.16356],[25.05985,60.16376],[25.05985,60.16376],[25.05984,60.16377],[25.05983,60.16377],[25.05982,60.16378],[25.05981,60.16379],[25.0598,60.16379],[25.05979,60.1638],[25.05979,60.1638],[25.05977,60.1638],[25.05976,60.1638],[25.05974,60.16381],[25.05972,60.16381],[25.05971,60.16381],[25.05969,60.1638]]],[[[25.06283,60.16321],[25.06283,60.16321],[25.06283,60.16322],[25.06282,60.16323],[25.06282,60.16323],[25.06281,60.16324],[25.0628,60.16324],[25.06279,60.16324],[25.06279,60.16324],[25.06278,60.16324],[25.06277,60.16325],[25.06276,60.16325],[25.06275,60.16325],[25.06273,60.16325],[25.06272,60.16325],[25.06224,60.16319],[25.06236,60.16293],[25.06294,60.163],[25.06283,60.16321]]],[[[25.05129,60.16644],[25.051,60.16622],[25.05116,60.16619],[25.05128,60.16611],[25.05134,60.1659],[25.05219,60.16614],[25.05129,60.16644]]],[[[25.05288,60.16583],[25.05271,60.16579],[25.05254,60.16565],[25.05303,60.16548],[25.05323,60.16566],[25.05288,60.16583]]],[[[25.06173,60.1641],[25.06172,60.16411],[25.06162,60.16424],[25.06143,60.16424],[25.06099,60.16434],[25.06089,60.16424],[25.06064,60.16397],[25.06173,60.1641]]],[[[25.06169,60.16285],[25.06107,60.16277],[25.06138,60.16253],[25.06176,60.16257],[25.06182,60.16258],[25.06169,60.16285]]],[[[25.04927,60.16548],[25.04918,60.1653],[25.04987,60.16511],[25.05009,60.16544],[25.04945,60.16554],[25.04944,60.16554],[25.04943,60.16554],[25.04941,60.16554],[25.04939,60.16554],[25.04937,60.16554],[25.04935,60.16554],[25.04933,60.16553],[25.04933,60.16553],[25.04932,60.16553],[25.0493,60.16552],[25.04929,60.16551],[25.04928,60.16551],[25.04927,60.1655],[25.04927,60.16549],[25.04927,60.16548]]],[[[25.05579,60.1637],[25.0561,60.16353],[25.05618,60.16348],[25.05664,60.16369],[25.0563,60.16393],[25.05628,60.16392],[25.05579,60.1637]]],[[[25.06125,60.16394],[25.06136,60.16373],[25.06194,60.1638],[25.06181,60.16406],[25.06132,60.164],[25.06132,60.164],[25.06131,60.164],[25.06129,60.16399],[25.06128,60.16399],[25.06128,60.16399],[25.06127,60.16398],[25.06126,60.16398],[25.06126,60.16398],[25.06126,60.16397],[25.06125,60.16397],[25.06125,60.16396],[25.06125,60.16395],[25.06125,60.16395],[25.06125,60.16394]]]]},"properties":{"name":"Asemakaava 12983","kind":"plan","ptype":"zoning","subtype":"Asemakaava","status":"vireilla","date":"2026-06-11","url":"https://kartta.hel.fi/","source":"Helsinki"}},{"type":"Feature","geometry":{"type":"Polygon","coordinates":[[[24.96757,60.22715],[24.96744,60.22724],[24.96737,60.2273],[24.96699,60.22757],[24.96683,60.2276],[24.96642,60.22782],[24.96608,60.22765],[24.96521,60.22721],[24.96549,60.22707],[24.965,60.22683],[24.96537,60.22665],[24.96539,60.22665],[24.96543,60.22665],[24.96546,60.22665],[24.96549,60.22665],[24.9655,60.22664],[24.96553,60.22664],[24.96556,60.22663],[24.96558,60.22662],[24.96561,60.22661],[24.96561,60.22661],[24.96632,60.22697],[24.96659,60.22683],[24.96666,60.22676],[24.96632,60.22643],[24.96577,60.22631],[24.96603,60.22592],[24.96605,60.2259],[24.96607,60.22587],[24.96609,60.22584],[24.9661,60.22582],[24.9661,60.22581],[24.96618,60.22562],[24.96619,60.22559],[24.96622,60.22544],[24.96622,60.22536],[24.96622,60.22535],[24.96621,60.22527],[24.96616,60.22475],[24.96615,60.2246],[24.96596,60.22461],[24.96592,60.22453],[24.96592,60.22451],[24.96588,60.22444],[24.96567,60.22415],[24.96567,60.22414],[24.96566,60.22414],[24.96565,60.22413],[24.96564,60.22412],[24.96562,60.22412],[24.96561,60.22411],[24.96561,60.22411],[24.96559,60.22411],[24.96557,60.2241],[24.96555,60.2241],[24.96554,60.2241],[24.96552,60.2241],[24.96547,60.22403],[24.96531,60.22382],[24.96597,60.2237],[24.96641,60.22361],[24.96701,60.22411],[24.9671,60.22416],[24.96749,60.22433],[24.96793,60.22448],[24.96798,60.22449],[24.96839,60.22459],[24.96888,60.22467],[24.96913,60.2247],[24.96924,60.22471],[24.96951,60.22473],[24.97047,60.22479],[24.97089,60.22482],[24.97169,60.22487],[24.97166,60.22499],[24.97165,60.22499],[24.97163,60.22499],[24.97162,60.22499],[24.97161,60.22499],[24.9716,60.225],[24.97159,60.225],[24.97159,60.225],[24.97158,60.225],[24.97158,60.22501],[24.97157,60.22501],[24.97156,60.22502],[24.97156,60.22502],[24.97156,60.22503],[24.97137,60.22502],[24.97129,60.2252],[24.97052,60.22513],[24.97062,60.22493],[24.9699,60.22488],[24.96904,60.22483],[24.96922,60.22523],[24.96953,60.22562],[24.96958,60.22598],[24.96958,60.2261],[24.96958,60.22623],[24.96968,60.22644],[24.96978,60.22654],[24.97027,60.22658],[24.97053,60.2266],[24.97081,60.22663],[24.97079,60.22669],[24.97074,60.22694],[24.97075,60.22713],[24.97057,60.22713],[24.97057,60.22706],[24.97056,60.22694],[24.97061,60.22672],[24.97061,60.22671],[24.97061,60.22671],[24.97061,60.2267],[24.9706,60.2267],[24.9706,60.2267],[24.97059,60.22669],[24.97059,60.22669],[24.97059,60.22669],[24.97058,60.22668],[24.97057,60.22668],[24.97056,60.22668],[24.97055,60.22668],[24.97055,60.22668],[24.97019,60.22665],[24.96985,60.22662],[24.96964,60.22677],[24.96942,60.22692],[24.96897,60.22725],[24.96972,60.22728],[24.96982,60.22729],[24.9697,60.22738],[24.96949,60.22756],[24.9693,60.22774],[24.96867,60.22768],[24.96847,60.22804],[24.96846,60.22804],[24.96846,60.22805],[24.96846,60.22805],[24.96846,60.22807],[24.96846,60.22807],[24.96831,60.22814],[24.9683,60.22813],[24.96829,60.22812],[24.96829,60.22811],[24.96829,60.2281],[24.96829,60.22808],[24.9683,60.22807],[24.9683,60.22807],[24.96833,60.22802],[24.96836,60.22796],[24.9685,60.22772],[24.96832,60.22769],[24.96873,60.2271],[24.96782,60.22692],[24.9677,60.22704],[24.96765,60.22708],[24.96757,60.22715]]]},"properties":{"name":"Asemakaava 12911","kind":"plan","ptype":"zoning","subtype":"Asemakaava","status":"vireilla","date":"2024-12-04","url":"https://kartta.hel.fi/","source":"Helsinki"}},{"type":"Feature","geometry":{"type":"Polygon","coordinates":[[[24.94924,60.1686],[24.94893,60.16859],[24.94814,60.16857],[24.94816,60.1684],[24.94818,60.16819],[24.94928,60.16822],[24.94924,60.1686]]]},"properties":{"name":"Asemakaava 13022","kind":"plan","ptype":"zoning","subtype":"Asemakaava","status":"vireilla","date":"2026-05-11","url":"https://kartta.hel.fi/","source":"Helsinki"}},{"type":"Feature","geometry":{"type":"Polygon","coordinates":[[[24.87381,60.21428],[24.87375,60.21425],[24.87365,60.21421],[24.8736,60.2142],[24.87346,60.21416],[24.87393,60.21358],[24.87427,60.21347],[24.87489,60.21374],[24.8755,60.214],[24.87533,60.2141],[24.87451,60.21458],[24.87404,60.21437],[24.87381,60.21428]]]},"properties":{"name":"Asemakaava 12879","kind":"plan","ptype":"zoning","subtype":"Asemakaava","status":"vireilla","date":"2024-09-24","url":"https://kartta.hel.fi/","source":"Helsinki"}},{"type":"Feature","geometry":{"type":"Polygon","coordinates":[[[24.97282,60.20576],[24.9731,60.20597],[24.97317,60.20603],[24.97335,60.2062],[24.97388,60.20673],[24.97431,60.2072],[24.97561,60.2069],[24.97581,60.20686],[24.97622,60.20732],[24.97665,60.20723],[24.97675,60.20735],[24.97676,60.20736],[24.97714,60.20779],[24.9775,60.20821],[24.97764,60.20837],[24.97818,60.20825],[24.97838,60.20849],[24.97883,60.20903],[24.97798,60.20922],[24.97834,60.20964],[24.9785,60.20981],[24.97773,60.20998],[24.97794,60.21022],[24.97809,60.21039],[24.97782,60.21045],[24.97744,60.21054],[24.97718,60.21059],[24.97685,60.21067],[24.97674,60.21054],[24.97666,60.21046],[24.97627,60.21001],[24.97618,60.21002],[24.9733,60.20673],[24.97338,60.20671],[24.97315,60.20645],[24.97286,60.20619],[24.97279,60.20577],[24.97282,60.20576]]]},"properties":{"name":"Asemakaava 12470","kind":"plan","ptype":"zoning","subtype":"Asemakaava","status":"vireilla","date":"2017-11-09","url":"https://kartta.hel.fi/","source":"Helsinki"}},{"type":"Feature","geometry":{"type":"Polygon","coordinates":[[[24.92761,60.19859],[24.92645,60.19845],[24.92667,60.19798],[24.92783,60.19812],[24.92761,60.19859]]]},"properties":{"name":"Asemakaava 12876","kind":"plan","ptype":"zoning","subtype":"Asemakaava","status":"vireilla","date":"2024-05-21","url":"https://kartta.hel.fi/","source":"Helsinki"}},{"type":"Feature","geometry":{"type":"Polygon","coordinates":[[[25.06156,60.20206],[25.06174,60.20224],[25.06269,60.2023],[25.06269,60.20239],[25.06269,60.20288],[25.06268,60.20328],[25.06114,60.20324],[25.05988,60.20321],[25.05978,60.20321],[25.05976,60.20321],[25.05994,60.20264],[25.05999,60.20216],[25.06048,60.20218],[25.0605,60.20202],[25.06127,60.20204],[25.06156,60.20206]]]},"properties":{"name":"Asemakaava 12843","kind":"plan","ptype":"zoning","subtype":"Asemakaava","status":"vireilla","date":"2023-11-22","url":"https://kartta.hel.fi/","source":"Helsinki"}},{"type":"Feature","geometry":{"type":"MultiPolygon","coordinates":[[[[24.92885,60.23789],[24.92884,60.23789],[24.92884,60.2379],[24.92884,60.23791],[24.92885,60.23793],[24.92886,60.23794],[24.92887,60.23795],[24.92887,60.23795],[24.92888,60.23796],[24.9289,60.23797],[24.92891,60.23797],[24.92893,60.23798],[24.92895,60.23799],[24.92898,60.23799],[24.92898,60.23799],[24.92918,60.23801],[24.92912,60.23815],[24.92895,60.23856],[24.92859,60.23852],[24.92872,60.2382],[24.92885,60.23789]]],[[[24.92608,60.24288],[24.92612,60.24278],[24.92613,60.24276],[24.92621,60.24265],[24.92671,60.24241],[24.92697,60.2424],[24.92708,60.2424],[24.92726,60.2424],[24.9271,60.24276],[24.92697,60.24304],[24.92692,60.24313],[24.92665,60.2431],[24.92607,60.24304],[24.926,60.24306],[24.92602,60.24303],[24.92606,60.24294],[24.92608,60.24289],[24.92608,60.24288]]],[[[24.92777,60.239],[24.92737,60.23895],[24.9272,60.23893],[24.92723,60.23886],[24.92723,60.23885],[24.92742,60.23839],[24.92744,60.23839],[24.92816,60.23847],[24.92799,60.23888],[24.9279,60.2391],[24.92791,60.2391],[24.92791,60.23908],[24.92791,60.23907],[24.9279,60.23906],[24.92789,60.23905],[24.92788,60.23904],[24.92788,60.23903],[24.92787,60.23903],[24.92785,60.23902],[24.92784,60.23901],[24.92782,60.23901],[24.9278,60.239],[24.92777,60.239],[24.92777,60.239]]]]},"properties":{"name":"Asemakaava 12932","kind":"plan","ptype":"zoning","subtype":"Asemakaava","status":"vireilla","date":"2025-05-19","url":"https://kartta.hel.fi/","source":"Helsinki"}},{"type":"Feature","geometry":{"type":"Polygon","coordinates":[[[24.90494,60.21823],[24.90534,60.21802],[24.90568,60.21798],[24.90597,60.21863],[24.90555,60.21868],[24.90536,60.21867],[24.90494,60.21823]]]},"properties":{"name":"Asemakaava 12999","kind":"plan","ptype":"zoning","subtype":"Asemakaava","status":"vireilla","date":"2026-04-15","url":"https://kartta.hel.fi/","source":"Helsinki"}},{"type":"Feature","geometry":{"type":"Polygon","coordinates":[[[25.08064,60.21129],[25.08066,60.2113],[25.08076,60.21133],[25.08081,60.21135],[25.08087,60.21137],[25.08112,60.21149],[25.08125,60.21156],[25.08151,60.21171],[25.08159,60.21177],[25.08163,60.21179],[25.08183,60.21193],[25.08203,60.2121],[25.08218,60.21225],[25.08233,60.21238],[25.08304,60.21298],[25.08305,60.21299],[25.08314,60.21305],[25.08326,60.21312],[25.08329,60.21313],[25.08341,60.21319],[25.08357,60.21324],[25.08359,60.21325],[25.08426,60.21343],[25.08529,60.21371],[25.0854,60.21374],[25.08509,60.21406],[25.08496,60.21421],[25.08477,60.21449],[25.08475,60.21453],[25.08465,60.21476],[25.08457,60.21499],[25.08415,60.21487],[25.08358,60.21472],[25.0833,60.21464],[25.08308,60.21483],[25.0827,60.21473],[25.08095,60.21425],[25.08071,60.21447],[25.08006,60.21429],[25.07993,60.21416],[25.07951,60.21374],[25.07888,60.21356],[25.07821,60.21306],[25.07794,60.21299],[25.07742,60.21284],[25.07696,60.21272],[25.07697,60.21271],[25.07697,60.21271],[25.07698,60.21269],[25.07707,60.21261],[25.07825,60.21155],[25.07834,60.21147],[25.07869,60.21115],[25.07903,60.21085],[25.07923,60.21091],[25.08016,60.21116],[25.08021,60.21112],[25.08041,60.21117],[25.08036,60.21122],[25.08064,60.21129]]]},"properties":{"name":"Asemakaava 12959","kind":"plan","ptype":"zoning","subtype":"Asemakaava","status":"vireilla","date":"2025-11-26","url":"https://kartta.hel.fi/","source":"Helsinki"}},{"type":"Feature","geometry":{"type":"Polygon","coordinates":[[[24.94545,60.17093],[24.94544,60.17098],[24.94446,60.17095],[24.94359,60.17077],[24.94259,60.17074],[24.94252,60.17074],[24.94049,60.17068],[24.94051,60.17051],[24.94012,60.17049],[24.93991,60.17038],[24.93957,60.17037],[24.93957,60.17035],[24.93882,60.17007],[24.93905,60.16992],[24.93972,60.17017],[24.94013,60.17018],[24.94095,60.1702],[24.94257,60.17024],[24.94258,60.17017],[24.94302,60.17018],[24.9431,60.17022],[24.94335,60.17023],[24.94335,60.17025],[24.94474,60.17029],[24.94474,60.17026],[24.94499,60.17027],[24.94506,60.17024],[24.9451,60.16982],[24.94519,60.16982],[24.94532,60.16983],[24.94557,60.16983],[24.94556,60.16986],[24.94553,60.17012],[24.9455,60.17038],[24.94548,60.17067],[24.94545,60.17093],[24.94545,60.17093]]]},"properties":{"name":"Asemakaava 13011","kind":"plan","ptype":"zoning","subtype":"Asemakaava","status":"vireilla","date":"2026-03-27","url":"https://kartta.hel.fi/","source":"Helsinki"}},{"type":"Feature","geometry":{"type":"Polygon","coordinates":[[[24.94862,60.19776],[24.94853,60.19771],[24.94817,60.19736],[24.94871,60.19722],[24.94924,60.19701],[24.94938,60.19709],[24.94972,60.1973],[24.94963,60.19734],[24.94862,60.19776]]]},"properties":{"name":"Asemakaava 13009","kind":"plan","ptype":"zoning","subtype":"Asemakaava","status":"vireilla","date":"2026-05-29","url":"https://kartta.hel.fi/","source":"Helsinki"}},{"type":"Feature","geometry":{"type":"Polygon","coordinates":[[[24.91244,60.18691],[24.91239,60.18695],[24.91189,60.18738],[24.91134,60.18722],[24.91161,60.18699],[24.91184,60.18679],[24.91189,60.18675],[24.91244,60.18691]]]},"properties":{"name":"Asemakaava 13012","kind":"plan","ptype":"zoning","subtype":"Asemakaava","status":"vireilla","date":"2026-05-20","url":"https://kartta.hel.fi/","source":"Helsinki"}},{"type":"Feature","geometry":{"type":"Polygon","coordinates":[[[25.07606,60.23386],[25.07616,60.23386],[25.07749,60.23386],[25.07749,60.23386],[25.07768,60.23386],[25.07787,60.23388],[25.078,60.2339],[25.07804,60.23391],[25.07821,60.23395],[25.07837,60.234],[25.07844,60.23403],[25.07813,60.23423],[25.07572,60.23423],[25.07545,60.23393],[25.07548,60.23392],[25.07551,60.23391],[25.07569,60.23388],[25.07577,60.23387],[25.07588,60.23386],[25.07606,60.23386]]]},"properties":{"name":"Asemakaava 12738","kind":"plan","ptype":"zoning","subtype":"Asemakaava","status":"vireilla","date":"2022-03-10","url":"https://kartta.hel.fi/","source":"Helsinki"}},{"type":"Feature","geometry":{"type":"Polygon","coordinates":[[[24.96042,60.20329],[24.96033,60.20325],[24.96017,60.20319],[24.96002,60.20316],[24.96001,60.20315],[24.95983,60.20312],[24.95965,60.20311],[24.95955,60.2031],[24.95808,60.20305],[24.95803,60.20305],[24.9579,60.20306],[24.95778,60.20307],[24.95767,60.20309],[24.95767,60.20309],[24.95756,60.20312],[24.95745,60.20315],[24.95736,60.20319],[24.95733,60.20321],[24.95683,60.20348],[24.95677,60.20351],[24.95663,60.20358],[24.95647,60.20363],[24.95629,60.20367],[24.95621,60.20369],[24.95611,60.2037],[24.95592,60.20372],[24.95573,60.20373],[24.95554,60.20372],[24.95547,60.20372],[24.95473,60.20365],[24.95465,60.20364],[24.95464,60.20364],[24.95456,60.20364],[24.95453,60.20371],[24.95443,60.20371],[24.95433,60.20371],[24.95423,60.20372],[24.95413,60.20373],[24.95345,60.20379],[24.95344,60.20366],[24.95383,60.20362],[24.95408,60.2036],[24.95419,60.20359],[24.95441,60.20358],[24.95443,60.20358],[24.95467,60.20359],[24.95475,60.2036],[24.95549,60.20366],[24.95555,60.20367],[24.95573,60.20367],[24.95591,60.20367],[24.95608,60.20365],[24.95617,60.20364],[24.95625,60.20362],[24.95641,60.20358],[24.95656,60.20353],[24.9567,60.20347],[24.95675,60.20345],[24.95725,60.20317],[24.95729,60.20315],[24.95739,60.20311],[24.9575,60.20307],[24.95763,60.20304],[24.95763,60.20304],[24.95776,60.20302],[24.95789,60.203],[24.95803,60.203],[24.95809,60.203],[24.95956,60.20305],[24.95966,60.20305],[24.95986,60.20307],[24.96005,60.2031],[24.96006,60.20311],[24.96023,60.20315],[24.96039,60.2032],[24.9605,60.20325],[24.96063,60.20318],[24.95993,60.20285],[24.9597,60.20226],[24.95914,60.20174],[24.95969,60.20164],[24.95974,60.20144],[24.96067,60.20136],[24.96148,60.20127],[24.96158,60.20126],[24.96212,60.20199],[24.96213,60.202],[24.96217,60.20204],[24.96222,60.20208],[24.96229,60.20211],[24.96236,60.20215],[24.96241,60.20216],[24.96244,60.20217],[24.96252,60.20219],[24.96261,60.20221],[24.9627,60.20222],[24.9628,60.20222],[24.96287,60.20222],[24.96293,60.20222],[24.96303,60.20222],[24.96311,60.20223],[24.96312,60.20223],[24.96321,60.20224],[24.96329,60.20226],[24.96334,60.20228],[24.96373,60.20241],[24.96397,60.20265],[24.96483,60.2033],[24.96486,60.20332],[24.96556,60.20404],[24.96557,60.20404],[24.96598,60.20457],[24.96634,60.20511],[24.96636,60.20515],[24.96636,60.20515],[24.96637,60.20516],[24.96637,60.20517],[24.96637,60.20517],[24.96636,60.20518],[24.96636,60.20519],[24.96636,60.20519],[24.96635,60.20519],[24.96635,60.2052],[24.96634,60.2052],[24.96633,60.20521],[24.96631,60.20521],[24.9663,60.20521],[24.96629,60.20522],[24.96597,60.20526],[24.96596,60.20527],[24.96592,60.20527],[24.96588,60.20527],[24.96584,60.20527],[24.9658,60.20527],[24.9658,60.20527],[24.96576,60.20526],[24.96572,60.20525],[24.96568,60.20524],[24.96565,60.20523],[24.96429,60.20457],[24.9644,60.20451],[24.96231,60.20349],[24.96032,60.20451],[24.95975,60.20423],[24.95914,60.20394],[24.96042,60.20329]]]},"properties":{"name":"Asemakaava 12744","kind":"plan","ptype":"zoning","subtype":"Asemakaava","status":"vireilla","date":"2024-09-26","url":"https://kartta.hel.fi/","source":"Helsinki"}},{"type":"Feature","geometry":{"type":"Polygon","coordinates":[[[24.95975,60.17553],[24.95975,60.1755],[24.96015,60.17551],[24.9602,60.17503],[24.9607,60.17505],[24.96066,60.17538],[24.96042,60.17548],[24.96041,60.17554],[24.9604,60.17569],[24.96059,60.1758],[24.96019,60.17597],[24.9597,60.17596],[24.95975,60.17553]]]},"properties":{"name":"Asemakaava 12855","kind":"plan","ptype":"zoning","subtype":"Asemakaava","status":"vireilla","date":"2024-11-13","url":"https://kartta.hel.fi/","source":"Helsinki"}},{"type":"Feature","geometry":{"type":"Polygon","coordinates":[[[25.20743,60.2485],[25.20738,60.2485],[25.20736,60.2485],[25.20731,60.24849],[25.2073,60.24848],[25.20728,60.24846],[25.20726,60.24846],[25.20725,60.24846],[25.2072,60.2484],[25.20824,60.2478],[25.20832,60.24784],[25.2084,60.24788],[25.20922,60.24822],[25.20978,60.24825],[25.20988,60.24824],[25.21004,60.24858],[25.20978,60.24872],[25.20943,60.24865],[25.20809,60.2487],[25.20781,60.24871],[25.2078,60.2487],[25.20776,60.24868],[25.2077,60.24862],[25.20758,60.24856],[25.20751,60.24853],[25.20745,60.24851],[25.20743,60.2485]]]},"properties":{"name":"Asemakaava 12583","kind":"plan","ptype":"zoning","subtype":"Asemakaava","status":"vireilla","date":"2019-06-19","url":"https://kartta.hel.fi/","source":"Helsinki"}},{"type":"Feature","geometry":{"type":"Polygon","coordinates":[[[24.95662,60.21574],[24.95602,60.21521],[24.95585,60.21514],[24.95597,60.21507],[24.95605,60.21502],[24.95609,60.21504],[24.95617,60.21499],[24.95661,60.21473],[24.9567,60.21467],[24.95678,60.21463],[24.95682,60.21464],[24.95712,60.21468],[24.95721,60.21469],[24.9575,60.21468],[24.95756,60.21508],[24.95707,60.21538],[24.95666,60.2154],[24.957,60.21564],[24.95662,60.21574]]]},"properties":{"name":"Asemakaava 12933","kind":"plan","ptype":"zoning","subtype":"Asemakaava","status":"vireilla","date":"2026-02-04","url":"https://kartta.hel.fi/","source":"Helsinki"}},{"type":"Feature","geometry":{"type":"Polygon","coordinates":[[[25.12729,60.19874],[25.1259,60.19967],[25.12557,60.19956],[25.12527,60.19957],[25.12511,60.19951],[25.12506,60.19936],[25.12519,60.19928],[25.12524,60.19929],[25.12632,60.19856],[25.12629,60.19854],[25.12671,60.19839],[25.12729,60.19874]]]},"properties":{"name":"Asemakaava 12962","kind":"plan","ptype":"zoning","subtype":"Asemakaava","status":"vireilla","date":"2026-05-20","url":"https://kartta.hel.fi/","source":"Helsinki"}},{"type":"Feature","geometry":{"type":"Polygon","coordinates":[[[24.93871,60.17219],[24.93756,60.17211],[24.9376,60.17198],[24.93875,60.17205],[24.93896,60.17125],[24.93892,60.17125],[24.93893,60.1712],[24.93887,60.1712],[24.93889,60.17113],[24.9376,60.17105],[24.93762,60.17095],[24.93796,60.17079],[24.93904,60.17086],[24.93919,60.17031],[24.93867,60.17011],[24.93877,60.17005],[24.93921,60.17022],[24.93957,60.17035],[24.93957,60.17037],[24.93991,60.17038],[24.94012,60.17049],[24.94051,60.17051],[24.94049,60.17068],[24.94048,60.17083],[24.94046,60.17083],[24.94046,60.17087],[24.94042,60.17087],[24.94041,60.171],[24.94036,60.171],[24.94034,60.17124],[24.94037,60.17124],[24.94025,60.17235],[24.94002,60.17234],[24.93909,60.17232],[24.93904,60.17276],[24.93857,60.17274],[24.93871,60.17219]]]},"properties":{"name":"Asemakaava 13016","kind":"plan","ptype":"zoning","subtype":"Asemakaava","status":"vireilla","date":"2026-02-06","url":"https://kartta.hel.fi/","source":"Helsinki"}},{"type":"Feature","geometry":{"type":"Polygon","coordinates":[[[24.87094,60.22671],[24.87087,60.22668],[24.87021,60.2264],[24.87012,60.22636],[24.86957,60.22605],[24.8674,60.2247],[24.86768,60.22459],[24.86783,60.22455],[24.86798,60.2245],[24.87243,60.22295],[24.87294,60.22278],[24.87372,60.22259],[24.87388,60.22256],[24.87455,60.22245],[24.87541,60.22237],[24.87547,60.22237],[24.87622,60.22348],[24.87598,60.22357],[24.87605,60.22362],[24.87581,60.22371],[24.87592,60.22378],[24.87461,60.22429],[24.87469,60.22433],[24.87623,60.22494],[24.87314,60.22685],[24.87267,60.22713],[24.87245,60.22728],[24.87208,60.22714],[24.87173,60.22701],[24.87094,60.22671]]]},"properties":{"name":"Asemakaava 12929","kind":"plan","ptype":"zoning","subtype":"Asemakaava","status":"vireilla","date":"2025-04-17","url":"https://kartta.hel.fi/","source":"Helsinki"}},{"type":"Feature","geometry":{"type":"Polygon","coordinates":[[[25.03789,60.1938],[25.03926,60.19347],[25.03953,60.1934],[25.03963,60.19389],[25.03979,60.19467],[25.03986,60.19501],[25.03911,60.19504],[25.03789,60.1938]]]},"properties":{"name":"Asemakaava 12815","kind":"plan","ptype":"zoning","subtype":"Asemakaava","status":"vireilla","date":"2024-09-23","url":"https://kartta.hel.fi/","source":"Helsinki"}},{"type":"Feature","geometry":{"type":"Polygon","coordinates":[[[24.92558,60.16953],[24.92613,60.16964],[24.92615,60.16971],[24.92563,60.16975],[24.92558,60.16953]]]},"properties":{"name":"Asemakaava 12976","kind":"plan","ptype":"zoning","subtype":"Asemakaava","status":"vireilla","date":"2026-01-22","url":"https://kartta.hel.fi/","source":"Helsinki"}},{"type":"Feature","geometry":{"type":"Polygon","coordinates":[[[24.9528,60.16413],[24.9528,60.16413],[24.9528,60.16413],[24.9528,60.16413],[24.9528,60.16413],[24.9528,60.16413],[24.9528,60.16413],[24.95281,60.16413],[24.95281,60.16413],[24.95281,60.16413],[24.95281,60.16413],[24.95281,60.16413],[24.95281,60.16413],[24.95282,60.16413],[24.95282,60.16413],[24.95282,60.16413],[24.95282,60.16413],[24.95282,60.16413],[24.95283,60.16413],[24.95283,60.16413],[24.95283,60.16413],[24.95283,60.16413],[24.95283,60.16413],[24.95283,60.16413],[24.95296,60.16401],[24.95314,60.16386],[24.95343,60.16366],[24.95393,60.16383],[24.95425,60.16421],[24.95449,60.16456],[24.9556,60.1646],[24.95452,60.16531],[24.95444,60.1661],[24.95351,60.16607],[24.95355,60.1657],[24.9532,60.16569],[24.95235,60.16566],[24.95244,60.16492],[24.95245,60.16478],[24.95249,60.16452],[24.95252,60.16425],[24.95255,60.16398],[24.95258,60.16371],[24.95255,60.16361],[24.95286,60.16362],[24.95286,60.16368],[24.9528,60.16413]]]},"properties":{"name":"Asemakaava 12977","kind":"plan","ptype":"zoning","subtype":"Asemakaava","status":"vireilla","date":"2026-06-08","url":"https://kartta.hel.fi/","source":"Helsinki"}},{"type":"Feature","geometry":{"type":"Polygon","coordinates":[[[24.98943,60.17297],[24.98624,60.17267],[24.98295,60.17104],[24.98454,60.17012],[24.98683,60.17015],[24.99118,60.17264],[24.98943,60.17297]]]},"properties":{"name":"Asemakaava 12995","kind":"plan","ptype":"zoning","subtype":"Asemakaava","status":"vireilla","date":"2026-01-26","url":"https://kartta.hel.fi/","source":"Helsinki"}},{"type":"Feature","geometry":{"type":"Polygon","coordinates":[[[25.10219,60.21858],[25.1022,60.21859],[25.10222,60.2186],[25.10223,60.2186],[25.10224,60.21861],[25.10224,60.21862],[25.10225,60.21863],[25.10225,60.21863],[25.10225,60.21864],[25.10225,60.21865],[25.10224,60.21866],[25.10224,60.21867],[25.10223,60.21868],[25.10222,60.21868],[25.10222,60.21868],[25.10187,60.21891],[25.10188,60.21894],[25.10152,60.21917],[25.10131,60.21931],[25.1012,60.21937],[25.10108,60.21944],[25.10063,60.21919],[25.10043,60.21908],[25.10078,60.21887],[25.0991,60.21801],[25.09957,60.21789],[25.09995,60.21807],[25.10037,60.21787],[25.10122,60.21816],[25.10159,60.21829],[25.10162,60.21835],[25.10219,60.21858]]]},"properties":{"name":"Asemakaava 12955","kind":"plan","ptype":"zoning","subtype":"Asemakaava","status":"vireilla","date":"2026-01-12","url":"https://kartta.hel.fi/","source":"Helsinki"}},{"type":"Feature","geometry":{"type":"Polygon","coordinates":[[[25.01062,60.25312],[25.01053,60.25313],[25.01052,60.25308],[25.01073,60.25304],[25.01063,60.25268],[25.0107,60.25265],[25.01038,60.25247],[25.01033,60.25249],[25.0099,60.25225],[25.01007,60.25218],[25.01102,60.2527],[25.01145,60.25293],[25.0115,60.25296],[25.012,60.25338],[25.01224,60.2535],[25.01252,60.25359],[25.01236,60.25374],[25.01213,60.25385],[25.01115,60.25397],[25.01058,60.25404],[25.01051,60.25388],[25.0104,60.25366],[25.01041,60.25365],[25.0105,60.25356],[25.01057,60.25345],[25.0106,60.2534],[25.01062,60.25335],[25.01063,60.25324],[25.01062,60.25313],[25.01062,60.25312]]]},"properties":{"name":"Asemakaava 12984","kind":"plan","ptype":"zoning","subtype":"Asemakaava","status":"vireilla","date":"2026-01-26","url":"https://kartta.hel.fi/","source":"Helsinki"}},{"type":"Feature","geometry":{"type":"Polygon","coordinates":[[[25.0481,60.21946],[25.04766,60.21915],[25.04859,60.21883],[25.04872,60.21889],[25.04897,60.21908],[25.04903,60.21914],[25.04912,60.21934],[25.04909,60.21937],[25.04839,60.2195],[25.04837,60.21951],[25.04833,60.21951],[25.0483,60.21951],[25.04827,60.21951],[25.04824,60.21951],[25.04823,60.21951],[25.0482,60.2195],[25.04818,60.2195],[25.04815,60.21949],[25.04812,60.21948],[25.0481,60.21946],[25.0481,60.21946]]]},"properties":{"name":"Asemakaava 13017","kind":"plan","ptype":"zoning","subtype":"Asemakaava","status":"vireilla","date":"2026-06-10","url":"https://kartta.hel.fi/","source":"Helsinki"}},{"type":"Feature","geometry":{"type":"Polygon","coordinates":[[[25.07247,60.2114],[25.07221,60.21106],[25.07294,60.21041],[25.07377,60.21032],[25.0744,60.2105],[25.07318,60.2116],[25.07247,60.2114]]]},"properties":{"name":"Asemakaava 12809","kind":"plan","ptype":"zoning","subtype":"Asemakaava","status":"vireilla","date":"2024-06-05","url":"https://kartta.hel.fi/","source":"Helsinki"}},{"type":"Feature","geometry":{"type":"MultiPolygon","coordinates":[[[[24.95109,60.30259],[24.95099,60.30257],[24.95086,60.30258],[24.95091,60.3026],[24.95096,60.30263],[24.95097,60.30266],[24.95099,60.30273],[24.95104,60.30405],[24.95105,60.3041],[24.95107,60.30416],[24.95111,60.30422],[24.95112,60.30423],[24.95116,60.30427],[24.95123,60.30432],[24.9513,60.30436],[24.95133,60.30437],[24.95631,60.30663],[24.95624,60.30667],[24.95642,60.30675],[24.95651,60.3068],[24.95689,60.30697],[24.95712,60.30707],[24.95739,60.30716],[24.95752,60.3072],[24.95794,60.30731],[24.95795,60.30731],[24.95993,60.30771],[24.95982,60.30761],[24.95955,60.30731],[24.95887,60.30716],[24.9583,60.30704],[24.95853,60.30672],[24.95701,60.30604],[24.9567,60.30642],[24.95619,60.30619],[24.95186,60.30422],[24.95184,60.30421],[24.95178,60.30417],[24.95174,60.30415],[24.95173,60.30414],[24.95169,60.3041],[24.95167,60.30407],[24.9516,60.30407],[24.95118,60.30408],[24.95116,60.30341],[24.95113,60.30326],[24.95109,60.30259]]],[[[24.96005,60.30699],[24.96017,60.30711],[24.96028,60.30722],[24.96041,60.30734],[24.96045,60.30737],[24.96055,60.30746],[24.96076,60.30762],[24.96097,60.30778],[24.96097,60.30778],[24.96105,60.30783],[24.96128,60.30798],[24.96137,60.30804],[24.96252,60.30743],[24.96257,60.3074],[24.96303,60.30734],[24.96309,60.30732],[24.96299,60.30724],[24.96203,60.30725],[24.96176,60.30695],[24.96175,60.30677],[24.96159,60.30677],[24.96136,60.30652],[24.96111,60.30658],[24.9602,60.30678],[24.95998,60.30691],[24.96005,60.30699]]],[[[24.95913,60.30559],[24.95873,60.30558],[24.95925,60.30614],[24.95927,60.30616],[24.95965,60.30657],[24.96,60.30657],[24.96055,60.30645],[24.96117,60.30631],[24.96073,60.30582],[24.96054,60.30562],[24.95913,60.30559]]]]},"properties":{"name":"002404 Aviapolis pohjoinen","kind":"plan","ptype":"zoning","subtype":"Asemakaava","status":"vireilla","date":"20190311","url":"https://www.vantaa.fi/fi/kaavoitus/kaavat/aviabulevardille-uusia-toimitiloja-ja-pysakointilaitos","source":"Vantaa"}},{"type":"Feature","geometry":{"type":"MultiPolygon","coordinates":[[[[25.0714,60.33185],[25.07146,60.33193],[25.07201,60.33183],[25.07218,60.33204],[25.07234,60.33224],[25.07268,60.33217],[25.07302,60.33211],[25.07335,60.33204],[25.07365,60.33198],[25.07395,60.33192],[25.07374,60.33167],[25.07361,60.33151],[25.07359,60.3315],[25.07355,60.33145],[25.07341,60.33128],[25.07333,60.33119],[25.07302,60.33082],[25.07299,60.33078],[25.07245,60.33089],[25.07238,60.3308],[25.07225,60.33063],[25.0721,60.33044],[25.07191,60.33048],[25.07152,60.33055],[25.07126,60.33057],[25.07121,60.33058],[25.07092,60.33064],[25.07051,60.33072],[25.07049,60.33072],[25.07048,60.33073],[25.07046,60.33073],[25.07045,60.33074],[25.07044,60.33075],[25.07043,60.33076],[25.07043,60.33076],[25.07042,60.33077],[25.07042,60.33078],[25.07042,60.33079],[25.07042,60.33079],[25.07042,60.3308],[25.07043,60.33081],[25.07044,60.33082],[25.07044,60.33082],[25.07078,60.3311],[25.0712,60.33144],[25.07128,60.33151],[25.07136,60.33157],[25.07137,60.33157],[25.0714,60.33161],[25.07142,60.33164],[25.07142,60.33164],[25.07143,60.33167],[25.07144,60.33171],[25.07144,60.33172],[25.07143,60.33178],[25.07143,60.3318],[25.07142,60.33182],[25.07142,60.33183],[25.0714,60.33185]]],[[[25.07306,60.33039],[25.07352,60.33099],[25.07423,60.33085],[25.07409,60.33068],[25.07395,60.33052],[25.07478,60.33035],[25.07469,60.33023],[25.07469,60.33023],[25.07468,60.33022],[25.07466,60.33021],[25.07465,60.3302],[25.07463,60.33019],[25.07461,60.33019],[25.0746,60.33018],[25.07459,60.33018],[25.07457,60.33018],[25.07454,60.33017],[25.07452,60.33017],[25.07449,60.33017],[25.07448,60.33018],[25.07373,60.33025],[25.07318,60.33029],[25.07316,60.33029],[25.07314,60.3303],[25.07312,60.3303],[25.07311,60.33031],[25.07309,60.33031],[25.07308,60.33032],[25.07307,60.33033],[25.07307,60.33033],[25.07306,60.33034],[25.07305,60.33035],[25.07305,60.33036],[25.07305,60.33037],[25.07305,60.33038],[25.07305,60.33039],[25.07306,60.33039]]]]},"properties":{"name":"002316 Rekolan keskusta","kind":"plan","ptype":"zoning","subtype":"Asemakaava","status":"vireilla","date":"20231222","url":"https://www.vantaa.fi/fi/kaavoitus/kaavat/rekolan-keskusta","source":"Vantaa"}},{"type":"Feature","geometry":{"type":"Polygon","coordinates":[[[24.8611,60.33252],[24.86153,60.33357],[24.86204,60.3334],[24.86229,60.33332],[24.86235,60.3333],[24.86239,60.33328],[24.86243,60.33326],[24.86245,60.33324],[24.86245,60.33321],[24.86244,60.33317],[24.8624,60.33306],[24.86228,60.33287],[24.86239,60.33268],[24.8624,60.33245],[24.86241,60.33224],[24.86235,60.33231],[24.86232,60.3323],[24.86226,60.33234],[24.86226,60.33245],[24.86209,60.33259],[24.86189,60.33269],[24.8613,60.33242],[24.8611,60.33252]]]},"properties":{"name":"002303 - Linnankalliontie","kind":"plan","ptype":"zoning","subtype":"Asemakaava","status":"vireilla","date":"20250513","url":"https://www.vantaa.fi/fi/kaavoitus/kaavat/kivistossa-linnankalliontielle-pientaloja","source":"Vantaa"}},{"type":"Feature","geometry":{"type":"Polygon","coordinates":[[[25.10009,60.28139],[25.10026,60.28141],[25.10032,60.28134],[25.10072,60.28166],[25.1009,60.28181],[25.10125,60.28209],[25.1016,60.28237],[25.10195,60.28266],[25.10234,60.28296],[25.10278,60.28328],[25.10296,60.28347],[25.10312,60.28367],[25.10325,60.28394],[25.10329,60.28408],[25.10407,60.28407],[25.10404,60.28382],[25.10388,60.28355],[25.10365,60.28275],[25.10387,60.28272],[25.10401,60.28239],[25.10389,60.2822],[25.10389,60.28212],[25.10387,60.28213],[25.10384,60.28213],[25.10382,60.28212],[25.10379,60.28212],[25.10376,60.28212],[25.10373,60.28211],[25.10371,60.2821],[25.10369,60.28209],[25.10368,60.28207],[25.10367,60.28206],[25.10366,60.28204],[25.10366,60.28202],[25.10366,60.28198],[25.10365,60.28194],[25.10364,60.28191],[25.10327,60.28136],[25.10318,60.28114],[25.1032,60.28089],[25.10288,60.28024],[25.10287,60.28023],[25.10286,60.28022],[25.10284,60.28021],[25.10282,60.2802],[25.1028,60.28019],[25.10278,60.28019],[25.10275,60.28019],[25.10273,60.28018],[25.1027,60.28019],[25.10268,60.28019],[25.10245,60.27991],[25.10248,60.2799],[25.10292,60.2798],[25.10357,60.2796],[25.10365,60.27958],[25.10368,60.2796],[25.10459,60.27925],[25.10498,60.27909],[25.10435,60.2787],[25.10396,60.27885],[25.1035,60.27856],[25.10368,60.27849],[25.10349,60.27837],[25.10426,60.27806],[25.1039,60.27784],[25.10371,60.27772],[25.10323,60.2779],[25.10184,60.27794],[25.10186,60.27812],[25.10069,60.27815],[25.10051,60.2781],[25.10041,60.27811],[25.09983,60.27812],[25.09915,60.27785],[25.09911,60.27743],[25.09854,60.2772],[25.09689,60.27672],[25.09695,60.27704],[25.09755,60.27791],[25.09756,60.27792],[25.09756,60.27794],[25.09756,60.27795],[25.09755,60.27796],[25.09754,60.27798],[25.09752,60.27799],[25.0975,60.278],[25.09748,60.27801],[25.09745,60.27802],[25.0968,60.27815],[25.0962,60.27828],[25.09591,60.27833],[25.09553,60.27839],[25.09505,60.27846],[25.09457,60.27854],[25.09415,60.27867],[25.09353,60.27819],[25.09184,60.27838],[25.09236,60.27995],[25.09284,60.28109],[25.09346,60.28162],[25.09348,60.28167],[25.09411,60.28158],[25.0945,60.28146],[25.09481,60.28136],[25.09779,60.281],[25.09811,60.28096],[25.09817,60.28101],[25.09825,60.28107],[25.09833,60.28112],[25.09842,60.28116],[25.09851,60.2812],[25.0986,60.28124],[25.09871,60.28127],[25.09874,60.28127],[25.09994,60.28144],[25.10004,60.28145],[25.10009,60.28139]]]},"properties":{"name":"001873 Hakunilan keskustan laajennus 2","kind":"plan","ptype":"zoning","subtype":"Asemakaava","status":"vireilla","date":"20200211","url":"https://www.vantaa.fi/fi/kaavoitus/kaavat/hakunilan-keskustan-laajennus-2","source":"Vantaa"}},{"type":"Feature","geometry":{"type":"Polygon","coordinates":[[[24.85268,60.27064],[24.8527,60.27064],[24.85271,60.27064],[24.85275,60.27064],[24.85278,60.27064],[24.85281,60.27066],[24.85282,60.27068],[24.85277,60.27114],[24.85291,60.27116],[24.8532,60.27058],[24.85342,60.27015],[24.85312,60.27011],[24.85286,60.27008],[24.85265,60.27006],[24.85244,60.27004],[24.85235,60.27004],[24.85225,60.27003],[24.85209,60.27002],[24.85196,60.27002],[24.85194,60.27017],[24.85194,60.27022],[24.85194,60.27026],[24.85193,60.27028],[24.85191,60.27051],[24.85186,60.27062],[24.85259,60.27064],[24.85268,60.27064]]]},"properties":{"name":"002368 Patotie 2","kind":"plan","ptype":"zoning","subtype":"Asemakaava","status":"vireilla","date":"20191104","url":"https://www.vantaa.fi/uutisia/ajankohtaiset_kaavat/myyrmaen_kaavat/myyrmaen_kaavat_arkisto/101/0/147778","source":"Vantaa"}},{"type":"Feature","geometry":{"type":"Polygon","coordinates":[[[24.86427,60.26512],[24.86387,60.26511],[24.86366,60.26509],[24.86345,60.26507],[24.86308,60.26501],[24.86257,60.26488],[24.86243,60.26484],[24.86202,60.26469],[24.86184,60.26462],[24.86182,60.26461],[24.8615,60.26448],[24.86089,60.26484],[24.86084,60.26484],[24.86033,60.26482],[24.85857,60.26479],[24.85856,60.26491],[24.85851,60.2655],[24.85848,60.26581],[24.85846,60.26604],[24.85834,60.26603],[24.85829,60.26664],[24.85828,60.26677],[24.85827,60.26688],[24.85826,60.26699],[24.85801,60.26698],[24.85795,60.26765],[24.85809,60.26765],[24.8583,60.26766],[24.85854,60.26766],[24.85852,60.26786],[24.85846,60.26829],[24.85808,60.26828],[24.85807,60.26835],[24.85847,60.26836],[24.85845,60.26857],[24.85905,60.26858],[24.85872,60.26874],[24.85838,60.2689],[24.8589,60.26911],[24.85891,60.26899],[24.85981,60.26853],[24.86203,60.26739],[24.8621,60.26728],[24.86526,60.26567],[24.86546,60.26545],[24.86505,60.26538],[24.86501,60.26538],[24.86464,60.26532],[24.86448,60.26529],[24.86445,60.26518],[24.86445,60.26517],[24.86444,60.26517],[24.86443,60.26516],[24.86442,60.26515],[24.86441,60.26514],[24.86441,60.26514],[24.8644,60.26514],[24.86438,60.26513],[24.86437,60.26513],[24.86435,60.26513],[24.86434,60.26512],[24.86431,60.26512],[24.86429,60.26512],[24.86427,60.26512]]]},"properties":{"name":"002366 Ojahaka","kind":"plan","ptype":"zoning","subtype":"Asemakaava","status":"hyvaksytty","date":"20250408","url":"https://www.vantaa.fi/fi/kaavoitus/kaavat/myyrmakeen-ojahakaan-uusi-yhtenaiskoulu-ja-asuntoja","source":"Vantaa"}},{"type":"Feature","geometry":{"type":"Polygon","coordinates":[[[25.03243,60.28917],[25.03341,60.2892],[25.03345,60.28894],[25.03353,60.28852],[25.03304,60.28851],[25.03255,60.2885],[25.03248,60.28892],[25.03243,60.28917]]]},"properties":{"name":"002551 Horsmapolku","kind":"plan","ptype":"zoning","subtype":"Asemakaava","status":"vireilla","date":"20240409","url":"https://www.vantaa.fi/fi/kaavoitus/kaavat/horsmapolulle-asumista-tikkurilassa","source":"Vantaa"}},{"type":"Feature","geometry":{"type":"Polygon","coordinates":[[[24.85033,60.27656],[24.85037,60.27657],[24.8504,60.27658],[24.85048,60.27659],[24.85048,60.27659],[24.85048,60.2766],[24.85048,60.2766],[24.85048,60.2766],[24.85048,60.2766],[24.85048,60.2766],[24.85048,60.27661],[24.85049,60.27661],[24.85049,60.27661],[24.8505,60.27661],[24.8505,60.27661],[24.8505,60.27661],[24.85068,60.27664],[24.85076,60.27665],[24.85098,60.27667],[24.85103,60.27667],[24.85135,60.27668],[24.8514,60.27668],[24.85167,60.27668],[24.85175,60.27667],[24.85181,60.27667],[24.85194,60.27666],[24.85196,60.27666],[24.85198,60.27665],[24.852,60.27665],[24.85201,60.27665],[24.85203,60.27664],[24.85204,60.27664],[24.85204,60.27664],[24.85195,60.27622],[24.85206,60.27621],[24.85189,60.27542],[24.85175,60.27525],[24.85169,60.2745],[24.85162,60.27449],[24.85153,60.27449],[24.8516,60.27523],[24.85148,60.27535],[24.85125,60.2756],[24.85101,60.27584],[24.8509,60.27596],[24.85078,60.27608],[24.85055,60.27633],[24.85033,60.27656]]]},"properties":{"name":"002414 Martinlaaksontie 26","kind":"plan","ptype":"zoning","subtype":"Asemakaava","status":"hyvaksytty","date":"20260609","url":"https://www.vantaa.fi/fi/kaavoitus/kaavat/martinlaaksontielle-palvelutontti","source":"Vantaa"}},{"type":"Feature","geometry":{"type":"Polygon","coordinates":[[[24.85267,60.27654],[24.85381,60.27637],[24.85496,60.27624],[24.85628,60.2762],[24.85646,60.27609],[24.85644,60.27589],[24.85634,60.27586],[24.85565,60.27587],[24.85523,60.27572],[24.8547,60.27559],[24.85464,60.27544],[24.85421,60.2756],[24.85225,60.27494],[24.85267,60.27654]]]},"properties":{"name":"002413 Martinlaakson keskusta-asuminen","kind":"plan","ptype":"zoning","subtype":"Asemakaava","status":"vireilla","date":"20210831","url":"https://www.vantaa.fi/fi/kaavoitus/kaavat/martinlaaksontiella-rautatien-itapuolelle-asuntoja-ja-liiketilaa","source":"Vantaa"}},{"type":"Feature","geometry":{"type":"Polygon","coordinates":[[[25.03713,60.29189],[25.03728,60.29216],[25.03729,60.29217],[25.0373,60.29219],[25.03731,60.2922],[25.03732,60.2922],[25.03733,60.29221],[25.03735,60.29222],[25.03738,60.29223],[25.0374,60.29223],[25.03741,60.29223],[25.03759,60.29222],[25.03773,60.29221],[25.03869,60.29206],[25.03849,60.29169],[25.03713,60.29189]]]},"properties":{"name":"002538 Unikkotie 10","kind":"plan","ptype":"zoning","subtype":"Asemakaava","status":"vireilla","date":"20250530","url":"https://www.vantaa.fi/fi/kaavoitus/kaavat/tikkurilassa-unikkotielle-asuinkerrostaloja","source":"Vantaa"}},{"type":"Feature","geometry":{"type":"Polygon","coordinates":[[[25.04035,60.28926],[25.04056,60.28938],[25.04079,60.28947],[25.04097,60.28952],[25.04123,60.28955],[25.0416,60.28957],[25.04177,60.28956],[25.04208,60.28988],[25.04253,60.28973],[25.0419,60.28934],[25.04238,60.28932],[25.04194,60.28839],[25.04117,60.28848],[25.03847,60.2878],[25.04061,60.28552],[25.04044,60.2852],[25.03788,60.28798],[25.03789,60.28815],[25.03789,60.28828],[25.03796,60.28853],[25.03807,60.28865],[25.03824,60.28874],[25.03849,60.28882],[25.03876,60.28885],[25.03906,60.28884],[25.0395,60.2888],[25.03971,60.28881],[25.0399,60.28885],[25.04002,60.28891],[25.0401,60.28902],[25.04019,60.28913],[25.04035,60.28926]]]},"properties":{"name":"002512 Tikkurilan sauna","kind":"plan","ptype":"zoning","subtype":"Asemakaava","status":"vireilla","date":"20260505","url":"https://www.vantaa.fi/fi/kaavoitus/kaavat/tikkurilan-sauna-heurekan-rantaan","source":"Vantaa"}},{"type":"Feature","geometry":{"type":"Polygon","coordinates":[[[24.97291,60.29609],[24.97335,60.29656],[24.97336,60.29657],[24.97338,60.29658],[24.9734,60.2966],[24.97342,60.29661],[24.97345,60.29662],[24.97346,60.29662],[24.97348,60.29662],[24.97351,60.29663],[24.97354,60.29663],[24.97358,60.29663],[24.97361,60.29663],[24.97362,60.29663],[24.97609,60.29641],[24.97685,60.29635],[24.97685,60.29635],[24.97684,60.29635],[24.97683,60.29635],[24.97682,60.29635],[24.97681,60.29635],[24.9768,60.29634],[24.9768,60.29634],[24.97679,60.29634],[24.97679,60.29634],[24.97678,60.29634],[24.97677,60.29633],[24.97677,60.29633],[24.97677,60.29632],[24.97677,60.29632],[24.97642,60.29554],[24.97589,60.29537],[24.97464,60.29545],[24.97454,60.29544],[24.97451,60.29532],[24.97371,60.29532],[24.97347,60.29525],[24.97265,60.29504],[24.97291,60.29609]]]},"properties":{"name":"002514 Annefred pohjoinen","kind":"plan","ptype":"zoning","subtype":"Asemakaava","status":"vireilla","date":"20220809","url":"https://www.vantaa.fi/fi/kaavoitus/kaavat/ralssitielle-kerrostaloja-liike-ja-tyotilaa-korttelin-kivijalkaan","source":"Vantaa"}},{"type":"Feature","geometry":{"type":"Polygon","coordinates":[[[24.97241,60.29661],[24.97235,60.29638],[24.97231,60.2962],[24.97217,60.29565],[24.97215,60.29557],[24.97059,60.29566],[24.97061,60.29574],[24.97062,60.29583],[24.97067,60.29611],[24.97075,60.29661],[24.97078,60.29679],[24.97077,60.29703],[24.97108,60.29716],[24.9711,60.29724],[24.97123,60.29718],[24.97146,60.29709],[24.97149,60.29708],[24.9717,60.297],[24.97188,60.29694],[24.97233,60.29679],[24.97239,60.29677],[24.97239,60.29677],[24.9724,60.29676],[24.97241,60.29676],[24.97242,60.29675],[24.97243,60.29675],[24.97243,60.29675],[24.97243,60.29674],[24.97243,60.29673],[24.97244,60.29672],[24.97243,60.29672],[24.97241,60.29661]]]},"properties":{"name":"002586 Rälssitie 6","kind":"plan","ptype":"zoning","subtype":"Asemakaava","status":"vireilla","date":"20260312","url":"https://www.vantaa.fi/fi/kaavoitus/kaavat/ralssitielle-asumista-veromiehessa","source":"Vantaa"}},{"type":"Feature","geometry":{"type":"Polygon","coordinates":[[[24.95381,60.30465],[24.95381,60.30465],[24.95381,60.30466],[24.95381,60.30466],[24.9538,60.30466],[24.9538,60.30466],[24.9538,60.30467],[24.9538,60.30467],[24.95381,60.30467],[24.95381,60.30467],[24.95381,60.30468],[24.95381,60.30468],[24.95382,60.30468],[24.95382,60.30468],[24.95388,60.30467],[24.9544,60.30457],[24.95454,60.30477],[24.95563,60.30525],[24.95577,60.30524],[24.95682,60.3057],[24.95679,60.30571],[24.95673,60.30573],[24.95657,60.30578],[24.95657,60.30578],[24.95652,60.30581],[24.9565,60.30582],[24.95649,60.30582],[24.9564,60.30587],[24.9563,60.30593],[24.95628,60.30594],[24.95624,60.30596],[24.95623,60.30597],[24.95618,60.30599],[24.95616,60.30601],[24.95609,60.30604],[24.95594,60.30608],[24.95598,60.30609],[24.95624,60.30621],[24.95625,60.30621],[24.95653,60.30634],[24.95653,60.30634],[24.9568,60.30609],[24.95685,60.30605],[24.9569,60.30601],[24.95679,60.30596],[24.95669,60.30592],[24.95668,60.30591],[24.9567,60.30591],[24.95672,60.30589],[24.95676,60.30587],[24.95678,60.30586],[24.95679,60.30586],[24.95681,60.30584],[24.95686,60.30582],[24.95689,60.3058],[24.95689,60.3058],[24.95693,60.30578],[24.95694,60.30578],[24.95694,60.30577],[24.95694,60.30577],[24.95696,60.30577],[24.95697,60.30576],[24.95698,60.30576],[24.95698,60.30576],[24.957,60.30575],[24.95704,60.30574],[24.95708,60.30572],[24.95711,60.30572],[24.95716,60.3057],[24.95724,60.30568],[24.95726,60.30568],[24.95727,60.30567],[24.95731,60.30567],[24.95735,60.30566],[24.95735,60.30566],[24.95737,60.30565],[24.95769,60.30558],[24.95787,60.30554],[24.95771,60.3054],[24.95769,60.30537],[24.95769,60.30537],[24.95735,60.30501],[24.95739,60.305],[24.95738,60.30498],[24.95735,60.30494],[24.95671,60.30425],[24.95661,60.30418],[24.95628,60.30382],[24.95627,60.30381],[24.95626,60.30381],[24.95625,60.3038],[24.95625,60.3038],[24.95624,60.3038],[24.95623,60.30379],[24.95623,60.30379],[24.95609,60.30376],[24.95606,60.30377],[24.95477,60.30407],[24.95472,60.30408],[24.95464,60.30411],[24.95462,60.30411],[24.95457,60.30414],[24.95451,60.30417],[24.9545,60.30418],[24.95381,60.30465]]]},"properties":{"name":"002564 Asuinkortteli Aviakujan pohjoispuolelle","kind":"plan","ptype":"zoning","subtype":"Asemakaava","status":"vireilla","date":"20240213","url":"https://www.vantaa.fi/fi/kaavoitus/kaavat/veromiehessa-aviakujan-pohjoispuolelle-asumista","source":"Vantaa"}},{"type":"Feature","geometry":{"type":"Polygon","coordinates":[[[24.96289,60.30312],[24.96291,60.30323],[24.96296,60.30351],[24.96307,60.30363],[24.96309,60.30365],[24.96192,60.30391],[24.96214,60.30409],[24.96226,60.30418],[24.96332,60.3039],[24.96339,60.30397],[24.96368,60.30429],[24.96393,60.30457],[24.96407,60.30471],[24.96452,60.30461],[24.96466,60.30476],[24.96545,60.30458],[24.96539,60.30452],[24.96631,60.3043],[24.96617,60.30416],[24.96609,60.30403],[24.96603,60.30393],[24.96599,60.30381],[24.96599,60.30379],[24.96592,60.3037],[24.96589,60.30366],[24.96579,60.30357],[24.96575,60.30353],[24.9656,60.30342],[24.96555,60.30338],[24.96526,60.30315],[24.96517,60.30308],[24.96498,60.30288],[24.96462,60.3025],[24.96404,60.30242],[24.96393,60.3024],[24.96377,60.30238],[24.96374,60.3024],[24.9637,60.30243],[24.96305,60.3029],[24.96289,60.30312]]]},"properties":{"name":"002565 Teknobulevardi 7, 9 ja 11","kind":"plan","ptype":"zoning","subtype":"Asemakaava","status":"vireilla","date":"20260312","url":"https://www.vantaa.fi/fi/kaavoitus/kaavat/teknobulevardille-toimistorakennuksia-veromiehessa","source":"Vantaa"}},{"type":"Feature","geometry":{"type":"Polygon","coordinates":[[[24.97215,60.29345],[24.97223,60.29346],[24.97238,60.29342],[24.97254,60.29338],[24.97534,60.29267],[24.97534,60.29252],[24.97535,60.29226],[24.97534,60.2922],[24.97497,60.29188],[24.97477,60.29171],[24.97361,60.29071],[24.97111,60.29166],[24.97046,60.29214],[24.971,60.29251],[24.9713,60.29264],[24.97165,60.29287],[24.97182,60.29304],[24.97215,60.29345]]]},"properties":{"name":"002571 Asumista Rälssitien ja Äyritien risteykseen","kind":"plan","ptype":"zoning","subtype":"Asemakaava","status":"vireilla","date":"20241231","url":"https://www.vantaa.fi/fi/kaavoitus/kaavat/asumista-ralssitien-ja-ayritien-risteykseen-veromiehessa","source":"Vantaa"}},{"type":"Feature","geometry":{"type":"Polygon","coordinates":[[[25.03086,60.28567],[25.03095,60.28587],[25.03099,60.28594],[25.03106,60.28607],[25.03112,60.28616],[25.03119,60.28626],[25.0312,60.28628],[25.03122,60.28631],[25.03129,60.2864],[25.03131,60.28642],[25.03141,60.28653],[25.03159,60.28672],[25.03176,60.28658],[25.033,60.28656],[25.03293,60.28645],[25.03284,60.28631],[25.0328,60.28625],[25.03257,60.2859],[25.03254,60.28585],[25.03251,60.2858],[25.03227,60.28542],[25.03146,60.2856],[25.03086,60.28567]]]},"properties":{"name":"002555 Virnakortteli","kind":"plan","ptype":"zoning","subtype":"Asemakaava","status":"hyvaksytty","date":"20241022","url":"https://www.vantaa.fi/fi/kaavoitus/kaavat/tikkurilassa-virnakortteliin-asuinrakentamista","source":"Vantaa"}},{"type":"Feature","geometry":{"type":"Polygon","coordinates":[[[25.02008,60.29798],[25.02296,60.2975],[25.02299,60.2975],[25.02303,60.29749],[25.02307,60.29748],[25.0231,60.29746],[25.02314,60.29744],[25.02315,60.29744],[25.02316,60.29742],[25.02318,60.2974],[25.0232,60.29738],[25.02321,60.29736],[25.02321,60.29733],[25.02321,60.29733],[25.02317,60.2968],[25.02144,60.29687],[25.02129,60.29687],[25.02015,60.29691],[25.01956,60.29692],[25.01961,60.29771],[25.0198,60.29798],[25.02008,60.29798]]]},"properties":{"name":"002549 Lummetie 30-32","kind":"plan","ptype":"zoning","subtype":"Asemakaava","status":"vireilla","date":"20230509","url":"https://www.vantaa.fi/fi/kaavoitus/kaavat/viertolassa-lummetielle-asuinkerrostaloja","source":"Vantaa"}},{"type":"Feature","geometry":{"type":"Polygon","coordinates":[[[24.962,60.2856],[24.9616,60.28583],[24.96112,60.28609],[24.961,60.28615],[24.96081,60.28624],[24.96072,60.28628],[24.96112,60.28671],[24.9619,60.28752],[24.96199,60.2875],[24.96281,60.28731],[24.96253,60.28704],[24.96227,60.28679],[24.962,60.28653],[24.96344,60.28628],[24.96316,60.28568],[24.96256,60.28543],[24.96256,60.28543],[24.96255,60.28542],[24.96254,60.28542],[24.96253,60.28542],[24.96252,60.28542],[24.96252,60.28542],[24.9625,60.28542],[24.96249,60.28542],[24.96248,60.28542],[24.96247,60.28542],[24.96247,60.28542],[24.96246,60.28542],[24.96246,60.28542],[24.96245,60.28543],[24.962,60.2856]]]},"properties":{"name":"002439 Veromäen koulun laajennus","kind":"plan","ptype":"zoning","subtype":"Asemakaava","status":"vireilla","date":"20200421","url":"https://www.vantaa.fi/fi/kaavoitus/kaavat/veromaen-koulun-hiekkakentalle-paviljonkirakennus","source":"Vantaa"}},{"type":"Feature","geometry":{"type":"Polygon","coordinates":[[[25.1112,60.25517],[25.11121,60.25503],[25.111,60.25501],[25.11064,60.25495],[25.11027,60.25489],[25.10993,60.2548],[25.10979,60.25478],[25.10959,60.25474],[25.10929,60.25464],[25.10884,60.25447],[25.10874,60.25443],[25.10846,60.25433],[25.10793,60.25422],[25.10734,60.25413],[25.10698,60.25408],[25.10662,60.25405],[25.10569,60.254],[25.10494,60.25398],[25.10371,60.25397],[25.10275,60.25398],[25.1017,60.25402],[25.10101,60.25402],[25.1003,60.25408],[25.09999,60.25407],[25.0991,60.25414],[25.09907,60.2542],[25.09901,60.25434],[25.0989,60.25442],[25.09867,60.25447],[25.09773,60.25443],[25.09752,60.25445],[25.09712,60.25488],[25.09596,60.25613],[25.09444,60.25631],[25.09439,60.2567],[25.09427,60.25744],[25.09418,60.25805],[25.0941,60.25852],[25.09343,60.25933],[25.09348,60.25959],[25.09348,60.25964],[25.09324,60.26004],[25.09334,60.26005],[25.09345,60.25987],[25.09386,60.25992],[25.09393,60.25985],[25.09407,60.25975],[25.09423,60.25966],[25.09428,60.25963],[25.09441,60.25958],[25.09462,60.25951],[25.09484,60.25945],[25.09489,60.25944],[25.09526,60.25943],[25.09562,60.25943],[25.09586,60.25943],[25.09575,60.26004],[25.09681,60.25997],[25.09893,60.25995],[25.09912,60.26014],[25.09994,60.25991],[25.10036,60.2599],[25.10061,60.25988],[25.10126,60.25994],[25.1014,60.25995],[25.10141,60.25991],[25.1023,60.26002],[25.10232,60.25998],[25.10254,60.25954],[25.10166,60.25944],[25.10132,60.2594],[25.10117,60.2593],[25.10124,60.25924],[25.10132,60.25917],[25.10141,60.25909],[25.10153,60.25897],[25.10163,60.25889],[25.1017,60.25884],[25.10172,60.25883],[25.10182,60.25877],[25.10191,60.25872],[25.10192,60.25872],[25.10202,60.25867],[25.10221,60.25859],[25.10244,60.25851],[25.10254,60.25848],[25.1029,60.25839],[25.1029,60.25839],[25.10393,60.25837],[25.10457,60.25834],[25.1058,60.25793],[25.10594,60.25773],[25.10606,60.25766],[25.10631,60.25758],[25.10667,60.25746],[25.10699,60.25729],[25.10701,60.25728],[25.10789,60.25705],[25.10844,60.25698],[25.1091,60.25697],[25.11035,60.2571],[25.111,60.25727],[25.11103,60.25728],[25.1113,60.2567],[25.11127,60.25633],[25.11121,60.25571],[25.11119,60.25544],[25.11119,60.25538],[25.1112,60.25517]]]},"properties":{"name":"931400 Vantaan ratikka: Eteläinen Vaarala ja pohjoinen Länsimäki","kind":"plan","ptype":"zoning","subtype":"Asemakaava","status":"vireilla","date":"20260513","url":"https://www.vantaa.fi/fi/kaavoitus/kaavat/vantaan-ratikka-etelainen-vaarala-ja-pohjoinen-lansimaki","source":"Vantaa"}},{"type":"Feature","geometry":{"type":"Polygon","coordinates":[[[24.96662,60.31596],[24.96684,60.31606],[24.96686,60.31609],[24.96686,60.3161],[24.96687,60.31612],[24.96687,60.31615],[24.96682,60.31615],[24.96682,60.31619],[24.96687,60.31619],[24.96687,60.31619],[24.96687,60.31621],[24.96685,60.31671],[24.96682,60.31672],[24.96682,60.31676],[24.96684,60.31677],[24.96684,60.31677],[24.96718,60.31693],[24.96725,60.31689],[24.96727,60.3169],[24.9677,60.3171],[24.96775,60.31707],[24.96718,60.3168],[24.96722,60.316],[24.96661,60.31573],[24.96661,60.31573],[24.96642,60.31564],[24.96617,60.31553],[24.96616,60.31554],[24.96572,60.31534],[24.96572,60.3153],[24.96516,60.31504],[24.96514,60.31501],[24.9652,60.31493],[24.96645,60.31425],[24.96651,60.31428],[24.96678,60.31413],[24.96709,60.31397],[24.96758,60.31371],[24.96755,60.31369],[24.96816,60.31336],[24.96768,60.31315],[24.96764,60.31319],[24.96762,60.3132],[24.96759,60.31323],[24.96754,60.31325],[24.96494,60.31467],[24.9648,60.3149],[24.96461,60.31508],[24.96597,60.3157],[24.966,60.31569],[24.96619,60.31577],[24.96655,60.31593],[24.9665,60.31596],[24.96657,60.31599],[24.96662,60.31596]]]},"properties":{"name":"002462 ja 002462ma Vantaan ratikka: Lentoasema ja Teletie","kind":"plan","ptype":"zoning","subtype":"Asemakaava","status":"vireilla","date":"20231207","url":"https://www.vantaa.fi/fi/kaavoitus/kaavat/vantaan-ratikka-lentoasema-ja-teletie","source":"Vantaa"}},{"type":"Feature","geometry":{"type":"Polygon","coordinates":[[[24.85572,60.27504],[24.85564,60.27502],[24.85523,60.27481],[24.85506,60.2747],[24.85425,60.27503],[24.85485,60.27536],[24.85503,60.27546],[24.85509,60.27549],[24.85528,60.27557],[24.85537,60.2756],[24.85548,60.27564],[24.85571,60.2757],[24.85576,60.27571],[24.85582,60.27572],[24.85588,60.27572],[24.85593,60.27572],[24.85596,60.27572],[24.85603,60.27572],[24.85609,60.27572],[24.85627,60.27569],[24.85631,60.27568],[24.85648,60.27565],[24.85648,60.27563],[24.85649,60.27561],[24.85648,60.27559],[24.85648,60.27558],[24.85647,60.27557],[24.85646,60.27555],[24.85644,60.27553],[24.85572,60.27504]]]},"properties":{"name":"002447 Vihertie 44-46 ja 48","kind":"plan","ptype":"zoning","subtype":"Asemakaava","status":"vireilla","date":"20260226","url":"https://www.vantaa.fi/fi/kaavoitus/kaavat/vihertielle-monipuolista-asumista-martinlaaksossa","source":"Vantaa"}},{"type":"Feature","geometry":{"type":"Polygon","coordinates":[[[25.10725,60.28172],[25.10722,60.28198],[25.10735,60.28203],[25.10742,60.28205],[25.10747,60.28206],[25.10753,60.28207],[25.1076,60.28207],[25.10766,60.28207],[25.10773,60.28207],[25.10779,60.28206],[25.10798,60.28203],[25.10838,60.28197],[25.10914,60.28185],[25.10916,60.28185],[25.10919,60.28184],[25.10921,60.28183],[25.10923,60.28182],[25.10924,60.28181],[25.10925,60.2818],[25.10926,60.28179],[25.10927,60.28178],[25.10927,60.28175],[25.10928,60.28173],[25.10929,60.28171],[25.1093,60.28168],[25.10931,60.28166],[25.10932,60.28164],[25.10936,60.2816],[25.10771,60.28154],[25.10725,60.28172]]]},"properties":{"name":"002508 Vaunukuja 2","kind":"plan","ptype":"zoning","subtype":"Asemakaava","status":"vireilla","date":"20220622","url":"https://www.vantaa.fi/fi/kaavoitus/kaavat/vaunukujalle-kerrostaloja-hakunilan-keskustassa","source":"Vantaa"}},{"type":"Feature","geometry":{"type":"Polygon","coordinates":[[[25.02765,60.30359],[25.02765,60.30357],[25.02766,60.30354],[25.02767,60.30353],[25.02768,60.30351],[25.02771,60.30348],[25.02793,60.30328],[25.02811,60.30312],[25.02827,60.30297],[25.02827,60.30282],[25.02826,60.30282],[25.02825,60.30281],[25.02824,60.30281],[25.02823,60.3028],[25.02823,60.3028],[25.02822,60.3028],[25.02822,60.30279],[25.02821,60.30279],[25.02821,60.30278],[25.02821,60.30277],[25.0282,60.30267],[25.02811,60.30267],[25.028,60.30267],[25.0276,60.30267],[25.02748,60.30267],[25.02698,60.30266],[25.02673,60.30266],[25.02644,60.30269],[25.02552,60.30278],[25.02521,60.30281],[25.02476,60.30285],[25.02464,60.30301],[25.02432,60.30321],[25.02406,60.30337],[25.02394,60.30345],[25.02477,60.30379],[25.02486,60.30382],[25.02558,60.30404],[25.02629,60.30424],[25.02641,60.30427],[25.02693,60.30447],[25.02779,60.30499],[25.02818,60.30467],[25.02751,60.3045],[25.02752,60.30418],[25.02764,60.30418],[25.02765,60.30379],[25.02765,60.30359]]]},"properties":{"name":"002422 Simonkylän elinkaariasuminen ja päiväkoti","kind":"plan","ptype":"zoning","subtype":"Asemakaava","status":"vireilla","date":"20260401","url":"https://www.vantaa.fi/fi/kaavoitus/kaavat/simonkylan-vanhustenkeskuksen-pohjoispuolelle-paivakoti","source":"Vantaa"}},{"type":"Feature","geometry":{"type":"Polygon","coordinates":[[[25.00338,60.30172],[25.00522,60.30232],[25.00529,60.30234],[25.00535,60.30228],[25.00672,60.30088],[25.00663,60.30003],[25.0061,60.30003],[25.00605,60.30003],[25.00348,60.30005],[25.00335,60.30049],[25.00349,60.3015],[25.00348,60.3016],[25.00338,60.30172]]]},"properties":{"name":"002552 Puutarhatie 47","kind":"plan","ptype":"zoning","subtype":"Asemakaava","status":"vireilla","date":"20260608","url":"https://www.vantaa.fi/fi/kaavoitus/kaavat/koivuhaassa-jehovan-todistajille-lisaa-toimitiloja-ja-asuntola","source":"Vantaa"}},{"type":"Feature","geometry":{"type":"Polygon","coordinates":[[[25.05219,60.30104],[25.05195,60.30124],[25.05194,60.30126],[25.05175,60.30139],[25.05198,60.30147],[25.05181,60.30179],[25.05179,60.30182],[25.05169,60.30203],[25.05158,60.30223],[25.05156,60.30228],[25.05135,60.30269],[25.05124,60.30292],[25.05117,60.30298],[25.05082,60.3036],[25.05052,60.30363],[25.04991,60.30368],[25.05036,60.30465],[25.05038,60.3047],[25.05082,60.30564],[25.05079,60.30564],[25.05117,60.30652],[25.05189,60.3082],[25.05218,60.30861],[25.05244,60.30903],[25.05286,60.30971],[25.05313,60.31028],[25.05342,60.31074],[25.05353,60.31069],[25.05361,60.31066],[25.05362,60.31066],[25.05375,60.31061],[25.05382,60.31058],[25.05385,60.31054],[25.05392,60.3105],[25.05392,60.31045],[25.05392,60.3104],[25.05391,60.31036],[25.05395,60.31031],[25.05398,60.31026],[25.054,60.31022],[25.05402,60.31016],[25.05404,60.31013],[25.05408,60.31009],[25.05413,60.31006],[25.05418,60.31003],[25.05423,60.31],[25.05429,60.30997],[25.05436,60.30994],[25.05443,60.3099],[25.05451,60.30987],[25.05456,60.30987],[25.0546,60.30988],[25.0546,60.30992],[25.05463,60.30995],[25.05464,60.30999],[25.05461,60.31004],[25.05462,60.31011],[25.05467,60.31013],[25.05471,60.31014],[25.05479,60.31012],[25.05485,60.31009],[25.05488,60.31002],[25.0549,60.30997],[25.05492,60.30993],[25.05491,60.30989],[25.05489,60.30986],[25.05487,60.30982],[25.05484,60.30979],[25.05484,60.30977],[25.05484,60.30972],[25.05485,60.30968],[25.05486,60.30965],[25.05488,60.30961],[25.05488,60.30958],[25.05488,60.30956],[25.05489,60.30953],[25.05493,60.3095],[25.05499,60.30949],[25.05507,60.30949],[25.0553,60.3095],[25.05538,60.30951],[25.05543,60.30957],[25.0555,60.30962],[25.05555,60.30963],[25.05563,60.30962],[25.0557,60.30959],[25.05579,60.30952],[25.05572,60.30937],[25.0557,60.30934],[25.05577,60.30928],[25.05589,60.30921],[25.0561,60.30907],[25.05623,60.30897],[25.05626,60.30893],[25.05626,60.3089],[25.05622,60.30886],[25.05615,60.30884],[25.05607,60.30883],[25.056,60.3088],[25.05598,60.30875],[25.05605,60.30871],[25.05611,60.30867],[25.0562,60.30865],[25.05632,60.30867],[25.05642,60.30869],[25.05658,60.30871],[25.05673,60.30873],[25.05681,60.30872],[25.05691,60.30868],[25.05696,60.30862],[25.05703,60.30855],[25.05698,60.30848],[25.05685,60.30834],[25.05663,60.30824],[25.05652,60.30818],[25.05648,60.30812],[25.05648,60.30807],[25.05657,60.30801],[25.05664,60.30797],[25.05667,60.30795],[25.05672,60.30797],[25.05683,60.30797],[25.05706,60.308],[25.05723,60.30802],[25.05739,60.30803],[25.05748,60.30803],[25.05755,60.30802],[25.05762,60.308],[25.05765,60.30796],[25.05766,60.30792],[25.05763,60.30788],[25.05763,60.30783],[25.05759,60.30778],[25.05756,60.30775],[25.05748,60.30768],[25.05749,60.30758],[25.0575,60.30752],[25.05775,60.30732],[25.05781,60.30731],[25.05793,60.30731],[25.058,60.30735],[25.05816,60.30738],[25.05832,60.30739],[25.05842,60.30738],[25.05844,60.30737],[25.05846,60.30736],[25.05847,60.30735],[25.05847,60.30733],[25.05847,60.30731],[25.05845,60.3073],[25.05844,60.30728],[25.05843,60.30727],[25.05843,60.30726],[25.05843,60.30725],[25.05844,60.30723],[25.05844,60.30722],[25.05844,60.30721],[25.05844,60.30719],[25.05844,60.30719],[25.05844,60.30717],[25.05844,60.30716],[25.05845,60.30715],[25.05845,60.30713],[25.05845,60.30711],[25.05845,60.30709],[25.05845,60.30708],[25.05845,60.30706],[25.05845,60.30705],[25.05846,60.30704],[25.05846,60.30704],[25.05848,60.30702],[25.05849,60.30702],[25.05852,60.30701],[25.05852,60.307],[25.05855,60.30699],[25.05856,60.30698],[25.05857,60.30697],[25.05858,60.30695],[25.05857,60.30694],[25.05856,60.30693],[25.05856,60.30691],[25.05855,60.3069],[25.05854,60.30688],[25.05854,60.30687],[25.05853,60.30685],[25.05852,60.30684],[25.05852,60.30683],[25.05852,60.30682],[25.05852,60.3068],[25.05852,60.3068],[25.05852,60.30679],[25.05852,60.30678],[25.05854,60.30676],[25.05854,60.30676],[25.05856,60.30674],[25.05857,60.30674],[25.05858,60.30673],[25.05862,60.30672],[25.05864,60.30672],[25.05866,60.30671],[25.05869,60.30671],[25.05872,60.30671],[25.05873,60.30671],[25.05877,60.30672],[25.05879,60.30672],[25.05886,60.30672],[25.05887,60.30672],[25.0589,60.30672],[25.05894,60.30673],[25.05897,60.30674],[25.05901,60.30674],[25.05905,60.30674],[25.05906,60.30674],[25.0591,60.30674],[25.05913,60.30674],[25.05915,60.30674],[25.05918,60.30674],[25.05919,60.30674],[25.05923,60.30673],[25.05925,60.30673],[25.05929,60.30673],[25.05931,60.30673],[25.05935,60.30672],[25.05939,60.30672],[25.0594,60.30672],[25.05943,60.30671],[25.05945,60.30671],[25.05949,60.30671],[25.05952,60.3067],[25.05956,60.3067],[25.05958,60.30669],[25.05962,60.30669],[25.05965,60.30669],[25.05968,60.30669],[25.05971,60.30669],[25.05974,60.30669],[25.05977,60.30669],[25.0598,60.3067],[25.05983,60.30671],[25.05985,60.30672],[25.05988,60.30673],[25.05989,60.30673],[25.05992,60.30674],[25.05995,60.30675],[25.05996,60.30675],[25.05999,60.30676],[25.06,60.30677],[25.06003,60.30677],[25.06006,60.30677],[25.06008,60.30677],[25.06011,60.30676],[25.06013,60.30676],[25.06015,60.30674],[25.06017,60.30673],[25.06018,60.30672],[25.06018,60.3067],[25.06017,60.30669],[25.06016,60.30668],[25.06015,60.30667],[25.06015,60.30666],[25.06013,60.30665],[25.06011,60.30663],[25.0601,60.30663],[25.06007,60.30661],[25.06006,60.3066],[25.06004,60.30658],[25.06004,60.30658],[25.06003,60.30657],[25.06002,60.30655],[25.06001,60.30654],[25.06,60.30652],[25.06,60.30651],[25.06,60.30649],[25.06,60.30648],[25.06,60.30647],[25.06001,60.30645],[25.06002,60.30644],[25.06004,60.30643],[25.06007,60.30642],[25.0601,60.30642],[25.06013,60.30641],[25.06016,60.30641],[25.0602,60.3064],[25.06021,60.3064],[25.06024,60.3064],[25.06028,60.30639],[25.06029,60.30639],[25.06032,60.3064],[25.06034,60.3064],[25.06038,60.30641],[25.06038,60.30641],[25.06041,60.30642],[25.06042,60.30642],[25.06045,60.30643],[25.06045,60.30643],[25.06048,60.30645],[25.06049,60.30645],[25.06052,60.30645],[25.06055,60.30646],[25.06057,60.30647],[25.06059,60.30648],[25.06059,60.30649],[25.06058,60.30651],[25.06057,60.30652],[25.06055,60.30654],[25.06055,60.30654],[25.06054,60.30656],[25.06054,60.30657],[25.06053,60.30658],[25.06053,60.3066],[25.06054,60.30662],[25.06056,60.30663],[25.06058,60.30664],[25.0606,60.30665],[25.06062,60.30665],[25.06065,60.30666],[25.06067,60.30667],[25.0607,60.30668],[25.06072,60.30668],[25.06075,60.30668],[25.06077,60.30668],[25.06081,60.30668],[25.06083,60.30667],[25.06086,60.30667],[25.06089,60.30666],[25.0609,60.30665],[25.06092,60.30664],[25.06093,60.30663],[25.06096,60.30661],[25.06097,60.3066],[25.06098,60.30658],[25.06098,60.30657],[25.06096,60.30655],[25.06095,60.30654],[25.06094,60.30653],[25.06092,60.30652],[25.06092,60.30652],[25.0609,60.3065],[25.06089,60.30649],[25.06089,60.30647],[25.06089,60.30646],[25.06089,60.30644],[25.06088,60.30642],[25.06088,60.30641],[25.06087,60.30639],[25.06085,60.30637],[25.06085,60.30637],[25.06083,60.30636],[25.06082,60.30636],[25.0608,60.30634],[25.06079,60.30633],[25.06077,60.30632],[25.06075,60.30631],[25.06073,60.30629],[25.06072,60.30628],[25.06071,60.30626],[25.0607,60.30625],[25.0607,60.30623],[25.06071,60.30622],[25.06072,60.30621],[25.06073,60.3062],[25.06076,60.30619],[25.06079,60.30619],[25.06082,60.30618],[25.06084,60.30618],[25.06087,60.30618],[25.06089,60.30616],[25.0609,60.30615],[25.06092,60.30615],[25.06095,60.30614],[25.06099,60.30614],[25.06101,60.30613],[25.06104,60.30613],[25.06106,60.30613],[25.0611,60.30612],[25.06113,60.30611],[25.06115,60.30611],[25.06118,60.3061],[25.06122,60.30609],[25.06126,60.30608],[25.06127,60.30607],[25.0613,60.30606],[25.06133,60.30605],[25.06134,60.30605],[25.06137,60.30604],[25.06138,60.30604],[25.06141,60.30603],[25.06145,60.30603],[25.06146,60.30602],[25.06149,60.30602],[25.06153,60.30602],[25.06154,60.30602],[25.06157,60.30603],[25.06161,60.30603],[25.06164,60.30604],[25.06166,60.30604],[25.0617,60.30604],[25.06171,60.30604],[25.06174,60.30604],[25.06175,60.30604],[25.06179,60.30604],[25.0618,60.30604],[25.06183,60.30604],[25.06184,60.30604],[25.06188,60.30604],[25.06189,60.30604],[25.06193,60.30604],[25.06196,60.30605],[25.06199,60.30604],[25.062,60.30604],[25.06203,60.30603],[25.06206,60.30602],[25.06208,60.30601],[25.0621,60.30599],[25.06212,60.30597],[25.06213,60.30595],[25.06214,60.30595],[25.06216,60.30593],[25.06218,60.30592],[25.0622,60.30591],[25.06221,60.30589],[25.06221,60.30587],[25.06222,60.30586],[25.06221,60.30585],[25.06221,60.30584],[25.0622,60.30582],[25.06219,60.3058],[25.06219,60.30579],[25.06218,60.30578],[25.06216,60.30576],[25.06214,60.30574],[25.06211,60.30571],[25.06209,60.30569],[25.06207,60.30566],[25.06205,60.30564],[25.06204,60.30563],[25.06201,60.30562],[25.06199,60.30561],[25.06197,60.3056],[25.06196,60.30559],[25.06194,60.30557],[25.06193,60.30555],[25.06193,60.30553],[25.06193,60.30552],[25.06193,60.3055],[25.06194,60.30549],[25.06195,60.30547],[25.06196,60.30546],[25.06197,60.30544],[25.06198,60.30542],[25.062,60.30538],[25.06201,60.30537],[25.06202,60.30535],[25.06203,60.30533],[25.06205,60.30532],[25.06206,60.30531],[25.06208,60.30529],[25.0621,60.30528],[25.06213,60.30527],[25.06216,60.30526],[25.06219,60.30526],[25.06223,60.30526],[25.06223,60.30526],[25.06227,60.30525],[25.0623,60.30525],[25.06233,60.30525],[25.06237,60.30526],[25.06241,60.30527],[25.06243,60.30527],[25.06245,60.30528],[25.06248,60.30528],[25.06251,60.30529],[25.06254,60.30529],[25.06255,60.30529],[25.06258,60.3053],[25.0626,60.3053],[25.06264,60.3053],[25.06267,60.3053],[25.0627,60.30531],[25.06273,60.30532],[25.06275,60.30533],[25.06278,60.30534],[25.0628,60.30535],[25.06282,60.30536],[25.06285,60.30537],[25.06288,60.30538],[25.0629,60.3054],[25.06292,60.30541],[25.06295,60.30541],[25.06298,60.30542],[25.06299,60.30542],[25.06302,60.30542],[25.06305,60.30542],[25.06308,60.3054],[25.06309,60.30539],[25.0631,60.30538],[25.06311,60.30536],[25.06313,60.30534],[25.06314,60.30534],[25.06315,60.30532],[25.06318,60.30529],[25.06318,60.30529],[25.06322,60.30524],[25.06323,60.30522],[25.06325,60.3052],[25.06325,60.30519],[25.06326,60.30517],[25.06325,60.30515],[25.06325,60.30514],[25.06324,60.30511],[25.06324,60.30509],[25.06324,60.30509],[25.06323,60.30507],[25.06323,60.30506],[25.06322,60.30504],[25.06322,60.30503],[25.06324,60.30501],[25.06326,60.305],[25.06327,60.30499],[25.0633,60.30498],[25.06333,60.30497],[25.06334,60.30496],[25.06336,60.30495],[25.06338,60.30495],[25.06341,60.30494],[25.06345,60.30494],[25.06348,60.30494],[25.06351,60.30494],[25.06355,60.30494],[25.06358,60.30493],[25.0636,60.30491],[25.06362,60.30489],[25.06362,60.30488],[25.06363,60.30486],[25.06363,60.30485],[25.06364,60.30484],[25.06364,60.3048],[25.06364,60.30479],[25.06364,60.30477],[25.06365,60.30476],[25.06366,60.30474],[25.06368,60.30473],[25.06368,60.30472],[25.06371,60.30471],[25.06374,60.3047],[25.06375,60.30469],[25.06378,60.30468],[25.06381,60.30467],[25.06384,60.30466],[25.06385,60.30466],[25.06389,60.30466],[25.06392,60.30467],[25.06395,60.30468],[25.06398,60.30469],[25.06401,60.30469],[25.06404,60.3047],[25.06407,60.30471],[25.06412,60.30474],[25.06414,60.30475],[25.06419,60.30477],[25.0642,60.30477],[25.06423,60.30479],[25.06427,60.30482],[25.0643,60.30483],[25.06431,60.30483],[25.06434,60.30484],[25.06437,60.30484],[25.0644,60.30484],[25.06443,60.30484],[25.06447,60.30484],[25.0645,60.30484],[25.06452,60.30483],[25.06456,60.30483],[25.06459,60.30482],[25.0646,60.30482],[25.06463,60.30481],[25.06466,60.30479],[25.06469,60.30478],[25.06471,60.30477],[25.06472,60.30475],[25.06474,60.30473],[25.06474,60.30473],[25.06476,60.30471],[25.06478,60.3047],[25.06481,60.30468],[25.06482,60.30467],[25.06483,60.30465],[25.06483,60.30464],[25.06483,60.30462],[25.06483,60.30461],[25.06482,60.3046],[25.06481,60.30458],[25.0648,60.30456],[25.06478,60.30453],[25.06477,60.30451],[25.06477,60.3045],[25.06477,60.30448],[25.06478,60.30447],[25.06478,60.30445],[25.06479,60.30443],[25.0648,60.30442],[25.06482,60.30441],[25.06484,60.30439],[25.06499,60.30427],[25.06499,60.30426],[25.065,60.30425],[25.06502,60.30424],[25.06505,60.30422],[25.06508,60.30422],[25.06512,60.30422],[25.06516,60.30422],[25.06516,60.30422],[25.0652,60.30423],[25.06523,60.30423],[25.06526,60.30423],[25.0653,60.30423],[25.06533,60.30422],[25.06535,60.30421],[25.06537,60.30419],[25.06538,60.30417],[25.06539,60.30415],[25.06539,60.30414],[25.06539,60.30413],[25.06539,60.30411],[25.06539,60.30409],[25.06538,60.30408],[25.06536,60.30407],[25.06533,60.30405],[25.06531,60.30405],[25.06529,60.30403],[25.06526,60.30402],[25.06525,60.30401],[25.06524,60.30399],[25.06524,60.30398],[25.06524,60.30396],[25.06525,60.30395],[25.06527,60.30393],[25.0653,60.30392],[25.06533,60.30392],[25.06537,60.30392],[25.06541,60.30392],[25.06543,60.30392],[25.06544,60.30392],[25.06545,60.30392],[25.0654,60.30389],[25.06534,60.3039],[25.06529,60.3039],[25.06526,60.30388],[25.06518,60.30381],[25.06517,60.30376],[25.0652,60.30368],[25.06531,60.30357],[25.06543,60.30347],[25.06574,60.30326],[25.06578,60.3032],[25.06566,60.30316],[25.06446,60.30296],[25.06272,60.30268],[25.06235,60.30262],[25.05977,60.30215],[25.05777,60.30179],[25.05757,60.30175],[25.05753,60.30174],[25.05739,60.30177],[25.05718,60.30173],[25.05675,60.30165],[25.05674,60.30168],[25.0564,60.30161],[25.05326,60.30105],[25.05268,60.30094],[25.05248,60.30086],[25.05248,60.30086],[25.05247,60.30086],[25.05245,60.30086],[25.05244,60.30085],[25.05243,60.30085],[25.05241,60.30085],[25.0524,60.30085],[25.05239,60.30085],[25.05238,60.30085],[25.05237,60.30086],[25.05236,60.30086],[25.05235,60.30086],[25.05234,60.30087],[25.05233,60.30087],[25.05232,60.30088],[25.05231,60.30088],[25.05231,60.30089],[25.05219,60.30104]]]},"properties":{"name":"063100 Hanhiniityn suunnitteluperiaatteet","kind":"plan","ptype":"zoning","subtype":"Asemakaava","status":"vireilla","date":"20241210","url":"https://www.vantaa.fi/fi/kaavoitus/kaavat/hiekkaharjun-aseman-itapuolelle-jokiniemessa-laaditaan-suunnitteluperiaatteita","source":"Vantaa"}},{"type":"Feature","geometry":{"type":"Polygon","coordinates":[[[25.07498,60.31713],[25.07583,60.31684],[25.07667,60.31695],[25.07737,60.31704],[25.07794,60.31607],[25.07816,60.31572],[25.07836,60.31538],[25.07859,60.31498],[25.07872,60.31477],[25.0785,60.31466],[25.07812,60.31461],[25.07679,60.31471],[25.07622,60.31477],[25.0761,60.31475],[25.07383,60.31502],[25.0734,60.31509],[25.07295,60.31517],[25.07333,60.31546],[25.07299,60.31562],[25.07289,60.31571],[25.07258,60.3162],[25.07245,60.31641],[25.07302,60.3165],[25.07338,60.316],[25.07354,60.31612],[25.07436,60.31703],[25.07458,60.31727],[25.07487,60.31717],[25.07489,60.31716],[25.07492,60.31715],[25.07498,60.31713]]]},"properties":{"name":"002545 Piippilakki","kind":"plan","ptype":"zoning","subtype":"Asemakaava","status":"vireilla","date":"20250605","url":"https://www.vantaa.fi/fi/kaavoitus/kaavat/uusi-asuinalue-piippilakkiin-havukoskella","source":"Vantaa"}},{"type":"Feature","geometry":{"type":"Polygon","coordinates":[[[25.07647,60.34702],[25.07675,60.34753],[25.07686,60.34776],[25.07582,60.3479],[25.07551,60.34794],[25.07551,60.34794],[25.07549,60.34794],[25.07548,60.34794],[25.07546,60.34795],[25.07545,60.34795],[25.07545,60.34795],[25.07543,60.34796],[25.07542,60.34797],[25.07542,60.34798],[25.07541,60.34799],[25.07541,60.34799],[25.07529,60.34823],[25.07617,60.34812],[25.07663,60.34901],[25.07748,60.34891],[25.07788,60.3496],[25.07861,60.35077],[25.07863,60.35077],[25.07812,60.34978],[25.07765,60.34887],[25.07968,60.34861],[25.08,60.34857],[25.07953,60.34766],[25.07951,60.34762],[25.07952,60.34759],[25.07955,60.34756],[25.07959,60.34755],[25.07962,60.34754],[25.07996,60.34749],[25.08045,60.3474],[25.08041,60.34737],[25.08191,60.34711],[25.08182,60.34699],[25.08187,60.34698],[25.08191,60.34696],[25.08192,60.34694],[25.08193,60.34693],[25.08193,60.34691],[25.08192,60.34689],[25.08184,60.34677],[25.08183,60.34676],[25.08182,60.34675],[25.08179,60.34673],[25.08174,60.34672],[25.08171,60.34671],[25.08166,60.34672],[25.08159,60.34673],[25.08159,60.34673],[25.08156,60.34673],[25.08153,60.34674],[25.08152,60.34674],[25.08149,60.34674],[25.08146,60.34675],[25.08146,60.34675],[25.08145,60.34675],[25.08139,60.34676],[25.08139,60.34676],[25.08132,60.34677],[25.08132,60.34677],[25.08125,60.34678],[25.08125,60.34678],[25.08125,60.34678],[25.08119,60.34679],[25.08119,60.34679],[25.08115,60.34679],[25.08112,60.3468],[25.08107,60.3468],[25.08102,60.34681],[25.08091,60.34683],[25.08086,60.34683],[25.08084,60.34684],[25.08081,60.34684],[25.08071,60.34685],[25.0806,60.34687],[25.0805,60.34688],[25.08045,60.34688],[25.08039,60.34689],[25.08029,60.3469],[25.07981,60.34695],[25.07973,60.34695],[25.07973,60.34695],[25.0797,60.34695],[25.07966,60.34696],[25.07966,60.34696],[25.07959,60.34696],[25.07951,60.34697],[25.07951,60.34697],[25.07944,60.34697],[25.07944,60.34697],[25.07936,60.34698],[25.07936,60.34698],[25.07929,60.34698],[25.07929,60.34698],[25.07921,60.34698],[25.07919,60.34699],[25.07919,60.34699],[25.07917,60.34699],[25.07917,60.34699],[25.07915,60.34699],[25.07914,60.34699],[25.07913,60.34699],[25.07912,60.34699],[25.07911,60.34699],[25.07909,60.34699],[25.07909,60.34699],[25.07907,60.34699],[25.07907,60.34699],[25.07905,60.34699],[25.07903,60.34699],[25.07902,60.34699],[25.07901,60.34699],[25.079,60.34699],[25.07899,60.34699],[25.07897,60.34699],[25.07896,60.347],[25.07895,60.347],[25.07894,60.347],[25.07893,60.347],[25.07892,60.347],[25.0789,60.347],[25.07888,60.347],[25.07887,60.347],[25.07885,60.347],[25.07883,60.347],[25.07882,60.347],[25.0788,60.347],[25.0788,60.347],[25.07877,60.347],[25.07876,60.347],[25.07875,60.347],[25.07872,60.347],[25.07872,60.347],[25.07869,60.347],[25.07869,60.347],[25.07867,60.347],[25.07865,60.347],[25.07864,60.347],[25.07862,60.347],[25.0786,60.34701],[25.07848,60.34701],[25.07838,60.34701],[25.07807,60.34701],[25.07733,60.34706],[25.07719,60.34706],[25.07686,60.34704],[25.07647,60.34702]]]},"properties":{"name":"002489 Korson keskustan itäpuoli","kind":"plan","ptype":"zoning","subtype":"Asemakaava","status":"vireilla","date":"20210614","url":"https://www.vantaa.fi/fi/kaavoitus/kaavat/korson-keskustan-itapuolelle-lisaa-asuntoja-ja-palveluja","source":"Vantaa"}},{"type":"Feature","geometry":{"type":"Polygon","coordinates":[[[25.06134,60.33012],[25.06134,60.33011],[25.06137,60.33004],[25.06141,60.32997],[25.06141,60.32997],[25.06148,60.32991],[25.06156,60.32985],[25.06158,60.32984],[25.06117,60.3295],[25.06099,60.3296],[25.06098,60.32961],[25.06094,60.32963],[25.06092,60.32964],[25.06091,60.32964],[25.06086,60.32965],[25.06083,60.32966],[25.05999,60.32978],[25.05675,60.33041],[25.05671,60.33042],[25.0565,60.33047],[25.05644,60.33049],[25.05631,60.33053],[25.05617,60.33059],[25.0561,60.33063],[25.05629,60.33073],[25.05648,60.33084],[25.05697,60.33154],[25.05687,60.33302],[25.06045,60.3334],[25.06024,60.33291],[25.06047,60.33263],[25.06097,60.33201],[25.06232,60.33121],[25.06237,60.331],[25.06156,60.33045],[25.06149,60.3304],[25.06142,60.33033],[25.0614,60.3303],[25.06138,60.33026],[25.06135,60.33019],[25.06134,60.33012]]]},"properties":{"name":"002507 Peijaksen sairaalan laajennus","kind":"plan","ptype":"zoning","subtype":"Asemakaava","status":"vireilla","date":"20231207","url":"https://www.vantaa.fi/fi/kaavoitus/kaavat/peijaksen-sairaalan-laajennus","source":"Vantaa"}},{"type":"Feature","geometry":{"type":"Polygon","coordinates":[[[25.01592,60.33243],[25.01533,60.33258],[25.01475,60.33274],[25.01462,60.33264],[25.01441,60.3327],[25.01455,60.3328],[25.01412,60.33293],[25.01372,60.33304],[25.01302,60.33324],[25.013,60.33325],[25.01298,60.33325],[25.01292,60.33323],[25.01296,60.33326],[25.01302,60.3333],[25.0131,60.33338],[25.01322,60.3335],[25.01322,60.3335],[25.01349,60.33373],[25.01349,60.33373],[25.01351,60.33374],[25.01352,60.33375],[25.01354,60.33376],[25.01356,60.33377],[25.01358,60.33377],[25.0136,60.33378],[25.0136,60.33378],[25.01363,60.33378],[25.01365,60.33378],[25.01367,60.33378],[25.0137,60.33378],[25.01372,60.33377],[25.01374,60.33377],[25.01374,60.33377],[25.01376,60.33376],[25.01419,60.3336],[25.01423,60.33359],[25.01453,60.33347],[25.01475,60.33337],[25.01551,60.33291],[25.01566,60.33279],[25.01597,60.33254],[25.01609,60.33243],[25.01618,60.33237],[25.01622,60.33233],[25.01627,60.3323],[25.01632,60.33227],[25.01632,60.33227],[25.01634,60.33226],[25.01635,60.33225],[25.01636,60.33224],[25.01636,60.33223],[25.01636,60.33221],[25.01636,60.33221],[25.01636,60.3322],[25.01636,60.33219],[25.01635,60.33218],[25.01634,60.33217],[25.01632,60.33216],[25.01632,60.33216],[25.01606,60.33201],[25.01606,60.33201],[25.01606,60.33201],[25.01607,60.33202],[25.01607,60.33203],[25.01607,60.33204],[25.01608,60.33205],[25.01608,60.33206],[25.01592,60.33243]]]},"properties":{"name":"002516 - Leikkitie","kind":"plan","ptype":"zoning","subtype":"Asemakaava","status":"vireilla","date":"20220607","url":"https://www.vantaa.fi/fi/kaavoitus/kaavat/leikkitielle-yhtiomuotoista-pientaloasumista","source":"Vantaa"}},{"type":"Feature","geometry":{"type":"Polygon","coordinates":[[[25.0677,60.30058],[25.06857,60.3005],[25.06955,60.30036],[25.06987,60.30031],[25.07018,60.30026],[25.07167,60.3001],[25.0717,60.30006],[25.07172,60.30004],[25.07178,60.29998],[25.07183,60.29991],[25.07183,60.29991],[25.07185,60.29984],[25.07186,60.29977],[25.07186,60.29975],[25.07173,60.29975],[25.07106,60.29982],[25.0709,60.29977],[25.06993,60.29985],[25.06931,60.30001],[25.0685,60.30009],[25.06806,60.30014],[25.06795,60.30015],[25.06774,60.30017],[25.06742,60.3002],[25.0667,60.30019],[25.06646,60.29992],[25.06628,60.29972],[25.06614,60.29953],[25.06613,60.29951],[25.06598,60.29934],[25.06479,60.29919],[25.06479,60.29919],[25.06477,60.29918],[25.06476,60.29919],[25.06475,60.29919],[25.06473,60.29919],[25.06473,60.29919],[25.06472,60.29919],[25.06471,60.2992],[25.0647,60.2992],[25.06469,60.2992],[25.06469,60.29921],[25.06468,60.29921],[25.06401,60.30037],[25.06381,60.30051],[25.06452,60.30064],[25.06472,60.30066],[25.06496,60.30067],[25.06541,60.30069],[25.06584,60.30069],[25.06627,60.3007],[25.06646,60.3007],[25.06653,60.3007],[25.06679,60.3007],[25.06693,60.30077],[25.06746,60.30089],[25.0675,60.30071],[25.0677,60.30058]]]},"properties":{"name":"002468 Satomäentie 1","kind":"plan","ptype":"zoning","subtype":"Asemakaava","status":"hyvaksytty","date":"20250211","url":"https://www.vantaa.fi/fi/kaavoitus/kaavat/satomaentielle-puukerrostaloja","source":"Vantaa"}},{"type":"Feature","geometry":{"type":"Polygon","coordinates":[[[25.07467,60.34872],[25.07503,60.34798],[25.07428,60.34808],[25.07401,60.34833],[25.07409,60.34849],[25.07383,60.34874],[25.07381,60.34876],[25.07409,60.34931],[25.07428,60.34939],[25.07469,60.34918],[25.07469,60.34917],[25.07468,60.34916],[25.07464,60.34905],[25.07462,60.34895],[25.07462,60.34893],[25.07464,60.34882],[25.07467,60.34872]]]},"properties":{"name":"002500 Maakotkantie 6","kind":"plan","ptype":"zoning","subtype":"Asemakaava","status":"hyvaksytty","date":"20221114","url":"https://www.vantaa.fi/fi/kaavoitus/kaavat/maakotkantielle-asuntoja-ja-kivijalkakerroksen-liiketiloja","source":"Vantaa"}},{"type":"Feature","geometry":{"type":"MultiPolygon","coordinates":[[[[25.05221,60.35354],[25.05216,60.35353],[25.05213,60.35351],[25.05213,60.35348],[25.05221,60.35346],[25.05224,60.35344],[25.05226,60.35343],[25.05233,60.35336],[25.05198,60.35338],[25.05198,60.35338],[25.05194,60.35339],[25.05131,60.35342],[25.05093,60.35345],[25.05082,60.35352],[25.05075,60.35356],[25.05094,60.35373],[25.05129,60.35402],[25.05137,60.35409],[25.05154,60.35423],[25.05159,60.35428],[25.05212,60.35421],[25.05229,60.35419],[25.05225,60.35412],[25.05298,60.35405],[25.05239,60.35351],[25.05221,60.35354]]],[[[25.0489,60.34808],[25.04858,60.34806],[25.04888,60.34816],[25.0491,60.34824],[25.04918,60.34818],[25.0489,60.34808]]]]},"properties":{"name":"002518 Korsontie 60","kind":"plan","ptype":"zoning","subtype":"Asemakaava","status":"vireilla","date":"20260608","url":"https://www.vantaa.fi/fi/kaavoitus/kaavat/korsontielle-paivittaistavarakauppa","source":"Vantaa"}},{"type":"Feature","geometry":{"type":"Polygon","coordinates":[[[24.82798,60.25843],[24.82886,60.25903],[24.82889,60.25905],[24.82942,60.25886],[24.82933,60.2588],[24.8292,60.25867],[24.82869,60.25832],[24.82868,60.25832],[24.82865,60.2583],[24.82863,60.25829],[24.8286,60.25828],[24.82857,60.25827],[24.82856,60.25827],[24.82855,60.25826],[24.82853,60.25826],[24.82852,60.25826],[24.8285,60.25826],[24.82849,60.25826],[24.82848,60.25826],[24.82847,60.25826],[24.82845,60.25826],[24.82844,60.25827],[24.82842,60.25827],[24.82798,60.25843]]]},"properties":{"name":"002524 Rajatorpan ostoskeskus","kind":"plan","ptype":"zoning","subtype":"Asemakaava","status":"vireilla","date":"20231016","url":"https://www.vantaa.fi/fi/kaavoitus/kaavat/rajatorpan-ostoskeskus-uudistuu-vapaalassa","source":"Vantaa"}},{"type":"Feature","geometry":{"type":"Polygon","coordinates":[[[25.08663,60.33255],[25.08685,60.33281],[25.08639,60.33291],[25.08622,60.33292],[25.08658,60.33321],[25.0889,60.3329],[25.08841,60.3324],[25.0884,60.33239],[25.08839,60.33238],[25.08837,60.33237],[25.08835,60.33237],[25.08833,60.33236],[25.08832,60.33236],[25.08831,60.33236],[25.08829,60.33235],[25.08827,60.33235],[25.08824,60.33235],[25.08822,60.33235],[25.0882,60.33235],[25.08663,60.33255]]]},"properties":{"name":"002562 Joukontie 42","kind":"plan","ptype":"zoning","subtype":"Asemakaava","status":"hyvaksytty","date":"20260609","url":"https://www.vantaa.fi/fi/kaavoitus/kaavat/joukontielle-pientaloja-rekolassa","source":"Vantaa"}},{"type":"Feature","geometry":{"type":"Polygon","coordinates":[[[24.84631,60.31211],[24.84575,60.31237],[24.84489,60.31284],[24.84483,60.31287],[24.84479,60.3129],[24.84478,60.31291],[24.84473,60.31296],[24.84472,60.31297],[24.84461,60.31313],[24.84486,60.31326],[24.84502,60.31334],[24.84508,60.31326],[24.84632,60.31259],[24.8465,60.31259],[24.84656,60.31259],[24.84675,60.31267],[24.84685,60.31261],[24.84804,60.31315],[24.84727,60.31357],[24.84635,60.31407],[24.84646,60.31412],[24.84719,60.31445],[24.84722,60.31444],[24.84725,60.31443],[24.84728,60.31443],[24.84732,60.31442],[24.84735,60.31441],[24.84739,60.31441],[24.84741,60.31441],[24.84745,60.3144],[24.84749,60.3144],[24.84752,60.3144],[24.84756,60.31439],[24.8476,60.31439],[24.84764,60.31439],[24.84768,60.31439],[24.84771,60.31439],[24.84775,60.3144],[24.84779,60.3144],[24.84783,60.3144],[24.84788,60.31441],[24.84792,60.31442],[24.84796,60.31442],[24.848,60.31443],[24.84804,60.31444],[24.84808,60.31446],[24.8481,60.31446],[24.84815,60.31448],[24.84818,60.31449],[24.84821,60.3145],[24.84854,60.31436],[24.85137,60.31343],[24.85191,60.31383],[24.85207,60.31391],[24.85217,60.31385],[24.8532,60.31329],[24.85405,60.31283],[24.85407,60.31282],[24.85409,60.31281],[24.85409,60.31281],[24.8541,60.3128],[24.85411,60.31278],[24.85412,60.31277],[24.85412,60.31277],[24.85412,60.31276],[24.85412,60.31275],[24.85413,60.31274],[24.85413,60.31274],[24.85413,60.31273],[24.85413,60.31272],[24.85413,60.31271],[24.85412,60.3127],[24.85412,60.3127],[24.85412,60.31268],[24.8541,60.31266],[24.85389,60.31243],[24.85366,60.31225],[24.85341,60.31201],[24.85304,60.31173],[24.85288,60.31162],[24.85265,60.31145],[24.85263,60.31144],[24.85212,60.31114],[24.85135,60.31078],[24.851,60.31064],[24.8507,60.31053],[24.85035,60.31042],[24.85009,60.31034],[24.84976,60.31025],[24.84845,60.3099],[24.84775,60.3097],[24.84755,60.30965],[24.8454,60.3091],[24.84503,60.30988],[24.84488,60.31013],[24.84481,60.31028],[24.8468,60.31055],[24.84789,60.31105],[24.84757,60.31122],[24.84761,60.31127],[24.84762,60.31129],[24.84763,60.31131],[24.84763,60.31133],[24.84763,60.31135],[24.84763,60.31136],[24.84762,60.31137],[24.84761,60.31139],[24.84759,60.31141],[24.84757,60.31143],[24.84755,60.31144],[24.84631,60.31211]]]},"properties":{"name":"233100 - Kivistön asemakorttelit","kind":"plan","ptype":"zoning","subtype":"Asemakaava","status":"vireilla","date":"20210525","url":"https://www.vantaa.fi/fi/kaavoitus/kaavat/kiviston-asemakortteleihin-monipuolista-kaupunkiymparistoa","source":"Vantaa"}},{"type":"Feature","geometry":{"type":"Polygon","coordinates":[[[24.88009,60.275],[24.88018,60.27409],[24.88141,60.27397],[24.88113,60.27375],[24.88111,60.2737],[24.88071,60.2734],[24.88048,60.27321],[24.88035,60.27313],[24.87999,60.2731],[24.87961,60.27301],[24.87569,60.27362],[24.87566,60.27362],[24.87554,60.27377],[24.87548,60.27385],[24.87511,60.27423],[24.87509,60.27425],[24.87506,60.27429],[24.87505,60.27433],[24.87504,60.27434],[24.87504,60.27437],[24.87505,60.27441],[24.87506,60.27445],[24.87507,60.27446],[24.87507,60.27447],[24.87509,60.2745],[24.87509,60.27451],[24.87509,60.27454],[24.87512,60.2753],[24.87512,60.27531],[24.87512,60.27532],[24.87513,60.27533],[24.87514,60.27534],[24.87515,60.27535],[24.87517,60.27536],[24.87519,60.27537],[24.87519,60.27537],[24.87521,60.27537],[24.87523,60.27538],[24.87525,60.27538],[24.87527,60.27539],[24.8753,60.27539],[24.87532,60.27539],[24.87534,60.27538],[24.87657,60.27528],[24.87662,60.27539],[24.87708,60.27535],[24.87747,60.27532],[24.87786,60.27529],[24.87825,60.27525],[24.87864,60.27522],[24.87904,60.27518],[24.87943,60.27515],[24.87993,60.27511],[24.88004,60.27543],[24.88006,60.27551],[24.88028,60.27549],[24.88039,60.27548],[24.88046,60.27567],[24.88053,60.27587],[24.8806,60.27606],[24.88065,60.2762],[24.88067,60.27626],[24.88074,60.27645],[24.88083,60.27671],[24.88087,60.2768],[24.88102,60.2772],[24.8827,60.27708],[24.88257,60.27665],[24.88241,60.27651],[24.88235,60.27644],[24.8823,60.27637],[24.88217,60.27576],[24.88217,60.27574],[24.88215,60.27569],[24.88211,60.27564],[24.88207,60.27559],[24.88201,60.27555],[24.88194,60.27551],[24.88186,60.27548],[24.88186,60.27548],[24.88178,60.27545],[24.88168,60.27543],[24.88159,60.27541],[24.88148,60.2754],[24.88138,60.2754],[24.88128,60.2754],[24.88124,60.2754],[24.88082,60.27544],[24.88077,60.27537],[24.88091,60.27535],[24.88081,60.27517],[24.88067,60.27519],[24.88061,60.27509],[24.8806,60.27507],[24.88058,60.27506],[24.88056,60.27504],[24.88053,60.27503],[24.8805,60.27501],[24.88048,60.27501],[24.88047,60.275],[24.88043,60.27499],[24.88039,60.27499],[24.88035,60.27498],[24.88031,60.27498],[24.88027,60.27498],[24.88027,60.27498],[24.88009,60.275]]]},"properties":{"name":"002478 Lounaniityn päiväkoti","kind":"plan","ptype":"zoning","subtype":"Asemakaava","status":"vireilla","date":"20251208","url":"https://www.vantaa.fi/fi/kaavoitus/kaavat/vantaanlaaksoon-uusi-lounaniityn-paivakoti","source":"Vantaa"}},{"type":"Feature","geometry":{"type":"Polygon","coordinates":[[[24.78444,60.29085],[24.78389,60.29089],[24.78376,60.29073],[24.78391,60.29059],[24.78435,60.2902],[24.78461,60.28997],[24.78493,60.2897],[24.78526,60.28939],[24.78509,60.28928],[24.78469,60.28963],[24.78433,60.28995],[24.78424,60.29003],[24.78268,60.29138],[24.78189,60.29207],[24.78066,60.29314],[24.78041,60.29336],[24.78129,60.29364],[24.7813,60.29379],[24.78131,60.29386],[24.78142,60.29396],[24.78178,60.29444],[24.78202,60.29452],[24.78219,60.29457],[24.78227,60.29459],[24.78236,60.29462],[24.78246,60.29464],[24.78276,60.29471],[24.78277,60.29471],[24.78309,60.29477],[24.7833,60.2948],[24.78336,60.29481],[24.78351,60.29483],[24.78362,60.29484],[24.78372,60.29485],[24.78399,60.29487],[24.78407,60.29488],[24.78443,60.29489],[24.78439,60.29505],[24.78584,60.29506],[24.78586,60.29512],[24.78603,60.29512],[24.7864,60.29514],[24.7865,60.29514],[24.78695,60.29516],[24.7872,60.29517],[24.78851,60.2953],[24.78884,60.29476],[24.78964,60.29386],[24.79083,60.29358],[24.79086,60.29357],[24.79016,60.29291],[24.79411,60.29089],[24.79445,60.29048],[24.79386,60.28987],[24.79208,60.28937],[24.79176,60.28913],[24.79112,60.28865],[24.79112,60.28863],[24.78978,60.28851],[24.78928,60.2885],[24.78929,60.28844],[24.78979,60.28845],[24.79113,60.28856],[24.79118,60.28822],[24.78979,60.28809],[24.78976,60.28809],[24.78967,60.28702],[24.78972,60.28702],[24.79038,60.28699],[24.79107,60.28695],[24.79105,60.28687],[24.79099,60.2867],[24.79047,60.28673],[24.78986,60.28528],[24.78954,60.2852],[24.78939,60.28535],[24.78825,60.28649],[24.78817,60.28658],[24.78676,60.2867],[24.78643,60.2869],[24.78632,60.28697],[24.78611,60.2871],[24.78583,60.28727],[24.78567,60.2873],[24.78436,60.28883],[24.78562,60.28881],[24.78574,60.28882],[24.78594,60.28884],[24.78596,60.28876],[24.78596,60.28875],[24.78596,60.28874],[24.78596,60.28874],[24.78597,60.28873],[24.78598,60.28872],[24.78615,60.28857],[24.7865,60.2886],[24.78655,60.28835],[24.78658,60.28835],[24.78662,60.28835],[24.78662,60.28835],[24.78666,60.28835],[24.78668,60.28836],[24.78669,60.28836],[24.78698,60.2884],[24.78704,60.28841],[24.7874,60.28845],[24.78755,60.28846],[24.78833,60.28848],[24.78832,60.28868],[24.78831,60.28888],[24.7883,60.28902],[24.7883,60.28907],[24.78829,60.2893],[24.78894,60.28936],[24.78891,60.28956],[24.78879,60.29022],[24.78757,60.29013],[24.78756,60.29013],[24.78755,60.29013],[24.78753,60.29013],[24.78752,60.29013],[24.78752,60.29013],[24.7875,60.29013],[24.78748,60.29013],[24.78747,60.29013],[24.78749,60.2903],[24.78738,60.29035],[24.78658,60.29032],[24.78645,60.29031],[24.78641,60.29053],[24.78636,60.29074],[24.78557,60.29071],[24.78556,60.29075],[24.78635,60.29079],[24.78641,60.29096],[24.78648,60.29117],[24.78655,60.29138],[24.78661,60.29159],[24.78668,60.29181],[24.78629,60.29184],[24.7859,60.29187],[24.78587,60.29178],[24.78567,60.2918],[24.78553,60.29181],[24.78511,60.29184],[24.78449,60.29189],[24.78442,60.29166],[24.78434,60.29143],[24.78427,60.2912],[24.78425,60.29115],[24.78446,60.29092],[24.78444,60.29085]]]},"properties":{"name":"002483 Etelä-Koivurinne","kind":"plan","ptype":"zoning","subtype":"Asemakaava","status":"vireilla","date":"20260414","url":"https://www.vantaa.fi/fi/kaavoitus/kaavat/etela-koivurinteessa-katujarjestelyja-ja-asumista","source":"Vantaa"}},{"type":"Feature","geometry":{"type":"Polygon","coordinates":[[[24.84597,60.29061],[24.8459,60.2906],[24.84582,60.29076],[24.84573,60.29098],[24.84565,60.29115],[24.84596,60.29119],[24.84631,60.29124],[24.84666,60.29128],[24.84701,60.29133],[24.84724,60.29135],[24.84838,60.29155],[24.84867,60.2916],[24.84892,60.29164],[24.84902,60.29164],[24.84963,60.29166],[24.85106,60.29157],[24.85138,60.29168],[24.85169,60.29162],[24.85235,60.29149],[24.85253,60.29145],[24.85271,60.29141],[24.85281,60.29142],[24.85287,60.29143],[24.85295,60.29144],[24.85323,60.29146],[24.85352,60.29148],[24.85361,60.29148],[24.85359,60.29144],[24.85347,60.29112],[24.85337,60.29054],[24.85341,60.29044],[24.85324,60.29019],[24.85278,60.28985],[24.85264,60.28968],[24.85251,60.28959],[24.85234,60.28949],[24.85214,60.28937],[24.85199,60.28928],[24.8518,60.28914],[24.85154,60.28893],[24.85147,60.28887],[24.85128,60.28886],[24.85122,60.28882],[24.85111,60.2888],[24.84932,60.2892],[24.8488,60.28866],[24.84885,60.28835],[24.84776,60.28808],[24.84739,60.28832],[24.8482,60.28864],[24.84793,60.28876],[24.84779,60.28882],[24.8475,60.28893],[24.84722,60.28904],[24.84704,60.28909],[24.84673,60.28917],[24.84641,60.28926],[24.84634,60.28931],[24.84628,60.28936],[24.84625,60.28941],[24.84625,60.28943],[24.84615,60.28971],[24.84611,60.28979],[24.84622,60.28991],[24.8462,60.29001],[24.8462,60.29002],[24.84599,60.29042],[24.84606,60.29043],[24.84607,60.29045],[24.8461,60.2905],[24.84615,60.29056],[24.84597,60.29061]]]},"properties":{"name":"171300 Övre Månsas","kind":"plan","ptype":"zoning","subtype":"Asemakaava","status":"vireilla","date":"20260520","url":"https://www.vantaa.fi/fi/kaavoitus/kaavat/martinlaaksossa-ovre-mansasiin-yritystoimintaa","source":"Vantaa"}},{"type":"Feature","geometry":{"type":"Polygon","coordinates":[[[24.85673,60.26393],[24.855,60.26389],[24.85485,60.26389],[24.85481,60.26438],[24.85474,60.2652],[24.8556,60.26522],[24.85568,60.2644],[24.85568,60.26429],[24.85612,60.2643],[24.85611,60.26435],[24.85611,60.26435],[24.85611,60.26436],[24.85612,60.26436],[24.85612,60.26437],[24.85612,60.26437],[24.85613,60.26438],[24.85613,60.26438],[24.85613,60.26438],[24.85614,60.26438],[24.85615,60.26438],[24.85616,60.26439],[24.85617,60.26439],[24.85618,60.26439],[24.85618,60.26439],[24.85669,60.2644],[24.85713,60.26441],[24.85717,60.26397],[24.85717,60.26397],[24.85717,60.26397],[24.85717,60.26396],[24.85718,60.26396],[24.85718,60.26395],[24.85719,60.26395],[24.85719,60.26395],[24.8572,60.26395],[24.8572,60.26394],[24.85721,60.26394],[24.85722,60.26394],[24.85723,60.26394],[24.85724,60.26394],[24.85724,60.26394],[24.85673,60.26393]]]},"properties":{"name":"002502 Ojahaanrinne 4","kind":"plan","ptype":"zoning","subtype":"Asemakaava","status":"vireilla","date":"20231016","url":"https://www.vantaa.fi/fi/kaavoitus/kaavat/myyrmaessa-ojahaanrinteeseen-kerrostaloja-ja-liiketilaa","source":"Vantaa"}},{"type":"Feature","geometry":{"type":"Polygon","coordinates":[[[25.04449,60.28789],[25.04438,60.28795],[25.04428,60.28802],[25.04423,60.28805],[25.04418,60.28808],[25.04409,60.28814],[25.04398,60.2882],[25.04394,60.28822],[25.04384,60.28826],[25.04374,60.2883],[25.04372,60.28831],[25.0436,60.28835],[25.04357,60.28836],[25.04352,60.28837],[25.04351,60.28837],[25.04345,60.28839],[25.04343,60.28839],[25.04341,60.28839],[25.04338,60.28839],[25.04335,60.28839],[25.04332,60.28839],[25.04331,60.28839],[25.04328,60.28838],[25.04325,60.28837],[25.04323,60.28837],[25.04321,60.28836],[25.04318,60.28834],[25.043,60.28837],[25.04282,60.28839],[25.04306,60.2889],[25.04323,60.28925],[25.04333,60.28923],[25.04339,60.28938],[25.04352,60.28936],[25.04367,60.28933],[25.0438,60.28931],[25.04393,60.28931],[25.044,60.28932],[25.04406,60.28933],[25.04411,60.28933],[25.04418,60.28935],[25.04428,60.28937],[25.04438,60.2894],[25.04449,60.28945],[25.04471,60.28953],[25.04489,60.2896],[25.04512,60.28968],[25.0453,60.28975],[25.04544,60.2898],[25.04551,60.28983],[25.04562,60.28986],[25.04567,60.28988],[25.04574,60.28991],[25.04585,60.28996],[25.04599,60.29003],[25.04612,60.29009],[25.04616,60.29011],[25.04622,60.29014],[25.04634,60.29019],[25.04656,60.2903],[25.04668,60.29024],[25.04671,60.29022],[25.04676,60.29019],[25.04677,60.29018],[25.04684,60.29014],[25.04684,60.29013],[25.04682,60.28975],[25.04682,60.28975],[25.04682,60.28975],[25.04682,60.28975],[25.04682,60.28974],[25.04682,60.28974],[25.04682,60.28974],[25.04682,60.28973],[25.04683,60.28972],[25.04683,60.28972],[25.04683,60.28972],[25.04683,60.28971],[25.04684,60.28971],[25.04684,60.28971],[25.04684,60.28971],[25.04684,60.2897],[25.04685,60.2897],[25.04685,60.2897],[25.04685,60.28969],[25.04686,60.28969],[25.04686,60.28969],[25.04714,60.28951],[25.04753,60.2893],[25.04774,60.2892],[25.04802,60.28903],[25.04828,60.28883],[25.04854,60.28864],[25.0488,60.28843],[25.04906,60.28821],[25.04775,60.28759],[25.04781,60.28755],[25.04824,60.28728],[25.04772,60.28707],[25.04779,60.28703],[25.04854,60.28671],[25.04875,60.28684],[25.04892,60.28677],[25.04952,60.28713],[25.0498,60.28701],[25.05004,60.28716],[25.05013,60.28721],[25.05032,60.28732],[25.05039,60.28731],[25.05038,60.28718],[25.05093,60.28692],[25.05098,60.28694],[25.05276,60.28603],[25.05286,60.28591],[25.05334,60.28588],[25.05318,60.28586],[25.05259,60.28576],[25.05243,60.28573],[25.05187,60.2856],[25.05173,60.28556],[25.05127,60.28541],[25.05107,60.28534],[25.05072,60.2852],[25.04725,60.28674],[25.04733,60.2868],[25.04725,60.28683],[25.04727,60.28684],[25.04734,60.28689],[25.04743,60.28694],[25.0472,60.28702],[25.04697,60.2871],[25.0465,60.28726],[25.04648,60.28727],[25.04645,60.28727],[25.04644,60.28728],[25.04642,60.28728],[25.04638,60.28729],[25.04625,60.28733],[25.04607,60.28738],[25.04602,60.28739],[25.04596,60.2874],[25.04594,60.28741],[25.04592,60.28742],[25.04565,60.28748],[25.04538,60.28754],[25.04516,60.2876],[25.04493,60.28766],[25.04474,60.28771],[25.04469,60.28767],[25.04459,60.28757],[25.04448,60.28745],[25.04446,60.28743],[25.04432,60.28723],[25.04432,60.28723],[25.04424,60.28702],[25.04414,60.28672],[25.04405,60.28641],[25.04385,60.28643],[25.04378,60.28643],[25.04397,60.28704],[25.04404,60.28722],[25.04406,60.28724],[25.04415,60.2874],[25.04421,60.28747],[25.04423,60.28749],[25.04428,60.28755],[25.04428,60.28756],[25.04435,60.28763],[25.04444,60.28772],[25.04444,60.28772],[25.0445,60.28776],[25.04454,60.2878],[25.04449,60.28789]]]},"properties":{"name":"002494 ja 002494va Väritehdas 1","kind":"plan","ptype":"zoning","subtype":"Asemakaava","status":"vireilla","date":"20251009","url":"https://www.vantaa.fi/fi/kaavoitus/kaavat/ensimmainen-varitehtaan-alueen-kaavamuutos-kaynnistyy","source":"Vantaa"}},{"type":"Feature","geometry":{"type":"Polygon","coordinates":[[[25.01279,60.29436],[25.0115,60.29431],[25.0114,60.29466],[25.01127,60.29512],[25.01199,60.29514],[25.01202,60.29495],[25.01267,60.29496],[25.01272,60.29471],[25.01279,60.29436]]]},"properties":{"name":"002505 Mesikukantie 5","kind":"plan","ptype":"zoning","subtype":"Asemakaava","status":"hyvaksytty","date":"20240903","url":"https://www.vantaa.fi/fi/kaavoitus/kaavat/koivuhaassa-mesikukantielle-asuinkerrostaloja","source":"Vantaa"}},{"type":"Feature","geometry":{"type":"MultiPolygon","coordinates":[[[[24.99016,60.29567],[24.99016,60.29567],[24.99016,60.29566],[24.99016,60.29565],[24.99017,60.29565],[24.99017,60.29564],[24.99018,60.29563],[24.99018,60.29563],[24.99018,60.29563],[24.99019,60.29562],[24.9902,60.29562],[24.99022,60.29561],[24.99023,60.29561],[24.99024,60.29561],[24.99024,60.29561],[24.9903,60.2956],[24.99115,60.29549],[24.9921,60.29541],[24.9929,60.2956],[24.99286,60.29558],[24.99281,60.29554],[24.99277,60.2955],[24.99275,60.29546],[24.99274,60.29545],[24.99272,60.29541],[24.99271,60.29536],[24.99272,60.29531],[24.99272,60.29531],[24.99237,60.29531],[24.9918,60.29501],[24.99092,60.29491],[24.99066,60.29489],[24.99037,60.29486],[24.98973,60.29479],[24.98969,60.29503],[24.98969,60.29505],[24.98969,60.2951],[24.9897,60.29512],[24.98971,60.29515],[24.98974,60.29519],[24.98976,60.29521],[24.9898,60.29525],[24.99005,60.29552],[24.99016,60.29567]]],[[[24.99016,60.29567],[24.99016,60.29567],[24.99017,60.29567],[24.99017,60.29567],[24.99016,60.29567]]]]},"properties":{"name":"002563 Ohtolankatu 17","kind":"plan","ptype":"zoning","subtype":"Asemakaava","status":"vireilla","date":"20260210","url":"https://www.vantaa.fi/fi/kaavoitus/kaavat/koivuhaassa-ohtolankadulle-uusi-toimitila","source":"Vantaa"}},{"type":"Feature","geometry":{"type":"Polygon","coordinates":[[[25.11149,60.27769],[25.11224,60.27811],[25.11284,60.27846],[25.11347,60.27876],[25.11408,60.279],[25.11412,60.27902],[25.11422,60.27906],[25.1143,60.2791],[25.1143,60.2791],[25.11438,60.27914],[25.11438,60.27914],[25.1144,60.27916],[25.11442,60.27917],[25.11445,60.27919],[25.11449,60.27922],[25.11452,60.27924],[25.11452,60.27924],[25.11452,60.27924],[25.11458,60.2793],[25.11458,60.2793],[25.11466,60.27941],[25.11469,60.27946],[25.11476,60.27953],[25.11482,60.27959],[25.11488,60.27964],[25.11535,60.27998],[25.11566,60.2802],[25.11613,60.28006],[25.11636,60.27999],[25.1164,60.27998],[25.11831,60.27872],[25.11558,60.27777],[25.11558,60.27777],[25.11546,60.27773],[25.11543,60.27743],[25.11546,60.27741],[25.11556,60.27656],[25.11435,60.27634],[25.11438,60.27689],[25.11313,60.27691],[25.11288,60.27682],[25.11273,60.27677],[25.11224,60.27659],[25.1118,60.27639],[25.11158,60.27657],[25.11159,60.27658],[25.11162,60.27659],[25.11165,60.27661],[25.11165,60.27661],[25.11165,60.27661],[25.11172,60.27666],[25.11172,60.27666],[25.11176,60.27671],[25.11176,60.27671],[25.11179,60.27676],[25.11179,60.27677],[25.1118,60.27679],[25.1118,60.27679],[25.11181,60.27682],[25.11181,60.27682],[25.11181,60.27684],[25.11181,60.27685],[25.1118,60.27688],[25.1118,60.27688],[25.1118,60.27688],[25.11179,60.27691],[25.11178,60.27693],[25.11178,60.27693],[25.11178,60.27693],[25.11176,60.27696],[25.11175,60.27698],[25.11174,60.27699],[25.11173,60.277],[25.11171,60.27702],[25.11171,60.27702],[25.11145,60.27731],[25.11141,60.27736],[25.11139,60.27738],[25.11139,60.27739],[25.11138,60.2774],[25.11136,60.27742],[25.11136,60.27742],[25.11135,60.27744],[25.11135,60.27746],[25.11135,60.27746],[25.11134,60.27748],[25.11134,60.2775],[25.11134,60.2775],[25.11134,60.27752],[25.11135,60.27753],[25.11135,60.27754],[25.11136,60.27756],[25.11136,60.27757],[25.11137,60.27758],[25.11138,60.2776],[25.11139,60.27761],[25.1114,60.27762],[25.11142,60.27764],[25.11142,60.27764],[25.11144,60.27765],[25.11149,60.27769]]]},"properties":{"name":"002510 Hevoshaantie 15-17","kind":"plan","ptype":"zoning","subtype":"Asemakaava","status":"vireilla","date":"20251130","url":"https://www.vantaa.fi/fi/kaavoitus/kaavat/hevoshaantielle-lukio-hakunilassa","source":"Vantaa"}},{"type":"Feature","geometry":{"type":"Polygon","coordinates":[[[24.84672,60.27018],[24.84671,60.27022],[24.8467,60.2704],[24.84782,60.27042],[24.84784,60.27025],[24.84817,60.27025],[24.8482,60.26994],[24.84771,60.26993],[24.84743,60.26992],[24.84685,60.26991],[24.84685,60.26991],[24.84683,60.26991],[24.84682,60.26991],[24.8468,60.26991],[24.8468,60.26992],[24.84679,60.26992],[24.84678,60.26992],[24.84677,60.26993],[24.84676,60.26993],[24.84676,60.26993],[24.84675,60.26994],[24.84675,60.26994],[24.84674,60.26995],[24.84674,60.26995],[24.84674,60.26996],[24.84674,60.26996],[24.84672,60.27018]]]},"properties":{"name":"002504 Kuohukuja 1-3","kind":"plan","ptype":"zoning","subtype":"Asemakaava","status":"hyvaksytty","date":"20230815","url":"https://www.vantaa.fi/fi/kaavoitus/kaavat/myyrmaessa-kuohukujan-ostoskeskuksen-suojelu-ja-uusi-asuin-ja-liiketalo","source":"Vantaa"}},{"type":"Feature","geometry":{"type":"Polygon","coordinates":[[[24.83685,60.29243],[24.83665,60.29228],[24.83646,60.29214],[24.83631,60.29204],[24.83616,60.29194],[24.83607,60.29189],[24.83541,60.29151],[24.83494,60.29124],[24.83289,60.29006],[24.83263,60.28991],[24.83245,60.2898],[24.83222,60.29035],[24.83177,60.29089],[24.82829,60.29237],[24.82868,60.29501],[24.83293,60.29633],[24.83516,60.29635],[24.83629,60.29651],[24.83658,60.29688],[24.83615,60.29844],[24.8424,60.29829],[24.84253,60.29779],[24.84256,60.29763],[24.84283,60.29662],[24.84302,60.296],[24.84304,60.29594],[24.84309,60.29578],[24.84333,60.29512],[24.84337,60.29501],[24.84347,60.29474],[24.84274,60.29462],[24.84229,60.29452],[24.84025,60.29419],[24.83992,60.29414],[24.83956,60.2941],[24.83922,60.29405],[24.83913,60.29404],[24.83905,60.29402],[24.83904,60.29402],[24.83894,60.294],[24.83888,60.29398],[24.83884,60.29397],[24.83881,60.29396],[24.83878,60.29395],[24.83869,60.29392],[24.83858,60.29387],[24.83848,60.29382],[24.8384,60.29378],[24.83827,60.2937],[24.8382,60.29366],[24.83805,60.29354],[24.83804,60.29353],[24.83801,60.29351],[24.83799,60.29348],[24.83685,60.29243]]]},"properties":{"name":"251500 - Vehkalan länsipuoli 2","kind":"plan","ptype":"zoning","subtype":"Asemakaava","status":"vireilla","date":"20260513","url":"https://www.vantaa.fi/fi/kaavoitus/kaavat/vehkalan-tyopaikka-alue-laajenee-aseman-lansipuolella","source":"Vantaa"}},{"type":"Feature","geometry":{"type":"Polygon","coordinates":[[[24.97006,60.2744],[24.97004,60.27439],[24.97003,60.27439],[24.97002,60.2744],[24.97,60.2744],[24.96966,60.27444],[24.96974,60.27476],[24.9694,60.27516],[24.96924,60.27534],[24.96891,60.27573],[24.96886,60.27578],[24.96877,60.27588],[24.97029,60.27598],[24.97032,60.27535],[24.97033,60.27521],[24.97033,60.27512],[24.97031,60.27484],[24.97026,60.27461],[24.97022,60.27447],[24.97022,60.27446],[24.97021,60.27445],[24.9702,60.27444],[24.97019,60.27443],[24.97017,60.27442],[24.97017,60.27442],[24.97015,60.27441],[24.97013,60.27441],[24.97011,60.2744],[24.97009,60.2744],[24.97007,60.2744],[24.97006,60.2744]]]},"properties":{"name":"002603 Tammiston kauppatie 6","kind":"plan","ptype":"zoning","subtype":"Asemakaava","status":"vireilla","date":"20260513","url":"https://www.vantaa.fi/fi/kaavoitus/kaavat/tammiston-kauppatien-varteen-asuinkerrostaloja","source":"Vantaa"}},{"type":"Feature","geometry":{"type":"Polygon","coordinates":[[[24.77731,60.29533],[24.77529,60.29685],[24.77385,60.29765],[24.77162,60.29848],[24.7718,60.29923],[24.7744,60.29939],[24.77677,60.30009],[24.77705,60.30298],[24.78747,60.30361],[24.78868,60.30202],[24.78949,60.30078],[24.79329,60.30101],[24.79535,60.297],[24.79372,60.2943],[24.79276,60.29284],[24.79016,60.29291],[24.79086,60.29357],[24.78964,60.29386],[24.78884,60.29476],[24.78851,60.2953],[24.7872,60.29516],[24.78588,60.29512],[24.78584,60.29506],[24.78578,60.2949],[24.78432,60.29489],[24.78372,60.29485],[24.78309,60.29477],[24.78246,60.29464],[24.78178,60.29444],[24.78176,60.29408],[24.78142,60.29396],[24.78131,60.29386],[24.78129,60.29364],[24.78041,60.29336],[24.78066,60.29314],[24.77972,60.29287],[24.77731,60.29533]]]},"properties":{"name":"261600 Pohjois-Koivurinne","kind":"plan","ptype":"zoning","subtype":"Asemakaava","status":"vireilla","date":"20230321","url":"https://www.vantaa.fi/fi/kaavoitus/kaavat/pohjois-koivurinteen-pientaloalue-taydentyy","source":"Vantaa"}},{"type":"Feature","geometry":{"type":"Polygon","coordinates":[[[24.96183,60.30834],[24.96192,60.3083],[24.96206,60.30823],[24.96159,60.30796],[24.96145,60.30802],[24.96131,60.30801],[24.96078,60.30764],[24.96066,60.30755],[24.96055,60.30746],[24.96045,60.30737],[24.96029,60.30723],[24.96005,60.30699],[24.95998,60.30691],[24.95975,60.30667],[24.95965,60.30657],[24.95858,60.30543],[24.95856,60.3054],[24.95693,60.30367],[24.95693,60.30367],[24.95693,60.30366],[24.95692,60.30365],[24.95692,60.30365],[24.95692,60.30364],[24.95692,60.30363],[24.95694,60.30349],[24.95681,60.30337],[24.95669,60.30332],[24.95668,60.30331],[24.95667,60.3033],[24.95667,60.3033],[24.95666,60.3033],[24.95665,60.30329],[24.95574,60.30232],[24.9557,60.30232],[24.9548,60.30232],[24.95533,60.30288],[24.95538,60.30294],[24.95542,60.30298],[24.95588,60.30347],[24.95588,60.30348],[24.95589,60.30348],[24.95589,60.30349],[24.95589,60.3035],[24.95589,60.3035],[24.95589,60.30351],[24.95589,60.30351],[24.95588,60.30352],[24.95588,60.30352],[24.95587,60.30353],[24.95586,60.30354],[24.95585,60.30354],[24.95585,60.30354],[24.95606,60.30377],[24.95609,60.30376],[24.95623,60.30379],[24.95623,60.30379],[24.95624,60.3038],[24.95625,60.3038],[24.95625,60.3038],[24.95626,60.30381],[24.95627,60.30381],[24.95628,60.30382],[24.95661,60.30418],[24.95671,60.30425],[24.95735,60.30494],[24.95736,60.30494],[24.95737,60.30495],[24.95738,60.30497],[24.95738,60.30498],[24.95739,60.305],[24.95735,60.30501],[24.95769,60.30537],[24.95769,60.30537],[24.95771,60.3054],[24.95789,60.30555],[24.95795,60.3056],[24.95826,60.30593],[24.95897,60.3067],[24.95909,60.30682],[24.95913,60.30686],[24.95913,60.30686],[24.95914,60.30687],[24.95914,60.30688],[24.95915,60.30689],[24.95915,60.30689],[24.95914,60.3069],[24.95914,60.30691],[24.95913,60.30692],[24.95897,60.30712],[24.95896,60.30713],[24.95896,60.30713],[24.95895,60.30713],[24.95895,60.30714],[24.95894,60.30714],[24.95893,60.30714],[24.95893,60.30714],[24.95892,60.30714],[24.95891,60.30714],[24.9589,60.30714],[24.95889,60.30714],[24.95888,60.30714],[24.95887,60.30714],[24.95821,60.30701],[24.95791,60.30693],[24.95776,60.3069],[24.95765,60.30685],[24.95669,60.30641],[24.95624,60.30621],[24.95598,60.30609],[24.95592,60.30607],[24.95576,60.306],[24.95207,60.30433],[24.95193,60.30425],[24.95189,60.30423],[24.95187,60.30423],[24.95186,60.30422],[24.95184,60.30421],[24.95178,60.30417],[24.95174,60.30415],[24.95173,60.30414],[24.95169,60.3041],[24.95167,60.30407],[24.9516,60.30407],[24.95118,60.30408],[24.95116,60.30341],[24.95113,60.30326],[24.95109,60.30259],[24.95099,60.30257],[24.95086,60.30258],[24.95091,60.3026],[24.95096,60.30263],[24.95097,60.30266],[24.95099,60.30273],[24.951,60.30308],[24.951,60.30315],[24.95101,60.3032],[24.95101,60.30326],[24.95101,60.30341],[24.95103,60.3039],[24.95104,60.30401],[24.95104,60.30405],[24.95105,60.3041],[24.95107,60.30416],[24.95111,60.30422],[24.95112,60.30423],[24.95116,60.30427],[24.95123,60.30432],[24.9513,60.30436],[24.95133,60.30438],[24.95185,60.30461],[24.95525,60.30615],[24.95631,60.30663],[24.9565,60.30679],[24.95667,60.30686],[24.95709,60.30706],[24.95719,60.3071],[24.95732,60.30714],[24.95735,60.30715],[24.95752,60.30719],[24.95757,60.3072],[24.95786,60.30725],[24.95856,60.30741],[24.95869,60.30744],[24.9587,60.30744],[24.95885,60.30747],[24.95902,60.3075],[24.959,60.30753],[24.95914,60.30755],[24.9592,60.30762],[24.95976,60.30774],[24.96014,60.30812],[24.96022,60.30833],[24.96068,60.30854],[24.96063,60.3086],[24.96088,60.30872],[24.96109,60.30864],[24.96115,60.30868],[24.96183,60.30834]]]},"properties":{"name":"002576 Vantaan ratikka: Aviabulevardi ja Turbiinitie","kind":"plan","ptype":"zoning","subtype":"Asemakaava","status":"hyvaksytty","date":"20260601","url":"https://www.vantaa.fi/fi/kaavoitus/kaavat/vantaan-ratikka-aviabulevardi-ja-turbiinitie","source":"Vantaa"}},{"type":"Feature","geometry":{"type":"Polygon","coordinates":[[[24.8571,60.2659],[24.85809,60.26592],[24.8581,60.26592],[24.85812,60.26592],[24.85814,60.26592],[24.85815,60.26592],[24.85817,60.26591],[24.85819,60.26591],[24.8582,60.2659],[24.8582,60.2659],[24.85821,60.26589],[24.85822,60.26589],[24.85823,60.26588],[24.85824,60.26587],[24.85824,60.26586],[24.85824,60.26585],[24.85827,60.26557],[24.8583,60.26522],[24.85736,60.2652],[24.85737,60.26502],[24.85688,60.26501],[24.85684,60.26545],[24.8567,60.26545],[24.85667,60.26577],[24.85704,60.26578],[24.85703,60.26586],[24.85703,60.26586],[24.85703,60.26587],[24.85703,60.26587],[24.85704,60.26588],[24.85704,60.26588],[24.85704,60.26589],[24.85705,60.26589],[24.85705,60.26589],[24.85706,60.26589],[24.85707,60.2659],[24.85707,60.2659],[24.85708,60.2659],[24.85709,60.2659],[24.8571,60.2659]]]},"properties":{"name":"002536 Ojahaantie 8","kind":"plan","ptype":"zoning","subtype":"Asemakaava","status":"vireilla","date":"20240319","url":"https://www.vantaa.fi/fi/kaavoitus/kaavat/myyrmaessa-ojahaantielle-asuntorakentamista","source":"Vantaa"}},{"type":"Feature","geometry":{"type":"Polygon","coordinates":[[[25.07586,60.35024],[25.07584,60.35025],[25.07581,60.35025],[25.07578,60.35025],[25.07575,60.35024],[25.07573,60.35024],[25.0757,60.35023],[25.0757,60.35023],[25.07568,60.35022],[25.07566,60.35021],[25.07564,60.3502],[25.07562,60.35019],[25.07561,60.35018],[25.0756,60.35017],[25.0756,60.35016],[25.07552,60.35001],[25.07512,60.34997],[25.07528,60.35028],[25.07528,60.35029],[25.07528,60.35029],[25.07528,60.35029],[25.07528,60.35029],[25.07527,60.3503],[25.07527,60.3503],[25.07526,60.3503],[25.07526,60.3503],[25.07525,60.35031],[25.07524,60.35031],[25.07523,60.35031],[25.07523,60.35031],[25.07508,60.35033],[25.07505,60.35034],[25.07487,60.35036],[25.07482,60.35037],[25.07475,60.35038],[25.07473,60.35039],[25.07465,60.35041],[25.07464,60.35042],[25.07483,60.35052],[25.07497,60.3505],[25.075,60.35056],[25.07518,60.3509],[25.07517,60.35099],[25.07555,60.35091],[25.07569,60.35111],[25.07572,60.3513],[25.07573,60.35133],[25.07577,60.35157],[25.07584,60.35178],[25.076,60.35176],[25.07596,60.35169],[25.07606,60.35167],[25.07604,60.35164],[25.07616,60.35163],[25.07608,60.35147],[25.07608,60.35146],[25.07609,60.35146],[25.07609,60.35145],[25.07609,60.35144],[25.0761,60.35143],[25.0761,60.35143],[25.07611,60.35142],[25.07612,60.35142],[25.07614,60.35141],[25.07615,60.35141],[25.07616,60.3514],[25.07618,60.3514],[25.0762,60.3514],[25.07622,60.35139],[25.07623,60.35139],[25.0764,60.35137],[25.07673,60.35133],[25.07674,60.35129],[25.07681,60.35129],[25.07681,60.35123],[25.07684,60.35123],[25.07695,60.35123],[25.07708,60.35124],[25.07736,60.35139],[25.0777,60.35119],[25.07771,60.3512],[25.07778,60.35116],[25.07777,60.35115],[25.07792,60.35106],[25.07801,60.35101],[25.07811,60.35102],[25.07802,60.35085],[25.07803,60.35085],[25.07781,60.35041],[25.07779,60.35041],[25.07779,60.3504],[25.07763,60.3501],[25.07751,60.34987],[25.07742,60.34988],[25.0771,60.34992],[25.07715,60.35002],[25.07715,60.35003],[25.07716,60.35004],[25.07715,60.35004],[25.07715,60.35005],[25.07715,60.35006],[25.07714,60.35006],[25.07714,60.35006],[25.07713,60.35007],[25.07712,60.35008],[25.07711,60.35008],[25.0771,60.35008],[25.07709,60.35009],[25.07708,60.35009],[25.07707,60.35009],[25.07586,60.35024]],[[25.07592,60.35119],[25.07575,60.35086],[25.07584,60.35085],[25.0762,60.35083],[25.07622,60.35083],[25.07663,60.35083],[25.07675,60.35083],[25.07682,60.35096],[25.07691,60.35115],[25.0768,60.35116],[25.07639,60.35123],[25.07634,60.35124],[25.07593,60.3513],[25.07592,60.35119]]]},"properties":{"name":"002637 Korson keskustakorttelit","kind":"plan","ptype":"zoning","subtype":"Asemakaava","status":"vireilla","date":"20260609","url":"https://www.vantaa.fi/fi/kaavoitus/kaavat/korson-keskustaan-liikekeskus","source":"Vantaa"}},{"type":"Feature","geometry":{"type":"Polygon","coordinates":[[[25.13537,60.26286],[25.13541,60.26281],[25.13544,60.26276],[25.13551,60.26265],[25.13559,60.26244],[25.13561,60.2624],[25.13564,60.26214],[25.13564,60.26211],[25.1356,60.26125],[25.1356,60.26123],[25.13559,60.26122],[25.13558,60.2612],[25.13557,60.26118],[25.13555,60.26117],[25.13552,60.26116],[25.13552,60.26115],[25.1355,60.26114],[25.13547,60.26113],[25.13544,60.26113],[25.1354,60.26112],[25.13537,60.26112],[25.13533,60.26112],[25.13533,60.26112],[25.13476,60.26112],[25.13466,60.26112],[25.13465,60.26112],[25.13455,60.26112],[25.13446,60.26111],[25.13437,60.2611],[25.13428,60.26107],[25.13423,60.26106],[25.13421,60.26105],[25.13413,60.26102],[25.13407,60.26098],[25.13402,60.26094],[25.13398,60.2609],[25.13396,60.26088],[25.13361,60.26037],[25.13352,60.26026],[25.13331,60.26005],[25.13317,60.25994],[25.13304,60.25985],[25.13272,60.25967],[25.13252,60.25958],[25.1323,60.25936],[25.13232,60.25932],[25.13247,60.25905],[25.13249,60.25905],[25.13243,60.2589],[25.13187,60.25881],[25.13095,60.25873],[25.13014,60.2587],[25.12953,60.25868],[25.12923,60.25869],[25.12883,60.25871],[25.12771,60.25882],[25.12727,60.25889],[25.12685,60.25897],[25.12665,60.25902],[25.12642,60.25909],[25.1248,60.25952],[25.12431,60.25975],[25.12478,60.26003],[25.12519,60.25987],[25.12531,60.25983],[25.1255,60.25976],[25.12564,60.25983],[25.12588,60.25995],[25.12615,60.26009],[25.12708,60.26055],[25.12742,60.26153],[25.12746,60.26164],[25.12819,60.2624],[25.13181,60.26269],[25.13379,60.2628],[25.13537,60.26286]]]},"properties":{"name":"920600 ja 920500ma Pitkäsuontie 10 (VECCS, ent. 002581)","kind":"plan","ptype":"zoning","subtype":"Asemakaava","status":"hyvaksytty","date":"20260601","url":"https://www.vantaa.fi/fi/kaavoitus/kaavat/ojangon-pitkasuontielle-hiilidioksidin-talteenotto-ja-varastointi-hanke","source":"Vantaa"}},{"type":"Feature","geometry":{"type":"Polygon","coordinates":[[[25.04054,60.29876],[25.04055,60.29878],[25.04056,60.2988],[25.04058,60.29883],[25.04059,60.2989],[25.04059,60.29892],[25.04058,60.29897],[25.04065,60.29912],[25.04067,60.29916],[25.04073,60.29927],[25.04073,60.29928],[25.04074,60.29929],[25.04073,60.2993],[25.04073,60.29931],[25.04072,60.29932],[25.04072,60.29932],[25.04071,60.29933],[25.04071,60.29933],[25.04069,60.29934],[25.04068,60.29935],[25.04066,60.29935],[25.04065,60.29935],[25.04063,60.29936],[25.04063,60.29936],[25.04125,60.29962],[25.04141,60.2996],[25.04149,60.29959],[25.04222,60.29951],[25.04321,60.2994],[25.04286,60.2991],[25.04276,60.29887],[25.04251,60.29834],[25.04249,60.29829],[25.04228,60.29784],[25.04199,60.29787],[25.0405,60.29774],[25.03994,60.29772],[25.03989,60.29776],[25.04006,60.29792],[25.04042,60.29856],[25.04045,60.29861],[25.04054,60.29876]]]},"properties":{"name":"002578 Kielotie 21","kind":"plan","ptype":"zoning","subtype":"Asemakaava","status":"vireilla","date":"20260505","url":"https://www.vantaa.fi/fi/kaavoitus/kaavat/asuinkerrostaloja-vanhan-poliisitalon-tilalle","source":"Vantaa"}},{"type":"Feature","geometry":{"type":"Polygon","coordinates":[[[24.82907,60.28099],[24.82902,60.28099],[24.82879,60.281],[24.82851,60.28101],[24.82845,60.28101],[24.82838,60.28101],[24.82829,60.28101],[24.82811,60.28101],[24.82784,60.281],[24.82783,60.28105],[24.8278,60.28119],[24.82755,60.28219],[24.82631,60.282],[24.82572,60.28177],[24.82598,60.28208],[24.8262,60.28234],[24.82644,60.28267],[24.82671,60.28284],[24.82683,60.28264],[24.8281,60.28241],[24.82849,60.28234],[24.82874,60.28235],[24.82966,60.28238],[24.83142,60.28247],[24.83195,60.28257],[24.83207,60.28237],[24.83179,60.28132],[24.83188,60.28114],[24.8319,60.2811],[24.83177,60.28108],[24.83164,60.28106],[24.83101,60.281],[24.83085,60.28098],[24.83037,60.28096],[24.83,60.28096],[24.82972,60.28096],[24.82915,60.28098],[24.82907,60.28099]]]},"properties":{"name":"002583 Variston Sortti","kind":"plan","ptype":"zoning","subtype":"Asemakaava","status":"hyvaksytty","date":"20260609","url":"https://www.vantaa.fi/fi/kaavoitus/kaavat/varistoon-sortti-asema-martinkylantielle","source":"Vantaa"}},{"type":"Feature","geometry":{"type":"Polygon","coordinates":[[[24.85386,60.31915],[24.85455,60.31948],[24.8553,60.3191],[24.85538,60.31907],[24.8554,60.31905],[24.85613,60.31862],[24.85617,60.31856],[24.85602,60.31853],[24.85546,60.31836],[24.85538,60.31833],[24.85529,60.3184],[24.85468,60.31871],[24.85459,60.31877],[24.85386,60.31915]]]},"properties":{"name":"002587 - Kivistön Puuhelmi","kind":"plan","ptype":"zoning","subtype":"Asemakaava","status":"vireilla","date":"20240604","url":"https://www.vantaa.fi/fi/kaavoitus/kaavat/kiviston-puuhelmeen-asumista-noin-270-asukkaalle","source":"Vantaa"}},{"type":"Feature","geometry":{"type":"MultiPolygon","coordinates":[[[[25.05657,60.31382],[25.05656,60.31354],[25.05576,60.31372],[25.05545,60.31379],[25.05619,60.316],[25.05648,60.31687],[25.05652,60.31725],[25.05643,60.31765],[25.05738,60.31745],[25.05741,60.31651],[25.05694,60.31604],[25.05774,60.31587],[25.05799,60.31581],[25.05782,60.31564],[25.05745,60.31561],[25.05702,60.31558],[25.05665,60.31551],[25.05657,60.31382]]],[[[25.05332,60.30998],[25.0532,60.30963],[25.05285,60.30967],[25.05264,60.30932],[25.05247,60.30934],[25.05342,60.31074],[25.05369,60.31116],[25.05417,60.31102],[25.05387,60.31054],[25.05332,60.30998]]]]},"properties":{"name":"621500 Hosantie","kind":"plan","ptype":"zoning","subtype":"Asemakaava","status":"vireilla","date":"20240514","url":"https://www.vantaa.fi/fi/kaavoitus/kaavat/havukosken-hosantielle-raidesepelin-kuormauspaikka","source":"Vantaa"}},{"type":"Feature","geometry":{"type":"Polygon","coordinates":[[[24.81964,60.38738],[24.82036,60.38711],[24.82083,60.38589],[24.8208,60.38582],[24.82061,60.38567],[24.82044,60.38554],[24.81999,60.38532],[24.81855,60.38522],[24.81778,60.38503],[24.81758,60.38502],[24.81636,60.38491],[24.81579,60.38486],[24.81964,60.38738]]]},"properties":{"name":"320100 - VT3 Raskaanliikenteen palvelualue","kind":"plan","ptype":"zoning","subtype":"Asemakaava","status":"vireilla","date":"20240604","url":"https://www.vantaa.fi/fi/kaavoitus/kaavat/hameenlinnanvaylan-varteen-raskaan-liikenteen-palvelualue-riipilassa","source":"Vantaa"}},{"type":"Feature","geometry":{"type":"Polygon","coordinates":[[[25.09277,60.26639],[25.09274,60.26637],[25.0912,60.26661],[25.09125,60.26669],[25.09132,60.26676],[25.09168,60.26711],[25.09291,60.26684],[25.09292,60.26683],[25.09294,60.26683],[25.09295,60.26682],[25.09296,60.26681],[25.09297,60.26681],[25.09298,60.2668],[25.09298,60.2668],[25.09299,60.26679],[25.09299,60.26678],[25.09299,60.26677],[25.09299,60.26676],[25.09299,60.26675],[25.09299,60.26675],[25.09277,60.26639]]]},"properties":{"name":"002596 Vaaralan Talkootien päiväkoti","kind":"plan","ptype":"zoning","subtype":"Asemakaava","status":"vireilla","date":"20260226","url":"https://www.vantaa.fi/fi/kaavoitus/kaavat/vaaralan-talkootielle-paivakoti","source":"Vantaa"}},{"type":"Feature","geometry":{"type":"Polygon","coordinates":[[[24.95381,60.30465],[24.9545,60.30418],[24.95451,60.30417],[24.95457,60.30414],[24.95462,60.30411],[24.95464,60.30411],[24.95472,60.30408],[24.95477,60.30407],[24.95606,60.30377],[24.95585,60.30354],[24.95584,60.30354],[24.95584,60.30354],[24.95583,60.30355],[24.95528,60.30368],[24.95521,60.30369],[24.95472,60.30381],[24.95471,60.30381],[24.95466,60.30381],[24.95465,60.30381],[24.95461,60.30382],[24.95459,60.30382],[24.95414,60.30393],[24.95414,60.30393],[24.9532,60.30458],[24.95316,60.30461],[24.95313,60.30463],[24.95305,60.30467],[24.95295,60.30473],[24.95366,60.30505],[24.95395,60.30489],[24.95381,60.30467],[24.95381,60.30467],[24.9538,60.30467],[24.9538,60.30467],[24.9538,60.30466],[24.9538,60.30466],[24.95381,60.30466],[24.95381,60.30466],[24.95381,60.30465],[24.95381,60.30465]]]},"properties":{"name":"002598 Aviakuja","kind":"plan","ptype":"zoning","subtype":"Asemakaava","status":"hyvaksytty","date":"20260601","url":"https://www.vantaa.fi/fi/kaavoitus/kaavat/katuverkkoa-parannetaan-aviakujalla","source":"Vantaa"}},{"type":"Feature","geometry":{"type":"Polygon","coordinates":[[[25.10124,60.26037],[25.10177,60.26089],[25.10999,60.26331],[25.11023,60.26362],[25.11033,60.26374],[25.11036,60.26378],[25.11041,60.26384],[25.11045,60.2639],[25.11047,60.26392],[25.11058,60.26406],[25.11086,60.26438],[25.11086,60.26439],[25.11086,60.26439],[25.11089,60.26421],[25.11091,60.26403],[25.11111,60.26402],[25.11131,60.2642],[25.11208,60.26426],[25.11242,60.2642],[25.11279,60.26408],[25.11311,60.26394],[25.1134,60.26381],[25.11376,60.26316],[25.11377,60.26297],[25.11387,60.26269],[25.114,60.26254],[25.11361,60.26232],[25.11275,60.26191],[25.11232,60.26173],[25.11207,60.26148],[25.1118,60.26114],[25.1119,60.26024],[25.11233,60.25952],[25.1123,60.259],[25.11193,60.2584],[25.11158,60.25788],[25.11147,60.25746],[25.11137,60.25709],[25.11127,60.2567],[25.11129,60.25667],[25.1113,60.25663],[25.11121,60.25571],[25.1112,60.25565],[25.1112,60.25561],[25.1112,60.25558],[25.11119,60.25553],[25.11119,60.25551],[25.11119,60.25544],[25.11119,60.25541],[25.11119,60.25538],[25.11119,60.25531],[25.11119,60.25527],[25.11119,60.25524],[25.11119,60.25522],[25.1112,60.25517],[25.10965,60.25509],[25.10865,60.25504],[25.10727,60.25463],[25.10654,60.25666],[25.10534,60.25697],[25.10483,60.25709],[25.10431,60.25724],[25.10361,60.25746],[25.0996,60.25716],[25.09854,60.25701],[25.0966,60.25671],[25.0944,60.25659],[25.09427,60.25744],[25.09835,60.25797],[25.09902,60.25815],[25.10014,60.25883],[25.10085,60.25857],[25.10111,60.25874],[25.10098,60.25933],[25.10106,60.25937],[25.10132,60.2594],[25.10083,60.25973],[25.10145,60.25983],[25.10141,60.25991],[25.1035,60.26017],[25.10341,60.26038],[25.10325,60.26069],[25.10124,60.26037]]]},"properties":{"name":"931700 Fazerila-Santamalmi","kind":"plan","ptype":"zoning","subtype":"Asemakaava","status":"vireilla","date":"20250428","url":"https://www.vantaa.fi/fi/kaavoitus/kaavat/fazerilaan-uusi-asuin-ja-tyopaikka-alue-lahipalveluineen","source":"Vantaa"}},{"type":"Feature","geometry":{"type":"Polygon","coordinates":[[[24.8571,60.27183],[24.85595,60.27199],[24.85631,60.27264],[24.85651,60.27301],[24.85643,60.27302],[24.85638,60.27303],[24.85669,60.2736],[24.85443,60.27388],[24.85447,60.27391],[24.85676,60.27362],[24.85685,60.27361],[24.85798,60.27347],[24.85811,60.27345],[24.8581,60.27342],[24.85777,60.27284],[24.85767,60.27285],[24.85747,60.27248],[24.8571,60.27183]]]},"properties":{"name":"002606 Louhelan päiväkoti","kind":"plan","ptype":"zoning","subtype":"Asemakaava","status":"vireilla","date":"20251208","url":"https://www.vantaa.fi/fi/kaavoitus/kaavat/louhelan-paivakoti-laajenee-erakujalla","source":"Vantaa"}},{"type":"Feature","geometry":{"type":"Polygon","coordinates":[[[24.82503,60.25746],[24.82503,60.25746],[24.82502,60.25747],[24.82501,60.25747],[24.82501,60.25748],[24.82501,60.25749],[24.825,60.25749],[24.825,60.25749],[24.82501,60.2575],[24.82501,60.25751],[24.82501,60.25751],[24.82502,60.25752],[24.82503,60.25752],[24.82529,60.2577],[24.82534,60.25773],[24.82567,60.25761],[24.82586,60.25774],[24.82679,60.2574],[24.8266,60.25727],[24.82645,60.25733],[24.82581,60.2569],[24.82513,60.25739],[24.82508,60.25743],[24.82507,60.25743],[24.82503,60.25746]]]},"properties":{"name":"002600 Nuijakuja 6 - 8","kind":"plan","ptype":"zoning","subtype":"Asemakaava","status":"vireilla","date":"20250227","url":"https://www.vantaa.fi/fi/kaavoitus/kaavat/nuijakuja-6n-tontille-uusi-kerrostalo-vapaalassa","source":"Vantaa"}},{"type":"Feature","geometry":{"type":"Polygon","coordinates":[[[24.91152,60.29632],[24.91153,60.29632],[24.91163,60.29638],[24.91172,60.29642],[24.91181,60.29646],[24.91193,60.2965],[24.91238,60.29664],[24.91295,60.29683],[24.91299,60.29684],[24.9137,60.29668],[24.91342,60.2964],[24.91299,60.29599],[24.91152,60.29632]]]},"properties":{"name":"002605 Kalliosolantie 7 ja 9","kind":"plan","ptype":"zoning","subtype":"Asemakaava","status":"vireilla","date":"20260608","url":"https://www.vantaa.fi/fi/kaavoitus/kaavat/ylastossa-kalliosolantielle-teollisuus-varasto-ja-toimistokortteli","source":"Vantaa"}},{"type":"Feature","geometry":{"type":"Polygon","coordinates":[[[24.87665,60.29856],[24.87495,60.29964],[24.87484,60.29971],[24.87463,60.29983],[24.8734,60.30058],[24.87431,60.30093],[24.87415,60.30103],[24.8744,60.30113],[24.87509,60.30141],[24.8742,60.30186],[24.87318,60.30239],[24.87306,60.30246],[24.87304,60.30246],[24.87312,60.3025],[24.87322,60.30255],[24.87329,60.30259],[24.87341,60.30264],[24.87348,60.30267],[24.87353,60.3027],[24.87359,60.30273],[24.87364,60.30276],[24.87373,60.30282],[24.87379,60.30286],[24.87384,60.30289],[24.87388,60.30292],[24.87397,60.30298],[24.87405,60.30304],[24.87414,60.30312],[24.87433,60.30324],[24.87449,60.30333],[24.87465,60.30343],[24.87482,60.30352],[24.87502,60.30361],[24.87526,60.30371],[24.87552,60.30381],[24.87578,60.3039],[24.87602,60.30396],[24.87624,60.30402],[24.87642,60.30407],[24.87658,60.30411],[24.87667,60.30416],[24.87675,60.30423],[24.87688,60.30428],[24.87694,60.30431],[24.87698,60.30433],[24.877,60.30436],[24.87711,60.30438],[24.87717,60.30442],[24.87727,60.30449],[24.87736,60.30457],[24.87746,60.30464],[24.87757,60.30472],[24.87767,60.3048],[24.87771,60.30483],[24.87781,60.30494],[24.87789,60.30502],[24.87798,60.30512],[24.87808,60.30522],[24.87818,60.30532],[24.87837,60.30552],[24.87847,60.30563],[24.87858,60.30574],[24.87869,60.30587],[24.8788,60.30599],[24.87888,60.30609],[24.87894,60.30617],[24.87904,60.30627],[24.87911,60.30634],[24.87916,60.30641],[24.87921,60.30646],[24.87924,60.3065],[24.87929,60.30657],[24.87935,60.30664],[24.87942,60.30671],[24.87949,60.30679],[24.87955,60.30685],[24.8796,60.30694],[24.87968,60.30706],[24.87975,60.30715],[24.8798,60.30719],[24.87984,60.30725],[24.87992,60.30736],[24.88004,60.30748],[24.88006,60.30753],[24.88018,60.30762],[24.88032,60.30773],[24.88034,60.30777],[24.88037,60.30782],[24.88047,60.30793],[24.88059,60.30802],[24.88065,60.30809],[24.88069,60.30813],[24.88072,60.30818],[24.88078,60.30823],[24.8809,60.30836],[24.88093,60.3084],[24.88099,60.30848],[24.88107,60.30854],[24.88114,60.3086],[24.88117,60.30863],[24.88189,60.30842],[24.88621,60.30722],[24.88582,60.30676],[24.8853,60.30654],[24.88454,60.30623],[24.88433,60.30607],[24.88332,60.30546],[24.88313,60.30517],[24.88272,60.30455],[24.88255,60.30412],[24.88278,60.30324],[24.88308,60.30211],[24.88189,60.30207],[24.88184,60.30233],[24.87996,60.30224],[24.88001,60.30198],[24.87984,60.30197],[24.87984,60.30197],[24.87985,60.30195],[24.87986,60.3019],[24.87986,60.30184],[24.87988,60.30178],[24.8799,60.30172],[24.87994,60.30168],[24.88,60.30163],[24.88006,60.30159],[24.88012,60.30154],[24.88018,60.3015],[24.88023,60.30145],[24.88029,60.3014],[24.88035,60.30135],[24.88041,60.3013],[24.88046,60.30125],[24.88052,60.30119],[24.8806,60.30109],[24.88063,60.30106],[24.88064,60.30102],[24.88065,60.30099],[24.88066,60.30094],[24.88066,60.30094],[24.8806,60.30093],[24.88057,60.30093],[24.87975,60.30021],[24.87972,60.30018],[24.87971,60.30017],[24.87971,60.30017],[24.87969,60.30015],[24.87957,60.29998],[24.87933,60.29963],[24.87889,60.29882],[24.87889,60.29881],[24.87955,60.29873],[24.87972,60.29873],[24.87971,60.29837],[24.87927,60.29842],[24.87878,60.2984],[24.87816,60.29835],[24.87782,60.2983],[24.87665,60.29856]]]},"properties":{"name":"412100 Viinikkalan länsiosa","kind":"plan","ptype":"zoning","subtype":"Asemakaava","status":"vireilla","date":"20260210","url":"https://www.vantaa.fi/fi/kaavoitus/kaavat/viinikkalan-lansiosaan-uusia-tyopaikkoja","source":"Vantaa"}},{"type":"Feature","geometry":{"type":"Polygon","coordinates":[[[25.03598,60.28986],[25.03628,60.29039],[25.03629,60.2904],[25.0363,60.29041],[25.03632,60.29043],[25.03634,60.29044],[25.03636,60.29045],[25.03638,60.29045],[25.03639,60.29045],[25.03641,60.29046],[25.03643,60.29046],[25.03646,60.29047],[25.03649,60.29047],[25.03652,60.29047],[25.03654,60.29046],[25.03655,60.29046],[25.03694,60.2904],[25.03664,60.28986],[25.03735,60.28977],[25.0373,60.28952],[25.03709,60.28953],[25.03615,60.28958],[25.03604,60.28959],[25.03589,60.2897],[25.03598,60.28986]]]},"properties":{"name":"002611 Kielotie 7","kind":"plan","ptype":"zoning","subtype":"Asemakaava","status":"vireilla","date":"20260310","url":"https://www.vantaa.fi/fi/kaavoitus/kaavat/kielotie-7aan-kaavoitetaan-asuin-ja-liikerakennuksia","source":"Vantaa"}},{"type":"Feature","geometry":{"type":"Polygon","coordinates":[[[24.84672,60.29282],[24.84874,60.29291],[24.84879,60.29291],[24.84896,60.29293],[24.84912,60.29295],[24.84927,60.29299],[24.84928,60.29299],[24.84942,60.29304],[24.84955,60.29309],[24.84966,60.29316],[24.84969,60.29318],[24.8512,60.29311],[24.85127,60.29308],[24.85132,60.29298],[24.85142,60.29274],[24.8514,60.2926],[24.85133,60.2926],[24.85104,60.29262],[24.8502,60.29253],[24.84916,60.29244],[24.84803,60.29234],[24.84747,60.29228],[24.84713,60.29223],[24.84668,60.29215],[24.84627,60.29205],[24.84564,60.29189],[24.84551,60.29202],[24.84537,60.29237],[24.84527,60.2927],[24.84672,60.29282]]]},"properties":{"name":"251600 - Vehkalan Härkälenkki","kind":"plan","ptype":"zoning","subtype":"Asemakaava","status":"hyvaksytty","date":"20260609","url":"https://www.vantaa.fi/fi/kaavoitus/kaavat/vehkalan-harkalenkiin-kaavoitetaan-yritystontteja","source":"Vantaa"}},{"type":"Feature","geometry":{"type":"Polygon","coordinates":[[[24.91973,60.33268],[24.92115,60.33341],[24.92271,60.33398],[24.92296,60.33408],[24.92331,60.3342],[24.92335,60.33422],[24.92322,60.33442],[24.92348,60.33446],[24.92342,60.33463],[24.92328,60.33493],[24.92304,60.33535],[24.92269,60.33584],[24.92249,60.33609],[24.92231,60.33629],[24.92237,60.33631],[24.92286,60.33645],[24.92315,60.33607],[24.92317,60.33615],[24.92335,60.33622],[24.92398,60.33633],[24.92403,60.33626],[24.92369,60.3355],[24.92387,60.33521],[24.92402,60.33494],[24.92409,60.3348],[24.92425,60.33442],[24.92444,60.33371],[24.92448,60.33343],[24.92634,60.33293],[24.92549,60.33191],[24.92507,60.33141],[24.92481,60.33111],[24.92456,60.33081],[24.9244,60.33062],[24.92418,60.33036],[24.92389,60.33001],[24.92348,60.32953],[24.92306,60.32903],[24.9228,60.32872],[24.92134,60.32698],[24.91983,60.32519],[24.91797,60.32297],[24.91699,60.32182],[24.91556,60.3208],[24.91522,60.32039],[24.91453,60.32009],[24.91388,60.31979],[24.91349,60.31958],[24.91313,60.3194],[24.91269,60.31919],[24.91239,60.31905],[24.912,60.31889],[24.9112,60.31858],[24.9107,60.3184],[24.91028,60.31825],[24.90961,60.31803],[24.90821,60.31759],[24.90733,60.31734],[24.90643,60.3171],[24.90597,60.31699],[24.90529,60.31682],[24.90459,60.31666],[24.90341,60.31641],[24.90193,60.31611],[24.9016,60.31604],[24.90129,60.31597],[24.90107,60.31592],[24.90084,60.31586],[24.90067,60.31581],[24.9004,60.31573],[24.90043,60.3157],[24.89966,60.31551],[24.89876,60.31524],[24.89813,60.31499],[24.89755,60.31472],[24.89657,60.31426],[24.89599,60.31381],[24.89533,60.31346],[24.89466,60.31309],[24.89429,60.31288],[24.89363,60.31238],[24.89304,60.31193],[24.89284,60.31163],[24.89251,60.31133],[24.89222,60.31103],[24.8921,60.31096],[24.89183,60.31078],[24.89168,60.31055],[24.89159,60.31045],[24.89149,60.31033],[24.89134,60.31016],[24.89129,60.31009],[24.89126,60.31003],[24.89117,60.30979],[24.89115,60.30975],[24.89084,60.30942],[24.89078,60.30936],[24.89067,60.30924],[24.89042,60.30906],[24.89026,60.30894],[24.88982,60.30862],[24.88934,60.30839],[24.88875,60.30864],[24.88894,60.30877],[24.88905,60.30886],[24.88917,60.30898],[24.88929,60.30913],[24.88936,60.30926],[24.88944,60.3094],[24.88946,60.30943],[24.88971,60.30959],[24.89009,60.30996],[24.89044,60.31029],[24.8905,60.31036],[24.89078,60.31068],[24.89105,60.31098],[24.89122,60.31115],[24.89099,60.31121],[24.89161,60.31171],[24.89193,60.31192],[24.89249,60.31226],[24.89299,60.31258],[24.89352,60.31291],[24.8941,60.31329],[24.895,60.31388],[24.89556,60.31419],[24.89606,60.31452],[24.89645,60.31466],[24.89659,60.31479],[24.89716,60.31501],[24.89739,60.31505],[24.89772,60.31524],[24.89775,60.3153],[24.8981,60.3154],[24.89841,60.31555],[24.89916,60.31588],[24.89948,60.31599],[24.89969,60.31593],[24.89998,60.31602],[24.90022,60.3161],[24.90057,60.31619],[24.90075,60.31624],[24.901,60.3163],[24.90135,60.31638],[24.90174,60.31646],[24.90198,60.31651],[24.90217,60.31655],[24.90341,60.3168],[24.90381,60.31688],[24.90436,60.317],[24.90466,60.31707],[24.90529,60.31722],[24.90599,60.31739],[24.90653,60.31753],[24.90743,60.31778],[24.90788,60.31791],[24.90842,60.31807],[24.90917,60.31831],[24.91,60.31859],[24.91072,60.31885],[24.91141,60.31911],[24.91167,60.31922],[24.9119,60.31932],[24.91223,60.31947],[24.91272,60.3197],[24.91299,60.31984],[24.91331,60.32002],[24.91359,60.32018],[24.91385,60.32034],[24.91401,60.32044],[24.91407,60.32048],[24.91424,60.32067],[24.91432,60.32075],[24.9144,60.32084],[24.91462,60.32099],[24.91483,60.32116],[24.91496,60.32128],[24.9151,60.32141],[24.91524,60.32157],[24.91564,60.32202],[24.91551,60.32207],[24.91627,60.3229],[24.91846,60.32532],[24.92026,60.3273],[24.92068,60.32783],[24.92196,60.32931],[24.9224,60.32986],[24.92219,60.32979],[24.92191,60.3298],[24.92123,60.32981],[24.92059,60.32983],[24.9197,60.32987],[24.9197,60.32984],[24.91911,60.32986],[24.91912,60.32989],[24.91973,60.33268]]]},"properties":{"name":"002616 - Varpukalliontie","kind":"plan","ptype":"zoning","subtype":"Asemakaava","status":"vireilla","date":"20251106","url":"https://www.vantaa.fi/fi/kaavoitus/kaavat/varpukalliontielle-yritystontteja-kiilassa","source":"Vantaa"}},{"type":"Feature","geometry":{"type":"Polygon","coordinates":[[[25.09523,60.27557],[25.09518,60.27549],[25.09512,60.27541],[25.09496,60.27527],[25.0948,60.27515],[25.0946,60.27499],[25.09427,60.27474],[25.09403,60.27473],[25.09403,60.27504],[25.09421,60.27527],[25.09454,60.27571],[25.0951,60.2756],[25.09523,60.27557]]]},"properties":{"name":"002617 Pitkäsentie 6-8","kind":"plan","ptype":"zoning","subtype":"Asemakaava","status":"vireilla","date":"20260608","url":"https://www.vantaa.fi/fi/kaavoitus/kaavat/hakunilaan-pitkasentielle-valmiusasema","source":"Vantaa"}},{"type":"Feature","geometry":{"type":"Polygon","coordinates":[[[25.02847,60.31559],[25.02856,60.31558],[25.02898,60.31554],[25.0293,60.31551],[25.02943,60.3155],[25.02946,60.31549],[25.02998,60.31539],[25.02961,60.31508],[25.0296,60.31507],[25.02967,60.315],[25.02968,60.31499],[25.02948,60.31491],[25.02846,60.31503],[25.02839,60.31504],[25.02845,60.31549],[25.02846,60.31557],[25.02847,60.31559]]]},"properties":{"name":"002632 - Salkolan talo","kind":"plan","ptype":"zoning","subtype":"Asemakaava","status":"vireilla","date":"20260608","url":"https://www.vantaa.fi/fi/kaavoitus/kaavat/simonkylan-salkolan-talo","source":"Vantaa"}},{"type":"Feature","geometry":{"type":"Polygon","coordinates":[[[24.82832,60.31927],[24.82831,60.31935],[24.82907,60.31932],[24.82908,60.31931],[24.82911,60.31928],[24.82913,60.31926],[24.82914,60.31924],[24.82917,60.31921],[24.82919,60.31916],[24.82919,60.31915],[24.82919,60.3191],[24.82919,60.31906],[24.82919,60.31904],[24.82916,60.31898],[24.82915,60.31896],[24.82912,60.31892],[24.82908,60.31887],[24.82904,60.31885],[24.82896,60.3188],[24.82888,60.31877],[24.82882,60.31874],[24.82879,60.31874],[24.82869,60.31871],[24.82858,60.31869],[24.82848,60.31868],[24.82847,60.31868],[24.82781,60.31864],[24.8278,60.31912],[24.82783,60.31912],[24.82789,60.31911],[24.82795,60.31912],[24.828,60.31912],[24.82806,60.31913],[24.82811,60.31914],[24.82812,60.31915],[24.82816,60.31916],[24.82821,60.31918],[24.82825,60.3192],[24.82828,60.31923],[24.8283,60.31925],[24.82832,60.31927]]]},"properties":{"name":"002634 - Keimolan Ruutulippu","kind":"plan","ptype":"zoning","subtype":"Asemakaava","status":"vireilla","date":"20260423","url":"https://www.vantaa.fi/fi/kaavoitus/kaavat/ruutulipun-paivakoti-keimolaan","source":"Vantaa"}},{"type":"Feature","geometry":{"type":"MultiPolygon","coordinates":[[[[24.8495,60.38579],[24.86209,60.38801],[24.86304,60.38665],[24.86449,60.3869],[24.86538,60.38635],[24.86779,60.3854],[24.86991,60.38524],[24.86877,60.38632],[24.87036,60.38672],[24.87073,60.38741],[24.86999,60.38783],[24.8693,60.38867],[24.87304,60.38934],[24.87312,60.38944],[24.87398,60.38959],[24.87418,60.38954],[24.87451,60.38958],[24.87453,60.38971],[24.87523,60.38984],[24.87555,60.38951],[24.87569,60.38913],[24.8758,60.38797],[24.87561,60.3872],[24.87593,60.38613],[24.87568,60.3853],[24.87532,60.38479],[24.87383,60.38343],[24.87293,60.38341],[24.87194,60.38315],[24.87469,60.38061],[24.87582,60.38003],[24.87577,60.37851],[24.87386,60.37814],[24.87286,60.37803],[24.8711,60.3777],[24.86992,60.37742],[24.86667,60.37678],[24.86579,60.37801],[24.86356,60.38011],[24.86354,60.38013],[24.86286,60.38074],[24.86181,60.38164],[24.85987,60.38337],[24.85573,60.38221],[24.85484,60.38316],[24.85338,60.38335],[24.85283,60.38357],[24.85245,60.38372],[24.85152,60.38333],[24.85071,60.38389],[24.85003,60.38438],[24.84961,60.38546],[24.84954,60.38565],[24.8495,60.38579]]],[[[24.84739,60.38104],[24.84716,60.38038],[24.84328,60.38011],[24.84314,60.38076],[24.84473,60.38185],[24.84739,60.38104]]]]},"properties":{"name":"320200 - Strandkullan aurinkopuisto","kind":"plan","ptype":"zoning","subtype":"Asemakaava","status":"vireilla","date":"20250513","url":"https://www.vantaa.fi/fi/kaavoitus/kaavat/strandkullan-aurinkopuisto-riipilaan","source":"Vantaa"}},{"type":"Feature","geometry":{"type":"Polygon","coordinates":[[[24.85592,60.31565],[24.85482,60.31514],[24.85447,60.31533],[24.85444,60.31533],[24.85423,60.31541],[24.85417,60.31543],[24.85403,60.31549],[24.85392,60.31555],[24.85386,60.31559],[24.85382,60.31561],[24.85374,60.31567],[24.85372,60.31569],[24.8536,60.31581],[24.85359,60.31583],[24.85352,60.31593],[24.85349,60.31599],[24.85461,60.31611],[24.85485,60.31622],[24.85592,60.31565]]]},"properties":{"name":"233600 - Kivistön Kivenkolo","kind":"plan","ptype":"zoning","subtype":"Asemakaava","status":"vireilla","date":"20260429","url":"https://www.vantaa.fi/fi/kaavoitus/kaavat/kivenkolon-paivakoti-kivistoon","source":"Vantaa"}},{"type":"Feature","geometry":{"type":"Polygon","coordinates":[[[24.85325,60.27955],[24.85335,60.27957],[24.85427,60.2798],[24.85445,60.27985],[24.85453,60.27971],[24.85457,60.27947],[24.85461,60.27913],[24.85461,60.27907],[24.85456,60.27872],[24.85455,60.27867],[24.85428,60.27775],[24.85409,60.27776],[24.8531,60.27783],[24.85314,60.27795],[24.85305,60.27795],[24.85314,60.27827],[24.85316,60.27835],[24.85318,60.2784],[24.85321,60.27854],[24.85323,60.27867],[24.85324,60.27881],[24.85326,60.27896],[24.85326,60.27904],[24.85327,60.27923],[24.85327,60.27923],[24.85326,60.27941],[24.85326,60.27948],[24.85325,60.27955]]]},"properties":{"name":"002599 Kivivuorentie 4-6","kind":"plan","ptype":"zoning","subtype":"Asemakaava","status":"vireilla","date":null,"url":"https://www.vantaa.fi/fi/kaavoitus","source":"Vantaa"}},{"type":"Feature","geometry":{"type":"Polygon","coordinates":[[[24.84952,60.2628],[24.84957,60.2628],[24.84999,60.26281],[24.85,60.26281],[24.85038,60.26278],[24.85099,60.26279],[24.85101,60.2626],[24.84964,60.26257],[24.84959,60.26257],[24.84959,60.26263],[24.84948,60.26275],[24.84952,60.2628]]]},"properties":{"name":"002639 Liesikuja 7","kind":"plan","ptype":"zoning","subtype":"Asemakaava","status":"vireilla","date":"20260119","url":"https://www.vantaa.fi/fi/kaavoitus/kaavat/myyrmaessa-liesikujalle-kaksi-kerrostaloa","source":"Vantaa"}},{"type":"Feature","geometry":{"type":"Polygon","coordinates":[[[24.82769,60.28323],[24.82738,60.28325],[24.8289,60.28382],[24.82968,60.28395],[24.83002,60.28409],[24.83022,60.2841],[24.83304,60.28383],[24.83359,60.28367],[24.83405,60.28323],[24.83303,60.28279],[24.83142,60.28247],[24.82966,60.28238],[24.82873,60.28235],[24.82799,60.28264],[24.82769,60.28323]]]},"properties":{"name":"002640 - Raappavuorentie 38","kind":"plan","ptype":"zoning","subtype":"Asemakaava","status":"hyvaksytty","date":"20260609","url":"https://www.vantaa.fi/fi/kaavoitus","source":"Vantaa"}},{"type":"Feature","geometry":{"type":"MultiPolygon","coordinates":[[[[24.95203,60.2878],[24.9505,60.2878],[24.9505,60.2878],[24.95049,60.2878],[24.95048,60.2878],[24.95048,60.2878],[24.95045,60.28781],[24.95045,60.28781],[24.95043,60.28781],[24.95043,60.28781],[24.95041,60.28781],[24.95041,60.28781],[24.9504,60.28781],[24.95039,60.28781],[24.95039,60.28781],[24.95039,60.28781],[24.95038,60.28782],[24.95036,60.28782],[24.95036,60.28782],[24.95036,60.28782],[24.95035,60.28782],[24.95035,60.28782],[24.95034,60.28783],[24.95034,60.28783],[24.95034,60.28783],[24.95033,60.28783],[24.95032,60.28783],[24.95032,60.28783],[24.95031,60.28784],[24.9503,60.28784],[24.9503,60.28784],[24.9503,60.28784],[24.95029,60.28785],[24.95029,60.28785],[24.95029,60.28785],[24.95027,60.28786],[24.95027,60.28786],[24.95026,60.28787],[24.95025,60.28787],[24.95025,60.28787],[24.95025,60.28787],[24.95024,60.28788],[24.95024,60.28788],[24.95024,60.28789],[24.95023,60.28789],[24.95023,60.28789],[24.95023,60.28789],[24.95023,60.28789],[24.95023,60.28789],[24.95023,60.28789],[24.95023,60.28789],[24.95022,60.2879],[24.95022,60.28791],[24.95022,60.28791],[24.95022,60.28791],[24.95022,60.28791],[24.95021,60.28792],[24.95004,60.28838],[24.95002,60.28843],[24.95074,60.28843],[24.95074,60.28904],[24.95202,60.28904],[24.95345,60.28904],[24.95345,60.28883],[24.95345,60.28844],[24.95345,60.2882],[24.95345,60.28781],[24.95319,60.28781],[24.95203,60.2878]]],[[[24.9441,60.28554],[24.94332,60.28535],[24.94337,60.28563],[24.94339,60.28571],[24.9434,60.2859],[24.94355,60.28596],[24.94392,60.28611],[24.94475,60.2857],[24.94485,60.28565],[24.94471,60.28563],[24.9441,60.28554]]]]},"properties":{"name":"002641 Lentorata","kind":"plan","ptype":"zoning","subtype":"Asemakaava","status":"vireilla","date":"20260310","url":"https://www.vantaa.fi/fi/kaavoitus/kaavat/lentorata-1-asemakaava","source":"Vantaa"}},{"type":"Feature","geometry":{"type":"Polygon","coordinates":[[[24.98846,60.28966],[24.98864,60.29009],[24.98871,60.2902],[24.98877,60.29027],[24.98937,60.29047],[24.98938,60.29047],[24.98939,60.29048],[24.98942,60.29049],[24.98948,60.29051],[24.98951,60.29052],[24.98956,60.29055],[24.98957,60.29056],[24.98959,60.29057],[24.9896,60.29058],[24.98963,60.2906],[24.98964,60.2906],[24.98964,60.2906],[24.98964,60.29061],[24.98965,60.29062],[24.98967,60.29063],[24.98968,60.29064],[24.98969,60.29065],[24.9897,60.29066],[24.98971,60.29067],[24.98972,60.29068],[24.98973,60.2907],[24.98974,60.29071],[24.98975,60.29072],[24.98975,60.29073],[24.98976,60.29075],[24.98976,60.29076],[24.98977,60.29077],[24.98977,60.29079],[24.98977,60.2908],[24.9899,60.29067],[24.98995,60.29061],[24.99057,60.29059],[24.99103,60.29032],[24.99128,60.29031],[24.99124,60.29006],[24.99232,60.29002],[24.99265,60.29],[24.99279,60.29],[24.99373,60.28996],[24.99372,60.28992],[24.99365,60.28992],[24.99319,60.28971],[24.99328,60.28947],[24.99339,60.2892],[24.9936,60.28875],[24.99378,60.28857],[24.99282,60.28835],[24.99239,60.28823],[24.99237,60.28824],[24.99203,60.28815],[24.99165,60.2883],[24.991,60.28857],[24.99054,60.28876],[24.99018,60.28892],[24.98984,60.28906],[24.98981,60.28908],[24.98977,60.28909],[24.9891,60.28938],[24.98846,60.28966]]]},"properties":{"name":"002638 Kuriiritie 24","kind":"plan","ptype":"zoning","subtype":"Asemakaava","status":"vireilla","date":"20260310","url":"https://www.vantaa.fi/fi/kaavoitus/kaavat/kuriiritielle-tyopaikkarakentamista","source":"Vantaa"}},{"type":"Feature","geometry":{"type":"Polygon","coordinates":[[[24.96451,60.31137],[24.96465,60.31147],[24.96495,60.31169],[24.96517,60.31183],[24.96527,60.3119],[24.96544,60.312],[24.96551,60.31204],[24.96604,60.31232],[24.96608,60.31234],[24.96669,60.31264],[24.96769,60.31313],[24.96768,60.31315],[24.96816,60.31336],[24.96827,60.3133],[24.96829,60.31332],[24.96844,60.31324],[24.96845,60.31323],[24.96846,60.31322],[24.96847,60.31321],[24.96848,60.3132],[24.96849,60.31319],[24.96849,60.31319],[24.96849,60.31317],[24.96849,60.31316],[24.96848,60.31315],[24.96847,60.31314],[24.96847,60.31313],[24.96809,60.31276],[24.96808,60.31276],[24.96807,60.31274],[24.96806,60.31274],[24.96804,60.31273],[24.96759,60.31251],[24.96759,60.31251],[24.96758,60.3125],[24.96758,60.3125],[24.96758,60.3125],[24.96757,60.31249],[24.96757,60.31249],[24.96757,60.31249],[24.96757,60.31249],[24.96757,60.31248],[24.96757,60.31248],[24.96758,60.31247],[24.96758,60.31247],[24.96758,60.31247],[24.96759,60.31246],[24.96759,60.31246],[24.96694,60.31215],[24.96694,60.31215],[24.96694,60.31215],[24.96693,60.31215],[24.96693,60.31215],[24.96692,60.31216],[24.96691,60.31216],[24.9669,60.31216],[24.9669,60.31216],[24.9669,60.31216],[24.96689,60.31216],[24.96688,60.31216],[24.96688,60.31216],[24.96687,60.31215],[24.96686,60.31215],[24.96686,60.31215],[24.96661,60.31203],[24.96644,60.31194],[24.96604,60.31172],[24.96553,60.31142],[24.96515,60.31115],[24.96491,60.31095],[24.96481,60.31086],[24.96472,60.31076],[24.9644,60.31047],[24.96436,60.31043],[24.96423,60.3103],[24.96418,60.31026],[24.96359,60.30971],[24.96342,60.30955],[24.96325,60.30939],[24.96307,60.30923],[24.96288,60.30908],[24.96268,60.30893],[24.96248,60.30878],[24.96227,60.30863],[24.96205,60.30849],[24.96183,60.30834],[24.96115,60.30868],[24.96115,60.30868],[24.96129,60.30878],[24.96158,60.30892],[24.96168,60.30896],[24.96169,60.30897],[24.96233,60.3095],[24.96235,60.3095],[24.96238,60.30952],[24.96236,60.30952],[24.96247,60.30961],[24.96253,60.30966],[24.9627,60.3098],[24.96277,60.30986],[24.9631,60.31013],[24.9631,60.31022],[24.9636,60.31065],[24.96432,60.31126],[24.96444,60.3113],[24.96451,60.31137]]]},"properties":{"name":"002644 Vantaan ratikka: Tietotie","kind":"plan","ptype":"zoning","subtype":"Asemakaava","status":"vireilla","date":"20251021","url":"https://www.vantaa.fi/fi/kaavoitus/kaavat/vantaan-ratikka-tietotie","source":"Vantaa"}},{"type":"Feature","geometry":{"type":"Polygon","coordinates":[[[25.04191,60.29174],[25.04149,60.29181],[25.041,60.29189],[25.04058,60.29195],[25.04029,60.292],[25.04015,60.29202],[25.04036,60.29251],[25.04051,60.29283],[25.04063,60.29311],[25.04064,60.29314],[25.04065,60.29315],[25.04058,60.29315],[25.04059,60.29319],[25.04122,60.29316],[25.0413,60.29315],[25.04131,60.29323],[25.04132,60.29328],[25.0419,60.29325],[25.04201,60.29326],[25.04333,60.29311],[25.04335,60.2931],[25.04332,60.29305],[25.04327,60.29294],[25.04332,60.29275],[25.04336,60.29274],[25.04315,60.29229],[25.04301,60.29189],[25.04285,60.29191],[25.04279,60.29191],[25.04277,60.29185],[25.04252,60.29172],[25.04251,60.29171],[25.04249,60.2917],[25.04247,60.29169],[25.04244,60.29169],[25.04242,60.29168],[25.04241,60.29168],[25.04239,60.29168],[25.04236,60.29168],[25.04233,60.29168],[25.0423,60.29168],[25.04229,60.29168],[25.04191,60.29174]]]},"properties":{"name":"002658 Asematien korttelit","kind":"plan","ptype":"zoning","subtype":"Asemakaava","status":"vireilla","date":"20260505","url":"https://www.vantaa.fi/fi/kaavoitus/kaavat/asematien-korttelit","source":"Vantaa"}},{"type":"Feature","geometry":{"type":"Polygon","coordinates":[[[24.85122,60.25549],[24.85149,60.25549],[24.85184,60.25548],[24.85208,60.25547],[24.85235,60.25545],[24.85264,60.25544],[24.85292,60.25542],[24.85336,60.25538],[24.85351,60.25537],[24.8536,60.25537],[24.85448,60.25529],[24.85487,60.25526],[24.85486,60.25542],[24.85492,60.25543],[24.8559,60.25545],[24.85583,60.25537],[24.85593,60.2552],[24.85595,60.25516],[24.85646,60.25512],[24.85726,60.25504],[24.85742,60.25481],[24.8577,60.25442],[24.85781,60.25425],[24.85792,60.25419],[24.857,60.25427],[24.8565,60.25432],[24.85596,60.25437],[24.8552,60.25444],[24.855,60.25445],[24.85478,60.25448],[24.85248,60.25514],[24.85122,60.25549]]]},"properties":{"name":"002646 Kilterinkuja 6","kind":"plan","ptype":"zoning","subtype":"Asemakaava","status":"vireilla","date":"20260505","url":"https://www.vantaa.fi/fi/kaavoitus/kaavat/myyrmaessa-kilterinkujan-huoltotontin-laajennus","source":"Vantaa"}},{"type":"Feature","geometry":{"type":"Polygon","coordinates":[[[25.09833,60.27159],[25.09931,60.27195],[25.10029,60.27129],[25.10021,60.27126],[25.10043,60.27112],[25.10075,60.27091],[25.10081,60.27078],[25.10077,60.27068],[25.10051,60.27059],[25.10037,60.27053],[25.10024,60.27058],[25.09998,60.27062],[25.0997,60.27067],[25.0995,60.27078],[25.09918,60.271],[25.09887,60.27122],[25.09855,60.27144],[25.09833,60.27159]]]},"properties":{"name":"002648 Ruunikkokuja 5","kind":"plan","ptype":"zoning","subtype":"Asemakaava","status":"vireilla","date":"20260310","url":"https://www.vantaa.fi/fi/kaavoitus/kaavat/huoltorakennus-ruunikkokujalle-hakunilassa","source":"Vantaa"}},{"type":"Feature","geometry":{"type":"Polygon","coordinates":[[[25.10518,60.35277],[25.10515,60.35301],[25.10531,60.35348],[25.10611,60.35417],[25.1069,60.35418],[25.10896,60.35419],[25.10909,60.35419],[25.11065,60.3542],[25.11051,60.35394],[25.11041,60.35365],[25.11033,60.35346],[25.11026,60.35334],[25.11023,60.35318],[25.11025,60.35287],[25.10991,60.35286],[25.10984,60.35286],[25.10978,60.35286],[25.10976,60.35286],[25.10977,60.35277],[25.10977,60.35275],[25.10972,60.35274],[25.10929,60.35285],[25.10838,60.35283],[25.10838,60.35287],[25.10744,60.3529],[25.10644,60.35288],[25.1058,60.35286],[25.10579,60.35286],[25.10575,60.35285],[25.1057,60.35284],[25.10566,60.35283],[25.10566,60.35283],[25.10563,60.35281],[25.1056,60.3528],[25.10557,60.35278],[25.10557,60.35278],[25.10518,60.35277]]]},"properties":{"name":"841100 Harmaahylkeentie 8","kind":"plan","ptype":"zoning","subtype":"Asemakaava","status":"vireilla","date":"20260310","url":"https://www.vantaa.fi/fi/kaavoitus/kaavat/huoltorakennus-harmaahylkeentielle-leppakorvessa","source":"Vantaa"}},{"type":"Feature","geometry":{"type":"Polygon","coordinates":[[[24.85148,60.26343],[24.85148,60.26346],[24.85227,60.26347],[24.85228,60.26345],[24.85236,60.26303],[24.85323,60.26307],[24.85323,60.26293],[24.8531,60.26285],[24.85312,60.26277],[24.85327,60.2627],[24.85332,60.26271],[24.85443,60.26276],[24.85448,60.2628],[24.85449,60.26269],[24.85458,60.26162],[24.85443,60.26159],[24.85436,60.26238],[24.8542,60.26245],[24.85376,60.26266],[24.85341,60.26264],[24.85333,60.26264],[24.85244,60.26259],[24.85224,60.26258],[24.85222,60.26265],[24.85215,60.26302],[24.85212,60.26321],[24.8515,60.2632],[24.85149,60.26325],[24.85148,60.26343]]]},"properties":{"name":"002651 Liesipuisto ja Tuurapuisto","kind":"plan","ptype":"zoning","subtype":"Asemakaava","status":"vireilla","date":"20260429","url":"https://www.vantaa.fi/fi/kaavoitus/kaavat/liesipuistoa-ja-tuurapuistoa-kehitetaan-toiminnallisiksi-puistoiksi-myyrmaessa","source":"Vantaa"}},{"type":"Feature","geometry":{"type":"Polygon","coordinates":[[[24.87723,60.34386],[24.87754,60.34485],[24.87769,60.34485],[24.87765,60.34516],[24.87849,60.34515],[24.87924,60.34512],[24.87924,60.34513],[24.87888,60.34595],[24.87879,60.34598],[24.87865,60.34629],[24.87812,60.34623],[24.87787,60.34678],[24.87713,60.34689],[24.87676,60.34675],[24.87688,60.34755],[24.87533,60.34765],[24.87288,60.34772],[24.87203,60.34773],[24.87094,60.34777],[24.8691,60.34773],[24.86655,60.34768],[24.86626,60.34768],[24.86606,60.34771],[24.86589,60.34771],[24.86553,60.34766],[24.86543,60.34752],[24.86542,60.34747],[24.86556,60.34723],[24.86516,60.34719],[24.86507,60.34743],[24.86493,60.34769],[24.86489,60.34782],[24.86476,60.34786],[24.86475,60.34795],[24.86473,60.34803],[24.86474,60.34804],[24.8645,60.34827],[24.8649,60.34837],[24.86516,60.34818],[24.86532,60.34799],[24.86562,60.34787],[24.866,60.34786],[24.86645,60.34787],[24.86731,60.3479],[24.86804,60.34793],[24.86914,60.34796],[24.87056,60.34799],[24.87091,60.34799],[24.8711,60.34803],[24.87154,60.348],[24.87262,60.34795],[24.87501,60.34788],[24.87589,60.34785],[24.87612,60.34787],[24.87652,60.34786],[24.87706,60.34784],[24.87775,60.34783],[24.87786,60.34782],[24.87838,60.34781],[24.87892,60.3478],[24.87946,60.34778],[24.88001,60.34777],[24.88055,60.34776],[24.88109,60.34774],[24.88129,60.34774],[24.8813,60.34787],[24.88388,60.34781],[24.88762,60.34817],[24.88799,60.34768],[24.88571,60.34741],[24.88432,60.34735],[24.88398,60.34745],[24.88339,60.34745],[24.88173,60.3475],[24.882,60.3465],[24.88045,60.34507],[24.88078,60.34431],[24.87927,60.34365],[24.87723,60.34386]]]},"properties":{"name":"330500 - Kaalimaankuja","kind":"plan","ptype":"zoning","subtype":"Asemakaava","status":"vireilla","date":"20260609","url":"https://www.vantaa.fi/fi/kaavoitus/kaavat/katrinebergin-kaalimaankujalle-pientaloja","source":"Vantaa"}},{"type":"Feature","geometry":{"type":"MultiPolygon","coordinates":[[[[25.0572,60.36018],[25.05739,60.36019],[25.05741,60.36011],[25.05746,60.35999],[25.05753,60.35988],[25.05754,60.35987],[25.05765,60.35975],[25.0578,60.35965],[25.05787,60.3596],[25.0582,60.35941],[25.0566,60.35873],[25.05765,60.35819],[25.05608,60.35777],[25.05573,60.35765],[25.05552,60.35765],[25.05325,60.35885],[25.05384,60.35911],[25.05393,60.35921],[25.05415,60.35959],[25.05413,60.35995],[25.05585,60.36048],[25.05609,60.36028],[25.0572,60.36018]]],[[[25.07742,60.36927],[25.07891,60.36905],[25.07846,60.36856],[25.07809,60.36866],[25.07758,60.36881],[25.07717,60.36852],[25.07742,60.36842],[25.07737,60.36839],[25.07695,60.36814],[25.07691,60.36811],[25.07627,60.36773],[25.07577,60.36796],[25.07548,60.36812],[25.07521,60.36828],[25.0752,60.36842],[25.07535,60.3685],[25.07546,60.36866],[25.07561,60.36877],[25.07584,60.36899],[25.07591,60.36907],[25.0759,60.36913],[25.07587,60.36916],[25.07583,60.36919],[25.07597,60.36955],[25.07597,60.36971],[25.07599,60.37006],[25.07614,60.37036],[25.07752,60.37036],[25.07786,60.37015],[25.07776,60.36975],[25.07769,60.36966],[25.07764,60.36959],[25.07742,60.36927]]],[[[25.07961,60.36705],[25.07993,60.36739],[25.0805,60.36797],[25.08111,60.3686],[25.08302,60.36823],[25.08314,60.36821],[25.0831,60.36815],[25.08298,60.36812],[25.08285,60.36812],[25.08275,60.36815],[25.0827,60.36821],[25.08261,60.36821],[25.08257,60.3682],[25.08254,60.36817],[25.0825,60.36811],[25.08245,60.36808],[25.08243,60.36805],[25.08244,60.36804],[25.0825,60.368],[25.08257,60.3679],[25.08258,60.36786],[25.08257,60.36783],[25.08255,60.3678],[25.08255,60.36774],[25.08248,60.36767],[25.08247,60.36764],[25.08249,60.36761],[25.08253,60.3676],[25.08261,60.3676],[25.0827,60.36762],[25.08281,60.36765],[25.08283,60.3676],[25.0827,60.36751],[25.08267,60.36742],[25.0826,60.36734],[25.0826,60.36725],[25.08255,60.36722],[25.08236,60.36721],[25.08232,60.36702],[25.08237,60.36696],[25.08237,60.36688],[25.08239,60.36683],[25.08239,60.36668],[25.08235,60.36663],[25.08225,60.36656],[25.08221,60.36652],[25.08215,60.36653],[25.08184,60.3666],[25.0816,60.3666],[25.08152,60.36661],[25.08093,60.36668],[25.08093,60.36668],[25.08088,60.36669],[25.08087,60.36669],[25.08084,60.3667],[25.08082,60.3667],[25.08044,60.36683],[25.08017,60.36692],[25.08003,60.36695],[25.07961,60.36705]]]]},"properties":{"name":"002653 Lentorata osa 2","kind":"plan","ptype":"zoning","subtype":"Asemakaava","status":"vireilla","date":"20260505","url":"https://www.vantaa.fi/fi/kaavoitus/kaavat/lentorata-osa-2-asemakaava","source":"Vantaa"}},{"type":"Feature","geometry":{"type":"MultiPolygon","coordinates":[[[[24.8234,60.32167],[24.82341,60.32172],[24.82343,60.32179],[24.82343,60.3218],[24.82345,60.32185],[24.82348,60.32189],[24.82352,60.32193],[24.82352,60.32193],[24.82357,60.32197],[24.82364,60.32201],[24.82371,60.32204],[24.82372,60.32205],[24.82437,60.32233],[24.82556,60.32179],[24.82541,60.32175],[24.82522,60.32169],[24.82511,60.32164],[24.82505,60.32162],[24.82491,60.32153],[24.82478,60.32144],[24.82477,60.32143],[24.82477,60.32143],[24.82475,60.32141],[24.82473,60.32139],[24.82468,60.32134],[24.82461,60.32124],[24.82457,60.32113],[24.82457,60.32111],[24.82456,60.32102],[24.82457,60.32091],[24.8246,60.32082],[24.82435,60.32081],[24.8237,60.32078],[24.82346,60.3211],[24.8234,60.32167]]],[[[24.82762,60.32072],[24.82761,60.3207],[24.82675,60.3207],[24.82674,60.32076],[24.82675,60.32084],[24.82678,60.32091],[24.82683,60.32099],[24.8269,60.32106],[24.82693,60.32108],[24.82699,60.32112],[24.82709,60.32118],[24.8272,60.32123],[24.82733,60.32127],[24.82747,60.3213],[24.82756,60.32132],[24.828,60.32106],[24.82789,60.32103],[24.82786,60.32101],[24.82777,60.32094],[24.82771,60.32088],[24.8277,60.32087],[24.82765,60.3208],[24.82762,60.32072],[24.82762,60.32072]]]]},"properties":{"name":"002655 - Varikkokaarre ja Ajolenkki","kind":"plan","ptype":"zoning","subtype":"Asemakaava","status":"vireilla","date":"20260414","url":"https://www.vantaa.fi/fi/kaavoitus/kaavat/keimolanmakeen-asumista","source":"Vantaa"}},{"type":"Feature","geometry":{"type":"Polygon","coordinates":[[[24.78159,60.2895],[24.78165,60.28953],[24.78166,60.28953],[24.78171,60.28955],[24.78182,60.2896],[24.78195,60.28986],[24.78208,60.28986],[24.7823,60.28972],[24.78248,60.28961],[24.78323,60.28982],[24.78436,60.28883],[24.78504,60.28824],[24.78512,60.28816],[24.78523,60.28807],[24.78569,60.28766],[24.78571,60.2876],[24.78583,60.28727],[24.78611,60.2871],[24.78595,60.28688],[24.78563,60.28646],[24.78488,60.2866],[24.78496,60.28624],[24.78507,60.28611],[24.78498,60.28611],[24.78497,60.28611],[24.78495,60.28611],[24.78493,60.28611],[24.78492,60.28612],[24.78492,60.28612],[24.7849,60.28612],[24.78489,60.28613],[24.78487,60.28614],[24.78487,60.28614],[24.78438,60.28646],[24.78437,60.28647],[24.78437,60.28647],[24.78436,60.28648],[24.78436,60.28648],[24.78436,60.28649],[24.78436,60.28649],[24.78436,60.2865],[24.78436,60.28651],[24.78437,60.28651],[24.78437,60.28652],[24.78438,60.28652],[24.78438,60.28653],[24.78423,60.28656],[24.78422,60.28656],[24.78422,60.28655],[24.78421,60.28655],[24.7842,60.28654],[24.78419,60.28654],[24.78418,60.28654],[24.78417,60.28654],[24.78416,60.28654],[24.78415,60.28653],[24.78413,60.28653],[24.78412,60.28653],[24.7841,60.28654],[24.7841,60.28654],[24.78392,60.28656],[24.78387,60.28648],[24.78339,60.28654],[24.78311,60.28658],[24.78297,60.2866],[24.78292,60.28661],[24.78175,60.2869],[24.78066,60.28716],[24.78052,60.2872],[24.78052,60.2873],[24.7809,60.2872],[24.78129,60.2871],[24.78206,60.28692],[24.78209,60.28701],[24.78217,60.28718],[24.78225,60.28736],[24.78233,60.28753],[24.78232,60.28755],[24.78228,60.28772],[24.78225,60.28789],[24.7822,60.28807],[24.78217,60.28823],[24.78216,60.28824],[24.7821,60.28845],[24.78206,60.28859],[24.78204,60.28864],[24.78198,60.28886],[24.78193,60.28906],[24.78186,60.28929],[24.78185,60.28934],[24.78159,60.2895]]]},"properties":{"name":"002491 Halkotie","kind":"plan","ptype":"zoning","subtype":"Asemakaava","status":"vireilla","date":"20260111","url":"https://www.vantaa.fi/fi/kaavoitus/kaavat/askiston-halkotiella-ajantasaistetaan-asemakaava","source":"Vantaa"}},{"type":"Feature","geometry":{"type":"Polygon","coordinates":[[[24.81675,60.27684],[24.81697,60.27692],[24.81651,60.27721],[24.81706,60.27743],[24.81707,60.27743],[24.81753,60.27715],[24.81814,60.27676],[24.81743,60.27641],[24.81685,60.27613],[24.81612,60.27659],[24.81675,60.27684]]]},"properties":{"name":"002659 Kalustetie 4 ja Riihimiehentie 3","kind":"plan","ptype":"zoning","subtype":"Asemakaava","status":"vireilla","date":"20260414","url":"https://www.vantaa.fi/fi/kaavoitus/kaavat/varistossa-kalustetielle-vahittaiskaupan-suuryksikko-ja-toimitilaa","source":"Vantaa"}},{"type":"Feature","geometry":{"type":"Polygon","coordinates":[[[24.80991,60.27621],[24.80968,60.27612],[24.80924,60.27596],[24.8089,60.27584],[24.80899,60.27612],[24.80832,60.27655],[24.80837,60.27657],[24.80897,60.2768],[24.80991,60.27717],[24.81084,60.27658],[24.80991,60.27621]]]},"properties":{"name":"002660 Tiilipojanlenkki 4","kind":"plan","ptype":"zoning","subtype":"Asemakaava","status":"vireilla","date":"20260414","url":"https://www.vantaa.fi/fi/kaavoitus/kaavat/petikossa-tiilipojanlenkille-vahittaiskaupan-suuryksikko","source":"Vantaa"}},{"type":"Feature","geometry":{"type":"Polygon","coordinates":[[[24.96852,60.28484],[24.96891,60.28482],[24.96893,60.28482],[24.96894,60.28482],[24.96896,60.28481],[24.96897,60.28481],[24.96898,60.28481],[24.969,60.2848],[24.96901,60.2848],[24.96902,60.28479],[24.96903,60.28479],[24.96903,60.28478],[24.96904,60.28478],[24.96905,60.28477],[24.96905,60.28476],[24.96906,60.28475],[24.96906,60.28475],[24.96907,60.28474],[24.96907,60.28474],[24.96914,60.28432],[24.96845,60.28441],[24.96809,60.28444],[24.96765,60.28443],[24.96769,60.2849],[24.96852,60.28484]]]},"properties":{"name":"002375 Johdintie 2 ja 4","kind":"plan","ptype":"zoning","subtype":"Asemakaava","status":"vireilla","date":null,"url":"https://www.vantaa.fi/uutisia/ajankohtaiset_kaavat/aviapoliksen_kaavat","source":"Vantaa"}},{"type":"Feature","geometry":{"type":"Polygon","coordinates":[[[24.94602,60.28612],[24.94126,60.27713],[24.94037,60.27681],[24.94025,60.27677],[24.94011,60.27674],[24.94009,60.27673],[24.93996,60.27671],[24.93929,60.27658],[24.93906,60.27654],[24.93889,60.27651],[24.93863,60.27646],[24.9385,60.27643],[24.94337,60.28563],[24.94339,60.28571],[24.9434,60.2859],[24.94355,60.28596],[24.94384,60.28651],[24.9406,60.28806],[24.94057,60.2897],[24.94554,60.28971],[24.9516,60.30115],[24.95028,60.30132],[24.95111,60.3029],[24.95118,60.30408],[24.95305,60.30538],[24.95352,60.30559],[24.95432,60.3057],[24.95446,60.30587],[24.95467,60.30612],[24.95504,60.30653],[24.9551,60.30659],[24.95516,60.30666],[24.95522,60.30672],[24.95528,60.30678],[24.95534,60.30684],[24.9554,60.3069],[24.95546,60.30696],[24.95551,60.30703],[24.95579,60.30732],[24.95913,60.31078],[24.96099,60.31302],[24.96115,60.31321],[24.9612,60.31327],[24.96124,60.31332],[24.96125,60.31334],[24.9613,60.3134],[24.96136,60.31347],[24.96156,60.31369],[24.96176,60.31392],[24.96182,60.31398],[24.96188,60.31404],[24.96194,60.31411],[24.962,60.31417],[24.96255,60.31474],[24.96252,60.31519],[24.96255,60.31525],[24.96257,60.31528],[24.96261,60.31533],[24.96263,60.31537],[24.96605,60.31892],[24.96606,60.31892],[24.96864,60.32144],[24.97165,60.32457],[24.97171,60.32463],[24.97177,60.32469],[24.97183,60.32476],[24.97189,60.32482],[24.97195,60.32488],[24.97201,60.32494],[24.97208,60.325],[24.97214,60.32507],[24.97326,60.32611],[24.97435,60.32699],[24.97604,60.32817],[24.97701,60.32877],[24.97711,60.32883],[24.97721,60.32889],[24.97731,60.32895],[24.97741,60.32901],[24.97751,60.32907],[24.97761,60.32912],[24.97772,60.32918],[24.97782,60.32924],[24.97792,60.3293],[24.97802,60.32935],[24.97812,60.32941],[24.97822,60.32947],[24.98429,60.33291],[24.98674,60.33293],[24.98917,60.33294],[24.98094,60.32828],[24.98084,60.32823],[24.98074,60.32817],[24.98064,60.32812],[24.98055,60.32806],[24.98045,60.32801],[24.98035,60.32795],[24.98026,60.32789],[24.98016,60.32784],[24.98007,60.32779],[24.97997,60.32773],[24.97988,60.32768],[24.97979,60.32762],[24.97921,60.32727],[24.97892,60.32708],[24.97865,60.32691],[24.97873,60.32627],[24.97876,60.32586],[24.97833,60.32563],[24.97656,60.32535],[24.9764,60.32521],[24.97595,60.32482],[24.97538,60.32427],[24.97532,60.32421],[24.97527,60.32415],[24.97521,60.3241],[24.97515,60.32404],[24.97509,60.32398],[24.97504,60.32392],[24.97498,60.32386],[24.97492,60.3238],[24.97004,60.31864],[24.9719,60.31683],[24.9709,60.31658],[24.97131,60.31622],[24.97135,60.31617],[24.97141,60.31609],[24.97144,60.316],[24.97146,60.31592],[24.97146,60.31591],[24.97144,60.31582],[24.97141,60.31573],[24.97135,60.31565],[24.97132,60.31562],[24.97107,60.31536],[24.97102,60.31531],[24.97097,60.31527],[24.97092,60.31523],[24.97084,60.31518],[24.9708,60.3151],[24.97079,60.31508],[24.97075,60.31502],[24.9707,60.31498],[24.97001,60.31252],[24.96952,60.31183],[24.96923,60.3117],[24.96793,60.31231],[24.96473,60.31321],[24.96451,60.31299],[24.96428,60.31277],[24.96421,60.31271],[24.96414,60.31265],[24.96408,60.31259],[24.96401,60.31253],[24.96146,60.31022],[24.95785,60.30647],[24.95723,60.30583],[24.95718,60.30577],[24.95712,60.30571],[24.95706,60.30565],[24.957,60.30559],[24.95694,60.30553],[24.95689,60.30547],[24.95683,60.30541],[24.95678,60.30535],[24.95623,60.30473],[24.95613,60.30461],[24.95555,60.30385],[24.95617,60.30371],[24.95589,60.30348],[24.95479,60.30232],[24.95462,60.30233],[24.94793,60.28971],[24.94921,60.28971],[24.94933,60.28948],[24.95229,60.2891],[24.95488,60.28911],[24.95489,60.28774],[24.95179,60.28774],[24.95113,60.28649],[24.94941,60.28671],[24.94602,60.28612]]]},"properties":{"name":"002641ma Lentorata maanalainen asemakaava","kind":"plan","ptype":"zoning","subtype":"Asemakaava","status":"vireilla","date":null,"url":"https://www.vantaa.fi/fi/kaavoitus/kaavat/lentorata-1-asemakaava","source":"Vantaa"}}]}