{"type":"Topology","objects":{"neighborhoods":{"type":"GeometryCollection","geometries":[{"type":"MultiPolygon","arcs":[[[0,1,2,3]]],"properties":{"id":888,"postinumeroalue":"31140","nimi":"Menonen","namn":"Menonen","euref_x":308692,"euref_y":6768603,"pinta_ala":46684731,"vuosi":2026,"kunta":"887","he_vakiy":151,"he_naiset":75,"he_miehet":76,"he_kika":49,"he_0_2":2,"he_3_6":8,"he_7_12":8,"he_13_15":3,"he_16_17":4,"he_18_19":2,"he_20_24":1,"he_25_29":6,"he_30_34":8,"he_35_39":6,"he_40_44":7,"he_45_49":11,"he_50_54":14,"he_55_59":6,"he_60_64":16,"he_65_69":17,"he_70_74":14,"he_75_79":13,"he_80_84":3,"he_85_":2,"ko_ika18y":126,"ko_perus":33,"ko_koul":93,"ko_yliop":1,"ko_ammat":52,"ko_al_kork":32,"ko_yl_kork":8,"hr_tuy":126,"hr_ktu":27635,"hr_mtu":24438,"hr_pi_tul":30,"hr_ke_tul":78,"hr_hy_tul":18,"hr_ovy":3481952,"te_taly":74,"te_takk":2,"te_as_valj":55.3,"te_yks":23,"te_nuor":2,"te_eil_np":1,"te_laps":17,"te_plap":2,"te_aklap":7,"te_klap":7,"te_teini":6,"te_yhlap":5,"te_aik":24,"te_elak":35,"te_omis_as":68,"te_vuok_as":5,"te_muu_as":1,"tr_kuty":74,"tr_ktu":47766,"tr_mtu":39839,"tr_pi_tul":17,"tr_ke_tul":47,"tr_hy_tul":10,"tr_ovy":3534689,"ra_ke":50,"ra_raky":143,"ra_muut":20,"ra_asrak":123,"ra_asunn":103,"ra_as_kpa":108.2,"ra_pt_as":102,"ra_kt_as":0,"ra_muu_as":1,"tp_tyopy":18,"tp_alku_a":2,"tp_jalo_bf":11,"tp_palv_gu":5,"tp_a_maat":2,"tp_b_kaiv":0,"tp_c_teol":11,"tp_d_ener":0,"tp_e_vesi":0,"tp_f_rake":0,"tp_g_kaup":3,"tp_h_kulj":0,"tp_i_majo":0,"tp_j_info":0,"tp_k_raho":0,"tp_l_kiin":0,"tp_m_erik":0,"tp_n_hall":0,"tp_o_julk":0,"tp_p_koul":0,"tp_q_terv":1,"tp_r_taid":1,"tp_s_muup":0,"tp_t_koti":0,"tp_u_kans":0,"tp_x_tunt":0,"pt_vakiy":151,"pt_tyoll":70,"pt_tyott":4,"pt_0_14":21,"pt_opisk":5,"pt_elakel":47,"pt_muut":4,"city":"etela_pirkanmaa","pno":"31140","unemployment_rate":2.6,"higher_education_rate":31.7,"pensioner_share":31.1,"ownership_rate":91.9,"rental_rate":6.8,"population_density":3,"child_ratio":6.6,"student_share":3.3,"detached_house_share":99,"youth_ratio_pct":6,"gender_ratio":0.99,"single_parent_hh_pct":1.4,"families_with_children_pct":23,"tech_sector_pct":0,"healthcare_workers_pct":5.6,"employment_rate":46.4,"elderly_ratio_pct":32.5,"avg_household_size":2.04,"manufacturing_jobs_pct":61.1,"public_sector_jobs_pct":0,"service_sector_jobs_pct":27.8,"new_construction_pct":138.8,"foreign_language_pct":1.3,"crime_index":39.8,"property_price_sqm":null,"transit_stop_density":0.6,"air_quality_index":23.4,"daycare_density":0,"school_density":0,"healthcare_density":0,"restaurant_density":0,"grocery_density":0,"cycling_density":0,"single_person_hh_pct":31.1,"rental_price_sqm":null,"price_to_rent_ratio":null,"walkability_index":76,"traffic_accident_rate":17.7,"property_price_change_pct":null,"school_quality_score":null,"light_pollution":0.08,"noise_pollution":null,"voter_turnout_pct":67.7,"party_diversity_index":0.628,"broadband_coverage_pct":59,"ev_charging_density":0,"tree_canopy_pct":66.4,"transit_reachability_score":null,"sports_facility_density":0.1,"water_proximity_m":0,"avg_construction_year":1972,"income_history":[[2021,19799],[2022,20422],[2023,21908],[2024,21201],[2025,23273],[2026,24438]],"population_history":[[2021,162],[2022,153],[2023,159],[2024,155],[2025,147],[2026,151]],"unemployment_history":[[2021,1.9],[2022,2.6],[2023,1.9],[2024,2.6],[2025,2.7],[2026,2.6]],"income_change_pct":23.4,"population_change_pct":-6.8,"unemployment_change_pct":36.8,"schools":null,"crime_index_history":[[2020,36.2],[2021,33.2],[2022,29.7],[2023,24],[2024,29.5],[2025,39.8]],"crime_index_change_pct":9.9,"health_index":106.7,"radon":119,"municipality":"Urjala","lon":23.47313,"lat":61.00278,"flood_risk_pct":null,"population_projection_pct":-6.7,"construction_activity":6.5,"active_plan_count":2,"political_lean_index":62,"party_vote_kok_pct":14.8,"party_vote_sdp_pct":21.4,"party_vote_ps_pct":31.5,"party_vote_kesk_pct":19.3,"party_vote_vihr_pct":2.4,"party_vote_vas_pct":3,"party_vote_rkp_pct":0.2,"foreign_language_municipal_pct":3.4,"foreign_language_history":"[[2020, 1.3], [2021, 1.4], [2022, 1.2], [2023, 1.6], [2024, 1.7], [2025, 1.7]]","foreign_language_est_pct":1.7}},{"type":"MultiPolygon","arcs":[[[4,-3,5,6,7]]],"properties":{"id":889,"postinumeroalue":"31160","nimi":"Nuutajärvi","namn":"Nuutajärvi","euref_x":303649,"euref_y":6771126,"pinta_ala":32095651,"vuosi":2026,"kunta":"887","he_vakiy":234,"he_naiset":123,"he_miehet":111,"he_kika":54,"he_0_2":3,"he_3_6":4,"he_7_12":6,"he_13_15":3,"he_16_17":2,"he_18_19":5,"he_20_24":3,"he_25_29":8,"he_30_34":13,"he_35_39":11,"he_40_44":21,"he_45_49":14,"he_50_54":23,"he_55_59":10,"he_60_64":24,"he_65_69":25,"he_70_74":17,"he_75_79":21,"he_80_84":10,"he_85_":11,"ko_ika18y":216,"ko_perus":68,"ko_koul":148,"ko_yliop":10,"ko_ammat":96,"ko_al_kork":30,"ko_yl_kork":12,"hr_tuy":216,"hr_ktu":22184,"hr_mtu":20156,"hr_pi_tul":66,"hr_ke_tul":133,"hr_hy_tul":17,"hr_ovy":4791651,"te_taly":143,"te_takk":1.6,"te_as_valj":53,"te_yks":77,"te_nuor":11,"te_eil_np":1,"te_laps":13,"te_plap":3,"te_aklap":6,"te_klap":5,"te_teini":5,"te_yhlap":3,"te_aik":68,"te_elak":63,"te_omis_as":106,"te_vuok_as":34,"te_muu_as":3,"tr_kuty":143,"tr_ktu":33681,"tr_mtu":27912,"tr_pi_tul":53,"tr_ke_tul":81,"tr_hy_tul":9,"tr_ovy":4816384,"ra_ke":105,"ra_raky":194,"ra_muut":30,"ra_asrak":164,"ra_asunn":209,"ra_as_kpa":86,"ra_pt_as":197,"ra_kt_as":9,"ra_muu_as":3,"tp_tyopy":60,"tp_alku_a":4,"tp_jalo_bf":32,"tp_palv_gu":24,"tp_a_maat":4,"tp_b_kaiv":0,"tp_c_teol":4,"tp_d_ener":0,"tp_e_vesi":25,"tp_f_rake":3,"tp_g_kaup":0,"tp_h_kulj":2,"tp_i_majo":6,"tp_j_info":0,"tp_k_raho":0,"tp_l_kiin":4,"tp_m_erik":3,"tp_n_hall":0,"tp_o_julk":0,"tp_p_koul":1,"tp_q_terv":6,"tp_r_taid":1,"tp_s_muup":1,"tp_t_koti":0,"tp_u_kans":0,"tp_x_tunt":0,"pt_vakiy":234,"pt_tyoll":85,"pt_tyott":23,"pt_0_14":15,"pt_opisk":10,"pt_elakel":89,"pt_muut":12,"city":"etela_pirkanmaa","pno":"31160","unemployment_rate":9.8,"higher_education_rate":19.4,"pensioner_share":38,"ownership_rate":74.1,"rental_rate":23.8,"population_density":7,"child_ratio":3,"student_share":4.3,"detached_house_share":94.3,"youth_ratio_pct":6.8,"gender_ratio":1.11,"single_parent_hh_pct":0.7,"families_with_children_pct":9.1,"tech_sector_pct":0,"healthcare_workers_pct":10,"employment_rate":36.3,"elderly_ratio_pct":35.9,"avg_household_size":1.64,"manufacturing_jobs_pct":53.3,"public_sector_jobs_pct":0,"service_sector_jobs_pct":40,"new_construction_pct":92.8,"foreign_language_pct":9.5,"crime_index":78.4,"property_price_sqm":null,"transit_stop_density":0.3,"air_quality_index":23.3,"daycare_density":0,"school_density":0,"healthcare_density":0,"restaurant_density":0,"grocery_density":0,"cycling_density":0.1,"single_person_hh_pct":53.8,"rental_price_sqm":null,"price_to_rent_ratio":null,"walkability_index":78,"traffic_accident_rate":null,"property_price_change_pct":null,"school_quality_score":null,"light_pollution":0.03,"noise_pollution":null,"voter_turnout_pct":67.7,"party_diversity_index":0.628,"broadband_coverage_pct":59,"ev_charging_density":0,"tree_canopy_pct":26.4,"transit_reachability_score":null,"sports_facility_density":0.2,"water_proximity_m":0,"avg_construction_year":1970,"income_history":[[2021,17763],[2022,17803],[2023,18491],[2024,19070],[2025,20034],[2026,20156]],"population_history":[[2021,240],[2022,242],[2023,257],[2024,250],[2025,248],[2026,234]],"unemployment_history":[[2021,5.8],[2022,4.5],[2023,5.1],[2024,4.8],[2025,8.9],[2026,9.8]],"income_change_pct":13.5,"population_change_pct":-2.5,"unemployment_change_pct":69,"schools":null,"crime_index_history":[[2020,71.2],[2021,65.4],[2022,58.5],[2023,47.3],[2024,58.1],[2025,78.4]],"crime_index_change_pct":10.1,"health_index":106.7,"radon":84,"municipality":"Urjala","lon":23.39059,"lat":61.0319,"flood_risk_pct":null,"population_projection_pct":-6.7,"construction_activity":6.5,"active_plan_count":null,"political_lean_index":62,"party_vote_kok_pct":14.8,"party_vote_sdp_pct":21.4,"party_vote_ps_pct":31.5,"party_vote_kesk_pct":19.3,"party_vote_vihr_pct":2.4,"party_vote_vas_pct":3,"party_vote_rkp_pct":0.2,"foreign_language_municipal_pct":3.4,"foreign_language_history":"[[2020, 9.5], [2021, 9.9], [2022, 9.1], [2023, 11.7], [2024, 12.4], [2025, 12.4]]","foreign_language_est_pct":12.4}},{"type":"MultiPolygon","arcs":[[[8,9,-1,10,11]]],"properties":{"id":914,"postinumeroalue":"31700","nimi":"Urjala Asemanseutu-Hanhisuo","namn":"Urjala stationsamhälle-Hanhisuo","euref_x":322741,"euref_y":6770042,"pinta_ala":138985105,"vuosi":2026,"kunta":"887","he_vakiy":1310,"he_naiset":631,"he_miehet":679,"he_kika":49,"he_0_2":19,"he_3_6":30,"he_7_12":86,"he_13_15":52,"he_16_17":33,"he_18_19":30,"he_20_24":39,"he_25_29":26,"he_30_34":44,"he_35_39":75,"he_40_44":79,"he_45_49":89,"he_50_54":102,"he_55_59":104,"he_60_64":111,"he_65_69":83,"he_70_74":108,"he_75_79":109,"he_80_84":53,"he_85_":38,"ko_ika18y":1090,"ko_perus":274,"ko_koul":816,"ko_yliop":40,"ko_ammat":554,"ko_al_kork":174,"ko_yl_kork":48,"hr_tuy":1090,"hr_ktu":27609,"hr_mtu":24051,"hr_pi_tul":255,"hr_ke_tul":668,"hr_hy_tul":167,"hr_ovy":30094124,"te_taly":646,"te_takk":2,"te_as_valj":49.9,"te_yks":258,"te_nuor":18,"te_eil_np":9,"te_laps":105,"te_plap":17,"te_aklap":36,"te_klap":59,"te_teini":56,"te_yhlap":23,"te_aik":268,"te_elak":276,"te_omis_as":550,"te_vuok_as":82,"te_muu_as":14,"tr_kuty":646,"tr_ktu":47037,"tr_mtu":39274,"tr_pi_tul":179,"tr_ke_tul":370,"tr_hy_tul":97,"tr_ovy":30385911,"ra_ke":529,"ra_raky":893,"ra_muut":130,"ra_asrak":763,"ra_asunn":792,"ra_as_kpa":96.2,"ra_pt_as":726,"ra_kt_as":42,"ra_muu_as":24,"tp_tyopy":213,"tp_alku_a":49,"tp_jalo_bf":96,"tp_palv_gu":68,"tp_a_maat":49,"tp_b_kaiv":0,"tp_c_teol":29,"tp_d_ener":0,"tp_e_vesi":0,"tp_f_rake":67,"tp_g_kaup":10,"tp_h_kulj":16,"tp_i_majo":7,"tp_j_info":0,"tp_k_raho":0,"tp_l_kiin":0,"tp_m_erik":6,"tp_n_hall":1,"tp_o_julk":3,"tp_p_koul":15,"tp_q_terv":5,"tp_r_taid":3,"tp_s_muup":2,"tp_t_koti":0,"tp_u_kans":0,"tp_x_tunt":0,"pt_vakiy":1310,"pt_tyoll":518,"pt_tyott":62,"pt_0_14":170,"pt_opisk":81,"pt_elakel":429,"pt_muut":50,"city":"etela_pirkanmaa","pno":"31700","unemployment_rate":4.7,"higher_education_rate":20.4,"pensioner_share":32.7,"ownership_rate":85.1,"rental_rate":12.7,"population_density":9,"child_ratio":3.7,"student_share":6.2,"detached_house_share":91.7,"youth_ratio_pct":7.3,"gender_ratio":0.93,"single_parent_hh_pct":1.4,"families_with_children_pct":16.3,"tech_sector_pct":0,"healthcare_workers_pct":2.3,"employment_rate":39.5,"elderly_ratio_pct":29.8,"avg_household_size":2.03,"manufacturing_jobs_pct":45.1,"public_sector_jobs_pct":1.4,"service_sector_jobs_pct":31.9,"new_construction_pct":112.8,"foreign_language_pct":2.1,"crime_index":61.8,"property_price_sqm":null,"transit_stop_density":0.3,"air_quality_index":23.6,"daycare_density":0,"school_density":0,"healthcare_density":0,"restaurant_density":0,"grocery_density":0,"cycling_density":0.1,"single_person_hh_pct":39.9,"rental_price_sqm":null,"price_to_rent_ratio":null,"walkability_index":78,"traffic_accident_rate":1.3,"property_price_change_pct":null,"school_quality_score":null,"light_pollution":0.09,"noise_pollution":null,"voter_turnout_pct":67.7,"party_diversity_index":0.628,"broadband_coverage_pct":59,"ev_charging_density":0,"tree_canopy_pct":27.2,"transit_reachability_score":null,"sports_facility_density":0.1,"water_proximity_m":0,"avg_construction_year":1971,"income_history":[[2021,20938],[2022,20169],[2023,21343],[2024,22325],[2025,23441],[2026,24051]],"population_history":[[2021,1396],[2022,1387],[2023,1403],[2024,1370],[2025,1361],[2026,1310]],"unemployment_history":[[2021,4.9],[2022,3.8],[2023,4.8],[2024,3.6],[2025,4.3],[2026,4.7]],"income_change_pct":14.9,"population_change_pct":-6.2,"unemployment_change_pct":-4.1,"schools":null,"crime_index_history":[[2020,56.1],[2021,51.6],[2022,46.1],[2023,37.3],[2024,45.8],[2025,61.8]],"crime_index_change_pct":10.2,"health_index":106.7,"radon":101,"municipality":"Urjala","lon":23.70952,"lat":61.03289,"flood_risk_pct":null,"population_projection_pct":-6.7,"construction_activity":6.5,"active_plan_count":1,"political_lean_index":62,"party_vote_kok_pct":14.8,"party_vote_sdp_pct":21.4,"party_vote_ps_pct":31.5,"party_vote_kesk_pct":19.3,"party_vote_vihr_pct":2.4,"party_vote_vas_pct":3,"party_vote_rkp_pct":0.2,"foreign_language_municipal_pct":3.4,"foreign_language_history":"[[2020, 2.1], [2021, 2.2], [2022, 2.0], [2023, 2.6], [2024, 2.7], [2025, 2.7]]","foreign_language_est_pct":2.7}},{"type":"MultiPolygon","arcs":[[[12,13,14,-8]]],"properties":{"id":915,"postinumeroalue":"31720","nimi":"Urjalankylä-Kehro","namn":"Urjalankylä-Kehro","euref_x":307156,"euref_y":6778134,"pinta_ala":46850997,"vuosi":2026,"kunta":"887","he_vakiy":376,"he_naiset":185,"he_miehet":191,"he_kika":50,"he_0_2":9,"he_3_6":9,"he_7_12":27,"he_13_15":6,"he_16_17":9,"he_18_19":7,"he_20_24":9,"he_25_29":13,"he_30_34":17,"he_35_39":17,"he_40_44":14,"he_45_49":20,"he_50_54":25,"he_55_59":30,"he_60_64":41,"he_65_69":40,"he_70_74":25,"he_75_79":27,"he_80_84":16,"he_85_":15,"ko_ika18y":316,"ko_perus":77,"ko_koul":239,"ko_yliop":14,"ko_ammat":138,"ko_al_kork":68,"ko_yl_kork":19,"hr_tuy":316,"hr_ktu":29031,"hr_mtu":24555,"hr_pi_tul":66,"hr_ke_tul":203,"hr_hy_tul":47,"hr_ovy":9173676,"te_taly":193,"te_takk":1.9,"te_as_valj":49.4,"te_yks":81,"te_nuor":8,"te_eil_np":4,"te_laps":34,"te_plap":8,"te_aklap":12,"te_klap":19,"te_teini":12,"te_yhlap":7,"te_aik":71,"te_elak":90,"te_omis_as":174,"te_vuok_as":14,"te_muu_as":5,"tr_kuty":193,"tr_ktu":47853,"tr_mtu":37955,"tr_pi_tul":37,"tr_ke_tul":130,"tr_hy_tul":26,"tr_ovy":9235583,"ra_ke":330,"ra_raky":284,"ra_muut":36,"ra_asrak":248,"ra_asunn":243,"ra_as_kpa":89.9,"ra_pt_as":225,"ra_kt_as":11,"ra_muu_as":7,"tp_tyopy":42,"tp_alku_a":7,"tp_jalo_bf":22,"tp_palv_gu":13,"tp_a_maat":7,"tp_b_kaiv":0,"tp_c_teol":17,"tp_d_ener":0,"tp_e_vesi":0,"tp_f_rake":5,"tp_g_kaup":2,"tp_h_kulj":8,"tp_i_majo":1,"tp_j_info":0,"tp_k_raho":0,"tp_l_kiin":1,"tp_m_erik":0,"tp_n_hall":0,"tp_o_julk":0,"tp_p_koul":0,"tp_q_terv":0,"tp_r_taid":0,"tp_s_muup":1,"tp_t_koti":0,"tp_u_kans":0,"tp_x_tunt":0,"pt_vakiy":376,"pt_tyoll":156,"pt_tyott":17,"pt_0_14":48,"pt_opisk":19,"pt_elakel":129,"pt_muut":7,"city":"etela_pirkanmaa","pno":"31720","unemployment_rate":4.5,"higher_education_rate":27.5,"pensioner_share":34.3,"ownership_rate":90.2,"rental_rate":7.3,"population_density":8,"child_ratio":4.8,"student_share":5.1,"detached_house_share":92.6,"youth_ratio_pct":7.7,"gender_ratio":0.97,"single_parent_hh_pct":2.1,"families_with_children_pct":17.6,"tech_sector_pct":0,"healthcare_workers_pct":0,"employment_rate":41.5,"elderly_ratio_pct":32.7,"avg_household_size":1.95,"manufacturing_jobs_pct":52.4,"public_sector_jobs_pct":0,"service_sector_jobs_pct":31,"new_construction_pct":116.9,"foreign_language_pct":1.9,"crime_index":57.9,"property_price_sqm":null,"transit_stop_density":0.5,"air_quality_index":23.4,"daycare_density":0,"school_density":0,"healthcare_density":0,"restaurant_density":0,"grocery_density":0,"cycling_density":0,"single_person_hh_pct":42,"rental_price_sqm":null,"price_to_rent_ratio":null,"walkability_index":76,"traffic_accident_rate":2.7,"property_price_change_pct":null,"school_quality_score":null,"light_pollution":0,"noise_pollution":null,"voter_turnout_pct":67.7,"party_diversity_index":0.628,"broadband_coverage_pct":59,"ev_charging_density":0,"tree_canopy_pct":36.6,"transit_reachability_score":null,"sports_facility_density":0.2,"water_proximity_m":0,"avg_construction_year":1971,"income_history":[[2021,18965],[2022,20259],[2023,21026],[2024,22071],[2025,23251],[2026,24555]],"population_history":[[2021,372],[2022,376],[2023,370],[2024,379],[2025,383],[2026,376]],"unemployment_history":[[2021,5.6],[2022,3.5],[2023,5.1],[2024,5.8],[2025,5.5],[2026,4.5]],"income_change_pct":29.5,"population_change_pct":1.1,"unemployment_change_pct":-19.6,"schools":null,"crime_index_history":[[2020,52.6],[2021,48.3],[2022,43.2],[2023,34.9],[2024,42.9],[2025,57.9]],"crime_index_change_pct":10.1,"health_index":106.7,"radon":99,"municipality":"Urjala","lon":23.4182,"lat":61.08976,"flood_risk_pct":null,"population_projection_pct":-6.7,"construction_activity":6.5,"active_plan_count":null,"political_lean_index":62,"party_vote_kok_pct":14.8,"party_vote_sdp_pct":21.4,"party_vote_ps_pct":31.5,"party_vote_kesk_pct":19.3,"party_vote_vihr_pct":2.4,"party_vote_vas_pct":3,"party_vote_rkp_pct":0.2,"foreign_language_municipal_pct":3.4,"foreign_language_history":"[[2020, 1.9], [2021, 2.0], [2022, 1.8], [2023, 2.3], [2024, 2.5], [2025, 2.5]]","foreign_language_est_pct":2.5}},{"type":"MultiPolygon","arcs":[[[-14,15,16,17,18]]],"properties":{"id":916,"postinumeroalue":"31730","nimi":"Honkola","namn":"Honkola","euref_x":307405,"euref_y":6785439,"pinta_ala":52280219,"vuosi":2026,"kunta":"887","he_vakiy":93,"he_naiset":43,"he_miehet":50,"he_kika":51,"he_0_2":1,"he_3_6":3,"he_7_12":3,"he_13_15":2,"he_16_17":1,"he_18_19":2,"he_20_24":2,"he_25_29":4,"he_30_34":2,"he_35_39":5,"he_40_44":4,"he_45_49":11,"he_50_54":3,"he_55_59":10,"he_60_64":15,"he_65_69":7,"he_70_74":8,"he_75_79":5,"he_80_84":1,"he_85_":4,"ko_ika18y":83,"ko_perus":23,"ko_koul":60,"ko_yliop":3,"ko_ammat":35,"ko_al_kork":21,"ko_yl_kork":1,"hr_tuy":83,"hr_ktu":27293,"hr_mtu":25240,"hr_pi_tul":20,"hr_ke_tul":50,"hr_hy_tul":13,"hr_ovy":2265351,"te_taly":51,"te_takk":1.8,"te_as_valj":60.6,"te_yks":25,"te_nuor":2,"te_eil_np":1,"te_laps":6,"te_plap":1,"te_aklap":3,"te_klap":2,"te_teini":2,"te_yhlap":1,"te_aik":26,"te_elak":19,"te_omis_as":43,"te_vuok_as":6,"te_muu_as":2,"tr_kuty":51,"tr_ktu":44501,"tr_mtu":34382,"tr_pi_tul":11,"tr_ke_tul":31,"tr_hy_tul":9,"tr_ovy":2269548,"ra_ke":51,"ra_raky":92,"ra_muut":10,"ra_asrak":82,"ra_asunn":78,"ra_as_kpa":108.6,"ra_pt_as":74,"ra_kt_as":0,"ra_muu_as":4,"tp_tyopy":25,"tp_alku_a":20,"tp_jalo_bf":3,"tp_palv_gu":2,"tp_a_maat":20,"tp_b_kaiv":0,"tp_c_teol":2,"tp_d_ener":0,"tp_e_vesi":0,"tp_f_rake":1,"tp_g_kaup":0,"tp_h_kulj":0,"tp_i_majo":2,"tp_j_info":0,"tp_k_raho":0,"tp_l_kiin":0,"tp_m_erik":0,"tp_n_hall":0,"tp_o_julk":0,"tp_p_koul":0,"tp_q_terv":0,"tp_r_taid":0,"tp_s_muup":0,"tp_t_koti":0,"tp_u_kans":0,"tp_x_tunt":0,"pt_vakiy":93,"pt_tyoll":47,"pt_tyott":1,"pt_0_14":8,"pt_opisk":3,"pt_elakel":29,"pt_muut":5,"city":"etela_pirkanmaa","pno":"31730","unemployment_rate":1.1,"higher_education_rate":26.5,"pensioner_share":31.2,"ownership_rate":84.3,"rental_rate":11.8,"population_density":2,"child_ratio":4.3,"student_share":3.2,"detached_house_share":94.9,"youth_ratio_pct":8.6,"gender_ratio":0.86,"single_parent_hh_pct":2,"families_with_children_pct":11.8,"tech_sector_pct":0,"healthcare_workers_pct":0,"employment_rate":50.5,"elderly_ratio_pct":26.9,"avg_household_size":1.82,"manufacturing_jobs_pct":12,"public_sector_jobs_pct":0,"service_sector_jobs_pct":8,"new_construction_pct":117.9,"foreign_language_pct":1.9,"crime_index":31.9,"property_price_sqm":null,"transit_stop_density":0.1,"air_quality_index":23.4,"daycare_density":0,"school_density":0,"healthcare_density":0,"restaurant_density":0,"grocery_density":0,"cycling_density":0,"single_person_hh_pct":49,"rental_price_sqm":null,"price_to_rent_ratio":null,"walkability_index":76,"traffic_accident_rate":null,"property_price_change_pct":null,"school_quality_score":null,"light_pollution":0,"noise_pollution":null,"voter_turnout_pct":67.7,"party_diversity_index":0.628,"broadband_coverage_pct":59,"ev_charging_density":0,"tree_canopy_pct":55.6,"transit_reachability_score":null,"sports_facility_density":0,"water_proximity_m":0,"avg_construction_year":1971,"income_history":[[2021,19772],[2022,21574],[2023,20627],[2024,22093],[2025,23792],[2026,25240]],"population_history":[[2021,114],[2022,105],[2023,101],[2024,102],[2025,98],[2026,93]],"unemployment_history":[[2021,6.1],[2022,3.8],[2023,3],[2024,3.9],[2025,5.1],[2026,1.1]],"income_change_pct":27.7,"population_change_pct":-18.4,"unemployment_change_pct":-82,"schools":null,"crime_index_history":[[2020,29],[2021,26.6],[2022,23.8],[2023,19.3],[2024,23.7],[2025,31.9]],"crime_index_change_pct":10,"health_index":106.7,"radon":null,"municipality":"Urjala","lon":23.41579,"lat":61.14378,"flood_risk_pct":null,"population_projection_pct":-6.7,"construction_activity":6.5,"active_plan_count":1,"political_lean_index":62,"party_vote_kok_pct":14.8,"party_vote_sdp_pct":21.4,"party_vote_ps_pct":31.5,"party_vote_kesk_pct":19.3,"party_vote_vihr_pct":2.4,"party_vote_vas_pct":3,"party_vote_rkp_pct":0.2,"foreign_language_municipal_pct":3.4,"foreign_language_history":"[[2020, 1.9], [2021, 2.0], [2022, 1.8], [2023, 2.3], [2024, 2.5], [2025, 2.5]]","foreign_language_est_pct":2.5}},{"type":"MultiPolygon","arcs":[[[19,20,-18,21,22]]],"properties":{"id":917,"postinumeroalue":"31750","nimi":"Kehro","namn":"Kehro","euref_x":311426,"euref_y":6789112,"pinta_ala":21955795,"vuosi":2026,"kunta":"887","he_vakiy":53,"he_naiset":28,"he_miehet":25,"he_kika":53,"he_0_2":1,"he_3_6":1,"he_7_12":2,"he_13_15":1,"he_16_17":0,"he_18_19":2,"he_20_24":0,"he_25_29":1,"he_30_34":6,"he_35_39":2,"he_40_44":1,"he_45_49":3,"he_50_54":4,"he_55_59":6,"he_60_64":1,"he_65_69":3,"he_70_74":10,"he_75_79":4,"he_80_84":4,"he_85_":1,"ko_ika18y":48,"ko_perus":13,"ko_koul":35,"ko_yliop":4,"ko_ammat":18,"ko_al_kork":10,"ko_yl_kork":3,"hr_tuy":48,"hr_ktu":25509,"hr_mtu":22774,"hr_pi_tul":17,"hr_ke_tul":23,"hr_hy_tul":8,"hr_ovy":1224418,"te_taly":30,"te_takk":1.8,"te_as_valj":53.4,"te_yks":13,"te_nuor":2,"te_eil_np":1,"te_laps":3,"te_plap":1,"te_aklap":1,"te_klap":2,"te_teini":1,"te_yhlap":0,"te_aik":9,"te_elak":18,"te_omis_as":25,"te_vuok_as":3,"te_muu_as":2,"tr_kuty":30,"tr_ktu":40824,"tr_mtu":39191,"tr_pi_tul":10,"tr_ke_tul":14,"tr_hy_tul":6,"tr_ovy":1224732,"ra_ke":31,"ra_raky":52,"ra_muut":5,"ra_asrak":47,"ra_asunn":43,"ra_as_kpa":85.8,"ra_pt_as":41,"ra_kt_as":0,"ra_muu_as":2,"tp_tyopy":7,"tp_alku_a":null,"tp_jalo_bf":null,"tp_palv_gu":null,"tp_a_maat":null,"tp_b_kaiv":null,"tp_c_teol":null,"tp_d_ener":null,"tp_e_vesi":null,"tp_f_rake":null,"tp_g_kaup":null,"tp_h_kulj":null,"tp_i_majo":null,"tp_j_info":null,"tp_k_raho":null,"tp_l_kiin":null,"tp_m_erik":null,"tp_n_hall":null,"tp_o_julk":null,"tp_p_koul":null,"tp_q_terv":null,"tp_r_taid":null,"tp_s_muup":null,"tp_t_koti":null,"tp_u_kans":null,"tp_x_tunt":null,"pt_vakiy":53,"pt_tyoll":21,"pt_tyott":1,"pt_0_14":5,"pt_opisk":1,"pt_elakel":22,"pt_muut":3,"city":"etela_pirkanmaa","pno":"31750","unemployment_rate":1.9,"higher_education_rate":27.1,"pensioner_share":41.5,"ownership_rate":83.3,"rental_rate":10,"population_density":2,"child_ratio":3.8,"student_share":1.9,"detached_house_share":95.3,"youth_ratio_pct":5.7,"gender_ratio":1.12,"single_parent_hh_pct":3.3,"families_with_children_pct":10,"tech_sector_pct":null,"healthcare_workers_pct":null,"employment_rate":39.6,"elderly_ratio_pct":41.5,"avg_household_size":1.77,"manufacturing_jobs_pct":null,"public_sector_jobs_pct":null,"service_sector_jobs_pct":null,"new_construction_pct":120.9,"foreign_language_pct":1.7,"crime_index":33.7,"property_price_sqm":null,"transit_stop_density":0,"air_quality_index":23.4,"daycare_density":0,"school_density":0,"healthcare_density":0,"restaurant_density":0,"grocery_density":0,"cycling_density":0,"single_person_hh_pct":43.3,"rental_price_sqm":null,"price_to_rent_ratio":null,"walkability_index":76,"traffic_accident_rate":null,"property_price_change_pct":null,"school_quality_score":null,"light_pollution":0,"noise_pollution":null,"voter_turnout_pct":67.7,"party_diversity_index":0.628,"broadband_coverage_pct":59,"ev_charging_density":0,"tree_canopy_pct":44,"transit_reachability_score":null,"sports_facility_density":0,"water_proximity_m":0,"avg_construction_year":1971,"income_history":[[2021,16341],[2022,17695],[2023,19058],[2024,20964],[2025,18934],[2026,22774]],"population_history":[[2021,54],[2022,58],[2023,58],[2024,50],[2025,53],[2026,53]],"unemployment_history":[[2021,3.7],[2022,3.4],[2023,10.3],[2024,4],[2025,3.8],[2026,1.9]],"income_change_pct":39.4,"population_change_pct":-1.9,"unemployment_change_pct":-48.6,"schools":null,"crime_index_history":[[2020,30.6],[2021,28.1],[2022,25.2],[2023,20.3],[2024,25],[2025,33.7]],"crime_index_change_pct":10.1,"health_index":106.7,"radon":null,"municipality":"Urjala","lon":23.4658,"lat":61.19768,"flood_risk_pct":null,"population_projection_pct":-6.7,"construction_activity":6.5,"active_plan_count":1,"political_lean_index":62,"party_vote_kok_pct":14.8,"party_vote_sdp_pct":21.4,"party_vote_ps_pct":31.5,"party_vote_kesk_pct":19.3,"party_vote_vihr_pct":2.4,"party_vote_vas_pct":3,"party_vote_rkp_pct":0.2,"foreign_language_municipal_pct":3.4,"foreign_language_history":"[[2020, 1.7], [2021, 1.8], [2022, 1.6], [2023, 2.1], [2024, 2.2], [2025, 2.2]]","foreign_language_est_pct":2.2}},{"type":"MultiPolygon","arcs":[[[-5,-15,-19,-21,23,24,-11,-4]]],"properties":{"id":918,"postinumeroalue":"31760","nimi":"Urjala Keskus","namn":"Urjala centrum","euref_x":314037,"euref_y":6777386,"pinta_ala":68739036,"vuosi":2026,"kunta":"887","he_vakiy":1785,"he_naiset":945,"he_miehet":840,"he_kika":52,"he_0_2":33,"he_3_6":54,"he_7_12":100,"he_13_15":54,"he_16_17":33,"he_18_19":30,"he_20_24":45,"he_25_29":62,"he_30_34":65,"he_35_39":83,"he_40_44":104,"he_45_49":108,"he_50_54":95,"he_55_59":91,"he_60_64":120,"he_65_69":134,"he_70_74":178,"he_75_79":144,"he_80_84":104,"he_85_":148,"ko_ika18y":1511,"ko_perus":467,"ko_koul":1044,"ko_yliop":53,"ko_ammat":662,"ko_al_kork":258,"ko_yl_kork":71,"hr_tuy":1511,"hr_ktu":25731,"hr_mtu":22438,"hr_pi_tul":326,"hr_ke_tul":999,"hr_hy_tul":186,"hr_ovy":38879349,"te_taly":1000,"te_takk":1.7,"te_as_valj":47.7,"te_yks":529,"te_nuor":53,"te_eil_np":12,"te_laps":148,"te_plap":28,"te_aklap":63,"te_klap":74,"te_teini":70,"te_yhlap":53,"te_aik":347,"te_elak":509,"te_omis_as":633,"te_vuok_as":343,"te_muu_as":24,"tr_kuty":1000,"tr_ktu":38403,"tr_mtu":30925,"tr_pi_tul":357,"tr_ke_tul":542,"tr_hy_tul":101,"tr_ovy":38403145,"ra_ke":111,"ra_raky":785,"ra_muut":153,"ra_asrak":632,"ra_asunn":1224,"ra_as_kpa":80.5,"ra_pt_as":919,"ra_kt_as":283,"ra_muu_as":22,"tp_tyopy":778,"tp_alku_a":21,"tp_jalo_bf":198,"tp_palv_gu":559,"tp_a_maat":21,"tp_b_kaiv":0,"tp_c_teol":177,"tp_d_ener":2,"tp_e_vesi":3,"tp_f_rake":16,"tp_g_kaup":102,"tp_h_kulj":43,"tp_i_majo":23,"tp_j_info":6,"tp_k_raho":9,"tp_l_kiin":13,"tp_m_erik":11,"tp_n_hall":23,"tp_o_julk":35,"tp_p_koul":63,"tp_q_terv":196,"tp_r_taid":10,"tp_s_muup":25,"tp_t_koti":0,"tp_u_kans":0,"tp_x_tunt":0,"pt_vakiy":1785,"pt_tyoll":587,"pt_tyott":68,"pt_0_14":227,"pt_opisk":91,"pt_elakel":742,"pt_muut":70,"city":"etela_pirkanmaa","pno":"31760","unemployment_rate":3.8,"higher_education_rate":21.8,"pensioner_share":41.6,"ownership_rate":63.3,"rental_rate":34.3,"population_density":26,"child_ratio":4.9,"student_share":5.1,"detached_house_share":75.1,"youth_ratio_pct":7.7,"gender_ratio":1.12,"single_parent_hh_pct":1.2,"families_with_children_pct":14.8,"tech_sector_pct":0.8,"healthcare_workers_pct":25.2,"employment_rate":32.9,"elderly_ratio_pct":39.7,"avg_household_size":1.78,"manufacturing_jobs_pct":25.4,"public_sector_jobs_pct":4.5,"service_sector_jobs_pct":71.9,"new_construction_pct":64.1,"foreign_language_pct":2.9,"crime_index":79.7,"property_price_sqm":875,"transit_stop_density":0.7,"air_quality_index":23.5,"daycare_density":0,"school_density":0,"healthcare_density":0,"restaurant_density":0,"grocery_density":0,"cycling_density":0.5,"single_person_hh_pct":52.9,"rental_price_sqm":null,"price_to_rent_ratio":null,"walkability_index":80,"traffic_accident_rate":2.1,"property_price_change_pct":-25.3,"school_quality_score":57.3,"light_pollution":0.66,"noise_pollution":null,"voter_turnout_pct":67.7,"party_diversity_index":0.628,"broadband_coverage_pct":59,"ev_charging_density":0,"tree_canopy_pct":23.2,"transit_reachability_score":null,"sports_facility_density":0.3,"water_proximity_m":0,"avg_construction_year":1969,"income_history":[[2021,18720],[2022,19268],[2023,19441],[2024,20096],[2025,21200],[2026,22438]],"population_history":[[2021,1846],[2022,1816],[2023,1834],[2024,1774],[2025,1791],[2026,1785]],"unemployment_history":[[2021,4.3],[2022,3.8],[2023,4.2],[2024,3.2],[2025,3.8],[2026,3.8]],"income_change_pct":19.9,"population_change_pct":-3.3,"unemployment_change_pct":-11.6,"schools":[{"name":"Väinö Linnan lukio","score":57.3}],"property_price_history":[[2020,1171],[2021,1002],[2022,1133],[2023,973],[2024,1050],[2025,875]],"crime_index_history":[[2020,72.4],[2021,66.5],[2022,59.5],[2023,48.1],[2024,59.1],[2025,79.7]],"crime_index_change_pct":10.1,"health_index":106.7,"radon":130,"municipality":"Urjala","lon":23.5479,"lat":61.10363,"flood_risk_pct":null,"population_projection_pct":-6.7,"construction_activity":6.5,"active_plan_count":null,"political_lean_index":62,"party_vote_kok_pct":14.8,"party_vote_sdp_pct":21.4,"party_vote_ps_pct":31.5,"party_vote_kesk_pct":19.3,"party_vote_vihr_pct":2.4,"party_vote_vas_pct":3,"party_vote_rkp_pct":0.2,"foreign_language_municipal_pct":3.4,"foreign_language_history":"[[2020, 2.9], [2021, 3.0], [2022, 2.8], [2023, 3.6], [2024, 3.8], [2025, 3.8]]","foreign_language_est_pct":3.8}},{"type":"MultiPolygon","arcs":[[[-22,-17,25,26]]],"properties":{"id":920,"postinumeroalue":"31830","nimi":"Halkivaha","namn":"Halkivaha","euref_x":302160,"euref_y":6790000,"pinta_ala":62351182,"vuosi":2026,"kunta":"887","he_vakiy":245,"he_naiset":116,"he_miehet":129,"he_kika":51,"he_0_2":4,"he_3_6":6,"he_7_12":8,"he_13_15":6,"he_16_17":9,"he_18_19":6,"he_20_24":6,"he_25_29":7,"he_30_34":11,"he_35_39":9,"he_40_44":8,"he_45_49":14,"he_50_54":20,"he_55_59":28,"he_60_64":27,"he_65_69":24,"he_70_74":16,"he_75_79":20,"he_80_84":10,"he_85_":6,"ko_ika18y":212,"ko_perus":51,"ko_koul":161,"ko_yliop":13,"ko_ammat":106,"ko_al_kork":36,"ko_yl_kork":6,"hr_tuy":212,"hr_ktu":26424,"hr_mtu":22461,"hr_pi_tul":56,"hr_ke_tul":124,"hr_hy_tul":32,"hr_ovy":5601902,"te_taly":120,"te_takk":2,"te_as_valj":51,"te_yks":49,"te_nuor":5,"te_eil_np":2,"te_laps":17,"te_plap":3,"te_aklap":4,"te_klap":6,"te_teini":12,"te_yhlap":2,"te_aik":44,"te_elak":61,"te_omis_as":105,"te_vuok_as":13,"te_muu_as":2,"tr_kuty":120,"tr_ktu":47121,"tr_mtu":39778,"tr_pi_tul":31,"tr_ke_tul":73,"tr_hy_tul":16,"tr_ovy":5654461,"ra_ke":94,"ra_raky":191,"ra_muut":24,"ra_asrak":167,"ra_asunn":155,"ra_as_kpa":101,"ra_pt_as":147,"ra_kt_as":0,"ra_muu_as":8,"tp_tyopy":32,"tp_alku_a":16,"tp_jalo_bf":12,"tp_palv_gu":4,"tp_a_maat":16,"tp_b_kaiv":0,"tp_c_teol":6,"tp_d_ener":0,"tp_e_vesi":0,"tp_f_rake":6,"tp_g_kaup":1,"tp_h_kulj":0,"tp_i_majo":0,"tp_j_info":0,"tp_k_raho":0,"tp_l_kiin":1,"tp_m_erik":1,"tp_n_hall":0,"tp_o_julk":0,"tp_p_koul":0,"tp_q_terv":1,"tp_r_taid":0,"tp_s_muup":0,"tp_t_koti":0,"tp_u_kans":0,"tp_x_tunt":0,"pt_vakiy":245,"pt_tyoll":104,"pt_tyott":11,"pt_0_14":22,"pt_opisk":19,"pt_elakel":82,"pt_muut":7,"city":"etela_pirkanmaa","pno":"31830","unemployment_rate":4.5,"higher_education_rate":19.8,"pensioner_share":33.5,"ownership_rate":87.5,"rental_rate":10.8,"population_density":4,"child_ratio":4.1,"student_share":7.8,"detached_house_share":94.8,"youth_ratio_pct":7.8,"gender_ratio":0.9,"single_parent_hh_pct":1.7,"families_with_children_pct":14.2,"tech_sector_pct":0,"healthcare_workers_pct":3.1,"employment_rate":42.4,"elderly_ratio_pct":31,"avg_household_size":2.04,"manufacturing_jobs_pct":37.5,"public_sector_jobs_pct":0,"service_sector_jobs_pct":12.5,"new_construction_pct":123.2,"foreign_language_pct":0.4,"crime_index":50.6,"property_price_sqm":null,"transit_stop_density":0.1,"air_quality_index":23.6,"daycare_density":0,"school_density":0,"healthcare_density":0,"restaurant_density":0,"grocery_density":0,"cycling_density":0,"single_person_hh_pct":40.8,"rental_price_sqm":null,"price_to_rent_ratio":null,"walkability_index":76,"traffic_accident_rate":2.7,"property_price_change_pct":null,"school_quality_score":null,"light_pollution":0.01,"noise_pollution":null,"voter_turnout_pct":67.7,"party_diversity_index":0.628,"broadband_coverage_pct":59,"ev_charging_density":0,"tree_canopy_pct":22.4,"transit_reachability_score":null,"sports_facility_density":0,"water_proximity_m":0,"avg_construction_year":1971,"income_history":[[2021,20816],[2022,20033],[2023,20362],[2024,21063],[2025,20967],[2026,22461]],"population_history":[[2021,257],[2022,257],[2023,259],[2024,251],[2025,254],[2026,245]],"unemployment_history":[[2021,5.4],[2022,2.7],[2023,4.2],[2024,4.8],[2025,5.5],[2026,4.5]],"income_change_pct":7.9,"population_change_pct":-4.7,"unemployment_change_pct":-16.7,"schools":null,"crime_index_history":[[2020,46],[2021,42.2],[2022,37.8],[2023,30.5],[2024,37.5],[2025,50.6]],"crime_index_change_pct":10,"health_index":106.7,"radon":110,"municipality":"Urjala","lon":23.311,"lat":61.20074,"flood_risk_pct":null,"population_projection_pct":-6.7,"construction_activity":6.5,"active_plan_count":null,"political_lean_index":62,"party_vote_kok_pct":14.8,"party_vote_sdp_pct":21.4,"party_vote_ps_pct":31.5,"party_vote_kesk_pct":19.3,"party_vote_vihr_pct":2.4,"party_vote_vas_pct":3,"party_vote_rkp_pct":0.2,"foreign_language_municipal_pct":3.4,"foreign_language_history":"[[2020, 0.4], [2021, 0.4], [2022, 0.4], [2023, 0.5], [2024, 0.5], [2025, 0.5]]","foreign_language_est_pct":0.5}},{"type":"MultiPolygon","arcs":[[[-13,-7,27,-26,-16]]],"properties":{"id":922,"postinumeroalue":"31860","nimi":"Tursa","namn":"Tursa","euref_x":301471,"euref_y":6778869,"pinta_ala":67035788,"vuosi":2026,"kunta":"887","he_vakiy":247,"he_naiset":111,"he_miehet":136,"he_kika":52,"he_0_2":7,"he_3_6":8,"he_7_12":4,"he_13_15":7,"he_16_17":2,"he_18_19":3,"he_20_24":6,"he_25_29":9,"he_30_34":11,"he_35_39":11,"he_40_44":20,"he_45_49":16,"he_50_54":11,"he_55_59":21,"he_60_64":23,"he_65_69":32,"he_70_74":18,"he_75_79":19,"he_80_84":11,"he_85_":8,"ko_ika18y":219,"ko_perus":58,"ko_koul":161,"ko_yliop":8,"ko_ammat":102,"ko_al_kork":39,"ko_yl_kork":12,"hr_tuy":219,"hr_ktu":26006,"hr_mtu":22501,"hr_pi_tul":63,"hr_ke_tul":127,"hr_hy_tul":29,"hr_ovy":5695319,"te_taly":130,"te_takk":1.9,"te_as_valj":55,"te_yks":59,"te_nuor":4,"te_eil_np":2,"te_laps":16,"te_plap":7,"te_aklap":8,"te_klap":4,"te_teini":8,"te_yhlap":1,"te_aik":51,"te_elak":63,"te_omis_as":118,"te_vuok_as":7,"te_muu_as":5,"tr_kuty":130,"tr_ktu":44116,"tr_mtu":36051,"tr_pi_tul":41,"tr_ke_tul":67,"tr_hy_tul":22,"tr_ovy":5735128,"ra_ke":147,"ra_raky":223,"ra_muut":31,"ra_asrak":192,"ra_asunn":171,"ra_as_kpa":103.7,"ra_pt_as":167,"ra_kt_as":0,"ra_muu_as":4,"tp_tyopy":38,"tp_alku_a":22,"tp_jalo_bf":5,"tp_palv_gu":11,"tp_a_maat":22,"tp_b_kaiv":1,"tp_c_teol":0,"tp_d_ener":0,"tp_e_vesi":3,"tp_f_rake":1,"tp_g_kaup":8,"tp_h_kulj":1,"tp_i_majo":0,"tp_j_info":0,"tp_k_raho":0,"tp_l_kiin":0,"tp_m_erik":0,"tp_n_hall":1,"tp_o_julk":0,"tp_p_koul":0,"tp_q_terv":0,"tp_r_taid":1,"tp_s_muup":0,"tp_t_koti":0,"tp_u_kans":0,"tp_x_tunt":0,"pt_vakiy":247,"pt_tyoll":93,"pt_tyott":19,"pt_0_14":24,"pt_opisk":7,"pt_elakel":90,"pt_muut":14,"city":"etela_pirkanmaa","pno":"31860","unemployment_rate":7.7,"higher_education_rate":23.3,"pensioner_share":36.4,"ownership_rate":90.8,"rental_rate":5.4,"population_density":4,"child_ratio":6.1,"student_share":2.8,"detached_house_share":97.7,"youth_ratio_pct":7.3,"gender_ratio":0.82,"single_parent_hh_pct":1.5,"families_with_children_pct":12.3,"tech_sector_pct":0,"healthcare_workers_pct":0,"employment_rate":37.7,"elderly_ratio_pct":35.6,"avg_household_size":1.9,"manufacturing_jobs_pct":13.2,"public_sector_jobs_pct":0,"service_sector_jobs_pct":28.9,"new_construction_pct":130.4,"foreign_language_pct":1.1,"crime_index":58.5,"property_price_sqm":null,"transit_stop_density":0.3,"air_quality_index":23.3,"daycare_density":0,"school_density":0,"healthcare_density":0,"restaurant_density":0,"grocery_density":0,"cycling_density":0,"single_person_hh_pct":45.4,"rental_price_sqm":null,"price_to_rent_ratio":null,"walkability_index":76,"traffic_accident_rate":null,"property_price_change_pct":null,"school_quality_score":null,"light_pollution":0.01,"noise_pollution":null,"voter_turnout_pct":67.7,"party_diversity_index":0.628,"broadband_coverage_pct":59,"ev_charging_density":0,"tree_canopy_pct":44.2,"transit_reachability_score":null,"sports_facility_density":0,"water_proximity_m":0,"avg_construction_year":1972,"income_history":[[2021,17963],[2022,17112],[2023,18075],[2024,18634],[2025,21626],[2026,22501]],"population_history":[[2021,271],[2022,272],[2023,253],[2024,249],[2025,249],[2026,247]],"unemployment_history":[[2021,3.7],[2022,5.1],[2023,5.1],[2024,4],[2025,4],[2026,7.7]],"income_change_pct":25.3,"population_change_pct":-8.9,"unemployment_change_pct":108.1,"schools":null,"crime_index_history":[[2020,53.1],[2021,48.8],[2022,43.7],[2023,35.3],[2024,43.4],[2025,58.5]],"crime_index_change_pct":10.2,"health_index":106.7,"radon":null,"municipality":"Urjala","lon":23.31983,"lat":61.0942,"flood_risk_pct":null,"population_projection_pct":-6.7,"construction_activity":6.5,"active_plan_count":null,"political_lean_index":62,"party_vote_kok_pct":14.8,"party_vote_sdp_pct":21.4,"party_vote_ps_pct":31.5,"party_vote_kesk_pct":19.3,"party_vote_vihr_pct":2.4,"party_vote_vas_pct":3,"party_vote_rkp_pct":0.2,"foreign_language_municipal_pct":3.4,"foreign_language_history":"[[2020, 1.1], [2021, 1.1], [2022, 1.1], [2023, 1.4], [2024, 1.4], [2025, 1.4]]","foreign_language_est_pct":1.4}},{"type":"MultiPolygon","arcs":[[[28,29,30,31,32]]],"properties":{"id":1102,"postinumeroalue":"37720","nimi":"Ritvala","namn":"Ritvala","euref_x":348707,"euref_y":6786404,"pinta_ala":53036949,"vuosi":2026,"kunta":"908","he_vakiy":181,"he_naiset":92,"he_miehet":89,"he_kika":48,"he_0_2":1,"he_3_6":3,"he_7_12":15,"he_13_15":10,"he_16_17":7,"he_18_19":6,"he_20_24":4,"he_25_29":1,"he_30_34":2,"he_35_39":10,"he_40_44":14,"he_45_49":17,"he_50_54":12,"he_55_59":15,"he_60_64":13,"he_65_69":8,"he_70_74":13,"he_75_79":20,"he_80_84":6,"he_85_":4,"ko_ika18y":145,"ko_perus":29,"ko_koul":116,"ko_yliop":2,"ko_ammat":76,"ko_al_kork":26,"ko_yl_kork":12,"hr_tuy":145,"hr_ktu":29498,"hr_mtu":27374,"hr_pi_tul":37,"hr_ke_tul":76,"hr_hy_tul":32,"hr_ovy":4277241,"te_taly":75,"te_takk":2.4,"te_as_valj":52.1,"te_yks":23,"te_nuor":0,"te_eil_np":1,"te_laps":20,"te_plap":1,"te_aklap":4,"te_klap":9,"te_teini":12,"te_yhlap":4,"te_aik":24,"te_elak":34,"te_omis_as":72,"te_vuok_as":3,"te_muu_as":0,"tr_kuty":75,"tr_ktu":57721,"tr_mtu":45769,"tr_pi_tul":14,"tr_ke_tul":44,"tr_hy_tul":17,"tr_ovy":4329102,"ra_ke":168,"ra_raky":111,"ra_muut":16,"ra_asrak":95,"ra_asunn":95,"ra_as_kpa":122.6,"ra_pt_as":88,"ra_kt_as":4,"ra_muu_as":3,"tp_tyopy":31,"tp_alku_a":13,"tp_jalo_bf":9,"tp_palv_gu":9,"tp_a_maat":13,"tp_b_kaiv":0,"tp_c_teol":1,"tp_d_ener":0,"tp_e_vesi":0,"tp_f_rake":8,"tp_g_kaup":0,"tp_h_kulj":1,"tp_i_majo":6,"tp_j_info":1,"tp_k_raho":0,"tp_l_kiin":0,"tp_m_erik":0,"tp_n_hall":0,"tp_o_julk":0,"tp_p_koul":0,"tp_q_terv":0,"tp_r_taid":0,"tp_s_muup":1,"tp_t_koti":0,"tp_u_kans":0,"tp_x_tunt":0,"pt_vakiy":181,"pt_tyoll":64,"pt_tyott":15,"pt_0_14":27,"pt_opisk":20,"pt_elakel":53,"pt_muut":2,"city":"etela_pirkanmaa","pno":"37720","unemployment_rate":8.3,"higher_education_rate":26.2,"pensioner_share":29.3,"ownership_rate":96,"rental_rate":4,"population_density":3,"child_ratio":2.2,"student_share":11,"detached_house_share":92.6,"youth_ratio_pct":6.1,"gender_ratio":1.03,"single_parent_hh_pct":1.3,"families_with_children_pct":26.7,"tech_sector_pct":3.2,"healthcare_workers_pct":0,"employment_rate":35.4,"elderly_ratio_pct":28.2,"avg_household_size":2.41,"manufacturing_jobs_pct":29,"public_sector_jobs_pct":0,"service_sector_jobs_pct":29,"new_construction_pct":116.8,"foreign_language_pct":1.5,"crime_index":26.7,"property_price_sqm":null,"transit_stop_density":0.1,"air_quality_index":20,"daycare_density":0,"school_density":0,"healthcare_density":0,"restaurant_density":0,"grocery_density":0,"cycling_density":0,"single_person_hh_pct":30.7,"rental_price_sqm":null,"price_to_rent_ratio":null,"walkability_index":76,"traffic_accident_rate":null,"property_price_change_pct":null,"school_quality_score":null,"light_pollution":0,"noise_pollution":null,"voter_turnout_pct":67.9,"party_diversity_index":0.589,"broadband_coverage_pct":85,"ev_charging_density":0,"tree_canopy_pct":19,"transit_reachability_score":null,"sports_facility_density":0,"water_proximity_m":0,"avg_construction_year":1979,"income_history":[[2021,22984],[2022,23328],[2023,23987],[2024,25613],[2025,27101],[2026,27374]],"population_history":[[2021,194],[2022,194],[2023,188],[2024,180],[2025,178],[2026,181]],"unemployment_history":[[2021,3.1],[2022,2.6],[2023,4.3],[2024,4.4],[2025,7.9],[2026,8.3]],"income_change_pct":19.1,"population_change_pct":-6.7,"unemployment_change_pct":167.7,"schools":null,"crime_index_history":[[2020,31.5],[2021,31],[2022,31.8],[2023,27.7],[2024,21.9],[2025,26.7]],"crime_index_change_pct":-15.2,"health_index":108,"radon":100,"municipality":"Valkeakoski","lon":24.16814,"lat":61.17772,"flood_risk_pct":null,"population_projection_pct":-4.6,"construction_activity":12.8,"active_plan_count":null,"political_lean_index":57,"party_vote_kok_pct":23.8,"party_vote_sdp_pct":33.1,"party_vote_ps_pct":21.3,"party_vote_kesk_pct":5.5,"party_vote_vihr_pct":2.7,"party_vote_vas_pct":5.9,"party_vote_rkp_pct":0.1,"foreign_language_municipal_pct":6.2,"foreign_language_history":"[[2020, 1.5], [2021, 1.6], [2022, 1.8], [2023, 2.2], [2024, 2.7], [2025, 2.7]]","foreign_language_est_pct":2.7}},{"type":"MultiPolygon","arcs":[[[33,-32,34]]],"properties":{"id":1103,"postinumeroalue":"37740","nimi":"Haukila","namn":"Haukila","euref_x":353588,"euref_y":6789822,"pinta_ala":31346747,"vuosi":2026,"kunta":"908","he_vakiy":265,"he_naiset":131,"he_miehet":134,"he_kika":47,"he_0_2":4,"he_3_6":4,"he_7_12":20,"he_13_15":9,"he_16_17":8,"he_18_19":3,"he_20_24":9,"he_25_29":16,"he_30_34":11,"he_35_39":15,"he_40_44":22,"he_45_49":11,"he_50_54":35,"he_55_59":12,"he_60_64":18,"he_65_69":14,"he_70_74":18,"he_75_79":16,"he_80_84":9,"he_85_":11,"ko_ika18y":220,"ko_perus":51,"ko_koul":169,"ko_yliop":7,"ko_ammat":108,"ko_al_kork":43,"ko_yl_kork":11,"hr_tuy":220,"hr_ktu":27655,"hr_mtu":26343,"hr_pi_tul":42,"hr_ke_tul":146,"hr_hy_tul":32,"hr_ovy":6084188,"te_taly":121,"te_takk":2.2,"te_as_valj":48.6,"te_yks":44,"te_nuor":6,"te_eil_np":3,"te_laps":27,"te_plap":4,"te_aklap":7,"te_klap":13,"te_teini":14,"te_yhlap":5,"te_aik":44,"te_elak":50,"te_omis_as":110,"te_vuok_as":7,"te_muu_as":4,"tr_kuty":121,"tr_ktu":50190,"tr_mtu":41904,"tr_pi_tul":24,"tr_ke_tul":81,"tr_hy_tul":16,"tr_ovy":6073018,"ra_ke":66,"ra_raky":158,"ra_muut":17,"ra_asrak":141,"ra_asunn":143,"ra_as_kpa":102.2,"ra_pt_as":142,"ra_kt_as":0,"ra_muu_as":1,"tp_tyopy":22,"tp_alku_a":7,"tp_jalo_bf":3,"tp_palv_gu":12,"tp_a_maat":7,"tp_b_kaiv":0,"tp_c_teol":0,"tp_d_ener":0,"tp_e_vesi":0,"tp_f_rake":3,"tp_g_kaup":0,"tp_h_kulj":10,"tp_i_majo":0,"tp_j_info":0,"tp_k_raho":0,"tp_l_kiin":0,"tp_m_erik":0,"tp_n_hall":1,"tp_o_julk":0,"tp_p_koul":0,"tp_q_terv":0,"tp_r_taid":1,"tp_s_muup":0,"tp_t_koti":0,"tp_u_kans":0,"tp_x_tunt":0,"pt_vakiy":265,"pt_tyoll":125,"pt_tyott":14,"pt_0_14":33,"pt_opisk":15,"pt_elakel":68,"pt_muut":10,"city":"etela_pirkanmaa","pno":"37740","unemployment_rate":5.3,"higher_education_rate":24.5,"pensioner_share":25.7,"ownership_rate":90.9,"rental_rate":5.8,"population_density":8,"child_ratio":3,"student_share":5.7,"detached_house_share":99.3,"youth_ratio_pct":10.6,"gender_ratio":0.98,"single_parent_hh_pct":2.5,"families_with_children_pct":22.3,"tech_sector_pct":0,"healthcare_workers_pct":0,"employment_rate":47.2,"elderly_ratio_pct":25.7,"avg_household_size":2.19,"manufacturing_jobs_pct":13.6,"public_sector_jobs_pct":0,"service_sector_jobs_pct":54.5,"new_construction_pct":110.5,"foreign_language_pct":1.5,"crime_index":28.3,"property_price_sqm":null,"transit_stop_density":0.2,"air_quality_index":20,"daycare_density":0,"school_density":0,"healthcare_density":0,"restaurant_density":0,"grocery_density":0,"cycling_density":0,"single_person_hh_pct":36.4,"rental_price_sqm":null,"price_to_rent_ratio":null,"walkability_index":76,"traffic_accident_rate":2.5,"property_price_change_pct":null,"school_quality_score":null,"light_pollution":0.02,"noise_pollution":null,"voter_turnout_pct":67.9,"party_diversity_index":0.589,"broadband_coverage_pct":85,"ev_charging_density":0,"tree_canopy_pct":40.8,"transit_reachability_score":null,"sports_facility_density":0.1,"water_proximity_m":0,"avg_construction_year":1979,"income_history":[[2021,20233],[2022,20846],[2023,21944],[2024,23477],[2025,25513],[2026,26343]],"population_history":[[2021,282],[2022,275],[2023,273],[2024,270],[2025,271],[2026,265]],"unemployment_history":[[2021,1.8],[2022,2.9],[2023,2.6],[2024,3.3],[2025,4.1],[2026,5.3]],"income_change_pct":30.2,"population_change_pct":-6,"unemployment_change_pct":194.4,"schools":null,"crime_index_history":[[2020,33.4],[2021,32.9],[2022,33.7],[2023,29.4],[2024,23.2],[2025,28.3]],"crime_index_change_pct":-15.3,"health_index":108,"radon":null,"municipality":"Valkeakoski","lon":24.27245,"lat":61.2291,"flood_risk_pct":0,"population_projection_pct":-4.6,"construction_activity":12.8,"active_plan_count":null,"political_lean_index":57,"party_vote_kok_pct":23.8,"party_vote_sdp_pct":33.1,"party_vote_ps_pct":21.3,"party_vote_kesk_pct":5.5,"party_vote_vihr_pct":2.7,"party_vote_vas_pct":5.9,"party_vote_rkp_pct":0.1,"foreign_language_municipal_pct":6.2,"foreign_language_history":"[[2020, 1.5], [2021, 1.6], [2022, 1.8], [2023, 2.2], [2024, 2.7], [2025, 2.7]]","foreign_language_est_pct":2.7}},{"type":"MultiPolygon","arcs":[[[35,36,37]]],"properties":{"id":1100,"postinumeroalue":"37630","nimi":"Vääräkoivu","namn":"Vääräkoivu","euref_x":337566,"euref_y":6799824,"pinta_ala":38676456,"vuosi":2026,"kunta":"908","he_vakiy":7215,"he_naiset":3630,"he_miehet":3585,"he_kika":43,"he_0_2":157,"he_3_6":289,"he_7_12":513,"he_13_15":308,"he_16_17":187,"he_18_19":205,"he_20_24":356,"he_25_29":382,"he_30_34":469,"he_35_39":465,"he_40_44":495,"he_45_49":494,"he_50_54":475,"he_55_59":419,"he_60_64":366,"he_65_69":386,"he_70_74":411,"he_75_79":435,"he_80_84":241,"he_85_":162,"ko_ika18y":5761,"ko_perus":1080,"ko_koul":4681,"ko_yliop":264,"ko_ammat":2395,"ko_al_kork":1462,"ko_yl_kork":560,"hr_tuy":5761,"hr_ktu":29172,"hr_mtu":27500,"hr_pi_tul":1029,"hr_ke_tul":3619,"hr_hy_tul":1113,"hr_ovy":168059446,"te_taly":3530,"te_takk":2,"te_as_valj":43.2,"te_yks":1443,"te_nuor":368,"te_eil_np":130,"te_laps":849,"te_plap":144,"te_aklap":323,"te_klap":379,"te_teini":381,"te_yhlap":174,"te_aik":1519,"te_elak":1173,"te_omis_as":2579,"te_vuok_as":932,"te_muu_as":19,"tr_kuty":3530,"tr_ktu":48006,"tr_mtu":41177,"tr_pi_tul":768,"tr_ke_tul":2166,"tr_hy_tul":596,"tr_ovy":169460386,"ra_ke":46,"ra_raky":1808,"ra_muut":187,"ra_asrak":1621,"ra_asunn":3787,"ra_as_kpa":86.8,"ra_pt_as":2081,"ra_kt_as":1691,"ra_muu_as":15,"tp_tyopy":1640,"tp_alku_a":11,"tp_jalo_bf":789,"tp_palv_gu":840,"tp_a_maat":11,"tp_b_kaiv":0,"tp_c_teol":741,"tp_d_ener":0,"tp_e_vesi":0,"tp_f_rake":48,"tp_g_kaup":133,"tp_h_kulj":63,"tp_i_majo":30,"tp_j_info":13,"tp_k_raho":1,"tp_l_kiin":7,"tp_m_erik":39,"tp_n_hall":58,"tp_o_julk":2,"tp_p_koul":314,"tp_q_terv":159,"tp_r_taid":2,"tp_s_muup":19,"tp_t_koti":0,"tp_u_kans":0,"tp_x_tunt":0,"pt_vakiy":7215,"pt_tyoll":3100,"pt_tyott":361,"pt_0_14":1166,"pt_opisk":607,"pt_elakel":1768,"pt_muut":213,"city":"etela_pirkanmaa","pno":"37630","unemployment_rate":5,"higher_education_rate":35.1,"pensioner_share":24.5,"ownership_rate":73.1,"rental_rate":26.4,"population_density":187,"child_ratio":6.2,"student_share":8.4,"detached_house_share":55,"youth_ratio_pct":13.1,"gender_ratio":1.01,"single_parent_hh_pct":3.7,"families_with_children_pct":24.1,"tech_sector_pct":0.8,"healthcare_workers_pct":9.7,"employment_rate":43,"elderly_ratio_pct":22.7,"avg_household_size":2.04,"manufacturing_jobs_pct":48.1,"public_sector_jobs_pct":0.1,"service_sector_jobs_pct":51.2,"new_construction_pct":47.7,"foreign_language_pct":3.9,"crime_index":49.7,"property_price_sqm":1241,"transit_stop_density":1.4,"air_quality_index":20,"daycare_density":0.1,"school_density":0.1,"healthcare_density":0,"restaurant_density":0,"grocery_density":0.1,"cycling_density":3.8,"single_person_hh_pct":40.9,"rental_price_sqm":null,"price_to_rent_ratio":null,"walkability_index":84,"traffic_accident_rate":0.5,"property_price_change_pct":11.3,"school_quality_score":55.5,"light_pollution":1.7,"noise_pollution":null,"voter_turnout_pct":67.9,"party_diversity_index":0.589,"broadband_coverage_pct":85,"ev_charging_density":0,"tree_canopy_pct":51.2,"transit_reachability_score":null,"sports_facility_density":0.6,"water_proximity_m":0,"avg_construction_year":1976,"income_history":[[2021,23566],[2022,23678],[2023,24544],[2024,25369],[2025,26967],[2026,27500]],"population_history":[[2021,7012],[2022,7002],[2023,7033],[2024,7087],[2025,7089],[2026,7215]],"unemployment_history":[[2021,4.1],[2022,4.1],[2023,3.9],[2024,3.9],[2025,4.8],[2026,5]],"income_change_pct":16.7,"population_change_pct":2.9,"unemployment_change_pct":22,"schools":[{"name":"Valkeakosken Tietotien lukio","score":55.5},{"name":"Valkeakosken Tietotien aikuislukio","score":55.5}],"property_price_history":[[2020,1115],[2021,1191],[2022,1192],[2023,1203],[2024,1159],[2025,1241]],"crime_index_history":[[2020,58.6],[2021,57.7],[2022,59.2],[2023,51.6],[2024,40.7],[2025,49.7]],"crime_index_change_pct":-15.2,"health_index":108,"radon":135,"municipality":"Valkeakoski","lon":23.9859,"lat":61.29155,"flood_risk_pct":0,"population_projection_pct":-4.6,"construction_activity":12.8,"active_plan_count":null,"political_lean_index":57,"party_vote_kok_pct":23.8,"party_vote_sdp_pct":33.1,"party_vote_ps_pct":21.3,"party_vote_kesk_pct":5.5,"party_vote_vihr_pct":2.7,"party_vote_vas_pct":5.9,"party_vote_rkp_pct":0.1,"foreign_language_municipal_pct":6.2,"foreign_language_history":"[[2020, 3.9], [2021, 4.1], [2022, 4.7], [2023, 5.8], [2024, 7.1], [2025, 7.1]]","foreign_language_est_pct":7.1}},{"type":"MultiPolygon","arcs":[[[-30,38,39,40]]],"properties":{"id":1101,"postinumeroalue":"37700","nimi":"Sääksmäki","namn":"Sääksmäki","euref_x":342476,"euref_y":6787847,"pinta_ala":23091425,"vuosi":2026,"kunta":"908","he_vakiy":395,"he_naiset":197,"he_miehet":198,"he_kika":48,"he_0_2":5,"he_3_6":8,"he_7_12":37,"he_13_15":9,"he_16_17":8,"he_18_19":8,"he_20_24":11,"he_25_29":9,"he_30_34":14,"he_35_39":13,"he_40_44":30,"he_45_49":43,"he_50_54":22,"he_55_59":36,"he_60_64":37,"he_65_69":22,"he_70_74":32,"he_75_79":23,"he_80_84":14,"he_85_":14,"ko_ika18y":328,"ko_perus":53,"ko_koul":275,"ko_yliop":18,"ko_ammat":134,"ko_al_kork":81,"ko_yl_kork":42,"hr_tuy":328,"hr_ktu":28594,"hr_mtu":26790,"hr_pi_tul":75,"hr_ke_tul":189,"hr_hy_tul":64,"hr_ovy":9378729,"te_taly":186,"te_takk":2.1,"te_as_valj":48,"te_yks":62,"te_nuor":5,"te_eil_np":2,"te_laps":36,"te_plap":4,"te_aklap":10,"te_klap":26,"te_teini":12,"te_yhlap":4,"te_aik":77,"te_elak":73,"te_omis_as":154,"te_vuok_as":29,"te_muu_as":3,"tr_kuty":186,"tr_ktu":50990,"tr_mtu":43988,"tr_pi_tul":37,"tr_ke_tul":116,"tr_hy_tul":33,"tr_ovy":9484211,"ra_ke":95,"ra_raky":228,"ra_muut":45,"ra_asrak":183,"ra_asunn":229,"ra_as_kpa":96.5,"ra_pt_as":224,"ra_kt_as":0,"ra_muu_as":5,"tp_tyopy":56,"tp_alku_a":14,"tp_jalo_bf":10,"tp_palv_gu":32,"tp_a_maat":14,"tp_b_kaiv":0,"tp_c_teol":3,"tp_d_ener":0,"tp_e_vesi":0,"tp_f_rake":7,"tp_g_kaup":4,"tp_h_kulj":0,"tp_i_majo":1,"tp_j_info":0,"tp_k_raho":0,"tp_l_kiin":0,"tp_m_erik":4,"tp_n_hall":0,"tp_o_julk":0,"tp_p_koul":6,"tp_q_terv":1,"tp_r_taid":3,"tp_s_muup":13,"tp_t_koti":0,"tp_u_kans":0,"tp_x_tunt":0,"pt_vakiy":395,"pt_tyoll":173,"pt_tyott":29,"pt_0_14":57,"pt_opisk":17,"pt_elakel":108,"pt_muut":11,"city":"etela_pirkanmaa","pno":"37700","unemployment_rate":7.3,"higher_education_rate":37.5,"pensioner_share":27.3,"ownership_rate":82.8,"rental_rate":15.6,"population_density":17,"child_ratio":3.3,"student_share":4.3,"detached_house_share":97.8,"youth_ratio_pct":7.1,"gender_ratio":0.99,"single_parent_hh_pct":1.1,"families_with_children_pct":19.4,"tech_sector_pct":0,"healthcare_workers_pct":1.8,"employment_rate":43.8,"elderly_ratio_pct":26.6,"avg_household_size":2.12,"manufacturing_jobs_pct":17.9,"public_sector_jobs_pct":0,"service_sector_jobs_pct":57.1,"new_construction_pct":99.6,"foreign_language_pct":2.4,"crime_index":37.2,"property_price_sqm":null,"transit_stop_density":0.7,"air_quality_index":20,"daycare_density":0,"school_density":0,"healthcare_density":0,"restaurant_density":0.1,"grocery_density":0,"cycling_density":0.3,"single_person_hh_pct":33.3,"rental_price_sqm":null,"price_to_rent_ratio":null,"walkability_index":80,"traffic_accident_rate":0.8,"property_price_change_pct":null,"school_quality_score":null,"light_pollution":0.42,"noise_pollution":null,"voter_turnout_pct":67.9,"party_diversity_index":0.589,"broadband_coverage_pct":85,"ev_charging_density":0,"tree_canopy_pct":23.2,"transit_reachability_score":null,"sports_facility_density":0.4,"water_proximity_m":0,"avg_construction_year":1979,"income_history":[[2021,21717],[2022,22464],[2023,22989],[2024,25075],[2025,25883],[2026,26790]],"population_history":[[2021,426],[2022,418],[2023,408],[2024,398],[2025,399],[2026,395]],"unemployment_history":[[2021,5.2],[2022,5.7],[2023,6.4],[2024,5.5],[2025,7.3],[2026,7.3]],"income_change_pct":23.4,"population_change_pct":-7.3,"unemployment_change_pct":40.4,"schools":null,"crime_index_history":[[2020,43.9],[2021,43.2],[2022,44.3],[2023,38.6],[2024,30.5],[2025,37.2]],"crime_index_change_pct":-15.3,"health_index":108,"radon":127,"municipality":"Valkeakoski","lon":24.07967,"lat":61.20067,"flood_risk_pct":null,"population_projection_pct":-4.6,"construction_activity":12.8,"active_plan_count":null,"political_lean_index":57,"party_vote_kok_pct":23.8,"party_vote_sdp_pct":33.1,"party_vote_ps_pct":21.3,"party_vote_kesk_pct":5.5,"party_vote_vihr_pct":2.7,"party_vote_vas_pct":5.9,"party_vote_rkp_pct":0.1,"foreign_language_municipal_pct":6.2,"foreign_language_history":"[[2020, 2.4], [2021, 2.5], [2022, 2.9], [2023, 3.6], [2024, 4.4], [2025, 4.4]]","foreign_language_est_pct":4.4}},{"type":"MultiPolygon","arcs":[[[-35,-31,-41,41,-38,42]]],"properties":{"id":1099,"postinumeroalue":"37600","nimi":"Valkeakoski Keskus","namn":"Valkeakoski centrum","euref_x":345793,"euref_y":6794079,"pinta_ala":144836516,"vuosi":2026,"kunta":"908","he_vakiy":10990,"he_naiset":5571,"he_miehet":5419,"he_kika":50,"he_0_2":183,"he_3_6":292,"he_7_12":581,"he_13_15":353,"he_16_17":234,"he_18_19":212,"he_20_24":386,"he_25_29":447,"he_30_34":466,"he_35_39":577,"he_40_44":630,"he_45_49":694,"he_50_54":710,"he_55_59":714,"he_60_64":771,"he_65_69":794,"he_70_74":882,"he_75_79":1008,"he_80_84":499,"he_85_":557,"ko_ika18y":9347,"ko_perus":2215,"ko_koul":7132,"ko_yliop":309,"ko_ammat":4329,"ko_al_kork":1936,"ko_yl_kork":558,"hr_tuy":9347,"hr_ktu":26929,"hr_mtu":24996,"hr_pi_tul":1696,"hr_ke_tul":6396,"hr_hy_tul":1255,"hr_ovy":251701965,"te_taly":5949,"te_takk":1.8,"te_as_valj":43.8,"te_yks":2955,"te_nuor":478,"te_eil_np":124,"te_laps":961,"te_plap":166,"te_aklap":346,"te_klap":427,"te_teini":460,"te_yhlap":198,"te_aik":2337,"te_elak":2682,"te_omis_as":4143,"te_vuok_as":1750,"te_muu_as":56,"tr_kuty":5949,"tr_ktu":41944,"tr_mtu":34981,"tr_pi_tul":1513,"tr_ke_tul":3785,"tr_hy_tul":651,"tr_ovy":249527004,"ra_ke":668,"ra_raky":3067,"ra_muut":422,"ra_asrak":2645,"ra_asunn":6742,"ra_as_kpa":77.7,"ra_pt_as":2899,"ra_kt_as":3692,"ra_muu_as":151,"tp_tyopy":4128,"tp_alku_a":33,"tp_jalo_bf":1233,"tp_palv_gu":2862,"tp_a_maat":33,"tp_b_kaiv":1,"tp_c_teol":985,"tp_d_ener":31,"tp_e_vesi":18,"tp_f_rake":198,"tp_g_kaup":418,"tp_h_kulj":99,"tp_i_majo":163,"tp_j_info":19,"tp_k_raho":20,"tp_l_kiin":74,"tp_m_erik":107,"tp_n_hall":202,"tp_o_julk":176,"tp_p_koul":239,"tp_q_terv":1149,"tp_r_taid":84,"tp_s_muup":112,"tp_t_koti":0,"tp_u_kans":0,"tp_x_tunt":0,"pt_vakiy":10990,"pt_tyoll":4103,"pt_tyott":661,"pt_0_14":1269,"pt_opisk":662,"pt_elakel":3966,"pt_muut":329,"city":"etela_pirkanmaa","pno":"37600","unemployment_rate":6,"higher_education_rate":26.7,"pensioner_share":36.1,"ownership_rate":69.6,"rental_rate":29.4,"population_density":76,"child_ratio":4.3,"student_share":6,"detached_house_share":43,"youth_ratio_pct":9.5,"gender_ratio":1.03,"single_parent_hh_pct":2.1,"families_with_children_pct":16.2,"tech_sector_pct":0.5,"healthcare_workers_pct":27.8,"employment_rate":37.3,"elderly_ratio_pct":34,"avg_household_size":1.85,"manufacturing_jobs_pct":29.9,"public_sector_jobs_pct":4.3,"service_sector_jobs_pct":69.3,"new_construction_pct":45.5,"foreign_language_pct":3.2,"crime_index":46.4,"property_price_sqm":1256,"transit_stop_density":0.7,"air_quality_index":20,"daycare_density":0,"school_density":0,"healthcare_density":0.1,"restaurant_density":0.1,"grocery_density":0,"cycling_density":2.2,"single_person_hh_pct":49.7,"rental_price_sqm":null,"price_to_rent_ratio":null,"walkability_index":84,"traffic_accident_rate":0.7,"property_price_change_pct":2.9,"school_quality_score":null,"light_pollution":1.09,"noise_pollution":null,"voter_turnout_pct":67.9,"party_diversity_index":0.589,"broadband_coverage_pct":85,"ev_charging_density":0,"tree_canopy_pct":39.6,"transit_reachability_score":null,"sports_facility_density":0.5,"water_proximity_m":0,"avg_construction_year":1975,"income_history":[[2021,21343],[2022,21604],[2023,22203],[2024,23039],[2025,24453],[2026,24996]],"population_history":[[2021,11302],[2022,11149],[2023,11087],[2024,11041],[2025,10970],[2026,10990]],"unemployment_history":[[2021,4.2],[2022,4.9],[2023,4.5],[2024,4.5],[2025,5.8],[2026,6]],"income_change_pct":17.1,"population_change_pct":-2.8,"unemployment_change_pct":42.9,"schools":null,"property_price_history":[[2020,1221],[2021,1334],[2022,1409],[2023,1425],[2024,1364],[2025,1256]],"crime_index_history":[[2020,54.7],[2021,53.9],[2022,55.3],[2023,48.1],[2024,38],[2025,46.4]],"crime_index_change_pct":-15.2,"health_index":108,"radon":152,"municipality":"Valkeakoski","lon":24.09199,"lat":61.28617,"flood_risk_pct":0,"population_projection_pct":-4.6,"construction_activity":12.8,"active_plan_count":null,"political_lean_index":57,"party_vote_kok_pct":23.8,"party_vote_sdp_pct":33.1,"party_vote_ps_pct":21.3,"party_vote_kesk_pct":5.5,"party_vote_vihr_pct":2.7,"party_vote_vas_pct":5.9,"party_vote_rkp_pct":0.1,"foreign_language_municipal_pct":6.2,"foreign_language_history":"[[2020, 3.2], [2021, 3.4], [2022, 3.9], [2023, 4.8], [2024, 5.8], [2025, 5.8]]","foreign_language_est_pct":5.8}},{"type":"MultiPolygon","arcs":[[[-39,-29,43,44,45]]],"properties":{"id":1104,"postinumeroalue":"37770","nimi":"Tarttila","namn":"Tarttila","euref_x":341811,"euref_y":6783421,"pinta_ala":56447142,"vuosi":2026,"kunta":"908","he_vakiy":456,"he_naiset":224,"he_miehet":232,"he_kika":45,"he_0_2":10,"he_3_6":15,"he_7_12":33,"he_13_15":21,"he_16_17":10,"he_18_19":15,"he_20_24":14,"he_25_29":15,"he_30_34":24,"he_35_39":24,"he_40_44":39,"he_45_49":30,"he_50_54":32,"he_55_59":35,"he_60_64":34,"he_65_69":28,"he_70_74":28,"he_75_79":24,"he_80_84":12,"he_85_":13,"ko_ika18y":367,"ko_perus":85,"ko_koul":282,"ko_yliop":17,"ko_ammat":172,"ko_al_kork":72,"ko_yl_kork":21,"hr_tuy":367,"hr_ktu":27943,"hr_mtu":25159,"hr_pi_tul":83,"hr_ke_tul":225,"hr_hy_tul":59,"hr_ovy":10255175,"te_taly":200,"te_takk":2.3,"te_as_valj":48.6,"te_yks":67,"te_nuor":9,"te_eil_np":7,"te_laps":50,"te_plap":9,"te_aklap":15,"te_klap":25,"te_teini":23,"te_yhlap":5,"te_aik":77,"te_elak":74,"te_omis_as":172,"te_vuok_as":23,"te_muu_as":5,"tr_kuty":200,"tr_ktu":51974,"tr_mtu":45253,"tr_pi_tul":39,"tr_ke_tul":134,"tr_hy_tul":27,"tr_ovy":10394857,"ra_ke":130,"ra_raky":272,"ra_muut":37,"ra_asrak":235,"ra_asunn":229,"ra_as_kpa":110.7,"ra_pt_as":221,"ra_kt_as":0,"ra_muu_as":8,"tp_tyopy":64,"tp_alku_a":9,"tp_jalo_bf":9,"tp_palv_gu":46,"tp_a_maat":9,"tp_b_kaiv":0,"tp_c_teol":0,"tp_d_ener":0,"tp_e_vesi":0,"tp_f_rake":9,"tp_g_kaup":2,"tp_h_kulj":3,"tp_i_majo":0,"tp_j_info":1,"tp_k_raho":1,"tp_l_kiin":0,"tp_m_erik":0,"tp_n_hall":3,"tp_o_julk":0,"tp_p_koul":25,"tp_q_terv":0,"tp_r_taid":10,"tp_s_muup":1,"tp_t_koti":0,"tp_u_kans":0,"tp_x_tunt":0,"pt_vakiy":456,"pt_tyoll":201,"pt_tyott":18,"pt_0_14":71,"pt_opisk":36,"pt_elakel":116,"pt_muut":14,"city":"etela_pirkanmaa","pno":"37770","unemployment_rate":3.9,"higher_education_rate":25.3,"pensioner_share":25.4,"ownership_rate":86,"rental_rate":11.5,"population_density":8,"child_ratio":5.5,"student_share":7.9,"detached_house_share":96.5,"youth_ratio_pct":9.6,"gender_ratio":0.97,"single_parent_hh_pct":3.5,"families_with_children_pct":25,"tech_sector_pct":1.6,"healthcare_workers_pct":0,"employment_rate":44.1,"elderly_ratio_pct":23,"avg_household_size":2.28,"manufacturing_jobs_pct":14.1,"public_sector_jobs_pct":0,"service_sector_jobs_pct":71.9,"new_construction_pct":118.8,"foreign_language_pct":1.5,"crime_index":27.2,"property_price_sqm":null,"transit_stop_density":0.9,"air_quality_index":20,"daycare_density":0,"school_density":0,"healthcare_density":0,"restaurant_density":0,"grocery_density":0,"cycling_density":0.2,"single_person_hh_pct":33.5,"rental_price_sqm":null,"price_to_rent_ratio":null,"walkability_index":78,"traffic_accident_rate":5.1,"property_price_change_pct":null,"school_quality_score":null,"light_pollution":0.24,"noise_pollution":null,"voter_turnout_pct":67.9,"party_diversity_index":0.589,"broadband_coverage_pct":85,"ev_charging_density":0,"tree_canopy_pct":28.7,"transit_reachability_score":null,"sports_facility_density":0.1,"water_proximity_m":0,"avg_construction_year":1979,"income_history":[[2021,22346],[2022,21860],[2023,23463],[2024,23604],[2025,24451],[2026,25159]],"population_history":[[2021,467],[2022,462],[2023,452],[2024,458],[2025,451],[2026,456]],"unemployment_history":[[2021,3.6],[2022,5.8],[2023,5.5],[2024,5],[2025,4.2],[2026,3.9]],"income_change_pct":12.6,"population_change_pct":-2.4,"unemployment_change_pct":8.3,"schools":null,"crime_index_history":[[2020,32.1],[2021,31.6],[2022,32.4],[2023,28.2],[2024,22.3],[2025,27.2]],"crime_index_change_pct":-15.3,"health_index":108,"radon":80,"municipality":"Valkeakoski","lon":24.02014,"lat":61.15709,"flood_risk_pct":null,"population_projection_pct":-4.6,"construction_activity":12.8,"active_plan_count":1,"political_lean_index":57,"party_vote_kok_pct":23.8,"party_vote_sdp_pct":33.1,"party_vote_ps_pct":21.3,"party_vote_kesk_pct":5.5,"party_vote_vihr_pct":2.7,"party_vote_vas_pct":5.9,"party_vote_rkp_pct":0.1,"foreign_language_municipal_pct":6.2,"foreign_language_history":"[[2020, 1.5], [2021, 1.6], [2022, 1.8], [2023, 2.2], [2024, 2.7], [2025, 2.7]]","foreign_language_est_pct":2.7}},{"type":"MultiPolygon","arcs":[[[46,-45,47,-9,48,49,50,51],[52]]],"properties":{"id":1105,"postinumeroalue":"37800","nimi":"Toijala keskus","namn":"Toijala centrum","euref_x":330451,"euref_y":6780640,"pinta_ala":181847481,"vuosi":2026,"kunta":"020","he_vakiy":9367,"he_naiset":4746,"he_miehet":4621,"he_kika":46,"he_0_2":218,"he_3_6":319,"he_7_12":595,"he_13_15":347,"he_16_17":255,"he_18_19":220,"he_20_24":344,"he_25_29":372,"he_30_34":543,"he_35_39":579,"he_40_44":627,"he_45_49":639,"he_50_54":583,"he_55_59":655,"he_60_64":606,"he_65_69":619,"he_70_74":660,"he_75_79":561,"he_80_84":318,"he_85_":307,"ko_ika18y":7633,"ko_perus":1723,"ko_koul":5910,"ko_yliop":355,"ko_ammat":3249,"ko_al_kork":1554,"ko_yl_kork":752,"hr_tuy":7633,"hr_ktu":28048,"hr_mtu":25615,"hr_pi_tul":1403,"hr_ke_tul":4978,"hr_hy_tul":1252,"hr_ovy":214090613,"te_taly":4679,"te_takk":2,"te_as_valj":44.4,"te_yks":2038,"te_nuor":373,"te_eil_np":127,"te_laps":992,"te_plap":189,"te_aklap":378,"te_klap":446,"te_teini":465,"te_yhlap":218,"te_aik":1955,"te_elak":1749,"te_omis_as":3443,"te_vuok_as":1180,"te_muu_as":56,"tr_kuty":4679,"tr_ktu":45477,"tr_mtu":37285,"tr_pi_tul":1146,"tr_ke_tul":2917,"tr_hy_tul":616,"tr_ovy":212786629,"ra_ke":507,"ra_raky":3202,"ra_muut":386,"ra_asrak":2816,"ra_asunn":5169,"ra_as_kpa":86.1,"ra_pt_as":3269,"ra_kt_as":1791,"ra_muu_as":109,"tp_tyopy":2816,"tp_alku_a":48,"tp_jalo_bf":1157,"tp_palv_gu":1611,"tp_a_maat":48,"tp_b_kaiv":3,"tp_c_teol":886,"tp_d_ener":0,"tp_e_vesi":21,"tp_f_rake":247,"tp_g_kaup":184,"tp_h_kulj":55,"tp_i_majo":131,"tp_j_info":14,"tp_k_raho":37,"tp_l_kiin":8,"tp_m_erik":121,"tp_n_hall":133,"tp_o_julk":95,"tp_p_koul":168,"tp_q_terv":553,"tp_r_taid":20,"tp_s_muup":92,"tp_t_koti":0,"tp_u_kans":0,"tp_x_tunt":0,"pt_vakiy":9367,"pt_tyoll":3959,"pt_tyott":472,"pt_0_14":1365,"pt_opisk":654,"pt_elakel":2637,"pt_muut":280,"city":"etela_pirkanmaa","pno":"37800","unemployment_rate":5,"higher_education_rate":30.2,"pensioner_share":28.2,"ownership_rate":73.6,"rental_rate":25.2,"population_density":52,"child_ratio":5.7,"student_share":7,"detached_house_share":63.2,"youth_ratio_pct":10,"gender_ratio":1.03,"single_parent_hh_pct":2.7,"families_with_children_pct":21.2,"tech_sector_pct":0.5,"healthcare_workers_pct":19.6,"employment_rate":42.3,"elderly_ratio_pct":26.3,"avg_household_size":2,"manufacturing_jobs_pct":41.1,"public_sector_jobs_pct":3.4,"service_sector_jobs_pct":57.2,"new_construction_pct":61.9,"foreign_language_pct":2.4,"crime_index":58.6,"property_price_sqm":1240,"transit_stop_density":0.8,"air_quality_index":20,"daycare_density":0,"school_density":0,"healthcare_density":0,"restaurant_density":0.1,"grocery_density":0,"cycling_density":1.3,"single_person_hh_pct":43.6,"rental_price_sqm":null,"price_to_rent_ratio":null,"walkability_index":82,"traffic_accident_rate":0.6,"property_price_change_pct":2.9,"school_quality_score":56.3,"light_pollution":0.69,"noise_pollution":null,"voter_turnout_pct":68.2,"party_diversity_index":0.627,"broadband_coverage_pct":83,"ev_charging_density":0,"tree_canopy_pct":41.8,"transit_reachability_score":null,"sports_facility_density":0.2,"water_proximity_m":0,"avg_construction_year":1977,"income_history":[[2021,22003],[2022,22165],[2023,22682],[2024,23682],[2025,24861],[2026,25615]],"population_history":[[2021,9261],[2022,9276],[2023,9363],[2024,9411],[2025,9366],[2026,9367]],"unemployment_history":[[2021,3.8],[2022,3.6],[2023,4],[2024,4.1],[2025,5.2],[2026,5]],"income_change_pct":16.4,"population_change_pct":1.1,"unemployment_change_pct":31.6,"schools":[{"name":"Akaan lukio","score":56.3}],"property_price_history":[[2020,1205],[2021,1288],[2022,1310],[2023,1333],[2024,1258],[2025,1240]],"crime_index_history":[[2020,91.4],[2021,59.8],[2022,55.5],[2023,50.5],[2024,48.6],[2025,58.6]],"crime_index_change_pct":-35.9,"health_index":100.6,"radon":142,"municipality":"Akaa","lon":23.83198,"lat":61.14495,"flood_risk_pct":null,"population_projection_pct":0.2,"construction_activity":11.5,"active_plan_count":2,"political_lean_index":58.3,"party_vote_kok_pct":18.7,"party_vote_sdp_pct":28.7,"party_vote_ps_pct":25.2,"party_vote_kesk_pct":7.1,"party_vote_vihr_pct":4.5,"party_vote_vas_pct":5.2,"party_vote_rkp_pct":0.1,"foreign_language_municipal_pct":3.2,"foreign_language_history":"[[2020, 2.4], [2021, 2.6], [2022, 2.8], [2023, 3.0], [2024, 3.2], [2025, 3.2]]","foreign_language_est_pct":3.2}},{"type":"MultiPolygon","arcs":[[[53,-51,54,55]]],"properties":{"id":1106,"postinumeroalue":"37830","nimi":"Viiala Keskus","namn":"Viiala centrum","euref_x":323433,"euref_y":6791624,"pinta_ala":60537279,"vuosi":2026,"kunta":"020","he_vakiy":5222,"he_naiset":2571,"he_miehet":2651,"he_kika":45,"he_0_2":105,"he_3_6":187,"he_7_12":387,"he_13_15":249,"he_16_17":148,"he_18_19":133,"he_20_24":147,"he_25_29":168,"he_30_34":249,"he_35_39":332,"he_40_44":396,"he_45_49":423,"he_50_54":375,"he_55_59":355,"he_60_64":326,"he_65_69":351,"he_70_74":317,"he_75_79":310,"he_80_84":127,"he_85_":137,"ko_ika18y":4146,"ko_perus":931,"ko_koul":3215,"ko_yliop":165,"ko_ammat":1890,"ko_al_kork":812,"ko_yl_kork":348,"hr_tuy":4146,"hr_ktu":29361,"hr_mtu":25831,"hr_pi_tul":793,"hr_ke_tul":2726,"hr_hy_tul":627,"hr_ovy":121732474,"te_taly":2525,"te_takk":2.1,"te_as_valj":43.4,"te_yks":1013,"te_nuor":134,"te_eil_np":49,"te_laps":607,"te_plap":98,"te_aklap":218,"te_klap":296,"te_teini":302,"te_yhlap":125,"te_aik":1010,"te_elak":915,"te_omis_as":1967,"te_vuok_as":529,"te_muu_as":29,"tr_kuty":2525,"tr_ktu":48664,"tr_mtu":39966,"tr_pi_tul":614,"tr_ke_tul":1600,"tr_hy_tul":311,"tr_ovy":122876624,"ra_ke":163,"ra_raky":2153,"ra_muut":321,"ra_asrak":1832,"ra_asunn":2796,"ra_as_kpa":87.6,"ra_pt_as":2062,"ra_kt_as":682,"ra_muu_as":52,"tp_tyopy":794,"tp_alku_a":12,"tp_jalo_bf":253,"tp_palv_gu":529,"tp_a_maat":12,"tp_b_kaiv":0,"tp_c_teol":164,"tp_d_ener":0,"tp_e_vesi":0,"tp_f_rake":89,"tp_g_kaup":116,"tp_h_kulj":38,"tp_i_majo":7,"tp_j_info":2,"tp_k_raho":3,"tp_l_kiin":5,"tp_m_erik":40,"tp_n_hall":27,"tp_o_julk":0,"tp_p_koul":107,"tp_q_terv":144,"tp_r_taid":14,"tp_s_muup":26,"tp_t_koti":0,"tp_u_kans":0,"tp_x_tunt":0,"pt_vakiy":5222,"pt_tyoll":2264,"pt_tyott":260,"pt_0_14":846,"pt_opisk":376,"pt_elakel":1330,"pt_muut":146,"city":"etela_pirkanmaa","pno":"37830","unemployment_rate":5,"higher_education_rate":28,"pensioner_share":25.5,"ownership_rate":77.9,"rental_rate":21,"population_density":86,"child_ratio":5.6,"student_share":7.2,"detached_house_share":73.7,"youth_ratio_pct":8.6,"gender_ratio":0.97,"single_parent_hh_pct":1.9,"families_with_children_pct":24,"tech_sector_pct":0.3,"healthcare_workers_pct":18.1,"employment_rate":43.4,"elderly_ratio_pct":23.8,"avg_household_size":2.07,"manufacturing_jobs_pct":31.9,"public_sector_jobs_pct":0,"service_sector_jobs_pct":66.6,"new_construction_pct":77,"foreign_language_pct":2.2,"crime_index":61.7,"property_price_sqm":1251,"transit_stop_density":1.2,"air_quality_index":20,"daycare_density":0,"school_density":0,"healthcare_density":0,"restaurant_density":0.1,"grocery_density":0,"cycling_density":2.3,"single_person_hh_pct":40.1,"rental_price_sqm":null,"price_to_rent_ratio":null,"walkability_index":83,"traffic_accident_rate":0.5,"property_price_change_pct":5.4,"school_quality_score":null,"light_pollution":0.76,"noise_pollution":null,"voter_turnout_pct":68.2,"party_diversity_index":0.627,"broadband_coverage_pct":83,"ev_charging_density":0,"tree_canopy_pct":38.7,"transit_reachability_score":null,"sports_facility_density":0.2,"water_proximity_m":0,"avg_construction_year":1978,"income_history":[[2021,22070],[2022,22351],[2023,23030],[2024,24084],[2025,25036],[2026,25831]],"population_history":[[2021,5346],[2022,5290],[2023,5263],[2024,5225],[2025,5232],[2026,5222]],"unemployment_history":[[2021,4.2],[2022,3.6],[2023,3.5],[2024,3.6],[2025,4.9],[2026,5]],"income_change_pct":17,"population_change_pct":-2.3,"unemployment_change_pct":19,"schools":null,"property_price_history":[[2020,1187],[2021,1056],[2022,1062],[2023,1238],[2024,1089],[2025,1251]],"crime_index_history":[[2020,96.3],[2021,62.9],[2022,58.4],[2023,53.2],[2024,51.2],[2025,61.7]],"crime_index_change_pct":-35.9,"health_index":100.6,"radon":113,"municipality":"Akaa","lon":23.73634,"lat":61.22621,"flood_risk_pct":null,"population_projection_pct":0.2,"construction_activity":11.5,"active_plan_count":null,"political_lean_index":58.3,"party_vote_kok_pct":18.7,"party_vote_sdp_pct":28.7,"party_vote_ps_pct":25.2,"party_vote_kesk_pct":7.1,"party_vote_vihr_pct":4.5,"party_vote_vas_pct":5.2,"party_vote_rkp_pct":0.1,"foreign_language_municipal_pct":3.2,"foreign_language_history":"[[2020, 2.2], [2021, 2.4], [2022, 2.6], [2023, 2.8], [2024, 2.9], [2025, 2.9]]","foreign_language_est_pct":2.9}},{"type":"MultiPolygon","arcs":[[[-54,56,57,-52]]],"properties":{"id":1107,"postinumeroalue":"37850","nimi":"Metsäkansa","namn":"Metsäkansa","euref_x":331159,"euref_y":6792696,"pinta_ala":30253967,"vuosi":2026,"kunta":"908","he_vakiy":359,"he_naiset":175,"he_miehet":184,"he_kika":44,"he_0_2":11,"he_3_6":19,"he_7_12":27,"he_13_15":9,"he_16_17":12,"he_18_19":8,"he_20_24":4,"he_25_29":12,"he_30_34":19,"he_35_39":30,"he_40_44":33,"he_45_49":24,"he_50_54":21,"he_55_59":25,"he_60_64":22,"he_65_69":20,"he_70_74":25,"he_75_79":17,"he_80_84":14,"he_85_":7,"ko_ika18y":281,"ko_perus":41,"ko_koul":240,"ko_yliop":8,"ko_ammat":159,"ko_al_kork":51,"ko_yl_kork":22,"hr_tuy":281,"hr_ktu":29240,"hr_mtu":28289,"hr_pi_tul":40,"hr_ke_tul":188,"hr_hy_tul":53,"hr_ovy":8216377,"te_taly":161,"te_takk":2.2,"te_as_valj":49.2,"te_yks":51,"te_nuor":1,"te_eil_np":4,"te_laps":42,"te_plap":7,"te_aklap":18,"te_klap":18,"te_teini":19,"te_yhlap":6,"te_aik":59,"te_elak":62,"te_omis_as":148,"te_vuok_as":10,"te_muu_as":3,"tr_kuty":161,"tr_ktu":51357,"tr_mtu":49651,"tr_pi_tul":25,"tr_ke_tul":105,"tr_hy_tul":31,"tr_ovy":8268477,"ra_ke":170,"ra_raky":200,"ra_muut":24,"ra_asrak":176,"ra_asunn":177,"ra_as_kpa":106.2,"ra_pt_as":172,"ra_kt_as":0,"ra_muu_as":5,"tp_tyopy":26,"tp_alku_a":7,"tp_jalo_bf":5,"tp_palv_gu":14,"tp_a_maat":7,"tp_b_kaiv":0,"tp_c_teol":0,"tp_d_ener":0,"tp_e_vesi":0,"tp_f_rake":5,"tp_g_kaup":4,"tp_h_kulj":0,"tp_i_majo":0,"tp_j_info":0,"tp_k_raho":0,"tp_l_kiin":0,"tp_m_erik":3,"tp_n_hall":1,"tp_o_julk":0,"tp_p_koul":0,"tp_q_terv":0,"tp_r_taid":0,"tp_s_muup":6,"tp_t_koti":0,"tp_u_kans":0,"tp_x_tunt":0,"pt_vakiy":359,"pt_tyoll":168,"pt_tyott":12,"pt_0_14":65,"pt_opisk":21,"pt_elakel":86,"pt_muut":7,"city":"etela_pirkanmaa","pno":"37850","unemployment_rate":3.3,"higher_education_rate":26,"pensioner_share":24,"ownership_rate":91.9,"rental_rate":6.2,"population_density":12,"child_ratio":8.4,"student_share":5.8,"detached_house_share":97.2,"youth_ratio_pct":6.7,"gender_ratio":0.95,"single_parent_hh_pct":2.5,"families_with_children_pct":26.1,"tech_sector_pct":0,"healthcare_workers_pct":0,"employment_rate":46.8,"elderly_ratio_pct":23.1,"avg_household_size":2.23,"manufacturing_jobs_pct":19.2,"public_sector_jobs_pct":0,"service_sector_jobs_pct":53.8,"new_construction_pct":113,"foreign_language_pct":1.2,"crime_index":27.8,"property_price_sqm":null,"transit_stop_density":0.5,"air_quality_index":20,"daycare_density":0,"school_density":0,"healthcare_density":0,"restaurant_density":0,"grocery_density":0,"cycling_density":0.5,"single_person_hh_pct":31.7,"rental_price_sqm":null,"price_to_rent_ratio":null,"walkability_index":80,"traffic_accident_rate":4.6,"property_price_change_pct":null,"school_quality_score":null,"light_pollution":0.33,"noise_pollution":null,"voter_turnout_pct":67.9,"party_diversity_index":0.589,"broadband_coverage_pct":85,"ev_charging_density":0,"tree_canopy_pct":30,"transit_reachability_score":null,"sports_facility_density":0,"water_proximity_m":0,"avg_construction_year":1979,"income_history":[[2021,24981],[2022,24842],[2023,25686],[2024,26909],[2025,27719],[2026,28289]],"population_history":[[2021,351],[2022,347],[2023,355],[2024,361],[2025,360],[2026,359]],"unemployment_history":[[2021,2.6],[2022,4],[2023,2.8],[2024,2.2],[2025,3.9],[2026,3.3]],"income_change_pct":13.2,"population_change_pct":2.3,"unemployment_change_pct":26.9,"schools":null,"crime_index_history":[[2020,32.8],[2021,32.3],[2022,33.1],[2023,28.8],[2024,22.8],[2025,27.8]],"crime_index_change_pct":-15.2,"health_index":108,"radon":100,"municipality":"Valkeakoski","lon":23.86074,"lat":61.22732,"flood_risk_pct":null,"population_projection_pct":-4.6,"construction_activity":12.8,"active_plan_count":null,"political_lean_index":57,"party_vote_kok_pct":23.8,"party_vote_sdp_pct":33.1,"party_vote_ps_pct":21.3,"party_vote_kesk_pct":5.5,"party_vote_vihr_pct":2.7,"party_vote_vas_pct":5.9,"party_vote_rkp_pct":0.1,"foreign_language_municipal_pct":6.2,"foreign_language_history":"[[2020, 1.2], [2021, 1.3], [2022, 1.4], [2023, 1.8], [2024, 2.2], [2025, 2.2]]","foreign_language_est_pct":2.2}},{"type":"MultiPolygon","arcs":[[[-47,-58,58,-36,-42,-40,-46]]],"properties":{"id":1108,"postinumeroalue":"37860","nimi":"Kärjenniemi","namn":"Kärjenniemi","euref_x":336649,"euref_y":6792796,"pinta_ala":39681762,"vuosi":2026,"kunta":"908","he_vakiy":948,"he_naiset":439,"he_miehet":509,"he_kika":39,"he_0_2":32,"he_3_6":57,"he_7_12":111,"he_13_15":56,"he_16_17":27,"he_18_19":18,"he_20_24":15,"he_25_29":30,"he_30_34":56,"he_35_39":92,"he_40_44":80,"he_45_49":60,"he_50_54":56,"he_55_59":55,"he_60_64":55,"he_65_69":31,"he_70_74":50,"he_75_79":33,"he_80_84":14,"he_85_":20,"ko_ika18y":665,"ko_perus":84,"ko_koul":581,"ko_yliop":22,"ko_ammat":310,"ko_al_kork":177,"ko_yl_kork":72,"hr_tuy":665,"hr_ktu":31941,"hr_mtu":30254,"hr_pi_tul":72,"hr_ke_tul":412,"hr_hy_tul":181,"hr_ovy":21240460,"te_taly":355,"te_takk":2.7,"te_as_valj":43.1,"te_yks":78,"te_nuor":6,"te_eil_np":13,"te_laps":126,"te_plap":30,"te_aklap":62,"te_klap":77,"te_teini":55,"te_yhlap":6,"te_aik":129,"te_elak":102,"te_omis_as":342,"te_vuok_as":11,"te_muu_as":2,"tr_kuty":355,"tr_ktu":60444,"tr_mtu":59567,"tr_pi_tul":33,"tr_ke_tul":239,"tr_hy_tul":83,"tr_ovy":21457707,"ra_ke":187,"ra_raky":399,"ra_muut":29,"ra_asrak":370,"ra_asunn":382,"ra_as_kpa":112.7,"ra_pt_as":376,"ra_kt_as":2,"ra_muu_as":4,"tp_tyopy":94,"tp_alku_a":9,"tp_jalo_bf":12,"tp_palv_gu":73,"tp_a_maat":9,"tp_b_kaiv":0,"tp_c_teol":3,"tp_d_ener":0,"tp_e_vesi":2,"tp_f_rake":7,"tp_g_kaup":5,"tp_h_kulj":14,"tp_i_majo":2,"tp_j_info":3,"tp_k_raho":0,"tp_l_kiin":0,"tp_m_erik":10,"tp_n_hall":17,"tp_o_julk":0,"tp_p_koul":18,"tp_q_terv":2,"tp_r_taid":0,"tp_s_muup":2,"tp_t_koti":0,"tp_u_kans":0,"tp_x_tunt":0,"pt_vakiy":948,"pt_tyoll":439,"pt_tyott":32,"pt_0_14":240,"pt_opisk":59,"pt_elakel":161,"pt_muut":17,"city":"etela_pirkanmaa","pno":"37860","unemployment_rate":3.4,"higher_education_rate":37.4,"pensioner_share":17,"ownership_rate":96.3,"rental_rate":3.1,"population_density":24,"child_ratio":9.4,"student_share":6.2,"detached_house_share":98.4,"youth_ratio_pct":6.6,"gender_ratio":0.86,"single_parent_hh_pct":3.7,"families_with_children_pct":35.5,"tech_sector_pct":3.2,"healthcare_workers_pct":2.1,"employment_rate":46.3,"elderly_ratio_pct":15.6,"avg_household_size":2.67,"manufacturing_jobs_pct":12.8,"public_sector_jobs_pct":0,"service_sector_jobs_pct":77.7,"new_construction_pct":104.5,"foreign_language_pct":1.6,"crime_index":31.5,"property_price_sqm":null,"transit_stop_density":0.4,"air_quality_index":20,"daycare_density":0,"school_density":0,"healthcare_density":0,"restaurant_density":0,"grocery_density":0,"cycling_density":0.8,"single_person_hh_pct":22,"rental_price_sqm":null,"price_to_rent_ratio":null,"walkability_index":80,"traffic_accident_rate":1.1,"property_price_change_pct":null,"school_quality_score":null,"light_pollution":0.13,"noise_pollution":null,"voter_turnout_pct":67.9,"party_diversity_index":0.589,"broadband_coverage_pct":85,"ev_charging_density":0,"tree_canopy_pct":32.8,"transit_reachability_score":null,"sports_facility_density":0.1,"water_proximity_m":0,"avg_construction_year":1979,"income_history":[[2021,26578],[2022,26738],[2023,27478],[2024,29049],[2025,29725],[2026,30254]],"population_history":[[2021,908],[2022,913],[2023,903],[2024,926],[2025,953],[2026,948]],"unemployment_history":[[2021,2.6],[2022,2.7],[2023,2.8],[2024,3.3],[2025,4.2],[2026,3.4]],"income_change_pct":13.8,"population_change_pct":4.4,"unemployment_change_pct":30.8,"schools":null,"crime_index_history":[[2020,37.1],[2021,36.6],[2022,37.5],[2023,32.7],[2024,25.8],[2025,31.5]],"crime_index_change_pct":-15.1,"health_index":108,"radon":150,"municipality":"Valkeakoski","lon":23.94166,"lat":61.23273,"flood_risk_pct":null,"population_projection_pct":-4.6,"construction_activity":12.8,"active_plan_count":null,"political_lean_index":57,"party_vote_kok_pct":23.8,"party_vote_sdp_pct":33.1,"party_vote_ps_pct":21.3,"party_vote_kesk_pct":5.5,"party_vote_vihr_pct":2.7,"party_vote_vas_pct":5.9,"party_vote_rkp_pct":0.1,"foreign_language_municipal_pct":6.2,"foreign_language_history":"[[2020, 1.6], [2021, 1.7], [2022, 1.9], [2023, 2.4], [2024, 2.9], [2025, 2.9]]","foreign_language_est_pct":2.9}},{"type":"MultiPolygon","arcs":[[[-25,59,-49,-12]]],"properties":{"id":1109,"postinumeroalue":"37900","nimi":"Kylmäkoski Asemanseutu","namn":"Kylmäkoski stationsamhälle","euref_x":322220,"euref_y":6779796,"pinta_ala":25888996,"vuosi":2026,"kunta":"020","he_vakiy":250,"he_naiset":116,"he_miehet":134,"he_kika":49,"he_0_2":3,"he_3_6":7,"he_7_12":12,"he_13_15":8,"he_16_17":5,"he_18_19":7,"he_20_24":10,"he_25_29":5,"he_30_34":14,"he_35_39":7,"he_40_44":24,"he_45_49":20,"he_50_54":17,"he_55_59":19,"he_60_64":22,"he_65_69":21,"he_70_74":16,"he_75_79":16,"he_80_84":12,"he_85_":5,"ko_ika18y":215,"ko_perus":48,"ko_koul":167,"ko_yliop":7,"ko_ammat":119,"ko_al_kork":30,"ko_yl_kork":11,"hr_tuy":215,"hr_ktu":26074,"hr_mtu":24804,"hr_pi_tul":49,"hr_ke_tul":139,"hr_hy_tul":27,"hr_ovy":5605892,"te_taly":133,"te_takk":1.9,"te_as_valj":52.2,"te_yks":62,"te_nuor":10,"te_eil_np":1,"te_laps":19,"te_plap":3,"te_aklap":7,"te_klap":11,"te_teini":10,"te_yhlap":4,"te_aik":62,"te_elak":53,"te_omis_as":120,"te_vuok_as":10,"te_muu_as":3,"tr_kuty":133,"tr_ktu":42353,"tr_mtu":36160,"tr_pi_tul":34,"tr_ke_tul":82,"tr_hy_tul":17,"tr_ovy":5633013,"ra_ke":14,"ra_raky":200,"ra_muut":26,"ra_asrak":174,"ra_asunn":168,"ra_as_kpa":94.5,"ra_pt_as":158,"ra_kt_as":0,"ra_muu_as":10,"tp_tyopy":18,"tp_alku_a":6,"tp_jalo_bf":5,"tp_palv_gu":7,"tp_a_maat":6,"tp_b_kaiv":0,"tp_c_teol":1,"tp_d_ener":0,"tp_e_vesi":0,"tp_f_rake":4,"tp_g_kaup":1,"tp_h_kulj":1,"tp_i_majo":0,"tp_j_info":0,"tp_k_raho":0,"tp_l_kiin":0,"tp_m_erik":3,"tp_n_hall":2,"tp_o_julk":0,"tp_p_koul":0,"tp_q_terv":0,"tp_r_taid":0,"tp_s_muup":0,"tp_t_koti":0,"tp_u_kans":0,"tp_x_tunt":0,"pt_vakiy":250,"pt_tyoll":112,"pt_tyott":18,"pt_0_14":28,"pt_opisk":10,"pt_elakel":76,"pt_muut":6,"city":"etela_pirkanmaa","pno":"37900","unemployment_rate":7.2,"higher_education_rate":19.1,"pensioner_share":30.4,"ownership_rate":90.2,"rental_rate":7.5,"population_density":10,"child_ratio":4,"student_share":4,"detached_house_share":94,"youth_ratio_pct":8.8,"gender_ratio":0.87,"single_parent_hh_pct":0.8,"families_with_children_pct":14.3,"tech_sector_pct":0,"healthcare_workers_pct":0,"employment_rate":44.8,"elderly_ratio_pct":28,"avg_household_size":1.88,"manufacturing_jobs_pct":27.8,"public_sector_jobs_pct":0,"service_sector_jobs_pct":38.9,"new_construction_pct":119,"foreign_language_pct":2.2,"crime_index":45.6,"property_price_sqm":null,"transit_stop_density":0.2,"air_quality_index":20,"daycare_density":0,"school_density":0,"healthcare_density":0,"restaurant_density":0,"grocery_density":0,"cycling_density":0,"single_person_hh_pct":46.6,"rental_price_sqm":null,"price_to_rent_ratio":null,"walkability_index":76,"traffic_accident_rate":1.3,"property_price_change_pct":null,"school_quality_score":null,"light_pollution":0,"noise_pollution":null,"voter_turnout_pct":68.2,"party_diversity_index":0.627,"broadband_coverage_pct":83,"ev_charging_density":0,"tree_canopy_pct":35.5,"transit_reachability_score":null,"sports_facility_density":0,"water_proximity_m":1020,"avg_construction_year":1980,"income_history":[[2021,20073],[2022,20178],[2023,21022],[2024,22086],[2025,23183],[2026,24804]],"population_history":[[2021,294],[2022,279],[2023,274],[2024,270],[2025,258],[2026,250]],"unemployment_history":[[2021,3.4],[2022,3.2],[2023,4],[2024,2.6],[2025,5.4],[2026,7.2]],"income_change_pct":23.6,"population_change_pct":-15,"unemployment_change_pct":111.8,"schools":null,"crime_index_history":[[2020,71.2],[2021,46.5],[2022,43.2],[2023,39.3],[2024,37.9],[2025,45.6]],"crime_index_change_pct":-36,"health_index":100.6,"radon":164,"municipality":"Akaa","lon":23.68472,"lat":61.1169,"flood_risk_pct":null,"population_projection_pct":0.2,"construction_activity":11.5,"active_plan_count":null,"political_lean_index":58.3,"party_vote_kok_pct":18.7,"party_vote_sdp_pct":28.7,"party_vote_ps_pct":25.2,"party_vote_kesk_pct":7.1,"party_vote_vihr_pct":4.5,"party_vote_vas_pct":5.2,"party_vote_rkp_pct":0.1,"foreign_language_municipal_pct":3.2,"foreign_language_history":"[[2020, 2.2], [2021, 2.4], [2022, 2.6], [2023, 2.8], [2024, 2.9], [2025, 2.9]]","foreign_language_est_pct":2.9}},{"type":"MultiPolygon","arcs":[[[-55,-50,-60,-24,-20,60]]],"properties":{"id":1110,"postinumeroalue":"37910","nimi":"Kylmäkoski Keskus","namn":"Kylmäkoski centrum","euref_x":317643,"euref_y":6785992,"pinta_ala":77883251,"vuosi":2026,"kunta":"020","he_vakiy":1237,"he_naiset":598,"he_miehet":639,"he_kika":49,"he_0_2":23,"he_3_6":40,"he_7_12":90,"he_13_15":39,"he_16_17":20,"he_18_19":19,"he_20_24":37,"he_25_29":29,"he_30_34":47,"he_35_39":69,"he_40_44":93,"he_45_49":74,"he_50_54":76,"he_55_59":113,"he_60_64":102,"he_65_69":102,"he_70_74":105,"he_75_79":84,"he_80_84":41,"he_85_":34,"ko_ika18y":1025,"ko_perus":216,"ko_koul":809,"ko_yliop":37,"ko_ammat":514,"ko_al_kork":185,"ko_yl_kork":73,"hr_tuy":1025,"hr_ktu":31594,"hr_mtu":25356,"hr_pi_tul":200,"hr_ke_tul":681,"hr_hy_tul":144,"hr_ovy":32383875,"te_taly":618,"te_takk":2,"te_as_valj":50,"te_yks":261,"te_nuor":28,"te_eil_np":8,"te_laps":113,"te_plap":22,"te_aklap":45,"te_klap":68,"te_teini":42,"te_yhlap":22,"te_aik":262,"te_elak":248,"te_omis_as":462,"te_vuok_as":142,"te_muu_as":14,"tr_kuty":618,"tr_ktu":52076,"tr_mtu":38550,"tr_pi_tul":160,"tr_ke_tul":371,"tr_hy_tul":87,"tr_ovy":32182669,"ra_ke":228,"ra_raky":621,"ra_muut":102,"ra_asrak":519,"ra_asunn":730,"ra_as_kpa":94.9,"ra_pt_as":707,"ra_kt_as":0,"ra_muu_as":23,"tp_tyopy":380,"tp_alku_a":38,"tp_jalo_bf":91,"tp_palv_gu":251,"tp_a_maat":38,"tp_b_kaiv":0,"tp_c_teol":65,"tp_d_ener":0,"tp_e_vesi":0,"tp_f_rake":26,"tp_g_kaup":51,"tp_h_kulj":13,"tp_i_majo":12,"tp_j_info":0,"tp_k_raho":0,"tp_l_kiin":0,"tp_m_erik":20,"tp_n_hall":2,"tp_o_julk":89,"tp_p_koul":16,"tp_q_terv":36,"tp_r_taid":1,"tp_s_muup":11,"tp_t_koti":0,"tp_u_kans":0,"tp_x_tunt":0,"pt_vakiy":1237,"pt_tyoll":500,"pt_tyott":57,"pt_0_14":178,"pt_opisk":59,"pt_elakel":405,"pt_muut":38,"city":"etela_pirkanmaa","pno":"37910","unemployment_rate":4.6,"higher_education_rate":25.2,"pensioner_share":32.7,"ownership_rate":74.8,"rental_rate":23,"population_density":16,"child_ratio":5.1,"student_share":4.8,"detached_house_share":96.8,"youth_ratio_pct":6.9,"gender_ratio":0.94,"single_parent_hh_pct":1.3,"families_with_children_pct":18.3,"tech_sector_pct":0,"healthcare_workers_pct":9.5,"employment_rate":40.4,"elderly_ratio_pct":29.6,"avg_household_size":2,"manufacturing_jobs_pct":23.9,"public_sector_jobs_pct":23.4,"service_sector_jobs_pct":66.1,"new_construction_pct":85.1,"foreign_language_pct":2.5,"crime_index":47.7,"property_price_sqm":862,"transit_stop_density":0.5,"air_quality_index":20,"daycare_density":0,"school_density":0,"healthcare_density":0,"restaurant_density":0,"grocery_density":0,"cycling_density":0.3,"single_person_hh_pct":42.2,"rental_price_sqm":null,"price_to_rent_ratio":null,"walkability_index":79,"traffic_accident_rate":1.1,"property_price_change_pct":-10.1,"school_quality_score":null,"light_pollution":0.56,"noise_pollution":null,"voter_turnout_pct":68.2,"party_diversity_index":0.627,"broadband_coverage_pct":83,"ev_charging_density":0,"tree_canopy_pct":35.9,"transit_reachability_score":null,"sports_facility_density":0.1,"water_proximity_m":0,"avg_construction_year":1978,"income_history":[[2021,20856],[2022,21646],[2023,22358],[2024,23547],[2025,24399],[2026,25356]],"population_history":[[2021,1270],[2022,1249],[2023,1267],[2024,1239],[2025,1239],[2026,1237]],"unemployment_history":[[2021,3.3],[2022,3.9],[2023,5.4],[2024,3.8],[2025,4.3],[2026,4.6]],"income_change_pct":21.6,"population_change_pct":-2.6,"unemployment_change_pct":39.4,"schools":null,"property_price_history":[[2020,959],[2021,726],[2022,1005],[2023,747],[2024,1037],[2025,862]],"crime_index_history":[[2020,74.4],[2021,48.7],[2022,45.1],[2023,41.1],[2024,39.6],[2025,47.7]],"crime_index_change_pct":-35.9,"health_index":100.6,"radon":160,"municipality":"Akaa","lon":23.61631,"lat":61.16002,"flood_risk_pct":null,"population_projection_pct":0.2,"construction_activity":11.5,"active_plan_count":null,"political_lean_index":58.3,"party_vote_kok_pct":18.7,"party_vote_sdp_pct":28.7,"party_vote_ps_pct":25.2,"party_vote_kesk_pct":7.1,"party_vote_vihr_pct":4.5,"party_vote_vas_pct":5.2,"party_vote_rkp_pct":0.1,"foreign_language_municipal_pct":3.2,"foreign_language_history":"[[2020, 2.5], [2021, 2.7], [2022, 2.9], [2023, 3.1], [2024, 3.3], [2025, 3.3]]","foreign_language_est_pct":3.3}},{"type":"MultiPolygon","arcs":[[[-53]]],"properties":{"id":1111,"postinumeroalue":"37960","nimi":"Sotkia","namn":"Sotkia","euref_x":327062,"euref_y":6782797,"pinta_ala":7420194,"vuosi":2026,"kunta":"020","he_vakiy":235,"he_naiset":118,"he_miehet":117,"he_kika":49,"he_0_2":9,"he_3_6":4,"he_7_12":11,"he_13_15":12,"he_16_17":5,"he_18_19":5,"he_20_24":2,"he_25_29":7,"he_30_34":12,"he_35_39":14,"he_40_44":7,"he_45_49":18,"he_50_54":20,"he_55_59":16,"he_60_64":17,"he_65_69":16,"he_70_74":18,"he_75_79":24,"he_80_84":11,"he_85_":7,"ko_ika18y":194,"ko_perus":48,"ko_koul":146,"ko_yliop":5,"ko_ammat":88,"ko_al_kork":40,"ko_yl_kork":13,"hr_tuy":194,"hr_ktu":26304,"hr_mtu":23005,"hr_pi_tul":45,"hr_ke_tul":118,"hr_hy_tul":31,"hr_ovy":5103000,"te_taly":108,"te_takk":2.2,"te_as_valj":51.6,"te_yks":33,"te_nuor":3,"te_eil_np":0,"te_laps":25,"te_plap":7,"te_aklap":8,"te_klap":8,"te_teini":13,"te_yhlap":3,"te_aik":34,"te_elak":49,"te_omis_as":103,"te_vuok_as":5,"te_muu_as":0,"tr_kuty":108,"tr_ktu":47433,"tr_mtu":44055,"tr_pi_tul":21,"tr_ke_tul":76,"tr_hy_tul":11,"tr_ovy":5122791,"ra_ke":31,"ra_raky":144,"ra_muut":17,"ra_asrak":127,"ra_asunn":126,"ra_as_kpa":109.3,"ra_pt_as":125,"ra_kt_as":0,"ra_muu_as":1,"tp_tyopy":22,"tp_alku_a":5,"tp_jalo_bf":2,"tp_palv_gu":15,"tp_a_maat":5,"tp_b_kaiv":0,"tp_c_teol":1,"tp_d_ener":0,"tp_e_vesi":0,"tp_f_rake":1,"tp_g_kaup":11,"tp_h_kulj":0,"tp_i_majo":1,"tp_j_info":1,"tp_k_raho":0,"tp_l_kiin":0,"tp_m_erik":2,"tp_n_hall":0,"tp_o_julk":0,"tp_p_koul":0,"tp_q_terv":0,"tp_r_taid":0,"tp_s_muup":0,"tp_t_koti":0,"tp_u_kans":0,"tp_x_tunt":0,"pt_vakiy":235,"pt_tyoll":94,"pt_tyott":11,"pt_0_14":32,"pt_opisk":13,"pt_elakel":79,"pt_muut":6,"city":"etela_pirkanmaa","pno":"37960","unemployment_rate":4.7,"higher_education_rate":27.3,"pensioner_share":33.6,"ownership_rate":95.4,"rental_rate":4.6,"population_density":32,"child_ratio":5.5,"student_share":5.5,"detached_house_share":99.2,"youth_ratio_pct":6,"gender_ratio":1.01,"single_parent_hh_pct":0,"families_with_children_pct":23.1,"tech_sector_pct":4.5,"healthcare_workers_pct":0,"employment_rate":40,"elderly_ratio_pct":32.3,"avg_household_size":2.18,"manufacturing_jobs_pct":9.1,"public_sector_jobs_pct":0,"service_sector_jobs_pct":68.2,"new_construction_pct":114.3,"foreign_language_pct":0.9,"crime_index":49.3,"property_price_sqm":null,"transit_stop_density":2.2,"air_quality_index":20,"daycare_density":0,"school_density":0,"healthcare_density":0,"restaurant_density":0,"grocery_density":0,"cycling_density":0,"single_person_hh_pct":30.6,"rental_price_sqm":null,"price_to_rent_ratio":null,"walkability_index":76,"traffic_accident_rate":1.4,"property_price_change_pct":null,"school_quality_score":null,"light_pollution":0.08,"noise_pollution":null,"voter_turnout_pct":68.2,"party_diversity_index":0.627,"broadband_coverage_pct":83,"ev_charging_density":0,"tree_canopy_pct":28.7,"transit_reachability_score":null,"sports_facility_density":0,"water_proximity_m":0,"avg_construction_year":1980,"income_history":[[2021,19859],[2022,20294],[2023,21550],[2024,20763],[2025,23049],[2026,23005]],"population_history":[[2021,247],[2022,231],[2023,237],[2024,246],[2025,236],[2026,235]],"unemployment_history":[[2021,3.6],[2022,2.6],[2023,4.6],[2024,4.5],[2025,6.4],[2026,4.7]],"income_change_pct":15.8,"population_change_pct":-4.9,"unemployment_change_pct":30.6,"schools":null,"crime_index_history":[[2020,76.9],[2021,50.3],[2022,46.7],[2023,42.5],[2024,40.9],[2025,49.3]],"crime_index_change_pct":-35.9,"health_index":100.6,"radon":124,"municipality":"Akaa","lon":23.79836,"lat":61.14386,"flood_risk_pct":null,"population_projection_pct":0.2,"construction_activity":11.5,"active_plan_count":null,"political_lean_index":58.3,"party_vote_kok_pct":18.7,"party_vote_sdp_pct":28.7,"party_vote_ps_pct":25.2,"party_vote_kesk_pct":7.1,"party_vote_vihr_pct":4.5,"party_vote_vas_pct":5.2,"party_vote_rkp_pct":0.1,"foreign_language_municipal_pct":3.2,"foreign_language_history":"[[2020, 0.9], [2021, 1.0], [2022, 1.1], [2023, 1.1], [2024, 1.2], [2025, 1.2]]","foreign_language_est_pct":1.2}}]}},"arcs":[[[30044,23427],[424,-2211],[234,-864],[159,-1474],[-391,-1485],[-72,-197],[-183,-736],[6,-38]],[[30221,16422],[-1625,-1094],[-1322,72],[-780,-162],[184,-1080],[-691,-1033],[-223,-981],[-704,-212],[-977,-76],[-1141,-419],[-1096,-760],[-142,-625],[-1063,-107],[-416,-166],[-195,-357],[-83,-222],[1,-338],[76,-471],[42,-112],[-46,-546],[-495,-891],[-14,-25],[-712,-511],[-4,-3],[-1511,-291],[-501,141],[-826,933],[-260,713],[-11,7],[-46,127],[-681,2664],[-353,2053]],[[14606,12650],[2034,6044],[242,689],[19,7],[525,1650],[2240,11],[645,-255],[144,-11],[348,936],[703,269],[1698,1794]],[[23204,23784],[941,-749],[1330,-597],[2105,-187],[2464,1176]],[[21323,27524],[942,-1075],[595,-1258],[344,-1407]],[[14606,12650],[-1174,2417],[-4006,1075],[-890,319],[-152,345],[-37,269],[92,445],[266,-93],[147,207],[-21,57],[-326,288],[-806,185]],[[7699,18164],[403,877],[-295,4550],[681,627],[4170,-252],[1698,344],[1920,2684]],[[16276,26994],[1427,-637],[1254,963],[1331,117],[1035,87]],[[43795,35942],[1300,-4478],[420,-543],[1088,-1765],[1645,-2213],[-1,-13],[3092,-1632],[577,-2340],[947,-2728],[763,328],[2595,1437]],[[56221,21995],[618,38],[347,22],[329,303],[244,-1601],[183,-367],[361,-1861],[-1718,-1983],[-278,-300],[-523,-387],[-466,-345],[-176,-281],[-90,-146],[-304,38],[-11,-190],[-42,-732],[0,-1],[314,-1216],[1898,-6205],[817,-576],[104,-80],[-659,-1785],[307,-1689],[-2341,-2210],[-116,-31],[-135,-178],[-174,-232],[-980,926],[-835,2008],[-761,2642],[-446,3311],[-3385,4205],[-1092,-915],[-1101,696],[-327,1362],[-1462,1034],[-860,-274],[-652,-1051],[-1335,774],[-1600,322],[-2236,-866],[-2233,-43],[-311,-348],[-210,-260],[-16,-16],[-228,372],[-843,831],[-170,96],[-253,80],[-1766,489],[-1387,1047]],[[30044,23427],[-150,4766],[60,1027],[525,606],[1012,-169],[1548,-259],[181,37],[168,1030],[169,740],[638,259],[8,8],[-53,3249],[360,926],[960,1053],[-221,702],[-212,131],[-218,-20],[-458,-111],[-183,758],[684,981],[955,-217],[1528,-585]],[[37345,38339],[540,-532],[748,-1577],[341,-1622],[239,-565],[101,-6],[811,-194],[577,-70],[364,212],[1480,1603],[1249,354]],[[16276,26994],[-398,743],[-692,770],[-436,439],[-32,129],[-403,510],[-827,332],[-1341,235],[-670,208],[-410,834],[-372,1440],[226,1112],[-112,1351],[0,1],[276,1670],[954,1360],[-757,3110],[-105,764],[62,536],[347,286],[253,254],[1120,-598]],[[12959,42480],[1241,30],[1016,340],[828,-787],[1914,-1245],[155,55],[322,-21],[163,-134],[1512,-377],[733,-350],[701,-426]],[[21544,39565],[2154,-2207],[1403,-2777],[17,-19],[123,-213],[55,-238],[5,-343],[-26,-413],[-69,-159],[-125,-511],[-212,-688],[-920,-1199],[-1336,-1657],[-1290,-1617]],[[12959,42480],[186,1488],[17,133],[-801,1500],[-833,1335],[-516,1428],[-165,456]],[[10847,48820],[396,1357],[384,370],[616,758],[300,1390],[579,2730],[1540,3804],[1780,1258]],[[16442,60487],[2074,-1648],[1396,-615],[1671,-193],[366,-2232],[644,-3693]],[[22593,52106],[-352,-1964],[1846,-5636],[571,-3329],[-148,-3],[-2966,-1609]],[[27755,62893],[99,-2939],[249,-904],[55,-853],[48,-758],[-1099,-965],[-568,-1241],[-1714,-1599],[-29,2],[-1172,-802],[-788,-585],[-42,-38]],[[22794,52211],[-201,-105]],[[16442,60487],[-1036,1965],[99,307],[150,463]],[[15655,63222],[1017,426],[537,419],[348,264],[75,278],[705,-269],[182,-261],[-103,-450],[1222,-1065],[14,7],[770,-463],[119,-230],[46,-143],[384,-282],[827,1137],[554,28],[19,15],[537,-220],[652,-300],[575,714],[1796,790],[1824,-724]],[[22794,52211],[2232,-1118],[853,-429],[434,-1012],[167,-1388],[192,-982],[35,17],[-2,-85],[9,-154],[9,-155],[-11,-154],[262,-143],[82,25],[19,-5],[178,-47],[-10,-108],[244,-392],[262,-575],[123,-236],[1008,-307],[2851,-1082],[1843,321],[658,18],[1240,-16],[1377,-430]],[[36849,43774],[-133,-1256],[-119,-779],[433,-2468],[240,-604],[76,-193],[-1,-135]],[[10847,48820],[-182,-30],[-945,-153]],[[9720,48637],[-2191,1339],[-1532,662],[-2316,2404],[-769,2379],[-471,13],[-19,265],[36,389],[-751,1120],[-517,1377],[-19,90],[-75,2497],[-388,865],[-385,486],[-2,11],[-321,1777],[1453,689],[2430,1958],[258,502],[112,1196],[130,1245],[-97,878],[256,1088],[463,157],[884,301],[240,-1767],[1449,-874],[2481,-333],[1750,-1679],[1667,-2098],[494,-1009],[-58,-953],[705,-511],[605,506],[433,-385]],[[7699,18164],[-594,856],[-334,1772],[-1965,3704],[-1591,1747],[-28,2234],[-335,3750],[42,1464],[-790,694],[-73,920],[327,2047],[-75,120],[-73,249],[-28,94],[-795,964],[-500,1198],[-91,132],[-471,2040],[1106,-108],[1712,263],[829,1603],[-411,1841],[1804,1249],[1399,-167],[2956,1807]],[[86269,47614],[213,1943],[-4349,1753],[-2159,835],[-373,253]],[[79601,52398],[266,2736],[-46,2378],[299,589],[177,212],[-45,699],[-61,292],[5,19],[7,1382],[481,2325],[1,1667]],[[80685,64697],[6819,1763]],[[87504,66460],[1863,-3659],[1555,-3036],[2292,-4066]],[[93214,55699],[-775,-5753],[-538,-819],[-1065,-1624],[-1446,-2207],[-3121,2318]],[[92343,72373],[400,-914],[409,-498],[1799,-835],[2734,-1551],[-70,-854],[-3,-251],[1551,-1923],[261,-109],[180,-201],[52,-183],[155,-814],[140,-1038],[48,-1051],[-3243,1252],[-698,-1228],[-537,-1878],[-91,-321],[-2216,-4277]],[[87504,66460],[1289,5423],[722,499],[334,-165],[297,125],[304,-156],[205,28],[836,635],[13,-12],[364,-161],[53,-15],[63,-18],[359,-270]],[[66601,74346],[-210,1257],[-192,1627],[-1431,3319],[-2122,1594],[-512,-228],[-519,-231],[-10,-7]],[[61605,81677],[-435,1280],[-1012,1007],[2025,2239],[1416,-781],[509,421],[170,284],[103,105],[113,208],[162,257],[80,954],[-102,178],[-379,2186],[1610,1586],[-622,2057],[2338,-552],[1630,3715]],[[69211,96821],[1740,-5574],[981,-5279],[937,-1399],[329,-1118],[55,-440],[-98,42],[-24,19],[-93,-46],[-28,-88],[4,-17],[37,-31],[1,-3],[141,-108],[-13,-193],[-346,-740],[12,-1017],[-433,-805],[-472,-896],[-376,355],[-331,-448],[102,-386],[-313,-956],[-197,-251],[-343,-443],[-710,-334],[-237,-21],[-597,-292],[-248,-147],[-249,-191],[-2,-22],[-300,-421],[-215,-254],[-1324,-971]],[[79601,52398],[-4844,3567],[-1498,172],[-2502,-528],[327,2208]],[[71084,57817],[833,2729]],[[71917,60546],[1068,2341],[790,332],[503,-464],[527,611],[-331,251],[-40,47],[-75,104],[110,689],[666,1679],[1389,-1182],[641,-163],[2315,90],[1205,-184]],[[71917,60546],[-115,263],[-128,303],[-1109,849],[-835,220],[-870,807],[-1,2],[-579,1480],[-586,3226],[-482,3563],[-137,852],[3,17],[-477,2218]],[[69211,96821],[-121,678],[182,142],[3773,1488],[1421,870],[162,-219],[164,-155],[-271,-819],[-130,-206],[1387,-262],[181,535],[839,416],[546,629],[822,-824],[164,-440],[-115,-584],[19,-101],[163,-867],[91,-483],[269,-457],[587,-1000],[354,-362],[-883,-671],[-1899,-2289],[38,-494],[11,-33],[25,-65],[93,-79],[398,-334],[1706,-1987],[128,-507],[3,-528],[-123,-803],[-386,-401],[-39,-93],[-1047,-329],[-188,-59],[-335,-375],[-250,-1149],[-24,-48],[-83,-505],[446,-855],[152,-292],[1140,-929],[1323,-1488],[344,14],[688,28],[826,208],[430,2721],[346,739],[1608,899],[417,638],[455,347],[391,272],[294,359],[581,465],[39,28],[56,31],[1199,-1625],[-270,-1911],[494,-1068],[558,-710],[604,-1004],[603,-744],[778,-659],[2208,-2049],[1747,-951],[705,-478],[-790,-1994],[-1380,-278],[-492,-1392]],[[86269,47614],[-4121,-144],[-2074,-1084],[-4851,-4903],[-2291,931],[-1610,-450],[-255,211],[-75,-79],[-4169,-412],[-618,107]],[[66205,41791],[-996,2468],[250,5957],[12,124],[150,571],[58,220],[83,70],[133,110],[427,742],[22,86],[403,145],[87,80],[411,524],[821,1756],[26,35],[1568,1863],[440,1020]],[[70100,57562],[667,191],[265,36],[52,28]],[[61324,60885],[2322,-1734],[14,-19],[4956,-467],[1484,-1103]],[[66205,41791],[-44,-113],[-35,-99],[-313,-3903],[-291,-2691],[-1117,-133],[215,-4515],[-1473,246],[-1975,2406],[-3327,-2232],[856,-998],[1050,-506],[-162,-695],[-2275,-5109],[-453,61],[-93,621],[-66,454],[-193,341],[-221,-206],[6,-168],[-120,-1024],[301,-674],[-254,-859]],[[43795,35942],[944,1246],[4222,-290],[-704,4740],[-1580,1739]],[[46677,43377],[-984,3433],[-132,1563],[305,2421],[283,1346],[-480,1731],[-64,64],[-129,166],[-96,56],[-1185,1118],[-3,-1],[-223,457],[-117,28],[-235,96],[-1004,301],[-1243,2556]],[[41370,58712],[1968,-873],[1045,380],[1080,485],[1610,-667],[3996,-1287],[1235,751],[611,1346],[50,110],[191,609],[132,256],[295,669],[104,1413],[75,1122],[-981,14]],[[52781,63040],[922,1214],[170,224],[325,-25],[246,-439],[470,-304],[20,-127],[209,-1331],[51,-21],[522,-263],[443,-462],[47,-59],[426,-696],[1369,-175],[71,-46],[165,-81],[833,819],[513,505],[326,190],[205,-157],[1210,-921]],[[51683,50460],[-235,-303],[-286,-484],[-87,-509],[-86,-515],[-549,33],[-105,136],[-150,99],[-438,717],[-434,416],[-156,64],[-181,82],[-843,-45],[96,-886],[57,-690],[-188,-818],[313,-1614],[1604,-1635],[2858,-816],[316,361],[412,1252],[-122,105],[-119,176],[-67,172],[-245,312],[-28,47],[-37,42],[-73,52],[-25,80],[-29,32],[-174,114],[-25,136],[-151,303],[209,224],[181,109],[192,221],[431,2398],[-1413,665],[-423,-33]],[[53033,69161],[-910,-883],[-140,-84],[-98,15],[-702,106],[-331,-751],[-106,-1411],[63,-282],[70,-125],[1,-10],[143,-1065],[1084,-557],[183,-416],[284,-570],[207,-88]],[[41370,58712],[-4,15],[-957,476],[-1104,299],[69,-1568],[-1373,-1318],[-735,-346],[-2375,2140],[-1,0],[-2106,1057],[-2176,1351]],[[30608,60818],[2848,1133],[869,83],[2901,567],[128,225],[-823,1999],[-127,902],[1135,873],[1574,-814],[1207,50],[-91,2050],[850,1487],[609,1260],[674,271],[29,11],[976,174],[388,423],[22,-8],[125,34],[95,26],[510,354],[1,288],[2,999],[9,83],[-42,320],[172,382],[198,119],[465,-257],[265,153],[493,286],[12,66],[456,-63],[10,-1],[176,-133],[69,-104],[56,-82],[607,-907],[565,-9],[118,-132],[115,-189],[258,-490],[34,-281],[386,-281],[235,-360],[1185,-404],[110,-148],[35,-31],[365,-51],[28,26],[153,-4],[812,-447],[524,337],[352,-152],[302,-1290]],[[53033,69161],[502,-345],[499,-343],[100,835],[98,823],[404,412],[630,316],[270,135],[3,6],[-16,233],[-4,60],[91,67],[983,722],[210,615],[190,433],[-17,220],[2631,3128]],[[59607,76478],[602,-216],[286,-624],[305,-512],[-28,-216],[3,-53],[344,-372],[91,-79],[384,-421],[-127,-388],[-22,-32],[-337,-951],[-115,-239],[179,-559],[213,-310],[532,-875],[111,-1413],[37,-5115],[-66,-330],[-425,58],[-1531,-1123],[-4,-221],[1687,701],[808,-187],[-251,-565],[-480,-478],[-112,-111],[-367,-962]],[[59607,76478],[2479,4650],[-481,549]],[[36849,43774],[1468,-795],[518,-604],[466,180],[1107,862],[383,260],[167,784],[48,117],[-10,20],[-47,661],[91,256],[301,245],[401,509],[270,-519],[310,-247],[155,-1],[288,340],[201,224],[379,38],[454,-877],[490,-810],[626,-341],[864,-406],[850,-313],[48,20]],[[27755,62893],[602,-888],[51,-76],[970,-580],[379,-126],[16,-23],[71,-21],[62,-9],[77,8],[57,5],[49,-37],[519,-328]]],"bbox":[23.225239886196064,60.942349402749166,24.33823539959852,61.36635120713392],"transform":{"scale":[0.000011130066434688908,0.000004240060444451958],"translate":[23.225239886196064,60.942349402749166]}}
