{"type":"Topology","objects":{"neighborhoods":{"type":"GeometryCollection","geometries":[{"type":"MultiPolygon","arcs":[[[0]],[[1]],[[2]],[[3]],[[4]],[[5]],[[6]],[[7]],[[8]],[[9]],[[10]],[[11]],[[12]],[[13]],[[14]],[[15]],[[16]],[[17]],[[18]],[[19]],[[20]],[[21]],[[22]],[[23]],[[24]],[[25]],[[26]],[[27]],[[28]],[[29]],[[30]],[[31,32]]],"properties":{"id":2009,"postinumeroalue":"68555","nimi":"Bosund","namn":"Bosund","euref_x":295109,"euref_y":7084557,"pinta_ala":23395027,"vuosi":2026,"kunta":"440","he_vakiy":1116,"he_naiset":538,"he_miehet":578,"he_kika":33,"he_0_2":71,"he_3_6":88,"he_7_12":129,"he_13_15":68,"he_16_17":52,"he_18_19":44,"he_20_24":73,"he_25_29":64,"he_30_34":60,"he_35_39":51,"he_40_44":55,"he_45_49":94,"he_50_54":52,"he_55_59":43,"he_60_64":25,"he_65_69":34,"he_70_74":47,"he_75_79":33,"he_80_84":21,"he_85_":12,"ko_ika18y":708,"ko_perus":137,"ko_koul":571,"ko_yliop":36,"ko_ammat":364,"ko_al_kork":132,"ko_yl_kork":39,"hr_tuy":708,"hr_ktu":29440,"hr_mtu":26848,"hr_pi_tul":130,"hr_ke_tul":452,"hr_hy_tul":126,"hr_ovy":20843212,"te_taly":327,"te_takk":3.4,"te_as_valj":36.3,"te_yks":59,"te_nuor":11,"te_eil_np":11,"te_laps":148,"te_plap":58,"te_aklap":85,"te_klap":77,"te_teini":73,"te_yhlap":4,"te_aik":85,"te_elak":96,"te_omis_as":292,"te_vuok_as":33,"te_muu_as":2,"tr_kuty":327,"tr_ktu":64723,"tr_mtu":57630,"tr_pi_tul":50,"tr_ke_tul":239,"tr_hy_tul":38,"tr_ovy":21164570,"ra_ke":484,"ra_raky":362,"ra_muut":48,"ra_asrak":314,"ra_asunn":394,"ra_as_kpa":117.4,"ra_pt_as":387,"ra_kt_as":6,"ra_muu_as":1,"tp_tyopy":209,"tp_alku_a":1,"tp_jalo_bf":155,"tp_palv_gu":53,"tp_a_maat":1,"tp_b_kaiv":0,"tp_c_teol":99,"tp_d_ener":0,"tp_e_vesi":0,"tp_f_rake":56,"tp_g_kaup":10,"tp_h_kulj":0,"tp_i_majo":4,"tp_j_info":0,"tp_k_raho":0,"tp_l_kiin":0,"tp_m_erik":2,"tp_n_hall":3,"tp_o_julk":0,"tp_p_koul":19,"tp_q_terv":14,"tp_r_taid":0,"tp_s_muup":1,"tp_t_koti":0,"tp_u_kans":0,"tp_x_tunt":0,"pt_vakiy":1116,"pt_tyoll":496,"pt_tyott":8,"pt_0_14":335,"pt_opisk":100,"pt_elakel":156,"pt_muut":21,"city":"jakobstadsregionen","pno":"68555","unemployment_rate":0.7,"higher_education_rate":24.2,"pensioner_share":14,"ownership_rate":89.3,"rental_rate":10.1,"population_density":48,"child_ratio":14.2,"student_share":9,"detached_house_share":98.2,"youth_ratio_pct":16.2,"gender_ratio":0.93,"single_parent_hh_pct":3.4,"families_with_children_pct":45.3,"tech_sector_pct":0,"healthcare_workers_pct":6.7,"employment_rate":44.4,"elderly_ratio_pct":13.2,"avg_household_size":3.41,"manufacturing_jobs_pct":74.2,"public_sector_jobs_pct":0,"service_sector_jobs_pct":25.4,"new_construction_pct":91.9,"foreign_language_pct":2.4,"crime_index":22.4,"property_price_sqm":null,"transit_stop_density":null,"air_quality_index":21.3,"green_space_pct":18.4,"daycare_density":0,"school_density":0,"healthcare_density":0,"restaurant_density":0,"grocery_density":0,"cycling_density":0.6,"single_person_hh_pct":18,"rental_price_sqm":null,"price_to_rent_ratio":null,"walkability_index":80,"traffic_accident_rate":0.6,"property_price_change_pct":null,"school_quality_score":null,"light_pollution":0.6,"noise_pollution":40,"voter_turnout_pct":77.8,"party_diversity_index":0.617,"broadband_coverage_pct":96,"ev_charging_density":0,"tree_canopy_pct":46.8,"transit_reachability_score":null,"sports_facility_density":0.3,"water_proximity_m":0,"avg_construction_year":1988,"income_history":[[2021,23606],[2022,23366],[2023,23818],[2024,24939],[2025,26573],[2026,26848]],"population_history":[[2021,1045],[2022,1081],[2023,1091],[2024,1106],[2025,1098],[2026,1116]],"unemployment_history":[[2021,0.8],[2022,1],[2023,0.7],[2024,1.1],[2025,1],[2026,0.7]],"income_change_pct":13.7,"population_change_pct":6.8,"unemployment_change_pct":-12.5,"schools":null}},{"type":"MultiPolygon","arcs":[[[33]],[[34]],[[35]],[[36]],[[37]],[[38]],[[39]],[[40]],[[41]],[[42]],[[43]],[[44]],[[45]],[[46]],[[47]],[[48]],[[49]],[[50]],[[51]],[[52]],[[53]],[[54]],[[55]],[[56]],[[57]],[[58]],[[59]],[[60]],[[61]],[[62]],[[63]],[[64]],[[65]],[[66]],[[67]],[[68]],[[69]],[[70]],[[71]],[[72,73]],[[74,75]],[[76,77]],[[78]],[[79]],[[80]],[[-32,81]]],"properties":{"id":2010,"postinumeroalue":"68560","nimi":"Eugmo","namn":"Eugmo","euref_x":290784,"euref_y":7083731,"pinta_ala":46477861,"vuosi":2026,"kunta":"440","he_vakiy":1078,"he_naiset":513,"he_miehet":565,"he_kika":29,"he_0_2":101,"he_3_6":113,"he_7_12":154,"he_13_15":70,"he_16_17":45,"he_18_19":40,"he_20_24":54,"he_25_29":69,"he_30_34":59,"he_35_39":55,"he_40_44":44,"he_45_49":34,"he_50_54":38,"he_55_59":39,"he_60_64":28,"he_65_69":30,"he_70_74":45,"he_75_79":34,"he_80_84":15,"he_85_":11,"ko_ika18y":595,"ko_perus":147,"ko_koul":448,"ko_yliop":15,"ko_ammat":329,"ko_al_kork":87,"ko_yl_kork":17,"hr_tuy":595,"hr_ktu":28896,"hr_mtu":26125,"hr_pi_tul":106,"hr_ke_tul":378,"hr_hy_tul":111,"hr_ovy":17192995,"te_taly":270,"te_takk":4,"te_as_valj":31.2,"te_yks":42,"te_nuor":5,"te_eil_np":6,"te_laps":124,"te_plap":73,"te_aklap":92,"te_klap":75,"te_teini":57,"te_yhlap":3,"te_aik":60,"te_elak":89,"te_omis_as":249,"te_vuok_as":18,"te_muu_as":3,"tr_kuty":270,"tr_ktu":65168,"tr_mtu":58515,"tr_pi_tul":50,"tr_ke_tul":185,"tr_hy_tul":35,"tr_ovy":17595464,"ra_ke":773,"ra_raky":327,"ra_muut":51,"ra_asrak":276,"ra_asunn":327,"ra_as_kpa":115,"ra_pt_as":298,"ra_kt_as":20,"ra_muu_as":9,"tp_tyopy":112,"tp_alku_a":15,"tp_jalo_bf":44,"tp_palv_gu":53,"tp_a_maat":15,"tp_b_kaiv":0,"tp_c_teol":9,"tp_d_ener":0,"tp_e_vesi":0,"tp_f_rake":35,"tp_g_kaup":16,"tp_h_kulj":7,"tp_i_majo":1,"tp_j_info":1,"tp_k_raho":0,"tp_l_kiin":0,"tp_m_erik":1,"tp_n_hall":4,"tp_o_julk":0,"tp_p_koul":22,"tp_q_terv":0,"tp_r_taid":0,"tp_s_muup":1,"tp_t_koti":0,"tp_u_kans":0,"tp_x_tunt":0,"pt_vakiy":1078,"pt_tyoll":380,"pt_tyott":13,"pt_0_14":415,"pt_opisk":83,"pt_elakel":141,"pt_muut":46,"city":"jakobstadsregionen","pno":"68560","unemployment_rate":1.2,"higher_education_rate":17.5,"pensioner_share":13.1,"ownership_rate":92.2,"rental_rate":6.7,"population_density":23,"child_ratio":19.9,"student_share":7.7,"detached_house_share":91.1,"youth_ratio_pct":15.1,"gender_ratio":0.91,"single_parent_hh_pct":2.2,"families_with_children_pct":45.9,"tech_sector_pct":0.9,"healthcare_workers_pct":0,"employment_rate":35.3,"elderly_ratio_pct":12.5,"avg_household_size":3.99,"manufacturing_jobs_pct":39.3,"public_sector_jobs_pct":0,"service_sector_jobs_pct":47.3,"new_construction_pct":100,"foreign_language_pct":1.1,"crime_index":19.6,"property_price_sqm":null,"transit_stop_density":null,"air_quality_index":21.3,"green_space_pct":9.9,"daycare_density":0,"school_density":0,"healthcare_density":0,"restaurant_density":0,"grocery_density":0,"cycling_density":0.2,"single_person_hh_pct":15.6,"rental_price_sqm":null,"price_to_rent_ratio":null,"walkability_index":78,"traffic_accident_rate":2.5,"property_price_change_pct":null,"school_quality_score":null,"light_pollution":0.43,"noise_pollution":40,"voter_turnout_pct":77.8,"party_diversity_index":0.617,"broadband_coverage_pct":96,"ev_charging_density":0,"tree_canopy_pct":57.4,"transit_reachability_score":null,"sports_facility_density":0.2,"water_proximity_m":0,"avg_construction_year":1988,"income_history":[[2021,23448],[2022,23827],[2023,23256],[2024,24573],[2025,25735],[2026,26125]],"population_history":[[2021,996],[2022,1014],[2023,1023],[2024,1045],[2025,1064],[2026,1078]],"unemployment_history":[[2021,0.7],[2022,0.6],[2023,0.6],[2024,0.6],[2025,0.8],[2026,1.2]],"income_change_pct":11.4,"population_change_pct":8.2,"unemployment_change_pct":71.4,"schools":null}},{"type":"MultiPolygon","arcs":[[[82]],[[83]],[[84]],[[85]],[[86]],[[87]],[[88]],[[89]],[[90]],[[91]],[[92]],[[93]],[[94]],[[95]],[[96]],[[97]],[[98]],[[99]],[[100]],[[101]],[[102]],[[103]],[[104]],[[105,106]],[[107]],[[108]],[[109]],[[110,-77]],[[111,-75]],[[112]],[[113,114,115,-73]]],"properties":{"id":2011,"postinumeroalue":"68570","nimi":"Luoto","namn":"Larsmo","euref_x":290634,"euref_y":7077108,"pinta_ala":57618384,"vuosi":2026,"kunta":"440","he_vakiy":2625,"he_naiset":1286,"he_miehet":1339,"he_kika":35,"he_0_2":142,"he_3_6":202,"he_7_12":286,"he_13_15":149,"he_16_17":83,"he_18_19":62,"he_20_24":159,"he_25_29":159,"he_30_34":198,"he_35_39":154,"he_40_44":154,"he_45_49":107,"he_50_54":116,"he_55_59":132,"he_60_64":131,"he_65_69":95,"he_70_74":82,"he_75_79":87,"he_80_84":52,"he_85_":75,"ko_ika18y":1763,"ko_perus":324,"ko_koul":1439,"ko_yliop":53,"ko_ammat":868,"ko_al_kork":367,"ko_yl_kork":151,"hr_tuy":1763,"hr_ktu":30711,"hr_mtu":28112,"hr_pi_tul":215,"hr_ke_tul":1205,"hr_hy_tul":343,"hr_ovy":54142672,"te_taly":913,"te_takk":2.9,"te_as_valj":37.6,"te_yks":220,"te_nuor":52,"te_eil_np":40,"te_laps":360,"te_plap":131,"te_aklap":219,"te_klap":187,"te_teini":156,"te_yhlap":21,"te_aik":286,"te_elak":270,"te_omis_as":740,"te_vuok_as":161,"te_muu_as":12,"tr_kuty":913,"tr_ktu":59804,"tr_mtu":56324,"tr_pi_tul":119,"tr_ke_tul":665,"tr_hy_tul":129,"tr_ovy":54601377,"ra_ke":809,"ra_raky":854,"ra_muut":93,"ra_asrak":761,"ra_asunn":1001,"ra_as_kpa":105.8,"ra_pt_as":899,"ra_kt_as":85,"ra_muu_as":17,"tp_tyopy":602,"tp_alku_a":13,"tp_jalo_bf":131,"tp_palv_gu":458,"tp_a_maat":13,"tp_b_kaiv":0,"tp_c_teol":85,"tp_d_ener":1,"tp_e_vesi":5,"tp_f_rake":40,"tp_g_kaup":34,"tp_h_kulj":8,"tp_i_majo":26,"tp_j_info":0,"tp_k_raho":6,"tp_l_kiin":2,"tp_m_erik":36,"tp_n_hall":19,"tp_o_julk":24,"tp_p_koul":99,"tp_q_terv":166,"tp_r_taid":6,"tp_s_muup":32,"tp_t_koti":0,"tp_u_kans":0,"tp_x_tunt":0,"pt_vakiy":2625,"pt_tyoll":1212,"pt_tyott":32,"pt_0_14":732,"pt_opisk":170,"pt_elakel":425,"pt_muut":54,"city":"jakobstadsregionen","pno":"68570","unemployment_rate":1.2,"higher_education_rate":29.4,"pensioner_share":16.2,"ownership_rate":81.1,"rental_rate":17.6,"population_density":46,"child_ratio":13.1,"student_share":6.5,"detached_house_share":89.8,"youth_ratio_pct":14.5,"gender_ratio":0.96,"single_parent_hh_pct":4.4,"families_with_children_pct":39.4,"tech_sector_pct":0,"healthcare_workers_pct":27.6,"employment_rate":46.2,"elderly_ratio_pct":14.9,"avg_household_size":2.88,"manufacturing_jobs_pct":21.8,"public_sector_jobs_pct":4,"service_sector_jobs_pct":76.1,"new_construction_pct":85.3,"foreign_language_pct":3.6,"crime_index":23.5,"property_price_sqm":null,"transit_stop_density":null,"air_quality_index":21.3,"green_space_pct":12.2,"daycare_density":0,"school_density":0.1,"healthcare_density":0,"restaurant_density":0.1,"grocery_density":0,"cycling_density":0.7,"single_person_hh_pct":24.1,"rental_price_sqm":null,"price_to_rent_ratio":null,"walkability_index":83,"traffic_accident_rate":1.4,"property_price_change_pct":null,"school_quality_score":null,"light_pollution":1.07,"noise_pollution":40,"voter_turnout_pct":77.8,"party_diversity_index":0.617,"broadband_coverage_pct":96,"ev_charging_density":0,"tree_canopy_pct":17.4,"transit_reachability_score":null,"sports_facility_density":0.3,"water_proximity_m":0,"avg_construction_year":1988,"income_history":[[2021,23031],[2022,23841],[2023,24477],[2024,25947],[2025,27147],[2026,28112]],"population_history":[[2021,2447],[2022,2483],[2023,2505],[2024,2562],[2025,2631],[2026,2625]],"unemployment_history":[[2021,1.4],[2022,0.9],[2023,1],[2024,0.6],[2025,1.4],[2026,1.2]],"income_change_pct":22.1,"population_change_pct":7.3,"unemployment_change_pct":-14.3,"schools":null}},{"type":"MultiPolygon","arcs":[[[116,117,118,119,120]]],"properties":{"id":1978,"postinumeroalue":"66910","nimi":"Soklot","namn":"Soklot","euref_x":279078,"euref_y":7058070,"pinta_ala":35014939,"vuosi":2026,"kunta":"893","he_vakiy":519,"he_naiset":249,"he_miehet":270,"he_kika":37,"he_0_2":17,"he_3_6":29,"he_7_12":64,"he_13_15":28,"he_16_17":25,"he_18_19":18,"he_20_24":10,"he_25_29":15,"he_30_34":35,"he_35_39":48,"he_40_44":34,"he_45_49":41,"he_50_54":26,"he_55_59":22,"he_60_64":22,"he_65_69":29,"he_70_74":23,"he_75_79":16,"he_80_84":11,"he_85_":6,"ko_ika18y":356,"ko_perus":69,"ko_koul":287,"ko_yliop":11,"ko_ammat":173,"ko_al_kork":80,"ko_yl_kork":23,"hr_tuy":356,"hr_ktu":32318,"hr_mtu":29339,"hr_pi_tul":54,"hr_ke_tul":217,"hr_hy_tul":85,"hr_ovy":11505140,"te_taly":182,"te_takk":2.9,"te_as_valj":44.8,"te_yks":40,"te_nuor":10,"te_eil_np":6,"te_laps":72,"te_plap":13,"te_aklap":29,"te_klap":46,"te_teini":38,"te_yhlap":4,"te_aik":56,"te_elak":56,"te_omis_as":165,"te_vuok_as":14,"te_muu_as":3,"tr_kuty":182,"tr_ktu":64115,"tr_mtu":58745,"tr_pi_tul":21,"tr_ke_tul":124,"tr_hy_tul":37,"tr_ovy":11668842,"ra_ke":298,"ra_raky":275,"ra_muut":88,"ra_asrak":187,"ra_asunn":203,"ra_as_kpa":123.8,"ra_pt_as":201,"ra_kt_as":0,"ra_muu_as":2,"tp_tyopy":77,"tp_alku_a":35,"tp_jalo_bf":8,"tp_palv_gu":34,"tp_a_maat":35,"tp_b_kaiv":0,"tp_c_teol":5,"tp_d_ener":0,"tp_e_vesi":0,"tp_f_rake":3,"tp_g_kaup":2,"tp_h_kulj":5,"tp_i_majo":0,"tp_j_info":1,"tp_k_raho":0,"tp_l_kiin":0,"tp_m_erik":3,"tp_n_hall":0,"tp_o_julk":0,"tp_p_koul":13,"tp_q_terv":10,"tp_r_taid":0,"tp_s_muup":0,"tp_t_koti":0,"tp_u_kans":0,"tp_x_tunt":0,"pt_vakiy":519,"pt_tyoll":235,"pt_tyott":11,"pt_0_14":129,"pt_opisk":40,"pt_elakel":89,"pt_muut":15,"city":"jakobstadsregionen","pno":"66910","unemployment_rate":2.1,"higher_education_rate":28.9,"pensioner_share":17.1,"ownership_rate":90.7,"rental_rate":7.7,"population_density":15,"child_ratio":8.9,"student_share":7.7,"detached_house_share":99,"youth_ratio_pct":8.3,"gender_ratio":0.92,"single_parent_hh_pct":3.3,"families_with_children_pct":39.6,"tech_sector_pct":1.3,"healthcare_workers_pct":13,"employment_rate":45.3,"elderly_ratio_pct":16.4,"avg_household_size":2.85,"manufacturing_jobs_pct":10.4,"public_sector_jobs_pct":0,"service_sector_jobs_pct":44.2,"new_construction_pct":135.5,"foreign_language_pct":2.7,"crime_index":58.2,"property_price_sqm":null,"transit_stop_density":null,"air_quality_index":21.7,"green_space_pct":56.3,"daycare_density":0,"school_density":0,"healthcare_density":0,"restaurant_density":0,"grocery_density":0,"cycling_density":0,"single_person_hh_pct":22,"rental_price_sqm":null,"price_to_rent_ratio":null,"walkability_index":76,"traffic_accident_rate":1.9,"property_price_change_pct":null,"school_quality_score":null,"light_pollution":0.46,"noise_pollution":40,"voter_turnout_pct":61.9,"party_diversity_index":0.582,"broadband_coverage_pct":97,"ev_charging_density":0,"tree_canopy_pct":21.8,"transit_reachability_score":null,"sports_facility_density":0.1,"water_proximity_m":0,"avg_construction_year":1977,"income_history":[[2021,25380],[2022,24959],[2023,25929],[2024,25941],[2025,27108],[2026,29339]],"population_history":[[2021,476],[2022,481],[2023,494],[2024,512],[2025,525],[2026,519]],"unemployment_history":[[2021,1.3],[2022,1.9],[2023,1],[2024,1.8],[2025,1.9],[2026,2.1]],"income_change_pct":15.6,"population_change_pct":9,"unemployment_change_pct":61.5,"schools":null}},{"type":"MultiPolygon","arcs":[[[-118,121,122,123,124]]],"properties":{"id":1979,"postinumeroalue":"66930","nimi":"Kovjoki","namn":"Kovjoki","euref_x":286904,"euref_y":7052622,"pinta_ala":44793745,"vuosi":2026,"kunta":"893","he_vakiy":226,"he_naiset":109,"he_miehet":117,"he_kika":44,"he_0_2":4,"he_3_6":14,"he_7_12":16,"he_13_15":8,"he_16_17":10,"he_18_19":4,"he_20_24":6,"he_25_29":6,"he_30_34":19,"he_35_39":16,"he_40_44":12,"he_45_49":8,"he_50_54":19,"he_55_59":11,"he_60_64":17,"he_65_69":11,"he_70_74":15,"he_75_79":11,"he_80_84":11,"he_85_":8,"ko_ika18y":174,"ko_perus":57,"ko_koul":117,"ko_yliop":3,"ko_ammat":80,"ko_al_kork":25,"ko_yl_kork":9,"hr_tuy":174,"hr_ktu":31662,"hr_mtu":27832,"hr_pi_tul":30,"hr_ke_tul":117,"hr_hy_tul":27,"hr_ovy":5509258,"te_taly":96,"te_takk":2.4,"te_as_valj":49.1,"te_yks":27,"te_nuor":7,"te_eil_np":3,"te_laps":27,"te_plap":4,"te_aklap":14,"te_klap":11,"te_teini":14,"te_yhlap":3,"te_aik":36,"te_elak":35,"te_omis_as":89,"te_vuok_as":7,"te_muu_as":0,"tr_kuty":96,"tr_ktu":57831,"tr_mtu":51849,"tr_pi_tul":11,"tr_ke_tul":67,"tr_hy_tul":18,"tr_ovy":5551754,"ra_ke":13,"ra_raky":166,"ra_muut":66,"ra_asrak":100,"ra_asunn":107,"ra_as_kpa":113,"ra_pt_as":107,"ra_kt_as":0,"ra_muu_as":0,"tp_tyopy":60,"tp_alku_a":16,"tp_jalo_bf":33,"tp_palv_gu":11,"tp_a_maat":16,"tp_b_kaiv":0,"tp_c_teol":23,"tp_d_ener":0,"tp_e_vesi":0,"tp_f_rake":10,"tp_g_kaup":1,"tp_h_kulj":4,"tp_i_majo":0,"tp_j_info":0,"tp_k_raho":0,"tp_l_kiin":0,"tp_m_erik":0,"tp_n_hall":0,"tp_o_julk":0,"tp_p_koul":0,"tp_q_terv":6,"tp_r_taid":0,"tp_s_muup":0,"tp_t_koti":0,"tp_u_kans":0,"tp_x_tunt":0,"pt_vakiy":226,"pt_tyoll":106,"pt_tyott":3,"pt_0_14":38,"pt_opisk":20,"pt_elakel":57,"pt_muut":2,"city":"jakobstadsregionen","pno":"66930","unemployment_rate":1.3,"higher_education_rate":19.5,"pensioner_share":25.2,"ownership_rate":92.7,"rental_rate":7.3,"population_density":5,"child_ratio":8,"student_share":8.8,"detached_house_share":100,"youth_ratio_pct":7.1,"gender_ratio":0.93,"single_parent_hh_pct":3.1,"families_with_children_pct":28.1,"tech_sector_pct":0,"healthcare_workers_pct":10,"employment_rate":46.9,"elderly_ratio_pct":24.8,"avg_household_size":2.35,"manufacturing_jobs_pct":55,"public_sector_jobs_pct":0,"service_sector_jobs_pct":18.3,"new_construction_pct":155.1,"foreign_language_pct":0.8,"crime_index":42.1,"property_price_sqm":null,"transit_stop_density":null,"air_quality_index":22.1,"green_space_pct":78.9,"daycare_density":0,"school_density":0,"healthcare_density":0,"restaurant_density":0,"grocery_density":0,"cycling_density":0.1,"single_person_hh_pct":28.1,"rental_price_sqm":null,"price_to_rent_ratio":null,"walkability_index":78,"traffic_accident_rate":19.2,"property_price_change_pct":null,"school_quality_score":null,"light_pollution":0.25,"noise_pollution":40,"voter_turnout_pct":61.9,"party_diversity_index":0.582,"broadband_coverage_pct":97,"ev_charging_density":0,"tree_canopy_pct":29.4,"transit_reachability_score":null,"sports_facility_density":0.1,"water_proximity_m":0,"avg_construction_year":1977,"income_history":[[2021,23201],[2022,22813],[2023,23734],[2024,27109],[2025,26982],[2026,27832]],"population_history":[[2021,242],[2022,242],[2023,235],[2024,233],[2025,227],[2026,226]],"unemployment_history":[[2021,1.7],[2022,2.9],[2023,0.9],[2024,1.7],[2025,1.3],[2026,1.3]],"income_change_pct":20,"population_change_pct":-6.6,"unemployment_change_pct":-23.5,"schools":null}},{"type":"MultiPolygon","arcs":[[[125]],[[126]],[[127]],[[128]],[[129]],[[130]],[[131,132]],[[133]],[[134,135,136,137,138,139,140]]],"properties":{"id":1980,"postinumeroalue":"66950","nimi":"Munsala","namn":"Munsala","euref_x":272314,"euref_y":7039474,"pinta_ala":128813419,"vuosi":2026,"kunta":"893","he_vakiy":928,"he_naiset":438,"he_miehet":490,"he_kika":44,"he_0_2":35,"he_3_6":39,"he_7_12":71,"he_13_15":37,"he_16_17":25,"he_18_19":23,"he_20_24":37,"he_25_29":41,"he_30_34":50,"he_35_39":54,"he_40_44":57,"he_45_49":65,"he_50_54":47,"he_55_59":48,"he_60_64":45,"he_65_69":54,"he_70_74":74,"he_75_79":60,"he_80_84":36,"he_85_":30,"ko_ika18y":721,"ko_perus":198,"ko_koul":523,"ko_yliop":21,"ko_ammat":345,"ko_al_kork":120,"ko_yl_kork":37,"hr_tuy":721,"hr_ktu":29090,"hr_mtu":25954,"hr_pi_tul":154,"hr_ke_tul":441,"hr_hy_tul":126,"hr_ovy":20973857,"te_taly":382,"te_takk":2.4,"te_as_valj":49.8,"te_yks":104,"te_nuor":22,"te_eil_np":14,"te_laps":100,"te_plap":32,"te_aklap":52,"te_klap":53,"te_teini":49,"te_yhlap":8,"te_aik":126,"te_elak":159,"te_omis_as":330,"te_vuok_as":41,"te_muu_as":11,"tr_kuty":382,"tr_ktu":55034,"tr_mtu":48344,"tr_pi_tul":68,"tr_ke_tul":252,"tr_hy_tul":62,"tr_ovy":21022934,"ra_ke":564,"ra_raky":584,"ra_muut":176,"ra_asrak":408,"ra_asunn":472,"ra_as_kpa":114.9,"ra_pt_as":438,"ra_kt_as":16,"ra_muu_as":18,"tp_tyopy":235,"tp_alku_a":72,"tp_jalo_bf":22,"tp_palv_gu":141,"tp_a_maat":72,"tp_b_kaiv":0,"tp_c_teol":13,"tp_d_ener":0,"tp_e_vesi":3,"tp_f_rake":6,"tp_g_kaup":36,"tp_h_kulj":20,"tp_i_majo":0,"tp_j_info":0,"tp_k_raho":1,"tp_l_kiin":6,"tp_m_erik":0,"tp_n_hall":0,"tp_o_julk":0,"tp_p_koul":23,"tp_q_terv":47,"tp_r_taid":1,"tp_s_muup":4,"tp_t_koti":3,"tp_u_kans":0,"tp_x_tunt":0,"pt_vakiy":928,"pt_tyoll":409,"pt_tyott":11,"pt_0_14":168,"pt_opisk":54,"pt_elakel":265,"pt_muut":21,"city":"jakobstadsregionen","pno":"66950","unemployment_rate":1.2,"higher_education_rate":21.8,"pensioner_share":28.6,"ownership_rate":86.4,"rental_rate":10.7,"population_density":7,"child_ratio":8,"student_share":5.8,"detached_house_share":92.8,"youth_ratio_pct":10.9,"gender_ratio":0.89,"single_parent_hh_pct":3.7,"families_with_children_pct":26.2,"tech_sector_pct":0,"healthcare_workers_pct":20,"employment_rate":44.1,"elderly_ratio_pct":27.4,"avg_household_size":2.43,"manufacturing_jobs_pct":9.4,"public_sector_jobs_pct":0,"service_sector_jobs_pct":60,"new_construction_pct":123.7,"foreign_language_pct":6,"crime_index":47.1,"property_price_sqm":null,"transit_stop_density":null,"air_quality_index":21.4,"green_space_pct":68.9,"daycare_density":0,"school_density":0,"healthcare_density":0,"restaurant_density":0,"grocery_density":0,"cycling_density":0,"single_person_hh_pct":27.2,"rental_price_sqm":null,"price_to_rent_ratio":null,"walkability_index":76,"traffic_accident_rate":9.3,"property_price_change_pct":null,"school_quality_score":null,"light_pollution":0.19,"noise_pollution":40,"voter_turnout_pct":61.9,"party_diversity_index":0.582,"broadband_coverage_pct":97,"ev_charging_density":0,"tree_canopy_pct":50.3,"transit_reachability_score":null,"sports_facility_density":0,"water_proximity_m":0,"avg_construction_year":1976,"income_history":[[2021,21394],[2022,22063],[2023,23036],[2024,23784],[2025,24862],[2026,25954]],"population_history":[[2021,931],[2022,923],[2023,925],[2024,939],[2025,938],[2026,928]],"unemployment_history":[[2021,0.8],[2022,1.2],[2023,1],[2024,1.2],[2025,1],[2026,1.2]],"income_change_pct":21.3,"population_change_pct":-0.3,"unemployment_change_pct":50,"schools":null}},{"type":"MultiPolygon","arcs":[[[141]],[[142]],[[143]],[[144]],[[145]],[[146]],[[147]],[[148]],[[149]],[[150]],[[151]],[[152]],[[153]],[[154]],[[155]],[[156]],[[157]],[[158]],[[159]],[[160]],[[161]],[[162]],[[163]],[[164]],[[165]],[[166]],[[167]],[[-140,168,169]]],"properties":{"id":1981,"postinumeroalue":"66970","nimi":"Hirvlax","namn":"Hirvlax","euref_x":266370,"euref_y":7043048,"pinta_ala":78950913,"vuosi":2026,"kunta":"893","he_vakiy":404,"he_naiset":190,"he_miehet":214,"he_kika":50,"he_0_2":8,"he_3_6":6,"he_7_12":22,"he_13_15":19,"he_16_17":9,"he_18_19":9,"he_20_24":15,"he_25_29":14,"he_30_34":14,"he_35_39":22,"he_40_44":21,"he_45_49":24,"he_50_54":24,"he_55_59":27,"he_60_64":32,"he_65_69":30,"he_70_74":36,"he_75_79":46,"he_80_84":18,"he_85_":8,"ko_ika18y":340,"ko_perus":89,"ko_koul":251,"ko_yliop":9,"ko_ammat":152,"ko_al_kork":73,"ko_yl_kork":17,"hr_tuy":340,"hr_ktu":30652,"hr_mtu":25864,"hr_pi_tul":66,"hr_ke_tul":218,"hr_hy_tul":56,"hr_ovy":10421662,"te_taly":192,"te_takk":2.1,"te_as_valj":55,"te_yks":61,"te_nuor":7,"te_eil_np":4,"te_laps":35,"te_plap":7,"te_aklap":9,"te_klap":18,"te_teini":21,"te_yhlap":6,"te_aik":66,"te_elak":91,"te_omis_as":177,"te_vuok_as":13,"te_muu_as":2,"tr_kuty":192,"tr_ktu":54441,"tr_mtu":43324,"tr_pi_tul":38,"tr_ke_tul":126,"tr_hy_tul":28,"tr_ovy":10452699,"ra_ke":493,"ra_raky":329,"ra_muut":80,"ra_asrak":249,"ra_asunn":276,"ra_as_kpa":105.2,"ra_pt_as":269,"ra_kt_as":0,"ra_muu_as":7,"tp_tyopy":62,"tp_alku_a":25,"tp_jalo_bf":19,"tp_palv_gu":18,"tp_a_maat":25,"tp_b_kaiv":0,"tp_c_teol":10,"tp_d_ener":0,"tp_e_vesi":0,"tp_f_rake":9,"tp_g_kaup":2,"tp_h_kulj":8,"tp_i_majo":0,"tp_j_info":0,"tp_k_raho":0,"tp_l_kiin":0,"tp_m_erik":2,"tp_n_hall":0,"tp_o_julk":0,"tp_p_koul":1,"tp_q_terv":3,"tp_r_taid":0,"tp_s_muup":2,"tp_t_koti":0,"tp_u_kans":0,"tp_x_tunt":0,"pt_vakiy":404,"pt_tyoll":176,"pt_tyott":9,"pt_0_14":50,"pt_opisk":22,"pt_elakel":141,"pt_muut":6,"city":"jakobstadsregionen","pno":"66970","unemployment_rate":2.2,"higher_education_rate":26.5,"pensioner_share":34.9,"ownership_rate":92.2,"rental_rate":6.8,"population_density":5,"child_ratio":3.5,"student_share":5.4,"detached_house_share":97.5,"youth_ratio_pct":9.4,"gender_ratio":0.89,"single_parent_hh_pct":2.1,"families_with_children_pct":18.2,"tech_sector_pct":0,"healthcare_workers_pct":4.8,"employment_rate":43.6,"elderly_ratio_pct":34.2,"avg_household_size":2.1,"manufacturing_jobs_pct":30.6,"public_sector_jobs_pct":0,"service_sector_jobs_pct":29,"new_construction_pct":119.2,"foreign_language_pct":5.7,"crime_index":44.7,"property_price_sqm":null,"transit_stop_density":null,"air_quality_index":21.2,"green_space_pct":72.9,"daycare_density":0,"school_density":0,"healthcare_density":0,"restaurant_density":0,"grocery_density":0,"cycling_density":0,"single_person_hh_pct":31.8,"rental_price_sqm":null,"price_to_rent_ratio":null,"walkability_index":76,"traffic_accident_rate":1.7,"property_price_change_pct":null,"school_quality_score":null,"light_pollution":0.14,"noise_pollution":40,"voter_turnout_pct":61.9,"party_diversity_index":0.582,"broadband_coverage_pct":97,"ev_charging_density":0,"tree_canopy_pct":45.6,"transit_reachability_score":null,"sports_facility_density":0.1,"water_proximity_m":0,"avg_construction_year":1976,"income_history":[[2021,20598],[2022,20775],[2023,21311],[2024,23818],[2025,24965],[2026,25864]],"population_history":[[2021,450],[2022,439],[2023,427],[2024,399],[2025,396],[2026,404]],"unemployment_history":[[2021,2],[2022,1.8],[2023,2.3],[2024,1.8],[2025,2.5],[2026,2.2]],"income_change_pct":25.6,"population_change_pct":-10.2,"unemployment_change_pct":10,"schools":null}},{"type":"MultiPolygon","arcs":[[[-137,170,171]]],"properties":{"id":1975,"postinumeroalue":"66840","nimi":"Pensala","namn":"Pensala","euref_x":277827,"euref_y":7031714,"pinta_ala":47608103,"vuosi":2026,"kunta":"893","he_vakiy":330,"he_naiset":160,"he_miehet":170,"he_kika":42,"he_0_2":17,"he_3_6":21,"he_7_12":24,"he_13_15":8,"he_16_17":8,"he_18_19":5,"he_20_24":12,"he_25_29":12,"he_30_34":31,"he_35_39":27,"he_40_44":15,"he_45_49":12,"he_50_54":13,"he_55_59":20,"he_60_64":24,"he_65_69":23,"he_70_74":26,"he_75_79":13,"he_80_84":8,"he_85_":11,"ko_ika18y":252,"ko_perus":46,"ko_koul":206,"ko_yliop":4,"ko_ammat":142,"ko_al_kork":41,"ko_yl_kork":19,"hr_tuy":252,"hr_ktu":30653,"hr_mtu":27377,"hr_pi_tul":46,"hr_ke_tul":152,"hr_hy_tul":54,"hr_ovy":7724454,"te_taly":141,"te_takk":2.3,"te_as_valj":50.5,"te_yks":45,"te_nuor":12,"te_eil_np":2,"te_laps":41,"te_plap":16,"te_aklap":26,"te_klap":16,"te_teini":15,"te_yhlap":4,"te_aik":44,"te_elak":57,"te_omis_as":125,"te_vuok_as":13,"te_muu_as":3,"tr_kuty":141,"tr_ktu":54939,"tr_mtu":48678,"tr_pi_tul":27,"tr_ke_tul":83,"tr_hy_tul":31,"tr_ovy":7746334,"ra_ke":10,"ra_raky":208,"ra_muut":53,"ra_asrak":155,"ra_asunn":181,"ra_as_kpa":111.3,"ra_pt_as":177,"ra_kt_as":0,"ra_muu_as":4,"tp_tyopy":73,"tp_alku_a":54,"tp_jalo_bf":12,"tp_palv_gu":7,"tp_a_maat":54,"tp_b_kaiv":0,"tp_c_teol":6,"tp_d_ener":0,"tp_e_vesi":0,"tp_f_rake":6,"tp_g_kaup":6,"tp_h_kulj":1,"tp_i_majo":0,"tp_j_info":0,"tp_k_raho":0,"tp_l_kiin":0,"tp_m_erik":0,"tp_n_hall":0,"tp_o_julk":0,"tp_p_koul":0,"tp_q_terv":0,"tp_r_taid":0,"tp_s_muup":0,"tp_t_koti":0,"tp_u_kans":0,"tp_x_tunt":0,"pt_vakiy":330,"pt_tyoll":152,"pt_tyott":8,"pt_0_14":67,"pt_opisk":16,"pt_elakel":80,"pt_muut":7,"city":"jakobstadsregionen","pno":"66840","unemployment_rate":2.4,"higher_education_rate":23.8,"pensioner_share":24.2,"ownership_rate":88.7,"rental_rate":9.2,"population_density":7,"child_ratio":11.5,"student_share":4.8,"detached_house_share":97.8,"youth_ratio_pct":8.8,"gender_ratio":0.94,"single_parent_hh_pct":1.4,"families_with_children_pct":29.1,"tech_sector_pct":0,"healthcare_workers_pct":0,"employment_rate":46.1,"elderly_ratio_pct":24.5,"avg_household_size":2.34,"manufacturing_jobs_pct":16.4,"public_sector_jobs_pct":0,"service_sector_jobs_pct":9.6,"new_construction_pct":114.9,"foreign_language_pct":3,"crime_index":50.3,"property_price_sqm":null,"transit_stop_density":null,"air_quality_index":22.2,"green_space_pct":56.9,"daycare_density":0,"school_density":0,"healthcare_density":0,"restaurant_density":0,"grocery_density":0,"cycling_density":0,"single_person_hh_pct":31.9,"rental_price_sqm":null,"price_to_rent_ratio":null,"walkability_index":76,"traffic_accident_rate":2,"property_price_change_pct":null,"school_quality_score":null,"light_pollution":0.18,"noise_pollution":40,"voter_turnout_pct":61.9,"party_diversity_index":0.582,"broadband_coverage_pct":97,"ev_charging_density":0,"tree_canopy_pct":46.6,"transit_reachability_score":null,"sports_facility_density":0.1,"water_proximity_m":0,"avg_construction_year":1976,"income_history":[[2021,20985],[2022,22279],[2023,22901],[2024,24993],[2025,26847],[2026,27377]],"population_history":[[2021,334],[2022,333],[2023,340],[2024,331],[2025,331],[2026,330]],"unemployment_history":[[2021,2.4],[2022,2.1],[2023,2.6],[2024,2.4],[2025,3.3],[2026,2.4]],"income_change_pct":30.5,"population_change_pct":-1.2,"unemployment_change_pct":0,"schools":null}},{"type":"MultiPolygon","arcs":[[[-171,-136,172,173,174]]],"properties":{"id":1976,"postinumeroalue":"66850","nimi":"Jepua","namn":"Jeppo","euref_x":284864,"euref_y":7037308,"pinta_ala":155670365,"vuosi":2026,"kunta":"893","he_vakiy":890,"he_naiset":407,"he_miehet":483,"he_kika":44,"he_0_2":21,"he_3_6":38,"he_7_12":76,"he_13_15":40,"he_16_17":19,"he_18_19":15,"he_20_24":18,"he_25_29":45,"he_30_34":58,"he_35_39":75,"he_40_44":60,"he_45_49":42,"he_50_54":41,"he_55_59":50,"he_60_64":59,"he_65_69":55,"he_70_74":65,"he_75_79":54,"he_80_84":29,"he_85_":30,"ko_ika18y":696,"ko_perus":213,"ko_koul":483,"ko_yliop":24,"ko_ammat":299,"ko_al_kork":128,"ko_yl_kork":32,"hr_tuy":696,"hr_ktu":33448,"hr_mtu":24976,"hr_pi_tul":145,"hr_ke_tul":449,"hr_hy_tul":102,"hr_ovy":23280095,"te_taly":375,"te_takk":2.4,"te_as_valj":43.4,"te_yks":116,"te_nuor":27,"te_eil_np":10,"te_laps":94,"te_plap":20,"te_aklap":45,"te_klap":51,"te_teini":42,"te_yhlap":4,"te_aik":132,"te_elak":151,"te_omis_as":297,"te_vuok_as":71,"te_muu_as":7,"tr_kuty":375,"tr_ktu":63079,"tr_mtu":46706,"tr_pi_tul":72,"tr_ke_tul":242,"tr_hy_tul":61,"tr_ovy":23654647,"ra_ke":42,"ra_raky":585,"ra_muut":204,"ra_asrak":381,"ra_asunn":498,"ra_as_kpa":97.8,"ra_pt_as":464,"ra_kt_as":19,"ra_muu_as":15,"tp_tyopy":821,"tp_alku_a":101,"tp_jalo_bf":649,"tp_palv_gu":71,"tp_a_maat":101,"tp_b_kaiv":0,"tp_c_teol":607,"tp_d_ener":4,"tp_e_vesi":5,"tp_f_rake":33,"tp_g_kaup":17,"tp_h_kulj":6,"tp_i_majo":0,"tp_j_info":0,"tp_k_raho":2,"tp_l_kiin":0,"tp_m_erik":2,"tp_n_hall":3,"tp_o_julk":0,"tp_p_koul":15,"tp_q_terv":19,"tp_r_taid":2,"tp_s_muup":5,"tp_t_koti":0,"tp_u_kans":0,"tp_x_tunt":0,"pt_vakiy":890,"pt_tyoll":373,"pt_tyott":25,"pt_0_14":162,"pt_opisk":53,"pt_elakel":239,"pt_muut":38,"city":"jakobstadsregionen","pno":"66850","unemployment_rate":2.8,"higher_education_rate":23,"pensioner_share":26.9,"ownership_rate":79.2,"rental_rate":18.9,"population_density":6,"child_ratio":6.6,"student_share":6,"detached_house_share":93.2,"youth_ratio_pct":8.8,"gender_ratio":0.84,"single_parent_hh_pct":2.7,"families_with_children_pct":25.1,"tech_sector_pct":0,"healthcare_workers_pct":2.3,"employment_rate":41.9,"elderly_ratio_pct":26.2,"avg_household_size":2.37,"manufacturing_jobs_pct":79,"public_sector_jobs_pct":0,"service_sector_jobs_pct":8.6,"new_construction_pct":117.5,"foreign_language_pct":11,"crime_index":53,"property_price_sqm":null,"transit_stop_density":null,"air_quality_index":22.8,"green_space_pct":68.9,"daycare_density":0,"school_density":0,"healthcare_density":0,"restaurant_density":0,"grocery_density":0,"cycling_density":0.1,"single_person_hh_pct":30.9,"rental_price_sqm":null,"price_to_rent_ratio":null,"walkability_index":78,"traffic_accident_rate":2.2,"property_price_change_pct":null,"school_quality_score":null,"light_pollution":0.28,"noise_pollution":40,"voter_turnout_pct":61.9,"party_diversity_index":0.582,"broadband_coverage_pct":97,"ev_charging_density":0,"tree_canopy_pct":41.1,"transit_reachability_score":null,"sports_facility_density":0,"water_proximity_m":0,"avg_construction_year":1976,"income_history":[[2021,21258],[2022,21513],[2023,22076],[2024,23309],[2025,24400],[2026,24976]],"population_history":[[2021,937],[2022,912],[2023,931],[2024,888],[2025,894],[2026,890]],"unemployment_history":[[2021,1.8],[2022,1.9],[2023,1.6],[2024,1.8],[2025,2.6],[2026,2.8]],"income_change_pct":17.5,"population_change_pct":-5,"unemployment_change_pct":55.6,"schools":null}},{"type":"MultiPolygon","arcs":[[[175]],[[176]],[[177]],[[178]],[[179]],[[180]],[[181]],[[182]],[[183]],[[184]],[[185]],[[186]],[[-133,187]],[[188]],[[189]],[[190]],[[191]],[[192]],[[-119,-125,193,194,195,196,-173,-135,197]]],"properties":{"id":1977,"postinumeroalue":"66900","nimi":"Uusikaarlepyy Keskus","namn":"Nykarleby centrum","euref_x":286188,"euref_y":7046922,"pinta_ala":231358565,"vuosi":2026,"kunta":"893","he_vakiy":4052,"he_naiset":2018,"he_miehet":2034,"he_kika":45,"he_0_2":112,"he_3_6":160,"he_7_12":296,"he_13_15":146,"he_16_17":127,"he_18_19":81,"he_20_24":153,"he_25_29":186,"he_30_34":242,"he_35_39":258,"he_40_44":259,"he_45_49":218,"he_50_54":274,"he_55_59":234,"he_60_64":233,"he_65_69":237,"he_70_74":240,"he_75_79":251,"he_80_84":173,"he_85_":172,"ko_ika18y":3211,"ko_perus":829,"ko_koul":2382,"ko_yliop":126,"ko_ammat":1222,"ko_al_kork":720,"ko_yl_kork":314,"hr_tuy":3211,"hr_ktu":27903,"hr_mtu":25824,"hr_pi_tul":626,"hr_ke_tul":2079,"hr_hy_tul":506,"hr_ovy":89597933,"te_taly":1842,"te_takk":2.2,"te_as_valj":44.3,"te_yks":703,"te_nuor":129,"te_eil_np":60,"te_laps":450,"te_plap":100,"te_aklap":192,"te_klap":224,"te_teini":210,"te_yhlap":65,"te_aik":690,"te_elak":714,"te_omis_as":1339,"te_vuok_as":489,"te_muu_as":14,"tr_kuty":1842,"tr_ktu":48255,"tr_mtu":41118,"tr_pi_tul":438,"tr_ke_tul":1163,"tr_hy_tul":241,"tr_ovy":88885617,"ra_ke":623,"ra_raky":1748,"ra_muut":492,"ra_asrak":1256,"ra_asunn":2105,"ra_as_kpa":92.5,"ra_pt_as":1408,"ra_kt_as":659,"ra_muu_as":38,"tp_tyopy":1759,"tp_alku_a":106,"tp_jalo_bf":528,"tp_palv_gu":1125,"tp_a_maat":106,"tp_b_kaiv":0,"tp_c_teol":419,"tp_d_ener":7,"tp_e_vesi":14,"tp_f_rake":88,"tp_g_kaup":156,"tp_h_kulj":64,"tp_i_majo":40,"tp_j_info":3,"tp_k_raho":16,"tp_l_kiin":10,"tp_m_erik":74,"tp_n_hall":102,"tp_o_julk":37,"tp_p_koul":196,"tp_q_terv":369,"tp_r_taid":16,"tp_s_muup":41,"tp_t_koti":1,"tp_u_kans":0,"tp_x_tunt":0,"pt_vakiy":4052,"pt_tyoll":1739,"pt_tyott":96,"pt_0_14":665,"pt_opisk":269,"pt_elakel":1124,"pt_muut":159,"city":"jakobstadsregionen","pno":"66900","unemployment_rate":2.4,"higher_education_rate":32.2,"pensioner_share":27.7,"ownership_rate":72.7,"rental_rate":26.5,"population_density":18,"child_ratio":6.7,"student_share":6.6,"detached_house_share":66.9,"youth_ratio_pct":10.4,"gender_ratio":0.99,"single_parent_hh_pct":3.3,"families_with_children_pct":24.4,"tech_sector_pct":0.2,"healthcare_workers_pct":21,"employment_rate":42.9,"elderly_ratio_pct":26.5,"avg_household_size":2.2,"manufacturing_jobs_pct":30,"public_sector_jobs_pct":2.1,"service_sector_jobs_pct":64,"new_construction_pct":83,"foreign_language_pct":9.2,"crime_index":68,"property_price_sqm":1351,"transit_stop_density":null,"air_quality_index":21.7,"green_space_pct":75.7,"daycare_density":0,"school_density":0,"healthcare_density":0,"restaurant_density":0,"grocery_density":0,"cycling_density":0.3,"single_person_hh_pct":38.2,"rental_price_sqm":null,"price_to_rent_ratio":null,"walkability_index":79,"traffic_accident_rate":2.4,"property_price_change_pct":18.8,"school_quality_score":58.3,"light_pollution":0.44,"noise_pollution":40,"voter_turnout_pct":61.9,"party_diversity_index":0.582,"broadband_coverage_pct":97,"ev_charging_density":0,"tree_canopy_pct":46.2,"transit_reachability_score":null,"sports_facility_density":0.1,"water_proximity_m":0,"avg_construction_year":1974,"income_history":[[2021,21834],[2022,21884],[2023,22814],[2024,23273],[2025,24752],[2026,25824]],"population_history":[[2021,4029],[2022,4084],[2023,4076],[2024,4053],[2025,4105],[2026,4052]],"unemployment_history":[[2021,1.8],[2022,1.7],[2023,1.7],[2024,2.8],[2025,2.2],[2026,2.4]],"income_change_pct":18.3,"population_change_pct":0.6,"unemployment_change_pct":33.3,"schools":[{"name":"Topeliusgymnasiet i Nykarleby","score":58.3}]}},{"type":"MultiPolygon","arcs":[[[198,-169,-139]]],"properties":{"id":1982,"postinumeroalue":"66980","nimi":"Monå","namn":"Monå","euref_x":269064,"euref_y":7035567,"pinta_ala":20439015,"vuosi":2026,"kunta":"893","he_vakiy":125,"he_naiset":65,"he_miehet":60,"he_kika":47,"he_0_2":2,"he_3_6":6,"he_7_12":9,"he_13_15":5,"he_16_17":4,"he_18_19":2,"he_20_24":2,"he_25_29":4,"he_30_34":8,"he_35_39":10,"he_40_44":10,"he_45_49":2,"he_50_54":9,"he_55_59":7,"he_60_64":6,"he_65_69":6,"he_70_74":10,"he_75_79":12,"he_80_84":8,"he_85_":3,"ko_ika18y":99,"ko_perus":30,"ko_koul":69,"ko_yliop":1,"ko_ammat":50,"ko_al_kork":17,"ko_yl_kork":1,"hr_tuy":99,"hr_ktu":31199,"hr_mtu":24398,"hr_pi_tul":20,"hr_ke_tul":60,"hr_hy_tul":19,"hr_ovy":3088688,"te_taly":56,"te_takk":2.2,"te_as_valj":51.8,"te_yks":18,"te_nuor":4,"te_eil_np":1,"te_laps":11,"te_plap":2,"te_aklap":5,"te_klap":5,"te_teini":6,"te_yhlap":0,"te_aik":19,"te_elak":26,"te_omis_as":54,"te_vuok_as":1,"te_muu_as":1,"tr_kuty":56,"tr_ktu":55697,"tr_mtu":43828,"tr_pi_tul":11,"tr_ke_tul":36,"tr_hy_tul":9,"tr_ovy":3119022,"ra_ke":130,"ra_raky":80,"ra_muut":12,"ra_asrak":68,"ra_asunn":66,"ra_as_kpa":111.3,"ra_pt_as":66,"ra_kt_as":0,"ra_muu_as":0,"tp_tyopy":8,"tp_alku_a":-1,"tp_jalo_bf":-1,"tp_palv_gu":-1,"tp_a_maat":-1,"tp_b_kaiv":-1,"tp_c_teol":-1,"tp_d_ener":-1,"tp_e_vesi":-1,"tp_f_rake":-1,"tp_g_kaup":-1,"tp_h_kulj":-1,"tp_i_majo":-1,"tp_j_info":-1,"tp_k_raho":-1,"tp_l_kiin":-1,"tp_m_erik":-1,"tp_n_hall":-1,"tp_o_julk":-1,"tp_p_koul":-1,"tp_q_terv":-1,"tp_r_taid":-1,"tp_s_muup":-1,"tp_t_koti":-1,"tp_u_kans":-1,"tp_x_tunt":-1,"pt_vakiy":125,"pt_tyoll":55,"pt_tyott":2,"pt_0_14":21,"pt_opisk":6,"pt_elakel":39,"pt_muut":2,"city":"jakobstadsregionen","pno":"66980","unemployment_rate":1.6,"higher_education_rate":18.2,"pensioner_share":31.2,"ownership_rate":96.4,"rental_rate":1.8,"population_density":6,"child_ratio":6.4,"student_share":4.8,"detached_house_share":100,"youth_ratio_pct":6.4,"gender_ratio":1.08,"single_parent_hh_pct":1.8,"families_with_children_pct":19.6,"tech_sector_pct":null,"healthcare_workers_pct":null,"employment_rate":44,"elderly_ratio_pct":31.2,"avg_household_size":2.23,"manufacturing_jobs_pct":null,"public_sector_jobs_pct":null,"service_sector_jobs_pct":null,"new_construction_pct":121.2,"foreign_language_pct":4,"crime_index":43.3,"property_price_sqm":null,"transit_stop_density":null,"air_quality_index":21.4,"green_space_pct":65.9,"daycare_density":0,"school_density":0,"healthcare_density":0,"restaurant_density":0,"grocery_density":0,"cycling_density":0,"single_person_hh_pct":32.1,"rental_price_sqm":null,"price_to_rent_ratio":null,"walkability_index":76,"traffic_accident_rate":13.3,"property_price_change_pct":null,"school_quality_score":null,"light_pollution":0.26,"noise_pollution":40,"voter_turnout_pct":61.9,"party_diversity_index":0.582,"broadband_coverage_pct":97,"ev_charging_density":0,"tree_canopy_pct":60,"transit_reachability_score":null,"sports_facility_density":0,"water_proximity_m":0,"avg_construction_year":1976,"income_history":[[2021,21883],[2022,22148],[2023,23111],[2024,23708],[2025,24610],[2026,24398]],"population_history":[[2021,123],[2022,124],[2023,124],[2024,124],[2025,125],[2026,125]],"unemployment_history":[[2021,4.1],[2022,4],[2023,2.4],[2024,1.6],[2025,4],[2026,1.6]],"income_change_pct":11.5,"population_change_pct":1.6,"unemployment_change_pct":-61,"schools":null}},{"type":"MultiPolygon","arcs":[[[199,200,201,202]]],"properties":{"id":2024,"postinumeroalue":"68840","nimi":"Nederlappfors","namn":"Nederlappfors","euref_x":314572,"euref_y":7047855,"pinta_ala":97254229,"vuosi":2026,"kunta":"599","he_vakiy":292,"he_naiset":140,"he_miehet":152,"he_kika":46,"he_0_2":3,"he_3_6":14,"he_7_12":20,"he_13_15":13,"he_16_17":3,"he_18_19":3,"he_20_24":16,"he_25_29":20,"he_30_34":9,"he_35_39":12,"he_40_44":17,"he_45_49":21,"he_50_54":19,"he_55_59":20,"he_60_64":22,"he_65_69":17,"he_70_74":22,"he_75_79":25,"he_80_84":8,"he_85_":8,"ko_ika18y":239,"ko_perus":68,"ko_koul":171,"ko_yliop":5,"ko_ammat":110,"ko_al_kork":42,"ko_yl_kork":14,"hr_tuy":239,"hr_ktu":28401,"hr_mtu":25151,"hr_pi_tul":49,"hr_ke_tul":150,"hr_hy_tul":40,"hr_ovy":6787877,"te_taly":130,"te_takk":2.2,"te_as_valj":47.4,"te_yks":38,"te_nuor":7,"te_eil_np":7,"te_laps":27,"te_plap":3,"te_aklap":13,"te_klap":16,"te_teini":14,"te_yhlap":2,"te_aik":51,"te_elak":54,"te_omis_as":115,"te_vuok_as":11,"te_muu_as":4,"tr_kuty":130,"tr_ktu":52272,"tr_mtu":43989,"tr_pi_tul":21,"tr_ke_tul":88,"tr_hy_tul":21,"tr_ovy":6795311,"ra_ke":101,"ra_raky":191,"ra_muut":38,"ra_asrak":153,"ra_asunn":162,"ra_as_kpa":102.7,"ra_pt_as":158,"ra_kt_as":0,"ra_muu_as":4,"tp_tyopy":38,"tp_alku_a":22,"tp_jalo_bf":7,"tp_palv_gu":9,"tp_a_maat":22,"tp_b_kaiv":0,"tp_c_teol":5,"tp_d_ener":0,"tp_e_vesi":0,"tp_f_rake":2,"tp_g_kaup":3,"tp_h_kulj":1,"tp_i_majo":0,"tp_j_info":1,"tp_k_raho":0,"tp_l_kiin":0,"tp_m_erik":0,"tp_n_hall":0,"tp_o_julk":0,"tp_p_koul":3,"tp_q_terv":0,"tp_r_taid":1,"tp_s_muup":0,"tp_t_koti":0,"tp_u_kans":0,"tp_x_tunt":0,"pt_vakiy":292,"pt_tyoll":130,"pt_tyott":9,"pt_0_14":45,"pt_opisk":14,"pt_elakel":92,"pt_muut":2,"city":"jakobstadsregionen","pno":"68840","unemployment_rate":3.1,"higher_education_rate":23.4,"pensioner_share":31.5,"ownership_rate":88.5,"rental_rate":8.5,"population_density":3,"child_ratio":5.8,"student_share":4.8,"detached_house_share":97.5,"youth_ratio_pct":13.4,"gender_ratio":0.92,"single_parent_hh_pct":5.4,"families_with_children_pct":20.8,"tech_sector_pct":2.6,"healthcare_workers_pct":0,"employment_rate":44.5,"elderly_ratio_pct":27.4,"avg_household_size":2.25,"manufacturing_jobs_pct":18.4,"public_sector_jobs_pct":0,"service_sector_jobs_pct":23.7,"new_construction_pct":117.9,"foreign_language_pct":0.6,"crime_index":28.9,"property_price_sqm":null,"transit_stop_density":null,"air_quality_index":23,"green_space_pct":1.4,"daycare_density":0,"school_density":0,"healthcare_density":0,"restaurant_density":0,"grocery_density":0,"cycling_density":0,"single_person_hh_pct":29.2,"rental_price_sqm":null,"price_to_rent_ratio":null,"walkability_index":76,"traffic_accident_rate":3.4,"property_price_change_pct":null,"school_quality_score":null,"light_pollution":0.1,"noise_pollution":40,"voter_turnout_pct":71.7,"party_diversity_index":0.576,"broadband_coverage_pct":null,"ev_charging_density":0,"tree_canopy_pct":52.2,"transit_reachability_score":null,"sports_facility_density":0.1,"water_proximity_m":0,"avg_construction_year":1984,"income_history":[[2021,19856],[2022,21203],[2023,21673],[2024,22531],[2025,24506],[2026,25151]],"population_history":[[2021,314],[2022,316],[2023,312],[2024,304],[2025,302],[2026,292]],"unemployment_history":[[2021,1.3],[2022,0.3],[2023,1],[2024,1.6],[2025,3.6],[2026,3.1]],"income_change_pct":26.7,"population_change_pct":-7,"unemployment_change_pct":138.5,"schools":null}},{"type":"MultiPolygon","arcs":[[[203,204,205]]],"properties":{"id":2005,"postinumeroalue":"68410","nimi":"Alaveteli","namn":"Nedervetil","euref_x":325652,"euref_y":7068253,"pinta_ala":214156718,"vuosi":2026,"kunta":"288","he_vakiy":1575,"he_naiset":755,"he_miehet":820,"he_kika":44,"he_0_2":47,"he_3_6":63,"he_7_12":123,"he_13_15":76,"he_16_17":45,"he_18_19":34,"he_20_24":65,"he_25_29":59,"he_30_34":82,"he_35_39":88,"he_40_44":109,"he_45_49":116,"he_50_54":87,"he_55_59":97,"he_60_64":111,"he_65_69":101,"he_70_74":84,"he_75_79":87,"he_80_84":68,"he_85_":33,"ko_ika18y":1221,"ko_perus":288,"ko_koul":933,"ko_yliop":52,"ko_ammat":526,"ko_al_kork":257,"ko_yl_kork":98,"hr_tuy":1221,"hr_ktu":29642,"hr_mtu":27328,"hr_pi_tul":221,"hr_ke_tul":760,"hr_hy_tul":240,"hr_ovy":36192804,"te_taly":644,"te_takk":2.4,"te_as_valj":48.3,"te_yks":169,"te_nuor":30,"te_eil_np":18,"te_laps":184,"te_plap":42,"te_aklap":76,"te_klap":92,"te_teini":89,"te_yhlap":14,"te_aik":214,"te_elak":250,"te_omis_as":560,"te_vuok_as":75,"te_muu_as":9,"tr_kuty":644,"tr_ktu":56749,"tr_mtu":53607,"tr_pi_tul":108,"tr_ke_tul":422,"tr_hy_tul":114,"tr_ovy":36546109,"ra_ke":203,"ra_raky":762,"ra_muut":79,"ra_asrak":683,"ra_asunn":762,"ra_as_kpa":113,"ra_pt_as":739,"ra_kt_as":18,"ra_muu_as":5,"tp_tyopy":334,"tp_alku_a":67,"tp_jalo_bf":141,"tp_palv_gu":126,"tp_a_maat":67,"tp_b_kaiv":0,"tp_c_teol":97,"tp_d_ener":0,"tp_e_vesi":1,"tp_f_rake":43,"tp_g_kaup":25,"tp_h_kulj":7,"tp_i_majo":6,"tp_j_info":4,"tp_k_raho":3,"tp_l_kiin":0,"tp_m_erik":11,"tp_n_hall":8,"tp_o_julk":0,"tp_p_koul":23,"tp_q_terv":36,"tp_r_taid":0,"tp_s_muup":3,"tp_t_koti":0,"tp_u_kans":0,"tp_x_tunt":0,"pt_vakiy":1575,"pt_tyoll":732,"pt_tyott":31,"pt_0_14":281,"pt_opisk":104,"pt_elakel":395,"pt_muut":32,"city":"jakobstadsregionen","pno":"68410","unemployment_rate":2,"higher_education_rate":29.1,"pensioner_share":25.1,"ownership_rate":87,"rental_rate":11.6,"population_density":7,"child_ratio":7,"student_share":6.6,"detached_house_share":97,"youth_ratio_pct":10,"gender_ratio":0.92,"single_parent_hh_pct":2.8,"families_with_children_pct":28.6,"tech_sector_pct":1.2,"healthcare_workers_pct":10.8,"employment_rate":46.5,"elderly_ratio_pct":23.7,"avg_household_size":2.45,"manufacturing_jobs_pct":42.2,"public_sector_jobs_pct":0,"service_sector_jobs_pct":37.7,"new_construction_pct":100,"foreign_language_pct":2.3,"crime_index":44.3,"property_price_sqm":null,"transit_stop_density":null,"air_quality_index":23.4,"green_space_pct":1,"daycare_density":0,"school_density":0,"healthcare_density":0,"restaurant_density":0,"grocery_density":0,"cycling_density":0.1,"single_person_hh_pct":26.2,"rental_price_sqm":null,"price_to_rent_ratio":null,"walkability_index":78,"traffic_accident_rate":2.5,"property_price_change_pct":null,"school_quality_score":null,"light_pollution":0.26,"noise_pollution":40,"voter_turnout_pct":61.8,"party_diversity_index":0.674,"broadband_coverage_pct":34,"ev_charging_density":0,"tree_canopy_pct":55.4,"transit_reachability_score":null,"sports_facility_density":0.1,"water_proximity_m":0,"avg_construction_year":1977,"income_history":[[2021,22439],[2022,22805],[2023,23187],[2024,24068],[2025,25844],[2026,27328]],"population_history":[[2021,1600],[2022,1589],[2023,1606],[2024,1604],[2025,1591],[2026,1575]],"unemployment_history":[[2021,1.8],[2022,2.1],[2023,1.9],[2024,2.6],[2025,1.9],[2026,2]],"income_change_pct":21.8,"population_change_pct":-1.6,"unemployment_change_pct":11.1,"schools":null}},{"type":"MultiPolygon","arcs":[[[206]],[[207]],[[208]],[[209]],[[210]],[[211]],[[212]],[[213]],[[214]],[[215]],[[216]],[[217]],[[218]],[[219]],[[220]],[[221]],[[222]],[[223]],[[224]],[[225]],[[226]],[[227]],[[228]],[[-205,229,230,231,232,233,234]]],"properties":{"id":2006,"postinumeroalue":"68500","nimi":"Kruunupyy Keskus","namn":"Kronoby centrum","euref_x":306738,"euref_y":7068040,"pinta_ala":271699520,"vuosi":2026,"kunta":"288","he_vakiy":2782,"he_naiset":1386,"he_miehet":1396,"he_kika":45,"he_0_2":100,"he_3_6":108,"he_7_12":187,"he_13_15":113,"he_16_17":90,"he_18_19":60,"he_20_24":114,"he_25_29":137,"he_30_34":148,"he_35_39":173,"he_40_44":173,"he_45_49":170,"he_50_54":151,"he_55_59":174,"he_60_64":149,"he_65_69":151,"he_70_74":186,"he_75_79":170,"he_80_84":101,"he_85_":127,"ko_ika18y":2184,"ko_perus":572,"ko_koul":1612,"ko_yliop":85,"ko_ammat":879,"ko_al_kork":467,"ko_yl_kork":181,"hr_tuy":2184,"hr_ktu":27824,"hr_mtu":25482,"hr_pi_tul":373,"hr_ke_tul":1487,"hr_hy_tul":324,"hr_ovy":60767875,"te_taly":1153,"te_takk":2.4,"te_as_valj":45.4,"te_yks":332,"te_nuor":63,"te_eil_np":35,"te_laps":306,"te_plap":91,"te_aklap":145,"te_klap":134,"te_teini":147,"te_yhlap":30,"te_aik":393,"te_elak":462,"te_omis_as":950,"te_vuok_as":182,"te_muu_as":21,"tr_kuty":1153,"tr_ktu":52409,"tr_mtu":47535,"tr_pi_tul":207,"tr_ke_tul":789,"tr_hy_tul":157,"tr_ovy":60427558,"ra_ke":551,"ra_raky":1266,"ra_muut":208,"ra_asrak":1058,"ra_asunn":1372,"ra_as_kpa":104.2,"ra_pt_as":1202,"ra_kt_as":131,"ra_muu_as":39,"tp_tyopy":949,"tp_alku_a":83,"tp_jalo_bf":265,"tp_palv_gu":601,"tp_a_maat":83,"tp_b_kaiv":0,"tp_c_teol":185,"tp_d_ener":8,"tp_e_vesi":0,"tp_f_rake":72,"tp_g_kaup":42,"tp_h_kulj":73,"tp_i_majo":23,"tp_j_info":11,"tp_k_raho":7,"tp_l_kiin":3,"tp_m_erik":24,"tp_n_hall":19,"tp_o_julk":37,"tp_p_koul":115,"tp_q_terv":224,"tp_r_taid":9,"tp_s_muup":14,"tp_t_koti":0,"tp_u_kans":0,"tp_x_tunt":0,"pt_vakiy":2782,"pt_tyoll":1208,"pt_tyott":86,"pt_0_14":474,"pt_opisk":191,"pt_elakel":758,"pt_muut":65,"city":"jakobstadsregionen","pno":"68500","unemployment_rate":3.1,"higher_education_rate":29.7,"pensioner_share":27.2,"ownership_rate":82.4,"rental_rate":15.8,"population_density":10,"child_ratio":7.5,"student_share":6.9,"detached_house_share":87.6,"youth_ratio_pct":11.2,"gender_ratio":0.99,"single_parent_hh_pct":3,"families_with_children_pct":26.5,"tech_sector_pct":1.2,"healthcare_workers_pct":23.6,"employment_rate":43.4,"elderly_ratio_pct":26.4,"avg_household_size":2.41,"manufacturing_jobs_pct":27.9,"public_sector_jobs_pct":3.9,"service_sector_jobs_pct":63.3,"new_construction_pct":92.3,"foreign_language_pct":4.4,"crime_index":52.5,"property_price_sqm":null,"transit_stop_density":null,"air_quality_index":21.6,"green_space_pct":23,"daycare_density":0,"school_density":0,"healthcare_density":0,"restaurant_density":0,"grocery_density":0,"cycling_density":0.1,"single_person_hh_pct":28.8,"rental_price_sqm":null,"price_to_rent_ratio":null,"walkability_index":78,"traffic_accident_rate":4.9,"property_price_change_pct":null,"school_quality_score":60.6,"light_pollution":0.66,"noise_pollution":40,"voter_turnout_pct":61.8,"party_diversity_index":0.674,"broadband_coverage_pct":34,"ev_charging_density":0,"tree_canopy_pct":31.4,"transit_reachability_score":null,"sports_facility_density":0.1,"water_proximity_m":0,"avg_construction_year":1977,"income_history":[[2021,21814],[2022,21845],[2023,22304],[2024,23213],[2025,24254],[2026,25482]],"population_history":[[2021,2800],[2022,2808],[2023,2815],[2024,2789],[2025,2774],[2026,2782]],"unemployment_history":[[2021,2.5],[2022,1.6],[2023,2],[2024,1.6],[2025,2.8],[2026,3.1]],"income_change_pct":16.8,"population_change_pct":-0.6,"unemployment_change_pct":24,"schools":[{"name":"Kronoby gymnasium","score":60.6}]}},{"type":"MultiPolygon","arcs":[[[235]],[[236]],[[237]],[[238]],[[239]],[[240]],[[241]],[[242]],[[243]],[[244]],[[245]],[[246]],[[247]],[[248]],[[249]],[[250]],[[251,252]],[[253]],[[254]],[[255]],[[256]],[[257]],[[258]],[[259]],[[260]],[[261]],[[262]],[[-107,263]],[[-234,264,265,266]]],"properties":{"id":2007,"postinumeroalue":"68530","nimi":"Lepplax","namn":"Lepplax","euref_x":297469,"euref_y":7067158,"pinta_ala":31577208,"vuosi":2026,"kunta":"599","he_vakiy":774,"he_naiset":374,"he_miehet":400,"he_kika":29,"he_0_2":55,"he_3_6":60,"he_7_12":105,"he_13_15":60,"he_16_17":30,"he_18_19":31,"he_20_24":74,"he_25_29":46,"he_30_34":46,"he_35_39":41,"he_40_44":56,"he_45_49":26,"he_50_54":18,"he_55_59":23,"he_60_64":22,"he_65_69":21,"he_70_74":20,"he_75_79":25,"he_80_84":10,"he_85_":5,"ko_ika18y":464,"ko_perus":95,"ko_koul":369,"ko_yliop":9,"ko_ammat":266,"ko_al_kork":79,"ko_yl_kork":15,"hr_tuy":464,"hr_ktu":31261,"hr_mtu":27640,"hr_pi_tul":84,"hr_ke_tul":287,"hr_hy_tul":93,"hr_ovy":14505213,"te_taly":209,"te_takk":3.7,"te_as_valj":34.6,"te_yks":21,"te_nuor":3,"te_eil_np":18,"te_laps":111,"te_plap":47,"te_aklap":67,"te_klap":63,"te_teini":49,"te_yhlap":6,"te_aik":49,"te_elak":51,"te_omis_as":194,"te_vuok_as":13,"te_muu_as":2,"tr_kuty":209,"tr_ktu":70786,"tr_mtu":62407,"tr_pi_tul":23,"tr_ke_tul":149,"tr_hy_tul":37,"tr_ovy":14794348,"ra_ke":315,"ra_raky":257,"ra_muut":53,"ra_asrak":204,"ra_asunn":228,"ra_as_kpa":126.1,"ra_pt_as":226,"ra_kt_as":0,"ra_muu_as":2,"tp_tyopy":276,"tp_alku_a":9,"tp_jalo_bf":219,"tp_palv_gu":48,"tp_a_maat":9,"tp_b_kaiv":0,"tp_c_teol":35,"tp_d_ener":0,"tp_e_vesi":0,"tp_f_rake":184,"tp_g_kaup":4,"tp_h_kulj":8,"tp_i_majo":6,"tp_j_info":0,"tp_k_raho":0,"tp_l_kiin":0,"tp_m_erik":0,"tp_n_hall":0,"tp_o_julk":0,"tp_p_koul":14,"tp_q_terv":10,"tp_r_taid":0,"tp_s_muup":6,"tp_t_koti":0,"tp_u_kans":0,"tp_x_tunt":0,"pt_vakiy":774,"pt_tyoll":335,"pt_tyott":15,"pt_0_14":257,"pt_opisk":66,"pt_elakel":82,"pt_muut":19,"city":"jakobstadsregionen","pno":"68530","unemployment_rate":1.9,"higher_education_rate":20.3,"pensioner_share":10.6,"ownership_rate":92.8,"rental_rate":6.2,"population_density":25,"child_ratio":14.9,"student_share":8.5,"detached_house_share":99.1,"youth_ratio_pct":19.5,"gender_ratio":0.94,"single_parent_hh_pct":8.6,"families_with_children_pct":53.1,"tech_sector_pct":0,"healthcare_workers_pct":3.6,"employment_rate":43.3,"elderly_ratio_pct":10.5,"avg_household_size":3.7,"manufacturing_jobs_pct":79.3,"public_sector_jobs_pct":0,"service_sector_jobs_pct":17.4,"new_construction_pct":112.7,"foreign_language_pct":1.6,"crime_index":43.8,"property_price_sqm":null,"transit_stop_density":null,"air_quality_index":22.1,"green_space_pct":17.4,"daycare_density":0,"school_density":0,"healthcare_density":0,"restaurant_density":0,"grocery_density":0,"cycling_density":0.1,"single_person_hh_pct":10,"rental_price_sqm":null,"price_to_rent_ratio":null,"walkability_index":78,"traffic_accident_rate":0.9,"property_price_change_pct":null,"school_quality_score":null,"light_pollution":1.21,"noise_pollution":40,"voter_turnout_pct":71.7,"party_diversity_index":0.576,"broadband_coverage_pct":null,"ev_charging_density":0,"tree_canopy_pct":36,"transit_reachability_score":null,"sports_facility_density":0.1,"water_proximity_m":0,"avg_construction_year":1984,"income_history":[[2021,23767],[2022,23565],[2023,25018],[2024,26327],[2025,26966],[2026,27640]],"population_history":[[2021,661],[2022,667],[2023,686],[2024,711],[2025,736],[2026,774]],"unemployment_history":[[2021,1.7],[2022,1.5],[2023,1.2],[2024,0.8],[2025,1.2],[2026,1.9]],"income_change_pct":16.3,"population_change_pct":17.1,"unemployment_change_pct":11.8,"schools":null}},{"type":"MultiPolygon","arcs":[[[267,268,269,-115,270]]],"properties":{"id":2012,"postinumeroalue":"68580","nimi":"Furuholmen","namn":"Furuholmen","euref_x":290174,"euref_y":7071358,"pinta_ala":3052346,"vuosi":2026,"kunta":"440","he_vakiy":985,"he_naiset":491,"he_miehet":494,"he_kika":37,"he_0_2":65,"he_3_6":71,"he_7_12":86,"he_13_15":35,"he_16_17":26,"he_18_19":20,"he_20_24":49,"he_25_29":61,"he_30_34":88,"he_35_39":69,"he_40_44":46,"he_45_49":44,"he_50_54":40,"he_55_59":57,"he_60_64":71,"he_65_69":48,"he_70_74":40,"he_75_79":49,"he_80_84":12,"he_85_":8,"ko_ika18y":702,"ko_perus":108,"ko_koul":594,"ko_yliop":26,"ko_ammat":326,"ko_al_kork":176,"ko_yl_kork":66,"hr_tuy":702,"hr_ktu":31147,"hr_mtu":28805,"hr_pi_tul":83,"hr_ke_tul":464,"hr_hy_tul":155,"hr_ovy":21864879,"te_taly":359,"te_takk":2.7,"te_as_valj":40.4,"te_yks":66,"te_nuor":8,"te_eil_np":26,"te_laps":128,"te_plap":56,"te_aklap":79,"te_klap":62,"te_teini":48,"te_yhlap":8,"te_aik":131,"te_elak":102,"te_omis_as":320,"te_vuok_as":34,"te_muu_as":5,"tr_kuty":359,"tr_ktu":61302,"tr_mtu":57678,"tr_pi_tul":33,"tr_ke_tul":254,"tr_hy_tul":72,"tr_ovy":22007491,"ra_ke":145,"ra_raky":340,"ra_muut":16,"ra_asrak":324,"ra_asunn":390,"ra_as_kpa":108.8,"ra_pt_as":390,"ra_kt_as":0,"ra_muu_as":0,"tp_tyopy":196,"tp_alku_a":0,"tp_jalo_bf":124,"tp_palv_gu":72,"tp_a_maat":0,"tp_b_kaiv":0,"tp_c_teol":116,"tp_d_ener":0,"tp_e_vesi":0,"tp_f_rake":8,"tp_g_kaup":12,"tp_h_kulj":2,"tp_i_majo":0,"tp_j_info":0,"tp_k_raho":1,"tp_l_kiin":0,"tp_m_erik":2,"tp_n_hall":3,"tp_o_julk":0,"tp_p_koul":25,"tp_q_terv":26,"tp_r_taid":1,"tp_s_muup":0,"tp_t_koti":0,"tp_u_kans":0,"tp_x_tunt":0,"pt_vakiy":985,"pt_tyoll":485,"pt_tyott":15,"pt_0_14":246,"pt_opisk":48,"pt_elakel":170,"pt_muut":21,"city":"jakobstadsregionen","pno":"68580","unemployment_rate":1.5,"higher_education_rate":34.5,"pensioner_share":17.3,"ownership_rate":89.1,"rental_rate":9.5,"population_density":323,"child_ratio":13.8,"student_share":4.9,"detached_house_share":100,"youth_ratio_pct":13.2,"gender_ratio":0.99,"single_parent_hh_pct":7.2,"families_with_children_pct":35.7,"tech_sector_pct":0,"healthcare_workers_pct":13.3,"employment_rate":49.2,"elderly_ratio_pct":15.9,"avg_household_size":2.74,"manufacturing_jobs_pct":63.3,"public_sector_jobs_pct":0,"service_sector_jobs_pct":36.7,"new_construction_pct":87.2,"foreign_language_pct":3.5,"crime_index":30.7,"property_price_sqm":null,"transit_stop_density":null,"air_quality_index":21.5,"green_space_pct":10.3,"daycare_density":0,"school_density":0,"healthcare_density":0,"restaurant_density":0,"grocery_density":0,"cycling_density":7.9,"single_person_hh_pct":18.4,"rental_price_sqm":null,"price_to_rent_ratio":null,"walkability_index":83,"traffic_accident_rate":1,"property_price_change_pct":null,"school_quality_score":null,"light_pollution":4.79,"noise_pollution":40,"voter_turnout_pct":77.8,"party_diversity_index":0.617,"broadband_coverage_pct":96,"ev_charging_density":0,"tree_canopy_pct":40,"transit_reachability_score":null,"sports_facility_density":1.3,"water_proximity_m":0,"avg_construction_year":1988,"income_history":[[2021,24341],[2022,24705],[2023,25704],[2024,26783],[2025,28199],[2026,28805]],"population_history":[[2021,871],[2022,889],[2023,927],[2024,952],[2025,982],[2026,985]],"unemployment_history":[[2021,1.6],[2022,1],[2023,1],[2024,1.2],[2025,2.3],[2026,1.5]],"income_change_pct":18.3,"population_change_pct":13.1,"unemployment_change_pct":-6.3,"schools":null}},{"type":"MultiPolygon","arcs":[[[271]],[[272]],[[273]],[[-252,274]],[[-269,275,276,277,278,279,280,281,282,283]]],"properties":{"id":2013,"postinumeroalue":"68600","nimi":"Pietarsaari Keskus","namn":"Jakobstad centrum","euref_x":288197,"euref_y":7067709,"pinta_ala":42990225,"vuosi":2026,"kunta":"598","he_vakiy":11589,"he_naiset":5877,"he_miehet":5712,"he_kika":45,"he_0_2":320,"he_3_6":426,"he_7_12":693,"he_13_15":423,"he_16_17":303,"he_18_19":294,"he_20_24":542,"he_25_29":712,"he_30_34":709,"he_35_39":727,"he_40_44":700,"he_45_49":660,"he_50_54":679,"he_55_59":733,"he_60_64":700,"he_65_69":657,"he_70_74":627,"he_75_79":707,"he_80_84":442,"he_85_":535,"ko_ika18y":9424,"ko_perus":2493,"ko_koul":6931,"ko_yliop":433,"ko_ammat":3420,"ko_al_kork":2199,"ko_yl_kork":879,"hr_tuy":9424,"hr_ktu":27761,"hr_mtu":25461,"hr_pi_tul":1775,"hr_ke_tul":6306,"hr_hy_tul":1343,"hr_ovy":261621476,"te_taly":5585,"te_takk":2.1,"te_as_valj":42.1,"te_yks":2371,"te_nuor":543,"te_eil_np":216,"te_laps":1167,"te_plap":290,"te_aklap":532,"te_klap":513,"te_teini":529,"te_yhlap":163,"te_aik":2383,"te_elak":2061,"te_omis_as":3812,"te_vuok_as":1706,"te_muu_as":67,"tr_kuty":5585,"tr_ktu":46682,"tr_mtu":39461,"tr_pi_tul":1314,"tr_ke_tul":3565,"tr_hy_tul":706,"tr_ovy":260716183,"ra_ke":110,"ra_raky":3789,"ra_muut":858,"ra_asrak":2931,"ra_asunn":6443,"ra_as_kpa":83.8,"ra_pt_as":3422,"ra_kt_as":2674,"ra_muu_as":347,"tp_tyopy":10390,"tp_alku_a":21,"tp_jalo_bf":4532,"tp_palv_gu":5837,"tp_a_maat":21,"tp_b_kaiv":20,"tp_c_teol":3715,"tp_d_ener":122,"tp_e_vesi":36,"tp_f_rake":639,"tp_g_kaup":825,"tp_h_kulj":163,"tp_i_majo":298,"tp_j_info":274,"tp_k_raho":98,"tp_l_kiin":31,"tp_m_erik":435,"tp_n_hall":591,"tp_o_julk":270,"tp_p_koul":670,"tp_q_terv":1762,"tp_r_taid":84,"tp_s_muup":336,"tp_t_koti":0,"tp_u_kans":0,"tp_x_tunt":0,"pt_vakiy":11589,"pt_tyoll":4949,"pt_tyott":523,"pt_0_14":1713,"pt_opisk":784,"pt_elakel":3181,"pt_muut":439,"city":"jakobstadsregionen","pno":"68600","unemployment_rate":4.5,"higher_education_rate":32.7,"pensioner_share":27.4,"ownership_rate":68.3,"rental_rate":30.5,"population_density":270,"child_ratio":6.4,"student_share":6.8,"detached_house_share":53.1,"youth_ratio_pct":13.4,"gender_ratio":1.03,"single_parent_hh_pct":3.9,"families_with_children_pct":20.9,"tech_sector_pct":2.6,"healthcare_workers_pct":17,"employment_rate":42.7,"elderly_ratio_pct":25.6,"avg_household_size":2.08,"manufacturing_jobs_pct":43.6,"public_sector_jobs_pct":2.6,"service_sector_jobs_pct":56.2,"new_construction_pct":58.8,"foreign_language_pct":9.6,"crime_index":85.3,"property_price_sqm":1525,"transit_stop_density":null,"air_quality_index":23.3,"green_space_pct":35.5,"daycare_density":0.2,"school_density":0.3,"healthcare_density":0.2,"restaurant_density":0.7,"grocery_density":0,"cycling_density":5.2,"single_person_hh_pct":42.5,"rental_price_sqm":11.7,"price_to_rent_ratio":10.9,"walkability_index":88,"traffic_accident_rate":1.3,"property_price_change_pct":4.2,"school_quality_score":58.5,"light_pollution":28.66,"noise_pollution":40,"voter_turnout_pct":55.9,"party_diversity_index":0.802,"broadband_coverage_pct":96,"ev_charging_density":0.1,"tree_canopy_pct":62.6,"transit_reachability_score":null,"sports_facility_density":0.6,"water_proximity_m":0,"avg_construction_year":1976,"income_history":[[2021,21594],[2022,22091],[2023,22594],[2024,23312],[2025,24620],[2026,25461]],"population_history":[[2021,11457],[2022,11349],[2023,11387],[2024,11446],[2025,11541],[2026,11589]],"unemployment_history":[[2021,3.1],[2022,3.1],[2023,3.1],[2024,2.8],[2025,3.6],[2026,4.5]],"income_change_pct":17.9,"population_change_pct":1.2,"unemployment_change_pct":45.2,"schools":[{"name":"Jakobstads gymnasium","score":59.1},{"name":"Pietarsaaren lukio","score":57.9}]}},{"type":"MultiPolygon","arcs":[[[284]],[[285]],[[286]],[[287]],[[288]],[[289]],[[290]],[[291]],[[292]],[[293]],[[294]],[[-283,295,-281,296,-121,297]]],"properties":{"id":2014,"postinumeroalue":"68620","nimi":"Skutnäs-Västermalm","namn":"Skutnäs-Västermalm","euref_x":282572,"euref_y":7065825,"pinta_ala":51488835,"vuosi":2026,"kunta":"598","he_vakiy":4896,"he_naiset":2435,"he_miehet":2461,"he_kika":43,"he_0_2":140,"he_3_6":203,"he_7_12":330,"he_13_15":175,"he_16_17":139,"he_18_19":132,"he_20_24":248,"he_25_29":307,"he_30_34":337,"he_35_39":334,"he_40_44":292,"he_45_49":315,"he_50_54":292,"he_55_59":349,"he_60_64":293,"he_65_69":228,"he_70_74":230,"he_75_79":248,"he_80_84":158,"he_85_":146,"ko_ika18y":3909,"ko_perus":959,"ko_koul":2950,"ko_yliop":183,"ko_ammat":1399,"ko_al_kork":911,"ko_yl_kork":457,"hr_tuy":3909,"hr_ktu":29601,"hr_mtu":26429,"hr_pi_tul":726,"hr_ke_tul":2578,"hr_hy_tul":605,"hr_ovy":115711196,"te_taly":2342,"te_takk":2.1,"te_as_valj":40.9,"te_yks":955,"te_nuor":241,"te_eil_np":96,"te_laps":544,"te_plap":129,"te_aklap":248,"te_klap":247,"te_teini":229,"te_yhlap":106,"te_aik":1067,"te_elak":739,"te_omis_as":1672,"te_vuok_as":651,"te_muu_as":19,"tr_kuty":2342,"tr_ktu":49777,"tr_mtu":40280,"tr_pi_tul":529,"tr_ke_tul":1480,"tr_hy_tul":333,"tr_ovy":116577588,"ra_ke":726,"ra_raky":1490,"ra_muut":170,"ra_asrak":1320,"ra_asunn":2637,"ra_as_kpa":83.3,"ra_pt_as":1588,"ra_kt_as":1033,"ra_muu_as":16,"tp_tyopy":248,"tp_alku_a":33,"tp_jalo_bf":24,"tp_palv_gu":191,"tp_a_maat":33,"tp_b_kaiv":0,"tp_c_teol":9,"tp_d_ener":0,"tp_e_vesi":0,"tp_f_rake":15,"tp_g_kaup":13,"tp_h_kulj":6,"tp_i_majo":4,"tp_j_info":3,"tp_k_raho":0,"tp_l_kiin":1,"tp_m_erik":32,"tp_n_hall":33,"tp_o_julk":0,"tp_p_koul":14,"tp_q_terv":51,"tp_r_taid":5,"tp_s_muup":29,"tp_t_koti":0,"tp_u_kans":0,"tp_x_tunt":0,"pt_vakiy":4896,"pt_tyoll":2249,"pt_tyott":223,"pt_0_14":796,"pt_opisk":357,"pt_elakel":1104,"pt_muut":167,"city":"jakobstadsregionen","pno":"68620","unemployment_rate":4.6,"higher_education_rate":35,"pensioner_share":22.5,"ownership_rate":71.4,"rental_rate":27.8,"population_density":95,"child_ratio":7,"student_share":7.3,"detached_house_share":60.2,"youth_ratio_pct":14,"gender_ratio":0.99,"single_parent_hh_pct":4.1,"families_with_children_pct":23.2,"tech_sector_pct":1.2,"healthcare_workers_pct":20.6,"employment_rate":45.9,"elderly_ratio_pct":20.6,"avg_household_size":2.09,"manufacturing_jobs_pct":9.7,"public_sector_jobs_pct":0,"service_sector_jobs_pct":77,"new_construction_pct":56.5,"foreign_language_pct":7.1,"crime_index":74.8,"property_price_sqm":1035,"transit_stop_density":null,"air_quality_index":22.2,"green_space_pct":74.2,"daycare_density":0,"school_density":0,"healthcare_density":0,"restaurant_density":0,"grocery_density":0,"cycling_density":0.9,"single_person_hh_pct":40.8,"rental_price_sqm":13.87,"price_to_rent_ratio":6.2,"walkability_index":81,"traffic_accident_rate":0.1,"property_price_change_pct":11,"school_quality_score":null,"light_pollution":3.18,"noise_pollution":40,"voter_turnout_pct":55.9,"party_diversity_index":0.802,"broadband_coverage_pct":96,"ev_charging_density":0,"tree_canopy_pct":31.4,"transit_reachability_score":null,"sports_facility_density":0.3,"water_proximity_m":0,"avg_construction_year":1976,"income_history":[[2021,22553],[2022,22585],[2023,23266],[2024,24376],[2025,25451],[2026,26429]],"population_history":[[2021,4879],[2022,4833],[2023,4771],[2024,4787],[2025,4866],[2026,4896]],"unemployment_history":[[2021,2.8],[2022,2.9],[2023,2.5],[2024,2.7],[2025,3.8],[2026,4.6]],"income_change_pct":17.2,"population_change_pct":0.3,"unemployment_change_pct":64.3,"schools":null}},{"type":"MultiPolygon","arcs":[[[-296,-282]]],"properties":{"id":2015,"postinumeroalue":"68630","nimi":"Kyrkostrand","namn":"Kyrkostrand","euref_x":285656,"euref_y":7066119,"pinta_ala":5313954,"vuosi":2026,"kunta":"598","he_vakiy":2494,"he_naiset":1242,"he_miehet":1252,"he_kika":43,"he_0_2":54,"he_3_6":116,"he_7_12":211,"he_13_15":128,"he_16_17":59,"he_18_19":57,"he_20_24":84,"he_25_29":85,"he_30_34":147,"he_35_39":143,"he_40_44":186,"he_45_49":183,"he_50_54":134,"he_55_59":147,"he_60_64":153,"he_65_69":157,"he_70_74":160,"he_75_79":147,"he_80_84":87,"he_85_":56,"ko_ika18y":1926,"ko_perus":408,"ko_koul":1518,"ko_yliop":61,"ko_ammat":796,"ko_al_kork":457,"ko_yl_kork":204,"hr_tuy":1926,"hr_ktu":28512,"hr_mtu":27484,"hr_pi_tul":279,"hr_ke_tul":1356,"hr_hy_tul":291,"hr_ovy":54914497,"te_taly":1044,"te_takk":2.4,"te_as_valj":44.3,"te_yks":270,"te_nuor":41,"te_eil_np":28,"te_laps":320,"te_plap":49,"te_aklap":119,"te_klap":171,"te_teini":151,"te_yhlap":64,"te_aik":343,"te_elak":393,"te_omis_as":926,"te_vuok_as":109,"te_muu_as":9,"tr_kuty":1044,"tr_ktu":52720,"tr_mtu":49241,"tr_pi_tul":127,"tr_ke_tul":769,"tr_hy_tul":148,"tr_ovy":55039379,"ra_ke":0,"ra_raky":917,"ra_muut":88,"ra_asrak":829,"ra_asunn":1098,"ra_as_kpa":104.1,"ra_pt_as":1020,"ra_kt_as":66,"ra_muu_as":12,"tp_tyopy":164,"tp_alku_a":5,"tp_jalo_bf":10,"tp_palv_gu":149,"tp_a_maat":5,"tp_b_kaiv":0,"tp_c_teol":1,"tp_d_ener":0,"tp_e_vesi":0,"tp_f_rake":9,"tp_g_kaup":11,"tp_h_kulj":2,"tp_i_majo":0,"tp_j_info":1,"tp_k_raho":2,"tp_l_kiin":0,"tp_m_erik":4,"tp_n_hall":1,"tp_o_julk":0,"tp_p_koul":43,"tp_q_terv":77,"tp_r_taid":5,"tp_s_muup":3,"tp_t_koti":0,"tp_u_kans":0,"tp_x_tunt":0,"pt_vakiy":2494,"pt_tyoll":1108,"pt_tyott":89,"pt_0_14":462,"pt_opisk":150,"pt_elakel":639,"pt_muut":46,"city":"jakobstadsregionen","pno":"68630","unemployment_rate":3.6,"higher_education_rate":34.3,"pensioner_share":25.6,"ownership_rate":88.7,"rental_rate":10.4,"population_density":469,"child_ratio":6.8,"student_share":6,"detached_house_share":92.9,"youth_ratio_pct":9.1,"gender_ratio":0.99,"single_parent_hh_pct":2.7,"families_with_children_pct":30.7,"tech_sector_pct":0.6,"healthcare_workers_pct":47,"employment_rate":44.4,"elderly_ratio_pct":24.3,"avg_household_size":2.39,"manufacturing_jobs_pct":6.1,"public_sector_jobs_pct":0,"service_sector_jobs_pct":90.9,"new_construction_pct":83.5,"foreign_language_pct":7.3,"crime_index":83,"property_price_sqm":null,"transit_stop_density":null,"air_quality_index":22.2,"green_space_pct":54.2,"daycare_density":0.2,"school_density":0.2,"healthcare_density":0,"restaurant_density":0,"grocery_density":0,"cycling_density":4.9,"single_person_hh_pct":25.9,"rental_price_sqm":null,"price_to_rent_ratio":null,"walkability_index":84,"traffic_accident_rate":null,"property_price_change_pct":-15,"school_quality_score":null,"light_pollution":6.5,"noise_pollution":40,"voter_turnout_pct":55.9,"party_diversity_index":0.802,"broadband_coverage_pct":96,"ev_charging_density":0,"tree_canopy_pct":41,"transit_reachability_score":null,"sports_facility_density":0.8,"water_proximity_m":0,"avg_construction_year":1978,"income_history":[[2021,24081],[2022,24034],[2023,24145],[2024,24923],[2025,26513],[2026,27484]],"population_history":[[2021,2584],[2022,2579],[2023,2566],[2024,2534],[2025,2511],[2026,2494]],"unemployment_history":[[2021,2.2],[2022,2.9],[2023,2.3],[2024,2.5],[2025,3.7],[2026,3.6]],"income_change_pct":14.1,"population_change_pct":-3.5,"unemployment_change_pct":63.6,"schools":null}},{"type":"MultiPolygon","arcs":[[[-268,298,-276]]],"properties":{"id":2016,"postinumeroalue":"68660","nimi":"Östermalm-Björnholmen","namn":"Östermalm-Björnholmen","euref_x":289680,"euref_y":7069500,"pinta_ala":5866567,"vuosi":2026,"kunta":"598","he_vakiy":2386,"he_naiset":1155,"he_miehet":1231,"he_kika":47,"he_0_2":71,"he_3_6":85,"he_7_12":127,"he_13_15":74,"he_16_17":40,"he_18_19":36,"he_20_24":95,"he_25_29":137,"he_30_34":182,"he_35_39":137,"he_40_44":142,"he_45_49":123,"he_50_54":148,"he_55_59":125,"he_60_64":147,"he_65_69":140,"he_70_74":180,"he_75_79":206,"he_80_84":109,"he_85_":82,"ko_ika18y":1989,"ko_perus":777,"ko_koul":1212,"ko_yliop":47,"ko_ammat":716,"ko_al_kork":355,"ko_yl_kork":94,"hr_tuy":1989,"hr_ktu":25073,"hr_mtu":23623,"hr_pi_tul":452,"hr_ke_tul":1342,"hr_hy_tul":195,"hr_ovy":49869506,"te_taly":1124,"te_takk":2.1,"te_as_valj":40.2,"te_yks":433,"te_nuor":74,"te_eil_np":36,"te_laps":217,"te_plap":64,"te_aklap":106,"te_klap":96,"te_teini":81,"te_yhlap":31,"te_aik":450,"te_elak":462,"te_omis_as":791,"te_vuok_as":323,"te_muu_as":10,"tr_kuty":1124,"tr_ktu":43390,"tr_mtu":38948,"tr_pi_tul":296,"tr_ke_tul":712,"tr_hy_tul":116,"tr_ovy":48770709,"ra_ke":81,"ra_raky":704,"ra_muut":128,"ra_asrak":576,"ra_asunn":1260,"ra_as_kpa":81.4,"ra_pt_as":611,"ra_kt_as":643,"ra_muu_as":6,"tp_tyopy":866,"tp_alku_a":33,"tp_jalo_bf":319,"tp_palv_gu":514,"tp_a_maat":33,"tp_b_kaiv":0,"tp_c_teol":247,"tp_d_ener":0,"tp_e_vesi":0,"tp_f_rake":72,"tp_g_kaup":128,"tp_h_kulj":28,"tp_i_majo":57,"tp_j_info":1,"tp_k_raho":0,"tp_l_kiin":10,"tp_m_erik":10,"tp_n_hall":6,"tp_o_julk":0,"tp_p_koul":35,"tp_q_terv":218,"tp_r_taid":3,"tp_s_muup":18,"tp_t_koti":0,"tp_u_kans":0,"tp_x_tunt":0,"pt_vakiy":2386,"pt_tyoll":843,"pt_tyott":173,"pt_0_14":332,"pt_opisk":118,"pt_elakel":768,"pt_muut":152,"city":"jakobstadsregionen","pno":"68660","unemployment_rate":7.3,"higher_education_rate":22.6,"pensioner_share":32.2,"ownership_rate":70.4,"rental_rate":28.7,"population_density":407,"child_ratio":6.5,"student_share":4.9,"detached_house_share":48.5,"youth_ratio_pct":11.2,"gender_ratio":0.94,"single_parent_hh_pct":3.2,"families_with_children_pct":19.3,"tech_sector_pct":0.1,"healthcare_workers_pct":25.2,"employment_rate":35.3,"elderly_ratio_pct":30.1,"avg_household_size":2.12,"manufacturing_jobs_pct":36.8,"public_sector_jobs_pct":0,"service_sector_jobs_pct":59.4,"new_construction_pct":55.9,"foreign_language_pct":17,"crime_index":95.5,"property_price_sqm":694,"transit_stop_density":null,"air_quality_index":23.3,"green_space_pct":56.5,"daycare_density":0.3,"school_density":0.2,"healthcare_density":0.2,"restaurant_density":0.7,"grocery_density":0,"cycling_density":8.2,"single_person_hh_pct":38.5,"rental_price_sqm":null,"price_to_rent_ratio":null,"walkability_index":88,"traffic_accident_rate":0.6,"property_price_change_pct":-50.8,"school_quality_score":null,"light_pollution":19,"noise_pollution":40,"voter_turnout_pct":55.9,"party_diversity_index":0.802,"broadband_coverage_pct":96,"ev_charging_density":0.2,"tree_canopy_pct":30,"transit_reachability_score":null,"sports_facility_density":1,"water_proximity_m":0,"avg_construction_year":1976,"income_history":[[2021,20086],[2022,20128],[2023,20338],[2024,21030],[2025,22391],[2026,23623]],"population_history":[[2021,2194],[2022,2218],[2023,2264],[2024,2269],[2025,2358],[2026,2386]],"unemployment_history":[[2021,3.8],[2022,5],[2023,4.2],[2024,4.6],[2025,5.1],[2026,7.3]],"income_change_pct":17.6,"population_change_pct":8.8,"unemployment_change_pct":92.1,"schools":null}},{"type":"MultiPolygon","arcs":[[[-117,-297,-280,299,-122]]],"properties":{"id":2017,"postinumeroalue":"68690","nimi":"Sundby","namn":"Sundby","euref_x":283446,"euref_y":7059271,"pinta_ala":38729493,"vuosi":2026,"kunta":"599","he_vakiy":337,"he_naiset":158,"he_miehet":179,"he_kika":47,"he_0_2":9,"he_3_6":14,"he_7_12":22,"he_13_15":11,"he_16_17":7,"he_18_19":9,"he_20_24":8,"he_25_29":9,"he_30_34":21,"he_35_39":21,"he_40_44":20,"he_45_49":23,"he_50_54":22,"he_55_59":21,"he_60_64":19,"he_65_69":28,"he_70_74":19,"he_75_79":31,"he_80_84":12,"he_85_":11,"ko_ika18y":274,"ko_perus":62,"ko_koul":212,"ko_yliop":2,"ko_ammat":145,"ko_al_kork":57,"ko_yl_kork":8,"hr_tuy":274,"hr_ktu":26828,"hr_mtu":25616,"hr_pi_tul":52,"hr_ke_tul":186,"hr_hy_tul":36,"hr_ovy":7350968,"te_taly":141,"te_takk":2.4,"te_as_valj":48,"te_yks":31,"te_nuor":3,"te_eil_np":5,"te_laps":34,"te_plap":8,"te_aklap":16,"te_klap":15,"te_teini":13,"te_yhlap":2,"te_aik":42,"te_elak":66,"te_omis_as":125,"te_vuok_as":11,"te_muu_as":5,"tr_kuty":141,"tr_ktu":52296,"tr_mtu":51062,"tr_pi_tul":26,"tr_ke_tul":97,"tr_hy_tul":18,"tr_ovy":7373801,"ra_ke":12,"ra_raky":183,"ra_muut":32,"ra_asrak":151,"ra_asunn":163,"ra_as_kpa":111.3,"ra_pt_as":159,"ra_kt_as":0,"ra_muu_as":4,"tp_tyopy":28,"tp_alku_a":17,"tp_jalo_bf":6,"tp_palv_gu":5,"tp_a_maat":17,"tp_b_kaiv":0,"tp_c_teol":3,"tp_d_ener":0,"tp_e_vesi":0,"tp_f_rake":3,"tp_g_kaup":1,"tp_h_kulj":1,"tp_i_majo":0,"tp_j_info":0,"tp_k_raho":0,"tp_l_kiin":0,"tp_m_erik":0,"tp_n_hall":0,"tp_o_julk":0,"tp_p_koul":1,"tp_q_terv":1,"tp_r_taid":0,"tp_s_muup":1,"tp_t_koti":0,"tp_u_kans":0,"tp_x_tunt":0,"pt_vakiy":337,"pt_tyoll":156,"pt_tyott":11,"pt_0_14":51,"pt_opisk":18,"pt_elakel":97,"pt_muut":4,"city":"jakobstadsregionen","pno":"68690","unemployment_rate":3.3,"higher_education_rate":23.7,"pensioner_share":28.8,"ownership_rate":88.7,"rental_rate":7.8,"population_density":9,"child_ratio":6.8,"student_share":5.3,"detached_house_share":97.5,"youth_ratio_pct":7.7,"gender_ratio":0.88,"single_parent_hh_pct":3.5,"families_with_children_pct":24.1,"tech_sector_pct":0,"healthcare_workers_pct":3.6,"employment_rate":46.3,"elderly_ratio_pct":30,"avg_household_size":2.39,"manufacturing_jobs_pct":21.4,"public_sector_jobs_pct":0,"service_sector_jobs_pct":17.9,"new_construction_pct":112.3,"foreign_language_pct":3.1,"crime_index":38.5,"property_price_sqm":null,"transit_stop_density":null,"air_quality_index":21.8,"green_space_pct":49.2,"daycare_density":0,"school_density":0,"healthcare_density":0,"restaurant_density":0,"grocery_density":0,"cycling_density":0.1,"single_person_hh_pct":22,"rental_price_sqm":null,"price_to_rent_ratio":null,"walkability_index":78,"traffic_accident_rate":4.9,"property_price_change_pct":null,"school_quality_score":null,"light_pollution":0.56,"noise_pollution":40,"voter_turnout_pct":71.7,"party_diversity_index":0.576,"broadband_coverage_pct":null,"ev_charging_density":0,"tree_canopy_pct":67.2,"transit_reachability_score":null,"sports_facility_density":0,"water_proximity_m":0,"avg_construction_year":1984,"income_history":[[2021,22290],[2022,22348],[2023,22908],[2024,23460],[2025,24326],[2026,25616]],"population_history":[[2021,347],[2022,355],[2023,343],[2024,345],[2025,341],[2026,337]],"unemployment_history":[[2021,1.4],[2022,1.7],[2023,1.5],[2024,0.9],[2025,2.9],[2026,3.3]],"income_change_pct":14.9,"population_change_pct":-2.9,"unemployment_change_pct":135.7,"schools":null}},{"type":"MultiPolygon","arcs":[[[300,301,302,-203,303,-230,-204]]],"properties":{"id":2018,"postinumeroalue":"68700","nimi":"Teerijärvi","namn":"Terjärv","euref_x":323511,"euref_y":7050276,"pinta_ala":220673840,"vuosi":2026,"kunta":"288","he_vakiy":1687,"he_naiset":831,"he_miehet":856,"he_kika":48,"he_0_2":40,"he_3_6":46,"he_7_12":107,"he_13_15":60,"he_16_17":35,"he_18_19":35,"he_20_24":61,"he_25_29":77,"he_30_34":79,"he_35_39":87,"he_40_44":113,"he_45_49":91,"he_50_54":87,"he_55_59":118,"he_60_64":126,"he_65_69":140,"he_70_74":115,"he_75_79":134,"he_80_84":57,"he_85_":79,"ko_ika18y":1399,"ko_perus":395,"ko_koul":1004,"ko_yliop":50,"ko_ammat":592,"ko_al_kork":291,"ko_yl_kork":71,"hr_tuy":1399,"hr_ktu":31063,"hr_mtu":24857,"hr_pi_tul":293,"hr_ke_tul":898,"hr_hy_tul":208,"hr_ovy":43457577,"te_taly":762,"te_takk":2.2,"te_as_valj":50.7,"te_yks":241,"te_nuor":39,"te_eil_np":18,"te_laps":159,"te_plap":38,"te_aklap":66,"te_klap":79,"te_teini":68,"te_yhlap":13,"te_aik":244,"te_elak":362,"te_omis_as":633,"te_vuok_as":109,"te_muu_as":20,"tr_kuty":762,"tr_ktu":57087,"tr_mtu":43947,"tr_pi_tul":160,"tr_ke_tul":498,"tr_hy_tul":104,"tr_ovy":43500481,"ra_ke":284,"ra_raky":915,"ra_muut":159,"ra_asrak":756,"ra_asunn":912,"ra_as_kpa":106,"ra_pt_as":860,"ra_kt_as":36,"ra_muu_as":16,"tp_tyopy":716,"tp_alku_a":62,"tp_jalo_bf":417,"tp_palv_gu":237,"tp_a_maat":62,"tp_b_kaiv":0,"tp_c_teol":375,"tp_d_ener":3,"tp_e_vesi":2,"tp_f_rake":37,"tp_g_kaup":32,"tp_h_kulj":43,"tp_i_majo":18,"tp_j_info":2,"tp_k_raho":1,"tp_l_kiin":0,"tp_m_erik":7,"tp_n_hall":3,"tp_o_julk":0,"tp_p_koul":15,"tp_q_terv":78,"tp_r_taid":5,"tp_s_muup":33,"tp_t_koti":0,"tp_u_kans":0,"tp_x_tunt":0,"pt_vakiy":1687,"pt_tyoll":745,"pt_tyott":50,"pt_0_14":233,"pt_opisk":85,"pt_elakel":524,"pt_muut":50,"city":"jakobstadsregionen","pno":"68700","unemployment_rate":3,"higher_education_rate":25.9,"pensioner_share":31.1,"ownership_rate":83.1,"rental_rate":14.3,"population_density":8,"child_ratio":5.1,"student_share":5,"detached_house_share":94.3,"youth_ratio_pct":10.3,"gender_ratio":0.97,"single_parent_hh_pct":2.4,"families_with_children_pct":20.9,"tech_sector_pct":0.3,"healthcare_workers_pct":10.9,"employment_rate":44.2,"elderly_ratio_pct":31.1,"avg_household_size":2.21,"manufacturing_jobs_pct":58.2,"public_sector_jobs_pct":0,"service_sector_jobs_pct":33.1,"new_construction_pct":100.3,"foreign_language_pct":4.5,"crime_index":49.3,"property_price_sqm":null,"transit_stop_density":null,"air_quality_index":23.6,"green_space_pct":2.3,"daycare_density":0,"school_density":0,"healthcare_density":0,"restaurant_density":0,"grocery_density":0,"cycling_density":0.1,"single_person_hh_pct":31.6,"rental_price_sqm":null,"price_to_rent_ratio":null,"walkability_index":78,"traffic_accident_rate":2.6,"property_price_change_pct":null,"school_quality_score":null,"light_pollution":2.38,"noise_pollution":40,"voter_turnout_pct":61.8,"party_diversity_index":0.674,"broadband_coverage_pct":34,"ev_charging_density":0,"tree_canopy_pct":46.4,"transit_reachability_score":null,"sports_facility_density":0.1,"water_proximity_m":0,"avg_construction_year":1977,"income_history":[[2021,21232],[2022,21073],[2023,21741],[2024,22399],[2025,23734],[2026,24857]],"population_history":[[2021,1745],[2022,1727],[2023,1727],[2024,1708],[2025,1699],[2026,1687]],"unemployment_history":[[2021,1.8],[2022,1.8],[2023,1.8],[2024,3.3],[2025,3.3],[2026,3]],"income_change_pct":17.1,"population_change_pct":-3.3,"unemployment_change_pct":66.7,"schools":null}},{"type":"MultiPolygon","arcs":[[[-302,304]]],"properties":{"id":2019,"postinumeroalue":"68750","nimi":"Småbönders","namn":"Småbönders","euref_x":331611,"euref_y":7038231,"pinta_ala":30159453,"vuosi":2026,"kunta":"288","he_vakiy":234,"he_naiset":115,"he_miehet":119,"he_kika":50,"he_0_2":2,"he_3_6":8,"he_7_12":13,"he_13_15":7,"he_16_17":5,"he_18_19":7,"he_20_24":8,"he_25_29":7,"he_30_34":9,"he_35_39":14,"he_40_44":19,"he_45_49":5,"he_50_54":17,"he_55_59":17,"he_60_64":19,"he_65_69":11,"he_70_74":17,"he_75_79":19,"he_80_84":18,"he_85_":12,"ko_ika18y":199,"ko_perus":73,"ko_koul":126,"ko_yliop":8,"ko_ammat":86,"ko_al_kork":26,"ko_yl_kork":6,"hr_tuy":199,"hr_ktu":25273,"hr_mtu":21939,"hr_pi_tul":49,"hr_ke_tul":129,"hr_hy_tul":21,"hr_ovy":5029249,"te_taly":104,"te_takk":2.3,"te_as_valj":54.5,"te_yks":30,"te_nuor":4,"te_eil_np":1,"te_laps":18,"te_plap":2,"te_aklap":7,"te_klap":10,"te_teini":9,"te_yhlap":1,"te_aik":33,"te_elak":54,"te_omis_as":91,"te_vuok_as":8,"te_muu_as":5,"tr_kuty":104,"tr_ktu":48834,"tr_mtu":40590,"tr_pi_tul":27,"tr_ke_tul":64,"tr_hy_tul":13,"tr_ovy":5078717,"ra_ke":9,"ra_raky":130,"ra_muut":20,"ra_asrak":110,"ra_asunn":121,"ra_as_kpa":116.5,"ra_pt_as":116,"ra_kt_as":0,"ra_muu_as":5,"tp_tyopy":38,"tp_alku_a":24,"tp_jalo_bf":5,"tp_palv_gu":9,"tp_a_maat":24,"tp_b_kaiv":0,"tp_c_teol":3,"tp_d_ener":0,"tp_e_vesi":0,"tp_f_rake":2,"tp_g_kaup":3,"tp_h_kulj":1,"tp_i_majo":0,"tp_j_info":0,"tp_k_raho":0,"tp_l_kiin":0,"tp_m_erik":0,"tp_n_hall":0,"tp_o_julk":0,"tp_p_koul":0,"tp_q_terv":4,"tp_r_taid":0,"tp_s_muup":1,"tp_t_koti":0,"tp_u_kans":0,"tp_x_tunt":0,"pt_vakiy":234,"pt_tyoll":102,"pt_tyott":2,"pt_0_14":28,"pt_opisk":13,"pt_elakel":85,"pt_muut":4,"city":"jakobstadsregionen","pno":"68750","unemployment_rate":0.9,"higher_education_rate":16.1,"pensioner_share":36.3,"ownership_rate":87.5,"rental_rate":7.7,"population_density":8,"child_ratio":4.3,"student_share":5.6,"detached_house_share":95.9,"youth_ratio_pct":9.4,"gender_ratio":0.97,"single_parent_hh_pct":1,"families_with_children_pct":17.3,"tech_sector_pct":0,"healthcare_workers_pct":10.5,"employment_rate":43.6,"elderly_ratio_pct":32.9,"avg_household_size":2.25,"manufacturing_jobs_pct":13.2,"public_sector_jobs_pct":0,"service_sector_jobs_pct":23.7,"new_construction_pct":107.4,"foreign_language_pct":1.6,"crime_index":41.6,"property_price_sqm":null,"transit_stop_density":null,"air_quality_index":24.2,"green_space_pct":0,"daycare_density":0,"school_density":0,"healthcare_density":0,"restaurant_density":0,"grocery_density":0,"cycling_density":0,"single_person_hh_pct":28.8,"rental_price_sqm":null,"price_to_rent_ratio":null,"walkability_index":76,"traffic_accident_rate":1.4,"property_price_change_pct":null,"school_quality_score":null,"light_pollution":0.13,"noise_pollution":40,"voter_turnout_pct":61.8,"party_diversity_index":0.674,"broadband_coverage_pct":34,"ev_charging_density":0,"tree_canopy_pct":38.2,"transit_reachability_score":null,"sports_facility_density":0.1,"water_proximity_m":0,"avg_construction_year":1977,"income_history":[[2021,18691],[2022,18804],[2023,18706],[2024,18365],[2025,19636],[2026,21939]],"population_history":[[2021,242],[2022,244],[2023,245],[2024,238],[2025,239],[2026,234]],"unemployment_history":[[2021,2.5],[2022,1.6],[2023,1.2],[2024,1.7],[2025,3.8],[2026,0.9]],"income_change_pct":17.4,"population_change_pct":-3.3,"unemployment_change_pct":-64,"schools":null}},{"type":"MultiPolygon","arcs":[[[305,306,307,308,309]]],"properties":{"id":2020,"postinumeroalue":"68800","nimi":"Kolppi","namn":"Kållby","euref_x":296358,"euref_y":7059855,"pinta_ala":31797602,"vuosi":2026,"kunta":"599","he_vakiy":1214,"he_naiset":568,"he_miehet":646,"he_kika":37,"he_0_2":58,"he_3_6":91,"he_7_12":124,"he_13_15":61,"he_16_17":29,"he_18_19":28,"he_20_24":57,"he_25_29":80,"he_30_34":91,"he_35_39":80,"he_40_44":68,"he_45_49":49,"he_50_54":62,"he_55_59":60,"he_60_64":70,"he_65_69":56,"he_70_74":47,"he_75_79":54,"he_80_84":25,"he_85_":24,"ko_ika18y":851,"ko_perus":177,"ko_koul":674,"ko_yliop":23,"ko_ammat":430,"ko_al_kork":179,"ko_yl_kork":42,"hr_tuy":851,"hr_ktu":29524,"hr_mtu":27907,"hr_pi_tul":117,"hr_ke_tul":587,"hr_hy_tul":147,"hr_ovy":25124695,"te_taly":436,"te_takk":2.8,"te_as_valj":41.7,"te_yks":94,"te_nuor":19,"te_eil_np":13,"te_laps":159,"te_plap":51,"te_aklap":96,"te_klap":83,"te_teini":64,"te_yhlap":11,"te_aik":144,"te_elak":134,"te_omis_as":387,"te_vuok_as":44,"te_muu_as":5,"tr_kuty":436,"tr_ktu":57993,"tr_mtu":55888,"tr_pi_tul":49,"tr_ke_tul":321,"tr_hy_tul":66,"tr_ovy":25284895,"ra_ke":10,"ra_raky":583,"ra_muut":153,"ra_asrak":430,"ra_asunn":506,"ra_as_kpa":113,"ra_pt_as":466,"ra_kt_as":20,"ra_muu_as":20,"tp_tyopy":578,"tp_alku_a":28,"tp_jalo_bf":395,"tp_palv_gu":155,"tp_a_maat":28,"tp_b_kaiv":0,"tp_c_teol":365,"tp_d_ener":4,"tp_e_vesi":1,"tp_f_rake":25,"tp_g_kaup":29,"tp_h_kulj":55,"tp_i_majo":2,"tp_j_info":0,"tp_k_raho":0,"tp_l_kiin":0,"tp_m_erik":11,"tp_n_hall":18,"tp_o_julk":0,"tp_p_koul":20,"tp_q_terv":18,"tp_r_taid":0,"tp_s_muup":2,"tp_t_koti":0,"tp_u_kans":0,"tp_x_tunt":0,"pt_vakiy":1214,"pt_tyoll":572,"pt_tyott":21,"pt_0_14":309,"pt_opisk":76,"pt_elakel":209,"pt_muut":27,"city":"jakobstadsregionen","pno":"68800","unemployment_rate":1.7,"higher_education_rate":26,"pensioner_share":17.2,"ownership_rate":88.8,"rental_rate":10.1,"population_density":38,"child_ratio":12.3,"student_share":6.3,"detached_house_share":92.1,"youth_ratio_pct":13.6,"gender_ratio":0.88,"single_parent_hh_pct":3,"families_with_children_pct":36.5,"tech_sector_pct":0,"healthcare_workers_pct":3.1,"employment_rate":47.1,"elderly_ratio_pct":17,"avg_household_size":2.78,"manufacturing_jobs_pct":68.3,"public_sector_jobs_pct":0,"service_sector_jobs_pct":26.8,"new_construction_pct":115.2,"foreign_language_pct":3.4,"crime_index":47.9,"property_price_sqm":null,"transit_stop_density":null,"air_quality_index":22.1,"green_space_pct":30.7,"daycare_density":0.1,"school_density":0,"healthcare_density":0,"restaurant_density":0,"grocery_density":0,"cycling_density":0.5,"single_person_hh_pct":21.6,"rental_price_sqm":null,"price_to_rent_ratio":null,"walkability_index":80,"traffic_accident_rate":1.6,"property_price_change_pct":null,"school_quality_score":null,"light_pollution":1.37,"noise_pollution":40,"voter_turnout_pct":71.7,"party_diversity_index":0.576,"broadband_coverage_pct":null,"ev_charging_density":0,"tree_canopy_pct":49.8,"transit_reachability_score":null,"sports_facility_density":0.2,"water_proximity_m":0,"avg_construction_year":1984,"income_history":[[2021,23393],[2022,23544],[2023,24800],[2024,26031],[2025,27155],[2026,27907]],"population_history":[[2021,1215],[2022,1222],[2023,1223],[2024,1210],[2025,1199],[2026,1214]],"unemployment_history":[[2021,1.2],[2022,1.1],[2023,1.5],[2024,1.3],[2025,1.7],[2026,1.7]],"income_change_pct":19.3,"population_change_pct":-0.1,"unemployment_change_pct":41.7,"schools":null}},{"type":"MultiPolygon","arcs":[[[310,311,-309,312,-265,-233]]],"properties":{"id":2021,"postinumeroalue":"68810","nimi":"Ytteresse","namn":"Ytteresse","euref_x":302727,"euref_y":7062004,"pinta_ala":35148750,"vuosi":2026,"kunta":"599","he_vakiy":1687,"he_naiset":810,"he_miehet":877,"he_kika":32,"he_0_2":91,"he_3_6":143,"he_7_12":178,"he_13_15":113,"he_16_17":84,"he_18_19":67,"he_20_24":100,"he_25_29":126,"he_30_34":107,"he_35_39":97,"he_40_44":81,"he_45_49":93,"he_50_54":76,"he_55_59":72,"he_60_64":50,"he_65_69":55,"he_70_74":58,"he_75_79":52,"he_80_84":24,"he_85_":20,"ko_ika18y":1078,"ko_perus":246,"ko_koul":832,"ko_yliop":24,"ko_ammat":604,"ko_al_kork":165,"ko_yl_kork":39,"hr_tuy":1078,"hr_ktu":27632,"hr_mtu":27373,"hr_pi_tul":190,"hr_ke_tul":739,"hr_hy_tul":149,"hr_ovy":29787430,"te_taly":481,"te_takk":3.5,"te_as_valj":35.9,"te_yks":62,"te_nuor":17,"te_eil_np":16,"te_laps":240,"te_plap":79,"te_aklap":135,"te_klap":116,"te_teini":128,"te_yhlap":8,"te_aik":116,"te_elak":129,"te_omis_as":437,"te_vuok_as":39,"te_muu_as":5,"tr_kuty":481,"tr_ktu":63229,"tr_mtu":59739,"tr_pi_tul":52,"tr_ke_tul":384,"tr_hy_tul":45,"tr_ovy":30413060,"ra_ke":13,"ra_raky":589,"ra_muut":128,"ra_asrak":461,"ra_asunn":534,"ra_as_kpa":122.1,"ra_pt_as":524,"ra_kt_as":2,"ra_muu_as":8,"tp_tyopy":274,"tp_alku_a":36,"tp_jalo_bf":107,"tp_palv_gu":131,"tp_a_maat":36,"tp_b_kaiv":0,"tp_c_teol":55,"tp_d_ener":0,"tp_e_vesi":0,"tp_f_rake":52,"tp_g_kaup":51,"tp_h_kulj":16,"tp_i_majo":1,"tp_j_info":0,"tp_k_raho":1,"tp_l_kiin":6,"tp_m_erik":1,"tp_n_hall":3,"tp_o_julk":0,"tp_p_koul":34,"tp_q_terv":15,"tp_r_taid":1,"tp_s_muup":2,"tp_t_koti":0,"tp_u_kans":0,"tp_x_tunt":0,"pt_vakiy":1687,"pt_tyoll":791,"pt_tyott":15,"pt_0_14":494,"pt_opisk":130,"pt_elakel":222,"pt_muut":35,"city":"jakobstadsregionen","pno":"68810","unemployment_rate":0.9,"higher_education_rate":18.9,"pensioner_share":13.2,"ownership_rate":90.9,"rental_rate":8.1,"population_density":48,"child_ratio":13.9,"student_share":7.7,"detached_house_share":98.1,"youth_ratio_pct":17.4,"gender_ratio":0.92,"single_parent_hh_pct":3.3,"families_with_children_pct":49.9,"tech_sector_pct":0,"healthcare_workers_pct":5.5,"employment_rate":46.9,"elderly_ratio_pct":12.4,"avg_household_size":3.51,"manufacturing_jobs_pct":39.1,"public_sector_jobs_pct":0,"service_sector_jobs_pct":47.8,"new_construction_pct":110.3,"foreign_language_pct":1.1,"crime_index":47.7,"property_price_sqm":null,"transit_stop_density":null,"air_quality_index":22,"green_space_pct":6,"daycare_density":0,"school_density":0,"healthcare_density":0.1,"restaurant_density":0,"grocery_density":0,"cycling_density":0.1,"single_person_hh_pct":12.9,"rental_price_sqm":null,"price_to_rent_ratio":null,"walkability_index":78,"traffic_accident_rate":1.6,"property_price_change_pct":null,"school_quality_score":null,"light_pollution":0.8,"noise_pollution":40,"voter_turnout_pct":71.7,"party_diversity_index":0.576,"broadband_coverage_pct":null,"ev_charging_density":0,"tree_canopy_pct":29.4,"transit_reachability_score":null,"sports_facility_density":0.1,"water_proximity_m":0,"avg_construction_year":1984,"income_history":[[2021,23312],[2022,23594],[2023,24266],[2024,25437],[2025,26366],[2026,27373]],"population_history":[[2021,1606],[2022,1627],[2023,1648],[2024,1672],[2025,1683],[2026,1687]],"unemployment_history":[[2021,0.4],[2022,0.2],[2023,0.5],[2024,0.6],[2025,1],[2026,0.9]],"income_change_pct":17.4,"population_change_pct":5,"unemployment_change_pct":125,"schools":null}},{"type":"MultiPolygon","arcs":[[[313,-231,-304,-202,314,315,316,-310,-312]]],"properties":{"id":2022,"postinumeroalue":"68820","nimi":"Ähtävä","namn":"Esse","euref_x":307103,"euref_y":7052300,"pinta_ala":101321321,"vuosi":2026,"kunta":"599","he_vakiy":1078,"he_naiset":519,"he_miehet":559,"he_kika":44,"he_0_2":34,"he_3_6":43,"he_7_12":71,"he_13_15":44,"he_16_17":32,"he_18_19":31,"he_20_24":71,"he_25_29":49,"he_30_34":67,"he_35_39":56,"he_40_44":69,"he_45_49":46,"he_50_54":75,"he_55_59":59,"he_60_64":57,"he_65_69":68,"he_70_74":58,"he_75_79":59,"he_80_84":41,"he_85_":48,"ko_ika18y":854,"ko_perus":176,"ko_koul":678,"ko_yliop":22,"ko_ammat":436,"ko_al_kork":159,"ko_yl_kork":61,"hr_tuy":854,"hr_ktu":29323,"hr_mtu":26206,"hr_pi_tul":147,"hr_ke_tul":564,"hr_hy_tul":143,"hr_ovy":25041931,"te_taly":455,"te_takk":2.4,"te_as_valj":45.8,"te_yks":143,"te_nuor":29,"te_eil_np":19,"te_laps":115,"te_plap":28,"te_aklap":54,"te_klap":53,"te_teini":59,"te_yhlap":8,"te_aik":148,"te_elak":194,"te_omis_as":343,"te_vuok_as":103,"te_muu_as":9,"tr_kuty":455,"tr_ktu":55400,"tr_mtu":48045,"tr_pi_tul":85,"tr_ke_tul":300,"tr_hy_tul":70,"tr_ovy":25207107,"ra_ke":57,"ra_raky":521,"ra_muut":119,"ra_asrak":402,"ra_asunn":562,"ra_as_kpa":102.2,"ra_pt_as":470,"ra_kt_as":49,"ra_muu_as":43,"tp_tyopy":270,"tp_alku_a":41,"tp_jalo_bf":86,"tp_palv_gu":143,"tp_a_maat":41,"tp_b_kaiv":0,"tp_c_teol":62,"tp_d_ener":13,"tp_e_vesi":1,"tp_f_rake":10,"tp_g_kaup":18,"tp_h_kulj":28,"tp_i_majo":0,"tp_j_info":2,"tp_k_raho":7,"tp_l_kiin":0,"tp_m_erik":1,"tp_n_hall":4,"tp_o_julk":0,"tp_p_koul":22,"tp_q_terv":47,"tp_r_taid":2,"tp_s_muup":12,"tp_t_koti":0,"tp_u_kans":0,"tp_x_tunt":0,"pt_vakiy":1078,"pt_tyoll":518,"pt_tyott":15,"pt_0_14":177,"pt_opisk":67,"pt_elakel":280,"pt_muut":21,"city":"jakobstadsregionen","pno":"68820","unemployment_rate":1.4,"higher_education_rate":25.8,"pensioner_share":26,"ownership_rate":75.4,"rental_rate":22.6,"population_density":11,"child_ratio":7.1,"student_share":6.2,"detached_house_share":83.6,"youth_ratio_pct":14,"gender_ratio":0.93,"single_parent_hh_pct":4.2,"families_with_children_pct":25.3,"tech_sector_pct":0.7,"healthcare_workers_pct":17.4,"employment_rate":48.1,"elderly_ratio_pct":25.4,"avg_household_size":2.37,"manufacturing_jobs_pct":31.9,"public_sector_jobs_pct":0,"service_sector_jobs_pct":53,"new_construction_pct":92.7,"foreign_language_pct":4.2,"crime_index":39.7,"property_price_sqm":null,"transit_stop_density":null,"air_quality_index":22.6,"green_space_pct":9.6,"daycare_density":0,"school_density":0,"healthcare_density":0,"restaurant_density":0,"grocery_density":0,"cycling_density":0,"single_person_hh_pct":31.4,"rental_price_sqm":null,"price_to_rent_ratio":null,"walkability_index":76,"traffic_accident_rate":2.5,"property_price_change_pct":null,"school_quality_score":null,"light_pollution":0.19,"noise_pollution":40,"voter_turnout_pct":71.7,"party_diversity_index":0.576,"broadband_coverage_pct":null,"ev_charging_density":0,"tree_canopy_pct":40.4,"transit_reachability_score":null,"sports_facility_density":0,"water_proximity_m":0,"avg_construction_year":1983,"income_history":[[2021,22344],[2022,22172],[2023,22971],[2024,24015],[2025,25457],[2026,26206]],"population_history":[[2021,1090],[2022,1119],[2023,1095],[2024,1088],[2025,1087],[2026,1078]],"unemployment_history":[[2021,1.4],[2022,1.8],[2023,1.1],[2024,0.8],[2025,0.9],[2026,1.4]],"income_change_pct":17.3,"population_change_pct":-1.1,"unemployment_change_pct":0,"schools":null}},{"type":"MultiPolygon","arcs":[[[-314,-311,-232]]],"properties":{"id":2023,"postinumeroalue":"68830","nimi":"Bäckby","namn":"Bäckby","euref_x":307148,"euref_y":7062173,"pinta_ala":18669262,"vuosi":2026,"kunta":"599","he_vakiy":137,"he_naiset":66,"he_miehet":71,"he_kika":41,"he_0_2":7,"he_3_6":9,"he_7_12":13,"he_13_15":3,"he_16_17":3,"he_18_19":2,"he_20_24":7,"he_25_29":6,"he_30_34":13,"he_35_39":9,"he_40_44":5,"he_45_49":6,"he_50_54":7,"he_55_59":10,"he_60_64":10,"he_65_69":6,"he_70_74":4,"he_75_79":4,"he_80_84":11,"he_85_":2,"ko_ika18y":102,"ko_perus":21,"ko_koul":81,"ko_yliop":1,"ko_ammat":54,"ko_al_kork":21,"ko_yl_kork":5,"hr_tuy":102,"hr_ktu":28768,"hr_mtu":26922,"hr_pi_tul":15,"hr_ke_tul":73,"hr_hy_tul":14,"hr_ovy":2934347,"te_taly":53,"te_takk":2.6,"te_as_valj":47.9,"te_yks":13,"te_nuor":3,"te_eil_np":1,"te_laps":15,"te_plap":6,"te_aklap":9,"te_klap":9,"te_teini":6,"te_yhlap":1,"te_aik":20,"te_elak":18,"te_omis_as":49,"te_vuok_as":3,"te_muu_as":1,"tr_kuty":53,"tr_ktu":55619,"tr_mtu":52306,"tr_pi_tul":6,"tr_ke_tul":38,"tr_hy_tul":9,"tr_ovy":2947817,"ra_ke":2,"ra_raky":67,"ra_muut":13,"ra_asrak":54,"ra_asunn":61,"ra_as_kpa":117.2,"ra_pt_as":61,"ra_kt_as":0,"ra_muu_as":0,"tp_tyopy":20,"tp_alku_a":8,"tp_jalo_bf":9,"tp_palv_gu":3,"tp_a_maat":8,"tp_b_kaiv":0,"tp_c_teol":4,"tp_d_ener":0,"tp_e_vesi":0,"tp_f_rake":5,"tp_g_kaup":0,"tp_h_kulj":0,"tp_i_majo":0,"tp_j_info":0,"tp_k_raho":0,"tp_l_kiin":0,"tp_m_erik":0,"tp_n_hall":0,"tp_o_julk":0,"tp_p_koul":3,"tp_q_terv":0,"tp_r_taid":0,"tp_s_muup":0,"tp_t_koti":0,"tp_u_kans":0,"tp_x_tunt":0,"pt_vakiy":137,"pt_tyoll":63,"pt_tyott":4,"pt_0_14":30,"pt_opisk":7,"pt_elakel":29,"pt_muut":4,"city":"jakobstadsregionen","pno":"68830","unemployment_rate":2.9,"higher_education_rate":25.5,"pensioner_share":21.2,"ownership_rate":92.5,"rental_rate":5.7,"population_density":7,"child_ratio":11.7,"student_share":5.1,"detached_house_share":100,"youth_ratio_pct":10.9,"gender_ratio":0.93,"single_parent_hh_pct":1.9,"families_with_children_pct":28.3,"tech_sector_pct":0,"healthcare_workers_pct":0,"employment_rate":46,"elderly_ratio_pct":19.7,"avg_household_size":2.58,"manufacturing_jobs_pct":45,"public_sector_jobs_pct":0,"service_sector_jobs_pct":15,"new_construction_pct":109.8,"foreign_language_pct":0,"crime_index":35,"property_price_sqm":null,"transit_stop_density":null,"air_quality_index":22.3,"green_space_pct":62.8,"daycare_density":0,"school_density":0.1,"healthcare_density":0,"restaurant_density":0,"grocery_density":0,"cycling_density":0,"single_person_hh_pct":24.5,"rental_price_sqm":null,"price_to_rent_ratio":null,"walkability_index":77,"traffic_accident_rate":7.3,"property_price_change_pct":null,"school_quality_score":null,"light_pollution":0.13,"noise_pollution":40,"voter_turnout_pct":71.7,"party_diversity_index":0.576,"broadband_coverage_pct":null,"ev_charging_density":0,"tree_canopy_pct":62.8,"transit_reachability_score":null,"sports_facility_density":0.1,"water_proximity_m":0,"avg_construction_year":1984,"income_history":[[2021,21065],[2022,22302],[2023,22744],[2024,23297],[2025,25707],[2026,26922]],"population_history":[[2021,135],[2022,128],[2023,128],[2024,124],[2025,122],[2026,137]],"unemployment_history":[[2021,3],[2022,3.1],[2023,2.3],[2024,4],[2025,3.3],[2026,2.9]],"income_change_pct":27.8,"population_change_pct":1.5,"unemployment_change_pct":-3.3,"schools":null}},{"type":"MultiPolygon","arcs":[[[317,-278,-266,-313,-308]]],"properties":{"id":2025,"postinumeroalue":"68870","nimi":"Edsevö","namn":"Edsevö","euref_x":294828,"euref_y":7063671,"pinta_ala":12290996,"vuosi":2026,"kunta":"599","he_vakiy":506,"he_naiset":247,"he_miehet":259,"he_kika":41,"he_0_2":19,"he_3_6":19,"he_7_12":29,"he_13_15":20,"he_16_17":18,"he_18_19":13,"he_20_24":44,"he_25_29":36,"he_30_34":35,"he_35_39":29,"he_40_44":24,"he_45_49":38,"he_50_54":23,"he_55_59":20,"he_60_64":14,"he_65_69":25,"he_70_74":33,"he_75_79":44,"he_80_84":19,"he_85_":4,"ko_ika18y":401,"ko_perus":118,"ko_koul":283,"ko_yliop":22,"ko_ammat":176,"ko_al_kork":66,"ko_yl_kork":19,"hr_tuy":401,"hr_ktu":25923,"hr_mtu":25615,"hr_pi_tul":75,"hr_ke_tul":283,"hr_hy_tul":43,"hr_ovy":10395000,"te_taly":226,"te_takk":2.2,"te_as_valj":43.5,"te_yks":81,"te_nuor":29,"te_eil_np":12,"te_laps":57,"te_plap":18,"te_aklap":27,"te_klap":25,"te_teini":26,"te_yhlap":9,"te_aik":91,"te_elak":80,"te_omis_as":153,"te_vuok_as":70,"te_muu_as":3,"tr_kuty":226,"tr_ktu":46358,"tr_mtu":40687,"tr_pi_tul":37,"tr_ke_tul":171,"tr_hy_tul":18,"tr_ovy":10476928,"ra_ke":6,"ra_raky":206,"ra_muut":35,"ra_asrak":171,"ra_asunn":264,"ra_as_kpa":95.5,"ra_pt_as":197,"ra_kt_as":65,"ra_muu_as":2,"tp_tyopy":546,"tp_alku_a":6,"tp_jalo_bf":386,"tp_palv_gu":154,"tp_a_maat":6,"tp_b_kaiv":0,"tp_c_teol":358,"tp_d_ener":0,"tp_e_vesi":0,"tp_f_rake":28,"tp_g_kaup":61,"tp_h_kulj":57,"tp_i_majo":9,"tp_j_info":0,"tp_k_raho":0,"tp_l_kiin":0,"tp_m_erik":4,"tp_n_hall":0,"tp_o_julk":0,"tp_p_koul":22,"tp_q_terv":0,"tp_r_taid":0,"tp_s_muup":1,"tp_t_koti":0,"tp_u_kans":0,"tp_x_tunt":0,"pt_vakiy":506,"pt_tyoll":234,"pt_tyott":14,"pt_0_14":78,"pt_opisk":40,"pt_elakel":131,"pt_muut":9,"city":"jakobstadsregionen","pno":"68870","unemployment_rate":2.8,"higher_education_rate":21.2,"pensioner_share":25.9,"ownership_rate":67.7,"rental_rate":31,"population_density":41,"child_ratio":7.5,"student_share":7.9,"detached_house_share":74.6,"youth_ratio_pct":18.4,"gender_ratio":0.95,"single_parent_hh_pct":5.3,"families_with_children_pct":25.2,"tech_sector_pct":0,"healthcare_workers_pct":0,"employment_rate":46.2,"elderly_ratio_pct":24.7,"avg_household_size":2.24,"manufacturing_jobs_pct":70.7,"public_sector_jobs_pct":0,"service_sector_jobs_pct":28.2,"new_construction_pct":78,"foreign_language_pct":7.6,"crime_index":55.9,"property_price_sqm":null,"transit_stop_density":null,"air_quality_index":22.1,"green_space_pct":15.3,"daycare_density":0.1,"school_density":0.1,"healthcare_density":0,"restaurant_density":0.2,"grocery_density":0.1,"cycling_density":1.7,"single_person_hh_pct":35.8,"rental_price_sqm":null,"price_to_rent_ratio":null,"walkability_index":85,"traffic_accident_rate":3.3,"property_price_change_pct":null,"school_quality_score":null,"light_pollution":3.64,"noise_pollution":40,"voter_turnout_pct":71.7,"party_diversity_index":0.576,"broadband_coverage_pct":null,"ev_charging_density":0,"tree_canopy_pct":60.8,"transit_reachability_score":null,"sports_facility_density":0.4,"water_proximity_m":0,"avg_construction_year":1983,"income_history":[[2021,21670],[2022,21878],[2023,22142],[2024,23137],[2025,24282],[2026,25615]],"population_history":[[2021,519],[2022,512],[2023,523],[2024,519],[2025,509],[2026,506]],"unemployment_history":[[2021,2.3],[2022,3.7],[2023,2.5],[2024,3.3],[2025,3.7],[2026,2.8]],"income_change_pct":18.2,"population_change_pct":-2.5,"unemployment_change_pct":21.7,"schools":null}},{"type":"MultiPolygon","arcs":[[[-307,318,-123,-300,-279,-318]]],"properties":{"id":2026,"postinumeroalue":"68910","nimi":"Pännäinen","namn":"Bennäs","euref_x":289249,"euref_y":7059127,"pinta_ala":49672878,"vuosi":2026,"kunta":"599","he_vakiy":1301,"he_naiset":622,"he_miehet":679,"he_kika":41,"he_0_2":56,"he_3_6":83,"he_7_12":124,"he_13_15":55,"he_16_17":44,"he_18_19":23,"he_20_24":41,"he_25_29":58,"he_30_34":82,"he_35_39":72,"he_40_44":94,"he_45_49":65,"he_50_54":84,"he_55_59":67,"he_60_64":65,"he_65_69":72,"he_70_74":68,"he_75_79":69,"he_80_84":36,"he_85_":43,"ko_ika18y":939,"ko_perus":163,"ko_koul":776,"ko_yliop":35,"ko_ammat":411,"ko_al_kork":236,"ko_yl_kork":94,"hr_tuy":939,"hr_ktu":30044,"hr_mtu":27557,"hr_pi_tul":134,"hr_ke_tul":650,"hr_hy_tul":155,"hr_ovy":28211331,"te_taly":488,"te_takk":2.6,"te_as_valj":43.6,"te_yks":125,"te_nuor":20,"te_eil_np":8,"te_laps":175,"te_plap":51,"te_aklap":91,"te_klap":83,"te_teini":72,"te_yhlap":16,"te_aik":137,"te_elak":178,"te_omis_as":418,"te_vuok_as":60,"te_muu_as":10,"tr_kuty":488,"tr_ktu":57175,"tr_mtu":53956,"tr_pi_tul":70,"tr_ke_tul":351,"tr_hy_tul":67,"tr_ovy":27901506,"ra_ke":22,"ra_raky":626,"ra_muut":153,"ra_asrak":473,"ra_asunn":575,"ra_as_kpa":108.4,"ra_pt_as":515,"ra_kt_as":56,"ra_muu_as":4,"tp_tyopy":1142,"tp_alku_a":23,"tp_jalo_bf":430,"tp_palv_gu":689,"tp_a_maat":23,"tp_b_kaiv":0,"tp_c_teol":303,"tp_d_ener":0,"tp_e_vesi":52,"tp_f_rake":75,"tp_g_kaup":24,"tp_h_kulj":28,"tp_i_majo":42,"tp_j_info":0,"tp_k_raho":0,"tp_l_kiin":0,"tp_m_erik":20,"tp_n_hall":68,"tp_o_julk":57,"tp_p_koul":180,"tp_q_terv":242,"tp_r_taid":11,"tp_s_muup":17,"tp_t_koti":0,"tp_u_kans":0,"tp_x_tunt":0,"pt_vakiy":1301,"pt_tyoll":564,"pt_tyott":30,"pt_0_14":300,"pt_opisk":89,"pt_elakel":299,"pt_muut":19,"city":"jakobstadsregionen","pno":"68910","unemployment_rate":2.3,"higher_education_rate":35.1,"pensioner_share":23,"ownership_rate":85.7,"rental_rate":12.3,"population_density":26,"child_ratio":10.7,"student_share":6.8,"detached_house_share":89.6,"youth_ratio_pct":9.4,"gender_ratio":0.92,"single_parent_hh_pct":1.6,"families_with_children_pct":35.9,"tech_sector_pct":0,"healthcare_workers_pct":21.2,"employment_rate":43.4,"elderly_ratio_pct":22.1,"avg_household_size":2.67,"manufacturing_jobs_pct":37.7,"public_sector_jobs_pct":5,"service_sector_jobs_pct":60.3,"new_construction_pct":108.9,"foreign_language_pct":1.9,"crime_index":46.5,"property_price_sqm":null,"transit_stop_density":null,"air_quality_index":23.3,"green_space_pct":39.8,"daycare_density":0,"school_density":0.1,"healthcare_density":0,"restaurant_density":0,"grocery_density":0,"cycling_density":1,"single_person_hh_pct":25.6,"rental_price_sqm":null,"price_to_rent_ratio":null,"walkability_index":82,"traffic_accident_rate":4.9,"property_price_change_pct":null,"school_quality_score":63.1,"light_pollution":2.76,"noise_pollution":40,"voter_turnout_pct":71.7,"party_diversity_index":0.576,"broadband_coverage_pct":null,"ev_charging_density":0,"tree_canopy_pct":13.2,"transit_reachability_score":null,"sports_facility_density":0.4,"water_proximity_m":0,"avg_construction_year":1984,"income_history":[[2021,23037],[2022,23188],[2023,24087],[2024,25717],[2025,26278],[2026,27557]],"population_history":[[2021,1289],[2022,1286],[2023,1278],[2024,1289],[2025,1321],[2026,1301]],"unemployment_history":[[2021,1.9],[2022,1.7],[2023,1.8],[2024,1.2],[2025,1.9],[2026,2.3]],"income_change_pct":19.6,"population_change_pct":0.9,"unemployment_change_pct":21.1,"schools":[{"name":"Pedersöre gymnasium","score":63.1}]}},{"type":"MultiPolygon","arcs":[[[-194,-124,-319,-306,-317,319]]],"properties":{"id":2027,"postinumeroalue":"68920","nimi":"Forsby","namn":"Forsby","euref_x":294486,"euref_y":7054130,"pinta_ala":58285408,"vuosi":2026,"kunta":"599","he_vakiy":457,"he_naiset":228,"he_miehet":229,"he_kika":43,"he_0_2":8,"he_3_6":21,"he_7_12":31,"he_13_15":27,"he_16_17":14,"he_18_19":15,"he_20_24":29,"he_25_29":15,"he_30_34":27,"he_35_39":24,"he_40_44":22,"he_45_49":35,"he_50_54":30,"he_55_59":25,"he_60_64":30,"he_65_69":19,"he_70_74":23,"he_75_79":35,"he_80_84":14,"he_85_":13,"ko_ika18y":356,"ko_perus":68,"ko_koul":288,"ko_yliop":10,"ko_ammat":182,"ko_al_kork":69,"ko_yl_kork":27,"hr_tuy":356,"hr_ktu":29058,"hr_mtu":26990,"hr_pi_tul":58,"hr_ke_tul":244,"hr_hy_tul":54,"hr_ovy":10344479,"te_taly":189,"te_takk":2.4,"te_as_valj":51.6,"te_yks":58,"te_nuor":17,"te_eil_np":3,"te_laps":52,"te_plap":8,"te_aklap":20,"te_klap":19,"te_teini":29,"te_yhlap":3,"te_aik":67,"te_elak":70,"te_omis_as":175,"te_vuok_as":10,"te_muu_as":4,"tr_kuty":189,"tr_ktu":55144,"tr_mtu":53499,"tr_pi_tul":27,"tr_ke_tul":133,"tr_hy_tul":29,"tr_ovy":10422202,"ra_ke":17,"ra_raky":244,"ra_muut":47,"ra_asrak":197,"ra_asunn":207,"ra_as_kpa":120.3,"ra_pt_as":202,"ra_kt_as":0,"ra_muu_as":5,"tp_tyopy":70,"tp_alku_a":29,"tp_jalo_bf":23,"tp_palv_gu":18,"tp_a_maat":29,"tp_b_kaiv":0,"tp_c_teol":20,"tp_d_ener":0,"tp_e_vesi":0,"tp_f_rake":3,"tp_g_kaup":4,"tp_h_kulj":0,"tp_i_majo":0,"tp_j_info":4,"tp_k_raho":0,"tp_l_kiin":0,"tp_m_erik":1,"tp_n_hall":1,"tp_o_julk":0,"tp_p_koul":7,"tp_q_terv":0,"tp_r_taid":1,"tp_s_muup":0,"tp_t_koti":0,"tp_u_kans":0,"tp_x_tunt":0,"pt_vakiy":457,"pt_tyoll":226,"pt_tyott":8,"pt_0_14":78,"pt_opisk":32,"pt_elakel":107,"pt_muut":6,"city":"jakobstadsregionen","pno":"68920","unemployment_rate":1.8,"higher_education_rate":27,"pensioner_share":23.4,"ownership_rate":92.6,"rental_rate":5.3,"population_density":8,"child_ratio":6.3,"student_share":7,"detached_house_share":97.6,"youth_ratio_pct":12.9,"gender_ratio":1,"single_parent_hh_pct":1.6,"families_with_children_pct":27.5,"tech_sector_pct":5.7,"healthcare_workers_pct":0,"employment_rate":49.5,"elderly_ratio_pct":22.8,"avg_household_size":2.42,"manufacturing_jobs_pct":32.9,"public_sector_jobs_pct":0,"service_sector_jobs_pct":25.7,"new_construction_pct":117.9,"foreign_language_pct":2.1,"crime_index":33.7,"property_price_sqm":null,"transit_stop_density":null,"air_quality_index":22.2,"green_space_pct":68.9,"daycare_density":0,"school_density":0,"healthcare_density":0,"restaurant_density":0,"grocery_density":0,"cycling_density":0.1,"single_person_hh_pct":30.7,"rental_price_sqm":null,"price_to_rent_ratio":null,"walkability_index":78,"traffic_accident_rate":0.7,"property_price_change_pct":null,"school_quality_score":null,"light_pollution":0.18,"noise_pollution":40,"voter_turnout_pct":71.7,"party_diversity_index":0.576,"broadband_coverage_pct":null,"ev_charging_density":0,"tree_canopy_pct":60,"transit_reachability_score":null,"sports_facility_density":0,"water_proximity_m":0,"avg_construction_year":1984,"income_history":[[2021,23308],[2022,23228],[2023,24673],[2024,25321],[2025,26734],[2026,26990]],"population_history":[[2021,477],[2022,484],[2023,474],[2024,471],[2025,470],[2026,457]],"unemployment_history":[[2021,1.7],[2022,1.2],[2023,1.1],[2024,0.6],[2025,0.6],[2026,1.8]],"income_change_pct":15.8,"population_change_pct":-4.2,"unemployment_change_pct":5.9,"schools":null}},{"type":"MultiPolygon","arcs":[[[320,-195,-320,-316]]],"properties":{"id":2028,"postinumeroalue":"68930","nimi":"Purmo","namn":"Purmo","euref_x":300207,"euref_y":7049802,"pinta_ala":86379094,"vuosi":2026,"kunta":"599","he_vakiy":671,"he_naiset":317,"he_miehet":354,"he_kika":43,"he_0_2":18,"he_3_6":29,"he_7_12":51,"he_13_15":22,"he_16_17":25,"he_18_19":16,"he_20_24":28,"he_25_29":53,"he_30_34":37,"he_35_39":42,"he_40_44":45,"he_45_49":36,"he_50_54":28,"he_55_59":39,"he_60_64":44,"he_65_69":43,"he_70_74":38,"he_75_79":27,"he_80_84":26,"he_85_":24,"ko_ika18y":526,"ko_perus":103,"ko_koul":423,"ko_yliop":15,"ko_ammat":249,"ko_al_kork":112,"ko_yl_kork":47,"hr_tuy":526,"hr_ktu":28833,"hr_mtu":27174,"hr_pi_tul":88,"hr_ke_tul":349,"hr_hy_tul":89,"hr_ovy":15165955,"te_taly":278,"te_takk":2.4,"te_as_valj":46.9,"te_yks":75,"te_nuor":19,"te_eil_np":14,"te_laps":74,"te_plap":18,"te_aklap":37,"te_klap":40,"te_teini":34,"te_yhlap":6,"te_aik":103,"te_elak":102,"te_omis_as":240,"te_vuok_as":33,"te_muu_as":5,"tr_kuty":278,"tr_ktu":55087,"tr_mtu":53839,"tr_pi_tul":45,"tr_ke_tul":184,"tr_hy_tul":49,"tr_ovy":15314058,"ra_ke":23,"ra_raky":362,"ra_muut":73,"ra_asrak":289,"ra_asunn":333,"ra_as_kpa":109.5,"ra_pt_as":318,"ra_kt_as":11,"ra_muu_as":4,"tp_tyopy":118,"tp_alku_a":44,"tp_jalo_bf":37,"tp_palv_gu":37,"tp_a_maat":44,"tp_b_kaiv":0,"tp_c_teol":19,"tp_d_ener":0,"tp_e_vesi":6,"tp_f_rake":12,"tp_g_kaup":2,"tp_h_kulj":3,"tp_i_majo":9,"tp_j_info":0,"tp_k_raho":0,"tp_l_kiin":3,"tp_m_erik":1,"tp_n_hall":1,"tp_o_julk":0,"tp_p_koul":0,"tp_q_terv":14,"tp_r_taid":1,"tp_s_muup":3,"tp_t_koti":0,"tp_u_kans":0,"tp_x_tunt":0,"pt_vakiy":671,"pt_tyoll":330,"pt_tyott":8,"pt_0_14":115,"pt_opisk":37,"pt_elakel":170,"pt_muut":11,"city":"jakobstadsregionen","pno":"68930","unemployment_rate":1.2,"higher_education_rate":30.2,"pensioner_share":25.3,"ownership_rate":86.3,"rental_rate":11.9,"population_density":8,"child_ratio":7,"student_share":5.5,"detached_house_share":95.5,"youth_ratio_pct":14.5,"gender_ratio":0.9,"single_parent_hh_pct":5,"families_with_children_pct":26.6,"tech_sector_pct":0,"healthcare_workers_pct":11.9,"employment_rate":49.2,"elderly_ratio_pct":23.5,"avg_household_size":2.41,"manufacturing_jobs_pct":31.4,"public_sector_jobs_pct":0,"service_sector_jobs_pct":31.4,"new_construction_pct":108.7,"foreign_language_pct":1.9,"crime_index":34,"property_price_sqm":null,"transit_stop_density":null,"air_quality_index":22.4,"green_space_pct":42.6,"daycare_density":0,"school_density":0,"healthcare_density":0,"restaurant_density":0,"grocery_density":0,"cycling_density":0,"single_person_hh_pct":27,"rental_price_sqm":null,"price_to_rent_ratio":null,"walkability_index":76,"traffic_accident_rate":null,"property_price_change_pct":null,"school_quality_score":null,"light_pollution":0.07,"noise_pollution":40,"voter_turnout_pct":71.7,"party_diversity_index":0.576,"broadband_coverage_pct":null,"ev_charging_density":0,"tree_canopy_pct":39.8,"transit_reachability_score":null,"sports_facility_density":0,"water_proximity_m":0,"avg_construction_year":1984,"income_history":[[2021,22301],[2022,22622],[2023,23057],[2024,24761],[2025,25699],[2026,27174]],"population_history":[[2021,682],[2022,679],[2023,680],[2024,673],[2025,670],[2026,671]],"unemployment_history":[[2021,0.7],[2022,1.3],[2023,1.2],[2024,0.7],[2025,0.7],[2026,1.2]],"income_change_pct":21.9,"population_change_pct":-1.6,"unemployment_change_pct":71.4,"schools":null}},{"type":"MultiPolygon","arcs":[[[-196,-321,-315,-201,321,322]]],"properties":{"id":2029,"postinumeroalue":"68940","nimi":"Lillby","namn":"Lillby","euref_x":304577,"euref_y":7043158,"pinta_ala":95051233,"vuosi":2026,"kunta":"599","he_vakiy":469,"he_naiset":218,"he_miehet":251,"he_kika":47,"he_0_2":10,"he_3_6":18,"he_7_12":45,"he_13_15":15,"he_16_17":11,"he_18_19":10,"he_20_24":22,"he_25_29":18,"he_30_34":21,"he_35_39":28,"he_40_44":20,"he_45_49":29,"he_50_54":24,"he_55_59":25,"he_60_64":33,"he_65_69":31,"he_70_74":27,"he_75_79":32,"he_80_84":21,"he_85_":29,"ko_ika18y":370,"ko_perus":98,"ko_koul":272,"ko_yliop":5,"ko_ammat":181,"ko_al_kork":64,"ko_yl_kork":22,"hr_tuy":370,"hr_ktu":28276,"hr_mtu":24654,"hr_pi_tul":73,"hr_ke_tul":236,"hr_hy_tul":61,"hr_ovy":10462140,"te_taly":194,"te_takk":2.3,"te_as_valj":46.5,"te_yks":68,"te_nuor":10,"te_eil_np":3,"te_laps":48,"te_plap":7,"te_aklap":20,"te_klap":31,"te_teini":21,"te_yhlap":5,"te_aik":60,"te_elak":87,"te_omis_as":170,"te_vuok_as":20,"te_muu_as":4,"tr_kuty":194,"tr_ktu":52626,"tr_mtu":43618,"tr_pi_tul":50,"tr_ke_tul":115,"tr_hy_tul":29,"tr_ovy":10209367,"ra_ke":50,"ra_raky":263,"ra_muut":60,"ra_asrak":203,"ra_asunn":238,"ra_as_kpa":103.3,"ra_pt_as":218,"ra_kt_as":12,"ra_muu_as":8,"tp_tyopy":162,"tp_alku_a":50,"tp_jalo_bf":42,"tp_palv_gu":70,"tp_a_maat":50,"tp_b_kaiv":0,"tp_c_teol":24,"tp_d_ener":0,"tp_e_vesi":0,"tp_f_rake":18,"tp_g_kaup":7,"tp_h_kulj":1,"tp_i_majo":0,"tp_j_info":0,"tp_k_raho":4,"tp_l_kiin":0,"tp_m_erik":6,"tp_n_hall":3,"tp_o_julk":0,"tp_p_koul":21,"tp_q_terv":27,"tp_r_taid":0,"tp_s_muup":1,"tp_t_koti":0,"tp_u_kans":0,"tp_x_tunt":0,"pt_vakiy":469,"pt_tyoll":203,"pt_tyott":9,"pt_0_14":84,"pt_opisk":20,"pt_elakel":144,"pt_muut":9,"city":"jakobstadsregionen","pno":"68940","unemployment_rate":1.9,"higher_education_rate":23.2,"pensioner_share":30.7,"ownership_rate":87.6,"rental_rate":10.3,"population_density":5,"child_ratio":6,"student_share":4.3,"detached_house_share":91.6,"youth_ratio_pct":10.7,"gender_ratio":0.87,"single_parent_hh_pct":1.5,"families_with_children_pct":24.7,"tech_sector_pct":0,"healthcare_workers_pct":16.7,"employment_rate":43.3,"elderly_ratio_pct":29.9,"avg_household_size":2.42,"manufacturing_jobs_pct":25.9,"public_sector_jobs_pct":0,"service_sector_jobs_pct":43.2,"new_construction_pct":110.5,"foreign_language_pct":1.4,"crime_index":31.1,"property_price_sqm":null,"transit_stop_density":null,"air_quality_index":23,"green_space_pct":24.5,"daycare_density":0,"school_density":0,"healthcare_density":0,"restaurant_density":0,"grocery_density":0,"cycling_density":0,"single_person_hh_pct":35.1,"rental_price_sqm":null,"price_to_rent_ratio":null,"walkability_index":76,"traffic_accident_rate":2.1,"property_price_change_pct":null,"school_quality_score":null,"light_pollution":0.06,"noise_pollution":40,"voter_turnout_pct":71.7,"party_diversity_index":0.576,"broadband_coverage_pct":null,"ev_charging_density":0,"tree_canopy_pct":25.2,"transit_reachability_score":null,"sports_facility_density":0.1,"water_proximity_m":0,"avg_construction_year":1984,"income_history":[[2021,20156],[2022,20186],[2023,21291],[2024,22739],[2025,23830],[2026,24654]],"population_history":[[2021,489],[2022,496],[2023,488],[2024,478],[2025,482],[2026,469]],"unemployment_history":[[2021,0.6],[2022,1.2],[2023,0.8],[2024,1.3],[2025,1.2],[2026,1.9]],"income_change_pct":22.3,"population_change_pct":-4.1,"unemployment_change_pct":216.7,"schools":null}},{"type":"MultiPolygon","arcs":[[[-174,-197,-323,323]]],"properties":{"id":2030,"postinumeroalue":"68970","nimi":"Överpurmo","namn":"Överpurmo","euref_x":302403,"euref_y":7035309,"pinta_ala":97795233,"vuosi":2026,"kunta":"599","he_vakiy":207,"he_naiset":95,"he_miehet":112,"he_kika":51,"he_0_2":3,"he_3_6":6,"he_7_12":13,"he_13_15":4,"he_16_17":5,"he_18_19":6,"he_20_24":6,"he_25_29":4,"he_30_34":12,"he_35_39":10,"he_40_44":6,"he_45_49":9,"he_50_54":17,"he_55_59":13,"he_60_64":17,"he_65_69":30,"he_70_74":14,"he_75_79":8,"he_80_84":11,"he_85_":13,"ko_ika18y":176,"ko_perus":57,"ko_koul":119,"ko_yliop":4,"ko_ammat":81,"ko_al_kork":27,"ko_yl_kork":7,"hr_tuy":176,"hr_ktu":25248,"hr_mtu":20465,"hr_pi_tul":54,"hr_ke_tul":103,"hr_hy_tul":19,"hr_ovy":4443587,"te_taly":96,"te_takk":2.2,"te_as_valj":47.9,"te_yks":32,"te_nuor":2,"te_eil_np":1,"te_laps":17,"te_plap":3,"te_aklap":6,"te_klap":9,"te_teini":7,"te_yhlap":4,"te_aik":28,"te_elak":53,"te_omis_as":84,"te_vuok_as":8,"te_muu_as":4,"tr_kuty":96,"tr_ktu":46653,"tr_mtu":38331,"tr_pi_tul":33,"tr_ke_tul":49,"tr_hy_tul":14,"tr_ovy":4478727,"ra_ke":32,"ra_raky":142,"ra_muut":22,"ra_asrak":120,"ra_asunn":138,"ra_as_kpa":96.7,"ra_pt_as":133,"ra_kt_as":0,"ra_muu_as":5,"tp_tyopy":24,"tp_alku_a":11,"tp_jalo_bf":9,"tp_palv_gu":4,"tp_a_maat":11,"tp_b_kaiv":0,"tp_c_teol":1,"tp_d_ener":0,"tp_e_vesi":0,"tp_f_rake":8,"tp_g_kaup":3,"tp_h_kulj":0,"tp_i_majo":0,"tp_j_info":0,"tp_k_raho":0,"tp_l_kiin":0,"tp_m_erik":0,"tp_n_hall":1,"tp_o_julk":0,"tp_p_koul":0,"tp_q_terv":0,"tp_r_taid":0,"tp_s_muup":0,"tp_t_koti":0,"tp_u_kans":0,"tp_x_tunt":0,"pt_vakiy":207,"pt_tyoll":71,"pt_tyott":9,"pt_0_14":23,"pt_opisk":11,"pt_elakel":87,"pt_muut":6,"city":"jakobstadsregionen","pno":"68970","unemployment_rate":4.3,"higher_education_rate":19.3,"pensioner_share":42,"ownership_rate":87.5,"rental_rate":8.3,"population_density":2,"child_ratio":4.3,"student_share":5.3,"detached_house_share":96.4,"youth_ratio_pct":7.7,"gender_ratio":0.85,"single_parent_hh_pct":1,"families_with_children_pct":17.7,"tech_sector_pct":0,"healthcare_workers_pct":0,"employment_rate":34.3,"elderly_ratio_pct":36.7,"avg_household_size":2.16,"manufacturing_jobs_pct":37.5,"public_sector_jobs_pct":0,"service_sector_jobs_pct":16.7,"new_construction_pct":102.9,"foreign_language_pct":3.2,"crime_index":27.9,"property_price_sqm":null,"transit_stop_density":null,"air_quality_index":23.4,"green_space_pct":40.3,"daycare_density":0,"school_density":0,"healthcare_density":0,"restaurant_density":0,"grocery_density":0,"cycling_density":0,"single_person_hh_pct":33.3,"rental_price_sqm":null,"price_to_rent_ratio":null,"walkability_index":76,"traffic_accident_rate":3.2,"property_price_change_pct":null,"school_quality_score":null,"light_pollution":0.02,"noise_pollution":40,"voter_turnout_pct":71.7,"party_diversity_index":0.576,"broadband_coverage_pct":null,"ev_charging_density":0,"tree_canopy_pct":48.4,"transit_reachability_score":null,"sports_facility_density":0.1,"water_proximity_m":0,"avg_construction_year":1984,"income_history":[[2021,18433],[2022,17884],[2023,18545],[2024,19586],[2025,20636],[2026,20465]],"population_history":[[2021,215],[2022,222],[2023,221],[2024,212],[2025,216],[2026,207]],"unemployment_history":[[2021,1.4],[2022,0.9],[2023,0.5],[2024,1.4],[2025,3.2],[2026,4.3]],"income_change_pct":11,"population_change_pct":-3.7,"unemployment_change_pct":207.1,"schools":null}}]}},"arcs":[[[22.74189257145938,63.91701229351676],[22.741257944710696,63.916922255336814],[22.740494075241937,63.917149497951144],[22.740198069503545,63.91749754635952],[22.741316779778227,63.91760184397427],[22.74188692775585,63.91758295319217],[22.741935484268776,63.91726329322663],[22.74189257145938,63.91701229351676]],[[22.753701174247016,63.90311033960186],[22.75290016646557,63.903051135451285],[22.752824874941112,63.90354839253139],[22.753115169176336,63.903770978210424],[22.753986084270473,63.90390358526729],[22.75433552863881,63.90373546531181],[22.75422263511896,63.90341106360421],[22.753701174247016,63.90311033960186]],[[22.7508478798195,63.889115084416595],[22.750131483190174,63.88885617794795],[22.74926460732932,63.88887825222933],[22.748798890769557,63.889102397411996],[22.748963610475183,63.88944022361641],[22.74960122927135,63.88950654460663],[22.750367830829855,63.88943395069136],[22.7508478798195,63.889115084416595]],[[22.730406896150484,63.913676826994866],[22.729842231165122,63.91366015543869],[22.729239694839176,63.91389210223282],[22.729583520877178,63.91429470265593],[22.73012115183547,63.91448896083547],[22.730766503456728,63.91450801277916],[22.730901255018544,63.9141552217397],[22.730713338279344,63.9137929047772],[22.730406896150484,63.913676826994866]],[[22.740034428428455,63.91164174988024],[22.73956664781855,63.91152093999412],[22.73898582714672,63.91161085684543],[22.738544733351482,63.91184759742171],[22.738173498585315,63.91215774803687],[22.739297384000714,63.91222654077459],[22.74019547430996,63.91218164442833],[22.74046983695891,63.91197566612637],[22.740034428428455,63.91164174988024]],[[22.753080141652372,63.8931954777862],[22.752747672902284,63.8931095991524],[22.75231488689924,63.893115909144825],[22.75161841252225,63.89315252223613],[22.751091038337833,63.89321313058644],[22.750678295606946,63.89337224374677],[22.751039410609675,63.893554106827025],[22.75132888598002,63.89363872566757],[22.75166135661443,63.89372460667624],[22.7520454234382,63.89375492199679],[22.752486821187052,63.89369178355454],[22.752813574359475,63.89353013872478],[22.753054340113884,63.89336596590403],[22.753080141652372,63.8931954777862]],[[22.732148421701336,63.89730257122359],[22.731342225196023,63.897278766999726],[22.73092831903293,63.89733789783904],[22.73074005751049,63.897510722988926],[22.730406767827283,63.89757223329052],[22.730594579638964,63.89793455045026],[22.7309976867123,63.89794645526922],[22.731642659231458,63.897965500660234],[22.732395266055995,63.89780933590915],[22.732524509400847,63.89749205815662],[22.732148421701336,63.89730257122359]],[[22.730813483679846,63.89968918740898],[22.730093253154873,63.89963223900172],[22.729432023542383,63.899719738596986],[22.728829787277075,63.899951686096756],[22.728630679169566,63.90019554264655],[22.728823892045764,63.900522344328245],[22.729549551406866,63.90054378156909],[22.730280615752946,63.900529698295756],[22.730554935651,63.90032373742419],[22.730829249320404,63.90011777683474],[22.730872489331105,63.89983363754657],[22.730813483679846,63.89968918740898]],[[22.73871434725954,63.90099259373723],[22.73844038285788,63.90066342762411],[22.73728457963663,63.900807736989954],[22.737386473566705,63.901203185728804],[22.737741061668228,63.90153473182064],[22.73819787702283,63.901726582658995],[22.738547085614748,63.90209364316119],[22.73910612945283,63.90214579729263],[22.73983183841783,63.90216718324925],[22.73949340116158,63.901729089451614],[22.739068948591452,63.901324136673445],[22.73871434725954,63.90099259373723]],[[22.74195117221963,63.91822702341618],[22.741440366611652,63.91785521923261],[22.740773342299452,63.91797828497522],[22.740090119275518,63.91820790095964],[22.739740407387696,63.918375984394146],[22.739675628553783,63.918802196689896],[22.74028330434758,63.91906983071077],[22.74076200472601,63.91911960460496],[22.741434452611585,63.918961020977804],[22.741891822774473,63.91861771967605],[22.74195117221963,63.91822702341618]],[[22.766598657683065,63.88130046883117],[22.765760592202145,63.881133209477944],[22.765402573010416,63.88136055831367],[22.76504454609543,63.88158790526264],[22.764994542628447,63.88191941679074],[22.76580405815865,63.88227611566232],[22.766326976970532,63.88238657374876],[22.767086203626423,63.88236124761638],[22.76747277967439,63.881944459264446],[22.767408176352387,63.8816571587632],[22.76720758061318,63.88155614740677],[22.766598657683065,63.88130046883117]],[[22.75415814442701,63.90116156244088],[22.75335181619096,63.901137880031506],[22.752975510091776,63.90148358979977],[22.753088382219605,63.901807992388136],[22.753561438933133,63.901893240068546],[22.754314032939114,63.90227210614557],[22.754840860425013,63.9025373099555],[22.755647230370123,63.902560984353826],[22.75586224653522,63.90221053345715],[22.755899863575955,63.90196190390248],[22.75610412278963,63.901682489408316],[22.755421405626233,63.90137703767211],[22.754706450806836,63.90128469222501],[22.75415814442701,63.90116156244088]],[[22.725954570272975,63.91311718803984],[22.725503072203885,63.91288978151091],[22.72444361389498,63.91292981691596],[22.723754967455847,63.91319487231804],[22.7230018984219,63.91335098862107],[22.723227035753418,63.91399983632422],[22.72375378142175,63.91426515246535],[22.724296787328083,63.914423915534535],[22.7251408120579,63.914734283482645],[22.725947503036632,63.91475812572582],[22.72663075229805,63.914528576582235],[22.726690303306246,63.914137887863994],[22.72656686528878,63.913884500976884],[22.72647049837854,63.9134535284031],[22.725954570272975,63.91311718803984]],[[22.789365848539813,63.89937287016173],[22.788617378240613,63.8991798277846],[22.787181208929187,63.899252145673834],[22.785960370052393,63.89961612988148],[22.785221397065865,63.90022247555073],[22.78563500526367,63.900919501497754],[22.785721335088226,63.90120742076708],[22.786306671681775,63.90162404604171],[22.787218350113747,63.901593532912095],[22.788568280681393,63.901233296942564],[22.789169661036997,63.90068000826986],[22.789512989827912,63.90011920252806],[22.789581224029245,63.89966454566194],[22.789365848539813,63.89937287016173]],[[22.819814819156544,63.8789456280884],[22.818768504495228,63.87886430361905],[22.816781068223204,63.87916828277421],[22.815119821303625,63.87931044403659],[22.81414393985802,63.879776865812836],[22.813429311392714,63.88051722319502],[22.81377434095096,63.88109801389208],[22.814605641206494,63.88131235886207],[22.81635861007227,63.88113480387116],[22.81783676457941,63.88106343225288],[22.81950025380168,63.88061688036582],[22.819250190352264,63.880267169996394],[22.81913470022542,63.87988330032837],[22.81980686087682,63.87942708626363],[22.819814819156544,63.8789456280884]],[[22.733227736877183,63.88499584362174],[22.732870633025904,63.884965151220285],[22.732442922387737,63.88497109398044],[22.731967765886935,63.88503547700214],[22.731483175869094,63.88515883929295],[22.731007982135818,63.88533081848113],[22.730558940335886,63.885537907747334],[22.730234549422256,63.88571940638087],[22.7301522454599,63.88576545569235],[22.72980427794352,63.885998607959294],[22.729516828228707,63.88622691814604],[22.729243722548123,63.88645771125669],[22.72898259449732,63.886691339934316],[22.72873770489569,63.886927324279746],[22.728515198562906,63.88716543157586],[22.728323555164877,63.88740556916059],[22.728301916031462,63.887440640266774],[22.728174168282692,63.88764769277026],[22.72808118700064,63.88788062521699],[22.72803688105694,63.8881123733397],[22.72804167309054,63.88833972601969],[22.728100115988617,63.88855893884139],[22.72821773686125,63.88877135270521],[22.728372153766195,63.88897026317478],[22.728519285565532,63.889129248878696],[22.72868130983698,63.88927090592512],[22.72871982747345,63.88929535400147],[22.72886565168289,63.88938791602209],[22.729081289465274,63.88947131851228],[22.7293430355237,63.8895141625158],[22.729511642961437,63.88951539607133],[22.729627742143357,63.889516245683154],[22.729914580576597,63.88948205942927],[22.730196122284703,63.889412060308395],[22.730449887837977,63.889316417495984],[22.7309274329088,63.88907751137542],[22.731699851792065,63.88875240126329],[22.732004162057,63.8885919892514],[22.73229163113917,63.88841077487753],[22.732562751429214,63.88821419792237],[22.732816555075168,63.8880064369653],[22.733050304407328,63.88779067443526],[22.733259028106474,63.887569316654066],[22.733435629291563,63.88733319172148],[22.733567016840837,63.8870612213593],[22.733638207000066,63.886788947174395],[22.733677856106084,63.88650766661691],[22.73373150181699,63.88599317167521],[22.73374149188298,63.88577094367042],[22.733723616173467,63.885550743560806],[22.733684754756144,63.88536118468475],[22.733638128020008,63.88521288641855],[22.73359660215472,63.88511652782219],[22.733572040307113,63.88508298489504],[22.73347450146894,63.88504124647132],[22.733227736877183,63.88499584362174]],[[22.792865278714405,63.89245386152493],[22.791575487402305,63.89241631499409],[22.789959538304604,63.892825901608546],[22.788601504468197,63.89324298578774],[22.788103672208987,63.893970528654705],[22.787975718373133,63.89482300939052],[22.7878989419257,63.89533449753716],[22.787693168518896,63.89584222686696],[22.788149429873187,63.89625508548061],[22.789740023748873,63.89601601697506],[22.793162075745084,63.89565900035535],[22.794141701296343,63.89517378280016],[22.794191588786198,63.89397654813998],[22.79427676355754,63.8934082224742],[22.79346758393944,63.89275679311981],[22.792865278714405,63.89245386152493]],[[22.72572162399147,63.895899661102156],[22.72758118028498,63.89591895777945],[22.72830671963386,63.895940400416485],[22.730558551198705,63.896042605214575],[22.7317677921161,63.89607831604183],[22.732617167322115,63.89581797750359],[22.732665782620387,63.89549832042593],[22.732719798226384,63.89514314545702],[22.73261258757782,63.89478321076843],[22.732241936900266,63.89455820642691],[22.731796084686415,63.89429530307482],[22.731339432847086,63.894103433043014],[22.73030771253374,63.89396592934809],[22.72934039446135,63.89393735225998],[22.728373078592195,63.89390876871722],[22.727405764926765,63.893880178719805],[22.726438453465544,63.89385158226778],[22.724906881663667,63.89380629135655],[22.7236815115329,63.893877075366035],[22.723498642659994,63.894014373558335],[22.723063115353508,63.894215550964965],[22.72286941376371,63.89442388224832],[22.722584268928475,63.89470086256356],[22.722530126320684,63.89505603285941],[22.72270699413571,63.895489393445665],[22.723636465881373,63.895766634575516],[22.72450698834271,63.895899416421656],[22.72572162399147,63.895899661102156]],[[22.783724078935364,63.90681416728349],[22.78335227067537,63.90678551729866],[22.783155008432523,63.906779946427704],[22.782972144100537,63.9067747825938],[22.78254994205276,63.90677720493347],[22.781975426804436,63.90679537528795],[22.781374011459413,63.906833123372024],[22.780773961879024,63.90689607921134],[22.780172497334995,63.90699363801974],[22.779622494881103,63.90711474489674],[22.77914080645541,63.907246929154375],[22.777789697886643,63.907657595661476],[22.77734622312629,63.90780025048452],[22.77692235785494,63.90794991024769],[22.776529452431816,63.90811014451783],[22.776181414674,63.90828522960383],[22.775907513157197,63.90846521046395],[22.775678865205247,63.90865786883019],[22.77549007821577,63.90885920900536],[22.775339211405605,63.90906580440453],[22.77530913768244,63.909122088616726],[22.775227677715147,63.909274541222395],[22.77516029802714,63.90948236743443],[22.77514552624743,63.90968604587609],[22.77518538680884,63.90986537237362],[22.775273400899753,63.910034618408595],[22.77540647628493,63.91018950460596],[22.775584427105436,63.910324777545156],[22.775809902098135,63.910433927190404],[22.776085692751423,63.910511254846504],[22.77639791088689,63.910556626091406],[22.776731586971078,63.910570754152054],[22.777073221110356,63.910552481513285],[22.777425024721044,63.910498827202815],[22.77777531745351,63.91041823970898],[22.77812819041064,63.91032029684664],[22.77886147547274,63.91010541853326],[22.77886180084602,63.910105331847205],[22.779917447099372,63.90982325787576],[22.780310688845677,63.909703682718046],[22.780694258568367,63.90957313812683],[22.781065833634038,63.909432569494854],[22.781422255282234,63.90928218500703],[22.781799166941045,63.909099260036676],[22.782187686848697,63.908876646169446],[22.782576750167603,63.908623745939785],[22.782952731856252,63.908352170546145],[22.783302008748862,63.908073404609475],[22.78361114096735,63.90779883481635],[22.783867460715808,63.90753989200444],[22.784060293765286,63.907308328538576],[22.784168060074254,63.90714666930702],[22.784195262186334,63.907094091556395],[22.784233137947968,63.90702088224674],[22.784260516499536,63.90693975404736],[22.784253165514187,63.90691235857758],[22.784193696639345,63.906887289153524],[22.784010787282078,63.90685157057927],[22.783724078935364,63.90681416728349]],[[22.721501900316955,63.914507752779095],[22.72021844493262,63.9144222076071],[22.71834659031718,63.914652220724136],[22.71703420057849,63.91475606968896],[22.715534633642402,63.915377630764674],[22.714930925249067,63.91632303511006],[22.71529578509941,63.91694035960156],[22.716535921355806,63.917310082418766],[22.718249767366103,63.9174083995081],[22.721053770933604,63.91744381227037],[22.72192877561204,63.91737455666276],[22.72412348738153,63.91715403983854],[22.72415238103366,63.91696461605334],[22.72425350544681,63.91630163226204],[22.723479681754718,63.91570791819576],[22.72322201674549,63.9152721729828],[22.72211111492925,63.9147636225297],[22.721501900316955,63.914507752779095]],[[22.760166934133192,63.9129950059315],[22.760661618105235,63.91300829494619],[22.761161763210087,63.91303206555816],[22.761661164527997,63.913063191882046],[22.762582263042002,63.91313161874359],[22.76300348637408,63.91315638390967],[22.76342001101805,63.91316335177064],[22.763880319877796,63.9131408595958],[22.764331734654494,63.91308969059004],[22.764767221511626,63.91301488138768],[22.765177916782903,63.912919894139094],[22.76555251831341,63.912806807254356],[22.765876554073685,63.91267646749195],[22.76614699744413,63.91252082485039],[22.766289259224532,63.91240011614956],[22.766379728366285,63.91227577150485],[22.76641210224442,63.91214397216344],[22.766378456107265,63.91201571366086],[22.766276373136876,63.91189592137432],[22.766040942603883,63.911759398361056],[22.765711832876285,63.91164468428394],[22.76531279053752,63.911551955171426],[22.764861657121543,63.91148301211124],[22.76435342781256,63.911438465838],[22.763818630362373,63.911417458915885],[22.763269584867643,63.911416051571955],[22.762716559369963,63.91143206439965],[22.76216866251355,63.91146493908586],[22.761634629981486,63.91151566705271],[22.761123518143663,63.91158677831633],[22.760630006148876,63.911679568025164],[22.759712911228018,63.91186408181997],[22.759248944455354,63.91195217076348],[22.75878445380545,63.912031623126104],[22.75832163740995,63.91209739836788],[22.75786272440838,63.9121435381765],[22.757539424027367,63.91216215294213],[22.756772147074916,63.91218797043024],[22.75631897368223,63.912192636441404],[22.755809486370953,63.91217854268205],[22.75529034188334,63.91214820590374],[22.75371399897922,63.91202421004529],[22.75319621581095,63.91199390380625],[22.752727453564233,63.91198332052372],[22.752691293396012,63.911982503932954],[22.75252080157245,63.91199214464381],[22.75219939617149,63.912010317742975],[22.75173088811831,63.91210415122612],[22.75130492756557,63.912255331017455],[22.751216157425816,63.91230333371353],[22.750945184420747,63.91244985996365],[22.750674253603915,63.912673572806526],[22.750511295971872,63.91291208830829],[22.75046250889273,63.91314496830301],[22.750502661039086,63.913357367233544],[22.750600194172936,63.913530524730895],[22.750712009206335,63.9136459768983],[22.75079818863095,63.91368562403222],[22.750866413463676,63.913666122525946],[22.75106794631096,63.91364635662843],[22.751383182449555,63.91362902466147],[22.7517930509354,63.91361859879803],[22.7523712953976,63.91361978449767],[22.753206787826706,63.91363440736612],[22.75372570291158,63.91364348735853],[22.754408213391674,63.91364660074623],[22.755077733280114,63.91363769569401],[22.755704612974935,63.913615155263116],[22.756258999390983,63.91357777682943],[22.756724834889408,63.913524358380535],[22.757152312639544,63.91345133663521],[22.75756737014508,63.91335268412391],[22.75796426768549,63.913244659585644],[22.758363829159936,63.9131428239495],[22.75878591261913,63.9130623922537],[22.759221041470614,63.91301643273482],[22.759684278182274,63.91299607491666],[22.760166934133192,63.9129950059315]],[[22.735844360788843,63.91282175187893],[22.73544944004587,63.91279650944081],[22.735062380691684,63.912805098405606],[22.734699262952528,63.91285343802584],[22.734388207012703,63.912941029303006],[22.73411275510281,63.91306263531767],[22.73387327843184,63.91321070083269],[22.733672529834728,63.91337958546568],[22.73349100577747,63.91359714037133],[22.733362353015085,63.913829957524605],[22.733284389884293,63.91407220235997],[22.73325983946574,63.91431927177429],[22.73329641703084,63.91456735442693],[22.7333852358849,63.9147854630898],[22.733436375981423,63.91487043864069],[22.73351534330445,63.91500164877905],[22.733672777087886,63.91521585367817],[22.734176369919417,63.91582491729761],[22.73432084293581,63.9160309793181],[22.73444285993152,63.91623811291771],[22.7345476271039,63.9164434872159],[22.73478674311976,63.91696839879936],[22.734863513815103,63.91709436882215],[22.735030711264454,63.91726751730433],[22.735269897567644,63.91741853208026],[22.73561402569459,63.917549739056405],[22.73602434303244,63.917648351939626],[22.736477033523858,63.917716585213924],[22.73695120664761,63.9177533247684],[22.737427263469858,63.91775376781409],[22.7378852166831,63.91770882772026],[22.738308968581823,63.917609887799415],[22.738731154862705,63.91744456695806],[22.73917173783182,63.91721114936624],[22.739615999888127,63.91693094313861],[22.74004952179488,63.91662498484745],[22.740457777103586,63.91631371293931],[22.740825945450357,63.91601698649395],[22.74153733129741,63.915410956742946],[22.741591595721403,63.915373548714136],[22.741043371205524,63.915078136535],[22.740669646302944,63.91488542926173],[22.740237445489523,63.914670788656814],[22.73976880949751,63.91444935608853],[22.73928596328528,63.91423648808525],[22.738955321798894,63.91410156142091],[22.73828638189166,63.91384716557113],[22.73800324260218,63.91372585828965],[22.737813915211593,63.91361402308403],[22.737791201540418,63.9135977876335],[22.73746528109421,63.91336482399232],[22.737217612893236,63.91321623214189],[22.73692721649564,63.91307867508533],[22.736593826850967,63.91296202051052],[22.736231338980502,63.91287733024532],[22.735844360788843,63.91282175187893]],[[22.819923963151446,63.872245941833924],[22.819629303654704,63.872204257797414],[22.819283863618846,63.87220859439758],[22.818893392654765,63.87224688119044],[22.8184684887447,63.872307770550485],[22.818399703601877,63.87231911726632],[22.81754140840943,63.872460695898724],[22.81704578055566,63.872537097038894],[22.81648126748911,63.87261194944344],[22.815315943428512,63.87274892618895],[22.81473050242259,63.87282249608101],[22.814152561044704,63.87290805639232],[22.813606089601702,63.873007403862395],[22.813071378264322,63.873120978001076],[22.81254727270997,63.873245714441744],[22.812033644510326,63.87337957270366],[22.811531566727403,63.87352142444777],[22.811043520763555,63.873670992078914],[22.810573734430253,63.87382882351537],[22.810128627870327,63.87399632312342],[22.80971739869614,63.874175819950146],[22.809396217200284,63.87434273097101],[22.809108690717377,63.874518755273115],[22.80885605807299,63.87470198738046],[22.80864228790362,63.87489090571458],[22.80847442130012,63.875084276478084],[22.808349374365825,63.875306525823206],[22.808294497964916,63.87552791469253],[22.808314069617452,63.8757428116231],[22.80841952628363,63.8759446484519],[22.80859017726222,63.87610367366307],[22.80882645376317,63.87624502085218],[22.809118687156136,63.876365567843244],[22.80945398791663,63.8764607372403],[22.809600891616366,63.87648908366704],[22.80982449080594,63.87653222967582],[22.81023754857395,63.8765758814104],[22.810277288904256,63.87657624276855],[22.810719276847514,63.876580258566],[22.81124640523273,63.87654148582255],[22.8118847327435,63.876442908875624],[22.812529608774195,63.87630330583488],[22.813159880091412,63.876142915217216],[22.814019208924798,63.87590595021053],[22.814915922283795,63.87565866630477],[22.81511080114435,63.87560759847163],[22.815169729437354,63.87559906248885],[22.815194032513375,63.87556893997544],[22.815296670383983,63.875524399398365],[22.81550917159351,63.875462582910515],[22.815790796453307,63.87539012874066],[22.81609743158657,63.875300153608286],[22.816379488279345,63.875183046999254],[22.816576723785097,63.875048403296326],[22.816730113976675,63.87488923568381],[22.81690514938555,63.874666223840784],[22.81701189684976,63.87453021546929],[22.81720530970753,63.87433736630267],[22.81742786250963,63.87415589367667],[22.817686251904487,63.873977363816685],[22.81797509199048,63.87380096355644],[22.818285952297735,63.87362918671428],[22.81861205897354,63.873464712636356],[22.81894760982535,63.87331059760384],[22.819545289153382,63.87305845803817],[22.819805201851878,63.87293730878619],[22.820013617857633,63.872813723545406],[22.820155558791384,63.87268274149193],[22.82022375479285,63.87255300198511],[22.820216986291,63.872432653260596],[22.820129518288518,63.872330446287044],[22.820004910228796,63.87227921992854],[22.819923963151446,63.872245941833924]],[[22.8324610207205,63.87144549359424],[22.833152176081573,63.87075199405876],[22.831175818456366,63.87111727135332],[22.830688196395318,63.871218491028245],[22.830422426248596,63.87128123953519],[22.830216978514773,63.87132974576329],[22.829768968630344,63.87145541729875],[22.829751752866102,63.87146134282003],[22.829323757731856,63.8716086425257],[22.82890504353383,63.871778564109555],[22.8285056510773,63.871960798025604],[22.828120110718842,63.87215198288697],[22.827386621566134,63.872545681004446],[22.827375366472506,63.87255172179417],[22.82665055096144,63.872964528314455],[22.8255886499883,63.873594964951394],[22.82493216250708,63.87400566806498],[22.824629784751718,63.874205158060576],[22.824341145710196,63.87440564593855],[22.824071318647366,63.87460733234296],[22.823827225812288,63.87481055678486],[22.823618102306476,63.875015818246794],[22.823456041178098,63.87522379812835],[22.82335662817121,63.87543539745445],[22.823333170916424,63.87566719616432],[22.8233803663188,63.875903057946644],[22.82347939549221,63.87614187600973],[22.823543185746615,63.87625448907208],[22.82361587651339,63.87638281023407],[22.82377894311717,63.87662523180685],[22.823960449527146,63.876868683166556],[22.824355954205096,63.877357469599296],[22.82517797799592,63.8783389330219],[22.82550746359354,63.87876295460524],[22.82556095830096,63.878831798288324],[22.825733841141222,63.87907927446953],[22.8258794294293,63.8793137263675],[22.8258829831293,63.87932055983279],[22.82857859684341,63.87835494190069],[22.831800387977705,63.877200684294095],[22.831809143577008,63.877197547213434],[22.831801279512828,63.87719250687599],[22.82870843028122,63.875210138464695],[22.8324610207205,63.87144549359424]],[[22.747365132438276,63.889162785097255],[22.747050301937637,63.88911078023072],[22.74671777254193,63.88908782515547],[22.74608508224122,63.88908718651265],[22.745785217063705,63.88907694157633],[22.745503037367964,63.88903804796027],[22.745204494505455,63.8889424373018],[22.74492867169803,63.88880125091977],[22.744668780594278,63.888626831907445],[22.744419277392673,63.888428774153915],[22.744175442426517,63.88821462463098],[22.74361759197173,63.887700901408415],[22.743435124376795,63.887532863657114],[22.743169985636566,63.887309173443654],[22.742886035723302,63.88709610051918],[22.742575470840126,63.88690028815445],[22.74222850079401,63.88673003080176],[22.741876984211114,63.88660506012869],[22.741498821767365,63.88650932161201],[22.74123365119073,63.88646568113856],[22.741105702869575,63.886444623925726],[22.740708402555654,63.88641504930724],[22.740317347900415,63.88642717250976],[22.7398989312918,63.88649561661083],[22.73955120979547,63.886595227138834],[22.73949689739275,63.886610785820245],[22.73910782452306,63.886759990665425],[22.73872942193656,63.886933711368066],[22.73836051800995,63.88712494848339],[22.738001105185678,63.887328683980996],[22.737652461407293,63.887541456947396],[22.737394990747184,63.88771015721257],[22.737317333960185,63.88776103911335],[22.73700025354367,63.887986193328906],[22.73670794906395,63.888216507824104],[22.736449908377416,63.88845229050783],[22.736239075120686,63.88869450772718],[22.736093966855915,63.88892966091044],[22.73600342972689,63.88914936840994],[22.73599514902055,63.88916946088074],[22.735946746130683,63.88936537771582],[22.735935294719862,63.88941172375065],[22.735910543017813,63.889654424481726],[22.73592039788826,63.88989553031069],[22.73596778706899,63.890132828991206],[22.73605928150306,63.89036373389329],[22.73620551245084,63.89058507693919],[22.736422097046862,63.890799290013405],[22.73669482346458,63.89100023898336],[22.737010578152336,63.89118776955685],[22.737360108581314,63.89136043994056],[22.73773747059832,63.89151534541186],[22.73813967316702,63.89164785161842],[22.73856644628651,63.89175125509592],[22.73892340024945,63.89180934279747],[22.740682029364937,63.89201650519477],[22.74120929617021,63.8920735218526],[22.74178944218111,63.8921164465998],[22.74246638120547,63.89214298289766],[22.743206045623694,63.89215422779658],[22.74397312243228,63.89215131057735],[22.744732593280265,63.89213527462006],[22.74544978645489,63.892107193112196],[22.746090428786626,63.8920685408655],[22.74662073145392,63.89202194819721],[22.746969950764676,63.89197910277896],[22.747188114903572,63.89194331264688],[22.74725312202579,63.89192331834408],[22.747280779516668,63.89187797452497],[22.747789055044056,63.89129590423456],[22.748021871683097,63.89101380376215],[22.748249618843573,63.89071762760134],[22.748413737559616,63.89047780342029],[22.74853365087245,63.89024742643908],[22.74858199160586,63.89003292544416],[22.748514802685943,63.88979742044307],[22.74833159259063,63.889609042224066],[22.74808301957032,63.88945083543222],[22.74780218737093,63.8893117971876],[22.74759166536596,63.88922844852717],[22.747365132438276,63.889162785097255]],[[22.795096335161094,63.85941988604574],[22.794652459687427,63.859393812049184],[22.794218861080683,63.85940607933036],[22.79381473749162,63.85946179832504],[22.793592310540742,63.85952565724347],[22.793461622581102,63.85956317772065],[22.793151930870195,63.85970135669027],[22.792882991152414,63.8598656039002],[22.792654904017397,63.86004742067463],[22.792470543216695,63.86023998644061],[22.79236047197577,63.860391642768874],[22.79227441098796,63.86054284259663],[22.792191149211213,63.86071769411856],[22.792089371555893,63.8608897822397],[22.791910935149826,63.861081135790165],[22.791806360848895,63.86116399073533],[22.79167006432875,63.86127197781554],[22.791382193594206,63.8614621204829],[22.791059690894112,63.861651458337725],[22.790712458814923,63.861839926506306],[22.790348506340642,63.86202747870357],[22.790037188962987,63.862180869742666],[22.78884767467594,63.862766942524075],[22.787990355425993,63.863200785390276],[22.78722761477962,63.86354719234028],[22.786876028029848,63.86372966535037],[22.786553219741457,63.863923507852945],[22.786262724899288,63.864125696763885],[22.786011433601818,63.86433377791755],[22.78581033849102,63.864545734175394],[22.785675490546808,63.864759850609104],[22.785627187691986,63.864912510579394],[22.78553216715566,63.865664942715085],[22.785527202890545,63.86588451722282],[22.785612133223246,63.86611226449731],[22.785811122583095,63.86632944595516],[22.78611253499482,63.86653240913372],[22.78641872845004,63.866682169850776],[22.787101594321832,63.86696250445215],[22.787442999444973,63.86708920802979],[22.787764711121312,63.867192944669014],[22.788053821966294,63.86726609026779],[22.78826683868801,63.86730232772504],[22.78841769297424,63.86731483527188],[22.78848408298095,63.86730619174679],[22.78881266236653,63.86717829012443],[22.78967497501268,63.866860711663634],[22.790234928521173,63.866662318020204],[22.790843373625563,63.86645449556773],[22.791472386081683,63.86625026695619],[22.792093980087863,63.86606290246057],[22.792679998873528,63.86590577927627],[22.79320204694846,63.86579205590957],[22.793674755630345,63.865720856561445],[22.794093760945383,63.8656814043898],[22.79450721733453,63.86564950924019],[22.794910974910728,63.86560700937228],[22.79530084911274,63.86553918220052],[22.79566555895582,63.86544492014481],[22.79599322734659,63.865324962695105],[22.79630576684829,63.86516296311416],[22.796583981258852,63.86498086146991],[22.7971350924173,63.86459779774808],[22.79774129701918,63.86423730021908],[22.798026570971707,63.8640502194287],[22.79822073982447,63.86389224324225],[22.798379034421348,63.863725859461795],[22.798495354609457,63.86355192088131],[22.798573260534827,63.86333958742899],[22.798601646434,63.86312015308966],[22.79859620350848,63.86289572739477],[22.798569883659276,63.86266805162258],[22.79842377235859,63.86175274287809],[22.798360103835783,63.86152984037728],[22.798254593035253,63.861312784058796],[22.798086107282383,63.8610933156199],[22.797876993032062,63.86087747750709],[22.797653927617958,63.86066664085357],[22.797416821427085,63.86045746806166],[22.79716500472654,63.86025324032965],[22.79689622435528,63.860057961326184],[22.796606591679215,63.85987663701539],[22.7962904624329,63.85971561551997],[22.795940247198175,63.85958298159049],[22.795531955581296,63.85948248611336],[22.795389518563027,63.85946201782828],[22.795096335161094,63.85941988604574]],[[22.75221882825611,63.89878844745225],[22.752229897208228,63.89873879035792],[22.75227118890594,63.89870893030314],[22.752656876716046,63.89853794319077],[22.753715344199247,63.8981190099985],[22.754117995278364,63.89795356601434],[22.754878288096734,63.89761292940889],[22.75532998899931,63.897417842289094],[22.756181957475548,63.89706128080503],[22.75653879339683,63.89690050223802],[22.7569062251927,63.89671245390488],[22.757240720236567,63.89651378537075],[22.757534613119315,63.89630602210084],[22.757776564023615,63.89608990755718],[22.7579507931887,63.895865528154225],[22.758045446740738,63.895627978691195],[22.758068855634523,63.895386257503375],[22.758035355872547,63.895145053389285],[22.75795280561725,63.89490920029003],[22.7578232868888,63.89468412489138],[22.757643428052237,63.89447631902359],[22.757404362906474,63.89429385350805],[22.7570913808938,63.89414695032721],[22.756701215430304,63.894045432775016],[22.756244289349034,63.893978261785705],[22.755739202708263,63.89393604345116],[22.7551998736152,63.89391167636722],[22.754636604094866,63.89389986061982],[22.754056942895065,63.893896694295485],[22.752868910690264,63.89390584825588],[22.751664272468645,63.89392546596741],[22.750459837100358,63.89395047502823],[22.74927001699597,63.893982255757834],[22.74868642447216,63.8940029142711],[22.74811496724257,63.894028977623066],[22.74756058315447,63.894062985094244],[22.74702991003546,63.894108400721144],[22.746531781068942,63.89416985802409],[22.746077822415455,63.89425347067029],[22.74568313484349,63.8943671815605],[22.74535544044643,63.89451873988167],[22.74508003839584,63.89469862242161],[22.744334686638084,63.89530771114671],[22.74404080156885,63.895505116489616],[22.743697790108488,63.89568500092439],[22.743308928735356,63.89585018886659],[22.742885272147934,63.89600157993618],[22.742435830022906,63.89613920546711],[22.741968181658436,63.8962622385124],[22.740796129725418,63.896528465450636],[22.74065560966912,63.896566510457724],[22.740438894213693,63.896625184529306],[22.74011889613587,63.89673719618007],[22.739853519451827,63.89686701670512],[22.739638315699793,63.89701507982836],[22.73943802159958,63.897223298688],[22.739307348372648,63.89744803958861],[22.739237745489767,63.89768247851632],[22.739226795669474,63.89792043957815],[22.739278136292533,63.89815589199921],[22.73940166957796,63.8983824403095],[22.739602195303213,63.89858922182229],[22.73987258371209,63.89877656724445],[22.74020354426788,63.89893882225544],[22.740591919281417,63.899071396906834],[22.741015337380272,63.89917146702719],[22.741454317320553,63.899237355466965],[22.741891271890257,63.899264328077166],[22.742309214081466,63.89924429848809],[22.74267695025394,63.89917634559049],[22.742713112140045,63.899165625454984],[22.743023271145884,63.89907367888485],[22.743694969119996,63.89882758809867],[22.74404226976843,63.898714116690456],[22.74441323427825,63.89862791097386],[22.744838624772328,63.898581187532855],[22.745287648266626,63.89857747491979],[22.74574335875493,63.89861282496248],[22.746188953602125,63.898686379965056],[22.74658467166446,63.898788949826915],[22.746966009080953,63.898915139263075],[22.747724512710857,63.899197243982805],[22.748122600912605,63.89933314498985],[22.74856662042073,63.899458478413756],[22.74906639828622,63.899554959939046],[22.74961446397342,63.89961138891235],[22.75017295695862,63.899621062299865],[22.75070452926114,63.899577930060495],[22.751174309877836,63.89947799224067],[22.751517459420917,63.89934586339032],[22.751791776745456,63.89919070310581],[22.75199932465401,63.89903296013043],[22.75214146705449,63.89889244768175],[22.75221882825611,63.89878844745225]],[[22.83180617518613,63.861830155180414],[22.831280073069163,63.86177601197677],[22.830749086312494,63.861738557279054],[22.83021787652582,63.86171892968435],[22.82893634699827,63.86171830820335],[22.828777001159246,63.86171823031255],[22.828329633024268,63.86170443735684],[22.828227490197726,63.861701287485126],[22.827679545261507,63.86167164438133],[22.826604002370075,63.86160167234603],[22.826086174766438,63.86157566013647],[22.825590222202987,63.86156654085538],[22.82512478640662,63.86158435156511],[22.824700898740456,63.86164135223615],[22.824359162829683,63.861735479412395],[22.824049529840917,63.861862420074765],[22.823760127629868,63.86201214660179],[22.82290839927428,63.8625170063361],[22.822595330864623,63.8626800716226],[22.82224834877137,63.86282874671277],[22.82184016560202,63.862962570087525],[22.821392026486635,63.86307760303325],[22.820913678839446,63.86317816229393],[22.82041273827076,63.863267620325935],[22.81989507551614,63.863348557600816],[22.81936519091965,63.863422902862396],[22.818281675535676,63.863556952222346],[22.817732719304857,63.86361820903285],[22.81662896436556,63.863730771037446],[22.816077089312365,63.863782015249875],[22.8150488543231,63.86386887224769],[22.81448806999968,63.863916239735616],[22.81398427353343,63.86396656639074],[22.81349810345759,63.86402901048536],[22.81303648855058,63.86411014888449],[22.812602782096096,63.864216549262544],[22.812581857500064,63.864223311729084],[22.812202607479996,63.86434587691809],[22.811837983493355,63.86449560457117],[22.811559174707043,63.864635940158315],[22.811297795971054,63.86478577773242],[22.810471919853043,63.86528881887534],[22.81014506794536,63.865479448392506],[22.80982116459984,63.865668356029225],[22.80950199307718,63.86586115947555],[22.809311598229552,63.86598469142009],[22.809198731172078,63.866057920593526],[22.808922132769855,63.86626047962171],[22.808678514892378,63.866473328394214],[22.808471119151786,63.86669154531222],[22.808298393552484,63.86691254610689],[22.808161981562517,63.86713388594943],[22.808066962690937,63.867353095656114],[22.808022241197083,63.86756750869558],[22.808041092535536,63.86777408286694],[22.808141898896725,63.86796921125445],[22.808344374761198,63.8681535286448],[22.808629732882224,63.86832541167825],[22.808976388525807,63.86848800714969],[22.80936778319437,63.86864370799421],[22.80979140730192,63.86879427055718],[22.810237960056647,63.86894091335315],[22.811174762953115,63.869224938288895],[22.81214548119468,63.86949634423657],[22.8126392275215,63.86962541571576],[22.81313822377053,63.869747888706954],[22.8136432493627,63.86986117088246],[22.814155879749112,63.869961662846954],[22.814705291438216,63.87004941971643],[22.81526206666793,63.87011695331947],[22.81582317170952,63.8701615914269],[22.816386032519052,63.870178339866655],[22.816907419089738,63.87016482056154],[22.817427507770883,63.87012767593989],[22.817945448826872,63.87007215340856],[22.818460241908056,63.870002091060606],[22.818970630027472,63.869920108770856],[22.819474970607345,63.869827761775646],[22.81997110465578,63.869725638469305],[22.820464687892933,63.869611904360326],[22.821561158498273,63.86934116928311],[22.822166959869143,63.86919875169572],[22.82279240063804,63.869066047531284],[22.823417686625508,63.86895149462233],[22.82402027373232,63.868855655624564],[22.824573358413982,63.86877822796374],[22.82505034931404,63.868719155569714],[22.82542485970295,63.868678692362515],[22.825670714553294,63.86865747690092],[22.825762308380586,63.86865727779849],[22.82585513079152,63.86865011276185],[22.826130343706232,63.86864322175448],[22.827736757704628,63.86861101485987],[22.829153793668542,63.86857472827086],[22.829874855061316,63.86855087222502],[22.83056331210017,63.86852235469274],[22.831188269111212,63.86848826925778],[22.831546194098028,63.86846190685291],[22.8318640086744,63.868427929606526],[22.8323556774315,63.86834773708599],[22.832836569606737,63.86824152873966],[22.833310069034553,63.86811670116964],[22.833778387725737,63.86797866027503],[22.834242778977845,63.86783126607229],[22.834703648833308,63.86767719367952],[22.83561233514411,63.86735540561902],[22.836056600225277,63.86718926226828],[22.836489883638134,63.8670197971066],[22.836907118807403,63.86684656938143],[22.837301242470016,63.86666868085395],[22.83766261912197,63.866484740355666],[22.837978331747518,63.866292795725705],[22.838231304126168,63.86609024740123],[22.8383982164308,63.86588755185807],[22.838499375168524,63.86567661848205],[22.83853972948534,63.865461097361795],[22.83851939993651,63.8652442845571],[22.838433731970238,63.86502932589069],[22.83826891566176,63.8648076777428],[22.838043078939492,63.864590357367774],[22.838011247665925,63.86456514187038],[22.837772977409248,63.86437638392119],[22.83747117108847,63.864165031460495],[22.837146883788275,63.86395582044657],[22.836455160764203,63.86354313815766],[22.835908157929552,63.86323978726295],[22.835727747019156,63.86313973496664],[22.835353443081857,63.86294340894434],[22.834971116651218,63.86275258710467],[22.834578580806536,63.86256948496149],[22.83417237446767,63.862397145971926],[22.833747593326535,63.862239646976775],[22.8332976619565,63.862102370253204],[22.832821814205918,63.86199089077275],[22.83232214790609,63.86190122389504],[22.83180617518613,63.861830155180414]],[[22.778150667068985,63.894648635830755],[22.777440461010023,63.894618031278895],[22.776685690834245,63.89460797017957],[22.775919629516334,63.894617024076894],[22.775175865337083,63.89464283685045],[22.774488227595228,63.89468286413631],[22.773888558302716,63.89473464788063],[22.773329710566944,63.89479536426923],[22.772782075074954,63.894865562796134],[22.772249846446012,63.89494778706212],[22.77173850431658,63.895045692521286],[22.771255125954454,63.89516421924629],[22.770805879850823,63.89530694501368],[22.770383434585742,63.89546925453864],[22.769980168514255,63.895645576475154],[22.76959041729017,63.895831784587855],[22.768835732552194,63.896222489286664],[22.766988706231896,63.89723149780808],[22.766232046693844,63.89762502182494],[22.765842250340057,63.897814497115036],[22.76544079411198,63.89799636934146],[22.76502356719527,63.89816778166283],[22.764569762529472,63.898331344275974],[22.76409549118745,63.89847845159904],[22.7636013925117,63.89860656202412],[22.7630866277762,63.89871162717238],[22.76258032020186,63.898787461874456],[22.762063305168446,63.89884778737158],[22.761647829060138,63.89889267713104],[22.761034722246006,63.898958916665514],[22.760543045289648,63.89902798295062],[22.760081837814905,63.899119258345884],[22.759697868133916,63.899228874193376],[22.7593480889686,63.89936152377429],[22.759031817648914,63.89951356734481],[22.75875054430515,63.899682557919654],[22.758469293362868,63.899897105349126],[22.758226081077275,63.900126826707655],[22.75801026349873,63.900367352109434],[22.757814003887553,63.90061544929958],[22.757631731599506,63.900868769594126],[22.757400506589114,63.90122399740812],[22.757295766143812,63.90138490504986],[22.756989948357635,63.90190785497026],[22.756850179938503,63.90217084672863],[22.756722812419287,63.90243473182918],[22.756612520116043,63.902699628609106],[22.756525876207753,63.90296579923725],[22.75647197859793,63.90321424226101],[22.756441140863572,63.90346371807079],[22.756438355627978,63.90352796805227],[22.756430293689228,63.90371389207485],[22.756438115226732,63.90396446657869],[22.756465910433093,63.90423037329352],[22.756509647171224,63.90449627232142],[22.75663191118226,63.90502715680096],[22.756794400030238,63.90555400862518],[22.75689418193033,63.9058140316595],[22.757011618230276,63.906070078899155],[22.75715335189415,63.906320215658994],[22.75732873679607,63.90656177772228],[22.757550458487856,63.90679115400132],[22.757794437548597,63.90698047138019],[22.75808019073401,63.90715647812587],[22.758403124572016,63.90731812952744],[22.758761275990196,63.90746331730542],[22.759155202154034,63.90758876118272],[22.759630101148396,63.90770099287365],[22.76013933320747,63.90779124051287],[22.760673169425417,63.90786517300471],[22.761224191211742,63.90792693690305],[22.761786755034883,63.90797940227964],[22.762356532452507,63.908024342486534],[22.762930129235407,63.90806254972299],[22.763504760288416,63.90809389201666],[22.76407796559715,63.908117301297196],[22.76464736882763,63.90813070879032],[22.765210438601976,63.908130908582],[22.7657642639683,63.908113367668484],[22.76630532969881,63.9080719694856],[22.766852061760073,63.90799833453466],[22.767385003138642,63.90789936329323],[22.767907859035283,63.90778210493518],[22.768423487445997,63.907651881222755],[22.768934073533387,63.90751265838851],[22.769441265541612,63.90736734956816],[22.769916212187216,63.90722562723529],[22.77045012244071,63.9070663077249],[22.774984500129673,63.90568324974993],[22.775976911560335,63.905373008833706],[22.77646112508559,63.90521491987551],[22.776931373591086,63.90505331400301],[22.777380951858593,63.904886501541796],[22.777800685682905,63.90471220661766],[22.778178194063507,63.90452739821221],[22.778496996596523,63.904328092421316],[22.778733193002566,63.904120812805644],[22.77890808041943,63.90390018304684],[22.779028979783728,63.90366985719516],[22.7790986809077,63.90343270522387],[22.77911564429848,63.90319099153925],[22.779079006515463,63.902949147724144],[22.779000404035845,63.90270555649529],[22.778891876761755,63.90246094860724],[22.778762983929358,63.90221592398024],[22.778621516201504,63.901971021038555],[22.778186370850875,63.90124288840711],[22.778183149135003,63.901236864208165],[22.77805911667932,63.90100494920373],[22.777953482266096,63.90077127460262],[22.777879742694168,63.90054355265545],[22.777851033608783,63.90032401430887],[22.77788430561541,63.90011558619787],[22.778001408206237,63.89992207775143],[22.77815755547609,63.89979510978776],[22.778208682130373,63.899753535926486],[22.778493224059044,63.8995982824625],[22.778834630449644,63.89945225587958],[22.77921633143017,63.89931199752716],[22.780475534374784,63.89889598725569],[22.78089755364114,63.89874917544321],[22.781315673172138,63.89858974216356],[22.78171664891692,63.89842255154758],[22.782098886538083,63.89824939998562],[22.78245900689776,63.89807171448991],[22.782791276245067,63.89789061069992],[22.783086882994702,63.89770695360446],[22.78333294692104,63.897521406859575],[22.783511264707414,63.897334471706806],[22.783596723209616,63.89714652425615],[22.7835666415906,63.89695613812888],[22.78342041513213,63.896756056652414],[22.783144629756432,63.896528517613284],[22.782769535722903,63.896282381393846],[22.7823275939796,63.8960277028897],[22.781850487489574,63.895774517294704],[22.781368828403682,63.89553284604283],[22.78091232779709,63.895312708079075],[22.779989616513507,63.894881799969646],[22.7799370889239,63.89484829043265],[22.77985563003749,63.894831135106514],[22.779611320795652,63.894793468196035],[22.779229498571674,63.894744290570436],[22.77873457819216,63.89469287532322],[22.778150667068985,63.894648635830755]],[[22.784756987113113,63.890642911148056],[22.785322092426625,63.89064007851985],[22.785896928039715,63.890692851509904],[22.786446663873807,63.890787668525356],[22.78854312864415,63.8912790229631],[22.789071352833663,63.891392800672875],[22.789597713262303,63.89149270320946],[22.790120251005103,63.89157191559608],[22.790636539039138,63.89162172156606],[22.791143396350247,63.89163085163395],[22.791601323354065,63.891594500064926],[22.792044769326605,63.891520773405674],[22.792469680963844,63.89141666774832],[22.792870452130835,63.89128654607596],[22.793239600306304,63.89113247224388],[22.79355812327127,63.89096352432477],[22.793847705948405,63.890778312059695],[22.794115340027485,63.890581212669],[22.794366298045674,63.8903755114592],[22.794604434941178,63.890163635346006],[22.794832435540766,63.88994733895281],[22.795051992813985,63.88972784913797],[22.795479377561552,63.88927058545212],[22.795894162347913,63.88879646396978],[22.796295794629245,63.88832072305822],[22.796686675385406,63.88784480885695],[22.797060881680313,63.887368723583236],[22.797402104349505,63.886891371956374],[22.797551259605566,63.88665157269264],[22.797678707343085,63.88641050391266],[22.797776750225722,63.8861676380194],[22.797840194389718,63.885917347045634],[22.79787322800709,63.8856651210189],[22.797884039266545,63.88541144522547],[22.797865922874553,63.88498213292834],[22.79786250403694,63.88490113441929],[22.79780889986617,63.884388406993374],[22.797702131194658,63.883617410646416],[22.797569348839012,63.882847906597014],[22.797447299036566,63.88233981673709],[22.79739064342882,63.882165646001006],[22.79736573594624,63.882089076986624],[22.797262563094023,63.88184191460978],[22.79712933075101,63.88159981237227],[22.79695498030695,63.881364736220426],[22.79673750072662,63.88114466365336],[22.796480363868152,63.88093167727024],[22.796193240716537,63.88072441140921],[22.79588332135308,63.88052206560779],[22.795555683021227,63.88032438473702],[22.795213597313808,63.88013167781196],[22.794858727740593,63.879944860578945],[22.79449124964929,63.87976553988924],[22.794109886944774,63.8795961361016],[22.793711858976078,63.87944004691491],[22.793292752082046,63.879301864736696],[22.792846310607935,63.879187627658],[22.792363375419715,63.87910160099863],[22.791853399027925,63.87903983486376],[22.791323556418867,63.87899613419054],[22.790779362610802,63.878965790076116],[22.79022499381396,63.87894531404786],[22.78966359767896,63.87893221786308],[22.78852851056808,63.8789222058178],[22.7875057493301,63.87892947897139],[22.787386624991747,63.87893032612016],[22.78681554550074,63.87894203399795],[22.78624532465713,63.87896040759491],[22.785660836028285,63.87898737796006],[22.785077633941835,63.87902094194908],[22.783914175677506,63.879100928704105],[22.782174791189387,63.87923881575916],[22.781020522161825,63.87933972548248],[22.779875673887076,63.87945229502239],[22.779309765270277,63.87951610685576],[22.778750796913098,63.8795876917244],[22.778201614962626,63.87967000670185],[22.77767436888284,63.87976373773898],[22.777158277804613,63.87986843427775],[22.776652491903075,63.879981893539956],[22.776157282163194,63.88010273204311],[22.77567412513619,63.88023032337705],[22.775205861372065,63.88036477499015],[22.77475693172198,63.880506943209916],[22.774333687182768,63.88065848816923],[22.773944803013926,63.88082196773828],[22.773601770614015,63.881000970582335],[22.773304305451617,63.88120589635308],[22.77305516668512,63.88142693885468],[22.77284123508129,63.88165970446791],[22.772652446477192,63.88190085338011],[22.772481114587556,63.882147870370275],[22.772321340886105,63.88239886688836],[22.772221903692568,63.88256655235843],[22.771716667618648,63.88341852390994],[22.771557669960877,63.883673086115884],[22.771388656101013,63.88392596628572],[22.771205144235775,63.88417623589858],[22.77100423611817,63.8844219169707],[22.770786952826803,63.88466404071492],[22.770555472676694,63.88490242810979],[22.770310646130767,63.88513649541729],[22.77005197690132,63.88536517631354],[22.76977754714072,63.885586822604665],[22.769483862348054,63.885799069329],[22.769165609500217,63.88599866675031],[22.76881535576058,63.88618127374689],[22.768423158682282,63.88634121623471],[22.76800482887067,63.88646838016483],[22.76755267732895,63.88657760960243],[22.76612518281374,63.88687498258535],[22.765667140259538,63.88698840440096],[22.76527653460815,63.88710728421165],[22.76491484212595,63.88724148206909],[22.76458700920506,63.8873904419958],[22.76430009606332,63.88755440260673],[22.764043014927765,63.88774809701242],[22.763832954891562,63.887955818034825],[22.763661721512758,63.88817381806759],[22.7635243291595,63.88839903678013],[22.76341883229797,63.88862890832796],[22.763346263226236,63.88886117976025],[22.76331072051244,63.88909373113747],[22.76331958187128,63.88932440917328],[22.76338385608536,63.8895508451611],[22.76351469903645,63.88977356286351],[22.76370087550516,63.88998874403657],[22.763929530732273,63.89019529614259],[22.76419132114148,63.89039122819228],[22.764479899320282,63.890573454964326],[22.76479148097404,63.89073754428974],[22.76512456032724,63.890877399465396],[22.765479721968624,63.89098486988142],[22.76585953910073,63.891049288669834],[22.766251472015078,63.89106223402816],[22.766661427975084,63.891033527039916],[22.767081474769164,63.890971695267616],[22.7675045221024,63.890882906170866],[22.76792387905502,63.8907712903376],[22.768332872839213,63.89063919639887],[22.76876104638011,63.890474017228456],[22.76917325517024,63.8902921342016],[22.769573327198163,63.89009874738733],[22.769964326169763,63.889897944047185],[22.771479029414923,63.88908338298664],[22.771852348004263,63.88889252754685],[22.77222544105133,63.88871490300361],[22.77259902026423,63.88855659515474],[22.772973731011096,63.88842562231172],[22.773350178604247,63.8883325473289],[22.77372894781091,63.888291202696486],[22.774114150390236,63.88831352751739],[22.77449855345016,63.88838975564493],[22.77487807243476,63.88850684482609],[22.775247972657354,63.88865530794886],[22.775602518657806,63.88882863018694],[22.775934566449397,63.88902279414624],[22.77623739875918,63.88923434600507],[22.77651680602438,63.88945927700549],[22.776778918281785,63.889693517241604],[22.777028437916773,63.88993405261518],[22.777503146516388,63.890425583560564],[22.77841199759136,63.89141031783507],[22.77886710147102,63.89187811998942],[22.77909930812101,63.892095805568815],[22.779337204831307,63.89229519949132],[22.779600840060976,63.89246259262769],[22.779927452857788,63.89256987364421],[22.780308683746377,63.892595374364376],[22.780706653506726,63.89253398137873],[22.781121384615293,63.892407368015476],[22.78153095222933,63.892239444455605],[22.781913715116826,63.89205326461042],[22.78224830273077,63.89187105807743],[22.782750763393373,63.89156758886972],[22.782788750994573,63.891509015054005],[22.78291693013909,63.89138138917757],[22.783129929680403,63.89121035662768],[22.783423207046486,63.891023094311024],[22.783792725739715,63.8908476117845],[22.78423520302928,63.8907130497247],[22.784756987113113,63.890642911148056]],[[22.77351053950972,63.914696958215416],[22.772839172224906,63.914677225068864],[22.77212520027023,63.914687842926],[22.771401829574135,63.91472374674495],[22.770702646531298,63.91477905894116],[22.770061296892223,63.91484778563001],[22.76891493879388,63.91500159383111],[22.768818304101806,63.9150151936296],[22.76548461179128,63.91548431753171],[22.76320942083755,63.915816248046866],[22.762085721544867,63.91599036385261],[22.761530802785966,63.9160813077384],[22.760982680826615,63.91617594199447],[22.760443567267597,63.91627533023241],[22.7595627168617,63.91644769730751],[22.759121652016088,63.91652809266746],[22.75867332313592,63.91659788395211],[22.75817448598972,63.91665728966175],[22.75766451222323,63.916702960471596],[22.75714663088679,63.91673946852195],[22.75557257786989,63.91683326375719],[22.7550494445275,63.91687174344238],[22.754537722302313,63.91691887399342],[22.754032137438376,63.91697496007602],[22.753534258053403,63.91703948687228],[22.753046252658226,63.91711250555925],[22.752571033230677,63.917194659094534],[22.75211241672606,63.91728722112985],[22.751675318986067,63.91739215026019],[22.7512659603164,63.91751216169509],[22.750878627462686,63.917652668395945],[22.7505145123117,63.917804794468424],[22.749804867809406,63.918114515503824],[22.749434626235942,63.91825755517959],[22.74903680333149,63.91838228478303],[22.74857476836004,63.91848762560521],[22.748241127779984,63.918542786224684],[22.748076789073256,63.91856995558012],[22.747551977580667,63.91863536010341],[22.747007711548193,63.91868875721578],[22.746450082184015,63.918734188528305],[22.74474793040977,63.91885574822408],[22.74418747970111,63.91890174059275],[22.74364032703856,63.91895625661564],[22.74311436961878,63.91902369993237],[22.74261969579581,63.91910952132565],[22.74216934638805,63.91922055757703],[22.741799197821308,63.919351956577984],[22.741474250980023,63.919505238808],[22.74118984841238,63.919674110620676],[22.74094477224374,63.919853283897694],[22.740741322358822,63.92003818983006],[22.740585554295286,63.920224703679494],[22.740487666526878,63.92040888111388],[22.74046255635855,63.920586713867316],[22.740530551875306,63.920753882456644],[22.740730359184845,63.92092119810137],[22.741036815652787,63.921074313924755],[22.74142098044885,63.92121677749497],[22.74186087074397,63.92135135163334],[22.742339971735294,63.92148017192914],[22.742845988518667,63.92160488437122],[22.743904615663272,63.92184687846408],[22.746062837464436,63.92232679982988],[22.746588325481273,63.92245149573007],[22.747099681656245,63.922580791087526],[22.747590887855182,63.92271678254077],[22.747897201329998,63.92281297231842],[22.748054103698504,63.92286224317464],[22.748479043618026,63.92302082446869],[22.74885229909494,63.92319729618716],[22.74915386345276,63.92338869317047],[22.74940702517805,63.923596938901476],[22.749624499491095,63.923817603349924],[22.749816279053633,63.9240472272345],[22.74999025961699,63.92428310222895],[22.750622347427353,63.925251199708306],[22.750788511264595,63.92549179960637],[22.750968207004693,63.925728792850116],[22.751168103562772,63.925960281634104],[22.751396507580925,63.92618392718346],[22.7516638984128,63.92639678924751],[22.751982549059985,63.926598796480036],[22.75234128010502,63.92678978030804],[22.75272967102603,63.9269727155974],[22.753139723980386,63.92714988792888],[22.75400212593507,63.927493365997464],[22.754896607297255,63.92782888032721],[22.755806869494776,63.92815957487208],[22.756726243844575,63.928483529612706],[22.757189085701036,63.92864071011463],[22.757654576677574,63.92879243471031],[22.758123542929997,63.928936091953965],[22.75859718034209,63.929068084324044],[22.759077093453563,63.92918354350216],[22.75956536579621,63.929275986344],[22.76006463097972,63.92933689805899],[22.760558348215802,63.92935900794129],[22.761059631829127,63.92935027013752],[22.761563047701056,63.929317144182356],[22.76206307559897,63.92926406907357],[22.762553719841744,63.929193686492276],[22.76302809406957,63.92910699225509],[22.763477958567208,63.929003409972616],[22.763893214898665,63.9288807960411],[22.764261349059293,63.92873538019949],[22.764566499159418,63.92856831203527],[22.764828766146525,63.92838161591067],[22.76506253496726,63.928181332255974],[22.76571350821659,63.927545448827836],[22.765951121154913,63.927334707036884],[22.766186154801886,63.92715175863632],[22.766443090275576,63.92697454049186],[22.76672099228742,63.92680369841599],[22.767019936548035,63.92664014960641],[22.767341038656216,63.926485134720025],[22.7677374594664,63.926318640130205],[22.76815639217797,63.92616172121132],[22.768589637850553,63.92601112029986],[22.76990420601005,63.925569133224165],[22.770323917177876,63.92541594921715],[22.770721106081336,63.92525474985684],[22.771085800549436,63.92508176592372],[22.77143109199566,63.92488074588281],[22.771739274286674,63.9246660647137],[22.772021356778733,63.92444167241749],[22.772286200576694,63.924210717205604],[22.77304539414775,63.9235021652876],[22.773305998908146,63.92326726792897],[22.77357987678573,63.92303611721908],[22.773873455851504,63.922810776908975],[22.77414741702443,63.922620985865706],[22.774995166273527,63.92206210168201],[22.77525342160103,63.92187055121926],[22.775488604373244,63.92166800166375],[22.775696352338752,63.92145933357655],[22.775879568631918,63.9212458157075],[22.776039377535216,63.92102840594927],[22.77617510341508,63.920807796578956],[22.77628416331094,63.92058443629896],[22.776361903022995,63.9203585614101],[22.776407865728647,63.920098135765436],[22.776417197864767,63.919835401866266],[22.776399976319784,63.91957104765414],[22.776363789463847,63.91930557783541],[22.77631428362825,63.919039360410125],[22.776190748960293,63.91850564931245],[22.775616506517082,63.91638636223556],[22.77524982397723,63.91503293841933],[22.775176804607376,63.91498882352942],[22.774949059351762,63.91491451217416],[22.774586313351666,63.91482803136335],[22.774107151242564,63.91474980973503],[22.77351053950972,63.914696958215416]],[[22.841143364954963,63.80015439455715],[22.835562741456958,63.80252000149003],[22.831432764545998,63.80855185615186],[22.817118630907252,63.82285030507543],[22.815634875934585,63.826479297185706],[22.813446025339974,63.829527466367495],[22.80856995601396,63.83758746189463],[22.807964101742936,63.83915052835046],[22.8032379256211,63.83920821674802]],[[22.8032379256211,63.83920821674802],[22.80341224687197,63.8393118223562],[22.803667579523342,63.8394953236657],[22.80389250406687,63.839688823404344],[22.804085577768912,63.83988984197397],[22.804243155523626,63.840096480257465],[22.804359346289385,63.840307274535775],[22.804429900300423,63.84051495696989],[22.804511319777752,63.84092845284115],[22.80456073612994,63.84112890937841],[22.80464231189534,63.84132115071386],[22.804777815489647,63.841501561262284],[22.80500024222675,63.84167754214943],[22.805291539196368,63.84183849889593],[22.805635636035625,63.84198668596874],[22.80602012555857,63.84212334613026],[22.806435689073577,63.84224874138012],[22.80687558657604,63.84236214442021],[22.80733526401569,63.84246179576296],[22.80781203517467,63.842544810869946],[22.8083048549644,63.84260706118246],[22.80872556504059,63.84264089376649],[22.809156239773074,63.84266398587419],[22.809712392824697,63.8426864943504],[22.81085319457479,63.842720173352156],[22.81554394794713,63.842819929959276],[22.817312639169145,63.84286825064657],[22.818485178834404,63.84291581073452],[22.81906591965158,63.84294849724931],[22.819640065055637,63.84299029926413],[22.820204315465322,63.843044595499435],[22.820754133468668,63.84311580574839],[22.821268052538006,63.843204256180734],[22.82176434627777,63.843308917412095],[22.822242747037034,63.843425988572506],[22.82270090571812,63.843552627898944],[22.82313408892042,63.84368679838331],[22.823534718215758,63.84382713402261],[22.823891779145796,63.84397283286087],[22.824190035882175,63.84412358305449],[22.824409044990468,63.84427949748941],[22.824521993616614,63.8444410783351],[22.824507276134476,63.844607561635826],[22.824385133896804,63.84477694049907],[22.82417961186022,63.84494574749301],[22.823908124237136,63.845110380849135],[22.823582413670227,63.84526685720186],[22.82320928182543,63.84541055407221],[22.82279114437881,63.84553592836614],[22.822314569312294,63.845641423338925],[22.821802379384913,63.84572683061532],[22.821265081298392,63.845797268347475],[22.820710481336405,63.84585664675674],[22.820144304769496,63.84590788558163],[22.819570684470083,63.84595309358712],[22.81841196962055,63.84603059150755],[22.81724859858187,63.846094198674976],[22.816667383973172,63.8461202671892],[22.816087112399376,63.84614127480689],[22.815508079342166,63.846155621086346],[22.814930524918484,63.84616106577149],[22.814354683708192,63.846154613378324],[22.81375552483186,63.8461326337697],[22.813158091330262,63.84609792036991],[22.812562045906276,63.846053947499605],[22.81137342516806,63.84594842362269],[22.80975081254557,63.845788061813835],[22.809601152242003,63.845773269936856],[22.808434552403703,63.84566380224951],[22.807860331176997,63.845617330384044],[22.80729583271464,63.84558045920507],[22.80674512563748,63.84555754530935],[22.80632694984197,63.84555507202878],[22.806213702587993,63.84555440158892],[22.805708861772167,63.8455787290217],[22.805240164103612,63.8456406288642],[22.804850377815836,63.84573713301045],[22.804489677596152,63.845865119452995],[22.804148578513562,63.84601594402665],[22.80381891564498,63.846182587378884],[22.80282696669565,63.84672373709544],[22.802459982796723,63.84691062979847],[22.802078274817593,63.847094177504985],[22.801684660613024,63.84727445395593],[22.801281116887846,63.847451410474726],[22.800868840190066,63.847624822],[22.800448273414702,63.847794218631456],[22.800019103814513,63.84795883072893],[22.799580228793104,63.84811750430802],[22.799129690085678,63.84826862360471],[22.798664575994152,63.84841000214507],[22.7981579053352,63.84854613466973],[22.797636010871344,63.84867189133784],[22.797102939665244,63.84879000109955],[22.796561758414857,63.848902542380785],[22.79546373035573,63.84911681206193],[22.792137331445073,63.84973310877602],[22.791052040247973,63.84994768609659],[22.790524304146857,63.850061413921566],[22.790012652153372,63.85018210261245],[22.789523739574342,63.85031263146445],[22.789066445390205,63.850456836425344],[22.78865244791382,63.85061976062164],[22.788296628626778,63.850802334728016],[22.787982892488447,63.85100310982072],[22.787700009107336,63.85121724870464],[22.787439404561223,63.8514410549862],[22.787194606190944,63.851671749269],[22.786960802914273,63.85190726308674],[22.7865129620794,63.852387116822264],[22.78499327979389,63.85409356917562],[22.784325464635547,63.85482424901947],[22.783863615375353,63.85530819913064],[22.783624591135474,63.85554822527964],[22.783121812071034,63.85602112185003],[22.782853197097143,63.85625190501132],[22.782568854986902,63.85647690149238],[22.78226473376312,63.85669398828218],[22.781936678805202,63.85690326054159],[22.7812715904228,63.85730068517824],[22.780969798664106,63.85749304210193],[22.780716137671018,63.85768318305539],[22.78053668193494,63.85787217307724],[22.780463860012382,63.85806079006273],[22.780518763001517,63.85824128330585],[22.78067609719439,63.85842126448497],[22.78091074657931,63.85859981426179],[22.78120367748211,63.85877566874085],[22.781540862199936,63.85894710177245],[22.781912401910308,63.85911178247441],[22.782311791621765,63.85926658205094],[22.7827353876367,63.85940734786648],[22.78318199039225,63.859528614368195],[22.783652563923784,63.859623272154515],[22.78415820252727,63.85968638805995],[22.7846794493159,63.85972043304076],[22.78520496316817,63.85973130361448],[22.785723666258807,63.859722816870146],[22.786223871427772,63.85969690343832],[22.786692382147844,63.85965372506063],[22.787113528584225,63.859591702206124],[22.787468133976887,63.85950746324198],[22.78773242829691,63.85939571114102],[22.787881011748983,63.859264937339766],[22.78796315388111,63.85911339706011],[22.78805246259268,63.858777137165475],[22.788118771224553,63.85860514064567],[22.788240039687228,63.858438560193456],[22.78844971832437,63.85827637116311],[22.788733778512622,63.85812528254447],[22.789075490564443,63.85798457776534],[22.78946196495725,63.85785428151998],[22.78988358068012,63.85773523479572],[22.79033348088795,63.857629197013374],[22.790807172236438,63.857538977250115],[22.79130220397082,63.85746860463834],[22.79182220852526,63.85742101364495],[22.79235715319857,63.8573932589832],[22.792902144511135,63.857380824731145],[22.79345322933181,63.85738046561998],[22.794007078265157,63.85739003599259],[22.794560696289878,63.85740836810211],[22.79511116726784,63.857435196347964],[22.79565538905332,63.85747113068319],[22.796189817863404,63.85751767703978],[22.7967102068856,63.857577296243804],[22.797195873232994,63.85765116631495],[22.797211306682595,63.857653513959356],[22.79768656818634,63.857751054082826],[22.79812816980096,63.857872345518125],[22.798538795196176,63.858009471820594],[22.798546055172785,63.858011896132574],[22.79973616391313,63.8584650694347],[22.80013438065502,63.85860354232454],[22.800544325642086,63.85872241661048],[22.800973145240615,63.85881186380046],[22.801418150903306,63.858863057514064],[22.801879721780388,63.85888112788355],[22.80234909868691,63.858870618498635],[22.802817763971426,63.85883395238554],[22.803276971750595,63.858771520829784],[22.803717266814257,63.858681711647506],[22.804148344945236,63.85855739893966],[22.80455413148154,63.858407967721234],[22.8049396969098,63.858240013290164],[22.805308407991255,63.85805844269926],[22.80566206267797,63.857866798711356],[22.806000921492164,63.857667513323406],[22.806323691915104,63.85746210778652],[22.80662742018449,63.85725133060719],[22.80690730378867,63.85703525369211],[22.80715640018184,63.8568133268244],[22.807365280680457,63.85658439009287],[22.807531429422262,63.85633878930352],[22.807656041131565,63.85608641473979],[22.807750890914942,63.85582935488622],[22.807825352264473,63.85556928328345],[22.808060035905687,63.85452591189114],[22.808134980640293,63.85427143370987],[22.80823144026446,63.85402335457665],[22.80835985676572,63.85378459965114],[22.80853358945674,63.853559020990886],[22.808769827310595,63.85335167297614],[22.809054885506935,63.85318092431111],[22.809395070812744,63.853027138956215],[22.809777692980184,63.852887532937714],[22.810193142338232,63.85276044188392],[22.810634418370086,63.852645257895354],[22.81109671482036,63.85254241119368],[22.811577122807254,63.85245338036082],[22.812074380730447,63.85238075786808],[22.812639345587126,63.852322188230715],[22.81321888504294,63.85228142986771],[22.81380849577198,63.85225343689155],[22.81440489499311,63.85223443125167],[22.81500572616424,63.85222163619827],[22.816214544669712,63.852207364322396],[22.817426824470427,63.85220155035313],[22.818638458023592,63.8522021525128],[22.8198464587087,63.85221316527505],[22.820447900287963,63.85222570217251],[22.8210466435824,63.852245718076674],[22.82159631576035,63.852272770860004],[22.822142284585343,63.852307793539424],[22.82268372037037,63.852350491579905],[22.82321933691074,63.852401270966695],[22.823747287401027,63.852461281044725],[22.824265029727094,63.85253248523842],[22.824769169679193,63.85261777068583],[22.825265612590588,63.85272173883843],[22.82574560047445,63.85284085925234],[22.82621010862163,63.852972737786494],[22.826658815859727,63.85311602776427],[22.827090091131,63.85327034241315],[22.827500911318626,63.85343620486727],[22.82789170652778,63.85361542638285],[22.828264027282582,63.85380420381157],[22.82862341146254,63.85399963479291],[22.82897439464906,63.85419931110285],[22.83001370277607,63.85480315110479],[22.83036692732622,63.85499897189639],[22.83072970597341,63.85518775519449],[22.831106610918415,63.85536597988977],[22.831503205584536,63.85552914130202],[22.8319263752122,63.85567143081691],[22.832376295011112,63.85578666091122],[22.832850191032797,63.85587869467748],[22.833339061102443,63.85595022855742],[22.83383481444673,63.856002153493556],[22.834329755143646,63.85603354811106],[22.834816091291348,63.85604159444555],[22.835274040982124,63.85602189469358],[22.835285420655186,63.85602140490847],[22.835728214504222,63.85596577909279],[22.836152960366917,63.85586415664637],[22.836546953517132,63.8557262235739],[22.83691815838006,63.85556181781118],[22.83727279385861,63.85537845272163],[22.837615693740133,63.85518179853007],[22.83828058987546,63.85476456702403],[22.839263956933515,63.85411605421964],[22.839935335072454,63.8536866802991],[22.84028310600031,63.85347650619455],[22.840643326291655,63.853271083646256],[22.841022051606362,63.85306972766109],[22.84141360603176,63.85287330833372],[22.84222262136071,63.85249066352697],[22.84430239687412,63.85155799189073],[22.84512314093319,63.851181741897584],[22.845522709600964,63.85098997822632],[22.84591047516713,63.850794255149026],[22.846281643765792,63.85059300834807],[22.846623073458463,63.850390526828285],[22.846947257632213,63.85018255895735],[22.847257100144574,63.84997032453331],[22.847554091964206,63.84975467999776],[22.84758554764866,63.84973049639993],[22.84783832985194,63.84953615764039],[22.848108473232163,63.849314995832636],[22.848361600984695,63.8490911573935],[22.848592993689238,63.84886432873177],[22.84879583594905,63.84863390859846],[22.8489608021626,63.84839898629223],[22.84908123574376,63.84815603935142],[22.849162241699585,63.84790884874395],[22.8492125553663,63.84765874608871],[22.84923816203358,63.84740683020572],[22.84924262661526,63.847154038630286],[22.849227334653275,63.84690122645712],[22.849191614981475,63.84664923278793],[22.849132762483457,63.84639894789789],[22.849066561264777,63.8462101452778],[22.849045958258877,63.84615138553737],[22.84892411109344,63.845907750268076],[22.848755605625882,63.84566018987928],[22.848556568608256,63.84541695299627],[22.84812770480258,63.844939086498705],[22.847927089700654,63.8447028700057],[22.84775670169415,63.844467696942],[22.847635307298862,63.844233143636565],[22.847585646930046,63.84399885941232],[22.84762148997298,63.84377693469434],[22.84772398937595,63.84355476367679],[22.847773810719165,63.843481220463794],[22.847874809672447,63.84333212809109],[22.848059225302546,63.84310877596883],[22.848265271949025,63.84288440355409],[22.84891926473114,63.84220084282547],[22.849121977524074,63.841967451462146],[22.849308588061167,63.84172652641134],[22.849478719619853,63.84148248560624],[22.849637041740394,63.84123639098333],[22.85008226910622,63.84049555258509],[22.850396909287124,63.84001070417998],[22.850575629970578,63.83977561580466],[22.850778740433242,63.839548503768185],[22.851016441395718,63.839332554627674],[22.851301771245474,63.83913188314515],[22.851661480715418,63.83894217028687],[22.85207291469477,63.838768891141235],[22.8525220092273,63.83860745245898],[22.852998101090048,63.838454390723946],[22.853493222803266,63.838307154125005],[22.853936150471363,63.83818233992992],[22.854001491228775,63.83816392676449],[22.85451862583259,63.83802349884081],[22.85556799901799,63.837748744165346],[22.856625723212872,63.83748303984634],[22.857154941731352,63.837355878213764],[22.857683347205626,63.837235048145615],[22.858210202694014,63.8371235666408],[22.85873467480277,63.83702564701424],[22.859255718464905,63.836947039853804],[22.859771959902524,63.836895455722555],[22.8602815561336,63.83688106449149],[22.860774805325548,63.83691130285529],[22.861257897792587,63.83697761154216],[22.861728636595927,63.8370700105383],[22.862183802068365,63.83718076196381],[22.862619009518404,63.83730384376787],[22.863028515477932,63.83743448217348],[22.863586854332066,63.837620647244904],[22.86401701611812,63.83773487094233],[22.86448823637329,63.8378362681965],[22.864988967621105,63.837928103220726],[22.865509155958296,63.83801318877662],[22.865908931064585,63.838073519933566],[22.870395100269487,63.83033538306223],[22.871047778189745,63.82920920748626],[22.871060902575334,63.82918048450391],[22.871227616793917,63.82881562275072],[22.884355322570507,63.81514770733669],[22.885899188647937,63.81351052351164],[22.87883611063652,63.80752077439562],[22.878755129379783,63.80367619140274],[22.877129508830745,63.80339936687648],[22.876354876395794,63.80326742194888],[22.87218560579199,63.802553960664554],[22.869020416668093,63.80354977514326],[22.867448077735002,63.80475461781029],[22.86535309306602,63.80427424856111],[22.86521487622864,63.80242234900642],[22.86409465764388,63.80021828602672],[22.86040437630906,63.79966358372858],[22.85367729153306,63.80119316785446],[22.854117944178036,63.80548091902443],[22.850065919873582,63.80521602259317],[22.848944205037053,63.80314664107344],[22.85028850305978,63.801952134216975],[22.846613652702366,63.800690215941884],[22.84164342461188,63.801845668108456],[22.841049823219283,63.800273670958184],[22.841143364954963,63.80015439455715]],[[22.682258741412817,63.82986876484249],[22.681565388920063,63.82982422935624],[22.681371840796153,63.83003250730241],[22.68133913632876,63.83024560023946],[22.681624491695505,63.83049199801746],[22.68226787688705,63.83051125227867],[22.682468685815973,63.830255618008216],[22.682405052537636,63.82996828625062],[22.682258741412817,63.82986876484249]],[[22.72926255403013,63.85104857386564],[22.728817402749133,63.850785665198266],[22.728237810306062,63.85087554898894],[22.72803366298882,63.85115492621313],[22.728022869134122,63.851225961032526],[22.728371340962095,63.85159304347849],[22.72884887693532,63.851642847999734],[22.729450064280897,63.8514108919687],[22.72926255403013,63.85104857386564]],[[22.77228364467299,63.854205544574356],[22.77131763991796,63.85417725736415],[22.770410759556896,63.85429339911977],[22.77053969586513,63.85451123212389],[22.77106045857683,63.85481189281853],[22.77216077839165,63.85502249278665],[22.772724298258137,63.85503899127051],[22.77309971927133,63.85469322330554],[22.773153127804378,63.85433802770004],[22.77228364467299,63.854205544574356]],[[22.77361277940488,63.8518184953827],[22.772968828793136,63.851799644235534],[22.77214786816684,63.85188263416125],[22.771627511460725,63.852117128467285],[22.771386385651073,63.852645205245445],[22.772309604238078,63.85295764801112],[22.77313593641172,63.85283913746546],[22.773430827679285,63.85249101094747],[22.7738222233543,63.85203868087138],[22.77361277940488,63.8518184953827]],[[22.755663931351833,63.85985430431546],[22.75528281537788,63.85970039655365],[22.754391790658886,63.85970988057956],[22.753468566353725,63.859932470422656],[22.75260973762288,63.860263978254366],[22.75214273464154,63.86067835999213],[22.752491636002105,63.861045386943665],[22.753490055928488,63.86086068940272],[22.753838961026307,63.86069256623052],[22.75436499064773,63.86042262112417],[22.755132557895756,63.86015977333274],[22.755663931351833,63.85985430431546]],[[22.75014619015123,63.857836850612266],[22.749668509313,63.85778711460775],[22.749163973034253,63.857914969313256],[22.748455430053674,63.85832222909407],[22.748337310324576,63.85856848740429],[22.747575099007154,63.85879578028317],[22.746888010810412,63.859060958952064],[22.747006034865915,63.85934984818904],[22.74756424882886,63.859401963091926],[22.748380124026102,63.85935463283484],[22.74930874019114,63.859096557728876],[22.749593249934463,63.85881951936095],[22.75020516628233,63.858516440274535],[22.750264243222148,63.858125736528926],[22.75014619015123,63.857836850612266]],[[22.66681569533265,63.842012369455055],[22.66586483669529,63.841888674884295],[22.66527738699661,63.842204037568834],[22.664146253927385,63.84255063796834],[22.663865995038325,63.842970367022005],[22.6648022816172,63.843188779971975],[22.66608960623155,63.84322743956787],[22.667320726837808,63.842931396570336],[22.66811542470259,63.842669819004676],[22.667544722421404,63.84217697017983],[22.66681569533265,63.842012369455055]],[[22.68826601238971,63.83530501567368],[22.687590662799042,63.8351421223725],[22.686507277446868,63.8351810996108],[22.685884728475166,63.835376560622045],[22.685948407509347,63.835663891033185],[22.686683818660338,63.83613780075294],[22.68691202058305,63.836406262547484],[22.687508361658175,63.836733296737144],[22.68835551977825,63.836829966194095],[22.688967198977977,63.83670552689196],[22.689454270735954,63.83633950770642],[22.689326042665016,63.83612160718018],[22.68917321622267,63.83571268830537],[22.68892322813257,63.83558629262383],[22.68826601238971,63.83530501567368]],[[22.76142792131156,63.8570267923798],[22.760542341422166,63.85700079563698],[22.759554821276417,63.85711450469487],[22.75879809577719,63.857306339272625],[22.75810578994257,63.8576070907167],[22.758057544627377,63.85792676004251],[22.758175679394792,63.858215640962264],[22.758787605572213,63.858447671757084],[22.75949612960206,63.858575508200886],[22.76024216675725,63.858454708756206],[22.760832533077274,63.858293659264554],[22.761691205654827,63.85796210139962],[22.762072157141287,63.85758084403875],[22.76212035614501,63.85726117303657],[22.76142792131156,63.8570267923798]],[[22.675840290646665,63.79943762095633],[22.67551206838733,63.799332631988435],[22.674974672013267,63.79946874084716],[22.674465577344954,63.79970084000731],[22.67404507453683,63.79991656781715],[22.673661593088514,63.80017146167063],[22.673406645025626,63.80043021293491],[22.67310884297123,63.800687677717704],[22.673031091173947,63.80091368934752],[22.673115999140908,63.80120166790817],[22.673289512302198,63.80147327737948],[22.673691813708167,63.801656608958794],[22.674062906828965,63.801762887026634],[22.6746199348141,63.80177959935187],[22.675288829032752,63.80162840723313],[22.675655632720893,63.80120175000978],[22.675647670845343,63.80097316654006],[22.67546832117429,63.80073944317602],[22.67542042304575,63.800490632772],[22.675769767594506,63.80017762377287],[22.675830813075716,63.79977985230808],[22.675840290646665,63.79943762095633]],[[22.69222790669692,63.84848156558994],[22.691534852622322,63.84808031440997],[22.689659951954834,63.84835734242791],[22.688292472889213,63.84883978669638],[22.68713955276202,63.84932863009567],[22.68695234053866,63.84984631904751],[22.687903564573407,63.849969877293034],[22.690029497664018,63.84946250969746],[22.691275161073516,63.84907155469394],[22.69222790669692,63.84848156558994]],[[22.758415332867617,63.8439173363296],[22.757793008191268,63.84375634356756],[22.75736922990299,63.84388659393434],[22.756693319632625,63.84408078525006],[22.75668260140052,63.84415182278546],[22.756140823777443,63.84452833574605],[22.75607114355456,63.84499008067909],[22.756698844550726,63.84511556175108],[22.756677406941304,63.84525763769566],[22.756060492470777,63.845596266298365],[22.755218223638305,63.8458212368568],[22.754440326399422,63.846155124606284],[22.755019791850366,63.846600282408374],[22.75566360867246,63.84661921263284],[22.756457582452846,63.84617876155458],[22.757267607654313,63.84563174911163],[22.757900582236164,63.845186558358364],[22.758619366265698,63.84470821072915],[22.758844588289666,63.84428671220021],[22.758415332867617,63.8439173363296]],[[22.695864934222843,63.83634056462009],[22.69678747146206,63.83629671932431],[22.697910031578015,63.836353973995244],[22.698929633969588,63.83602758487826],[22.699488288565036,63.83554474164517],[22.699860716173195,63.83522284522538],[22.70047296272144,63.83474159492566],[22.700617048030566,63.834151255120545],[22.70014890781519,63.83404216498045],[22.699548192124126,63.83409562009882],[22.698453999947585,63.834205720582254],[22.697445322056762,63.83446107379863],[22.69708736480641,63.83468825477384],[22.696643179726735,63.83512693275045],[22.69594171910573,63.83548657962917],[22.69527284593198,63.835633126229176],[22.694668464063945,63.83571023863357],[22.69415321055761,63.83590893437479],[22.694266981598375,63.83622153974773],[22.695864934222843,63.83634056462009]],[[22.658935329087335,63.82429275808733],[22.658353011280376,63.82422766149582],[22.658220240798006,63.82439016898326],[22.658144725039,63.8245306128729],[22.65803633364126,63.824884143186814],[22.657981544436964,63.82523928677577],[22.65830929092856,63.82555837074505],[22.65859804745278,63.825781135481826],[22.658772294957284,63.82604802723881],[22.65888928660576,63.82633698076695],[22.659070844092657,63.826556519488655],[22.65968490871499,63.82676528359966],[22.660298984505967,63.826974045221526],[22.660785100180657,63.82696488008012],[22.661400332985814,63.826816880841186],[22.66180477890604,63.826638754335704],[22.662205572476843,63.826484302726456],[22.662706274808684,63.826380426109466],[22.663256932575276,63.82630183521524],[22.663633292624606,63.825956358021024],[22.663187325472148,63.82570509190373],[22.66222356818467,63.82531932587949],[22.66178127303638,63.82504437955623],[22.661167229590088,63.82483562448419],[22.660242529006375,63.8245461625397],[22.65968210939003,63.82433901375893],[22.658935329087335,63.82429275808733]],[[22.66596771181114,63.85031200038931],[22.665334839763258,63.85022164137719],[22.6641971973449,63.85025883584651],[22.663132850565276,63.85086908770709],[22.663034231558786,63.85150834831601],[22.6628917731484,63.85243172370786],[22.663898030147628,63.853246887852535],[22.66517485956693,63.853356587708554],[22.666356428127944,63.85303526937582],[22.667376999873014,63.852709110585735],[22.666992626521385,63.852055354866664],[22.66626444440581,63.851533992937945],[22.665891060574225,63.85080920450425],[22.66596771181114,63.85031200038931]],[[22.630030855064973,63.813798333361575],[22.62895925377749,63.81376585837808],[22.627458235319747,63.813898757235826],[22.62735713028999,63.8145498274015],[22.626784545656978,63.81477033379229],[22.625995244744747,63.81551946877399],[22.62590329405564,63.816111349377636],[22.626804245447463,63.816376538676344],[22.628652146641016,63.81661095892269],[22.63030564242909,63.816363730574516],[22.630540646996693,63.815716716543776],[22.630641683888896,63.81506564282345],[22.630867484760234,63.81447781568221],[22.631218043354462,63.813953235394614],[22.630030855064973,63.813798333361575]],[[22.690042971997112,63.78747775571247],[22.688972284245846,63.787445732926145],[22.687543382979023,63.78799762548601],[22.686686017605872,63.788328753184274],[22.685488473367887,63.78912540800923],[22.685772236785787,63.789906936323604],[22.686627648926432,63.79046771618496],[22.68769844591612,63.790499757114276],[22.688662557513958,63.79035020663557],[22.690073457668024,63.789916691507116],[22.690717434947814,63.78922237882123],[22.69080791871248,63.78863044425489],[22.69008631573936,63.78807369217289],[22.690042971997112,63.78747775571247]],[[22.67315336109759,63.80641665916262],[22.671948058186604,63.806380486349966],[22.670615390397284,63.80717298692293],[22.669863864983984,63.80768560531274],[22.669611633586438,63.8084510740916],[22.66938669147546,63.80903896830639],[22.66984962852737,63.80952858950904],[22.6709211270759,63.809560760087244],[22.672628418950787,63.808957890445214],[22.674085957475196,63.80822858152024],[22.675016795606286,63.80742399743022],[22.674687727092806,63.806938409609266],[22.67315336109759,63.80641665916262]],[[22.707900299559935,63.85476775279006],[22.706699123130722,63.854381748294564],[22.70411950536274,63.85467434192962],[22.70235305644595,63.854945253865104],[22.70133615884432,63.855390688417145],[22.701332220095196,63.85598044622367],[22.702768245245036,63.856460839508195],[22.70426801326002,63.85652449429115],[22.70591395257255,63.85647831075583],[22.707672246258124,63.85597877433575],[22.70867749696635,63.85560906340914],[22.70874690236446,63.85515445141299],[22.707900299559935,63.85476775279006]],[[22.77766449038753,63.844909768502],[22.77670946577481,63.84481048007436],[22.77586737940781,63.845035572294734],[22.774794526718587,63.84518255421709],[22.77385592646555,63.84551183829393],[22.77308359624512,63.845810309008755],[22.772144953145865,63.846139581601086],[22.77167313676505,63.84658954970794],[22.77158768165398,63.84715786254268],[22.771544952783984,63.84744201802466],[22.77167387045858,63.847659850069014],[22.772205200305155,63.847889466203235],[22.773085167687505,63.84795090951004],[22.774474726408812,63.84784888318343],[22.775708647009207,63.847706614409205],[22.776180416683907,63.84725663279395],[22.77707010676273,63.84617671074143],[22.777295066027527,63.84575518166505],[22.777536017757537,63.84522709257034],[22.77766449038753,63.844909768502]],[[22.665011739993787,63.823999757482895],[22.66549160198233,63.8236811724372],[22.665549938797636,63.8233023491153],[22.665604628018077,63.82294720187076],[22.665555764399222,63.82256515754827],[22.66523890716682,63.822175059451666],[22.66448598337186,63.821819428295534],[22.663593059940837,63.821673658332145],[22.66257105983563,63.82166671861633],[22.662020491472653,63.82174530667794],[22.66146878103497,63.82218065002687],[22.66067460776796,63.82244219618796],[22.6599023217384,63.82256167943075],[22.659279874585575,63.822757026673926],[22.6585965146197,63.82299810987381],[22.658227440376645,63.82329622215235],[22.658207996353855,63.82377136037641],[22.658557640878573,63.82394838657379],[22.6589365033487,63.82393600106667],[22.659662530759615,63.82376755781098],[22.660420247612716,63.823742780792614],[22.661224266271976,63.82376696481861],[22.661917434078084,63.82381159758482],[22.662095350797316,63.82405480861977],[22.662866542768896,63.82429207034869],[22.66401043135886,63.82420752566599],[22.665011739993787,63.823999757482895]],[[22.73184377326062,63.858010577425205],[22.730663143458376,63.85779729074574],[22.72968087834369,63.857875277545666],[22.72862889811239,63.85787984150582],[22.72857491973732,63.858235015528756],[22.728091404347808,63.8587558699672],[22.727532759143966,63.85923882282969],[22.727301541912755,63.85969578546368],[22.726759068089255,63.86007218269184],[22.7265975416856,63.860602561037176],[22.727117937177532,63.86090337725693],[22.727654543294157,63.861097638302105],[22.72940969626866,63.86125658360097],[22.730536923802795,63.86128991319267],[22.731605218209157,63.86117878417802],[22.73198122561303,63.860833126579415],[22.732314466716705,63.860236465213525],[22.732406157151793,63.85963266523238],[22.73224013186357,63.859128280349736],[22.732229738304277,63.85866417219549],[22.731972425617933,63.858228442732155],[22.73184377326062,63.858010577425205]],[[22.742386437351815,63.84771541032507],[22.741974179554447,63.847699003801296],[22.74147406050045,63.84768904947029],[22.74091371150561,63.847687634523126],[22.74032089067369,63.847696827750156],[22.739723644039533,63.84771881293538],[22.739150394733517,63.84775591939472],[22.73862986163818,63.847810541351926],[22.73819508927498,63.84788040253632],[22.737063321666458,63.848111164942786],[22.736713386053626,63.84819577329071],[22.736518166386055,63.848258255032896],[22.73640789548881,63.848293547842594],[22.73616837715111,63.84841189733716],[22.73601346397821,63.84855448368698],[22.735928454843553,63.84871692386063],[22.735899433058655,63.84889212055534],[22.73591796427602,63.84907408489953],[22.73598045594931,63.8492574725932],[22.736087793563218,63.8494371488696],[22.736245238320265,63.8496077755407],[22.736462568815117,63.849763414216845],[22.736715682135216,63.84988631426411],[22.737013834693595,63.84999564373488],[22.73734507155854,63.850094637958065],[22.73769977717302,63.85018580045179],[22.73807012888024,63.85027100094872],[22.738854833935818,63.850431773687085],[22.739261915826845,63.85050423470319],[22.73966920143764,63.850564582793545],[22.74007521088771,63.85060726828334],[22.740478410427116,63.85062517217803],[22.740732030633865,63.85061609607261],[22.74091044358789,63.8506097109287],[22.741332034944048,63.850562613194114],[22.741736832646115,63.85048960138772],[22.74211639678333,63.85039406117904],[22.742459313813793,63.85027717181261],[22.74275008802689,63.85013793546012],[22.74295737774065,63.84999041181095],[22.743115415175772,63.849827005907166],[22.743231087594808,63.849646159944214],[22.743303512096297,63.84943415982268],[22.743332609423103,63.84920075045642],[22.743318640653687,63.84895762845938],[22.74326234809123,63.84871619176359],[22.743166173916368,63.84848727890922],[22.743052509256927,63.84829792854699],[22.74284118585272,63.84798965856118],[22.742786247567242,63.84787882623635],[22.74278520516471,63.847794080271896],[22.742845076569694,63.847769650719854],[22.742836798287467,63.847757343722705],[22.74268318870707,63.84773590835409],[22.742386437351815,63.84771541032507]],[[22.662086520655677,63.82795546011069],[22.661496819370328,63.827937728510044],[22.660689030721674,63.82793722110474],[22.66007011814673,63.82810889392303],[22.659972691957076,63.82839139700239],[22.659657169086902,63.82869112498571],[22.659891192699433,63.8292690315548],[22.659827948749165,63.830028285506074],[22.659657469271114,63.83078431282713],[22.659584424898288,63.83125783823064],[22.659518682638648,63.83168401084894],[22.659253082145714,63.83200902634489],[22.65874130526637,63.83218391858917],[22.65866824100037,63.83265744332542],[22.65936045143212,63.83305884579182],[22.659838202180435,63.83345379414003],[22.659890653961618,63.83381216364526],[22.66024408381188,63.83396550975147],[22.661123922312147,63.83384925164573],[22.66213038604821,63.833261073327186],[22.663237867816935,63.83236670641934],[22.6633400482202,63.83170376790645],[22.66311070732769,63.83074543313635],[22.662901024607535,63.830358552798316],[22.662592550364884,63.82956434050549],[22.662497405632433,63.82913333096669],[22.66249853724776,63.82877657376506],[22.66257517394082,63.82827937035616],[22.662450836408947,63.82803777150037],[22.662086520655677,63.82795546011069]],[[22.746143656224994,63.85168964518592],[22.74509727922335,63.85165881194044],[22.744442603361126,63.85171087020524],[22.743208360176002,63.851852869575026],[22.74236580017797,63.85207776294336],[22.74139431301621,63.85261993988308],[22.741216967482494,63.85325689170672],[22.740191831179846,63.853619095301816],[22.73956915089477,63.85399316798795],[22.739407904572055,63.854523562924534],[22.73947200263046,63.85516763699765],[22.7400406416663,63.85568389078055],[22.740904631562078,63.85585208472589],[22.741994200159226,63.85559880418083],[22.74299249161841,63.855414179073705],[22.743733134170217,63.85532898236546],[22.744677942083328,63.85442923533975],[22.74591255102462,63.85321693244038],[22.746798217318194,63.85217272484039],[22.746621225382146,63.851739391141884],[22.746143656224994,63.85168964518592]],[[22.718924795123485,63.87147876450923],[22.71493418035921,63.87028329118806],[22.71229311072643,63.870249800950525],[22.71127110623429,63.87161078440833],[22.712174211753386,63.87302891590759],[22.71337843909748,63.87414080410443],[22.716637887645668,63.873264364148326],[22.718924795123485,63.87147876450923]],[[22.72760576458368,63.882482761232154],[22.724043189140737,63.88211881702174],[22.72110301690896,63.882716784307476],[22.72110202231388,63.88357301012316],[22.721831309871003,63.8847362768225],[22.723884660293294,63.885710389282494],[22.725655169425846,63.88599110192688],[22.727151345860285,63.88552159753387],[22.727324337039427,63.88438504514872],[22.72760576458368,63.882482761232154]],[[22.712361710192585,63.84651216363871],[22.713449111070453,63.846449316859456],[22.714629372113183,63.84648435929163],[22.71521636694845,63.84616879369498],[22.714973858315634,63.84563832394537],[22.714402270347264,63.84514565511517],[22.71350161445568,63.84469078150037],[22.713573795869003,63.84421722336393],[22.713553123864358,63.843645768105134],[22.713167293037916,63.84334888869024],[22.71252358656843,63.84332976982097],[22.711450747331767,63.84329789875869],[22.709454619071405,63.8436667106702],[22.70847460170716,63.8437327178256],[22.707036523959587,63.84397537642909],[22.706913628534057,63.844780417814235],[22.70734164356435,63.84550670282129],[22.70769852757473,63.845993019095864],[22.7085279692094,63.84620796124776],[22.70955033931235,63.84657134318475],[22.71105248619412,63.84661598142695],[22.712361710192585,63.84651216363871]],[[22.703721643170443,63.788187439453495],[22.703246629542818,63.788159910355816],[22.70275062966489,63.78816722649786],[22.70225004140084,63.7882057845545],[22.70176047737746,63.788275253635916],[22.70129809465839,63.788378545711225],[22.700929054572633,63.788497960525106],[22.700584290290045,63.788639520273406],[22.70025526675191,63.78879674422214],[22.69993422060765,63.788964290198685],[22.699578726045328,63.78915816889556],[22.69887461658209,63.789559157229796],[22.698194705805538,63.789970169201204],[22.697874103262233,63.79017836349013],[22.69757661430075,63.79038957096664],[22.6973316747107,63.79062311386544],[22.697172029558157,63.790877690158936],[22.69712093870735,63.79110169561592],[22.697148787930008,63.79132219271286],[22.697252176526973,63.79152889714477],[22.697426336093557,63.791712118354965],[22.69766330327971,63.79186335498909],[22.697988488146134,63.791991354317645],[22.698312465612243,63.792072895525784],[22.698570756707667,63.792111651526696],[22.698703843420155,63.79210877461375],[22.698780921194928,63.79207788180564],[22.699433732668474,63.79189957254641],[22.700524904058092,63.79162605449877],[22.701154971135388,63.79147780706878],[22.701799124998956,63.79133525227188],[22.702425236809244,63.79120840303562],[22.703260548690178,63.79105172713976],[22.70359810098068,63.79097335283227],[22.703985285388686,63.790842673418524],[22.704012953870578,63.79082993619661],[22.704337822745828,63.7906803810744],[22.704658737101543,63.79049552173229],[22.704946696444193,63.79029487550465],[22.705196293777053,63.79008347302419],[22.70539769417337,63.78986512433594],[22.705536014108926,63.78964286427826],[22.705590393206347,63.789419349111405],[22.705582246806966,63.789376805346635],[22.70555201091538,63.789218908302566],[22.705442284735895,63.78902259942885],[22.7052752825464,63.78883388899571],[22.705060191563234,63.788656975460185],[22.704801953865438,63.78849710123982],[22.704501714789597,63.78836091845678],[22.704157081875803,63.788256910153635],[22.703721643170443,63.788187439453495]],[[22.7516939798697,63.79340096419043],[22.750111763378406,63.793049885581745],[22.749206424112778,63.79306124618131],[22.74746141773394,63.79321908188063],[22.747044422474534,63.793416083588525],[22.74710151852142,63.79360804406604],[22.747321402515933,63.793861889681985],[22.748121035266514,63.794551443118024],[22.748575129022292,63.79496441510775],[22.74957477441948,63.79518416802651],[22.75056300954792,63.795765100359894],[22.751265647586838,63.79595705857708],[22.75156557578462,63.79653672347836],[22.751588440140733,63.796956003378234],[22.75231682978989,63.79726287850372],[22.75331375917494,63.797786963657984],[22.753967944547494,63.79830094639791],[22.755507654055563,63.7986507234926],[22.756753105540565,63.798668357465],[22.757752802237146,63.798317227840805],[22.758641120645944,63.79813406174719],[22.758840937306932,63.79766425412519],[22.75803240275206,63.79703158840571],[22.75764386565969,63.79675377137989],[22.756404204542253,63.796698260020534],[22.754976002870436,63.79646593845886],[22.75501590395468,63.79591531596355],[22.75517862805266,63.79540636553367],[22.755255659885346,63.79489489186636],[22.754681503452648,63.79442132503672],[22.754304450826282,63.79406772549984],[22.753650385322814,63.793839157649046],[22.752485104006094,63.79357649756485],[22.7516939798697,63.79340096419043]],[[22.67324997879938,63.82543216741275],[22.673830943507987,63.825447416244124],[22.674193314228262,63.825473698108915],[22.674531266544626,63.82551283068309],[22.674935876876713,63.82558101683219],[22.675593738750887,63.82571579384749],[22.6759202773294,63.825756037297296],[22.676316962410112,63.825761381652754],[22.67671951251187,63.825722847507954],[22.67710805811125,63.8256413911408],[22.677441168591475,63.82552795356258],[22.67774839413785,63.8253849379815],[22.678031421273587,63.82521922471298],[22.678290040727926,63.82503575386748],[22.678522144207193,63.82483790374758],[22.67873773183272,63.82461465486215],[22.678926513553048,63.824381607559985],[22.679093683513454,63.824141813146205],[22.679242104141153,63.823897602188836],[22.6793724767139,63.823650826077305],[22.679470539022557,63.82343175452243],[22.679483380602342,63.82340306587437],[22.679571165354705,63.82315581877633],[22.679629702080426,63.822910673162546],[22.6796500131212,63.822669494376555],[22.679619745841887,63.8224346184124],[22.679528961601388,63.82221074142199],[22.679383669414428,63.82199884423613],[22.679190887522676,63.82180291622566],[22.678953655236757,63.82162845743544],[22.678671230774103,63.82148286027108],[22.67833914518701,63.821375879456006],[22.677943914835726,63.82131511346775],[22.67750843757091,63.82129892586636],[22.67705021364213,63.82132145436271],[22.676584645533513,63.82138005530603],[22.67612137936354,63.82147355155055],[22.675665101294385,63.82159425253313],[22.67521576901419,63.82173492829744],[22.674773523440365,63.821890285400386],[22.674704094670453,63.82191684821707],[22.674338844100472,63.82205659040557],[22.673912704200585,63.822231375177395],[22.67349671984397,63.82241322021303],[22.673093340297463,63.822601602136736],[22.672706057705188,63.82279680021314],[22.672358098324757,63.82298743967361],[22.671697595915134,63.82338065772495],[22.670737324733604,63.82397348618254],[22.6704128265349,63.824165086338056],[22.669765129737964,63.8245299743924],[22.669459335590947,63.82470904295479],[22.66918548999407,63.8248892894035],[22.668960168159174,63.82509425185289],[22.668838766532442,63.825293301741134],[22.668837408730013,63.82546865576461],[22.668968839720474,63.82560299258739],[22.66918310265521,63.82567453713812],[22.66945633757379,63.8257027498864],[22.669749031165775,63.8256876653595],[22.670024224542004,63.825635839035975],[22.67025457783753,63.82556538153158],[22.67041217365405,63.825495954995226],[22.670468201015026,63.82544365453974],[22.67053410756946,63.82543681867663],[22.670704154999807,63.825433837948715],[22.671578469353864,63.82544592136912],[22.67324997879938,63.82543216741275]],[[22.757531312316463,63.879006968629646],[22.757015838899505,63.87896701470501],[22.75654575838965,63.87896235178412],[22.755316204002447,63.879025241134805],[22.754912318295972,63.87905456617906],[22.75454861406944,63.87911100309401],[22.754306836629386,63.879181581652986],[22.75409646214943,63.87927287708325],[22.7539189666984,63.87937938829943],[22.75381648010592,63.87946273225738],[22.753742700747686,63.87952273048467],[22.75357540524874,63.879672990011926],[22.75337489397891,63.87982225069197],[22.753083203415773,63.879976492793794],[22.752727481077606,63.88012168682254],[22.75232938078313,63.880258465288456],[22.751907770884944,63.880386991544164],[22.751094867822083,63.88061111426578],[22.7507411139154,63.880713935664815],[22.75044300807588,63.88082205512226],[22.750228640600955,63.880942404699624],[22.750129835733247,63.8810611306204],[22.750108312109536,63.88118838787535],[22.750156252581675,63.88131808372088],[22.75025476803492,63.88143630078586],[22.75053137027393,63.881683480679925],[22.751096304866195,63.88224736258906],[22.751323276016716,63.88243739959492],[22.75159759846401,63.88261484903995],[22.75194183028888,63.88277690842408],[22.752333876960453,63.88292310755088],[22.752752309830804,63.88305926063539],[22.753573050121755,63.88331001450328],[22.753963595357853,63.88341888429313],[22.754355025987234,63.88350554663828],[22.75475319947375,63.88355664204468],[22.755108492213346,63.8835625019694],[22.755465984151222,63.883534135064814],[22.755817745300654,63.883474842125864],[22.756194130440843,63.88337590063775],[22.75655481403539,63.88324890274209],[22.756900617132295,63.88310012293077],[22.757231331543547,63.88293418738535],[22.75754560404968,63.88275432678606],[22.75784078327861,63.88256256599768],[22.75812433963473,63.88235273485793],[22.758417226774963,63.882113347148945],[22.759412689606105,63.88125150772652],[22.75968553841068,63.881022706204924],[22.759759416421645,63.88096075287398],[22.76010037444533,63.88068978602447],[22.76042561063457,63.880450874060706],[22.760711158513327,63.880261030828386],[22.760947761177178,63.88011922534731],[22.761113631256112,63.88003335125241],[22.761189516148022,63.88001298833136],[22.760477749232383,63.87975228724516],[22.759988546658988,63.87958838645247],[22.759421152811676,63.87941445292522],[22.75880370707353,63.87924767574249],[22.75816433401784,63.879105773470286],[22.757531312316463,63.879006968629646]],[[22.69540210587317,63.83988405292199],[22.695680635932913,63.83987305441923],[22.695805023709106,63.839889661616155],[22.695813786040738,63.83984636042697],[22.696217458719445,63.838872912317825],[22.69634304849336,63.83852690612995],[22.696453272010714,63.8381775559772],[22.696534636925698,63.83784410033823],[22.69657287046965,63.83754619941316],[22.69655327872149,63.83730379388346],[22.696465975348215,63.83711872125188],[22.696302097890676,63.83697045780505],[22.696148056409687,63.83689842922505],[22.695963319906646,63.83684529032839],[22.695717072629733,63.83680407090822],[22.694407252010826,63.8366704471655],[22.69411175281574,63.83664259128432],[22.693821517437453,63.83662452617789],[22.69353324995027,63.836625210717564],[22.69315268407269,63.8366651691476],[22.692780228361855,63.83674246043865],[22.692426629237694,63.836847690204344],[22.69210378357926,63.83697387537973],[22.69182540325183,63.83711593365727],[22.69131460745051,63.837461811744824],[22.691095851257376,63.83759748529234],[22.69086211544126,63.83772572172961],[22.69061378764608,63.83784103980203],[22.690350798438118,63.837937527472725],[22.690088477727677,63.838008920799496],[22.689569477187547,63.838129924217924],[22.689336862444822,63.83820265388381],[22.6891445495709,63.83829239558149],[22.68898683300335,63.83839964068841],[22.68886702563231,63.83852033858806],[22.688780855426,63.83865997767736],[22.68865147313264,63.83896113287822],[22.688558656438126,63.8391176935061],[22.688422866540446,63.83927362476361],[22.68825160289738,63.83943212621856],[22.687859469725957,63.83976354050534],[22.687643323737614,63.839958900755285],[22.6874360278495,63.84016209101268],[22.68723963637789,63.84037129473097],[22.687057097296048,63.84058503042504],[22.68689253603293,63.84080205407564],[22.686751574575375,63.84102125719375],[22.6866417053229,63.841241566518704],[22.686578963310268,63.8414285574814],[22.686546717298782,63.84161395436491],[22.686547554735963,63.84179600148037],[22.686604964313528,63.84203135514488],[22.686724788221422,63.84225119215263],[22.686863005363616,63.84239983009891],[22.68690773938495,63.842447937236585],[22.68716036295031,63.842611558906576],[22.687435667564444,63.84271659246094],[22.687754781656082,63.84278658584359],[22.688104267276838,63.84281791000571],[22.688505139655003,63.84280495268563],[22.68891986624712,63.8427518604979],[22.68934135384857,63.842668385807706],[22.689763154893935,63.84256194590275],[22.690178889441672,63.84243803184441],[22.690581636804264,63.84230053641058],[22.69096331412442,63.84215200793853],[22.69131394404843,63.84199383074076],[22.691520776925206,63.84188096148386],[22.691620873802695,63.84182633754646],[22.691867891193485,63.84164886402078],[22.692042778056347,63.84146413645463],[22.692184313584015,63.841270431290795],[22.692372902094203,63.84105826745967],[22.692680996090747,63.840810283086206],[22.69307891994002,63.84056640458445],[22.69354159303627,63.84034247261423],[22.694042730908304,63.84015339939779],[22.69455384455616,63.84001191008163],[22.695011374795424,63.8399276389298],[22.69540210587317,63.83988405292199]],[[22.732267885666282,63.85131544963934],[22.731971331642033,63.85129398742122],[22.731738927941155,63.851323242966735],[22.731503490690198,63.85138644263597],[22.73125831970195,63.85147390712414],[22.72996486507886,63.851992229927234],[22.72960038308047,63.85214476645061],[22.729239285009132,63.85230359150607],[22.728890251596646,63.85246922621092],[22.728563048167466,63.85264281805305],[22.72828064853897,63.852816741487864],[22.72805453937613,63.852982016306264],[22.728032365873162,63.8529982236528],[22.727824379398903,63.853186475786124],[22.72771209543055,63.85332406117682],[22.727665510315365,63.853381142387384],[22.727560514002324,63.85359283079714],[22.72751852093167,63.853808550864095],[22.727538993967766,63.8540254118722],[22.7276347897496,63.85426497256567],[22.727793296450564,63.85450128354029],[22.728000902788672,63.85473283613394],[22.728248936965862,63.85495759003969],[22.728533092863334,63.85517275495545],[22.72862062424804,63.855227945496],[22.72885308502736,63.85537451426118],[22.729212548789246,63.85555770379674],[22.729619147664774,63.85571541315513],[22.730064970909567,63.8558385012284],[22.730551398190613,63.85593679083105],[22.731066510454102,63.85601609687661],[22.73160068349813,63.856080580774886],[22.73214588868163,63.856132940992005],[22.732695002704276,63.85617453017214],[22.733241144740692,63.8562053858801],[22.733776988606618,63.85622417072354],[22.734294010227337,63.856227988318665],[22.734781625373834,63.85621208994997],[22.735226174439692,63.856169434686095],[22.73529040513019,63.85615614766506],[22.735609721182296,63.856090092977354],[22.7359315089775,63.85595747633721],[22.736182430676955,63.85578299356273],[22.736383420378296,63.855572264882696],[22.736566121734665,63.8553017286024],[22.73673834541137,63.85498414669966],[22.737220490235334,63.85395133949085],[22.737374579295526,63.85364553099153],[22.737523513741824,63.85339047650427],[22.73764369046712,63.85322280607668],[22.737740596221958,63.85311964539097],[22.737803774707984,63.853094149282406],[22.73783188267063,63.85303736483902],[22.737814532127125,63.85292728313326],[22.73774159776472,63.85278250641526],[22.737598143297088,63.852624025346024],[22.737367463729214,63.852473721207154],[22.73703726173171,63.85235049573575],[22.73662229491414,63.85225679495462],[22.73614989400805,63.85218716412994],[22.735651205557282,63.852133768723995],[22.734705866022214,63.85204089919638],[22.734304271904143,63.851978714336816],[22.733911865001748,63.85187844354115],[22.733549387161364,63.85175479976138],[22.732884238735565,63.85149594640342],[22.732571555173987,63.85138851886764],[22.732267885666282,63.85131544963934]],[[22.74091104090262,63.858652642189575],[22.740367304905032,63.85863145875929],[22.739811308524857,63.85863755312197],[22.739253064449755,63.85866567502665],[22.73870283471365,63.858713098763495],[22.738172095590773,63.858779399943074],[22.737674583868447,63.85886638121663],[22.73722745834315,63.858978138941275],[22.736852620141804,63.8591212657716],[22.736607829215938,63.85927059541295],[22.736421121756788,63.8594419611192],[22.73628316218137,63.8596299185371],[22.73618792379986,63.859830141219526],[22.736132442643623,63.86003918955581],[22.73611664598223,63.860254311554755],[22.736144868319236,63.86049422175838],[22.736211477754257,63.86073684296684],[22.7363073767219,63.86098061472558],[22.73642638276683,63.861224129174],[22.73656484733247,63.86146597146525],[22.736721430885037,63.8617045638963],[22.73689700679473,63.86193799405788],[22.737094714534223,63.86216382581409],[22.737320157600386,63.86237888308569],[22.73758173710093,63.862578985490174],[22.73789114709007,63.86275863840101],[22.73824644697186,63.862908547605954],[22.73864799721018,63.86303596888662],[22.739085575594956,63.86314273886334],[22.739551602561566,63.86322907051288],[22.740040727831307,63.86329351038997],[22.740567679306732,63.86333573393918],[22.741109034042513,63.86335736213539],[22.741659319587285,63.86336312372241],[22.74221380911862,63.86335632580228],[22.742768051109568,63.86333899817498],[22.7433174053785,63.863311968656944],[22.743856485573666,63.8632748430605],[22.744093537066057,63.863252609601055],[22.744378530006845,63.86322587969456],[22.74487573263893,63.86316077208703],[22.745358445971448,63.86305093004183],[22.745803700664126,63.862883157659994],[22.746206610068917,63.86264168787903],[22.746533711135754,63.86235649313415],[22.74679350435699,63.862051973293205],[22.746993484492,63.86175196265658],[22.7471399912429,63.8614797705612],[22.747316001972987,63.861064210182064],[22.747426095880957,63.861026217918614],[22.747579564278375,63.86095368376871],[22.747739607823174,63.860856302317245],[22.747862243444075,63.86074548588498],[22.747900986777022,63.8606332249827],[22.747800395780068,63.86052014623108],[22.747553444868448,63.86042102948595],[22.747189223715566,63.860333468390685],[22.746744602141934,63.86025330264308],[22.745773208783536,63.86009572471687],[22.745381752782375,63.8600162488195],[22.745311336575877,63.86000195226619],[22.74486392179926,63.859877300543836],[22.74443491480359,63.859730234505975],[22.744017316499384,63.859569448417446],[22.743192792027507,63.85923527631348],[22.742775126208397,63.85907496075076],[22.742346611733407,63.858928261177645],[22.74190118310676,63.85880315923502],[22.741431835685844,63.8587092592539],[22.74091104090262,63.858652642189575]],[[22.736864192507042,63.79069003342878],[22.736270270829618,63.79065418162813],[22.736095214099258,63.790660299457265],[22.735651577388758,63.79067580139944],[22.735097799504214,63.79075700328369],[22.73464076034656,63.79088762417594],[22.734260291736177,63.79105768312943],[22.733908953017202,63.7912501960948],[22.733579374761455,63.79145820753598],[22.733267492426492,63.791677062985954],[22.732971630032203,63.791903760792046],[22.732692262944163,63.79213651812004],[22.732431922006,63.79237447777608],[22.73219529219693,63.79261751337425],[22.73198942189931,63.79286612317419],[22.731821111857865,63.793119032580385],[22.731681848935732,63.79337661799494],[22.73156365456154,63.793637455719356],[22.731460999636614,63.79390043097893],[22.73137040693446,63.794164611997715],[22.731220384130253,63.79469307242788],[22.731162686799614,63.794955351763],[22.731120720913243,63.79521458024641],[22.73110030213167,63.795468902064016],[22.731109935560035,63.795715807488655],[22.731161462087652,63.79595189310564],[22.731270890963554,63.796172573597445],[22.731459406166255,63.79637173301814],[22.731726318041453,63.79653507167351],[22.732064900993883,63.79667592191687],[22.732456754480037,63.796796353592086],[22.732887680529664,63.79689662113595],[22.7333468326079,63.79697513208422],[22.73382599195221,63.7970283384357],[22.73431896398887,63.79705054616904],[22.73485324413277,63.797035039042676],[22.73539321968062,63.796986484981964],[22.73593515515877,63.79691323257949],[22.736475809624753,63.79682125299469],[22.737012075970927,63.79671453380961],[22.73754062569947,63.79659539664258],[22.738057575916503,63.79646470845002],[22.738558129678413,63.79632201383761],[22.738963732586193,63.796192899827425],[22.741212913310864,63.79544499999564],[22.741652913940477,63.79528904496368],[22.742068587147816,63.79512944858518],[22.742447648167474,63.79496402608945],[22.74277353748443,63.79478988944501],[22.743023984013927,63.794603229634376],[22.743176688695524,63.79440433064228],[22.743243840278385,63.794193844815794],[22.743235038104295,63.79397644433412],[22.74315349077658,63.79375641746277],[22.74299021354664,63.79352539743284],[22.74272573528709,63.79327114867657],[22.742366066489186,63.792989270665295],[22.741942274950528,63.79269269920133],[22.741484723929105,63.792394272249645],[22.741022755868595,63.7921067764275],[22.73996791294899,63.79148158019096],[22.739699645622967,63.79132257477284],[22.73965011977768,63.79128303793454],[22.739353454466222,63.791194543570704],[22.739003806944446,63.79109787060784],[22.738554821977583,63.79098517128323],[22.738031790500067,63.79087024333781],[22.73745984853571,63.790767053680426],[22.736864192507042,63.79069003342878]],[[22.646151547669973,63.84823801974433],[22.64665380693108,63.848215247297226],[22.6471312019124,63.84823809875972],[22.647926735259862,63.84832410427438],[22.64826565655508,63.84832932339929],[22.648567357185694,63.848284168469625],[22.648840205103188,63.848194936912755],[22.649068139058265,63.848068132804244],[22.649219406492694,63.847933092315515],[22.64934237204433,63.84777946397916],[22.649567487379574,63.84743607972232],[22.649730892396917,63.84720793840619],[22.649916995049708,63.8469740009321],[22.65012204414654,63.846736772096],[22.650343696206306,63.84649815093745],[22.650580969680615,63.84625966039959],[22.65083419080366,63.846022638975974],[22.651105027331134,63.84578839095243],[22.651396529248338,63.845558317976725],[22.651678801905316,63.84535545450225],[22.651975209341558,63.845155770005384],[22.6528966970801,63.84456307830445],[22.653198429995342,63.84436385143185],[22.65348896486245,63.8441619736736],[22.653780611836797,63.843944161686444],[22.654057954082873,63.843724282310895],[22.6550841842999,63.84287367789738],[22.655700005860194,63.84239274469493],[22.655821690246672,63.8422624782417],[22.65587070496963,63.842149223601695],[22.655857971205634,63.842050515437144],[22.655787622902956,63.8419742311515],[22.655660948319092,63.841929462396045],[22.655447233674632,63.84192566079759],[22.65517895381969,63.841965553057896],[22.65487500709546,63.84203931716072],[22.654551435330646,63.84213948689726],[22.654222316290557,63.842260554407794],[22.65390053731192,63.84239862937147],[22.653092238456864,63.8427972337274],[22.652726025582872,63.842951475342524],[22.651571643643653,63.84338538285632],[22.650895449926256,63.84365631457524],[22.650541247530345,63.84377316105621],[22.650218437495457,63.843853605323226],[22.649043701889582,63.844087995146225],[22.64856678274719,63.84419452381676],[22.64809465505661,63.84431370876424],[22.647636803896926,63.84444777162717],[22.647203854312362,63.84459654390856],[22.646787382044415,63.84475572172835],[22.64597781401161,63.845078180188054],[22.64557289710018,63.84522730452678],[22.645160195743795,63.84535749803345],[22.644733619914902,63.8454587039274],[22.644352948487015,63.845514986648006],[22.644074252793878,63.84553435148709],[22.643966497591805,63.84554183833923],[22.643583586177975,63.84553869960744],[22.643231557283364,63.8455050121862],[22.643213838518587,63.84550331674419],[22.642851309930293,63.845429986840536],[22.642517287282764,63.84532489855362],[22.642216115054147,63.845193985457094],[22.641928300895316,63.84502915335281],[22.641402249504836,63.84466887598811],[22.641122401608172,63.84449417138591],[22.64080272688652,63.844337104878214],[22.64042825480211,63.844206730207546],[22.640007952682534,63.84410043469192],[22.63955679601997,63.84401484415119],[22.639088196553168,63.84394819600466],[22.638614812402093,63.84390035565844],[22.638149415754825,63.8438728948687],[22.637705816333504,63.84386924371798],[22.63729982642936,63.8438949292578],[22.636950341788996,63.8439578949648],[22.63673076299868,63.844037135876164],[22.636559138090576,63.84413978558818],[22.636437684146422,63.84426145396718],[22.636355674820717,63.8444388725528],[22.636334955736164,63.84463506358031],[22.63635195837128,63.84484504958696],[22.636418645953988,63.84529254409666],[22.636461984560242,63.84597630016033],[22.636495395203433,63.84620533692662],[22.636562500154312,63.84643216385474],[22.636661824281088,63.84663010290456],[22.63679821783524,63.846824200687855],[22.636969766220748,63.84701351547928],[22.637228939647795,63.8472406434523],[22.637529456609034,63.847459997806276],[22.637861892392067,63.84767239295705],[22.63821995670744,63.84787793617726],[22.638600186810393,63.84807591850868],[22.639048397629796,63.84827148175238],[22.63959664174344,63.84846169801153],[22.64022347180788,63.84863328810281],[22.640889319019124,63.8487729563079],[22.641570425139662,63.848881975226256],[22.642228463799626,63.84895972711587],[22.642825512104874,63.84900598559667],[22.643323695113345,63.84902183257139],[22.643626359018867,63.84901588574495],[22.64381950880671,63.84900068569857],[22.643881037734563,63.84898283248786],[22.643942161879565,63.84893345937423],[22.644126568381584,63.848838364246696],[22.64441229420441,63.848711885800306],[22.644778330887966,63.84857065696174],[22.64520396134472,63.84843221039997],[22.64566857828299,63.84831494436574],[22.646151547669973,63.84823801974433]],[[22.756018018477697,63.84913979733318],[22.75570861383376,63.84912420324329],[22.755355238691642,63.84916001285155],[22.754974595999713,63.84923536659057],[22.754580983350742,63.84934172507182],[22.75418721702187,63.849473307449834],[22.753784210358972,63.84963339547859],[22.753413719071492,63.84979747908318],[22.753390856279474,63.849807604572604],[22.752619930799025,63.850166563017446],[22.75223632797323,63.85033731479907],[22.75185019217026,63.85049314344683],[22.751320102899218,63.8506855169197],[22.751032474386406,63.85080267119936],[22.750760131049283,63.850930181081736],[22.750508092343313,63.85106710218837],[22.750282224246558,63.85121291510779],[22.75005187465452,63.851395082671246],[22.749613924743183,63.85177179073794],[22.749389900482964,63.8519346169759],[22.748650829985394,63.85242508102086],[22.748376457937336,63.85262797763857],[22.747844055893037,63.85304499493012],[22.74756374602541,63.85325106482916],[22.747258344367573,63.853450081992904],[22.746918516417058,63.853640183789025],[22.74619191530565,63.85400957239238],[22.745838328031674,63.85420051611486],[22.745523058926935,63.85439394552933],[22.7452313710433,63.854596317876535],[22.744961275872836,63.854805683328955],[22.74471263052511,63.85502047094066],[22.744487299924447,63.85523939995427],[22.744289386912744,63.855461386813744],[22.74412558110338,63.85568544848088],[22.744005616347284,63.85591060175449],[22.74394051195489,63.85612841225225],[22.743925275657976,63.856343036093804],[22.74395986835886,63.85655085029232],[22.743991350872463,63.85662100369601],[22.74404813064413,63.856747529923126],[22.74419804580895,63.85692776459946],[22.744405002399926,63.857078308086855],[22.744670287122773,63.85720453864526],[22.744989001138926,63.85730137283383],[22.745403750724698,63.85737016093863],[22.745865942476648,63.8574042863998],[22.746361819155208,63.85741197604356],[22.746880597710554,63.8573992818225],[22.747413696055666,63.85737039691549],[22.747852348050912,63.857335898218444],[22.747954044050555,63.85732789970003],[22.74849547292075,63.85727289666531],[22.749032160941617,63.85720508968247],[22.74955809455852,63.85712274126043],[22.750066521683415,63.857022556878526],[22.750541681322485,63.8569045232865],[22.750998477626442,63.85677062015465],[22.75144203133501,63.85662577436575],[22.751876768647357,63.85647413090025],[22.752320581369975,63.85631143652883],[22.752806950934257,63.85612204572889],[22.753260303428693,63.85593818168064],[22.753714198089433,63.855742825054946],[22.754148248503913,63.855538386933944],[22.754543265121086,63.85532774979398],[22.75490814724782,63.85510025985533],[22.75520790064692,63.854883768558885],[22.755441572469785,63.85469187155498],[22.75560767364363,63.854538074032945],[22.755704242512593,63.85443589327633],[22.755728066837023,63.85439897602816],[22.75571117650922,63.854347584796386],[22.755781173086397,63.85423430230758],[22.755931296272777,63.85407480217672],[22.756161963248633,63.85388642783685],[22.75633773262507,63.85376689518424],[22.75689261306551,63.853419114190494],[22.757248805024858,63.85318177772121],[22.75756406067094,63.852937032383565],[22.757797085262172,63.85269231374091],[22.757916398676905,63.852454545792924],[22.7579310573045,63.85223502739551],[22.757884812116846,63.85201693236074],[22.757790702050027,63.85180252966237],[22.757653638068685,63.85159687882841],[22.757506670094735,63.85143978282491],[22.757474472521576,63.851405365979936],[22.757287082201785,63.85125245570711],[22.757093659837285,63.85110725418918],[22.75692082948572,63.850962745634796],[22.756795183773537,63.85081225505183],[22.75673374578377,63.85064248701203],[22.756725689533585,63.85046282289544],[22.756766147997542,63.850088209775826],[22.75676595961488,63.84990022357761],[22.756717586333423,63.84969849684648],[22.756618334734856,63.849510628405106],[22.756470449598435,63.84934642222275],[22.756272254158674,63.84921784126005],[22.756018018477697,63.84913979733318]],[[22.6824448009923,63.83336106940967],[22.681973400441464,63.83333618966212],[22.681483105036808,63.83333846219115],[22.68097984729086,63.83335958966514],[22.680468290885578,63.83339279298104],[22.67891895289303,63.83351254874392],[22.678385770132632,63.83354921544936],[22.677859183812185,63.833593412636645],[22.6774024507959,63.833648676847616],[22.676955536660543,63.833720269070625],[22.676522087611698,63.833807722406945],[22.676106647695317,63.83391157769607],[22.675722208679254,63.83402972433994],[22.67536048443086,63.834162860896896],[22.675022875250765,63.83430969091661],[22.67466840016686,63.83449250199914],[22.674340601400523,63.834688032577176],[22.67403323260582,63.83489282594835],[22.673741904916593,63.83510429551862],[22.673463891517862,63.835320539170624],[22.673198006152166,63.835540202589584],[22.672944590634074,63.83576236203551],[22.672705605254237,63.83598643986484],[22.672484828054856,63.83621214039609],[22.67228819905003,63.836439409898276],[22.672124313352345,63.836668408233486],[22.672005068745094,63.83689949591224],[22.67194540185622,63.83711107500254],[22.671930109572745,63.837323368207116],[22.671956624963496,63.837534921278625],[22.67202530104383,63.83774420029148],[22.672139536385338,63.83794950370585],[22.672317690601925,63.838166055288596],[22.672540312182562,63.838377682990476],[22.67279330519468,63.83858624917494],[22.67338092830041,63.83903942177121],[22.673711316643868,63.83930865345367],[22.674061073241436,63.83961671860906],[22.674394766856608,63.83993176921726],[22.67470283679353,63.84023891658168],[22.67520357710356,63.840770184108166],[22.675481336838846,63.84109247169373],[22.67550617216047,63.841138508698535],[22.675613073713446,63.841124258742035],[22.677798446456347,63.8409713263699],[22.67856331440407,63.84090949212086],[22.679328541342283,63.840839197986824],[22.67979870332169,63.84078791316088],[22.680049755562802,63.84076052728591],[22.68049543572322,63.840700627863725],[22.680886705011186,63.84063024473163],[22.68130926268032,63.840513545275],[22.681678758577018,63.840371849280366],[22.682022239054902,63.84021021853347],[22.682341985430654,63.84003382141126],[22.682637739820464,63.839846248091945],[22.68290681713009,63.83964984206245],[22.683144068765333,63.83944594986943],[22.68334169194149,63.83923510241522],[22.68348893526867,63.83901712931324],[22.683574725505082,63.83880348787918],[22.683619713499883,63.83858480092662],[22.683638182106613,63.83836273085299],[22.68364848490366,63.83768868010908],[22.68368321988308,63.83727924588005],[22.683698351715858,63.837100873583026],[22.68371879557475,63.83665097480165],[22.68375779350976,63.83642760751216],[22.6838414654238,63.83619986063445],[22.683845982872388,63.83619126571837],[22.68396083003063,63.83597279647427],[22.684400186329526,63.835295631359116],[22.68453094289071,63.83507207919996],[22.684630298621872,63.834850604936264],[22.68468092730047,63.83463230056928],[22.684662176473708,63.83440193106526],[22.684563092355724,63.834182405691486],[22.68437823030987,63.833980242653475],[22.68410687893083,63.83380409729704],[22.683763159886155,63.83365179614789],[22.68340040656826,63.83353605273529],[22.683364171581506,63.83352449114385],[22.68292204920562,63.833425609524014],[22.6824448009923,63.83336106940967]],[[22.781901446506843,63.78913980834799],[22.776098189193508,63.78725969327408],[22.77191999132184,63.78901180437777],[22.765604795877568,63.79023525956163],[22.76328160830303,63.790614525397075],[22.756276555144538,63.7891535258091],[22.74895780808392,63.79007007280324],[22.748880987414594,63.790045967422095],[22.746834350028717,63.78988179320463],[22.746064644844726,63.78982004258011]],[[22.746064644844726,63.78982004258011],[22.746193589535004,63.78990361558234],[22.74654109096512,63.790119134726304],[22.746901657137663,63.79032961869499],[22.74728015784258,63.7905331992376],[22.74767472327635,63.790725576255234],[22.748087126711464,63.79091101615644],[22.748513040084035,63.791091098217706],[22.748949334876446,63.79126691485565],[22.749845306055153,63.791608066596154],[22.75076716124289,63.79193552037788],[22.751238188363246,63.79209294346042],[22.751717279470657,63.792244844851346],[22.752143852774083,63.792372559899356],[22.75217029817311,63.79238047765901],[22.753535490685376,63.79277490418506],[22.753977233198714,63.7929098220895],[22.754403261383445,63.79305061141707],[22.754806610352407,63.79320029706782],[22.755178781029223,63.79336249348217],[22.755536907906613,63.79355377206103],[22.75586068512548,63.793759184474645],[22.75602437944787,63.793876312087],[22.756161394496598,63.79397434818106],[22.75701467171423,63.79464435198702],[22.757309201277195,63.79486616647623],[22.75762228205708,63.79508243412072],[22.757890538028906,63.79524912097557],[22.75817542001261,63.79541003540197],[22.75847641402725,63.795564770242414],[22.75879363775738,63.79571266544525],[22.759134494186405,63.79585719011236],[22.759832502382398,63.79614186094293],[22.76024183476458,63.79632210124751],[22.760638607090744,63.79651029142887],[22.76102335420632,63.79670493081973],[22.76111312530053,63.796753191051465],[22.761529208254572,63.79722719376687],[22.76182819998189,63.79715630878461],[22.76320269583967,63.79683042940446],[22.76330038791913,63.79573328153453],[22.763607793152783,63.79458283614307],[22.76510228010508,63.793586188875445],[22.766762424406224,63.793724140382984],[22.768797563717598,63.794051460332305],[22.770020263313047,63.79396842239484],[22.77238059512443,63.793472790581305],[22.77619212992421,63.79406019911539],[22.77704420728258,63.79375813282586],[22.777552270575477,63.79305949764439],[22.777863929963733,63.79232537794792],[22.77766268780247,63.79187353453229],[22.77860821403977,63.79139581941644],[22.77910733037084,63.7907563773406],[22.778624604422575,63.78993953454191],[22.780315144524533,63.789424166152536],[22.781901446506843,63.78913980834799]],[[22.65468527296022,63.78769128261077],[22.651380873190828,63.787418422989724],[22.64735942660925,63.79252233692749],[22.647339205832246,63.79252659085307],[22.634349086684782,63.79747776825757]],[[22.634349086684782,63.79747776825757],[22.63526728370444,63.7980574949328],[22.635566677612147,63.798256841797176],[22.635841609300734,63.79845791879349],[22.636079212572575,63.79866142081078],[22.636263905369585,63.798868244688634],[22.63637642211513,63.79907953901556],[22.636401680573407,63.799296616746425],[22.636354730542003,63.79951815525452],[22.636255133065355,63.79974297374582],[22.636118762065394,63.79997013309687],[22.63595877074381,63.800198879743405],[22.635446723695193,63.80088879860601],[22.635300552931678,63.80111828950204],[22.63518650954772,63.80134665376863],[22.635119720615958,63.80157325084741],[22.63511878392556,63.80179730429992],[22.635202844296405,63.80202640336559],[22.635358458699802,63.802252763515],[22.63556682879527,63.802477184622525],[22.635813594255744,63.80270026381773],[22.63608796214538,63.80292242398495],[22.63638200368205,63.80314392483608],[22.636690057751185,63.803364867318315],[22.637008296945524,63.80358518585815],[22.637667267649412,63.80402266130274],[22.638354941102783,63.80445098917869],[22.638713360010644,63.80465837097936],[22.639086028226533,63.80485828667301],[22.639478202846988,63.80504749505477],[22.63989697872762,63.805221643506805],[22.64034280034141,63.80537491511791],[22.640815571239557,63.805510268993196],[22.641309293448217,63.80562847562193],[22.641819719291576,63.80572864135187],[22.642344047298113,63.80580810927531],[22.64288067220427,63.805862286236334],[22.64345334971391,63.80588759530331],[22.644032723712378,63.805885849867344],[22.644613162209303,63.80586248421474],[22.6451889740264,63.80582062135952],[22.645753878109655,63.80576125480515],[22.646300427672852,63.80568331477725],[22.646819396310832,63.805583625434224],[22.647299074567872,63.805456744305886],[22.647708404711945,63.805307137380005],[22.64808109901722,63.80513420186923],[22.64842638259305,63.80494424794511],[22.648751131560076,63.804742058381194],[22.64906022183655,63.80453119759175],[22.649356812975924,63.8043142674541],[22.64964252208119,63.80409311125929],[22.649917510420032,63.80386897726507],[22.650180487613294,63.80364263660649],[22.650428588809987,63.803414467705615],[22.650657180429306,63.80318451604939],[22.650859534708598,63.802952521239895],[22.651026421739246,63.80271792536914],[22.651145571609916,63.80247986667898],[22.65120787152127,63.802232039836866],[22.65122072749883,63.80198069073566],[22.651197394450456,63.80172684668619],[22.65114795016914,63.801471271931796],[22.651079966668014,63.80121453286703],[22.65099906767618,63.80095703643695],[22.650813927355134,63.80044085008657],[22.650215792264593,63.79889151760455],[22.650038904013492,63.79837631663594],[22.649963393481084,63.79811919214081],[22.649901345179767,63.79786251696025],[22.649857960094902,63.79760643638082],[22.649840141437767,63.797351145263285],[22.64985693620195,63.79709689866389],[22.649917032790768,63.79683926504789],[22.650012571151713,63.796582683852165],[22.650133759116432,63.79632685774546],[22.650424523605434,63.79581656386388],[22.65122594403941,63.7945409093405],[22.651371539555893,63.794284372475005],[22.65150323618344,63.79402676623474],[22.651615547663624,63.793767690501895],[22.651700944567697,63.793517432979215],[22.65176806982258,63.79326579715336],[22.65182159223756,63.793013136047115],[22.651901815186623,63.7925057919481],[22.652055363092384,63.791234262807826],[22.65214259926565,63.79072835474921],[22.652203726398174,63.79047716548664],[22.652283123111797,63.79022783808884],[22.652387598555496,63.78998108677429],[22.6525190627251,63.78974389867536],[22.65267647549285,63.7895096094723],[22.652855632480456,63.789278021258035],[22.653054083102834,63.789049164334926],[22.653271015952736,63.78882330184347],[22.65350719339955,63.788600944862026],[22.65378410582345,63.788365607195395],[22.65407915480692,63.788133912187114],[22.65468527296022,63.78769128261077]],[[22.621969564138865,63.80219348173985],[22.61425306048829,63.80513156817341],[22.609933839236295,63.80882985200171],[22.599511120825856,63.81715595558551],[22.59838206255436,63.81744461175995]],[[22.59838206255436,63.81744461175995],[22.598420308036502,63.817513545514615],[22.59861077429539,63.81772812484831],[22.59886122561488,63.81792830652227],[22.599171410114973,63.81810961515703],[22.599517182969166,63.818258670412334],[22.59990544253198,63.81838838511504],[22.60032513829048,63.81849993313527],[22.600767655737425,63.81859296245169],[22.601226288802625,63.8186655331925],[22.60169579290989,63.81871396913081],[22.602172014752526,63.818732647691625],[22.602674008490567,63.81871538086282],[22.603177126042073,63.818666848164185],[22.603679153287796,63.81859459702817],[22.604177882625553,63.81850418192623],[22.604670868011773,63.81839946797591],[22.60515512165127,63.818282865345665],[22.60562679675165,63.818155470638295],[22.606080801933878,63.81801713786922],[22.606510329281583,63.817866464106054],[22.606906287235685,63.81770069399565],[22.607285931605688,63.81750297851628],[22.607625974163252,63.817288812887796],[22.607936514626967,63.817062681883826],[22.608225332855984,63.81682788381939],[22.608522043900567,63.81656249035527],[22.608839717882976,63.816258362136544],[22.609166741927954,63.81593158894071],[22.609800949992028,63.815273542247674],[22.61051667612619,63.81451012686101],[22.61064301521508,63.814378407094125],[22.610694572029754,63.81433576336946],[22.611459773142073,63.813781976461215],[22.614667494793842,63.811421060115364],[22.615288143902575,63.810978113987005],[22.61560463690376,63.81076116502492],[22.61592790156988,63.81054932468463],[22.616260872450393,63.81034492611984],[22.616607501318764,63.810151138910406],[22.61697305907635,63.80997222545717],[22.617364493078394,63.809813846701324],[22.61779084186902,63.809683430709676],[22.618207636561934,63.80959601165075],[22.61865198298983,63.80953337341138],[22.61911611127114,63.8094919838073],[22.61959369059767,63.80946983516599],[22.620079475248886,63.80946631398684],[22.62056897773072,63.809482105590526],[22.621125154942725,63.80952360519827],[22.621680325767382,63.80958302389957],[22.623335771180958,63.80979220974971],[22.62388302653761,63.80984876601764],[22.624427202893852,63.80988598932571],[22.624967578423004,63.80989441534674],[22.62549180550339,63.80986759845113],[22.626013089239475,63.80981215168111],[22.626532842043854,63.80973593407873],[22.627052347452025,63.80964517530473],[22.62757282784639,63.80954485079393],[22.62915280466084,63.80922405373602],[22.629690436102766,63.80912083089888],[22.630691418754672,63.80894597069557],[22.6322009717853,63.8086943075558],[22.632694334662013,63.80860572308503],[22.633175966979163,63.808511011829616],[22.6336401403676,63.808407286307194],[22.634113712541176,63.80828264052674],[22.63455505983758,63.80814561272062],[22.634957554276554,63.80799738793688],[22.635310756262584,63.80783821867773],[22.635599665371032,63.80766744269668],[22.635803775906698,63.80748346159704],[22.635901317665294,63.80729997146546],[22.635920587110913,63.8071075854568],[22.63587436516108,63.806910431219244],[22.635770759302684,63.80671230068238],[22.63561362064327,63.80651684700652],[22.635402832032955,63.80632778659177],[22.635141045116875,63.80614913356582],[22.634840941388475,63.80597733924236],[22.633859181941176,63.805473414192974],[22.63354827125318,63.80529970909318],[22.633266851536924,63.80511809946794],[22.632998013633483,63.8049041863375],[22.632298598807875,63.804233414669326],[22.632055959850415,63.80403241279176],[22.631791431265135,63.80383966374039],[22.631508386627047,63.80365728431829],[22.631208869772347,63.80348829233633],[22.63089362542543,63.803336828691],[22.630562110848103,63.8032084229177],[22.630212435590035,63.80311030241428],[22.629841289219723,63.80305175254256],[22.629416592540505,63.80304028750491],[22.62896826661013,63.8030693691838],[22.628501028487808,63.80312339669515],[22.627520655104842,63.80325229816691],[22.627009603209302,63.803301651427816],[22.626510868737288,63.803325573587856],[22.626006505390652,63.80332684848957],[22.625503617904155,63.80330667245339],[22.62500944303164,63.80326476251059],[22.62453180132105,63.80319927661323],[22.624079556379314,63.80310668552839],[22.62363660040081,63.8029764565706],[22.623223357988273,63.802819668241845],[22.62283158172812,63.802644050172574],[22.622454620379848,63.80245582684053],[22.621969564138865,63.80219348173985]],[[22.66706351259913,63.78871269358045],[22.66251475475798,63.7883374768561],[22.662270761637092,63.78848655433742],[22.66159029501466,63.78891744424613],[22.660925633136006,63.78935354406988],[22.66029196291294,63.78979605927118],[22.659995356641623,63.79002116738176],[22.65971934862115,63.7902501685518],[22.659471429775778,63.790484492248524],[22.659260732556437,63.79072140467766],[22.659076957918234,63.79096342226677],[22.658912733197106,63.791209131870325],[22.65876255579342,63.791457476896326],[22.65848938721327,63.79195915960447],[22.65811758805276,63.792717907091046],[22.657781445240545,63.79347998827976],[22.657592362548105,63.79398989018055],[22.65751673113779,63.794245755539514],[22.657458110869428,63.7945020749317],[22.657413755916348,63.79475901646828],[22.657356055915916,63.795273902082585],[22.657329450791124,63.79578894054062],[22.65732696120309,63.79604609328619],[22.657348293913127,63.796558661622704],[22.657376225374843,63.79681355370337],[22.65741975504524,63.79706706010362],[22.65754613770759,63.797588628236426],[22.65759396233972,63.797849259939156],[22.657610094198958,63.79810774577029],[22.657597867757495,63.79836713044126],[22.657562670026273,63.79862703682795],[22.657508086106173,63.798887117123954],[22.65743607786883,63.79914702766202],[22.65734712322337,63.799406408837115],[22.657247030751716,63.799652916064055],[22.656794792366636,63.80063562991119],[22.65669337918354,63.80088156584641],[22.656607130681795,63.80112803142862],[22.656542538614236,63.80137526450587],[22.656505469114503,63.80161240563692],[22.65648712005492,63.80185010716361],[22.656462538430294,63.8027986431364],[22.656434315680663,63.80303282427587],[22.65638126746513,63.80326452872819],[22.65629294539755,63.80349283397482],[22.656150281760482,63.803732471966946],[22.655965604547013,63.80396803466474],[22.65574871368913,63.804200341323074],[22.65550682460488,63.80442993286773],[22.655244998292442,63.80465710463192],[22.654966496177842,63.80488192603159],[22.654673070614027,63.80510425560286],[22.654377743795294,63.80531584538374],[22.653143269431613,63.80615066710632],[22.652545519452932,63.80656965332137],[22.652267197704496,63.806781769265186],[22.65201141521076,63.80699674450739],[22.651787156226973,63.807215651097145],[22.651605969086148,63.80743981913995],[22.651469457919884,63.80768973431155],[22.651388392375104,63.80794533019412],[22.65135521057376,63.80820455381342],[22.651366986935983,63.80846561152609],[22.65142525479215,63.80872682793126],[22.65153131211526,63.80898560169669],[22.651675382780045,63.809243032256354],[22.65184724400004,63.80949910430231],[22.652039787856747,63.80975356025222],[22.652248535382846,63.81000583344763],[22.652471294382124,63.81025494612536],[22.652707994678313,63.810499391159894],[22.65296066693204,63.810736953403755],[22.653233569534237,63.810964494134026],[22.653533493118555,63.81117766533067],[22.653870192282483,63.81137056394884],[22.654256974534874,63.811535302809354],[22.654692570460483,63.81166226795563],[22.655175583217282,63.81176082228267],[22.65569293901009,63.811836713500696],[22.656234528935766,63.81189354834709],[22.65679252556677,63.81193297604756],[22.657360775636832,63.81195478686982],[22.657934284683282,63.81195691546281],[22.658478334796676,63.81193860609684],[22.659020300229905,63.811902482932524],[22.659557199142167,63.81185040980292],[22.660085727262487,63.81178280607078],[22.660602007740277,63.81169868495761],[22.66111534038086,63.81159407593683],[22.661612516591145,63.811473761748076],[22.662093948292895,63.81134053197559],[22.66255867368698,63.81119591312901],[22.663004222635568,63.81104027609435],[22.66342644915773,63.810872893150226],[22.663817177899844,63.810695134183376],[22.66418466262056,63.810507419314796],[22.664532462214062,63.8103121481618],[22.664862360428,63.81011097560286],[22.664889005492274,63.810093383990896],[22.66517443732659,63.809904929021414],[22.66546706353681,63.80969448546601],[22.665736813694295,63.80947963199403],[22.665978306032514,63.80925989052952],[22.66618397185251,63.80903432262871],[22.66635515211419,63.808791256587575],[22.666492983632537,63.80854303305438],[22.666845672524634,63.807789843542196],[22.666986037123493,63.80754279622475],[22.66716091442276,63.807301426493694],[22.667385001575678,63.80706447853867],[22.667649063167723,63.806834106463086],[22.667943307251235,63.80660879864244],[22.668260362608173,63.80638746683207],[22.668594843476818,63.806169392628846],[22.668942985131224,63.8059541895429],[22.669671499365684,63.805532360964044],[22.670049968892847,63.805326470180944],[22.670437940128608,63.80512495336405],[22.670836182649975,63.804929022913186],[22.671967694856093,63.80441123328379],[22.672325039709477,63.804241703904474],[22.6726553900256,63.80407064706564],[22.672945414784547,63.80389610221888],[22.673178587876674,63.803715845794486],[22.673334274975538,63.80352725948803],[22.67339761064369,63.80331134042982],[22.673372208236383,63.80308538676731],[22.673283637742973,63.802852061715946],[22.67328262148817,63.80285021705152],[22.673152136003917,63.80261339284494],[22.67299402502077,63.80237090010571],[22.672651389638556,63.80187861871283],[22.672491128316285,63.80163021272528],[22.672354968286527,63.80138087938528],[22.67225750203497,63.80113087071719],[22.67221627032749,63.80088033219247],[22.672243143662254,63.80063806806862],[22.67232481243679,63.8003954611219],[22.672447362384787,63.800152560202996],[22.67259997545033,63.799909383030595],[22.672774283044667,63.799665929160895],[22.672963777387167,63.799422185698255],[22.673980696739473,63.79819914349793],[22.674169518196916,63.797954149775414],[22.674341577692566,63.79770955101225],[22.674489058344165,63.79746587146145],[22.674596858575335,63.79724115842794],[22.674674214777138,63.79701999270327],[22.67471815105131,63.79680486423894],[22.674722869874042,63.796598842661254],[22.674679335875023,63.7964057724379],[22.674574741849245,63.79623049326184],[22.67439185531988,63.79607909637958],[22.67408668374246,63.79594615290715],[22.673691941750512,63.79584127151242],[22.67323170679973,63.79575690162119],[22.672724343737748,63.795687208356846],[22.672183756402667,63.79562768217566],[22.671620428060557,63.7955747987837],[22.669276278101282,63.79537760543927],[22.66869260345963,63.79531997989204],[22.668119407029042,63.79525336578728],[22.66756269586105,63.795173778727516],[22.667058242620232,63.79508304214321],[22.66657962012463,63.79497626449025],[22.666133382747102,63.794852302667294],[22.665728782555053,63.79470870580045],[22.665386063157804,63.79454973471369],[22.66508558120792,63.794374165329515],[22.66482238437267,63.79418613090995],[22.664594546050942,63.793988848777424],[22.664403151764333,63.79378478805123],[22.66425244611237,63.79357582422269],[22.664150097056037,63.79336335769301],[22.664107615390954,63.79314841448891],[22.664139934353724,63.79291175310274],[22.664238501168274,63.79267367278983],[22.664384409782468,63.79243458018303],[22.664562819361397,63.79219466616748],[22.66476192836079,63.79195393977821],[22.665392660464047,63.791224350283464],[22.665584942368444,63.79098286036499],[22.665941229475774,63.79049488080756],[22.666271018126874,63.79000296187221],[22.666613315973787,63.78945976748376],[22.66706351259913,63.78871269358045]],[[22.77477377728608,63.87098960870053],[22.774614754944704,63.87032079320144],[22.774478174147152,63.869668308191784],[22.774418451042823,63.869316589652655],[22.774373527772926,63.868968461882694],[22.774350519352833,63.86863937507574],[22.77435489505156,63.868342533435445],[22.774382043042877,63.86807596108606],[22.77442445697024,63.86781066322571],[22.774481607389983,63.867546389745186],[22.77455467837296,63.86728358607878],[22.774646456220232,63.867022845202435],[22.77476139422923,63.866764950872366],[22.774905743889974,63.86651092639808],[22.775080499684044,63.86626540324718],[22.77527710621993,63.86602349267998],[22.775684900872278,63.865546441068695],[22.77587143947163,63.86530986805755],[22.776028455371566,63.86507391919805],[22.77613977723953,63.86483822952474],[22.776185743121893,63.86460250189062],[22.776154395137883,63.86437705674784],[22.776063899771277,63.86415140098861],[22.775932741767413,63.863925610341305],[22.775776269409874,63.86369978389498],[22.775439006063742,63.863248599269774],[22.775281870378908,63.86302365611406],[22.775148390982263,63.86279954047422],[22.77505192169311,63.86257667183977],[22.775007799332478,63.862355601444236],[22.775019562704617,63.86216709582407],[22.775152944045708,63.86160527910971],[22.775159824794684,63.86143811296518],[22.774745883720616,63.86065720375455],[22.774611513480142,63.860495953887195],[22.774431914045625,63.8603200486447],[22.774190868259094,63.86011432409345],[22.773929150701587,63.859920380315906],[22.77364685263866,63.85974334279956],[22.773341914052335,63.85958994425619],[22.773010029200364,63.859468962304824],[22.77264445420675,63.859391725296355],[22.77223100979721,63.859367172047385],[22.771784356970866,63.85938720161024],[22.771313490271243,63.8594390670459],[22.770825197455725,63.85951257183162],[22.769299432824898,63.859785429522994],[22.76877932714554,63.85987207905317],[22.76825579411299,63.85994587604979],[22.76772933838881,63.859999441619365],[22.767200012110347,63.86002404870003],[22.766665386962313,63.86001292637219],[22.76612777605538,63.85997284920927],[22.765587112777645,63.859912844870934],[22.76394191357202,63.85968588085028],[22.76338286716226,63.85961633415389],[22.762860578047363,63.85956377019629],[22.76233495229909,63.859524170479716],[22.76180901475736,63.85949911867017],[22.761286078108895,63.85949124788627],[22.760786577711883,63.85950242015681],[22.76029740311232,63.85953088627461],[22.759823488682052,63.859575458136064],[22.759371153335085,63.85963613088872],[22.758948498511963,63.85971410542156],[22.758565878428545,63.85981184533834],[22.758236441394065,63.85993317646398],[22.757950148756624,63.86009580173799],[22.757732149557114,63.860283456959614],[22.75757279045625,63.860488550546314],[22.75746727093569,63.860704917022254],[22.757415367703995,63.860927415238066],[22.75742132378365,63.86115157005187],[22.75749387342938,63.86137324584016],[22.75764636415097,63.86159960978024],[22.75784955750718,63.86182107144543],[22.758069798175065,63.86203968854984],[22.75827458488608,63.86225729221915],[22.758430208171546,63.86247550300466],[22.758502956033315,63.862668232956054],[22.75851568893022,63.86285809195317],[22.75847159867038,63.86304026293298],[22.758370187005568,63.86320929092122],[22.758207113002282,63.863358798076476],[22.75797395444699,63.863481174608964],[22.757617641836855,63.86358018659562],[22.757183234442135,63.863645092310364],[22.756692870774362,63.863685954149055],[22.7561636667692,63.863710923444486],[22.754463396806212,63.86375499643879],[22.753889116757588,63.86377885446361],[22.7533239080182,63.86381771224329],[22.752775680987263,63.86387927085477],[22.752259216969687,63.86396832507073],[22.75176598811402,63.86408229708307],[22.751295764090326,63.86421686729538],[22.750850107282677,63.86436938151712],[22.75043251053352,63.864538694136215],[22.750061294551013,63.8647155443175],[22.749709482239336,63.864902595835396],[22.748674539122323,63.865481337159615],[22.74830214174473,63.86567180068925],[22.74677745076763,63.86639598462881],[22.74642801807288,63.866572734424835],[22.746112783330776,63.866749572832596],[22.745847219444773,63.86692742952449],[22.745650970123986,63.86710734090299],[22.74554897098102,63.86729051813169],[22.745560928459657,63.867482382590225],[22.745661670944354,63.86767898270075],[22.74615215943769,63.86830057122083],[22.746276540339128,63.868521397434954],[22.746338276355317,63.868745462224005],[22.746350396300205,63.868974927468],[22.746328640488112,63.86920642186109],[22.746198898536175,63.869876656152655],[22.746180424590076,63.870076865324876],[22.74620087760614,63.87025519815435],[22.746280505891566,63.870402977437706],[22.746444150374103,63.87050915756432],[22.74669964161912,63.8705637595912],[22.74703629319977,63.87058002977044],[22.747434458503577,63.87056853958388],[22.747878854153715,63.87053791701831],[22.7493849619182,63.870398457486694],[22.74994948455282,63.87035215229885],[22.750520742183294,63.87031234279935],[22.75109126965319,63.87028012446057],[22.751653382032853,63.8702572246483],[22.752198413195973,63.8702462256407],[22.75271589960801,63.87025082650025],[22.75319266709401,63.87027615334096],[22.75361181107776,63.87032912669565],[22.753951512859608,63.87041888787817],[22.754160318426493,63.8705283816827],[22.754305208348473,63.87066416100169],[22.75439428887914,63.87081967376325],[22.754432381440857,63.87098945066399],[22.754421205741696,63.871168878653606],[22.754343906900793,63.871392735508984],[22.75420768902104,63.87162010412723],[22.75402190916856,63.87184675395841],[22.75379115392641,63.87206863333275],[22.75351570092977,63.87228153962387],[22.753191797103142,63.8724808154676],[22.75282187594713,63.872661189745195],[22.752418825655436,63.872829147497434],[22.751590033436088,63.87314948383569],[22.751201721885703,63.87331208101771],[22.750857917171384,63.87348334230394],[22.75058271841745,63.87366921854921],[22.750390969791404,63.873880657106014],[22.750276728345025,63.874108989434205],[22.750220185188283,63.87434945742482],[22.750206618049816,63.87459815006338],[22.750225576357444,63.87485171703158],[22.75027024415725,63.87510709290049],[22.7503370194166,63.87536120609588],[22.750425268021573,63.87561067860885],[22.750537302263137,63.87585149724427],[22.75067855160137,63.876078640178086],[22.75085794382707,63.87628564676779],[22.75108848792841,63.876464120466316],[22.75138805440441,63.8766031521169],[22.751774672822755,63.87669448347749],[22.75223040382969,63.87674556536418],[22.752735956776398,63.87676724020507],[22.753276694210772,63.876767667450416],[22.753841620622648,63.876752862838664],[22.75442252400923,63.87672714326865],[22.755013257468445,63.87669348140469],[22.756206596370358,63.876609074403156],[22.75739431424882,63.876505202542056],[22.757979232655206,63.876444750610304],[22.75855446150372,63.87637677824091],[22.759664770849632,63.87623233482066],[22.76021089303971,63.876175803575386],[22.76076578000018,63.87613001076146],[22.761327074779143,63.876091907178846],[22.76360137335777,63.87596623041275],[22.764170011347915,63.87592960413601],[22.76473579310075,63.87588550187902],[22.765310183900567,63.87583023796057],[22.7658808467416,63.87576633537898],[22.76644850528995,63.87569595572743],[22.767575720306713,63.87554156314265],[22.768688991690105,63.875373806515306],[22.769236894236958,63.875285019243314],[22.769775339812306,63.87519204456744],[22.770299984675994,63.8750934537924],[22.770804653418367,63.8749870518223],[22.77128071931438,63.87486965948973],[22.771716310229213,63.87473682246446],[22.77209527554793,63.874582428667615],[22.772405106240974,63.87440028391741],[22.772655548505405,63.874195531580305],[22.77286186970026,63.87397395104388],[22.77303593664032,63.87373999324496],[22.773188891446374,63.87349399596628],[22.773881583958534,63.87221275196509],[22.774072014706945,63.87188764277611],[22.774262395824838,63.8715918860895],[22.77444216889368,63.87134295990864],[22.77459769069967,63.871150504284074],[22.77471253794827,63.87102791276937],[22.77477377728608,63.87098960870053]],[[22.646042720286978,63.80868421936454],[22.645869518975218,63.80866242620166],[22.64560133994136,63.80865754936846],[22.645182425676072,63.80868533453845],[22.64467685258708,63.80875086593145],[22.644108085576416,63.80884924436249],[22.64349914890399,63.808973107778655],[22.64287282840436,63.809113918525696],[22.642251775658416,63.80926263359748],[22.6406200079231,63.80966916838301],[22.640115903101595,63.80978220857625],[22.63958457806929,63.80988766160953],[22.639044272997786,63.80998447314966],[22.636884820662083,63.81033656040178],[22.6363716747229,63.810426154027446],[22.635883935073412,63.810520665555174],[22.63543280875835,63.81062286628864],[22.63503295141418,63.810736234377046],[22.634703478787813,63.810865202104004],[22.634469120490323,63.8110154443117],[22.634349610722108,63.81119046809514],[22.634321991309506,63.811386530995435],[22.634359978507415,63.81159815253912],[22.63444296267159,63.811821213346974],[22.634554572626186,63.81205267530812],[22.63493589327592,63.812778771769956],[22.635041077304358,63.81301884546352],[22.635131294154686,63.81326047264834],[22.63520675597652,63.81350250544012],[22.635266827209218,63.81374387008501],[22.635309893309035,63.81398346859189],[22.635333199037614,63.81422009292766],[22.635332679893377,63.81445233091141],[22.635302759252845,63.81467847016898],[22.635236126511806,63.8148963934155],[22.635118865766458,63.81511950098975],[22.634772688585105,63.81560337591672],[22.63471192481729,63.81574051362032],[22.63470260286576,63.8159351714286],[22.63476557723797,63.81613830965366],[22.634883034464888,63.816347990155585],[22.635040959289952,63.81656267023015],[22.635228407789025,63.8167811536712],[22.635659696278378,63.817226141607875],[22.636601164526475,63.81813640593981],[22.63704918515788,63.818601034087216],[22.637253360085552,63.81883682819159],[22.637444665734343,63.81908324206405],[22.63761925251191,63.81933215537435],[22.637780870577007,63.81958284552059],[22.63807422020109,63.820087392039994],[22.63833159017369,63.820593472190644],[22.638443887794832,63.820846243505784],[22.638541035598248,63.82109838669772],[22.63861776177343,63.82134951046487],[22.63866665758771,63.821599143621036],[22.638677685806872,63.82184670224712],[22.638637588228395,63.82209145108374],[22.638535873317945,63.822333080097756],[22.63838513991855,63.82257224343536],[22.638201082654213,63.82281005653128],[22.637358116802094,63.82377348040409],[22.637325835867433,63.8238133258604],[22.63715542426581,63.824023669423994],[22.636767824202305,63.82452860967204],[22.63621283522292,63.82529226157905],[22.635315083665112,63.8265706729184],[22.634794486803216,63.82733819439359],[22.634475110351623,63.82784932919978],[22.634333412657583,63.82810450853755],[22.63421120655331,63.82835926172238],[22.634116706343438,63.82861340583361],[22.63406091511112,63.828866694903965],[22.634058358625502,63.8291188007532],[22.634118184085867,63.829362262282544],[22.63422860538677,63.82960464220709],[22.634376109465208,63.829846288478144],[22.634436623354183,63.829930047160005],[22.63455035971552,63.83008747616913],[22.634743543918283,63.83032842551064],[22.63516494022687,63.8308102833371],[22.63765520493841,63.83347808613735],[22.638126998937736,63.83395302831441],[22.638373999255098,63.83418262627691],[22.638633248527135,63.834403292717965],[22.638909971866084,63.83461095291908],[22.63921110521326,63.83480009684698],[22.63954576345734,63.83496337253514],[22.639905701607493,63.83508436094339],[22.639925755118444,63.83509110174466],[22.640327621715333,63.83517049713817],[22.64076779163294,63.835217098079546],[22.64123479868091,63.8352372609552],[22.641718906964762,63.83523528275042],[22.642211552037573,63.835213590934096],[22.64270479751846,63.83517287268131],[22.643190807948645,63.835112125478986],[22.64366133904522,63.835028648028484],[22.644114710378016,63.834918585158086],[22.64454572720719,63.834787010712105],[22.64474183654301,63.83471602021584],[22.644955746270888,63.83463858497525],[22.645344516134728,63.834476508220554],[22.64571007570274,63.834302715453724],[22.646048588126412,63.83411801526451],[22.646354110056283,63.83392218626766],[22.64663307375528,63.83370513534558],[22.646876910663806,63.8334782517342],[22.647092894759048,63.83324426686458],[22.64728580527523,63.83300515270549],[22.6474582145102,63.83276227521185],[22.647610634444586,63.83251651293925],[22.647741615250226,63.83226834453348],[22.64784771080182,63.83201791422371],[22.647929438462988,63.831751878370326],[22.64798663956215,63.83148405988368],[22.648026322132644,63.83121510347545],[22.648053795673853,63.83094547225975],[22.648142987868148,63.829329409250704],[22.6481694132991,63.829062951405916],[22.648207948558245,63.82879851839982],[22.64826411761048,63.82853694211392],[22.648345301192172,63.828279354055745],[22.64846130354314,63.82802727166284],[22.64862502862833,63.82778270048116],[22.648839628433024,63.82755407914071],[22.649099481855096,63.82733256068039],[22.649392551662626,63.827116250872656],[22.649709568122635,63.82690368422013],[22.650043416620097,63.82669372906942],[22.650740891805366,63.82627829346164],[22.651807142229803,63.82565695083915],[22.652495351793874,63.8252369835241],[22.652821685850192,63.82502294864688],[22.653129275325217,63.824804696575214],[22.653411142270826,63.82458067945671],[22.65366930720274,63.82434209950202],[22.65390024920114,63.82409741918307],[22.654111410091453,63.823848297619904],[22.65430837622619,63.8235959927698],[22.654674784812723,63.82308533559392],[22.65518332496342,63.82231197044449],[22.655495447499604,63.8217944553766],[22.65563797997473,63.821535394522634],[22.655766305885475,63.82127612869072],[22.655874497854256,63.82101660256715],[22.655954494710016,63.82075671636226],[22.655995568527228,63.82049632503519],[22.655989440842855,63.820239550244935],[22.65594548793769,63.819982279098994],[22.655874040082278,63.81972464554856],[22.65578294127295,63.819466751825466],[22.655678080354157,63.819208669160396],[22.655318874722433,63.81843372629691],[22.654297776610427,63.81638121112082],[22.653905087183123,63.815591785096075],[22.65370935021406,63.81523338897552],[22.65362558261226,63.81508000590621],[22.65347320380734,63.814826556119016],[22.653307231878642,63.81457569281508],[22.653122081045947,63.814328451354186],[22.652910327463076,63.81408621620782],[22.652667054161828,63.81385122769232],[22.652396998680825,63.8136212685572],[22.652107283061795,63.81339500346683],[22.65180335109555,63.81317141063531],[22.651168309427344,63.81272932942841],[22.649524852465913,63.81163425007747],[22.64887492045908,63.81119415681024],[22.64854699394133,63.8109622065698],[22.648191879706275,63.810693314552985],[22.647827728300268,63.81039716764176],[22.647492212399435,63.81010374938161],[22.647174591768184,63.809809350121704],[22.646625218823033,63.809267270281964],[22.64610502346194,63.808715381367826],[22.646042720286978,63.80868421936454]],[[22.841143364954963,63.80015439455715],[22.841178194853946,63.79797224754759],[22.841798311772184,63.79650371230567],[22.84256972490074,63.79492062497882],[22.843645172546672,63.79203916570068],[22.84252896950465,63.790638558367014],[22.840079228934346,63.789947042518335],[22.83445265870786,63.79070269119416],[22.830930657483638,63.79179002036737],[22.826724110304077,63.7940020165388],[22.822729271474905,63.79541735055671],[22.8191338075415,63.796086080906804],[22.81642275988298,63.79713713893354],[22.813111735669192,63.7974703649267],[22.81414439240382,63.79617913664128],[22.814285068215057,63.79523189151768],[22.813220725180063,63.79424965556365],[22.809926303343776,63.79379719160927],[22.80656153046774,63.793818271683946],[22.800495745990897,63.795722755418716],[22.7981945751542,63.79672596475299],[22.794894086799733,63.79811621090124],[22.79278079315274,63.79965995398392],[22.793516272123465,63.80194085783795],[22.793411559480262,63.80354319753712],[22.790913647879908,63.8049567848195],[22.78828035810717,63.80547449161338],[22.785064764996974,63.80448864698505],[22.785364777743517,63.801583904018436],[22.78321218496361,63.80068853367808],[22.77992731035834,63.801068105605054],[22.777524848449545,63.800046413182876],[22.772617011028682,63.80040443062632],[22.767874481296612,63.799822930312395],[22.76230701354888,63.797465536397496],[22.76240176629059,63.79752996915637],[22.762678698458753,63.7977455581623],[22.76290774493719,63.79796450804493],[22.7630233284424,63.79810777369103],[22.763110653642023,63.798251210185704],[22.763188318164264,63.798472108335574],[22.763197575848775,63.79868378408747],[22.763137822301722,63.798878589623456],[22.763001991405375,63.79904726861695],[22.76277614165253,63.799178354325456],[22.762445458381503,63.799263175825146],[22.762031542445694,63.79930868139945],[22.76155749661406,63.799325288469355],[22.76104080238957,63.79932089329855],[22.760494547365127,63.799301361918815],[22.75992843539955,63.79927093824335],[22.759349622183795,63.799232569737036],[22.75876339559495,63.799188156614505],[22.75758363321995,63.79908458216853],[22.75699568494782,63.799025303842285],[22.75641214750207,63.79895982529741],[22.75583530974529,63.79888637114413],[22.75526768320059,63.79880240399297],[22.754747662475157,63.798712747310134],[22.75423516260052,63.79861477297424],[22.7522084236164,63.798200692778046],[22.751695127679877,63.798105738335835],[22.751146961249766,63.798015094910106],[22.750592077064375,63.79793265727936],[22.749469260597806,63.79778551958377],[22.74833826777062,63.79765597748862],[22.74777272088727,63.797597472987924],[22.747208813135323,63.79754407290238],[22.746648034623004,63.79749728559425],[22.746092227010713,63.79745942808415],[22.74554373845789,63.79743381131866],[22.745005602565243,63.79742498188395],[22.744481740501975,63.797439025534906],[22.74397721169529,63.7974839260974],[22.743480934525735,63.79756920724079],[22.743004622887764,63.7976864673697],[22.742542282402177,63.79782634608842],[22.74208904161887,63.7979814074478],[22.740744772460893,63.79848107960057],[22.740289619920254,63.798642890577845],[22.739824102906518,63.79879397699645],[22.739342969230208,63.798928276563],[22.738839666119063,63.79903839308133],[22.73831747034058,63.79911738890214],[22.73777319938788,63.79917222643077],[22.737212572010247,63.799209279007115],[22.73663993991478,63.79923344311912],[22.73605856665738,63.799248432492405],[22.73487855697986,63.79926130434909],[22.73368471358771,63.79926250865449],[22.728254738260787,63.79925240246666],[22.7270664868889,63.79924543826939],[22.72648725524856,63.799237258698774],[22.725925237675828,63.79922347961435],[22.725388607824744,63.799201345537774],[22.724888548970405,63.79916709541396],[22.724440149169283,63.79911566466545],[22.724063501679115,63.79904032051182],[22.723784994638603,63.79893222826363],[22.723623248921168,63.798779935258636],[22.723563967442068,63.798593407070335],[22.72357889168068,63.798382060046166],[22.723646662467765,63.79815300605093],[22.723751355119692,63.79791154129262],[22.723881270931965,63.79766155280458],[22.724185276767283,63.79714645198418],[22.725362141832225,63.795303066304214],[22.725701404443214,63.794778306792196],[22.72605070236374,63.79425772237505],[22.72642723145634,63.79374521993765],[22.72663476298061,63.79349420655848],[22.726862482660525,63.793248565763676],[22.727118087160054,63.79301033341084],[22.72741154621752,63.79278219968479],[22.727732420849463,63.79257675496597],[22.728085078461003,63.79237984412387],[22.728457569084803,63.792188344036504],[22.729219163597346,63.791811138257756],[22.72958688696576,63.7916207573672],[22.729930016298816,63.79142614925328],[22.730234085661195,63.791224890799455],[22.730496036907525,63.79100616086308],[22.73070302399713,63.790782545659525],[22.730856858704133,63.79055925724638],[22.73095398543038,63.79034179632106],[22.730985041078164,63.79013636260381],[22.730934140729335,63.7899502903248],[22.73077789119982,63.78979253492771],[22.730507602682838,63.78967321164859],[22.730402689098227,63.789646426426856],[22.729237430513848,63.78943885044322],[22.728242191666652,63.7893122419303],[22.727746314943243,63.789237854025735],[22.72727296764212,63.78914724446329],[22.726838058075817,63.78903258054595],[22.726730106729743,63.78899216059704],[22.726457252877704,63.788889997757046],[22.72611609254855,63.78872572901616],[22.72580127939868,63.788549510591785],[22.72520438182487,63.78819820843375],[22.72490046787096,63.788042542053205],[22.724577824897203,63.78791513003848],[22.72422363508046,63.78782976137886],[22.723842912521434,63.78779777934959],[22.723429737200917,63.78780754731963],[22.722992751468745,63.78784900507515],[22.722538977785955,63.78791447968351],[22.722074212567982,63.787998286346074],[22.721603368667683,63.78809639964626],[22.72113081981041,63.78820619228052],[22.720660698157808,63.788326241622144],[22.72019719533403,63.788456193925505],[22.719744823607844,63.788596690278034],[22.719276238564724,63.78875961107999],[22.718821785700772,63.78893248552725],[22.718377894755562,63.789112320236576],[22.71751138472269,63.78948466764102],[22.716240304152713,63.7900571860628],[22.712472508030274,63.791781611684286],[22.7121825314752,63.79191045215582],[22.711202860416062,63.79234571853067],[22.71033719878423,63.7927093952893],[22.70989342322888,63.792883946362736],[22.709438634554484,63.79305098473619],[22.708968961745985,63.793207681983745],[22.708536759475265,63.79333585979403],[22.708091934168564,63.793453918435524],[22.70763681484349,63.79356214558589],[22.7072721059867,63.79363927158581],[22.70717315592269,63.793660196942255],[22.706702276798715,63.793747087783785],[22.706225174551886,63.79382118733222],[22.70574083529383,63.79388221539464],[22.70478282670111,63.793987707436685],[22.704324000124092,63.794046358155946],[22.703890280730494,63.794118899588646],[22.703492447925743,63.794213770073505],[22.703118184321003,63.79434645522748],[22.702787808467438,63.794506973774126],[22.70249300839392,63.794688728780315],[22.70222832801936,63.79488668896145],[22.701990902505525,63.79509712372889],[22.70178027888202,63.795317379421505],[22.701598329767762,63.795545685272295],[22.70152440288361,63.79566238623865],[22.701449256356664,63.795781014168476],[22.70133544516439,63.79602401360171],[22.701248468433484,63.79627146391468],[22.701040343089872,63.79702271513696],[22.700955052061556,63.79727061839411],[22.700843775931467,63.797514216449095],[22.700689081029264,63.79776263442605],[22.700497939481032,63.798002818491426],[22.70027377582541,63.798232962133866],[22.70001693422604,63.79845017988351],[22.699724565943413,63.79865024502907],[22.699390370813276,63.798827271724235],[22.69900420061093,63.798973330025525],[22.69858228076131,63.799077201655436],[22.6981157622596,63.79915334473345],[22.697616421083314,63.79920920764198],[22.69709332759201,63.799250633487766],[22.69655340146828,63.79928220746225],[22.696001892830424,63.799307555251616],[22.69431297446791,63.79937329498071],[22.693746443822477,63.799399109733464],[22.691962898685517,63.799500788445485],[22.691369322545384,63.79953204718488],[22.690775421658216,63.79955620444393],[22.690180596955475,63.79956900360568],[22.6895745233125,63.799566934666245],[22.688967238340194,63.79955235358421],[22.688359159514548,63.79952883637608],[22.687750760435733,63.79949928471639],[22.68593109521962,63.799398057274054],[22.68533064329737,63.799367799940256],[22.68473686996638,63.79934386476369],[22.684153355981156,63.799330020597424],[22.683585100407903,63.79933118277657],[22.68303897477504,63.79935381959976],[22.682524303627194,63.79940643631842],[22.682051211248915,63.7994966030426],[22.681625908741605,63.799620496778815],[22.681256598265186,63.79977362061854],[22.68095639578675,63.79995413034694],[22.680744648241912,63.80014959945649],[22.68058622992907,63.80036286584862],[22.680459298062303,63.80058803504775],[22.680224018054762,63.8010558220342],[22.680079919164672,63.80129101280408],[22.679902893126744,63.801518552652546],[22.67969568609669,63.80174327311783],[22.67946724088774,63.80196570817348],[22.678732006020933,63.80262448960328],[22.678495438401388,63.802842978865336],[22.67827713350387,63.80306185611056],[22.67808755128283,63.803281784660626],[22.677939422108594,63.80350354447521],[22.67784847279775,63.8037280727754],[22.67782773567382,63.80397352793204],[22.677870631580276,63.8042223154736],[22.677956785980722,63.80447351532048],[22.678069322426097,63.80472642912541],[22.678316148575345,63.80523541829408],[22.678423282672753,63.80549078580699],[22.67850019941831,63.805746385686156],[22.678529721918387,63.806002001670954],[22.678501611917756,63.80624236061276],[22.678427733805364,63.80648256600474],[22.67831939992879,63.80672261522977],[22.678185259600717,63.806962471697716],[22.67803173557259,63.807202056363316],[22.67786339117605,63.80744122726849],[22.67749274909763,63.807917339064474],[22.67708106880717,63.808387520012865],[22.676856671859987,63.80861855586411],[22.676615506432437,63.80884535880012],[22.676352302067222,63.80906629637689],[22.676052037706484,63.80928673634739],[22.675725315407373,63.80949904305086],[22.67537452111167,63.80970289770499],[22.674999820564892,63.80989719305798],[22.674599170840747,63.81007995819264],[22.674168274071448,63.81024824922707],[22.67374490411709,63.81038735796296],[22.673299036302545,63.810515319987424],[22.67283761749937,63.81063576599992],[22.671417596221996,63.810982114779556],[22.670950285821867,63.81110179302093],[22.67049574247338,63.81122840769535],[22.670069458102258,63.81136129403117],[22.669663129420446,63.811502735419566],[22.669279263157453,63.81165193528219],[22.668922261822143,63.811808589102846],[22.668598773686902,63.81197288416814],[22.66831812675077,63.81214550901813],[22.668092867728465,63.812327681325705],[22.667920091787213,63.81254507391025],[22.667832585634052,63.81277148348817],[22.66783169387761,63.81300220296089],[22.667916587259676,63.81322843316969],[22.66806935107385,63.81345375052121],[22.668272442928377,63.81367721793153],[22.668513071109068,63.81389769582699],[22.668782374450583,63.814113712335846],[22.669074773183244,63.814323306234336],[22.66938751478569,63.8145238451757],[22.669720395006976,63.81471181591385],[22.67007562279223,63.81488256490604],[22.670457850002908,63.815029998910575],[22.670874293552362,63.81514623980707],[22.67131694125937,63.81522377579379],[22.671787753550394,63.815274952038294],[22.672275194540628,63.81531065236403],[22.673260100500134,63.81537445105262],[22.673738847609012,63.81542138634106],[22.674195609694376,63.8154916708811],[22.67465472212326,63.81560170227922],[22.67508829728829,63.81573968103529],[22.675507305393726,63.81589507287843],[22.67620267857611,63.81616657163479],[22.67634232769825,63.816221094216345],[22.676779205335787,63.816373879338116],[22.677244712690246,63.81650709784075],[22.677573005075924,63.81657665549789],[22.67772068138434,63.81660794459766],[22.67822576347238,63.81668740039713],[22.67875262815933,63.816750150203816],[22.67929554798246,63.81679962087293],[22.679850080711027,63.8168381576925],[22.680412760087695,63.81686716972904],[22.68098082731283,63.81688723504459],[22.681551999981096,63.816898187262346],[22.68213878748617,63.8169001032773],[22.683882856293348,63.81688873168574],[22.68444921362165,63.816893676819824],[22.685001417616782,63.81691086119127],[22.68596108638432,63.81696950556455],[22.687468903771506,63.817047076791276],[22.6879279533494,63.81708689768191],[22.688342370032785,63.817148150481984],[22.68869318251835,63.81724174489457],[22.68895832709499,63.817372315122945],[22.689157042203128,63.81753515780525],[22.689300994142478,63.817721492735366],[22.68939742323093,63.81792425472817],[22.689449470888515,63.81813769890022],[22.689456393930463,63.818357037617126],[22.68941359841832,63.81857812596905],[22.689312541220733,63.81879717383925],[22.689148095611056,63.81901015151649],[22.68893541650259,63.81921847815388],[22.68869328079004,63.81942303211472],[22.688186600208176,63.81982368852125],[22.6879537831135,63.82002093981208],[22.687757154603496,63.82021675549037],[22.68761626230896,63.820411515100226],[22.687554160405135,63.8206055600899],[22.68759188244286,63.82080994211573],[22.68771021483669,63.82101524969145],[22.68823943725729,63.82165231369847],[22.68836900630136,63.821847728690265],[22.688471013074718,63.822047107717346],[22.68854353895754,63.82224834473113],[22.68858339949908,63.82244941270753],[22.688585999292393,63.82264826131762],[22.68854195130967,63.82287327223354],[22.688412721182303,63.8233047907659],[22.688393830074013,63.823509697194325],[22.68845352521511,63.823705390538905],[22.688626270571284,63.82389551217699],[22.68889159400992,63.82407746942467],[22.689221390960498,63.824254632770554],[22.689592609165697,63.824430031171076],[22.690383049838918,63.82478733623106],[22.69076777796496,63.82497570886698],[22.69112217410036,63.82517574485491],[22.69140502235684,63.82537018833404],[22.691653861941113,63.825575055070765],[22.691873711101575,63.825787781986584],[22.69206751218909,63.82600636336271],[22.692236166572556,63.82622924222944],[22.69237851707332,63.82645522535429],[22.69249125985274,63.8266834069064],[22.69256876872228,63.826913105682166],[22.692602847946727,63.827143817269146],[22.69258442829353,63.82739781821439],[22.69252597267041,63.827652945943846],[22.692376827645276,63.82816875841501],[22.692324224443848,63.82841897983561],[22.69228632872681,63.8286711991895],[22.69220224110567,63.82943241780576],[22.692164420509137,63.8296852318367],[22.692110748993706,63.82993614774171],[22.692033250895893,63.830184018520356],[22.691922504000523,63.83042738426805],[22.69177949391055,63.83065502904057],[22.69161182959663,63.830877669226204],[22.69126331776686,63.831309067251894],[22.691113812857974,63.831517201286786],[22.69100437038414,63.83171899185211],[22.690956355611895,63.83191268036706],[22.690995543989597,63.832095749913854],[22.691145897184594,63.83226855721473],[22.691390569976196,63.832428685870084],[22.69170763080478,63.832576844313834],[22.69208064341997,63.832712589906784],[22.692497762421944,63.83283426689011],[22.692950980165566,63.832938885900695],[22.69339149253701,63.83301677431902],[22.693850209478367,63.8330780386396],[22.694320689365263,63.833122834401436],[22.694797564164798,63.833150101477635],[22.6952761962954,63.83315750438273],[22.695752373511198,63.83314133686125],[22.69624810608595,63.833095532888905],[22.696736727892997,63.8330249282524],[22.69677710483679,63.83301738443304],[22.697218140480974,63.83293497778607],[22.697691950722604,63.83282965770783],[22.698157380417936,63.832711683180534],[22.69861318205902,63.83258269908815],[22.69905756310315,63.83244341533017],[22.69952739900921,63.83228059869999],[22.69998540115029,63.832109390311416],[22.701768766707584,63.83139996847682],[22.702217287995854,63.83122997248968],[22.70267304206015,63.83106929809913],[22.703139876739183,63.8309224377953],[22.7036224719076,63.830795182624904],[22.704126632387663,63.83069502463888],[22.704646208406228,63.83062918621774],[22.705186009709507,63.83059060059091],[22.705739774012336,63.83057334481336],[22.706301986514738,63.83057338543712],[22.706867457616504,63.83058837175734],[22.70743086443585,63.830617506199026],[22.707986278280405,63.830661493404044],[22.70852660930134,63.8307225650737],[22.70900472045453,63.830796272110135],[22.709457548790223,63.83088561116413],[22.709877942298682,63.83098962817416],[22.710256021039346,63.83110854300449],[22.710578581706578,63.83124374254609],[22.71082836004591,63.83139782441577],[22.710991448471862,63.831573477948744],[22.71102423511614,63.83164632644435],[22.711077989301664,63.83176576576365],[22.711101872345676,63.83196948504279],[22.71107231949449,63.832180247918465],[22.710994300935806,63.83239422150149],[22.710868824437302,63.83260788568435],[22.71070153777758,63.83281160234532],[22.71049403913443,63.83301029394602],[22.710250239880203,63.833202203163175],[22.709971261682195,63.83338520385905],[22.70963044816318,63.833570524266776],[22.709253745046873,63.83374197467342],[22.70884509061652,63.83389824075905],[22.708405667956363,63.834036999447115],[22.707951557851043,63.83415330886859],[22.707477971450537,63.83425645117945],[22.706028680557665,63.834542453495516],[22.705563466208265,63.83464762159443],[22.70512175382498,63.834767179017426],[22.704687764627252,63.83491432425226],[22.704283013111244,63.835079502623636],[22.70390082510438,63.835258326498696],[22.703536297295905,63.83544743895877],[22.70318610044203,63.835644348854075],[22.70284832933377,63.83584727982871],[22.702522445540982,63.83605506525339],[22.702209265012918,63.83626705617751],[22.701911052771813,63.83648307472008],[22.701631684894327,63.83670338025147],[22.701376895045314,63.836928668656526],[22.701154603293478,63.83716009292436],[22.700964645278766,63.83740829930078],[22.700808865847858,63.83766276556585],[22.700677875099863,63.83792183755794],[22.700564763896562,63.83818424152423],[22.700374501656253,63.83871519083703],[22.7002191184177,63.83924896183485],[22.70015518758368,63.83951474476476],[22.70010391614425,63.83977823220557],[22.700070239606518,63.84003775258573],[22.700061425371796,63.840291007998424],[22.7000876426539,63.84053483676129],[22.70016270036146,63.84076491624165],[22.70030493036832,63.840975393576514],[22.70048251164729,63.841127852417024],[22.70070911208662,63.84126061027549],[22.700975892874013,63.84137095395465],[22.701276307589314,63.8414548128013],[22.70160581866373,63.84150658844386],[22.701972650834747,63.841521587582385],[22.702356749601712,63.841502301688905],[22.70274848693329,63.841454663073144],[22.703139006677986,63.841382926268864],[22.703519789052432,63.841289905874206],[22.70390690002958,63.84117122126499],[22.70464900476381,63.840908386573105],[22.705018435010604,63.840783595825094],[22.70539666464702,63.840676467345375],[22.705791773899897,63.84059806412436],[22.70622975207655,63.84055621875711],[22.706685796464196,63.84055060296121],[22.70715060968863,63.84057440450951],[22.707615449349937,63.84062292329457],[22.70807162904571,63.840693358710354],[22.70851003297468,63.84078464149125],[22.70892063690411,63.84089733046954],[22.709233520116197,63.84100626545136],[22.709833795776916,63.84124549274869],[22.710147732764657,63.84136349418585],[22.710555589169086,63.84149470685482],[22.710993204842147,63.84161591255564],[22.711452475962368,63.841729839512396],[22.711926494013287,63.841838962983616],[22.713378387058412,63.84216069854501],[22.71385367284072,63.84227415632725],[22.714314451467,63.84239544945809],[22.714753272631267,63.842528165779015],[22.71516119962901,63.8426766401733],[22.715544561856184,63.84285080819646],[22.715894787823117,63.843041472774544],[22.716221467899533,63.843243471975406],[22.716532433576297,63.84345232062627],[22.717432731312055,63.84407835321036],[22.71773993021759,63.844271622302024],[22.71805971262544,63.84444753646622],[22.71839827856681,63.844598144860996],[22.71876282711202,63.844713320176346],[22.71915508339543,63.84478366266256],[22.719561511876766,63.84481219668369],[22.71996260542169,63.84480178586932],[22.720338260377225,63.844752108451566],[22.72066665674516,63.844659642031026],[22.720924833197756,63.844525945586554],[22.72113540813337,63.844357849616635],[22.721316027192007,63.84416531281415],[22.721833142936806,63.84351519187255],[22.72206016849361,63.843278343072896],[22.722319534105733,63.84304590350739],[22.722609759650595,63.84282102583931],[22.72272793902822,63.84274266995622],[22.72293180142612,63.84260750215433],[22.72328922136569,63.842410151003534],[22.723688396410978,63.8422352487734],[22.72408454634348,63.84210302276685],[22.724511069155866,63.84199266892683],[22.724959232138314,63.84190320196955],[22.725128795667676,63.8418782619152],[22.725421532818576,63.84183520405341],[22.72589124101875,63.8417909038003],[22.72636193211454,63.841774300006584],[22.726875873860525,63.84179224444112],[22.727373479139622,63.841843263109055],[22.727843452720386,63.841922104561846],[22.728271733149814,63.84202613248616],[22.728640429385088,63.84215515400822],[22.72892659029102,63.84231134192388],[22.729102577333368,63.84248458829444],[22.729103020487543,63.84248546529812],[22.729200406211497,63.84267795607584],[22.729230309141958,63.842855918747624],[22.729235215919985,63.84288512339138],[22.729217425898458,63.84310094197488],[22.729153289925254,63.84332111560315],[22.729045326116943,63.84354191618668],[22.728892600221613,63.84375994044788],[22.72869528782432,63.84397369041757],[22.72824511809014,63.84439597715979],[22.728034768740127,63.84461126078312],[22.727868670547725,63.84481599664957],[22.727440642480463,63.845449774077466],[22.726939096578718,63.84611898390037],[22.72678525342317,63.84634249217051],[22.72665731815882,63.84656680322968],[22.726569312679807,63.84679217310966],[22.726532659434472,63.84702123592561],[22.72654295077182,63.84724950938363],[22.726592371579386,63.847474653161875],[22.72667609470754,63.847693830150035],[22.726792101582593,63.847903493487436],[22.726941128158323,63.84809912606046],[22.727126686983006,63.84827493459998],[22.72735523026142,63.84842348681398],[22.727636382902013,63.84853528945027],[22.728001586542863,63.84860541056703],[22.728417324284003,63.84863171706343],[22.72886303521787,63.84862241624169],[22.729320602784714,63.84858261913411],[22.72977314946221,63.84851461857385],[22.730203889202908,63.84841806829132],[22.730595017972863,63.84829004537548],[22.730926357831844,63.848132129825956],[22.731217177141627,63.847949290372284],[22.731229138601154,63.84794028242017],[22.73148170404741,63.847750084339246],[22.731982615467448,63.84733057585225],[22.732243557433694,63.84712265165744],[22.732528902835963,63.84692404061979],[22.732853726049292,63.84674135856477],[22.733133994644618,63.846621962689916],[22.733252381915086,63.84657152864493],[22.733699201921663,63.84642255280337],[22.73418228386963,63.84629065478576],[22.73469279702046,63.84617350931805],[22.735224469112424,63.84607015949972],[22.7357731332882,63.845980982709804],[22.736339091483313,63.845906557588734],[22.736915344438245,63.84584668081126],[22.737498607261912,63.84580120759588],[22.738086479675637,63.84577138662252],[22.738677209149543,63.84575990515922],[22.73924082135056,63.84576800623134],[22.7398050173437,63.84579043079058],[22.73996308105824,63.84579930879046],[22.740369111142545,63.84582211280706],[22.74205432749474,63.84593071513076],[22.742611138260216,63.84595822619545],[22.74316369931877,63.845974151881265],[22.74371045407828,63.84597314890588],[22.744269043051915,63.8459507536928],[22.745377091216362,63.84587549780969],[22.746283736745408,63.84581873483819],[22.74650978839283,63.84580458166049],[22.747063959975048,63.84576469970141],[22.747599412328498,63.84571285761603],[22.74810597566021,63.8456407843139],[22.748570909470107,63.84553837661064],[22.748968129785514,63.84540398494661],[22.749325903295176,63.845240330897354],[22.74965500527909,63.84505547456252],[22.749963986579417,63.84485583638846],[22.750259729130587,63.8446466171884],[22.750935720638193,63.84414218445075],[22.751121990288254,63.84400318337594],[22.75141767247322,63.843796374046015],[22.75172655635433,63.84360057184771],[22.75205552570228,63.84342124972302],[22.752413124161535,63.84326520227504],[22.752672793987905,63.84318394939768],[22.752810125811894,63.84314097602814],[22.75321466504161,63.843061135106595],[22.753652750063296,63.84300710487298],[22.754115780872823,63.84297070255206],[22.75459680323398,63.84294484742318],[22.755591200124908,63.842899792824944],[22.756095962897163,63.842868741029676],[22.756657504973663,63.84281995772299],[22.757218767812414,63.84275806665425],[22.757779420914,63.84268627989517],[22.75833930056746,63.84260720494384],[22.759456461071974,63.842435428229685],[22.760169613863837,63.84232136283539],[22.761124643504754,63.842168602345104],[22.762229112785654,63.84200443447537],[22.762641458379125,63.841950950631805],[22.762777422794077,63.84193331558065],[22.763321768848716,63.84187399987122],[22.763860631108603,63.841831093812864],[22.764391964199614,63.841810532357634],[22.76491303837719,63.84181990419544],[22.765373282972902,63.84185873799903],[22.765826159059024,63.841918538203714],[22.76672291206269,63.84206066249958],[22.76717248401759,63.84212355171792],[22.767626291365115,63.84216745527587],[22.768099640495677,63.84218386324505],[22.768572529875364,63.84217231857147],[22.769036917693356,63.842135356949825],[22.769483800244718,63.84207367914816],[22.769902704181465,63.84198612804608],[22.770281108491435,63.84186961866709],[22.77063355323017,63.84170844894346],[22.770937574115557,63.84151786821455],[22.771206088123126,63.841305865473586],[22.771449005927128,63.84107847085743],[22.77167386002262,63.84084019569312],[22.77188637502025,63.84059439711814],[22.77289091169496,63.83932445416864],[22.773099621625153,63.83907313403857],[22.773317890208418,63.83882682371581],[22.7735499719064,63.838588267192506],[22.773801362513858,63.83836116167601],[22.774079210705786,63.83815050851377],[22.774392777785568,63.837963023049106],[22.774753957992793,63.83780762983096],[22.775178876687754,63.837690489769656],[22.775644911232188,63.83761029202038],[22.776130760036082,63.83756197569252],[22.77661619108924,63.837543690032916],[22.777080484172284,63.8375567416507],[22.777500835758705,63.837605681780985],[22.77785065704739,63.83769854862577],[22.778087574775075,63.83782687050798],[22.77825459431631,63.83798932155672],[22.77836177217799,63.838176467216336],[22.77841494053997,63.83838076643166],[22.77841602168476,63.8385961188396],[22.778363210208273,63.83881746470217],[22.778254971342513,63.83904225471895],[22.778106450077587,63.83926715725099],[22.777585720055857,63.839929071629044],[22.777439917674787,63.84014040498151],[22.777336985270356,63.840343718290434],[22.777298315288924,63.840536107425656],[22.77734972786871,63.8407137981362],[22.777516580487887,63.84087691453199],[22.7777797185268,63.84102239508996],[22.778114567796177,63.84115165541441],[22.77850198301444,63.841264641158666],[22.778927191499736,63.84135977108615],[22.779378864408514,63.841433802931476],[22.77984834948935,63.841481640151066],[22.780329016830397,63.84149606377208],[22.780821667320563,63.841471085197355],[22.78131998413921,63.84141501356128],[22.781824375884753,63.84133846076195],[22.782336063656622,63.84125027807486],[22.783373340757237,63.84106266727129],[22.78420293121342,63.84090642590461],[22.78441692912684,63.84086612137979],[22.78543748401209,63.84065996594436],[22.785927983699672,63.84055117680083],[22.786397370621508,63.84043654798352],[22.786837769005405,63.840313887493494],[22.787239217841485,63.84018036545199],[22.78758916993208,63.84003240600033],[22.787874436110638,63.83987170109623],[22.788360757616818,63.83953364426478],[22.788612681093696,63.83937458909864],[22.788612786310967,63.839374539133054],[22.788904748995243,63.839235038024015],[22.78924560178989,63.839125417604244],[22.78963477374167,63.839036585492806],[22.790058982424732,63.83896186781469],[22.790507008000326,63.83889544740654],[22.791436824625087,63.83876684654019],[22.79190192505842,63.83869485489825],[22.792356562413698,63.838611053496244],[22.79275646876303,63.83852178826656],[22.79353601910386,63.83832650361474],[22.79392834154214,63.83823342136003],[22.794331076278134,63.8381524710748],[22.79470959030812,63.8380949693634],[22.795099526665584,63.83805426647961],[22.79549836286049,63.83803167314581],[22.796049096630036,63.83803085912509],[22.796608803125967,63.83805709430647],[22.79717478560796,63.83810255957701],[22.797744832809656,63.83816125231099],[22.798317000048613,63.8382285853679],[22.799459901924756,63.83837603190697],[22.801085270896937,63.83859335422467],[22.80156857603568,63.83866605581047],[22.802025403004006,63.83875154729641],[22.80244472766202,63.838858486520635],[22.802805060620667,63.83898866514437],[22.803125751944304,63.83914154779335],[22.8032379256211,63.83920821674802]],[[22.813914689374702,63.7499126413896],[22.812802313741805,63.749808947683206],[22.811626731115545,63.75013150820273],[22.812173583862666,63.750789564804165],[22.813617370919925,63.75083154731198],[22.81414075331359,63.75056136249869],[22.81434329028927,63.75028184990477],[22.813914689374702,63.7499126413896]],[[22.791063962608714,63.74144543533848],[22.78980929177262,63.74121847611336],[22.78931107490922,63.7416795802916],[22.788841080508778,63.74195123743451],[22.789077099737522,63.74252895233336],[22.7893696029427,63.74272777906889],[22.79107316290625,63.742825162091414],[22.791136667489592,63.742398911022875],[22.791121482059992,63.74178008933767],[22.791063962608714,63.74144543533848]],[[22.816105672899457,63.74491047924794],[22.815345830950687,63.74460299691181],[22.814470218832362,63.74507699350493],[22.813925884826606,63.74548926783778],[22.81391782385612,63.74663063282077],[22.814880208026743,63.746658610120406],[22.816226529022067,63.74626963871031],[22.81635279748786,63.74541710945693],[22.816105672899457,63.74491047924794]],[[22.687227478906987,63.73956954892839],[22.686533298656254,63.73928115868215],[22.685628694854053,63.73949190328594],[22.684584936929678,63.74017418715771],[22.68458744026695,63.74103649601772],[22.68486270817154,63.74143126727485],[22.685954247992864,63.74131532437728],[22.68669463542331,63.74086179829728],[22.687175807578775,63.74019007846443],[22.687227478906987,63.73956954892839]],[[22.816032978446117,63.73090000132338],[22.81485738344069,63.73086581991574],[22.814515728330658,63.73099858396509],[22.814480661447384,63.731235397691485],[22.814631290357102,63.73166787840247],[22.814675044489547,63.7320972509358],[22.81525319377309,63.73254216242246],[22.815852396206566,63.732844982715235],[22.817084149467263,63.73250025376494],[22.81790237973005,63.73204836686343],[22.81817219467944,63.73167567372252],[22.81698081228092,63.731022686042365],[22.816032978446117,63.73090000132338]],[[22.671308400259825,63.73659414488379],[22.67032460239631,63.73644562198039],[22.66914825025437,63.736677821841965],[22.668527677620602,63.737224065456715],[22.668717738541595,63.737735239770814],[22.66910366867916,63.73828204021166],[22.670318442518223,63.73867537913439],[22.671753001079523,63.73851039813365],[22.672649397058358,63.73818535750602],[22.672927258876193,63.737415869847815],[22.672550331252744,63.73680988758127],[22.671308400259825,63.73659414488379]],[[22.677927815246967,63.72404501945383],[22.676809751051117,63.723987641430575],[22.67602937182951,63.72417826434693],[22.675829293875946,63.72443389652497],[22.675736040096997,63.72469273916682],[22.675627385845193,63.72540305286694],[22.675569434465316,63.7257818864119],[22.67565362341466,63.72628392188616],[22.676059235058823,63.726438827222594],[22.6765780308062,63.72690635046879],[22.67702621191385,63.727133889518534],[22.677389286460023,63.72721615500581],[22.677970546089913,63.72692439889589],[22.67818510305952,63.72657405554627],[22.67861332685366,63.72623012849993],[22.679440790912057,63.725731687998426],[22.679520402202158,63.7252107894206],[22.67899435150034,63.724790631263595],[22.678468314106976,63.7243704721152],[22.677927815246967,63.72404501945383]],[[22.680163920880943,63.78514187540895],[22.679013941395592,63.78475061209208],[22.677290116778803,63.78547195518983],[22.674735995377223,63.78634675613263],[22.674225529030238,63.78704501240058],[22.6753210500685,63.78779146753301],[22.676443865484707,63.78836033684586],[22.677639332845388,63.78845565914977],[22.67944273945926,63.788093481052385],[22.680336462033576,63.78752562641459],[22.68084678910527,63.78682734758461],[22.68095560574666,63.78611703598191],[22.680903388744003,63.78558029079806],[22.680163920880943,63.78514187540895]],[[22.826598724716142,63.738751701737],[22.824118486292672,63.73865031042562],[22.823664771699733,63.73954090815134],[22.824464422426715,63.74040558098024],[22.825330161238348,63.74134916527823],[22.827349510465453,63.74221633451483],[22.829580783186618,63.74237612091869],[22.83146826880908,63.74195512528341],[22.830973542723353,63.74094191267024],[22.82831971054917,63.74000884307754],[22.826598724716142,63.738751701737]],[[22.79717826617356,63.732824119626386],[22.800227135801272,63.73253258175545],[22.803001742333034,63.73274592557287],[22.803987510799907,63.73178605515394],[22.804298272771717,63.73041566970568],[22.802736061002967,63.729371207116294],[22.80002222919092,63.72957743439523],[22.798458259014815,63.73143447369034],[22.79727686380342,63.73216105615972],[22.79717826617356,63.732824119626386]],[[22.820904824706307,63.73381716234361],[22.81917447088752,63.73360745293572],[22.816554924615307,63.7346253691303],[22.816593421862837,63.73581565264636],[22.81598353683066,63.73703465753999],[22.81672651706809,63.737817317928496],[22.818678728964844,63.737683772828916],[22.82018569700417,63.736205412411415],[22.821894133061157,63.73554151652622],[22.823017160520795,63.734480084958285],[22.820904824706307,63.73381716234361]],[[22.723395982178978,63.71709441493111],[22.722792621241364,63.717066231901896],[22.72271817622977,63.71706591072286],[22.722189153640855,63.71706362401404],[22.72161377658971,63.717085032391765],[22.7210952117384,63.7171287308034],[22.720656381815186,63.717192703998776],[22.72025735260332,63.717272800774644],[22.719892019596113,63.71737081216936],[22.7197538967699,63.717422702598974],[22.719571669157798,63.71749116186519],[22.71929173367255,63.717645874538846],[22.71905947489478,63.71782316715378],[22.71886159198405,63.718016359442636],[22.718688837429106,63.71822048373004],[22.718584470453017,63.71836406264516],[22.71853523041943,63.71843180219906],[22.718397505683924,63.718647403062114],[22.718274789168525,63.7188648655006],[22.718168485899433,63.719081969568165],[22.718082379786797,63.71929642588251],[22.718026473575833,63.719488551794726],[22.717999376130862,63.71967367192932],[22.71801018478892,63.719848555595284],[22.71807121210518,63.72000906721813],[22.718198694821854,63.720149876359145],[22.718429051837166,63.72027543960567],[22.718665549752163,63.72034871261738],[22.718737630104588,63.720371044801254],[22.719104328598625,63.7204358344195],[22.71945429368419,63.72046528942987],[22.719825921448308,63.720471932295716],[22.720210580099835,63.72045692105663],[22.72063197369289,63.720417462851216],[22.721056247294122,63.72035857530748],[22.721480433123176,63.72028484386598],[22.72190173958318,63.7201995440528],[22.72231720487133,63.72010482625356],[22.72272333358348,63.72000182537372],[22.723115664480968,63.7198907163169],[22.723488277113418,63.71977069123878],[22.72383318332813,63.719639866859886],[22.724150599900273,63.71948035600811],[22.72443866844286,63.719274447160146],[22.724691201183855,63.7190349663739],[22.724910283042515,63.71877537569418],[22.725097895691704,63.71850900549847],[22.725155964768213,63.718413228940925],[22.725255550490697,63.71824897347971],[22.72538422912261,63.71800821435523],[22.72562201677847,63.71749864221647],[22.7255564558985,63.71747152871266],[22.72533205901724,63.717407136917885],[22.724976633642136,63.71732123583575],[22.724787014246132,63.71728364353693],[22.724515207146542,63.71722975622708],[22.72397185643175,63.71714884698568],[22.723395982178978,63.71709441493111]],[[22.827704574784367,63.755806758779855],[22.82586317760121,63.755182605894],[22.82372481743297,63.755477357411394],[22.822399179186327,63.755724307395994],[22.82066848506934,63.75653028788372],[22.820552801972482,63.75731177628252],[22.821602418339783,63.7578416783478],[22.822341652569197,63.75829121984778],[22.823925288665205,63.75847984509607],[22.826384805185324,63.7581943917337],[22.82805245320745,63.75781461265152],[22.829088705506454,63.75734518242052],[22.82858331899683,63.75640300691635],[22.827704574784367,63.755806758779855]],[[22.788575793986205,63.735807252968115],[22.788595954601956,63.7349516262431],[22.785688911546508,63.73500923992723],[22.78401680161624,63.736862982850184],[22.785286290718812,63.73770881259316],[22.786420707043337,63.7387409463324],[22.787747827457228,63.73992141182908],[22.78901756337248,63.74076721018935],[22.790285267781062,63.74018590972882],[22.790585070363658,63.73792592142396],[22.788784549953494,63.73728795726788],[22.788575793986205,63.735807252968115]],[[22.8365223597494,63.75720352506771],[22.833930800033567,63.75620104898021],[22.83229478794732,63.756367761526086],[22.83243742524725,63.757584820023474],[22.832517149125888,63.759228151942416],[22.834735559570014,63.760576601869126],[22.83578556273557,63.761106403111185],[22.838161401099622,63.76138911628586],[22.839241535844987,63.76051147835755],[22.837704670679063,63.759021414290935],[22.8365223597494,63.75720352506771]],[[22.640813802056094,63.75561037708062],[22.641009106287598,63.755609838174664],[22.641306886802266,63.75562533610748],[22.641683719158713,63.75565843933978],[22.64212683962437,63.75571105253779],[22.6431256582513,63.75584110286894],[22.643654791605716,63.75589416148665],[22.64418744481899,63.755920589635515],[22.64478801631092,63.75590384504099],[22.645349830008982,63.7558409561902],[22.6458442998517,63.75574262502745],[22.6462829885769,63.75562014199319],[22.646703659688487,63.7554802276928],[22.647097658575902,63.75532558651426],[22.647453780917107,63.75515742180794],[22.647726897271703,63.75499876541717],[22.64795826406402,63.75483368907916],[22.648143737323952,63.754665793249906],[22.648165301504093,63.75463852612056],[22.648276070238474,63.7544984596214],[22.64835088236376,63.754319768065734],[22.6483498542089,63.75415385909689],[22.648268283885074,63.7540095258744],[22.648095308351134,63.75389688555108],[22.647803313091693,63.75382054573076],[22.64742187806775,63.75378061413479],[22.6469757757422,63.75376738166914],[22.646483554757236,63.75377349096673],[22.645958970348758,63.75379344290602],[22.645412129348898,63.75382318888158],[22.644279148995114,63.75390126693273],[22.643122703637726,63.753993869923704],[22.64196417180009,63.75409655325852],[22.640819167515296,63.754212167534206],[22.640257092476457,63.754277735432744],[22.63970581308329,63.75435114212359],[22.63952661844614,63.75437924090935],[22.639169283238992,63.754435271076176],[22.63865266107183,63.75453388377719],[22.638214446467245,63.754635724868955],[22.637791090683187,63.75474722263063],[22.636563349477548,63.75509127783663],[22.63615616114612,63.75519376824796],[22.635316744498056,63.75537671411819],[22.63492235381723,63.75547079311573],[22.634564568399075,63.75558061427783],[22.634267443866626,63.755709567443866],[22.634019924794057,63.75585832288267],[22.63382388410594,63.756022163816695],[22.63368484331057,63.75619711157141],[22.633612368135093,63.75637973079938],[22.633617141465212,63.75657803306751],[22.633694047876048,63.75677722530689],[22.63382973254736,63.75697288199623],[22.634015348960048,63.75716001933722],[22.634246120432707,63.757332674715784],[22.6345210687698,63.7574834031034],[22.634811748352224,63.757595554201984],[22.635128593944756,63.757678879482775],[22.63545974051078,63.75772899154744],[22.635794122606153,63.7577391260525],[22.63618204947414,63.757692575431726],[22.636561255345015,63.757593746615555],[22.636963489811738,63.75744171735556],[22.63742025349297,63.757232571867114],[22.637914126906086,63.75698527101436],[22.63894347507303,63.7564508323353],[22.639442745740826,63.75619899742477],[22.63985158376315,63.75600241126471],[22.640491814409664,63.755715100173155],[22.64067806385332,63.755641271023954],[22.64074474179803,63.75562796318276],[22.640813802056094,63.75561037708062]],[[22.687572075814188,63.72562873063615],[22.686906792680634,63.7256018877703],[22.686274624619376,63.72560574346951],[22.685709684247268,63.72564394522938],[22.68524059405618,63.72570529948163],[22.685229100161273,63.72570680312133],[22.684765807856106,63.725788036471705],[22.68432260830593,63.72588503610672],[22.68390391639316,63.725996619436664],[22.683516015153224,63.72612289246628],[22.683167387179818,63.72626517794453],[22.68286910923356,63.726425994848604],[22.682603725404032,63.72663099470784],[22.68239742629297,63.7268563789283],[22.6822335326858,63.727096343189544],[22.682099996334816,63.72734661905266],[22.681988419755786,63.72760406612798],[22.68189330135089,63.727866342896824],[22.681811534677855,63.72813163998458],[22.681742087353197,63.72839844578599],[22.68168586982149,63.72866534385482],[22.681645763635302,63.72893081507762],[22.6816268142775,63.72919302500429],[22.681636589759908,63.72944958828054],[22.68167431445459,63.729662716803766],[22.681740759185896,63.729866574644184],[22.681837847474903,63.73005755069075],[22.681969676677628,63.730230949232244],[22.68214273176862,63.73038069249687],[22.6823998708671,63.73051452460013],[22.68271077407828,63.73059680564751],[22.682745872480844,63.7305998795879],[22.682947064507125,63.730617502599216],[22.68319524738608,63.73060950596017],[22.683564913122993,63.730550230074165],[22.68393903454587,63.730446436824465],[22.684315384897488,63.73031004025803],[22.684692432456757,63.730150080530194],[22.685069092518738,63.72997332417894],[22.685444532395863,63.729784769800006],[22.686188728689128,63.72938569538776],[22.686348156310878,63.72929485301048],[22.68691746091349,63.728970458663255],[22.68727204938917,63.728759182486115],[22.68762304394789,63.72854071563002],[22.687998843703777,63.72828899440774],[22.68838395696813,63.72800962622284],[22.688756454402252,63.72771376845719],[22.68967928916593,63.72690623398204],[22.68997751907564,63.726672311216426],[22.69023035307436,63.726492969341926],[22.690409254941294,63.726380792768204],[22.690410362825027,63.726380097773436],[22.690493185337257,63.72634693726474],[22.690517477260933,63.72629893447232],[22.690433577145466,63.72620837412054],[22.690237449872566,63.72609541352281],[22.689895028963953,63.72597201844453],[22.689429351423453,63.72585821332756],[22.688866378985566,63.72576035214713],[22.688236452467642,63.725682691716415],[22.687572075814188,63.72562873063615]],[[22.830306282285488,63.78292336853312],[22.82902143237179,63.78288618988438],[22.82751291117709,63.783270618729645],[22.823961310877483,63.78438069033703],[22.821970797037867,63.784751098095214],[22.820161910115015,63.78498404736851],[22.819113946773193,63.78552444773344],[22.819298252270055,63.786457338255104],[22.820327846670303,63.78712934312937],[22.81877683963606,63.78779785442244],[22.81927450285736,63.78988142454852],[22.82090200751179,63.789785919424524],[22.8228059317386,63.78891356424394],[22.823980225757456,63.78752060509147],[22.824909623439414,63.78669133841184],[22.82598907139272,63.78593776133435],[22.827250105703648,63.78504673681314],[22.82884279616026,63.78409395292925],[22.830403864121497,63.78335428514751],[22.830306282285488,63.78292336853312]],[[22.83567286876359,63.76624025103138],[22.833649912657304,63.764225357983456],[22.830809362100332,63.76424450459586],[22.829378385746153,63.765201968372516],[22.82930044564472,63.76791097529516],[22.827669643294545,63.77021827430463],[22.828754371531716,63.77160531579188],[22.83148669112507,63.772754626997475],[22.834160382654865,63.77211846875816],[22.834213760679294,63.770359179818804],[22.835274468089725,63.76893998538354],[22.83567286876359,63.76624025103138]],[[22.634887746981338,63.73677689766337],[22.634825340133954,63.73653612595224],[22.63472961316937,63.736297881189515],[22.63460312706134,63.736067208981844],[22.63444480432246,63.73584989233961],[22.634250032425783,63.735652964541515],[22.634010538310918,63.73548527168274],[22.63377379735967,63.73537635475002],[22.633505825845617,63.735299164893455],[22.633212124797943,63.73525962803168],[22.63300544671413,63.73526340319809],[22.63217087348647,63.73537796705082],[22.6320405295507,63.73540546882687],[22.631620993900324,63.73551445486917],[22.631193259186006,63.735637814437034],[22.630320404379898,63.73589964432522],[22.62987688930995,63.73602543755025],[22.62942863144634,63.73613924795759],[22.62897490298703,63.73623383508511],[22.628514448320722,63.736300730526665],[22.6280372701418,63.73633269357419],[22.627562204733092,63.73632891629385],[22.627100231096502,63.73629094415619],[22.62670149180363,63.736229434237586],[22.625922699389307,63.73607272852159],[22.625522423943583,63.73600176554765],[22.62507237960229,63.73594736350003],[22.624606492049438,63.735919889810006],[22.624132620112047,63.7359231974196],[22.623618608029105,63.73596454807747],[22.623103815044924,63.73603743913152],[22.62258804210838,63.73613316461239],[22.622070927750112,63.736244974385166],[22.621551996485692,63.73636762970248],[22.6194449005085,63.73689445443968],[22.618906307158113,63.737021179956734],[22.618361313108903,63.737140564953],[22.61782717485426,63.73724760751378],[22.61676821590186,63.737447707510725],[22.616261003413378,63.737548069301425],[22.615783899653643,63.73765364668992],[22.615352426938856,63.73776864118846],[22.614986795706233,63.73789790345644],[22.614749390287958,63.738018546536814],[22.614578192019525,63.73814771572423],[22.614480028710872,63.73828049027263],[22.614466006581324,63.738412050045056],[22.614557174162343,63.738548130360975],[22.614747563888496,63.73867140448324],[22.6150184619249,63.73877688755405],[22.615349741464723,63.738869831276396],[22.615721033038678,63.73895578123365],[22.61651589455697,63.73912726998908],[22.61690955290039,63.73922296382363],[22.617293298309754,63.73933233019188],[22.61802823925994,63.7395553073356],[22.618397758019565,63.73964806914399],[22.618782327063983,63.73971218269225],[22.619224877058087,63.739737686967075],[22.619691455773495,63.73972424672482],[22.620176014933833,63.73968126683094],[22.62067389006818,63.73961607529216],[22.621196542107832,63.73953103541851],[22.621800184306892,63.73941720161273],[22.622464693582508,63.73928124124931],[22.623160341588743,63.739131757667366],[22.624527154566902,63.73882533343025],[22.626342047340394,63.73840641966718],[22.6264306716354,63.73839110703212],[22.62650833050094,63.73837453423246],[22.62676793682501,63.738347784956794],[22.627704612429895,63.73827410742511],[22.62832254820575,63.738234482992894],[22.62900182381607,63.73819843421439],[22.629713848736987,63.73817032800148],[22.63042985142171,63.73815461708273],[22.631137551979354,63.73815383696895],[22.632350287332194,63.73817010216969],[22.632831921760985,63.73816678193011],[22.63328138601813,63.73814031585712],[22.633689488593276,63.738080059666615],[22.63405545091104,63.737974354939404],[22.63436402889954,63.737831370262256],[22.6346107074113,63.73765955024871],[22.634785635233087,63.737464689103625],[22.634881809207677,63.73724658904213],[22.634910286058666,63.737015396588546],[22.634887746981338,63.73677689766337]],[[22.59298283066521,63.747035200151096],[22.59250382494209,63.74701619430175],[22.59195988633556,63.7470131103991],[22.591383287486757,63.74703543307085],[22.590806779781754,63.74709313770196],[22.59021865679945,63.74720330563633],[22.589685976605953,63.74735565172527],[22.589222984752492,63.74753661298257],[22.588843013998805,63.74773167157873],[22.58852524620752,63.74793180017439],[22.58821714469378,63.7481383451966],[22.58762227027114,63.74856220800154],[22.587056782363288,63.748991432496666],[22.586788527305952,63.74920577032568],[22.58653343069346,63.74941891352108],[22.585875156281013,63.75001314129818],[22.58563761986372,63.75019062459293],[22.585406892617115,63.75032923692109],[22.584899009552927,63.75059966488644],[22.58459376375596,63.75077398954051],[22.584300244640165,63.75095794352531],[22.584021434144706,63.75114959459375],[22.583761694249358,63.75134744303918],[22.583527171852044,63.75155035140924],[22.583326271468245,63.75175746910616],[22.583170223264712,63.751968170694695],[22.58307375871381,63.75218198131562],[22.583051087023488,63.752415406812226],[22.583105920367004,63.75264820810501],[22.583230629300314,63.75287632010817],[22.583423849315135,63.753095094853634],[22.58363729088512,63.75326627020315],[22.583892838583076,63.75342640695379],[22.584184778236114,63.753574033171446],[22.58453726176386,63.75371777587421],[22.58492008886577,63.75384324778498],[22.585327265201066,63.75394820512563],[22.585754910738082,63.75402891722448],[22.58620097020268,63.75407999219098],[22.58671811558658,63.75409753586971],[22.587251833351498,63.754083267139485],[22.587798146352043,63.75404874723941],[22.58891962289953,63.75395675928972],[22.58949298781825,63.75391582713533],[22.59005432999881,63.7538875365337],[22.590619974459266,63.7538682977582],[22.592306608073198,63.75382690068669],[22.5928513011127,63.7538048181176],[22.593377799259166,63.753770235401475],[22.593631463405554,63.753743000449646],[22.59387799894991,63.75371653047359],[22.594341361527192,63.75363543172356],[22.594709834262954,63.753535651661714],[22.59504151686869,63.75341203506823],[22.595336280724666,63.7532685664673],[22.595591557476535,63.75310803099961],[22.595827043710138,63.75291113535708],[22.596015251852535,63.75270035486234],[22.59616086758268,63.752479847273165],[22.59626482900563,63.75225285820027],[22.596324325275585,63.752021938656256],[22.596332626577695,63.75178913764878],[22.59630198351151,63.75161503847791],[22.596248039019436,63.751440247229056],[22.595963727424717,63.75074062347521],[22.59547866782495,63.74954693145147],[22.595353915345104,63.74926954906571],[22.595203246898343,63.74896571998394],[22.595031871131077,63.74865015824057],[22.594843746403733,63.74833386520782],[22.594643816714175,63.74802941971599],[22.59443742622906,63.747749304094675],[22.594231056827073,63.74750576941731],[22.594033722492373,63.747310576106024],[22.59388387816774,63.747189909340136],[22.59377028834444,63.74711703817283],[22.59371053774615,63.747097185935466],[22.59361816669939,63.747084559716534],[22.593364925727666,63.747060985381225],[22.59298283066521,63.747035200151096]],[[22.671219767621192,63.74501013401223],[22.670716403001464,63.744963281945076],[22.670219842696977,63.74495980442636],[22.669716443714343,63.74499093769246],[22.669209782594834,63.745048407045914],[22.66870361076112,63.74512617620165],[22.668202182224313,63.74522010924237],[22.66771063779491,63.74532771429029],[22.667235461177533,63.74544796126774],[22.66678501889846,63.74558118848968],[22.666370216612655,63.7457290711971],[22.66599689643108,63.74589715891276],[22.66568520180984,63.746082110926544],[22.665450154764116,63.746283849518996],[22.66530130794283,63.746509121099436],[22.665231023222685,63.74674779610018],[22.665220956803662,63.74699523988533],[22.665258637839628,63.74724768140436],[22.66533667327609,63.74750189352689],[22.665452223497947,63.7477549075682],[22.66560669819901,63.74800373442444],[22.665805701943793,63.74824509860298],[22.666023852445672,63.74845004941757],[22.66627582650413,63.74864614245793],[22.66655524315804,63.748832806092544],[22.66685780135691,63.74900884988462],[22.667180985847722,63.749172397292284],[22.66752382670251,63.74932079930524],[22.66788670046197,63.749450541242425],[22.668295051722296,63.749567232325994],[22.668707253880843,63.74967238969352],[22.669102498225204,63.74978039795426],[22.66945879863311,63.74990584385143],[22.66973041719438,63.7500433505943],[22.669958503957826,63.75020201351614],[22.67014844575718,63.75037733442375],[22.670303481005988,63.75056569260752],[22.670424830420075,63.75076419416655],[22.6705117877666,63.75097054349814],[22.67057126207308,63.75121788321037],[22.67063354065862,63.751725564280875],[22.670680186234982,63.75198089498991],[22.670756696409974,63.75221991861145],[22.670864480286752,63.75245501798774],[22.671000782719055,63.75268388248161],[22.67116504800547,63.75290348005564],[22.671359081279792,63.75310978612159],[22.671587281709222,63.75329745430851],[22.67185698094485,63.75345940947499],[22.672178913155097,63.75358637633861],[22.672526999006404,63.75366486435958],[22.672917223354766,63.753711453869094],[22.67333816797713,63.75373161165754],[22.673780319517224,63.75372902610588],[22.674235588357664,63.75370575274255],[22.674696867083448,63.753662299859066],[22.67522035719388,63.7535889849937],[22.67551551091054,63.75353581740165],[22.675741439285368,63.75349511958854],[22.676258573638343,63.753385540791285],[22.67677014443165,63.753263490462125],[22.677274226894472,63.75313083563249],[22.67776834739906,63.752988215937286],[22.678247964584333,63.752836636898195],[22.678717193812982,63.75267747447006],[22.679178043837492,63.752512750638004],[22.67964910191668,63.75233520828041],[22.680167878120354,63.75212581014283],[22.680713530072683,63.751892963585725],[22.68126184363665,63.75164654293655],[22.681788674343,63.75139633594118],[22.6822703326938,63.75115223240161],[22.682684426663435,63.75092459459094],[22.682994706248913,63.750736934264644],[22.68322172243294,63.75058672621762],[22.68335854819349,63.750487097808055],[22.683396922869665,63.75045131878164],[22.68315660387846,63.74997355509973],[22.683090263595226,63.749841665740625],[22.682923475013233,63.74955634833738],[22.68271998723057,63.74924766671595],[22.682479094228025,63.748930499353406],[22.68220304294597,63.74862012341572],[22.681903667034256,63.74832817412903],[22.681597085896833,63.748066486400205],[22.681297491914766,63.74784415849964],[22.680989478144422,63.7476365292769],[22.680665473543744,63.74743587395454],[22.68032300424033,63.74724412833722],[22.67995787594968,63.74706401892982],[22.679564039451826,63.74689919911695],[22.67916093664935,63.74676044315722],[22.67873287852945,63.746636771748754],[22.678285817915867,63.74652651235515],[22.677824111856186,63.74642902967952],[22.67735085834688,63.746344620685335],[22.67606906332665,63.746158958236016],[22.675647686552303,63.74608908932908],[22.675136032460433,63.745984341913164],[22.674635883690176,63.745863439922985],[22.67414379631978,63.74573193825085],[22.672688986994853,63.74532331034938],[22.672203693896638,63.7451995448404],[22.671714703827334,63.74509238149419],[22.671219767621192,63.74501013401223]],[[22.62534089776504,63.74467828401079],[22.624773488187788,63.74466030090179],[22.62420480332121,63.74464975311991],[22.623636271850625,63.74464848575636],[22.623060218143525,63.74465857505194],[22.622487441987243,63.7446792165775],[22.621919995537507,63.744709580061624],[22.62136057827841,63.744749870861526],[22.620812828892674,63.74480137122131],[22.620445761067018,63.74484639796012],[22.620281629848822,63.74486653046965],[22.61977352230664,63.744949116116615],[22.61929716050925,63.745054424592716],[22.618893668945084,63.745175454717256],[22.618521790846625,63.74531627453849],[22.618178966351017,63.7454727247624],[22.617864895366505,63.74564175502292],[22.61758161839563,63.74582126903952],[22.617333643601647,63.74600999904539],[22.61712819917776,63.746207410094875],[22.616960360889184,63.74643190854566],[22.616846609738793,63.746662904027595],[22.616782744143237,63.746897016891374],[22.61676892321559,63.74713124204382],[22.61680963424264,63.74736272769982],[22.616913807519047,63.74758858556791],[22.617077423450908,63.74779571010751],[22.617288527407617,63.74799708694285],[22.617528207000614,63.74819459178474],[22.618026058543766,63.74858473363139],[22.61825170508422,63.74878062855319],[22.618438813078022,63.74897934364228],[22.61856757655991,63.74918279538908],[22.618623655573334,63.749404440359804],[22.618611058182996,63.74963191215154],[22.61854751113296,63.749863690584725],[22.61844713329881,63.75009857626564],[22.618321246783214,63.75033561731652],[22.617731401855476,63.75129171689278],[22.617599209297435,63.751529927653024],[22.61748915355894,63.75176667067064],[22.617411650871023,63.75200123365542],[22.61737958501313,63.752232743877926],[22.617409074782636,63.75246011598072],[22.617509993665873,63.75267924874614],[22.61766627009577,63.75289461459342],[22.61785736584102,63.75310754452031],[22.61827183785961,63.753530715925756],[22.618460624922303,63.753743140346295],[22.618612731961658,63.753957640762145],[22.618707115566956,63.75417551529913],[22.618727217975312,63.754400382346894],[22.61868445484059,63.75462922784925],[22.61859627103612,63.75486129610136],[22.618476993800527,63.75509606375217],[22.61804649940492,63.75581438538284],[22.61791245701448,63.75605866832777],[22.61779357885575,63.75631581490083],[22.617694694272277,63.75657496521379],[22.61761351602342,63.756835016692285],[22.61754947479565,63.75709482643526],[22.61750393210739,63.75735308284301],[22.61748051677195,63.757608153132665],[22.61748566017821,63.757857892846964],[22.617529347455324,63.758099398992485],[22.617626170294667,63.75832869053022],[22.617796666904116,63.75854030497172],[22.61803153924169,63.75871299357747],[22.618330934926348,63.758868437160515],[22.61867909453885,63.75900883314943],[22.61908455841538,63.759132669006696],[22.619568313554634,63.759231714574916],[22.620102083022612,63.75929929048475],[22.6206565956306,63.75932875762303],[22.621203404123055,63.75931402471604],[22.621715556374188,63.75925085344152],[22.622204589405193,63.759132166251725],[22.622608661070167,63.75898654818548],[22.622911421203753,63.758843526148034],[22.623095024081294,63.75873187215763],[22.6231374269475,63.758679076121226],[22.623971845446903,63.75779191063022],[22.624588070077387,63.75717477218275],[22.624912105385544,63.7568689600899],[22.625232327684998,63.75658491487645],[22.62553793186119,63.75633765204153],[22.625828562128905,63.75613187624766],[22.626136748777025,63.755942615303496],[22.626470793394763,63.755771290879245],[22.627298562765237,63.7554209963451],[22.627595395149854,63.75526822197032],[22.62786861937536,63.755100828532974],[22.628118894234845,63.754921917140024],[22.628345257084245,63.754733863581],[22.62854504061101,63.7545384362832],[22.628721804044286,63.754328451387416],[22.628867094242114,63.75411457823521],[22.62898075402338,63.75389923950999],[22.629060096755403,63.753684699274935],[22.629099803783134,63.75347321449406],[22.62909175099484,63.75326718529077],[22.629024746109078,63.75306929169273],[22.628881335568863,63.75286832865966],[22.62849808435199,63.75248643000795],[22.62833152140667,63.75229729935437],[22.628231847811787,63.75210419670613],[22.62822736449757,63.75191219532521],[22.628300759257225,63.75171531249378],[22.62843412878554,63.75151581758664],[22.628613713945125,63.7513158603332],[22.628829171406874,63.751117585391896],[22.62907295937015,63.750923257557034],[22.629339782870666,63.75073538246905],[22.629626141608465,63.75055683402785],[22.62992992203481,63.75039097146056],[22.630472412357275,63.750127345292626],[22.63071583095755,63.74998882537611],[22.63096094008604,63.74979692006595],[22.631154722269464,63.74958387696038],[22.631309600892664,63.74935497472987],[22.631434804238502,63.74911432336244],[22.63149870793785,63.748958138149675],[22.63153677919068,63.74886508982642],[22.631619518433155,63.74860970580811],[22.631684774778577,63.74835004414454],[22.63173212278979,63.748087585222024],[22.631758919228083,63.74782355512753],[22.631760097704518,63.74755905966333],[22.631733718458502,63.74731694534052],[22.631681105202652,63.74707631038236],[22.631601859950884,63.74683827544098],[22.631493232439425,63.74660424848256],[22.631349960793234,63.746376036811526],[22.63114542840783,63.7461327626572],[22.63089751342816,63.745900281328865],[22.630610784268075,63.74568058144723],[22.630285735373086,63.74547704283697],[22.629918802790115,63.745294716556906],[22.6295022104382,63.74514067529355],[22.629066112804463,63.74502858067009],[22.628590364246072,63.74494091184678],[22.62808536411027,63.744871542750005],[22.627559063191395,63.74481586163471],[22.627017485101202,63.744770523479566],[22.62646514894352,63.74473324973267],[22.625905439081674,63.74470268129576],[22.62534089776504,63.74467828401079]],[[22.81324507043181,63.71809595529169],[22.810556487031423,63.71855229712305],[22.808635942992098,63.71956661464061],[22.806523407396252,63.720789365836325],[22.804560403205414,63.72208780063153],[22.80336690153032,63.72362271033634],[22.805899530766293,63.72391060510066],[22.810068837563822,63.725102325756545],[22.814234676855364,63.7293885514733],[22.821221274050266,63.73116891173435],[22.824188674012838,63.731605556018316],[22.8279069387098,63.73142129546141],[22.829848621653028,63.730872844492986]],[[22.829848621653028,63.730872844492986],[22.82093894244915,63.72401824917692],[22.81324507043181,63.71809595529169]],[[22.64059592661498,63.77914344868954],[22.63989233268711,63.7791126923024],[22.63916767677655,63.779094096111855],[22.638450555831575,63.779088813169956],[22.63776974702312,63.779097908156835],[22.637154133469284,63.77912245757697],[22.636619915881308,63.779163094051256],[22.636109686158612,63.77921923411799],[22.635581615342524,63.7792965874249],[22.634534673083987,63.77946720924198],[22.634006770630084,63.77954099745582],[22.63241556135292,63.779742494178265],[22.6319076751636,63.77981981699982],[22.631426452576793,63.77991164315917],[22.631009601230634,63.78001544469861],[22.63063168616302,63.78013565892012],[22.630300362578527,63.780271025910125],[22.630026625186787,63.7804214380205],[22.629825326392478,63.780587914225606],[22.629708537725083,63.78076802047908],[22.62965412449999,63.78096116110929],[22.62963977751268,63.78116370710451],[22.629654785236017,63.7815860382465],[22.629648973658103,63.78180160299523],[22.62961083128123,63.78201785483775],[22.629518267848063,63.78225071347749],[22.62938043433051,63.782482760878864],[22.62936893674162,63.782498302423036],[22.62920926606159,63.78271412521954],[22.629014521792104,63.782944989140944],[22.628147089420466,63.78386845276607],[22.627939436051072,63.78410094227029],[22.627748168379355,63.784334916746595],[22.627581437713765,63.78456655818057],[22.62743414516597,63.7847987497394],[22.627303652121928,63.78503008174469],[22.627188189501695,63.78525905491446],[22.6269925759355,63.78570218323825],[22.62687304672663,63.785914619318994],[22.62669296513205,63.78612606823479],[22.626460383048578,63.78633287417131],[22.626188236550615,63.7865362853889],[22.62588675297347,63.78673728547717],[22.62556397336848,63.78693665776362],[22.62522625614597,63.78713504015352],[22.62381783768698,63.78792930655195],[22.623470687878356,63.78813084492656],[22.623133774599488,63.78833501116252],[22.62281247910614,63.78854283723319],[22.622513535786698,63.78875563539542],[22.62225602502091,63.78896330038214],[22.62202321142777,63.78917549295652],[22.621813804302764,63.78939105022924],[22.62162839558475,63.789609043594574],[22.621469549183768,63.78982872751375],[22.62134197404892,63.79004949892899],[22.621252748527475,63.79027085373411],[22.621211630985158,63.79049236383777],[22.621223025779244,63.79070265816053],[22.621268702614362,63.790913278377104],[22.62138930077298,63.791337815664896],[22.621429385152954,63.79155304062811],[22.621437568949503,63.79176964651959],[22.621420467854637,63.79198862189239],[22.62132043073999,63.792654910742584],[22.621305121022928,63.79287851931062],[22.62131658372798,63.79311969824526],[22.621355579142296,63.7933590587366],[22.621419274153784,63.79359464829377],[22.62150691417245,63.79382395992531],[22.621619902124877,63.79404372505985],[22.621761949478042,63.79424964841413],[22.621939332784653,63.79443610470414],[22.622161254520684,63.79459576569208],[22.622440283191942,63.794719161298914],[22.622787741237946,63.794798517690936],[22.623188127025646,63.79483837219429],[22.623623670002377,63.794845144249805],[22.624079257265166,63.79482260740109],[22.62454154470601,63.7947720879595],[22.624998148904847,63.79469257531731],[22.62546761473225,63.79457510177854],[22.62592108134048,63.79443113960804],[22.626362192008877,63.794268465535325],[22.626794039369,63.79409299651848],[22.627219271314583,63.79390924608136],[22.628898221276366,63.79315292580739],[22.62932329890155,63.79297074470023],[22.62975562056289,63.79279634021023],[22.63019861813354,63.79263292603996],[22.63065653514037,63.79248448753871],[22.63113465342108,63.792356024998156],[22.63159049136384,63.79225940968058],[22.632059514493623,63.79217643608344],[22.633003699014033,63.792021974790444],[22.633461997919056,63.79193607191178],[22.633898809988526,63.791834191123385],[22.634355054122885,63.791693511522034],[22.634780333802222,63.79152944960599],[22.63518185611732,63.79134800013054],[22.635564576926967,63.79115368081415],[22.635931438402835,63.79094978320682],[22.636283495583505,63.79073859231833],[22.636619945364988,63.790521553840016],[22.6369380320299,63.790299385481994],[22.63723283366739,63.79007215683241],[22.637496928764893,63.78983931614035],[22.637719933169862,63.78959968799722],[22.63786083621504,63.789405958993356],[22.637980258301365,63.78920829113837],[22.638109612761138,63.78896485448773],[22.638226157166958,63.78871852271145],[22.638330686231193,63.788470218005074],[22.63842248724878,63.78822063353882],[22.63849935382815,63.78797028961581],[22.63855748457754,63.78771958454813],[22.63859131007058,63.787468836167406],[22.638593238532437,63.787218310082295],[22.63855509420378,63.78695570389872],[22.63848681524147,63.786693554880706],[22.63823466922946,63.78590947299242],[22.638177556395544,63.78564889870293],[22.638157995981537,63.78538880741591],[22.638187926582823,63.78513171727555],[22.638259604366255,63.78487521557052],[22.638363135112776,63.78461936150362],[22.6384913803561,63.784364310264756],[22.638639593295707,63.7841103271918],[22.63880516092605,63.78385782491669],[22.638987458221585,63.78360741198932],[22.639187859844814,63.78335994806333],[22.639409852484842,63.7831166317904],[22.639487802843757,63.78304241223643],[22.639659324247525,63.78287910035995],[22.639943762187166,63.78264674589463],[22.640253665753196,63.78242015190587],[22.641246088205254,63.78175330354716],[22.641588065109648,63.78149505471073],[22.641917210210256,63.781201788772265],[22.642204826337284,63.780884970648266],[22.642421686332476,63.78057259308942],[22.642585454668353,63.78026545486787],[22.64270384878421,63.77997924898902],[22.642783801556956,63.77972953678297],[22.642831539360348,63.77953175478643],[22.642852422966868,63.77935321147269],[22.64256393886168,63.77931313147292],[22.642223108551036,63.77927356779714],[22.641778507387247,63.77922882012914],[22.641250134844764,63.779184784122904],[22.64059592661498,63.77914344868954]],[[22.658022640473163,63.739173637937746],[22.657581105515145,63.73915016314501],[22.65706399706786,63.73915704694656],[22.65654028928178,63.73919356154146],[22.656013866240563,63.73925272644674],[22.655488198277496,63.739329661406444],[22.654966667652555,63.7394212752735],[22.65445286621651,63.739526044851345],[22.653950893383495,63.73964387106472],[22.65346566345427,63.739776006438696],[22.65297997954028,63.73993080322105],[22.65251296166949,63.7400988752079],[22.652059800132427,63.740276306842766],[22.651616899728086,63.74046024496359],[22.651181688315805,63.74064866559228],[22.65105749780238,63.740704082693306],[22.65075245913485,63.74084019837608],[22.64990878592316,63.741229607556136],[22.649086331551224,63.74162635854927],[22.648686272296388,63.74182831687424],[22.648297010695075,63.742033758894],[22.64793122577748,63.74223767126035],[22.64723223930409,63.74265501231805],[22.646571886697952,63.74308121625249],[22.64625789012056,63.74329702898652],[22.64528595864335,63.744014162175404],[22.6449847412208,63.74420860117462],[22.644664807214742,63.74439818144228],[22.643677014382412,63.744957186497984],[22.643368081135606,63.745146531695106],[22.64308688338066,63.74534076674812],[22.642846948421752,63.7455423042635],[22.642665906531676,63.74574580389549],[22.642533857527063,63.74595628205885],[22.64244909591545,63.746171617699865],[22.642413244823686,63.746389940606214],[22.642430230414583,63.74662081741612],[22.642495019145926,63.74685154722258],[22.642599665067717,63.74708051572494],[22.64273973992195,63.7473059220049],[22.6429141030309,63.74752563940281],[22.64312478880898,63.747737063760326],[22.643377058775286,63.74793694775098],[22.643677920870807,63.74812263084243],[22.64402340016569,63.748291434744715],[22.644410827676097,63.748441108157714],[22.644833195058595,63.748569025773556],[22.64528266346619,63.74868218366947],[22.646674234071213,63.748995892432994],[22.647115642043893,63.749111703462766],[22.64752635755346,63.74924377701365],[22.647926720664362,63.74941127756578],[22.648287567451444,63.74959989418464],[22.64861903884894,63.74980416469609],[22.648929030428583,63.75001986611877],[22.64922365663416,63.75024376891698],[22.64978483158932,63.750706910735836],[22.650882301157555,63.751653257868014],[22.651167661100256,63.75188746817366],[22.651464219759944,63.752118316597524],[22.651776859545265,63.752344143502654],[22.65210769743245,63.75256215834712],[22.652455777787715,63.75277405914663],[22.65281766518714,63.75298021852528],[22.6531911910863,63.7531803884112],[22.653575342777195,63.753373630143614],[22.65397024128714,63.75355819422373],[22.654377170786315,63.75373134228449],[22.654798676764997,63.75388910460826],[22.65523872878866,63.7540259739624],[22.655663978959105,63.754131014498675],[22.65652612342878,63.754322912486245],[22.65693941020298,63.754433388558226],[22.657340597326478,63.754554042904964],[22.657772699858096,63.75467434726604],[22.65824013590952,63.7547804801967],[22.65872693495343,63.75485857725512],[22.659217172077984,63.75489524848228],[22.65969478349849,63.75487917577489],[22.6601289101286,63.75481108610442],[22.660520045651307,63.75470828085179],[22.6608522114245,63.75459131108517],[22.661109432397097,63.754480000739996],[22.66127576716629,63.75439359130212],[22.661335391586665,63.75434984974129],[22.66136754258949,63.75418030708888],[22.661383648183964,63.75398919032664],[22.661391237027242,63.753745225200106],[22.661383197123453,63.753461969249635],[22.66135192767402,63.7531530192132],[22.661289394212407,63.75283200908111],[22.661195027722542,63.752522650858175],[22.66107893420291,63.75222538565655],[22.66085100808211,63.751708525047455],[22.660768548052516,63.75148108016776],[22.66072111009887,63.7512527192061],[22.660718613414616,63.75099768711116],[22.66075255275877,63.75074136269553],[22.660850938271103,63.750226609048745],[22.66087956400687,63.74996892971772],[22.660869967710486,63.74971152784976],[22.660818322938947,63.74948763487121],[22.660730841586197,63.74926437344695],[22.660614284681966,63.749041923902695],[22.66047334968261,63.74882053922059],[22.660310961870113,63.74860056461006],[22.660128480188288,63.748382458990406],[22.659925874092956,63.74816682009229],[22.65968524999356,63.74793758343107],[22.659428019054534,63.747711046933865],[22.65862640882189,63.74704054053766],[22.658371957836902,63.74681865614433],[22.65813707149113,63.74659729655431],[22.657932127049666,63.74637655461562],[22.657770194220223,63.74615673839241],[22.657662941267006,63.74593503101576],[22.657617116610933,63.74571929304562],[22.657637514565813,63.74551458226734],[22.65773456296546,63.74532692462509],[22.657924944644716,63.745163654754116],[22.658204520228633,63.74503644333212],[22.658561934521668,63.744930921084546],[22.658974775160182,63.74483999446364],[22.65942455309322,63.744757507384726],[22.660373758994115,63.74459572148523],[22.66084580057233,63.744505519887014],[22.661298006353714,63.744401246475],[22.661667241626127,63.74429407745299],[22.662005488631035,63.74417224411925],[22.66230675682516,63.74403642922418],[22.662563035023805,63.74388661186408],[22.66279086356097,63.74369942658294],[22.66295367639034,63.7434981806663],[22.66305361263977,63.743286925837744],[22.663069510966647,63.743186749706325],[22.663088205902106,63.743068952858685],[22.663048552338758,63.7428237488181],[22.662944667736767,63.74257519355021],[22.66279474240387,63.74232437617424],[22.662612263528025,63.74207211107142],[22.662406985139256,63.74181904533767],[22.66195284172186,63.74131293684213],[22.66146050236516,63.74081203659583],[22.661200932366555,63.74056656319389],[22.660929679562273,63.74032703995456],[22.660642494446584,63.74009644206152],[22.660333068056488,63.73987889262855],[22.659992610401506,63.73968001585468],[22.659609317672405,63.73950739289414],[22.659251743534057,63.73938981386069],[22.659154894946568,63.7393661988051],[22.658863391943385,63.73929511848087],[22.658451690241794,63.73922275741315],[22.658232019406924,63.739197608838126],[22.658022640473163,63.739173637937746]],[[22.550055247243975,63.74982021757146],[22.549643806324895,63.74977338204255],[22.549221595393167,63.74978035174322],[22.54881250622803,63.7498398792876],[22.548647589447153,63.74988766787689],[22.548471174172,63.74993878698916],[22.548158322892665,63.75007239207527],[22.547873332855712,63.750232439044524],[22.54761761778812,63.75041284450783],[22.547394787108697,63.7506093102294],[22.54721086893084,63.750819028841946],[22.547060246882918,63.751060211319334],[22.54695253240509,63.75131088463307],[22.546892276425705,63.751517719030055],[22.546793061915807,63.75160984649395],[22.546835524552943,63.75179274349431],[22.546828809633837,63.75182857125741],[22.546801692932235,63.75209146752729],[22.546794537538755,63.75235520062203],[22.546807774177005,63.752618793957986],[22.54684403072185,63.75288146207816],[22.546908191988425,63.753142515392625],[22.547004741873113,63.753402507011444],[22.54712685391855,63.75366063321704],[22.547266721310173,63.75391728364423],[22.547366355908736,63.754078956991016],[22.547894345258847,63.75493567742427],[22.548188233735733,63.755444192556396],[22.548314067519694,63.75569946535101],[22.548417514370023,63.75595601393019],[22.54849439581523,63.75621838981821],[22.548547731527123,63.75648218380278],[22.548583694121312,63.75674702123149],[22.54862113952551,63.75727878855124],[22.54863157985927,63.758079414673254],[22.54860065177416,63.75995477017872],[22.548600597272255,63.7602270326681],[22.54860054333573,63.76049178419956],[22.54862219159669,63.761028065477106],[22.548648367191923,63.761295211982784],[22.548690820584167,63.76156101131337],[22.548752760913313,63.76181987681606],[22.548833663111314,63.762076054794186],[22.54889777101406,63.76223990157747],[22.54893245324095,63.762328540996855],[22.549050032155414,63.76257583747084],[22.549189425481504,63.762815813332715],[22.54935608297984,63.76304551980358],[22.549558284876113,63.76326097077959],[22.549807708028915,63.76345686269508],[22.55012011344671,63.763626258552115],[22.550473048241194,63.76375332181979],[22.550878937845955,63.7638582771034],[22.551323925460675,63.763947386005945],[22.551796816770505,63.76402585605446],[22.553297872251886,63.7642398198614],[22.553802380041923,63.764316767928115],[22.554298051344432,63.76440312360112],[22.55483035994376,63.764513677887315],[22.555342251448103,63.76463806621495],[22.555830957836513,63.76477396735779],[22.556291237700098,63.76492007349218],[22.55671476735247,63.765076061552996],[22.557089395617343,63.76524260443947],[22.557398198346164,63.765421428181924],[22.557618340719387,63.76561541530308],[22.55773201807332,63.76582945110612],[22.557756313727545,63.76605795896306],[22.557715818816703,63.76629688469197],[22.557629120651374,63.76654318010433],[22.557510065739578,63.766794585795616],[22.55736883570503,63.767049453977876],[22.557212804012934,63.76730659599875],[22.556875831722948,63.767824589631466],[22.55564605841004,63.76964356990375],[22.55461611429388,63.77119750775024],[22.552243624646287,63.77481677761571],[22.551581691541895,63.77585528593166],[22.551274504366575,63.776378447897585],[22.551138731058593,63.776630524589734],[22.550885754403502,63.777137419835654],[22.55054123304803,63.77790242791654],[22.550342440705037,63.778413951410705],[22.55025965337552,63.77866954863318],[22.55019417573452,63.7789245476242],[22.550152958474836,63.77917838177279],[22.550145352113372,63.779430243002444],[22.55018369105628,63.77967899999358],[22.55027405615137,63.77991497393304],[22.550409012355523,63.78014642063369],[22.55057881315815,63.7803725966023],[22.550776647997832,63.78059209110601],[22.55099830023911,63.78080268883619],[22.551241924633484,63.78100117062183],[22.551507933491056,63.781183068944834],[22.551798989157646,63.78134235480743],[22.552120118253526,63.78147106092293],[22.55247891843252,63.78155883313194],[22.55290696434969,63.78159840025285],[22.553375087401985,63.781593549334836],[22.553872586275908,63.78155721127144],[22.55439140332892,63.781499514380855],[22.554925529260466,63.781428440321655],[22.556579925858774,63.78119387536769],[22.55810672185338,63.78099993997891],[22.55858815514418,63.78092930425662],[22.559041633555253,63.78084780039261],[22.559455840374362,63.780749417483904],[22.559816739287882,63.780626868744015],[22.560134202811454,63.78046120776546],[22.560390773526848,63.78026705535675],[22.56060340332742,63.780052232872244],[22.560785438931344,63.779822792535754],[22.56094750041455,63.77958341319532],[22.56139509610912,63.77883876041896],[22.561554879310215,63.77859009221564],[22.561731976293267,63.77834486668178],[22.561934994298436,63.77810538531654],[22.56217427386079,63.77787427177928],[22.562434739491543,63.77766985582907],[22.56272545611934,63.77747274207817],[22.563036488741194,63.777280810940056],[22.564005006603455,63.77671852094407],[22.564311297436394,63.776530231930266],[22.56459337311971,63.77633872347196],[22.564839322452777,63.776142032243804],[22.565034731091156,63.77593784639255],[22.565134351719887,63.775775055679034],[22.56517764893587,63.775704303531796],[22.56526008417701,63.77546162159168],[22.565298192602448,63.77521222649494],[22.56530427363358,63.774957971358646],[22.56528754183719,63.77470025738127],[22.565254775872173,63.774440132955675],[22.56515912924444,63.77391555841986],[22.564974515893326,63.773124567842444],[22.56482949367755,63.772597777632924],[22.564655374746255,63.77207368661647],[22.56455015672331,63.77181344819262],[22.56442682777533,63.771555009325276],[22.56428701216333,63.771307643581174],[22.56396314377723,63.77081745965819],[22.56343397765075,63.770088062222825],[22.563099480054532,63.76960295259606],[22.562952332474712,63.76936025284451],[22.562827732098444,63.769117272879285],[22.562734933112612,63.76887387440296],[22.562685810542696,63.76862991536065],[22.562690469059692,63.76842596864575],[22.562691691472352,63.76837243486685],[22.562747014403715,63.768114607495384],[22.562840208871016,63.76785690032077],[22.562963315592324,63.767599838603395],[22.563111509059024,63.76734405672689],[22.56328274417092,63.76709034844944],[22.56347757275479,63.76683973496808],[22.563699096438054,63.766593544369776],[22.563953038525117,63.766353496539374],[22.564236493441726,63.766126621606475],[22.564547883735873,63.76590558562185],[22.5648782978093,63.76568872221721],[22.56625049285223,63.76483977459319],[22.56657225299642,63.7646277284192],[22.566868717255293,63.76441411269516],[22.567127833257338,63.76419797219161],[22.56733405141745,63.763978157781665],[22.567467248138644,63.76375325191871],[22.567511023545862,63.76352759061409],[22.567483921632125,63.763297085665265],[22.567404032992908,63.76306313084666],[22.567284986108177,63.76282689625579],[22.56713672908216,63.76258940814861],[22.56696615794245,63.76235163571759],[22.566777591163504,63.762114574023634],[22.56657310085811,63.76187933419881],[22.566352681466213,63.76164724662453],[22.566114295050834,63.76141997379531],[22.56585376439772,63.76119964816202],[22.565564549401994,63.76098902885288],[22.565504769594874,63.760952971018334],[22.565237384414726,63.76079169006551],[22.564857940230965,63.76060755253385],[22.5644402587609,63.76043711938333],[22.56399530179982,63.76027659671184],[22.56382524459704,63.76022022839409],[22.563531784494582,63.76012295585982],[22.561622690119563,63.75953202800733],[22.56116163484376,63.75938003359664],[22.560721444575552,63.75922158262462],[22.560312519571884,63.75905330073513],[22.55994855329221,63.75887077159361],[22.55963883608273,63.758668328337414],[22.559377850801013,63.75845038019271],[22.559152795019422,63.75821931615072],[22.55893802219142,63.75794850045583],[22.558727634555385,63.75763890923948],[22.55852500217101,63.757306683337795],[22.558333819084936,63.75696786212965],[22.558002761798374,63.75633388926153],[22.557703006424205,63.755728500773685],[22.55767088046374,63.75568285676078],[22.55725472018463,63.7553276885593],[22.555536148193244,63.75386088037176],[22.55342469420726,63.75203613308306],[22.55320372523634,63.75184515411628],[22.55263588027421,63.75136243814584],[22.55205490276309,63.750890765360055],[22.55175590343671,63.750664091402726],[22.55144830529421,63.75044798137643],[22.551129032816345,63.750247432605605],[22.550794082411564,63.75006928560252],[22.550438317406734,63.749922776951266],[22.550055247243975,63.74982021757146]],[[22.621969564138865,63.80219348173985],[22.621361319053644,63.80186449992815],[22.620994705797322,63.80167329883413],[22.62061957943729,63.801493092163355],[22.620230686833754,63.80132997483005],[22.61982171630015,63.80119153788746],[22.619384899521684,63.801087400328136],[22.618983604908077,63.801032249396805],[22.61856336251844,63.80100654376259],[22.618131819861215,63.8010071839157],[22.617696033766375,63.801032541275276],[22.617180228785664,63.80109216414571],[22.616669254138618,63.801173860430616],[22.615668501514744,63.80136094185432],[22.61518362175381,63.80144638898754],[22.614713870730146,63.801512401781245],[22.6142644415312,63.80154663544431],[22.613842209049743,63.80153424223215],[22.613470374267497,63.80146808956824],[22.613122265901072,63.801358030591146],[22.61279045546444,63.8012160456067],[22.612468685713495,63.80105176176117],[22.612151482322684,63.80087302830824],[22.611510450976766,63.80049779465437],[22.611176117129666,63.80031257756371],[22.61082458900649,63.80013632904219],[22.610448561900906,63.79997506587362],[22.61003919072117,63.79983565779093],[22.60957306641017,63.79971929036384],[22.60907549924972,63.799624302973214],[22.60804208839521,63.79946101704069],[22.607533196969673,63.79937522690671],[22.60704881236585,63.79927467683942],[22.606640035064334,63.79916342107192],[22.60626910981165,63.799035211056015],[22.60594203126457,63.798892827138395],[22.6056681366262,63.79873811229129],[22.605460669996287,63.79857204326572],[22.605337460137065,63.79839477820759],[22.605313240276157,63.79819883427287],[22.60537526165821,63.79799333027687],[22.6054995506283,63.79778075028756],[22.605666654298346,63.797563019389926],[22.60627290148284,63.79689266742292],[22.60646578500838,63.79666711240937],[22.60663155671075,63.79644223317953],[22.60675427479035,63.796219274596496],[22.6068148482308,63.795999808104085],[22.60679662128303,63.79578399140632],[22.60670665903048,63.79557767046606],[22.606555166434518,63.79538569452594],[22.606347414774902,63.79521428448884],[22.606083945603206,63.795071446397024],[22.60576063069247,63.79496744702525],[22.605354127584448,63.79490883048386],[22.60489242199995,63.79489225091096],[22.60439088731958,63.79490613394952],[22.603861041265915,63.79494159732003],[22.60331139493686,63.794991869825886],[22.602748160672686,63.79505180674777],[22.6004320321468,63.79532151047849],[22.598730808150243,63.7955001299752],[22.5981831739312,63.79556296946052],[22.597649074075363,63.795636760730424],[22.597134480752445,63.79572816221857],[22.596631123160133,63.79584589490142],[22.596148970234452,63.795983735496016],[22.59568260044208,63.79613634903885],[22.59522817519076,63.7962996580772],[22.594783298966142,63.79647059208668],[22.593919469329183,63.79682683519694],[22.593502771421562,63.797009293285555],[22.593100502260484,63.79719342311178],[22.592718480201956,63.79737867625169],[22.59236521308703,63.79756471872853],[22.592052636202947,63.79775138077425],[22.591797022369505,63.79793862443344],[22.591620135069135,63.79812651767851],[22.59155059504022,63.79831522219746],[22.591605007227955,63.7984939187327],[22.59175750305447,63.79867283571492],[22.591984698774045,63.798851267639975],[22.59226882534269,63.79902847931123],[22.592596748453584,63.79920365343827],[22.592959093781943,63.79937584141756],[22.593349548977812,63.79954391500523],[22.59379817494906,63.79972033570499],[22.594264497326648,63.79989230687792],[22.595682620369935,63.800397680831516],[22.59613334934624,63.800567612768965],[22.59655605775448,63.80074098833046],[22.596936719847516,63.800919830199476],[22.59725715380051,63.80110662223556],[22.597493630570796,63.8013044647744],[22.597616462133736,63.80149572128939],[22.59765451909254,63.80169445109409],[22.597611969637633,63.801896237789585],[22.597488805558594,63.80210125281228],[22.59730077393652,63.80230467430476],[22.59706315176089,63.80250604528453],[22.596787030752,63.802704805243785],[22.59647999681003,63.802900236285794],[22.596146692376024,63.80309140387177],[22.595789217513154,63.80327710162504],[22.595379371847315,63.8034697521833],[22.594950154944044,63.803656448801654],[22.594508314876744,63.80383893668434],[22.59270882811359,63.804553075741744],[22.592270832802026,63.80473352531368],[22.591846500860484,63.80491740236074],[22.591441986805037,63.80510651707971],[22.591065188958922,63.80530316999256],[22.590726316894678,63.80551030866252],[22.59043736443863,63.80572716375799],[22.59018542599863,63.805954346880334],[22.58996069685244,63.80618912277972],[22.589755667357593,63.806429400826744],[22.589383433555444,63.80692056601213],[22.58903862442766,63.80741957133694],[22.587875232081753,63.809183038577636],[22.587193349794564,63.81019358776462],[22.58648402105947,63.81120470448215],[22.585575825580694,63.81244793090587],[22.58555740701511,63.81247550665159],[22.585415787346648,63.81268752932699],[22.58528763254889,63.81292407862163],[22.585209962003102,63.813156998406264],[22.58520573257622,63.813385154757114],[22.58528439097014,63.813590639022436],[22.585432399952573,63.813789414746616],[22.585636336512916,63.81397966198182],[22.58588677282502,63.81415866804316],[22.58617779541284,63.81432263748042],[22.58650662806651,63.81446643688144],[22.586873357437067,63.81458329425869],[22.586935383861793,63.814595990880946],[22.587302300852116,63.81467110070024],[22.587757442971007,63.81472440146357],[22.588221284000234,63.81474595962141],[22.58867716279433,63.81473573119817],[22.589108140195854,63.81469083639873],[22.589495885188775,63.814605422137696],[22.589822476488663,63.81447658073354],[22.590102540670717,63.814311978379905],[22.590349222004573,63.814121460024246],[22.590573563747785,63.81391272314247],[22.590785129014893,63.81369182135604],[22.59120437374065,63.81323208265355],[22.591429117842942,63.81300079172851],[22.591676367272438,63.81277305828173],[22.591968265603985,63.812540747472326],[22.592289189622775,63.812315171694046],[22.592633465381436,63.81209587055343],[22.592997375657742,63.811882946961],[22.593378967224865,63.811677167313505],[22.593777954210918,63.81148009787478],[22.594195666087554,63.8112942811768],[22.594635074080806,63.81112347055481],[22.595100872559474,63.81097291670328],[22.595570740742684,63.810853087606255],[22.59605985795569,63.81075360873714],[22.59655877246405,63.810671895083566],[22.597058409469312,63.81060703650897],[22.59754939743003,63.81055981314201],[22.598021384248632,63.81053278868127],[22.598462261679998,63.81053049620393],[22.598857356301522,63.81055970746789],[22.599188499571984,63.81062979831394],[22.599455705838913,63.81075799892456],[22.59964879241791,63.810930880025566],[22.599786437552478,63.81113604403178],[22.59988225884403,63.811364118720384],[22.599945645222014,63.81160810839958],[22.59998243645328,63.811862847382685],[22.59999538128732,63.81212455457593],[22.5999844491294,63.812390478885355],[22.599946955814463,63.81265861446417],[22.59988265814061,63.8129197710324],[22.59979636728709,63.8131810962431],[22.599694192400086,63.8134422918925],[22.599459358747218,63.813963789771826],[22.59868366926852,63.815521594691184],[22.59845372576367,63.81603796713119],[22.598358364359523,63.81629453968082],[22.59828428387727,63.81654913198827],[22.598240409125317,63.816800655302565],[22.598238696906698,63.81704755418983],[22.598294981596705,63.817287656996825],[22.59838206255436,63.81744461175995]],[[22.65468527296022,63.78769128261077],[22.654703990913255,63.78767761299376],[22.655354085722536,63.787226604901704],[22.659003197557478,63.78476345093145],[22.660656896966394,63.783636867627344],[22.66101975363214,63.78337239413674],[22.661397712837715,63.78308092804328],[22.66177032563,63.782775641632995],[22.662117162285497,63.782469711541665],[22.662418275545484,63.78217637223312],[22.662655244445926,63.781909038168315],[22.662813307531678,63.781681555829586],[22.662882115600148,63.781530550297134],[22.662900417770448,63.781430156785085],[22.662876961284887,63.78139103823268],[22.66294897769191,63.781351574876936],[22.66316750060405,63.78125037785522],[22.663506058678394,63.781108796810834],[22.663939420692763,63.78094807386057],[22.66444274754711,63.78078963198201],[22.66499132618489,63.78065552831613],[22.66556032821763,63.780568705007305],[22.666124097083344,63.780547670917045],[22.6666502774867,63.78058931516804],[22.66710524654935,63.780682808193475],[22.66746725040544,63.78081497259907],[22.667773571888013,63.78096949483543],[22.668017066627243,63.78114283688255],[22.66817680873714,63.78131667502663],[22.668519616182266,63.78185415224059],[22.66867095062278,63.782014714063955],[22.66888242013391,63.78215326422377],[22.66917935670403,63.78226545209042],[22.669545630960478,63.78235269019801],[22.669963680927275,63.78242042324154],[22.670419863069377,63.78247249220621],[22.670903613374282,63.782511357273265],[22.67140673791534,63.78253824459768],[22.671922802234608,63.782553244813116],[22.672446643227108,63.78255534150289],[22.67297393509132,63.78254239185658],[22.67353563915967,63.78250998091988],[22.674094743463957,63.78246141487761],[22.674648982855928,63.78239990172056],[22.675195684018966,63.78232729771854],[22.675731466457016,63.78224421442686],[22.676251912892116,63.78215007353724],[22.676751206330284,63.78204307443021],[22.67722168826207,63.78192010632422],[22.677653369863666,63.781776596086495],[22.678055034874877,63.78160052461783],[22.678415124970247,63.781403060710694],[22.67874516634305,63.781190253522944],[22.679053857140303,63.78096663608575],[22.679347660916584,63.7807355559966],[22.679907977042273,63.780260049593664],[22.68071393555818,63.77953233193214],[22.681484100010337,63.77879922992555],[22.681724750518857,63.77855379078684],[22.681950639431324,63.778307338096106],[22.682155222075572,63.77805934226324],[22.682329630695904,63.777809080047895],[22.682462081725614,63.77755559162354],[22.682539740685908,63.777311899991616],[22.682578483972215,63.77706527572108],[22.682587766574816,63.77681656940432],[22.68257448419357,63.77656646502624],[22.68254335765884,63.77631553105099],[22.682497215834182,63.77606425767108],[22.68243719798634,63.775813102426795],[22.682362847617036,63.77556252807553],[22.682272129710263,63.77531303636592],[22.682161354638744,63.77506521429478],[22.68202505720927,63.77481572008488],[22.681868998044465,63.77456820269367],[22.681697966778863,63.77432235341758],[22.681515206210506,63.77407802667144],[22.681120899491788,63.773594181937796],[22.680909559183444,63.773355246284886],[22.680822246247686,63.77326261106365],[22.680686938025715,63.7731190501578],[22.68045009223933,63.77288648423393],[22.680194641235115,63.77265877455766],[22.679914542736466,63.77243754500109],[22.679611587548187,63.77222836262291],[22.67928582404798,63.772025182119876],[22.678591929139117,63.77162986202728],[22.677516606959937,63.77104476538367],[22.677164651546562,63.770847287824864],[22.676822407646135,63.7706466108527],[22.676499661958555,63.77044609113323],[22.676187276635233,63.77024221815911],[22.675583346172466,63.769827755205554],[22.67410848038439,63.76878003227857],[22.673497190935983,63.768367217929615],[22.673155775814354,63.7681496367461],[22.6724505570425,63.76772110778899],[22.67214093803342,63.76754060163518],[22.671362694565275,63.767086874395],[22.668784316078565,63.765613685148175],[22.66766559929165,63.76498259701449],[22.666903652208635,63.764565696172774],[22.666513245919155,63.76436018180203],[22.6661132558885,63.764158020610424],[22.6657035748947,63.76396125991003],[22.665283809524308,63.76376848084252],[22.66442121026403,63.763394092827056],[22.663980267569997,63.763213564641376],[22.66353317683246,63.763039380212305],[22.663079458894536,63.76287408811416],[22.662618115132748,63.76272142234167],[22.66214760885947,63.76258662088934],[22.66166584840902,63.762476838777],[22.661170180522266,63.762401652185424],[22.660702402715568,63.7623707521191],[22.66022964962678,63.762373507654004],[22.65976154778101,63.762406313498204],[22.659308511024125,63.76246786808412],[22.658882387757078,63.76255909778991],[22.658487172147993,63.762683682445974],[22.658134142004084,63.762834590473325],[22.657826361908334,63.76300607823488],[22.65757064384572,63.76319411888134],[22.657378024600455,63.763396111099496],[22.657259937170227,63.76360576068892],[22.65720361726503,63.76382245636869],[22.65719943361733,63.76404176245211],[22.657241962465115,63.76425953637467],[22.6573297315843,63.76447162612021],[22.65746511911139,63.76467359117261],[22.657654385947755,63.76486041309264],[22.657907864188058,63.765026208081366],[22.658272119784424,63.76518048223022],[22.658701791593987,63.76531064695081],[22.65917040725741,63.765425478250684],[22.660132857706547,63.765639434219004],[22.660582484034588,63.76575296659768],[22.660978968169296,63.76588109664691],[22.66129350131494,63.76603281818706],[22.661501580295226,63.76621331904192],[22.661624052086804,63.7664189339746],[22.661683325858267,63.7666430104127],[22.66169644037317,63.76688044378596],[22.66167609092629,63.76712736601498],[22.661631486255725,63.767380869296076],[22.661569045129063,63.76763878167335],[22.661492914745434,63.767899478586884],[22.661307025468762,63.7684245738482],[22.661197035767266,63.76868721935042],[22.661073055644902,63.76894895793498],[22.660937983944127,63.76920030250618],[22.66079049353009,63.769450356825644],[22.660633587781955,63.7696992706709],[22.66029854982207,63.77019394134736],[22.659938469823622,63.77068407312016],[22.65974730637687,63.77092695662468],[22.65954617226126,63.771167891650705],[22.659331994753416,63.77140631629426],[22.65909724757109,63.77164672798258],[22.658849316500763,63.771884613239195],[22.658591849591403,63.7721206474156],[22.658058733245127,63.772589104644474],[22.656417088514576,63.77398529655084],[22.655881187399817,63.774452612397255],[22.655367195679208,63.77492407640408],[22.65512395623721,63.77516244058143],[22.65489194565025,63.77540418533773],[22.654455623369532,63.77589299460313],[22.65383899412687,63.77663347934033],[22.651660759463823,63.77936452658491],[22.651054834406988,63.78010682524405],[22.65063207617357,63.78059769763356],[22.650409721912926,63.78084080008838],[22.650176179884745,63.78108152199845],[22.649927394629568,63.78131900009824],[22.649666925451267,63.781546785286096],[22.649106152573,63.78199389493095],[22.6485139029673,63.78243435700908],[22.646995706928422,63.78352811620021],[22.646403188068675,63.78396926864453],[22.646117176659473,63.78419221697283],[22.645841708733894,63.78441757541326],[22.645341881599435,63.78486340119333],[22.644875977701897,63.78531651243126],[22.644434741588906,63.785774057609395],[22.644019328066573,63.78623489682441],[22.643824658290157,63.78646658536352],[22.643642096223456,63.78669930857789],[22.643475466499943,63.78693332327],[22.643329837611176,63.78716899307922],[22.64321175407667,63.78740679909589],[22.643120940274788,63.78766294408922],[22.64305531280492,63.78792096436984],[22.642944883315298,63.788438137061256],[22.642873661360746,63.78869507029823],[22.64277291175329,63.788949282223584],[22.642638501485113,63.78918850033473],[22.64247214366471,63.78942482226331],[22.64228165773542,63.78965894553831],[22.642073053202875,63.78989138981675],[22.64161827300174,63.79035259014613],[22.641130047330616,63.79080987855679],[22.640615918358904,63.791262851752805],[22.640071263461348,63.791709108619216],[22.639782689852726,63.79192828733491],[22.63946600669818,63.792153961044015],[22.639136983702304,63.79237657455692],[22.63845398297956,63.79281579158688],[22.637394748760503,63.79346693987404],[22.63560450543099,63.79454628954124],[22.63490794956847,63.794977489520036],[22.63457445248025,63.795192930123214],[22.634257920108478,63.79540818444071],[22.63396630726807,63.79562315908119],[22.633710500248824,63.7958377263312],[22.633505189992007,63.79605171914219],[22.63336994411138,63.79626491594128],[22.633330481066032,63.79647703332452],[22.633400225446348,63.79667591863688],[22.633555752274912,63.79687387276136],[22.633774005468585,63.797071193152206],[22.63403662850612,63.797268144338965],[22.634328825191712,63.79746497559978],[22.634349086684782,63.79747776825757]],[[22.594381156280704,63.791436870160126],[22.594849695233997,63.79143529016045],[22.595318000383752,63.79146222477044],[22.595777440934622,63.791514173637545],[22.596218563682168,63.79158961897528],[22.5966304987186,63.79168893908065],[22.597000331162313,63.79181438284999],[22.597316369330173,63.79196636663205],[22.59759192136622,63.792138489679886],[22.597841256499958,63.79232224521953],[22.59831216908658,63.79269344546395],[22.598558538465863,63.792865019462205],[22.598830021194402,63.793015299885305],[22.599142368820605,63.79313333076101],[22.599542321157152,63.79321495755073],[22.599995581810035,63.79325589689964],[22.600488725284837,63.79326643000939],[22.601011383451905,63.79325448612065],[22.601555649194115,63.79322610258068],[22.602115571266918,63.79318582116464],[22.602688444018913,63.79313682629158],[22.603336705394984,63.79307446032963],[22.60484328446653,63.79291639939933],[22.608174666626052,63.792546192665284],[22.608483119232464,63.79251298833753],[22.608587838943123,63.792505477706726],[22.60862855329115,63.7924608149725],[22.609028247361945,63.79213092446144],[22.60932035933757,63.79187877815443],[22.60963317249613,63.791590073175726],[22.609936192502452,63.791280965037465],[22.61019783737988,63.79096773995632],[22.61038504490734,63.79066685589238],[22.610463650535973,63.79039490269983],[22.610399776224252,63.7901684383528],[22.610199326665246,63.78998738441802],[22.609907359915542,63.78981711705611],[22.609551983754358,63.78965399585172],[22.6091538580357,63.78949537814658],[22.608728258737223,63.78933923778818],[22.607390163576003,63.788870725710126],[22.606949554286153,63.78871033178722],[22.606523139737668,63.78854577143459],[22.606118290428437,63.78837569077773],[22.605727167020657,63.788193887615684],[22.60499099081051,63.78783798866568],[22.604623696126573,63.78767999901199],[22.60424262237391,63.787547827532805],[22.603836404790627,63.78745308114824],[22.603400265432782,63.78740396873332],[22.602941900180973,63.787386455232074],[22.602014350700397,63.787378815717574],[22.601573874587714,63.787356440509384],[22.601170746414724,63.78729889236668],[22.600858029047103,63.78720728253674],[22.600584305314026,63.78708232730765],[22.600346542841685,63.78693162026511],[22.600144425768065,63.78676117106208],[22.59998044490586,63.786575687797054],[22.59986005899826,63.786378820198074],[22.599791982053667,63.786173376078196],[22.599784660952608,63.78595015907683],[22.599833293500804,63.785722633282326],[22.599926427945547,63.78549323874395],[22.600056484104,63.785264238808],[22.600219349601293,63.7850379100881],[22.600414137119756,63.78481674273127],[22.60064310301587,63.78460363570943],[22.60091170059082,63.784402115091005],[22.60119299882498,63.78423354433313],[22.601510484393202,63.78407906892183],[22.601863325432994,63.78394063304086],[22.602333734061098,63.78379712394185],[22.602843070969826,63.78367461359756],[22.60338058836974,63.783568453736315],[22.60393850489291,63.783475500923345],[22.604511353144723,63.78339389523082],[22.605095469025752,63.78332289448311],[22.60565684349883,63.78326496945693],[22.606222978635987,63.78321377924218],[22.608482158974393,63.78303100540101],[22.60903182054474,63.782980597830786],[22.609568125546833,63.78292366057807],[22.610085650134838,63.78285704194685],[22.61057733731842,63.78277676109956],[22.611034031383216,63.78267773497039],[22.611443951239377,63.7825534799419],[22.61179667211983,63.78239954516718],[22.6121041168818,63.782221041968974],[22.612379305527714,63.78202495255561],[22.612632933870827,63.78181700060777],[22.613351026196508,63.78116792180203],[22.613602620340053,63.780957088066714],[22.613874575420652,63.78075644673416],[22.614177372412893,63.7805714403363],[22.614523722250148,63.78040867060344],[22.614930631124455,63.78027153080597],[22.615383644523664,63.78015885593947],[22.615871006919853,63.7800655346598],[22.61638368172899,63.77998803806394],[22.616914821440076,63.7799242201417],[22.617459323671795,63.779873180176764],[22.61801343992962,63.77983516541172],[22.61857448350984,63.77981152887732],[22.619073890655795,63.77980334048389],[22.62058146613169,63.77981107730486],[22.62108327196963,63.7798103215358],[22.621582930501628,63.779800725115436],[22.622103180200355,63.77977718831215],[22.622618710290194,63.77974010081224],[22.62312815276101,63.77969014125002],[22.623629745955192,63.77962716000064],[22.62412124598685,63.779550160314855],[22.62464124451357,63.77944995920541],[22.62514990005978,63.77933600286999],[22.625650316836303,63.77921223622736],[22.626144969809776,63.77908180199004],[22.628102003784605,63.77853989354876],[22.628593405327777,63.77840951369498],[22.62908879540305,63.77828560848557],[22.629590147510832,63.778171075062296],[22.630099880641154,63.778069503709766],[22.630621003197884,63.777985377298045],[22.631076594468517,63.77792979374029],[22.631540085796324,63.77788460279702],[22.63248001042143,63.77780203389634],[22.63302099310678,63.77774701184367],[22.633561715103163,63.7776846942234],[22.6341015023179,63.77761638757877],[22.635174715232193,63.77746495757942],[22.635705596853295,63.777382343382065],[22.636230184479512,63.77729471072071],[22.636745771293963,63.777201101149274],[22.637248723127477,63.7770999438151],[22.637734199485593,63.776988940942104],[22.638195843439473,63.776864918211345],[22.638625389413935,63.77672364119146],[22.639031197967423,63.77655480965661],[22.63940272306824,63.77636771424461],[22.639749174633714,63.7761672737895],[22.640077591979598,63.7759572283461],[22.64039328278241,63.775740388054466],[22.64070021585533,63.77551883923853],[22.641298827559204,63.775067321247676],[22.64308001746,63.77369658999399],[22.643696738321097,63.7732446845456],[22.64434367395196,63.772800879874694],[22.644684637260514,63.77258389140709],[22.645046681578116,63.77236745143883],[22.64542041603792,63.77215439283753],[22.64694007520972,63.77131318265222],[22.647299882989124,63.771100901844335],[22.647636949555693,63.7708859706177],[22.647940005415478,63.77066731865225],[22.64819418603605,63.770443715845204],[22.648379956454733,63.77021373891434],[22.64848084334526,63.76997629620629],[22.648508378865284,63.76973544464984],[22.64847698399832,63.76949596211993],[22.648395241659603,63.76926316298063],[22.648266356796533,63.769043353425296],[22.648088348981922,63.768844361413514],[22.647853961508375,63.768676152415104],[22.64755033879143,63.76855153701786],[22.64724504375215,63.768490736311094],[22.646896219552946,63.76846250687222],[22.64651578121555,63.76846177668056],[22.646113675233654,63.76848505501313],[22.645598551379464,63.768542617750526],[22.645070249298474,63.76862430900082],[22.644533921316665,63.76872313906795],[22.643993335502046,63.768834048897766],[22.643451315812815,63.76895350532743],[22.64291010877111,63.76907917772872],[22.6418379460456,63.76934454053051],[22.641311077089572,63.76948384942932],[22.640793664588493,63.769628471802626],[22.640288981117926,63.76977993174744],[22.63980122618482,63.769940485393555],[22.639360229779722,63.77010171670092],[22.638933579339835,63.77027061550591],[22.63851671288011,63.770444614659965],[22.637287066605065,63.770976308584075],[22.63687245645039,63.77115029266307],[22.63644918882237,63.77131911465023],[22.6360126851663,63.77148013198848],[22.635572234348725,63.77162694624823],[22.635117530110918,63.771765050983795],[22.63465104388361,63.77189549099376],[22.63417438257117,63.77201866188155],[22.63368837029508,63.77213430712574],[22.63321004096095,63.772238405605655],[22.6327247341203,63.77233504580938],[22.632233593594666,63.772424019603164],[22.63173730967332,63.772504413764665],[22.63123617000374,63.77257454409051],[22.630730100553272,63.77263184874748],[22.63021869387508,63.772672758762944],[22.629692169817137,63.77269431534034],[22.62916186538547,63.772697478998715],[22.628630112269747,63.77268443673661],[22.62809922033684,63.77265611269374],[22.627571622598737,63.772612216600685],[22.627020261704914,63.77254866634675],[22.626474437685527,63.77247114389977],[22.62593357865373,63.77238347349118],[22.625397778159005,63.77228847466438],[22.624867911088796,63.77218814561115],[22.623834377338905,63.7719762339169],[22.62333812772461,63.77186566255937],[22.62286336992945,63.7717518820061],[22.622418858313335,63.77163419564433],[22.62201644138021,63.77151139504532],[22.621671889840478,63.77138168625737],[22.62140588935673,63.771242588723204],[22.621245195778435,63.77109080763312],[22.62121123091783,63.77091544737839],[22.621283965900687,63.77072666518778],[22.62139035570391,63.77057722724551],[22.621425013592017,63.770528544462834],[22.621783508637296,63.77011659029504],[22.62194207965326,63.76990755984159],[22.62204661812326,63.7696991858863],[22.62206280981707,63.76949335914864],[22.621969091911073,63.76929882091994],[22.621784918868574,63.76910830741826],[22.62153347931213,63.7689218524505],[22.621233222547758,63.768739709017865],[22.62089900424734,63.76856236350136],[22.620543159214357,63.76839053501878],[22.619860373314438,63.768073870108395],[22.619825337507336,63.768055065844514],[22.619555114051334,63.767910033146386],[22.619303684387628,63.76773441454052],[22.619118282138583,63.76753370498363],[22.619000978880628,63.767317738466],[22.618937753186508,63.767090547009744],[22.61891871107585,63.76685532701142],[22.61893757854982,63.76661461984137],[22.61899132053978,63.76637046300177],[22.619077343618116,63.766125660794536],[22.619188571198933,63.7658796715899],[22.61945994643389,63.76538558300465],[22.620079858894318,63.76439411007803],[22.62037836722926,63.763898742723356],[22.620512501544628,63.7636518384426],[22.620629587628517,63.76340598000255],[22.620722378000334,63.76316179214715],[22.620781353447086,63.762920170380035],[22.620797261589697,63.76268975538746],[22.620771674797215,63.76246526370421],[22.620703196468135,63.762249616031426],[22.620586895864268,63.76204650751212],[22.620413985164586,63.76186063073424],[22.620171366690617,63.7616979235314],[22.619824675747132,63.76155495339758],[22.619405087141185,63.761437485772554],[22.618933763554615,63.761338039251605],[22.618427445464306,63.76125056510617],[22.616823884942864,63.761012256028465],[22.616295975682753,63.76092652725241],[22.615788503187783,63.76082998738654],[22.615313403808486,63.76071695673918],[22.614884950865314,63.760580478361284],[22.614530128629625,63.76042323812104],[22.614218802926,63.76024409496845],[22.613938940976052,63.7600488806711],[22.61368077279499,63.75984224703595],[22.61343624502857,63.759627927114444],[22.612719945383706,63.758967138815095],[22.612467871546347,63.75874869324728],[22.612199614505656,63.75853477247075],[22.611904631547446,63.7583217187837],[22.611294325445154,63.75790598462551],[22.611004845468994,63.75769797648939],[22.61074504280818,63.75748619098568],[22.610532183664528,63.757267526992145],[22.610380319484644,63.757039470531716],[22.61028140961035,63.75680384000328],[22.610224598764386,63.756563005328864],[22.61020245726896,63.75631894542562],[22.61021055805346,63.756073369297155],[22.61024715707359,63.755827824979235],[22.610312982374303,63.75558380189823],[22.610411091380925,63.75534282541266],[22.61051785399193,63.75514539974146],[22.610749379552107,63.75475313600736],[22.610844765720135,63.754554754740035],[22.610922323704813,63.75430002380916],[22.610959077648232,63.75404041690935],[22.610965334204298,63.75377704567694],[22.610949016177475,63.753510786335404],[22.610916033739173,63.75324234766465],[22.61081548154325,63.75270136989385],[22.6106808741134,63.75215933663932],[22.61060066120153,63.75189022114912],[22.610509182532976,63.75162430432477],[22.6104025333615,63.751363774026224],[22.6102749051128,63.751111704040916],[22.61011814377786,63.750872361561136],[22.609921167565652,63.750651610152424],[22.609723916948465,63.75049134477468],[22.609492808429103,63.750352326597216],[22.60922816254207,63.75023975270863],[22.608928455471986,63.7501604172708],[22.608519160642103,63.750115749946744],[22.60807300095043,63.750117811090675],[22.607606582749305,63.75015592026717],[22.60713487529036,63.750222760045666],[22.606672333061976,63.750313933745836],[22.606234002508135,63.75042764947778],[22.6058366298415,63.750564540874194],[22.605499775224196,63.75072760398983],[22.60528929557338,63.75087488984139],[22.605114083921347,63.7510366586091],[22.604959840201282,63.75120902513305],[22.60462617994628,63.75161808560977],[22.604223310405043,63.752086794225846],[22.60400426764178,63.752321813071525],[22.603770098638858,63.75255476769299],[22.60351689695695,63.752783780201646],[22.603239331696702,63.753006771842934],[22.602936036788805,63.753220153126875],[22.60260947896696,63.75342693372606],[22.60226556948797,63.75362834323146],[22.601908818990946,63.753825154034644],[22.601169227893223,63.7542057905444],[22.600790387103785,63.75438879522507],[22.60040696128905,63.75456543840098],[22.600019261479495,63.75473375162866],[22.599627006776963,63.75489090147024],[22.59922932840129,63.75503299451411],[22.598824722344283,63.75515482148685],[22.598410954956954,63.7552495648611],[22.597984957023634,63.755308450366925],[22.59758532493194,63.75532551230818],[22.597174333393692,63.755317386817545],[22.596322924015723,63.75527356465203],[22.595883217611348,63.75526061847742],[22.59547196782734,63.755265761893384],[22.595057168195172,63.755289437393266],[22.594534319123294,63.7553457247703],[22.59401293271355,63.75542566959007],[22.593492844945775,63.75552312094712],[22.59297383823541,63.7556333404958],[22.592455684328502,63.75575272685663],[22.591421016303716,63.75600887737799],[22.589870207409962,63.75641376395801],[22.58625164739357,63.75737811044043],[22.585232896346408,63.75766024752919],[22.584733579899513,63.75780540388283],[22.58424566815778,63.75795514293677],[22.58377438666353,63.75811149781595],[22.58332682948944,63.758277187464934],[22.582912480493523,63.7584558025792],[22.582566749322197,63.75863505348206],[22.582253683686314,63.75882601993744],[22.581969506302883,63.759026239708156],[22.58171288978453,63.75923397210248],[22.581484937356173,63.759448113795855],[22.581289258025535,63.75966812113891],[22.581132141410254,63.75989397057957],[22.581010528009354,63.76014685544652],[22.580930881606168,63.760405069404705],[22.58088214309647,63.7606669667846],[22.58085642869282,63.76093130770568],[22.580848499380295,63.761197158200666],[22.580855355530595,63.76146379506925],[22.580875999800664,63.76173063836715],[22.580911291536953,63.76199718310323],[22.580963956307656,63.76226295187757],[22.581038692535746,63.76252743700956],[22.58113491693936,63.76277921774344],[22.581251303571964,63.763029579730805],[22.581383235096414,63.7632787129968],[22.58168255422368,63.763773573251534],[22.582022772395696,63.764263342591704],[22.582400589621663,63.7647417240279],[22.582809249471296,63.765214181287874],[22.583023500636145,63.76544799621723],[22.58347471896192,63.76590909390213],[22.58371490810597,63.76613515555593],[22.583968190372055,63.76635705094209],[22.584702508020058,63.7669525033839],[22.58492673359979,63.767153974806874],[22.585138762961584,63.76737488812978],[22.585328836119064,63.76760032375221],[22.585860856349974,63.7682846706629],[22.58605558317494,63.76850928566242],[22.586275314621492,63.76872879119979],[22.586550009113168,63.76895896204794],[22.58685487878543,63.769182887709604],[22.587179124434122,63.76940271403803],[22.588176092603415,63.770055422073185],[22.58848634405109,63.77027640768161],[22.588768258319817,63.77050227776395],[22.58900854851177,63.77073543607198],[22.58919127662338,63.77096907083596],[22.58933602589913,63.771209587148945],[22.58945617215218,63.77145482429552],[22.58967155363198,63.771951269364806],[22.58978032196612,63.77220196653397],[22.589911014339954,63.77245001006589],[22.59007133066212,63.77269994028658],[22.59025527245908,63.772947596032715],[22.59045699142782,63.77319352012333],[22.590671969243395,63.77343814237687],[22.591128764632412,63.77392475291845],[22.59185133862023,63.774651138556266],[22.593584668994087,63.776343458199264],[22.59406057433202,63.776828766167384],[22.594285069346704,63.77707221080522],[22.594494508505115,63.77731641192677],[22.594682158304728,63.77756159705722],[22.594786646720753,63.777725869682385],[22.594838917441333,63.777808047223346],[22.594952638904974,63.7780561040977],[22.59501038264084,63.77829425810023],[22.595020671128232,63.77853259653284],[22.594985943725202,63.77876942827794],[22.594904903193758,63.77900291646284],[22.594772442036152,63.779230963819906],[22.59458093662498,63.77945490867384],[22.59434206015123,63.779671696759586],[22.594067032449225,63.77988182919524],[22.593764093372496,63.78008535908589],[22.59311979691027,63.78047809715421],[22.592813197517483,63.780678823425326],[22.59255216515586,63.78087680827283],[22.592313660602102,63.78108175187548],[22.591648770817017,63.78171505881165],[22.591417663027773,63.78192543036515],[22.591186020316126,63.782120717111354],[22.590664823005024,63.7825415130904],[22.59046730264186,63.78270098005114],[22.590244189296794,63.78289729078873],[22.590042702449725,63.78309766605528],[22.58985840273439,63.78331760013198],[22.58970065582607,63.78354264422654],[22.589562049875752,63.783771459421395],[22.589436410003227,63.7840029577029],[22.589087434905117,63.78470535435124],[22.58882077046354,63.785199095529194],[22.588666346259178,63.7854575335509],[22.588337766580864,63.78597288728419],[22.58729269452924,63.7875158772828],[22.586956185604365,63.7880327968491],[22.586650894665024,63.78855386987564],[22.586519146832185,63.78881689828593],[22.586406705635728,63.78908136211944],[22.586223693769877,63.789615463123525],[22.58613388481791,63.789937829725886],[22.586073667996473,63.790153974540345],[22.58588634956021,63.79096237811694],[22.5857961576421,63.79149209248557],[22.585771243976243,63.791749353570594],[22.585768247057704,63.7919977711883],[22.585796742005623,63.7922331226193],[22.58586977786745,63.792449646233166],[22.586004826214356,63.79263957961536],[22.58622491484848,63.79279260532799],[22.586528191615212,63.79289506801798],[22.586906419642183,63.792961404662165],[22.58733722361555,63.7929977274222],[22.587802324978394,63.7930076155567],[22.58828644796294,63.792992298603046],[22.588776291429642,63.79295075615374],[22.58925964242405,63.792879730268574],[22.589752124572833,63.79277022757622],[22.59022883041826,63.792633237505456],[22.590693946824462,63.79247797506501],[22.59205560660973,63.791974461443786],[22.59250932184864,63.79181556069162],[22.592968668043067,63.791672739539024],[22.59343760401985,63.791554776825315],[22.593920726434025,63.791472604272535],[22.594381156280704,63.791436870160126]],[[22.781901446506843,63.78913980834799],[22.788363424555882,63.788149459066645],[22.788685650995834,63.78514686663448],[22.789419711053828,63.781540177886995],[22.792948528763695,63.780339299951365],[22.79604024954845,63.77907386008611],[22.798856583325083,63.779655448818616],[22.80356835514946,63.78050623829345],[22.808514245488166,63.78125637271242],[22.80893557924235,63.7823748326161],[22.811591912128947,63.78295150614127],[22.817794548725356,63.78291866027954],[22.82131240853275,63.78266287800373],[22.824471889972376,63.783111197125415],[22.82656739162124,63.782030306767695],[22.828428580765678,63.78144205101629],[22.829851540925738,63.780722206567546],[22.83189370945976,63.77654789198085],[22.831048761570027,63.775181247302825],[22.823922520566235,63.768076820163024],[22.819732431285374,63.767205560146564],[22.819797125663214,63.763234406285484],[22.818401137285633,63.7606575497378],[22.811990080007238,63.75963163395422],[22.810454538793778,63.75694702131751],[22.8122545193806,63.75350322066045],[22.807532235884295,63.750610761560765],[22.806241934155196,63.74112398702749],[22.804748921969185,63.73892275473899],[22.801473474021847,63.73606513165554],[22.80203687466184,63.7344404980328],[22.798446352307106,63.73476383526522],[22.795172651717294,63.73649237584375],[22.79287509350229,63.73973838056155],[22.792922442280673,63.74266516333028],[22.793360717989973,63.74517522252719],[22.791120854782452,63.746108715406386],[22.78406243579317,63.74483192342909],[22.779657876860462,63.745202337014895],[22.7782239417671,63.74401866391615],[22.78159688266249,63.74273066440519],[22.78282723854692,63.74015788399453],[22.780888703140054,63.73696159727968],[22.780083424258166,63.73372715399141],[22.781877454607827,63.73249541082866],[22.784011770775578,63.73006063796707],[22.780301306536806,63.727954035137465],[22.775428067305434,63.727168882456745],[22.763792324248517,63.72746898510088],[22.754733329519425,63.72781617365478],[22.75273326379075,63.72714299234388],[22.752999026422525,63.72623562665567],[22.760713162577737,63.72331118078408],[22.765563371246845,63.72316859108061],[22.771151060217022,63.72347563188312],[22.773618639107713,63.723120019993004],[22.774439553829623,63.722152147523],[22.77475962905691,63.72087025639965],[22.77233381676032,63.719871414332744],[22.774023957050215,63.71881828843467]],[[22.774023957050215,63.71881828843467],[22.77172740708659,63.719047767607805],[22.769079030065882,63.72006213715996],[22.76610946371235,63.7195148994763],[22.7604709000539,63.71746215976997],[22.75543005381074,63.717108192347084],[22.74916851602643,63.71766787436711]],[[22.74916851602643,63.71766787436711],[22.74909131190552,63.71783409187384],[22.748933458357314,63.717991316269654],[22.748666358617243,63.71814096038343],[22.748318333748333,63.718274405553764],[22.747912563347704,63.71839702251455],[22.74746730883642,63.71851349202311],[22.746033526188093,63.71886454219243],[22.745070292504646,63.71911624012869],[22.743141570502655,63.719633595326485],[22.7421650812921,63.71987918700516],[22.741668050841913,63.71999299795252],[22.741137043059975,63.720103669151285],[22.7405984854888,63.720206831675995],[22.73950676730376,63.72039802515357],[22.737851090144467,63.72066449765603],[22.732863418237976,63.721430414220606],[22.731207912897066,63.721689930288576],[22.73054739403995,63.7217987538274],[22.730112975419818,63.72187032497939],[22.729570573812154,63.72196486469939],[22.729033356046017,63.722063857849676],[22.728503238263986,63.72216895523305],[22.727982717723503,63.72228230947471],[22.72745715457824,63.72240984157386],[22.72694145932931,63.72254588590855],[22.72688059036853,63.72256317198754],[22.72592812394445,63.722833654980796],[22.723915876812917,63.72342278411594],[22.723405191562144,63.72356387198802],[22.722887195995103,63.72369884905292],[22.722359007795117,63.72382524099201],[22.721866296232065,63.72393136797414],[22.72136516504751,63.72403037669772],[22.7208581972556,63.724124443866856],[22.718816539141244,63.72448730056019],[22.718314273188643,63.724583427316766],[22.717821077019412,63.724685820222184],[22.71734945858647,63.724794297010675],[22.71689116143324,63.724910679739345],[22.71644797516247,63.72503481415729],[22.71602292440528,63.72516714915007],[22.715620471475948,63.725308777849165],[22.715246768281446,63.72546150178311],[22.71490994551546,63.72562791681271],[22.71459393540069,63.725825343296385],[22.71431652886743,63.726037053809115],[22.714063767749895,63.72625831865278],[22.713338139787254,63.72694255373078],[22.713071389273832,63.72716685964564],[22.712777975959558,63.72738395301614],[22.712460840905894,63.727595649139985],[22.712126084778227,63.727803311805545],[22.71177863995019,63.728008065065275],[22.70997372019718,63.729017347918216],[22.709275449063764,63.72942790350335],[22.708945113462338,63.72963800821676],[22.70863389806349,63.729852886964416],[22.708359789987615,63.73006191467044],[22.708101639651016,63.730274335045785],[22.70736349779524,63.730910509570876],[22.707110794685107,63.731114301735964],[22.706844591442152,63.73130905705752],[22.706557469956323,63.731490861164396],[22.706240509979942,63.73165484503896],[22.705882809240798,63.731794926143735],[22.705450623840658,63.731912472270814],[22.704974777343843,63.73200579297001],[22.70446944223366,63.732084337423395],[22.70341727926806,63.73223006352897],[22.702891537946037,63.732312954822326],[22.702394165876914,63.73240818306502],[22.701911814329346,63.73251720267179],[22.701447416450602,63.73263809130611],[22.701005575918607,63.73276981530617],[22.70059301929935,63.73291222973558],[22.700219124995982,63.7330661085904],[22.69989657874393,63.73323321024706],[22.69964212270554,63.73341636816786],[22.699460867823646,63.733630928144564],[22.699354296517406,63.73386215733139],[22.69930195223048,63.73410545938085],[22.699288330365174,63.73435736930925],[22.69930185371385,63.73461531437675],[22.699334007410776,63.73487740667134],[22.699378625958804,63.73514227618016],[22.69948920376216,63.735676687374564],[22.699678289573306,63.73648184192008],[22.69981465813832,63.737016713007904],[22.69996870591674,63.73754617157373],[22.700058601201476,63.7378071450342],[22.70016247958264,63.738064161707705],[22.700286174377887,63.73831563831568],[22.7004373941342,63.73855944345319],[22.700626189259978,63.738792751487594],[22.700865475516434,63.73901186937317],[22.701143581682764,63.739201812033166],[22.701458036221926,63.73938041033922],[22.702114838435026,63.73972137942218],[22.702416901375802,63.739891767191395],[22.702672116840997,63.740067342409816],[22.702854620369976,63.74025234678227],[22.70294496366963,63.740455260796374],[22.70295241039201,63.74066934650948],[22.7028968465455,63.740891538802096],[22.70279308205389,63.74111931584102],[22.702651636712165,63.74135056078035],[22.702479395784408,63.7415834132466],[22.702280083894884,63.74181614145139],[22.7020545882425,63.742047004401385],[22.70180114146888,63.74227412968863],[22.70153105357888,63.742486147546096],[22.701238380767208,63.74269356560809],[22.70092818520377,63.742896815406695],[22.700604021932776,63.74309600481058],[22.700268197873083,63.7432908960837],[22.69992198773052,63.74348088715244],[22.6995658053902,63.74366496547305],[22.69919934166023,63.7438416564006],[22.698821682940938,63.744008950311965],[22.698431441647024,63.74416421929318],[22.698032670075424,63.744304883803984],[22.697255969246307,63.74456469898232],[22.69691257964279,63.744694928278165],[22.696626256091342,63.74483279419406],[22.69642210007039,63.744984359526384],[22.696315419899157,63.74517105273821],[22.69631019057321,63.74537592032699],[22.696381168963168,63.745593857466865],[22.696509762989358,63.74582078063032],[22.696682846926176,63.74605338458374],[22.69689178282574,63.74628890549462],[22.69713166345673,63.74652492209966],[22.697400715906447,63.74675916795533],[22.697692438725582,63.746986600403254],[22.698616533474176,63.74766152107644],[22.69890117596241,63.747889212851256],[22.699152095083832,63.74812096677089],[22.699348031659053,63.7483456182688],[22.69950560634955,63.748572709571754],[22.699628826157323,63.74879936781809],[22.69971874286557,63.74902251946453],[22.69977333760656,63.74923867469737],[22.699787288805496,63.749443691268766],[22.69975157679235,63.74963250467399],[22.699652938707153,63.749798828665476],[22.699473186142647,63.749934824662894],[22.69917976142849,63.75003990460183],[22.698802733711236,63.750116568956464],[22.697902539654237,63.75024155344545],[22.697420762635474,63.75031653621969],[22.696933536559637,63.75041571061149],[22.696449523210163,63.75053563080312],[22.695969274292437,63.750671205341796],[22.695493006406174,63.75081849153989],[22.6950208016225,63.75097451088498],[22.69408913980698,63.75130468407362],[22.693177505053253,63.75165164501492],[22.692731718564055,63.7518305077707],[22.69229505938866,63.75201336232753],[22.691870313607346,63.75220106795117],[22.691461262671673,63.75239497220274],[22.691080466487758,63.75259111258907],[22.69071437457372,63.75279293502609],[22.69035911489181,63.75299888805579],[22.689669713852968,63.75341868959198],[22.687986895897474,63.75448253617794],[22.68730139663192,63.75490304082213],[22.686949276264873,63.755109666737376],[22.68658736263215,63.75531250509128],[22.686212026763094,63.75551013907271],[22.685825555526947,63.75569894945103],[22.685425806706448,63.75588259195401],[22.68459893969064,63.75623908041202],[22.68417607424835,63.75641341923111],[22.683317447672085,63.75675578079659],[22.6824436878728,63.757088339889904],[22.682000181391622,63.75724919939077],[22.681550778292152,63.75740470352973],[22.681093666311018,63.757552883048],[22.680626362381894,63.75769108418654],[22.680145572391062,63.75781581073824],[22.679647057774865,63.757922534835735],[22.679139295195633,63.75800617150975],[22.678616501457803,63.7580735349532],[22.678084948869365,63.758130080421026],[22.676497774532162,63.758280964856795],[22.676327564294212,63.75830083938139],[22.67599349675988,63.758339844544366],[22.675515672032766,63.75841131797802],[22.67507571689531,63.75850163199239],[22.67468798001155,63.758618410763866],[22.67435800237606,63.758771022368755],[22.674082985333182,63.758951756970035],[22.673848875064902,63.75915340977694],[22.673645044597603,63.75937043766768],[22.673463694999135,63.759598639194536],[22.673299362843036,63.75983488360836],[22.673148546207756,63.76007687489502],[22.673134286336612,63.76010210108829],[22.672960592699457,63.76020006998432],[22.67297647927013,63.76038727493836],[22.672881758317395,63.7605720582877],[22.672766710931793,63.76082338671928],[22.672666986341653,63.76107653569063],[22.67258468542445,63.76133282514675],[22.672517807229795,63.761590023908525],[22.672420594475327,63.76210469060872],[22.672389183223657,63.762360999762514],[22.67237107374298,63.762615769477854],[22.672369756833405,63.76286819575815],[22.672390718636457,63.7631172567645],[22.672441831543775,63.76336162746054],[22.672533866856593,63.763599581723675],[22.672681118534907,63.763828885191955],[22.672895848749672,63.76404838406585],[22.67316581021004,63.76425924377579],[22.67331332897253,63.764356430936104],[22.673476264330464,63.764463774880184],[22.673815896332197,63.76466377146088],[22.674176090578204,63.76486062869169],[22.674550313355645,63.76505543486048],[22.676102683372566,63.76582978648191],[22.676870840359136,63.76622335652894],[22.677243373275914,63.766424400668846],[22.677603616881964,63.766629702050366],[22.67794709260947,63.7668406519734],[22.678283146527868,63.76706740279638],[22.678601263249142,63.767300196091185],[22.678906390011957,63.76753743005712],[22.67949204022149,63.76801980422541],[22.680343482456777,63.76874192557983],[22.680909367154946,63.76919736512191],[22.681194420293068,63.76940593758747],[22.681481707979575,63.76959326225703],[22.68177169683925,63.76975010162923],[22.682064684166377,63.769864074764214],[22.682360711887533,63.76991879797486],[22.682654418836393,63.76990082806312],[22.68293199704557,63.769821401269525],[22.683172874168296,63.76969349841806],[22.683353399685345,63.76952575777142],[22.68345065868609,63.7693389993674],[22.683491959293505,63.76913015531773],[22.683494690401204,63.768905531694216],[22.683412941668742,63.76817997886269],[22.68339824291592,63.767930953994465],[22.68341089727483,63.76766743635705],[22.683456046436103,63.76740726042602],[22.683537140078432,63.76715374794081],[22.68366080446725,63.76691088485731],[22.683837420759843,63.76668369644708],[22.684081824443822,63.766478667353205],[22.684409519900814,63.766300020446096],[22.684802345647803,63.766148067816026],[22.685240879511557,63.76602078515355],[22.6857096552498,63.76591865271381],[22.686196087664438,63.765844777733676],[22.68668949445649,63.76580514200176],[22.68718022958927,63.7658089840231],[22.687655736806562,63.765863179061675],[22.68812060264617,63.76595836944293],[22.68857537281079,63.76608372442205],[22.689019786195114,63.76623122990291],[22.68945259883714,63.766395167160866],[22.689871357320012,63.76657168265152],[22.690272120106442,63.76675847223435],[22.690649084277428,63.76695455246766],[22.690994125628336,63.767160120110766],[22.691296236518152,63.76737648228369],[22.691528782085513,63.76758809931324],[22.691716441620066,63.767808299945685],[22.691860758384248,63.76803499275441],[22.69196035456052,63.768266632688956],[22.692016491460038,63.768511275599636],[22.692039524878087,63.76875812165328],[22.69205600130328,63.76925157246748],[22.69208302410044,63.769494725206506],[22.69214642518814,63.76973286801778],[22.69225721856733,63.76995460388502],[22.692420694971283,63.77016723598246],[22.69264029139815,63.77036788405833],[22.692921371399528,63.77055561773431],[22.693251585054995,63.770730542979486],[22.69361924234714,63.77089486759055],[22.694015555069758,63.771049939563994],[22.69443413163687,63.77119629670611],[22.6948705805793,63.77133368263019],[22.695322193747103,63.77146103277285],[22.695787700750923,63.77157641938931],[22.69626710068317,63.771676969194324],[22.696761550783698,63.77175874045311],[22.69730282905918,63.771821967457655],[22.697855217132545,63.77186729289689],[22.69950266484129,63.77197133215885],[22.70002115264041,63.77201931397754],[22.700507308652618,63.7720872004693],[22.700947421386836,63.77218489581161],[22.701335975836212,63.772322802389176],[22.70167380379736,63.77249324030951],[22.70197147535102,63.77268798321933],[22.702236065465325,63.772900835442094],[22.702471611166082,63.77312724562429],[22.702679450551926,63.773363975273895],[22.70285844934719,63.77360882506327],[22.703001038749285,63.77384599376472],[22.703253981609972,63.77432788695472],[22.703389835634702,63.774567930516746],[22.70354950665242,63.77480424142096],[22.703739075277305,63.77502960774867],[22.70395907029288,63.775249111745275],[22.704204973346776,63.77546250257264],[22.704474095096383,63.77566899151927],[22.704765503934976,63.77586715996658],[22.705079998030726,63.77605483627971],[22.7054201384688,63.77622894485071],[22.705796522827583,63.77638953974937],[22.70619623071211,63.77653159156674],[22.70661289613304,63.77665359163512],[22.70704151467433,63.776752412428934],[22.70747809807311,63.776823133648456],[22.707919380050118,63.77685883837056],[22.708384229248416,63.77685400528273],[22.70884734805018,63.77681961052054],[22.70975235068024,63.77673002855076],[22.710184760236693,63.776707915602636],[22.710595763648534,63.77672465843403],[22.710989153661412,63.776796813995894],[22.711359710843627,63.77691577584071],[22.71171348533135,63.777069316639384],[22.712055074918734,63.77724806225826],[22.712387930270356,63.777444929116356],[22.712714619230464,63.77765462954056],[22.713356561569267,63.778097974964446],[22.71526363308937,63.77948609903908],[22.715918955621863,63.77993823791559],[22.71625822572115,63.780156177987145],[22.716609895259122,63.780365348661505],[22.716979019333674,63.780562101085685],[22.717372345373835,63.7807415304557],[22.717798755277073,63.78089711965245],[22.718219942350977,63.78101217453177],[22.718668591292932,63.781103263246735],[22.719137335082515,63.78117138839476],[22.71962017200451,63.78121604071083],[22.720109145347276,63.781237514147776],[22.72157813434894,63.78125273005815],[22.722051346791154,63.7812733549428],[22.722506663732513,63.78131870688767],[22.722974951055765,63.78140509770894],[22.72342060803437,63.78152415408885],[22.723848861438988,63.78166766830643],[22.724263507507597,63.78182933188435],[22.72466712149802,63.7820043732554],[22.72506120657358,63.78218924666258],[22.725446310376274,63.782381359651836],[22.725822085011544,63.7825788519225],[22.726187307463018,63.78278040716314],[22.72653985625989,63.78298509864844],[22.72687666020035,63.783192244794805],[22.727193642867373,63.7834012789735],[22.727764711854867,63.78380134052948],[22.72806484626643,63.78398657391663],[22.72840261785801,63.78415162145496],[22.72881905158249,63.784297107247305],[22.729287014894744,63.784416305154664],[22.729793193410273,63.78451393881907],[22.730327427425248,63.78459275520653],[22.73088209389214,63.784653673474125],[22.731451557311775,63.78469585407475],[22.732031705333426,63.78471670475271],[22.732580020849085,63.784714960154844],[22.733132323554177,63.78469721962745],[22.733686266699994,63.78466879209426],[22.735335314762526,63.78456312601475],[22.73587193960012,63.78453489506711],[22.736396156343424,63.78451783036431],[22.736902971191874,63.78451774612942],[22.73738594236051,63.784541823364435],[22.737836798311882,63.784599051644655],[22.738272812439156,63.78470367524926],[22.73867328034354,63.78484540041851],[22.739047810061834,63.7850142473212],[22.7394036950238,63.78520262531172],[22.739746395466835,63.78540483839451],[22.7400799470246,63.785616668530245],[22.74040728236487,63.785835036369576],[22.74105110937298,63.78628316318212],[22.74391270156657,63.78833510727265],[22.744444873697525,63.788709684895146],[22.745197148415084,63.78923916491042],[22.74585547268023,63.78968446835703],[22.746064644844726,63.78982004258011]],[[22.560972433351203,63.59788953343768],[22.560887558592892,63.59708225154754],[22.56067079444597,63.59370718523205],[22.56080131557452,63.593409410862535],[22.564454131711226,63.58902368835899],[22.569079060860183,63.586206021819905],[22.570519322101266,63.58532841789966],[22.57196814473727,63.58441346027454],[22.574246147483287,63.584114375344974],[22.574384248162357,63.58410218928934],[22.581616306300706,63.58313170050866],[22.583244684428692,63.5829131240379],[22.593467039309314,63.583614400315064],[22.60189698429744,63.58043796033098],[22.6030746721927,63.580067145416216],[22.60454358336694,63.57862116171144],[22.605596076572596,63.57751314359352],[22.608798507563613,63.57671357389138],[22.608895403249388,63.57668794959324],[22.612677006586843,63.57568781761635],[22.625886988855047,63.572192787198524],[22.62629639774431,63.57012619208254],[22.63892641936649,63.56224707909858],[22.641296035000885,63.56115386148245]],[[22.641296035000885,63.56115386148245],[22.640872778063127,63.55960525360636],[22.638277841775267,63.55010745482702],[22.637329913341187,63.547985932865075],[22.631488917146736,63.54329925373749]],[[22.631488917146736,63.54329925373749],[22.607811615582776,63.54385881733849],[22.593446289376107,63.54933448831951],[22.559542299443752,63.5480207338538],[22.5548165991092,63.550064579443365],[22.553519078328975,63.55185806267424],[22.548138124565853,63.554100076581186],[22.54402527141875,63.55628879367683],[22.55226884511395,63.56273431974132],[22.533180006230804,63.56494588956005],[22.529885303270603,63.56518326010561],[22.51813589469683,63.56169458722162],[22.513312756433994,63.568389834053384],[22.513703679946495,63.56906768370127],[22.514569191975937,63.569661444076345],[22.51354774796972,63.57102371022168],[22.51157311162627,63.57111123370879],[22.506894774452764,63.56933065818307],[22.49840206863089,63.56602079513623],[22.497276876664806,63.56741746140769],[22.493754318791886,63.571788936809355]],[[22.493754318791886,63.571788936809355],[22.494505915396687,63.571713644771684],[22.49501893077146,63.571671534725915],[22.495528675940484,63.5716447708108],[22.49601904102074,63.5716389688016],[22.49649819600555,63.57165244535471],[22.496959138298628,63.571683931172004],[22.49739315579958,63.57173347359916],[22.497789284362575,63.57180249961153],[22.4978892014806,63.57182901695404],[22.498133692847745,63.57189390259727],[22.49840895967422,63.57201218955952],[22.498614361989834,63.57217507899104],[22.498739491600347,63.57236704614201],[22.498805420935227,63.57258028255367],[22.4988283025358,63.572808837322775],[22.498820365596227,63.57304823577782],[22.49879076269287,63.57329515185894],[22.49869180642178,63.57380247379013],[22.49830414178831,63.57535573785179],[22.49813913094099,63.57613183224761],[22.4980992015621,63.57638997778374],[22.49807157400861,63.5766478687507],[22.498060491714114,63.57690552068487],[22.498069406684145,63.577163322566086],[22.498094902678364,63.57742093327119],[22.49813278160947,63.57767837373937],[22.49823443343908,63.5781926681356],[22.49836120578725,63.578705550447765],[22.498513817243357,63.57921514058513],[22.498604057442073,63.5794675567264],[22.498708123170562,63.57971738147361],[22.49883124791687,63.57996350330743],[22.498980559177852,63.580204422402616],[22.499151135458998,63.580424475847124],[22.499351421513346,63.580637369917355],[22.49958191459256,63.580841750714264],[22.499845392250005,63.581035639998284],[22.500147024213202,63.581216353259514],[22.500448241789258,63.581363591595384],[22.500773948489282,63.58150303655437],[22.50279823616563,63.58230841542074],[22.50449870780171,63.582997967953645],[22.50533721478279,63.58334801279075],[22.506152512595037,63.58370292603362],[22.50654433147001,63.58388329254652],[22.506919539958073,63.58406659875922],[22.50727155927109,63.584253961189454],[22.50759160919538,63.58444688776065],[22.507868129710147,63.58464737387367],[22.50808609588892,63.58485802209959],[22.50823788301572,63.585089465995026],[22.50832824791887,63.58533164350836],[22.50837483039376,63.585581576743756],[22.508391646044696,63.585836936597616],[22.508368476447817,63.58687988305121],[22.50838427194426,63.587117498129025],[22.508385721177664,63.58713931407066],[22.508432563083087,63.58739543140325],[22.508522603159882,63.587646414296174],[22.50865629701085,63.587874866257316],[22.508832351608117,63.58809706934957],[22.509043569239527,63.58831274302872],[22.50928550656655,63.5885210367045],[22.509556302370406,63.588720457797365],[22.509856574776023,63.588908768697166],[22.510189439926656,63.589082868638144],[22.51056059523061,63.58923863712886],[22.511002092609285,63.589381234319134],[22.511479418582542,63.58950664315105],[22.512486133281417,63.589738736747],[22.512991645575788,63.58986062236408],[22.513482297107483,63.589993823044374],[22.513961195062784,63.590138160144946],[22.514429298667533,63.59029148432249],[22.51488667621257,63.59045232775102],[22.515332365108122,63.5906198700863],[22.515764158647908,63.59079392102062],[22.516178364416202,63.59097492892719],[22.516569447670918,63.59116401468015],[22.51693040868992,63.59136180742769],[22.51726045435351,63.591568021857285],[22.517556483210022,63.59178195430447],[22.517812195862547,63.59200363010601],[22.5180176765711,63.59223379323376],[22.51816342176093,63.59247051939554],[22.518262268572766,63.592714397164954],[22.518326439303888,63.59296342431673],[22.518365013866084,63.59321608025389],[22.518384513560445,63.593471221108295],[22.518383814151434,63.59361954017957],[22.518382087446586,63.59398571572168],[22.51833421930185,63.59450217309555],[22.518291497273502,63.59476014306223],[22.51823250875682,63.595017496608165],[22.51815488737714,63.595273078105514],[22.518062173488413,63.59552794229208],[22.517847759996375,63.5960362698636],[22.517490430868794,63.596797223670414],[22.516986295372995,63.59781103300376],[22.51671594168904,63.59831612516271],[22.516413642163666,63.598816412946796],[22.516241148747106,63.599062912227424],[22.516054368054334,63.599298959148754],[22.51585028069254,63.59953119812557],[22.515630639987137,63.59975916334024],[22.515395671013227,63.5999818745345],[22.51514403067029,63.60019773145211],[22.514872670680795,63.600404383662784],[22.51457661765869,63.600598550132716],[22.514248686227333,63.600775802526066],[22.513974109282707,63.600890575828814],[22.513879080963854,63.60093029825994],[22.513493098804595,63.60104847679603],[22.513071105448123,63.60114604349948],[22.51262145259255,63.60122694851522],[22.512150639513806,63.601293968283166],[22.511607242580965,63.601354826639515],[22.511049910856766,63.601404262146026],[22.51048341928638,63.601444716001176],[22.509911527772235,63.601477524139675],[22.509337351782808,63.60150300074976],[22.50876366233264,63.60152045754567],[22.50819317848279,63.60152815537816],[22.50762884820533,63.601523188951276],[22.507074127804298,63.60150130406563],[22.506533277838365,63.60145664884848],[22.506009249615886,63.60138411807877],[22.50550251845384,63.60128798147547],[22.505012560934652,63.601173304654566],[22.504540429824505,63.60104344665079],[22.504088902907032,63.60090025612144],[22.503662692339308,63.600744203812134],[22.50326874323441,63.600574448587814],[22.502916612437087,63.600388843037855],[22.502620997856557,63.600191316453184],[22.50236133119709,63.599980944358805],[22.502124413507204,63.59976221404814],[22.5016734587255,63.59931432964134],[22.50143827190152,63.59909160705131],[22.50118212217364,63.59887385385673],[22.500898543277287,63.59866537256397],[22.500587684475228,63.5984643037891],[22.500253183300178,63.59827031374585],[22.499897106721864,63.598083511199384],[22.499520049239543,63.59790446581511],[22.499126035189974,63.59773488803581],[22.49910387831587,63.59772601753475],[22.498717371497445,63.59757127790219],[22.497459620273986,63.597093754773034],[22.497047196947275,63.59693202911448],[22.496647529929763,63.59676530625863],[22.496267401358583,63.596590913152546],[22.495904648263156,63.596402467376556],[22.4955648131937,63.59620529794451],[22.495243640556204,63.596001398654494],[22.49493848873213,63.595792224144304],[22.494648260904064,63.595578769560646],[22.49437337985721,63.5953616147421],[22.494115855334417,63.595140970409616],[22.49387941947699,63.5949166896306],[22.493669766985622,63.59468826818698],[22.493494840004853,63.59445483016124],[22.493358087169376,63.59420930181265],[22.49325685452185,63.59395884147891],[22.49318173236445,63.59370474849357],[22.493125562402316,63.593448004501234],[22.493049921320708,63.59292931510509],[22.49289962750952,63.591101798353975],[22.492829873280044,63.59059210427642],[22.492776744063285,63.59034451520135],[22.492704014571554,63.59010471128265],[22.492603627422685,63.58987589449073],[22.492464823442507,63.58966232909128],[22.492273392261996,63.589469637236434],[22.49201081514659,63.58930512440641],[22.49168469992286,63.589181186734535],[22.491295710949256,63.58908171416007],[22.49086116082182,63.588999396844955],[22.490395203402667,63.588928080020885],[22.48892013573987,63.588728247337066],[22.488434969673463,63.58864983835651],[22.48796923237154,63.588556491342295],[22.48752496900179,63.588441275541406],[22.48711457705647,63.58830692554423],[22.486742688843677,63.58815530396006],[22.486416757122722,63.58798702252327],[22.486147515184186,63.587801455698205],[22.48593089581466,63.5875828549234],[22.485773843234618,63.587348395191576],[22.485658587904116,63.58710292537967],[22.485570787654517,63.58685030614936],[22.48535832159012,63.58607953928721],[22.485269635861457,63.585827306332],[22.48515284843157,63.585582293797835],[22.484993368828437,63.58534818610425],[22.484773070665995,63.58512955691485],[22.484483567853612,63.584933604593665],[22.484133932702996,63.584752913405076],[22.483740000445863,63.584583452918956],[22.48331390764722,63.584422124669096],[22.482864823215763,63.584266582866604],[22.482399588999762,63.584115064846145],[22.481923244509755,63.58396626461657],[22.480950814409244,63.58367323541407],[22.477987413426305,63.58279931660791],[22.476303630872298,63.58229742979507],[22.475015345183337,63.5819134036563],[22.47401645032829,63.58162167775756],[22.473006664624158,63.581342797210574],[22.472495665968204,63.581213118397535],[22.471979255868018,63.58109415899923],[22.471456277262625,63.58099049596088],[22.47096876575349,63.580912575203655],[22.470480521280944,63.58085180699769],[22.469997801791266,63.58080863195585],[22.46952763782865,63.580785013194394],[22.469078288568415,63.58078458833328],[22.468659755883884,63.58081288807324],[22.46828436106186,63.58087761789526],[22.467939384812667,63.58099508941417],[22.467649623851525,63.58115320315533],[22.467406726659487,63.581341547422554],[22.467206427299892,63.581552394135294],[22.467048272550205,63.58178019391479],[22.46692939832838,63.58202829555899],[22.466845288575847,63.582285921961244],[22.466785837536932,63.58254985010678],[22.46671293931826,63.583088119054686],[22.466657189906904,63.58390428355007],[22.46655009431523,63.58606984495871],[22.466489783515353,63.586875459284194],[22.46642718131101,63.58741031803855],[22.466383041149758,63.58767676808691],[22.46632578200212,63.58794229783315],[22.466250561704737,63.58820660933757],[22.466155243619696,63.58846507087449],[22.46604257853421,63.58872239379763],[22.465917311401753,63.58897891160657],[22.465642577002257,63.58949050260407],[22.464150554051653,63.59204869127492],[22.463688356179645,63.592817070330916],[22.4633545572358,63.59332446608953],[22.46317104246318,63.59357446073841],[22.462969793100722,63.59382022624786],[22.462743674699986,63.594059817540824],[22.462483270693227,63.59429060851992],[22.462193461016344,63.59450178283987],[22.461870888521446,63.59470363103334],[22.461523193568468,63.59489727775574],[22.461155876057905,63.59508296440536],[22.46077259327126,63.59526000458852],[22.46037539485618,63.59542669083642],[22.460130807946687,63.595518111920015],[22.459964852326696,63.595580141333244],[22.45954014822903,63.59571608332392],[22.45909906096994,63.595828556786294],[22.458637906470685,63.59590956008438],[22.458163387310734,63.59595146464647],[22.45767331951066,63.59595919234836],[22.457175369547212,63.595936435125594],[22.45663567214278,63.595880929970455],[22.456095751502076,63.59580096288117],[22.45555619571004,63.5957036630594],[22.455017394596872,63.595594276885585],[22.45447964114893,63.5954765829442],[22.453943222497877,63.59535322040216],[22.452875918363027,63.59509576926577],[22.452595515769595,63.59502466750719],[22.45182038735267,63.59482811443249],[22.451363141837195,63.59470684451073],[22.451299833267864,63.59469005422507],[22.450786503152376,63.59454799067156],[22.45028302901182,63.59440039157741],[22.44979291873248,63.59424512226726],[22.44932390769334,63.5940821838662],[22.448867964591642,63.59391167226978],[22.448421619907762,63.593735660619004],[22.447547773609177,63.59337301492244],[22.445406050221663,63.5924442155413],[22.44454659137809,63.59207701279745],[22.443672002021454,63.59172318506524],[22.44322399225824,63.591555669114314],[22.442783587251565,63.591404525512715],[22.44276472586016,63.59139805242429],[22.442289823960767,63.59125422306203],[22.441793535464484,63.59112931032043],[22.441294730875466,63.59103151040394],[22.440776048604608,63.59095116242211],[22.440242515779108,63.59088365417184],[22.43969797863957,63.59082544372812],[22.439145335503124,63.59077385283539],[22.438586745622292,63.59072689730092],[22.437457567112286,63.59064164785676],[22.43574645060465,63.59052634801087],[22.434599639023414,63.590458697372455],[22.434025573951555,63.590429980536335],[22.433451822453495,63.59040677075854],[22.432879278583997,63.59039143081627],[22.43230925248842,63.590387137937405],[22.43179887936642,63.590395686203856],[22.431294500416005,63.5904174483977],[22.43079924357164,63.59045415003767],[22.430279207690916,63.59051225095172],[22.429777109490306,63.59058733390414],[22.42929747172317,63.59067716947973],[22.42884720996648,63.590780783452075],[22.428436178533225,63.590898401389246],[22.428077860611534,63.591031450906605],[22.427790201661324,63.59118259005487],[22.427596914139837,63.59134568791782],[22.427480233547772,63.591521878499684],[22.427436135395276,63.5917049595673],[22.4274657858017,63.591889271110546],[22.42757557119399,63.59206941034992],[22.427793866510203,63.592258109173414],[22.428091369854446,63.592438879201616],[22.42844248056667,63.5926151349879],[22.429625823119636,63.593150267426076],[22.430017060943896,63.59334315640192],[22.430268182906016,63.59347597003721],[22.430396004974284,63.59354357138054],[22.430764177444814,63.59374969247763],[22.43112266227905,63.593960202852124],[22.431811943878955,63.59439120028053],[22.432141559968777,63.59461099164689],[22.432458812381395,63.59483372864429],[22.43276046030645,63.595059874588394],[22.43304176289036,63.59529022988005],[22.433293517470233,63.59552075009335],[22.433523949423066,63.5957550837395],[22.43373562540021,63.59599218421587],[22.433929187213046,63.59623124660994],[22.43410327643943,63.59647164866605],[22.434254366024803,63.59671290497245],[22.43437647519944,63.59695461832767],[22.434460743019596,63.59719644368335],[22.434494891096925,63.597438050346234],[22.43446655439444,63.59768307652127],[22.434378889446045,63.59792616830719],[22.43423657136013,63.59816583262056],[22.434042900102988,63.59840082835829],[22.43380931963985,63.59863195594241],[22.433546915471247,63.59886022560023],[22.433264006157895,63.59908642459369],[22.432966798651062,63.5993111605676],[22.43234677968776,63.5997580267843],[22.43108100870636,63.60064964215552],[22.430830129414527,63.60083486339229],[22.43047342574822,63.60109821076562],[22.43018789400305,63.60132414046591],[22.429922203146003,63.601551678656506],[22.429684621745317,63.60178131920534],[22.42948619710682,63.60201367336988],[22.429341526461265,63.60224948538317],[22.42926623318497,63.60247359234468],[22.429241941884605,63.60269937376273],[22.42925970516287,63.60292468758506],[22.429313973406213,63.6031472491714],[22.42940236872937,63.603364480229125],[22.42952558049073,63.603573342728374],[22.42968737907176,63.603770153197075],[22.429894779342757,63.60395038289342],[22.43015829121621,63.604108431064965],[22.430505620521483,63.60424744719882],[22.430904867493286,63.604366738757804],[22.43176990540136,63.60459165325009],[22.43193402738742,63.60464078644611],[22.43219613177412,63.60471925294395],[22.432612168443768,63.60487550732464],[22.433003434440074,63.605052649785044],[22.433376082943383,63.60524535191633],[22.433735270714468,63.60544940625974],[22.434085383043065,63.60566148351406],[22.43546967972865,63.60654180713311],[22.435830618128808,63.60675964884362],[22.436203919748795,63.606972139937284],[22.436559625815313,63.607164331189324],[22.436588334744965,63.60717984299069],[22.43698085328334,63.607382681919184],[22.43737917715119,63.60757989745942],[22.437781585523574,63.60776990171973],[22.438186815645416,63.60795007745803],[22.438593971778346,63.60811650183095],[22.439002445753484,63.60826358509242],[22.43941186965286,63.608383609608296],[22.43982208467431,63.608466155192],[22.440233127889513,63.60849741261374],[22.44060545987351,63.608471730507596],[22.440978884412814,63.6084033578742],[22.441353801667947,63.60830331156912],[22.44173081185706,63.60818033268413],[22.442110753886535,63.60804136254017],[22.443281001611336,63.607579503297224],[22.443281560193824,63.6075792827662],[22.44368884998128,63.60742324742078],[22.444138521571688,63.60726044250975],[22.44459956658981,63.607102011527594],[22.445544309098516,63.60679528468542],[22.446376984725056,63.60653810379131],[22.446506539715728,63.60649808835976],[22.44747731302112,63.606207101686174],[22.449431811502667,63.60563889080621],[22.450417655355693,63.60536425849406],[22.45091493698448,63.6052312944759],[22.45141676560783,63.605102715354505],[22.45192490209485,63.60498014058174],[22.452441653827012,63.604865713145145],[22.45297204123954,63.60476056504609],[22.453511165771825,63.60466356430879],[22.454056708028908,63.6045724568157],[22.4551603715873,63.604401566603705],[22.456831410693393,63.604160216447404],[22.458505479901337,63.60393287597548],[22.458529725029077,63.603929937549154],[22.459615745629787,63.603798310779915],[22.46016677713266,63.603741513835296],[22.460713441456743,63.60369589340275],[22.461254021176384,63.60366599705402],[22.461786254550358,63.60365786034353],[22.462307195967387,63.603679388137685],[22.462799143383997,63.60373469150084],[22.463280486159487,63.603818069212146],[22.46375405238388,63.60392217657719],[22.46422208491572,63.60404130750954],[22.464686377328114,63.60417104996466],[22.465148408127153,63.604307989871586],[22.466998522340056,63.60488107623839],[22.46746790356598,63.60502176068321],[22.46768660570833,63.60508447067053],[22.467943229299518,63.60515805376402],[22.46842674408589,63.60528798887426],[22.468945640282772,63.60541607305592],[22.46947358208156,63.605536936705946],[22.470547598082685,63.60576402412979],[22.472182939915058,63.60608430776314],[22.4732806229855,63.606290186203665],[22.4743815956516,63.6064896201583],[22.47497296290814,63.60659019406412],[22.475486016910406,63.60667744627477],[22.476040079242953,63.60676371366881],[22.47659593094901,63.60684202207467],[22.47715417688889,63.606909266919786],[22.477715610591495,63.60696133444029],[22.478281241387723,63.606992854370446],[22.47883879753579,63.606999770365604],[22.479399926389142,63.606987913842325],[22.479963130365995,63.60696345337588],[22.481649965108875,63.60686521608389],[22.482205146475692,63.606840131774845],[22.482752553456496,63.606827715738575],[22.483288524635284,63.60683465114486],[22.483808277750928,63.60686917289266],[22.484261922734177,63.6069304257935],[22.484698067643148,63.607017026876015],[22.485116426612283,63.60712471793062],[22.485515420821848,63.607250625188065],[22.485892103121223,63.60739311130072],[22.486269699444424,63.607563065988565],[22.48662501309079,63.60774549337875],[22.486964921519867,63.60793528716169],[22.48794212131533,63.60850554770461],[22.48826604057555,63.60868182614963],[22.488593880530733,63.608843247444554],[22.488928039670252,63.608983851100184],[22.48927069938074,63.60909645954125],[22.489635491873944,63.609180353274404],[22.48998844178139,63.609246332312],[22.490304509274893,63.60931559328025],[22.490555290194813,63.609409698348884],[22.49071804397266,63.6095454696107],[22.49080727802921,63.60971751733108],[22.49084240807712,63.60991663625144],[22.490838289843296,63.61013569850978],[22.490806127482394,63.61036926415747],[22.49075425103185,63.61061323968212],[22.490688769870147,63.61086459196044],[22.490533364397223,63.61138117939053],[22.4898265630801,63.61350957995176],[22.48956842959437,63.61431363070855],[22.48941591194948,63.61484425241173],[22.48935269202617,63.61510465623888],[22.48930384786639,63.61535903925431],[22.48927572516133,63.615604230152556],[22.48927694887824,63.61583581206157],[22.489319085496476,63.616047718960914],[22.489417435588614,63.61623174896701],[22.489591946132094,63.61637695907305],[22.4898407808422,63.616468894255355],[22.490149579410545,63.6165168861579],[22.490491111846474,63.61652127959459],[22.490840715716484,63.616479010770625],[22.4911946844986,63.61638210470116],[22.491534585323333,63.616242261537785],[22.49186296804884,63.61607127460256],[22.492182085679296,63.615878037125114],[22.492493887669923,63.61566916874032],[22.492800027027325,63.61544953002508],[22.493400837693084,63.61499106724279],[22.494890425564048,63.613811949730476],[22.49551048468182,63.61334752780706],[22.495834474148232,63.613121053459324],[22.496172564092433,63.61290080181106],[22.49651213569641,63.61269781710771],[22.49686494192735,63.61250302654473],[22.49722773463637,63.61231740790633],[22.497597910292914,63.61214297166258],[22.497973332811615,63.61198296130175],[22.498352148373485,63.61184212983881],[22.4987326106222,63.61172709127927],[22.49911289112127,63.611646752544004],[22.499490870793903,63.611612840107135],[22.499876649214883,63.61163691986242],[22.50024822936738,63.611712398757334],[22.500595156406032,63.6118285468324],[22.50090465905851,63.61197815629627],[22.501160840347975,63.61215708995061],[22.501354145359475,63.61236677920929],[22.50149087288602,63.61259715834329],[22.501586169934527,63.61284199420861],[22.501651516786154,63.61309669906257],[22.501695451011965,63.61335794331065],[22.501724156913987,63.61362333954094],[22.501741946554368,63.6138911986748],[22.501754671467566,63.614429896471975],[22.501741639099933,63.614968029227185],[22.501693540042023,63.61550185325806],[22.501648375686017,63.61576597575247],[22.50158200721636,63.61602739852845],[22.50148678460607,63.61628523697489],[22.5013527467274,63.61653832087564],[22.50117198366748,63.616786650220604],[22.500956917300222,63.61703074934254],[22.500254987337854,63.61775367072871],[22.500050399948964,63.61799563483646],[22.49988368481128,63.61823963742458],[22.499756826852458,63.61848262089182],[22.499671174919392,63.61872105359281],[22.499632217152794,63.61895072449277],[22.49965019166654,63.619166409859325],[22.499740891569108,63.61936149926993],[22.49992671001314,63.61952754728368],[22.500219432506405,63.61965562259299],[22.500601712881192,63.61975514462728],[22.50104948560073,63.61983369286258],[22.501544425966078,63.61989706328996],[22.502072753931365,63.6199496256087],[22.50262425458776,63.61999463864295],[22.50376891143408,63.62007096908446],[22.507299993076593,63.62027040404181],[22.508475489147422,63.62034226922303],[22.509644628753673,63.62042394548723],[22.510226020538575,63.62047074735079],[22.511362865347404,63.62057710361027],[22.51249472982847,63.62069568564824],[22.514755103209854,63.620947778482225],[22.516443028300642,63.62114324074089],[22.5175487649515,63.621280138044426],[22.517758691535885,63.621308533069815]],[[22.517758691535885,63.621308533069815],[22.517769672435836,63.62119255831376],[22.519650240202175,63.61989849573884],[22.52129186706181,63.618768735564],[22.521349601797716,63.61794669497936],[22.521659875739857,63.61352796584576],[22.526675060272808,63.60705967607107],[22.52860729560317,63.60571438126297],[22.52955330692106,63.605183452959764],[22.540866527499944,63.602076199677924],[22.552073824809977,63.5992656199914],[22.553928834487756,63.59880027930098],[22.560972433351203,63.59788953343768]],[[22.641296035000885,63.56115386148245],[22.674146256510255,63.568983893584296],[22.694421362832983,63.57049483295224],[22.695887762432005,63.57037883293834],[22.710065758576285,63.57052607014934],[22.720902731669607,63.5726001820556]],[[22.720902731669607,63.5726001820556],[22.754859575156164,63.563639564538946]],[[22.754859575156164,63.563639564538946],[22.777935651855902,63.539571037980544],[22.78477395380173,63.533098631608674],[22.786113085635826,63.529597798999546],[22.79391049301007,63.509195182941795],[22.795607293601577,63.50475123324055]],[[22.795607293601577,63.50475123324055],[22.734007528424165,63.50086345178915],[22.68364113071674,63.511341759889945],[22.645710664693333,63.530160170459745],[22.640421760270108,63.535253331258914],[22.631488917146736,63.54329925373749]],[[22.355017245294537,63.580247308050424],[22.35414075817161,63.580218890915155],[22.35365107470504,63.58027438967303],[22.35329755281937,63.580477058490445],[22.35306858719541,63.5808978986337],[22.352703449672575,63.58117156615737],[22.351967355200706,63.58175440026268],[22.352130986549334,63.58222366345078],[22.352756871611078,63.582315341442055],[22.35340596414436,63.58226501426731],[22.35402176371847,63.58192809416361],[22.354728830995406,63.58152275326285],[22.355093952031655,63.58124907951293],[22.355243207575956,63.58082565290642],[22.355375068232597,63.580508728831575],[22.355017245294537,63.580247308050424]],[[22.370672163702473,63.545577184713444],[22.369564941595886,63.545006048668164],[22.368180817039658,63.54531815424696],[22.366842690144416,63.546167062942935],[22.365779409463883,63.546965376781586],[22.365767657622467,63.54785720883226],[22.366515445354512,63.54817881654142],[22.36763442126093,63.54785814478308],[22.36904753630703,63.54736853717545],[22.370677816931707,63.54718334242775],[22.37218504250808,63.5469346712055],[22.372290786419693,63.54628380489543],[22.37179865566496,63.54602997303418],[22.370672163702473,63.545577184713444]],[[22.33732156912143,63.589487092071344],[22.336639166545286,63.5892507533593],[22.33567107249322,63.58929062719763],[22.33553711179869,63.590107121598855],[22.335910513870967,63.59076168236608],[22.336083745659327,63.59165955224437],[22.335973081354435,63.59233404804289],[22.33627263196047,63.59295051392682],[22.340907719560832,63.59302988108962],[22.340897829237328,63.59260128958203],[22.34149828406099,63.591871335284935],[22.340457966234364,63.59137355799196],[22.339316467914866,63.59051559049663],[22.33821399394859,63.58990870628959],[22.33732156912143,63.589487092071344]],[[22.349432178378358,63.58599049887461],[22.349029489194734,63.58551347437601],[22.34836450321995,63.58517068972055],[22.347567565440997,63.58514481814408],[22.34618953529377,63.58524282736515],[22.344691119776144,63.585586736077644],[22.343734786069444,63.58555566509784],[22.34274938259215,63.58570208860708],[22.34220724717647,63.586077049318725],[22.341402743859533,63.58658623479563],[22.341161916812407,63.58707805388863],[22.341422544867687,63.58744341836518],[22.342173014834007,63.587753325777065],[22.34278735907311,63.58791604809743],[22.344540780522888,63.58797301935997],[22.346420398124977,63.58774855454835],[22.347969567220495,63.5875847179366],[22.349292824673785,63.586842510485724],[22.349345083373564,63.58652300638686],[22.349432178378358,63.58599049887461]],[[22.39991306916791,63.51298611854793],[22.399485143772647,63.512971348240164],[22.398972408395387,63.513010958351494],[22.39840316848084,63.51309979979175],[22.397807074540065,63.51322865500484],[22.397373860644368,63.51334424520548],[22.397214544138944,63.51338675343834],[22.396656517668827,63.51356297674817],[22.396164307081005,63.51374633587214],[22.396087270342292,63.51377906230601],[22.395724776253285,63.513933054552595],[22.39530289550613,63.51412782528098],[22.394905963282564,63.514332237404815],[22.394555394168336,63.514538747411734],[22.39423448906031,63.51475410875552],[22.393944123868827,63.514976840049414],[22.393688367147963,63.51520609054332],[22.393474706641648,63.51544149727085],[22.393316973401824,63.51567115240301],[22.393200126578986,63.51590320955685],[22.393120257101433,63.516134498168],[22.393077050173517,63.51636161179945],[22.393073779094788,63.516580622899376],[22.393117483157884,63.51678675491569],[22.39321935535832,63.51697401439084],[22.393395308999636,63.51713476224994],[22.393626791199036,63.51724982387775],[22.3939163194173,63.517336565692304],[22.39424884282958,63.51739393535259],[22.394611963867835,63.51741900035612],[22.39500895028377,63.517408352461764],[22.39541940277151,63.51736624450347],[22.39583626029134,63.51729900889736],[22.39625303472972,63.51721120263843],[22.39666333111446,63.517105822054425],[22.397060350003855,63.51698447832535],[22.397477443196042,63.51683258128443],[22.397866603458663,63.51666611644211],[22.398223303148917,63.51648835807793],[22.39853999499452,63.51630140339942],[22.398805338721957,63.51610633561787],[22.399003261549893,63.51590333131098],[22.399122679673628,63.515690316731046],[22.3991840391983,63.515472512265276],[22.39923152362367,63.51523166163821],[22.39930317898049,63.51496576578955],[22.399426682327814,63.514690063597534],[22.39962108100724,63.51440585096793],[22.39983018036681,63.51413194202147],[22.400014926508472,63.51388993148994],[22.40029226162902,63.51347854209773],[22.400375024543223,63.513342756615145],[22.40046895101124,63.513188654387434],[22.400421945896504,63.513125064939395],[22.400230191523544,63.5130474597991],[22.39991306916791,63.51298611854793]],[[22.387704643081985,63.57316774446174],[22.38762926074217,63.573155374823955],[22.38740237816817,63.57315896125639],[22.387055292523065,63.57318395475718],[22.386523984500666,63.57324975538042],[22.385905975994973,63.57335503215434],[22.385241064238357,63.57349563113162],[22.384568277645037,63.57366587343672],[22.383926922491938,63.573859582672114],[22.383356965524197,63.5740704901714],[22.382912642241237,63.57428105909446],[22.38257993294413,63.57448909149768],[22.382301750719506,63.57470138420549],[22.382062876769965,63.57491952145896],[22.38186928655818,63.57514175283498],[22.38173111906373,63.575366761550534],[22.381663139385314,63.57556837885174],[22.381644520464953,63.5757681298215],[22.381672513738557,63.57596272732014],[22.38174768260118,63.576148632136515],[22.381873731767477,63.57632186134228],[22.381977463422768,63.57641470899039],[22.382048653256806,63.576478429456564],[22.38245318156228,63.57677187914574],[22.382629770172585,63.576922849425564],[22.38276220318238,63.57708363132401],[22.383042816590066,63.577579344343384],[22.383160372327005,63.57773236084121],[22.383304147357,63.57786369927843],[22.383476098100513,63.577963145422075],[22.383679914327374,63.57801820829347],[22.38381538112374,63.57802472294101],[22.38395963018251,63.578012574732796],[22.384243730240513,63.57794568223171],[22.384540040235937,63.577833430226896],[22.38484456176238,63.57768780327029],[22.385154145042357,63.57751787192113],[22.385313150302817,63.577422342834204],[22.38546619324272,63.57733039558656],[22.38577838724183,63.57713031182202],[22.38608843886282,63.57692112493956],[22.386393826957164,63.57670520144613],[22.386691508429255,63.576483983747856],[22.38697758896432,63.57625814141212],[22.38724692334765,63.57602765901792],[22.38750472678615,63.57578240221928],[22.387741425742334,63.57553306480249],[22.387956674878495,63.57525747003967],[22.388140410009697,63.57494995989546],[22.38828067891584,63.57462627359598],[22.38836540414202,63.57430204561343],[22.3883832671344,63.57399276485118],[22.38832595262161,63.57371368139535],[22.388256268360685,63.57356892668149],[22.38816394795787,63.5734430137758],[22.38798544254706,63.5732851493274],[22.38781646744842,63.5731907254878],[22.387704643081985,63.57316774446174]],[[22.4158200352055,63.503436850668656],[22.414893970320914,63.503417680976035],[22.414617676143678,63.50341477701234],[22.414313915656724,63.503411583397856],[22.413736639270866,63.50341114311421],[22.413164286723912,63.50341853761529],[22.41259959468541,63.503436836516954],[22.41204615187042,63.50347020597098],[22.411508717565624,63.503524167980814],[22.411016438889995,63.50359901878507],[22.410543519047813,63.503693693549636],[22.4100908966574,63.503804428872826],[22.409661446384554,63.503928854318225],[22.40926021844781,63.504065854460265],[22.408894786243742,63.50421549734202],[22.408575681950982,63.50437900441785],[22.408316962874938,63.50455878402941],[22.40812641165216,63.50476129090573],[22.407996920166422,63.504979191526566],[22.407911961545715,63.505208307251294],[22.407858592479563,63.505445454750884],[22.40782664152426,63.50568823655082],[22.407769919742314,63.506686231503195],[22.40774540356404,63.50693804988349],[22.40770462674262,63.507206858139185],[22.407586400624666,63.507743806001336],[22.40735224168225,63.508547840178885],[22.40708207304913,63.509351731258704],[22.406609637514766,63.51069326807632],[22.406442963904475,63.51122665548718],[22.40637642685987,63.511490294153035],[22.406329100920978,63.51175014011348],[22.40630990286289,63.512004162500965],[22.40633094691571,63.5122495312199],[22.406408496621488,63.512482357942254],[22.40656407568294,63.51269738732462],[22.406790713528032,63.51287389424245],[22.40708696347654,63.513031121650165],[22.40743864125133,63.51316895537088],[22.407835740537518,63.51328567727429],[22.408086363871995,63.51333864493312],[22.40827187367434,63.51337785019229],[22.408715816481095,63.51343950612251],[22.409182812620585,63.51347949867474],[22.409665690756523,63.51350135797174],[22.410158629288052,63.51350725927295],[22.410656784169166,63.51349812072001],[22.41115597283808,63.513473665120586],[22.41165238422865,63.5134324322183],[22.41220713034488,63.51336424838374],[22.41275512477546,63.513277993191],[22.412775041558632,63.51327435353538]],[[22.412775041558632,63.51327435353538],[22.415005759520692,63.50387076365084],[22.4158200352055,63.503436850668656]],[[22.37449187264653,63.545046372723704],[22.374924519494627,63.54493340682763],[22.37498616752134,63.545002009867325],[22.375366552321648,63.54495447975296],[22.37633353964326,63.54484685735427],[22.378694755739595,63.54460140474715],[22.37920541858258,63.54453804108179],[22.379715806745022,63.54445980079701],[22.380601673554303,63.54430064216087],[22.381104378858694,63.54421703260899],[22.381623296214883,63.54414076681988],[22.382154037101877,63.544070281368654],[22.38269313849879,63.54400440872917],[22.38323782522099,63.543942326431335],[22.384334724699148,63.5438276091835],[22.385426722006518,63.54372425461867],[22.38701345951772,63.543588306966356],[22.387510730529783,63.543537577414384],[22.38797163583386,63.54346977183589],[22.388381913392084,63.54337316482234],[22.388703524091273,63.543250702013154],[22.388977190955956,63.543100847061034],[22.389209763665704,63.54293034649753],[22.38940500931075,63.54274447077287],[22.389563846161117,63.542547300580225],[22.389684472157395,63.54234196661101],[22.38976241458126,63.5421308534881],[22.389790454276383,63.54198002983939],[22.3898819002859,63.54108336483191],[22.389924703939304,63.54083355967589],[22.389971025102614,63.54064249138045],[22.389984580156884,63.54058657940362],[22.390068115500394,63.540344837420726],[22.39018371870962,63.540111080957814],[22.390342171479503,63.53988857424304],[22.39052317678849,63.53970225341802],[22.390943815408118,63.53932172379359],[22.391181364251366,63.53912330143663],[22.391473815262266,63.538914364134044],[22.391799861380253,63.5387083549619],[22.39214890342668,63.53850392805376],[22.39324915696541,63.537887868555195],[22.393607668422344,63.53767724114457],[22.39394786520667,63.53746134494552],[22.394258982036447,63.537238111660116],[22.39449269942375,63.53704120523021],[22.394697578520383,63.5368385480729],[22.394873525004392,63.536631275669606],[22.395018445509976,63.53642033686988],[22.395128087629068,63.53620656158627],[22.39519829579527,63.535989719961805],[22.39523014848488,63.53577274579688],[22.39522502427601,63.535557738154026],[22.39518167618416,63.535347082065854],[22.395096154870963,63.5351436124131],[22.39496166638624,63.53495078377807],[22.39475729865318,63.53476003427655],[22.394500989590732,63.534587743620044],[22.39420464637741,63.53443680443433],[22.39391273548158,63.53432551150387],[22.393877099357503,63.53431192571422],[22.393524636957988,63.53421993868048],[22.393151464091442,63.53417017660287],[22.392774749454667,63.53416962955597],[22.392537710029433,63.534194138969184],[22.392390112228288,63.534209399952815],[22.392005962777166,63.53428151545794],[22.39163054515565,63.534380281568396],[22.391272432082687,63.53450199901086],[22.390940985047646,63.534644734869765],[22.390634521297414,63.53481142863399],[22.39035158759318,63.534991989407416],[22.38985462356,63.53533414893816],[22.389636539980057,63.53549131367941],[22.38943179483347,63.535653293334065],[22.38921098372692,63.53585664253277],[22.389010760341588,63.53606680271583],[22.38862968885535,63.536494965653674],[22.38842809884675,63.53670717637383],[22.388204523306896,63.53691424799379],[22.387921036031752,63.53713467993339],[22.38760454325486,63.53734620656796],[22.38726177343796,63.53754947526713],[22.38689726032231,63.53774440087797],[22.386513529322944,63.537930097080896],[22.38611122315337,63.53810477251156],[22.385689117864075,63.53826558198285],[22.385244078719815,63.53840842630528],[22.384770903490704,63.53852771340124],[22.384280511245894,63.53861679196284],[22.38376546950695,63.53868488817414],[22.383232910637243,63.538738724195525],[22.3815837147404,63.538868259815054],[22.38104326354317,63.53891465919113],[22.38050660166563,63.53896645102287],[22.37997647396814,63.53902398203834],[22.379456320241868,63.53908806116067],[22.378950608627356,63.539160078191486],[22.37846522453779,63.53924215306644],[22.378007947461874,63.5393373149296],[22.3775890147631,63.53944972898012],[22.377221788538808,63.53958497160559],[22.37690780295112,63.53975354807604],[22.37664898159847,63.53994627322449],[22.376430756172034,63.54015684435233],[22.376241764551427,63.54038037687239],[22.37607314716153,63.54061310736824],[22.375917952872417,63.54085212984419],[22.375345200152797,63.541808329733186],[22.375331293387138,63.54183154541334],[22.375172250847214,63.5420745983812],[22.37499970699688,63.5423139759743],[22.374647608451248,63.54277040564816],[22.374573250079813,63.54289622663693],[22.373728630458707,63.54317781691759],[22.372325416346825,63.5436083025079],[22.371206660289435,63.54392901367204],[22.370087881275207,63.54424971595469],[22.36990715980182,63.54454127377906],[22.37025699265972,63.54484999077056],[22.37052227192463,63.544858570199274],[22.371260422317167,63.54523932355749],[22.372160076402135,63.54544685227315],[22.372984766703016,63.54529506921164],[22.37368641626047,63.54507982482789],[22.37449187264653,63.545046372723704]],[[22.44710968059631,63.48937108393418],[22.477415868039976,63.48827869250632],[22.493150667098867,63.48220026287165],[22.49653371821249,63.47337864665204],[22.498304768075954,63.448122736868186],[22.503344031906607,63.443759897304204],[22.504276091373043,63.44323330062176],[22.50631709957885,63.44026146284402],[22.51871922466743,63.43634892226404],[22.533361154816863,63.42996056436007]],[[22.533361154816863,63.42996056436007],[22.54363584128492,63.4126075189637],[22.571305204271177,63.3869109981355]],[[22.571305204271177,63.3869109981355],[22.521423451936357,63.3736051593839],[22.52245367258434,63.365017192921385],[22.499483708537102,63.358957901706134],[22.47279078756007,63.33857415051282]],[[22.47279078756007,63.33857415051282],[22.46918951754794,63.33886417447295],[22.447006345239075,63.340648527468886],[22.422455593234613,63.34261902602273]],[[22.422455593234613,63.34261902602273],[22.44669198863378,63.34807564853123],[22.44494439758256,63.36043947840117],[22.431177486047208,63.37755956850081]],[[22.431177486047208,63.37755956850081],[22.40395605952511,63.440954294537214]],[[22.40395605952511,63.440954294537214],[22.404022801456687,63.44104414504881],[22.404171506061527,63.44128101319961],[22.404286868828763,63.441516392396075],[22.404359088675072,63.44174855008436],[22.404374244745057,63.44197560400389],[22.404313510993653,63.44219538446583],[22.404152664638463,63.44241573509026],[22.403910803529435,63.44262793299858],[22.4036102437974,63.44283406128114],[22.403267861523233,63.44303572491954],[22.40289623371759,63.44323414868286],[22.402504623241004,63.44343025918541],[22.402099769098864,63.44362475347666],[22.399587408957967,63.44478102552238],[22.398760757499712,63.445169937047964],[22.398355445527173,63.44536685571958],[22.397957931432316,63.44556633659789],[22.397570745254782,63.4457693353392],[22.397201774462044,63.44597329894176],[22.396842687084987,63.446180686244155],[22.396490916312253,63.446390583684476],[22.395801919883873,63.44681529018695],[22.39478751735501,63.44745860792737],[22.387090420943906,63.452413060975196],[22.386063227226785,63.453050416848775],[22.38537751177277,63.453448885110625],[22.38535039779194,63.45346464011239],[22.3849783460869,63.453665782920645],[22.384602230993092,63.45385672223682],[22.383820027514854,63.454227171402756],[22.382605799256883,63.45476731880607],[22.38095803151954,63.45547649226443],[22.379712321792812,63.456003554250934],[22.379558347787466,63.456067205632216],[22.378873967551698,63.456350116272944],[22.378022041897943,63.45668814787428],[22.377587482818203,63.4568517275386],[22.37714441685638,63.45700990682591],[22.376690019153234,63.45716086768498],[22.376218085227155,63.457304491863354],[22.375735999169407,63.45744144630333],[22.374271502331222,63.4578371044654],[22.373791097881067,63.45797157050597],[22.373322393393796,63.45811143717506],[22.372871323257097,63.458259723143264],[22.372445181545793,63.45842008560034],[22.372049293118696,63.45859552181069],[22.371677979268096,63.45878310893572],[22.371323528755166,63.458979258401044],[22.369957978928774,63.459797518431415],[22.369249358873912,63.46020023689118],[22.368518958965062,63.4605966060574],[22.36667421390407,63.46158191410998],[22.365959666275735,63.461983548473576],[22.365615729939034,63.46218869273991],[22.36527151025936,63.46240553430341],[22.364609304597334,63.462847690408914],[22.36363367513059,63.463516161515926],[22.362959840618352,63.46395338538158],[22.36260477483519,63.46416564837559],[22.362240085445883,63.464368009545105],[22.361861788978853,63.46456563240976],[22.36147347545715,63.46475976828422],[22.36067720572056,63.46514122060095],[22.357832916469857,63.466457137914084],[22.357035633025365,63.4668391453813],[22.35664555566178,63.46703338768361],[22.3562639335823,63.46723081476297],[22.355572901067973,63.467611135092895],[22.35423382505829,63.46838678596797],[22.353554316063917,63.46876919555231],[22.353204243620013,63.468955671755694],[22.352843201556084,63.469137188022174],[22.35246722262926,63.46931197947373],[22.352076712679693,63.4694772661276],[22.35167164239117,63.46963603511468],[22.35083332791504,63.46994109145487],[22.349123979819908,63.47053833813884],[22.348704308252437,63.47069185540462],[22.348293141588236,63.47084970409203],[22.34786379618271,63.471025202897955],[22.347033761957764,63.47139060472588],[22.346628588695225,63.47157819015613],[22.345831300774954,63.4719595116017],[22.344663358714786,63.47254271016319],[22.343911641511987,63.47294028718622],[22.343549698402498,63.47314330839712],[22.343201609062987,63.47335048349357],[22.34287224021117,63.47356325354603],[22.342563619821057,63.473784191912706],[22.342273686133762,63.47401070100186],[22.34199719382514,63.474241209774],[22.341468802793063,63.47470951603635],[22.340431281452318,63.47565136254511],[22.340160656002418,63.475883225257775],[22.339878958215788,63.47611159432812],[22.339581462967754,63.47633498467579],[22.339262137796975,63.47655149264519],[22.338922296259256,63.47675606034673],[22.338561088097755,63.476953898983105],[22.33818407420898,63.47714676802472],[22.337795496717384,63.477336005374546],[22.337398539036478,63.47752260958122],[22.336588165672733,63.47789058739373],[22.335764418909932,63.478254030248955],[22.334931686563436,63.478613667486925],[22.333663143571055,63.47914193366755],[22.332795377336435,63.479479387289985],[22.33235062666957,63.47964038246477],[22.33189585348915,63.47979397535293],[22.331707582945533,63.47985286605426],[22.32911383095929,63.480724376630505],[22.328130925825032,63.48144253442302],[22.328106984767945,63.48146545462282],[22.327920332096753,63.48167227014506],[22.327755073073153,63.48188447822503],[22.327611638939224,63.48210126480135],[22.327482648114504,63.48233653676188],[22.32705382915516,63.48329529697499],[22.326928276913268,63.48353365947866],[22.32676794374819,63.48378938703815],[22.32658622922507,63.48404268869979],[22.326179275317575,63.484544225215544],[22.325737747696753,63.48504161219761],[22.325046049791695,63.48578396140481],[22.32433980751532,63.48652396632219],[22.323619671155033,63.48726008240469],[22.323453669688924,63.487421343329885],[22.32312052906023,63.48774496598553],[22.322859429305357,63.487983859181426],[22.322586269196872,63.48821904710624],[22.322296388070146,63.488449098400366],[22.321983671499343,63.48867213390672],[22.32167965309823,63.48886508512958],[22.321358761059766,63.489052837833434],[22.320359859557826,63.48960466440012],[22.320034415048404,63.489790685470695],[22.319722602005342,63.48998066841311],[22.319420622423436,63.49018123799338],[22.318564248224916,63.49079409285803],[22.318270268287748,63.490993393643464],[22.31795861895885,63.49118533821989],[22.317619798198997,63.491366360733515],[22.31724576135375,63.49153408145553],[22.316843577033502,63.49169075686906],[22.316421907450454,63.49183989536413],[22.315111467526194,63.492271043525555],[22.314681494597007,63.49241821273682],[22.314266628561846,63.49257178242623],[22.31387712438099,63.492732777759635],[22.3135116579828,63.49290220498901],[22.313172941179392,63.49307951741957],[22.312865730224445,63.493264745291896],[22.312597136912398,63.49345851319073],[22.312376979685556,63.4936620713482],[22.312207589167087,63.49388400088116],[22.312083780260988,63.49411485494194],[22.311988438625953,63.49435165870035],[22.311824011131307,63.49483340597508],[22.311727112670596,63.49507410914214],[22.31160117784462,63.49531198049682],[22.311426693831667,63.49555548521532],[22.311214869464195,63.49579482802735],[22.310975146128033,63.49603101451164],[22.310714750718436,63.4962647995849],[22.31043907922771,63.49649671626887],[22.30985617918647,63.496956060724365],[22.309243434985508,63.497409237876624],[22.308926782127514,63.49763258182002],[22.308601903949317,63.49785268583575],[22.30826651321333,63.49806825718015],[22.30791715504563,63.49827749084264],[22.307548985451355,63.49847793546034],[22.307155497234557,63.4986663242261],[22.306786294911408,63.498818576613814],[22.306396260280888,63.49895971073381],[22.305989193302054,63.499090388047605],[22.305567938615965,63.49921062986731],[22.30513458080284,63.4993198417425],[22.304684517590076,63.499419489322584],[22.303785980959045,63.49960173456688],[22.30335553060352,63.49969415007309],[22.30295130365599,63.499794132759625],[22.302585681322046,63.49990726593949],[22.3022735370759,63.500039937044924],[22.302016358408295,63.50020509557254],[22.301818486447328,63.50039285292275],[22.30166469979363,63.500597605667764],[22.301542957277768,63.500814959999815],[22.301443717956122,63.50104149720385],[22.30135936366154,63.501274576651525],[22.301137596958643,63.50199488763484],[22.30096733152291,63.50248054573975],[22.300854298345474,63.50273983383904],[22.300589313894577,63.503255737798135],[22.300134401416464,63.50402443779435],[22.299639978214316,63.50478753142207],[22.299286703307175,63.50529131571165],[22.299098554976602,63.50554056795243],[22.298898886722142,63.50578712741629],[22.298683408461265,63.506029966312454],[22.298446380069507,63.506267705186026],[22.298180266576043,63.50649853051867],[22.29789468022345,63.50671022843473],[22.29758305909945,63.50691574053945],[22.297252747249082,63.507116825299136],[22.29690984619271,63.50731491439444],[22.295856845600188,63.50790245001979],[22.295514472730495,63.508099340464646],[22.29518612140895,63.508298431652676],[22.29487944043359,63.50850090880582],[22.294612542060122,63.508701805903854],[22.29460407133764,63.50870818104437],[22.294372316327358,63.508921958223524],[22.294187075002153,63.509155353212634],[22.294056829949728,63.50939474854431],[22.29397564288746,63.50963697046218],[22.293942311465074,63.50987901358486],[22.293960396071633,63.51011783046846],[22.294038451648266,63.51035012339361],[22.29415375459152,63.51051849085342],[22.294190486730376,63.51057212561333],[22.29440308227032,63.51076261266675],[22.294672747574676,63.5109443375223],[22.29498254001642,63.511120251468796],[22.295318343783197,63.51129297533312],[22.296020670477557,63.51163856748316],[22.29636581363106,63.511816344019635],[22.296692771419,63.51200103692835],[22.297009715427997,63.512206578871805],[22.29729810575351,63.51242099324622],[22.297560803097888,63.512642449813505],[22.297798634794397,63.51286965307132],[22.298010282766647,63.513101776539706],[22.298192109022413,63.51333840937876],[22.29833789488048,63.51357952534552],[22.29844545403013,63.513834510524205],[22.298515614551427,63.51409313135479],[22.298556295757777,63.51435412843975],[22.298572407717792,63.51461643119859],[22.298566104582484,63.5148790618948],[22.298536909140957,63.51514103901788],[22.298481668836697,63.51540127691718],[22.298394369278075,63.515658482542776],[22.298268248146798,63.51591196503402],[22.298105199070186,63.51615984589621],[22.297906275551657,63.516400628168014],[22.297669044922156,63.51663210762054],[22.297413477590315,63.51683518865896],[22.297126562105227,63.5170275172988],[22.29681215953515,63.51720803954887],[22.296471914566055,63.517374817386184],[22.296105406963452,63.51752492849942],[22.295710251583497,63.51765436073759],[22.295265607461474,63.51776546076661],[22.2943352370157,63.517957373381336],[22.293880943506547,63.518064186924526],[22.293463709803056,63.51818906768378],[22.293072725070424,63.51833337699246],[22.29270877682635,63.518493927816706],[22.292374653265146,63.518668628644974],[22.292075416943167,63.518856411579726],[22.2920403420197,63.5188838456976],[22.29181871800168,63.519057189602904],[22.291609491077033,63.519271966199334],[22.291438855445605,63.51949690601007],[22.291294490043246,63.51972894255828],[22.290795383064463,63.52068384939898],[22.29065224473633,63.520920398153955],[22.290486450159552,63.52115882147031],[22.290137087340046,63.52162485754964],[22.28998014879842,63.52185322206708],[22.28985545704731,63.522078598708255],[22.289781825804127,63.522300774259136],[22.289782240856795,63.52251928076459],[22.289879815657965,63.5227411364993],[22.290058859846845,63.522959491783396],[22.290297517853173,63.52317529223298],[22.290579144810177,63.523389251282914],[22.290891238282633,63.523601904065934],[22.291224525307392,63.52381364749688],[22.291929315803703,63.52423551430627],[22.293758693322644,63.52528899748856],[22.2944784633593,63.5257138048927],[22.294501456036418,63.52572814403199],[22.29516949211703,63.526144761978564],[22.29549647917271,63.526364277829245],[22.295804848759182,63.52658789024229],[22.296087995165394,63.52681707282788],[22.29632355305151,63.527036148751236],[22.29653630022337,63.527260096663504],[22.296731070343785,63.52748765379715],[22.296911378784795,63.5277178062825],[22.297079626178245,63.527949727506275],[22.297385006084447,63.52841615172933],[22.297522790972966,63.52864942084048],[22.29762355639582,63.52883557068333],[22.297905932771656,63.5293572126388],[22.298068654514395,63.52958688588517],[22.298286228504125,63.52981556185699],[22.29854538954175,63.530037282772426],[22.298832736235568,63.53025407122194],[22.299534489361093,63.530737163983225],[22.300058243066303,63.53109770656661],[22.300339234302296,63.53130634197242],[22.300813192524203,63.531681861891336],[22.301066182956195,63.531855281734984],[22.30135888935296,63.532010604899874],[22.301714921056426,63.532144889584295],[22.302120288881707,63.53225987748429],[22.30256085472203,63.53236179384424],[22.30302471086668,63.53245603437697],[22.30398170859503,63.53264085755848],[22.30445611643536,63.532740979087855],[22.30491505766337,63.53285313738789],[22.30532459465183,63.53297384776714],[22.3057091692307,63.53310912202122],[22.306065422983348,63.533258369964095],[22.306388209655665,63.53342187174917],[22.306705521805956,63.53362229663063],[22.30698338737178,63.53383719053416],[22.307230333337323,63.534062812644926],[22.307452120319343,63.53429639879613],[22.307652059564877,63.53453597405781],[22.307831249431366,63.53478020134376],[22.307988696990545,63.53502826671218],[22.308121345890136,63.535279783170004],[22.308229279596848,63.53554113123544],[22.30831607846949,63.53580474760382],[22.308530336029424,63.53659873827117],[22.308609531126706,63.53686127409715],[22.308704262966856,63.53712098821201],[22.308822670376724,63.537376519666196],[22.30897438218805,63.53762616242277],[22.30916674721917,63.53786957449418],[22.309386774891912,63.53810669503563],[22.309845051296424,63.53856689978332],[22.31005034792313,63.53879133844886],[22.310214856695595,63.539012284618316],[22.310315609486764,63.53922952092135],[22.31032437011951,63.53944250450319],[22.31022120413725,63.539648423955214],[22.31002969001775,63.53985152205613],[22.309779153111474,63.54005380177282],[22.309265086551676,63.540415962251075],[22.309197038334183,63.54046390194133],[22.30890792606293,63.54067616521686],[22.30864796700307,63.540896815243364],[22.308447086610364,63.541112713500155],[22.308286504280215,63.54133623557743],[22.308163736971792,63.541565194080306],[22.308079098149758,63.541797776519424],[22.30803584370561,63.542032443089276],[22.308040415548906,63.54226783123309],[22.308098926203783,63.54250525279771],[22.30820165172749,63.542742120954514],[22.308337254171406,63.542978425455175],[22.308497189724925,63.543214115463854],[22.3086752271041,63.54344907478118],[22.3088670634804,63.543683092164954],[22.309282859378307,63.544146796428],[22.309505673965074,63.544375261333904],[22.309739881699514,63.54460022502684],[22.30998829386774,63.54482032272652],[22.310255272187327,63.5450337233403],[22.310546963843446,63.54523801214427],[22.310871624020155,63.54543004394866],[22.31122807679433,63.5456036882974],[22.311616525453722,63.54576507029835],[22.312029315860787,63.54591669800201],[22.312460651938963,63.546060348115816],[22.312906257744647,63.54619717182681],[22.31336308017516,63.5463277740786],[22.31382903441679,63.546452278063484],[22.314302801427793,63.54657037973051],[22.315484625207866,63.54684778195828],[22.315868306501933,63.546946892411704],[22.316015401312786,63.54698990581423],[22.316322464738374,63.54707969594626],[22.316761297940907,63.54722354054383],[22.31718749394042,63.54737600978781],[22.317602706183813,63.54753528828118],[22.318007569683285,63.54770008934335],[22.318401648517625,63.547869606545845],[22.318783345461195,63.54804347480103],[22.319149740867783,63.54822175701512],[22.319496357679043,63.54840495080861],[22.319816854559168,63.548594015369105],[22.32010262406105,63.54879042397513],[22.320342317777545,63.548996231215185],[22.320531521441662,63.54922007622362],[22.32067050220139,63.549453382619],[22.320769874144787,63.54969340310842],[22.320837012424924,63.54993792474159],[22.320876515113717,63.55018512037154],[22.320890578472117,63.55043341165965],[22.320879280897735,63.550681347971526],[22.320840813562747,63.550927490718294],[22.320707014013422,63.55142573771181],[22.320706357028833,63.5514281775414],[22.320666185357464,63.55167695700485],[22.32067807655933,63.55191951102719],[22.32073804329061,63.55216119119474],[22.320839900869373,63.552400252140444],[22.3209808055357,63.5526345315925],[22.32116127764046,63.55286127307065],[22.321385295019663,63.55307691399196],[22.321660542687948,63.55327683030892],[22.322002613209147,63.55346121552721],[22.32239304607227,63.553626007452934],[22.32281793965392,63.553772653516276],[22.32326657713698,63.553900789875456],[22.323344566548236,63.55391883438145],[22.32373066468786,63.55400816525245],[22.324203720254626,63.554090469871056],[22.324680534285072,63.55414108221859],[22.325156740827502,63.554150720499564],[22.325622759864537,63.55411360806831],[22.326088977012407,63.55404262706893],[22.327042180110244,63.55385978348402],[22.327540883593,63.55377580899989],[22.32794849766165,63.553724458798264],[22.328366837898383,63.55368785736602],[22.328792059121646,63.55366667049595],[22.32925718234984,63.553661978027336],[22.329721468651204,63.55367534452906],[22.330180029160523,63.553706116839],[22.330627395412826,63.55375471646025],[22.33105718995951,63.553822680981646],[22.331460694975036,63.55391117409721],[22.331835365060094,63.55401918228855],[22.332175423350883,63.554145524653954],[22.332472888392374,63.55429011660347],[22.3327614486991,63.55448414311284],[22.332990962111246,63.55469682029756],[22.33317158808134,63.554921376338115],[22.333308632366546,63.55515209601349],[22.333402733641833,63.55538387090791],[22.333449816361416,63.55561178514094],[22.333440781472163,63.55583071321447],[22.33336096098737,63.556034919127974],[22.333189298647007,63.55621765371403],[22.332919176470742,63.55636909866634],[22.33256553141966,63.55649983274125],[22.332151442868238,63.5566156201832],[22.3316951698466,63.55672122113782],[22.331211315809675,63.55682067872924],[22.330207315926287,63.55701542643191],[22.3297071504468,63.55711769518594],[22.329221041098123,63.55722831541445],[22.328759437124283,63.55735184299594],[22.32833436409665,63.55749378462746],[22.327932674322305,63.55766971136966],[22.32757475428236,63.55786682037571],[22.327250244875824,63.55807947725919],[22.327112539078513,63.558182837762395],[22.326951878601637,63.55830342535741],[22.326675146512116,63.55853551682497],[22.326418082304844,63.558773479907785],[22.326181213343883,63.55901573841755],[22.325967658885762,63.5592612683772],[22.32578340545516,63.559509493716675],[22.325637743817428,63.55976020522152],[22.325543899899376,63.56001351457683],[22.32551375293732,63.56026183133285],[22.3255370344821,63.560511503648506],[22.3256059883298,63.56076120636333],[22.325716899650246,63.561009666167955],[22.325868490479426,63.56125768293903],[22.326050764538333,63.56150368927847],[22.326254735554432,63.56174815794719],[22.326702857370602,63.56223389460946],[22.327665121470368,63.56319844651937],[22.32890278415614,63.56439500002954],[22.329419553213995,63.56486702006724],[22.329689661641453,63.56509990036109],[22.32997192423274,63.56532963594954],[22.330267529273762,63.565554346474286],[22.330575325278414,63.565775948403825],[22.33121522170794,63.566212983698804],[22.33141332648131,63.56634222821478],[22.33220762789136,63.566860419082815],[22.333456356837548,63.56765111737592],[22.333897761712066,63.5679306031346],[22.334934475128748,63.568565067338156],[22.335645783216464,63.56897924954026],[22.336011342669735,63.56918149901862],[22.33638593303015,63.569378989440345],[22.336771818502495,63.56957016679242],[22.33788443920164,63.57007559926802],[22.338236014767237,63.570242752346346],[22.33855960651138,63.57041385157889],[22.338841242517965,63.570592008062235],[22.33906390340293,63.570780803947144],[22.339222160111074,63.57099770896489],[22.339312262229736,63.571227427300784],[22.339352358120404,63.571466643232526],[22.339356300775904,63.57171280493717],[22.339334469721457,63.571963959743094],[22.339294480236212,63.572218624358236],[22.339241733834548,63.572475663408895],[22.339110995691502,63.57299349193673],[22.338954595898347,63.573511869452744],[22.33876502844125,63.574025462793074],[22.338649717195743,63.57427828987986],[22.338513126996823,63.57452681581123],[22.33834689679702,63.57476931707094],[22.33813993397089,63.57500354686401],[22.337887032046538,63.575224685548584],[22.337594197702177,63.575437671961566],[22.33727199885215,63.57564457370169],[22.336928413037054,63.57584690110979],[22.33656932752233,63.57604568288678],[22.33619892980435,63.57624152105542],[22.335434206134,63.576624778417134],[22.33530415467929,63.57668539219385],[22.33464340428998,63.57699334789395],[22.33423678214066,63.5771689979579],[22.333819961802867,63.5773359823052],[22.333389526628295,63.577491090706026],[22.33294073770499,63.5776300581421],[22.332467308842656,63.57774732543921],[22.331981671371118,63.57783590455483],[22.331473462441085,63.57790498531932],[22.330949219142024,63.57796070753968],[22.329331122947433,63.57809728840133],[22.328791258179464,63.578147454175884],[22.32825849986905,63.578207607593434],[22.32778170061033,63.578274937301735],[22.327316611472554,63.578354216426625],[22.326865583782922,63.578445257404695],[22.32643203544883,63.578548604418906],[22.326020679638816,63.578665578641434],[22.325811160353762,63.57873803150038],[22.325594661758544,63.578812897513636],[22.325201033355604,63.57897548944314],[22.32483983566779,63.57915029134638],[22.32451413726829,63.579335298420716],[22.324230310800438,63.57952944011433],[22.32399844108079,63.57973250443602],[22.32383285405265,63.579945088672666],[22.323745654975575,63.5801636592156],[22.323717938192214,63.580389965996],[22.32373092721119,63.58062181528586],[22.32376905017142,63.58085748032408],[22.323869005849605,63.58133492844861],[22.323907894645746,63.5815745158044],[22.32392462312316,63.581813328669014],[22.32391326310012,63.58204024031711],[22.32382911789065,63.58270190642205],[22.32383089361752,63.5829117776149],[22.32387405637641,63.58311315428256],[22.323978106872236,63.58330333466793],[22.324139580874014,63.58346576608186],[22.32435219699684,63.58361968638246],[22.32459939237639,63.583768328221424],[22.32471836573371,63.58383246182027],[22.32571169006793,63.58436791355444],[22.326011562881252,63.58451184661208],[22.326348018780806,63.58465046507687],[22.327025302252025,63.5849115131214],[22.327582503664143,63.58515371446511],[22.327860436082002,63.58526369913583],[22.32815680293046,63.58535472974911],[22.328402320557064,63.58540570797248],[22.32866439712,63.58543801820654],[22.329105636281135,63.585449397845935],[22.329572544274974,63.58542300651881],[22.330057269395603,63.58537101863289],[22.330553155337196,63.58530332483616],[22.33247282573417,63.58501287113797],[22.33288609612857,63.58493219640849],[22.33324507659478,63.5848327061304],[22.333493153779788,63.58472717633124],[22.33367892263399,63.584604177758635],[22.333792725125225,63.58447258746462],[22.33384562601152,63.584332715546935],[22.3338405965569,63.584189353835995],[22.33377960951923,63.58404022847283],[22.33358600626387,63.583736100099834],[22.33350798999373,63.58357593103269],[22.333471766132803,63.583370330016386],[22.33349785205657,63.583156709006246],[22.333579444313493,63.582940354398914],[22.333713595158173,63.58272631839187],[22.333901237089695,63.582519748913036],[22.33414726567408,63.58232620883577],[22.334455330460862,63.58214896501661],[22.334804604474993,63.5819838309677],[22.3355328288657,63.58166352286487],[22.335866715909578,63.58149555653709],[22.336148769316925,63.5813133496302],[22.33635040594774,63.58112376325688],[22.33650122801043,63.58092017058397],[22.336617927865074,63.580707364026935],[22.336908419737988,63.58005629482711],[22.337032567023964,63.57984938139414],[22.337196535059856,63.57965574461723],[22.337419563623335,63.579481602960385],[22.337704375420316,63.57933731965891],[22.33804794479411,63.57921326648518],[22.338436629759084,63.57910596058251],[22.338859771906872,63.57901311154145],[22.339309201426143,63.578933537846076],[22.339778810786328,63.578867108026316],[22.34026419281591,63.57881473246153],[22.34076234496934,63.57877838251612],[22.341306048740964,63.57875895580209],[22.341858449921883,63.578755687017036],[22.34241675402866,63.57876417687677],[22.342978931555493,63.578781022204616],[22.34410954504721,63.578829800261595],[22.346376355524704,63.57894030428371],[22.34694215166078,63.57896228184169],[22.34750712797609,63.57897868845486],[22.34807102618191,63.57898723885955],[22.34863350053192,63.578985046062535],[22.34920114675744,63.57896948887103],[22.349767096699185,63.578942550178816],[22.350331388863257,63.578906731176],[22.350893833773906,63.57886375589523],[22.351453968618756,63.5788146506784],[22.352010988768786,63.57875979231996],[22.35256365489237,63.57869892034884],[22.353110184820753,63.578631119143026],[22.353648091910692,63.57855475694552],[22.354173995817057,63.578467396112316],[22.35468308539603,63.578367129073726],[22.355176022307145,63.57825524000806],[22.355651601462025,63.578133433658124],[22.3561069958418,63.57800253399964],[22.356537555121893,63.57786253079381],[22.356936510627378,63.57771259432688],[22.35729462648348,63.57755106142537],[22.357599775765824,63.577375386660265],[22.35784466383194,63.57718445544312],[22.35825701889244,63.57678037681531],[22.35848461800964,63.57658149553226],[22.358704227239404,63.57642862100377],[22.358957962434452,63.57628495383456],[22.35924512694117,63.576152387562566],[22.359649970287293,63.57600398224009],[22.36009500683545,63.57587182924729],[22.360569774306903,63.57575226042019],[22.36106618143337,63.57564273479249],[22.36157801137593,63.57554172807433],[22.362100487818292,63.575448683510594],[22.362629913975837,63.57536399837525],[22.36316335959511,63.57528908755946],[22.363698391012075,63.57522649262093],[22.364232844898662,63.57518006958561],[22.364764610040403,63.575155239061104],[22.365291436929635,63.575159301098985],[22.365798470841113,63.575196926918096],[22.366298745569498,63.575262627584664],[22.36679212523301,63.57534998540669],[22.36727787009019,63.57545431758176],[22.36775454376728,63.575572391744046],[22.368219896343113,63.57570220277975],[22.36867070756246,63.57584279601537],[22.369102591345857,63.57599412962236],[22.369509775794278,63.5761569757975],[22.369909742166477,63.57634195400337],[22.371008808259017,63.576904603837455],[22.371374133237737,63.57706668965874],[22.37175457954289,63.57719898316522],[22.37216047849232,63.57728784125179],[22.37257958024796,63.577321642124225],[22.373022179609183,63.577312700415426],[22.3734789202022,63.57727042458953],[22.373941151043212,63.57720147726396],[22.374400367211358,63.57711012403352],[22.374847627935612,63.57699848535371],[22.375272957969674,63.57686670516055],[22.3756647057996,63.57671301288956],[22.37601828728541,63.57653311813824],[22.376334958879035,63.576334001970416],[22.37662403064535,63.57612107267197],[22.376892515859318,63.57589837482799],[22.377145517054906,63.575668883273934],[22.377617638320153,63.57519740288945],[22.378052532058664,63.57471670190804],[22.378254546002164,63.574474137456505],[22.37844306679882,63.57423013308569],[22.378613968484593,63.57398438938726],[22.378761513068834,63.57373635803309],[22.37888343297294,63.573479865598635],[22.378981502085814,63.57322108857507],[22.37906230477849,63.572960736654075],[22.379190787092657,63.57243724505021],[22.37934328490044,63.57164919763495],[22.379717393331813,63.56954776013442],[22.380004740183367,63.56802916984942],[22.380164046978226,63.567187180995035],[22.380240889663188,63.566664744886296],[22.380266067853217,63.56640459780735],[22.380276901409882,63.566145601274194],[22.380267403464163,63.56588822760669],[22.380229614694727,63.56563310939735],[22.380153072800162,63.56538107723522],[22.380030046509052,63.565134021805676],[22.37986859264802,63.56489002313557],[22.37967903891521,63.564648256033514],[22.379469249622897,63.56440809463873],[22.379245143652085,63.564169066180966],[22.378770365107155,63.56369309658925],[22.378277302556423,63.56321854566818],[22.37626837971799,63.561323857832996],[22.375500077856888,63.560617013510004],[22.374968926193485,63.56015022158288],[22.374692906022954,63.559919266900074],[22.37412997989447,63.55947469628797],[22.374102311652898,63.55945386573934],[22.372671946005138,63.55837694529183],[22.372114256034198,63.55793515926185],[22.37185384322102,63.557711814403845],[22.371612996837314,63.55748587315433],[22.371399287480752,63.55725636546872],[22.371222534040903,63.55702204871139],[22.37108783548444,63.556775010975585],[22.37099427609542,63.55652298765999],[22.370933839358738,63.556267389588804],[22.37090136517146,63.55600936288696],[22.37089420605864,63.55574986870859],[22.37091198198329,63.55548976434491],[22.370956396508447,63.55522987911449],[22.371019865233063,63.55499675501782],[22.37126168226103,63.55430368558914],[22.371328731230765,63.55407577223731],[22.37137227524519,63.55385040371965],[22.371380168150406,63.553628583905436],[22.37133486930816,63.55338822444783],[22.371235939697698,63.553156534388705],[22.37108707819827,63.55293705114734],[22.370887500450003,63.55273453129811],[22.370631774344393,63.55255528063728],[22.37030950285069,63.55240752964522],[22.36990901452061,63.55229682728055],[22.36944802771401,63.55221567353115],[22.368944681311685,63.55215310119465],[22.367865365592323,63.5520468198389],[22.367310505551497,63.551986272631275],[22.366757341096182,63.55191180937546],[22.36620660445038,63.55182478373808],[22.365659060354673,63.55172807105945],[22.365115613024887,63.551623874087745],[22.36457753926214,63.55151380246614],[22.364046765414304,63.55139894285426],[22.363526156567186,63.55127990337401],[22.36301988743765,63.55115683912524],[22.362533902440532,63.55102945002245],[22.362076483123165,63.550896950641025],[22.361658953482664,63.55075801036363],[22.36129656942875,63.55061066442049],[22.36100956272133,63.550452192154225],[22.36082435936806,63.5502789757259],[22.360761225881735,63.550085647386965],[22.360796526042527,63.54987839796149],[22.360896525837138,63.54966229951389],[22.361310514298253,63.54900481939466],[22.36140141381013,63.548797512700546],[22.361422090328997,63.54860508369272],[22.3613376002758,63.5484346911265],[22.361124137626394,63.5482940845751],[22.360803892287247,63.54817692617809],[22.360406043700763,63.54807848306918],[22.359953524645437,63.54799585686922],[22.359950660132426,63.547995459183255],[22.359464480682146,63.54792787454586],[22.35895354872318,63.54787506150495],[22.35843301932058,63.54783972151141],[22.35791385021667,63.54782611250872],[22.357406598490996,63.547840725919926],[22.356922263416973,63.54789268086505],[22.356475159771872,63.547987896741525],[22.35605428525078,63.5481189489866],[22.355653294471438,63.54827627807853],[22.355267252963966,63.54845264166627],[22.354892400840978,63.5486426339302],[22.354525950234002,63.54884229505467],[22.354165913114926,63.54904878192948],[22.353810969475386,63.549260112995185],[22.353113853273744,63.54969249457915],[22.352767220697743,63.54991778420805],[22.35243447796885,63.55013404328249],[22.352103494320318,63.55035787470987],[22.350474740662428,63.55150794905549],[22.350149131307205,63.5517241556694],[22.349819230023154,63.55192779286174],[22.349482969130563,63.55211289256893],[22.349137960148855,63.5522713783346],[22.348781396675268,63.552392426377104],[22.348409965470452,63.552461702822946],[22.348042866873804,63.55246812043714],[22.347673569386767,63.55242402677328],[22.347317191568372,63.55233864118367],[22.34699018930003,63.55221776993151],[22.346711327831922,63.55206415071384],[22.346494707717543,63.55187880684318],[22.346331472142634,63.551669404600155],[22.346207947558145,63.55144281782556],[22.34611359527021,63.55120419669116],[22.34604042510797,63.550957347946344],[22.34598251240997,63.55070505016445],[22.345896686711033,63.55019152444351],[22.345814516385865,63.549414413916864],[22.34579003383835,63.548897639554745],[22.34579183309821,63.54864033695057],[22.345807472365074,63.5483839492037],[22.345841836940437,63.548128619855405],[22.345899284013804,63.54787296093265],[22.34597554432144,63.54761825984072],[22.34606552785723,63.54736427644982],[22.34616535059248,63.5471108062417],[22.346383652749843,63.546604738409535],[22.346734101637168,63.54584596122603],[22.34709766019075,63.545085727604715],[22.34748205870131,63.54432416822551],[22.34776697009326,63.54381810607744],[22.34792448286644,63.54356665861907],[22.348091141471283,63.54331684456654],[22.348445406300645,63.54282449011176],[22.34882397542056,63.542350999728804],[22.349023685332813,63.54212758087673],[22.34923259892192,63.541918549393436],[22.34945357056302,63.54172996718743],[22.34969059628001,63.541569979024054],[22.349949027264955,63.54144936978617],[22.35023585262406,63.54138222918716],[22.350568390945003,63.54138106069363],[22.35092644581113,63.54143755444692],[22.35129712910442,63.54153703945497],[22.351668443019722,63.54166873514926],[22.35202841232619,63.54182504157104],[22.352364218112367,63.54200095640213],[22.352661300306487,63.54219362137428],[22.352902449614827,63.54240198253566],[22.353077639546115,63.54262752126838],[22.35320536624548,63.5428617388295],[22.3534299807235,63.54332819939234],[22.35358216519286,63.54354645475515],[22.3538013716281,63.543744279224136],[22.354084480122637,63.54390262861971],[22.354434354390065,63.544041345609074],[22.35483476391537,63.54416489111045],[22.355273072804547,63.54427660903708],[22.35573960250963,63.54437886477492],[22.356227074767403,63.544473161075366],[22.356730152751524,63.544560207673904],[22.35724506163991,63.544639961114534],[22.35776928951564,63.54471161682551],[22.35830136284302,63.54477356405133],[22.358840671435,63.544823309121156],[22.359426292000062,63.544860735732875],[22.360017509732227,63.544884350959464],[22.360612064176443,63.544897075060156],[22.361208090494976,63.544900650553366],[22.36180391283628,63.54489573443274],[22.362397853775175,63.54488192886099],[22.362988045637078,63.54485775078119],[22.36357223268868,63.544820533793946],[22.364066001988235,63.544776028556555],[22.36431368081299,63.54474754144446],[22.364552386342858,63.54472008521873],[22.365029956334446,63.54465293724831],[22.365496641090154,63.5445740033369],[22.365949606818468,63.54448186549322],[22.366437510706035,63.5443617696542],[22.366907824453257,63.544227001128675],[22.367007877002138,63.54419494623967],[22.367363318816462,63.54408107045924],[22.367805305074118,63.54392642388046],[22.368233666120204,63.543764586429965],[22.36864678425049,63.54359627114001],[22.369041413677934,63.543421431585806],[22.36941244729349,63.543239283135435],[22.369752608947984,63.543048274129156],[22.370052050163412,63.54284602518805],[22.370303978257382,63.5426295130491],[22.370515746531996,63.542402176135695],[22.37069835410228,63.542167008680494],[22.370860443355408,63.54192632434125],[22.371008862372562,63.541681904807746],[22.37156660498246,63.54069124157535],[22.37171892163758,63.540445043958364],[22.37188589227512,63.540201264209514],[22.372066279294906,63.539967556989325],[22.372263080107082,63.53973693232578],[22.372474263898393,63.539509371261055],[22.372698945933294,63.53928510771034],[22.372937387432017,63.539064666219026],[22.373191044006624,63.538848898589904],[22.373462661725068,63.538639049923646],[22.373756428038856,63.53843682193294],[22.37407815616471,63.53824446610763],[22.374460307136022,63.53805028298337],[22.374870684229574,63.53786627317],[22.37616681198876,63.537338553614894],[22.376589333361185,63.53715987028736],[22.37699072197574,63.5369741537759],[22.377359110571128,63.53677735300643],[22.37768286105105,63.53656784422502],[22.37797190048849,63.53634658586968],[22.37823548917947,63.536116658494905],[22.37848072277878,63.53588042343058],[22.378936103938912,63.535395714891074],[22.379365675234993,63.534901889188085],[22.379986595478503,63.53415429731899],[22.38038396359896,63.53365451553092],[22.380752179698124,63.533154817103295],[22.38091601110165,63.532905212843666],[22.381058268636217,63.53265590217762],[22.381170226981713,63.53240701807896],[22.381240303424466,63.532158746974886],[22.381253370692477,63.531911342513936],[22.38119760101971,63.53166511621856],[22.38108691840814,63.53142005699547],[22.380938837009317,63.53117625163237],[22.380243856043514,63.53022143272304],[22.38010749779347,63.52999191924783],[22.380015419965034,63.52976892576714],[22.379987533552928,63.529554721956956],[22.380048787444718,63.52935223827732],[22.380189813966766,63.529187491639874],[22.38039500284608,63.529029438379204],[22.38117540474619,63.52854938020266],[22.38146471426111,63.528345847067534],[22.38173186621247,63.528129821155645],[22.381977039701876,63.527904003341504],[22.38219899821616,63.52767032042771],[22.38239479353991,63.527430024405575],[22.382559474047163,63.527183764877776],[22.382685898387457,63.52693893419913],[22.38278506090972,63.526690070155205],[22.38286401130254,63.52643831478511],[22.382928165527336,63.52618452269086],[22.382981626267753,63.52592932264357],[22.383068019362256,63.52541640053127],[22.383307087408397,63.52361496517563],[22.383434112515307,63.52284587701575],[22.383555917204305,63.52233709834702],[22.38363752768489,63.522084934216515],[22.383739701133347,63.521835009018666],[22.38386942044521,63.52158811634395],[22.384028043892673,63.521350543262095],[22.38421267875969,63.521115868530416],[22.384416246685603,63.52088333494958],[22.38463292953401,63.52065236448279],[22.385536859227127,63.519737158867215],[22.38574874331759,63.51950966878846],[22.385943332583476,63.51928264846215],[22.38611229811429,63.5190562078902],[22.386244947159245,63.518830542717204],[22.386327499902972,63.51860594866028],[22.386342254779546,63.518382840417694],[22.386270575879728,63.51815224876746],[22.386125798683626,63.51792317682127],[22.385927250025475,63.51769510030215],[22.385689586256355,63.517467655452016],[22.38542369417101,63.5172406231466],[22.385137466474482,63.517013941316115],[22.384836418799644,63.51678771314646],[22.384202744505252,63.51633810040631],[22.383872934683847,63.51611616441323],[22.38353433975059,63.51589776300655],[22.38318550318206,63.51568479143391],[22.38282648246452,63.51548021621635],[22.38258396493566,63.515351368432576],[22.382458709397163,63.515284819965274],[22.382085296394084,63.515100907099395],[22.38170882749717,63.51493217859581],[22.381331577029016,63.514784060069296],[22.380955741313507,63.51466413548662],[22.380583667869562,63.51458268331483],[22.380218080920102,63.514553322260014],[22.379887176597503,63.514583243364314],[22.37957284265305,63.5146611439674],[22.379284234884484,63.51477770635467],[22.379032069718424,63.514926326784135],[22.378804031480826,63.515121297337906],[22.378614310152525,63.51533756103616],[22.37827298761672,63.51579201618753],[22.37813117464912,63.515956630881554],[22.378084329941405,63.51601100693494],[22.37785713106181,63.51621120189209],[22.377567964675546,63.516380993780686],[22.377250615850823,63.51649600433701],[22.37688159877575,63.51658308509068],[22.37647436944703,63.51664611640412],[22.376040004370246,63.51668735965456],[22.375587742037947,63.51670752059336],[22.375269697434195,63.516706314187566],[22.375125443280744,63.51670576691403],[22.37466004487965,63.51667970064118],[22.374139417102672,63.516619226300776],[22.373622676815042,63.516532450944815],[22.373109401360317,63.516426705830575],[22.372599104387223,63.516307514504525],[22.372091291367266,63.51617898396068],[22.371585498341627,63.516044125118654],[22.370578318524124,63.515763522419725],[22.369178822547845,63.51536331325824],[22.36656491483075,63.5146157580284],[22.363033018796667,63.513623002005744],[22.362037101618963,63.513333467606756],[22.361550419506838,63.51318482879669],[22.36107704731413,63.51303198341149],[22.360623513867694,63.512873180316454],[22.360198758110315,63.512706099185145],[22.359814849154446,63.51252769403564],[22.35948786443445,63.512334017613455],[22.359257531585857,63.51214663189798],[22.35907951339361,63.511947356637116],[22.35894831918362,63.51173966390071],[22.35886195228724,63.51152657614567],[22.358821851412166,63.51131084058906],[22.35883088525602,63.51109095603088],[22.358885094459808,63.51087396366429],[22.35898009745238,63.510663052971495],[22.359115005926814,63.51046194670539],[22.359292391495075,63.510275142595496],[22.35951837489255,63.51010819408483],[22.359802863719075,63.509968006656536],[22.36019869279619,63.50984937531069],[22.36066057745981,63.50976365510732],[22.361169750422484,63.50970226487961],[22.361712001045458,63.50965879923849],[22.36227663552915,63.50962862522847],[22.362855608679908,63.509608551086906],[22.363442805721554,63.509596575409795],[22.364033431407787,63.50959169465962],[22.364623526678763,63.50959379305234],[22.364894280014116,63.50959830960416],[22.365209527855804,63.50960356800433],[22.3657879077837,63.50962252119121],[22.36635482305789,63.5096529740915],[22.36690581638627,63.50969811589782],[22.367883113042357,63.50981417676272],[22.36836180636374,63.50986666216107],[22.36884245923918,63.509899085391645],[22.3693539977242,63.50990096725775],[22.369871662334667,63.50987398237954],[22.370392642364415,63.5098243748444],[22.37091424765474,63.509756693120124],[22.371433754685203,63.509674030566075],[22.37194824089876,63.509578226898334],[22.37234157975842,63.50949414001239],[22.372454400702388,63.509470021405654],[22.37294836555239,63.5093491811212],[22.37341521426164,63.50921975560412],[22.374329207183756,63.50894886882709],[22.37478953932074,63.508820662629404],[22.37526102703598,63.50870683569118],[22.375760035013943,63.50861207956542],[22.37627220658169,63.508539979012255],[22.376792094029145,63.50849117425335],[22.377314671838725,63.50846827325441],[22.37783505314974,63.50847604937479],[22.378345785670643,63.50851813833708],[22.37885014374344,63.50858849259209],[22.379348403594378,63.50868025639882],[22.379840282667395,63.50878845513844],[22.380324863993508,63.508909692535276],[22.380800498482703,63.50904192180276],[22.381264663431875,63.50918427562534],[22.38171378553014,63.50933696603535],[22.382143027255403,63.50950123616393],[22.38254598379591,63.509677152765086],[22.382928355516373,63.509863231125884],[22.38329395786396,63.510056770113096],[22.3836452746143,63.510255708076706],[22.383983618296796,63.510458452698565],[22.3843092698285,63.510663727251185],[22.384621586502252,63.51087042572376],[22.384908043456605,63.511072520319736],[22.385480510161656,63.51147638552567],[22.38578035459325,63.51165933124373],[22.38611810155896,63.51182157411968],[22.386538038943737,63.51196565207777],[22.38700881567363,63.51208425599439],[22.387516842406512,63.51218379830364],[22.38805155587803,63.5122688621407],[22.388604735556186,63.512342455341205],[22.389169913107164,63.51240617571528],[22.389741824598786,63.512460298574275],[22.39031594625632,63.51250377074321],[22.39079385316485,63.51252912488867],[22.390888057666416,63.51253412183935],[22.391453830465707,63.512547267576075],[22.392008421862634,63.512537233200774],[22.392546078054785,63.51249576575678],[22.39303680744305,63.512420891433244],[22.393510871801993,63.51231744301405],[22.39397199684414,63.51219288996372],[22.394422741395974,63.51205287826706],[22.394864601753806,63.51190156832216],[22.395298031049027,63.51174191344171],[22.3957224399962,63.5115758793035],[22.39613609389475,63.511404595316414],[22.39653597322188,63.511228469745305],[22.396917517875682,63.511047239944666],[22.397274330857247,63.51085998711733],[22.3975977531222,63.51066511365496],[22.39787639389821,63.5104602722819],[22.398066802752737,63.51028181051328],[22.398230822851293,63.5100968461343],[22.398538746029985,63.509701001867505],[22.39869148284741,63.509492096745916],[22.39883589761401,63.50928107589754],[22.398967436327847,63.50906801584137],[22.399080453958135,63.50885279345233],[22.39916799959325,63.50863509523277],[22.39923129523161,63.50837760637704],[22.39926045268641,63.50811720829074],[22.399264934941996,63.50785477279931],[22.399252072222165,63.507590962829845],[22.399227595323982,63.5073262837484],[22.399098149031975,63.50626653277673],[22.399077356574693,63.50600327328782],[22.39907059660634,63.505741738537274],[22.399084652234926,63.50548275373956],[22.39912835394729,63.505227428483934],[22.399213243000762,63.50497724909995],[22.399332962674404,63.50476041443065],[22.399495311896622,63.504550220532536],[22.39970116881258,63.50434811988141],[22.399958963956916,63.504149545747005],[22.400252582736965,63.503958573594446],[22.400570324349378,63.503772653474755],[22.40157471198294,63.50322471846698],[22.401899225735605,63.50303940832274],[22.40220504735518,63.502849895189314],[22.40248311583698,63.50265434121318],[22.402731224858048,63.50244842774841],[22.40338440100872,63.501824512604735],[22.40361781803551,63.501630205597316],[22.40388377451008,63.50145221006412],[22.404184871921498,63.501301604959835],[22.40452886996808,63.501176298804005],[22.404914386795355,63.50108107651577],[22.405375715188743,63.50101608381318],[22.40587378065296,63.50098284665022],[22.406398259797534,63.50097257412412],[22.40694096266481,63.50097828576784],[22.407495223841703,63.5009943306743],[22.409172326369045,63.50105901418956],[22.409718119170734,63.50107186150281],[22.41024665966013,63.50107234460432],[22.410749435458474,63.50105426924365],[22.411215614367958,63.501009882255424],[22.411631327017925,63.50092936388523],[22.41197436058819,63.50080969990822],[22.41226893373736,63.500655714320686],[22.412526702305907,63.50047609000968],[22.41275627566515,63.50027757942763],[22.41296362572241,63.500065389135024],[22.413152394659868,63.49984350622488],[22.413324095642178,63.499614977241464],[22.413478169140294,63.49938214649237],[22.413611926046308,63.49914684756266],[22.41372037569679,63.49891057224949],[22.413795895332257,63.49867461192548],[22.413827789612007,63.49844018187817],[22.413801721446617,63.498208532514084],[22.41370278502969,63.49797498726549],[22.413543263438054,63.49774529739899],[22.413338403338376,63.49751922793368],[22.413099513488458,63.49729687709095],[22.412834630830094,63.497078727339996],[22.412549051529215,63.49686571008191],[22.412245735677562,63.49665930494123],[22.41192557151346,63.49646166152397],[22.411587506586645,63.49627576006701],[22.41122859219739,63.496105610665886],[22.410843908925184,63.49595649094632],[22.410426419850342,63.49583522007462],[22.40995029040201,63.49574323975014],[22.409445312451343,63.49567647404601],[22.408408798140073,63.49556781042104],[22.407906231521327,63.49550182872971],[22.40743500773286,63.49541119140783],[22.40703959073965,63.495296294013386],[22.406681959714252,63.495155235818764],[22.406360066204073,63.49499373497608],[22.406074773514884,63.494816105985],[22.405830051726824,63.494625461117025],[22.405633266340313,63.49442387977051],[22.405495608602685,63.49421254729738],[22.405426470948292,63.49399182060718],[22.405416171382807,63.49376471393849],[22.405452850128093,63.49353372184608],[22.40552843814322,63.493300978686484],[22.405638197574824,63.49306841292322],[22.40578038934407,63.49283788661818],[22.405956059423175,63.49261133512951],[22.40616892652301,63.492390889377006],[22.406414560569157,63.49218347102967],[22.406687714938617,63.491982094461235],[22.407553823613316,63.49139777932683],[22.407819851618772,63.49120507325963],[22.40805328941034,63.49101134957832],[22.40823833519652,63.49081536260426],[22.4083558785898,63.49061576311317],[22.408389986631423,63.49041980949595],[22.40835398757023,63.49022132162818],[22.408257521447357,63.49002239040496],[22.40810642505722,63.489825097796235],[22.407875912116324,63.489605971170846],[22.407596747553395,63.48939043080968],[22.407283005135646,63.48917743680444],[22.40694557405564,63.48896614645554],[22.405512189627427,63.488125777211806],[22.405165247319808,63.48791452700131],[22.40483719172754,63.48770201443785],[22.404537882641282,63.48748787145871],[22.40428001680427,63.48727173766473],[22.404080132603777,63.48705327913697],[22.40395974392964,63.48683221678182],[22.403936217052873,63.48661360260879],[22.403992058581885,63.48639591296633],[22.404109829196383,63.4861831919048],[22.404277317593674,63.48598026297964],[22.404486821494306,63.485793109010636],[22.404734644048975,63.485629326178476],[22.4050207266145,63.48549865622102],[22.40534845882188,63.48541359265401],[22.40569491778894,63.48538490639418],[22.406066977689413,63.485399536008465],[22.40644955966859,63.4854497022748],[22.406828479489047,63.485530116014225],[22.407189642748843,63.48563767886407],[22.407518263912166,63.48577124865771],[22.407827347529288,63.48594455437325],[22.40809746626974,63.48613651595075],[22.408586894816903,63.48653043821965],[22.40883711195321,63.4867098039119],[22.409112113962237,63.486860871365586],[22.409429594342072,63.48696872529115],[22.409810205787963,63.48702186242532],[22.410236171653594,63.487026678524984],[22.41069052646377,63.48699459782198],[22.41115810716231,63.48693379262305],[22.411624450525494,63.486849635278794],[22.412074675746403,63.48674504177765],[22.412492288221863,63.48662069232326],[22.412537735714537,63.486602600496695],[22.412857940469827,63.48647513094235],[22.413148090179536,63.48630475477249],[22.41333514668966,63.48611889921699],[22.413453743419176,63.48591341386358],[22.413523568726077,63.48569431055057],[22.41356085804449,63.48546646603054],[22.41360806755859,63.4847690241891],[22.413641361885475,63.48454335973813],[22.413703705514873,63.48432706195397],[22.413809392786717,63.48412437962512],[22.413975266667705,63.48394036081207],[22.414205424950485,63.483782351098114],[22.414482688701863,63.48363956970996],[22.415072152459793,63.48337015191078],[22.41533200278857,63.48322934080187],[22.415531352792062,63.4830746193851],[22.415651378157193,63.48289216944079],[22.415695849919594,63.48269123628468],[22.415684931778358,63.48247627663766],[22.41563490072812,63.482250734970606],[22.415559072134688,63.482017219802024],[22.415283304519434,63.48128553948687],[22.41520723745061,63.481034531380324],[22.415152669916292,63.480777541762606],[22.415119719709214,63.48051869548766],[22.415106348707432,63.48025884618044],[22.415112003332055,63.480007367352826],[22.415112196484863,63.47999880776229],[22.41513868220964,63.47973945843375],[22.415189194582545,63.479481834889015],[22.415269344494043,63.479227249219704],[22.415376412019782,63.47899217021908],[22.415510918805918,63.47876190185246],[22.415669105985668,63.478537594943404],[22.415700011754,63.478500444998446],[22.415849250335917,63.478321050095616],[22.416051634534234,63.4781148776886],[22.41627858801299,63.47792269430198],[22.416534629425623,63.477749362857004],[22.416826699868142,63.47760129410722],[22.417164478039133,63.477486789408296],[22.41757470755237,63.477409953023674],[22.41803260355651,63.477369310710536],[22.41852529760678,63.47735548080051],[22.419042656376824,63.47736133562595],[22.419576608535387,63.47738159686074],[22.42012053079344,63.477412501097334],[22.42066868951061,63.47745154544134],[22.421215712984285,63.47749730513441],[22.421756087416437,63.4775493166878],[22.422283624819507,63.47760803565908],[22.42279091358759,63.47767485233092],[22.42326869642079,63.4777521716111],[22.423705181451897,63.47784355823807],[22.42408524440169,63.4779539342463],[22.424351257672487,63.47807274442664],[22.424765047089092,63.47849221084808],[22.424835167680868,63.47864421467902],[22.424901759329728,63.47886009298656],[22.42501914348475,63.47930934999472],[22.425101865885324,63.47953559518727],[22.425222844381132,63.479758715537905],[22.425371017374616,63.479950221093894],[22.425551178391512,63.48013860506912],[22.425752678731865,63.48032546425425],[22.426432667970094,63.48093049274233],[22.42667577038596,63.48116368803886],[22.42713964059123,63.48163791468222],[22.42757090667053,63.48211910453658],[22.42777032512548,63.48236172167841],[22.427954774194404,63.48260569933464],[22.428119475286238,63.4828512344973],[22.42825795723551,63.48309868044715],[22.428361698594408,63.48334855689325],[22.428421712191884,63.483586332393386],[22.428453364759765,63.483826077218524],[22.428492156817672,63.484791708803066],[22.42852526648553,63.48503162154551],[22.428590408566592,63.48528664727923],[22.428685117575384,63.485538551533494],[22.428807617381324,63.485786295513186],[22.428958603339197,63.48602841680542],[22.42914137548857,63.48626291403294],[22.429362091537765,63.48648711194982],[22.429630096451216,63.48669751278855],[22.429944674622895,63.48688788178856],[22.430295959130323,63.48706777539101],[22.4310367237647,63.48742116265079],[22.43139322687845,63.48760661786135],[22.431695573775713,63.48778683355916],[22.431979543725667,63.487975689615524],[22.433068900354353,63.48876340787281],[22.43336430717656,63.48895516990599],[22.433681281481157,63.4891387937732],[22.43401946440549,63.4893146374305],[22.434376385033744,63.489482326873464],[22.434750790189437,63.4896407788844],[22.435142592387894,63.489788098648525],[22.435552842643794,63.489921447590135],[22.436048092543302,63.49005359489398],[22.436563181621274,63.49016166951245],[22.437092121199235,63.49024287876502],[22.43762989317515,63.49029171493349],[22.438160042986546,63.490302964530194],[22.43853545089283,63.490287969340066],[22.438685178662798,63.49028198820974],[22.439195376567632,63.490232877252716],[22.439679122877596,63.49015694691917],[22.44012242217911,63.49005281233352],[22.44050783437063,63.489916346984835],[22.44082423640233,63.48974196516616],[22.441079647399434,63.48953833581439],[22.441289673396618,63.48931376181597],[22.441465816779523,63.48907443954815],[22.44161618639548,63.48882492488506],[22.44174605632921,63.488568501734655],[22.441858302042466,63.488307487303615],[22.441953661243506,63.48804346342537],[22.44203089825571,63.48777745714922],[22.44208683085416,63.48751007557695],[22.44211850763914,63.4872465306714],[22.44213275269937,63.486982510859164],[22.442135434581274,63.48592858735467],[22.442148093809404,63.4856668710273],[22.44217624571243,63.48540634828727],[22.442226546131042,63.48514734467005],[22.44230357438971,63.48489085681228],[22.44240119452153,63.484635828517256],[22.442738608443,63.483876248128176],[22.44284091629213,63.483624163814085],[22.442924353338945,63.48337241113952],[22.442978626745134,63.48312092361199],[22.442991180797833,63.48286967587875],[22.442950657912196,63.4826129502804],[22.442865893305974,63.482356367779595],[22.442749275489337,63.48209985212327],[22.44261068224682,63.48184336661173],[22.442458203687497,63.48158692097707],[22.441985651804433,63.48081883240727],[22.441846147107906,63.48056400361727],[22.44172972784773,63.48031050170109],[22.44164798534325,63.48005905791548],[22.44161585276278,63.47981069445728],[22.441652687634132,63.479566808412905],[22.441771684348684,63.47933263302875],[22.441959507573685,63.47910340517679],[22.44219969172659,63.47887848079736],[22.442480384903416,63.47865777121991],[22.442793622138517,63.47844178473472],[22.443134762222787,63.47823170213601],[22.443502072209565,63.47802949742775],[22.443896478328845,63.47783811238563],[22.44432736514462,63.47765722102888],[22.444779961445494,63.477490612495615],[22.445246182217286,63.4773386744911],[22.445719243628037,63.47720358698156],[22.446193050558485,63.477089569715034],[22.446661622805056,63.47700325326958],[22.447118519360508,63.476954175933045],[22.44755625503984,63.47695541702171],[22.447922199306028,63.47700789967879],[22.44826709783379,63.47710169264805],[22.448590576282168,63.477227779782794],[22.448890653084657,63.47737946758168],[22.449163572928903,63.47755204270685],[22.44942710074931,63.47776095774307],[22.4494436278177,63.47777719979472],[22.449646188854324,63.47797627281421],[22.449655609786376,63.4779855303684],[22.449850517235912,63.47822163191523],[22.450010158012233,63.478466480526734],[22.45012207531035,63.47869358210889],[22.450207267356713,63.47892457766321],[22.450269706505665,63.47915807051444],[22.450311535457487,63.479393003152936],[22.450333194925246,63.47962857498704],[22.45033345640376,63.47986416246522],[22.45030942650966,63.48009926616388],[22.450250485913188,63.48036355076607],[22.45016470216874,63.48062675870938],[22.45005970328465,63.480889000629446],[22.4499411993273,63.48115039714164],[22.44967948576837,63.48167112751163],[22.448709259384096,63.48348192684841],[22.448459043161723,63.48399844167498],[22.448347629213867,63.48425695660706],[22.44825008231756,63.48451579620988],[22.44817140128333,63.48477511160231],[22.44811811221781,63.48503508905447],[22.448095138637225,63.485296708118604],[22.448095851078346,63.48555892413299],[22.4481765638763,63.48660854035695],[22.448180552469424,63.486869765464625],[22.44816235973209,63.487129826544795],[22.448111826080414,63.48738823373265],[22.448024656356353,63.48763621185731],[22.447906875614795,63.48788270262054],[22.447767739246775,63.488128232699935],[22.447615049270965,63.48837324833468],[22.447181634625426,63.48904797815423],[22.44710968059631,63.48937108393418]],[[22.233597928482837,63.483215701198745],[22.232856893735143,63.4831909817829],[22.231833023536975,63.48358513400412],[22.231542275978732,63.48405133566386],[22.232373397901192,63.48417424707473],[22.233609009977645,63.48378715340859],[22.233597928482837,63.483215701198745]],[[22.274958015693787,63.39719395354842],[22.27471156992418,63.396757487783276],[22.27380475129185,63.39710814225292],[22.27372672370908,63.397581442695696],[22.273836394533664,63.39820373169463],[22.274422912636076,63.3985087041488],[22.274801994751243,63.39814055770201],[22.27531782062159,63.397586587071984],[22.274958015693787,63.39719395354842]],[[22.109252660654718,63.440581317337084],[22.10735032560542,63.44051611502634],[22.107253218587545,63.44108393465248],[22.10831439225188,63.44140588273912],[22.109765453109695,63.44131282259717],[22.110508760292287,63.44069575002333],[22.109252660654718,63.440581317337084]],[[22.10994579817641,63.438391874907566],[22.108713288493036,63.437207343161965],[22.10772582625471,63.4373876744579],[22.10747022685038,63.43795006042615],[22.108312098641676,63.43862146042668],[22.10875125074664,63.43885069305636],[22.109238938649394,63.43879601272952],[22.10994579817641,63.438391874907566]],[[22.22257597628934,63.390546475071716],[22.22164207743526,63.39041999069443],[22.220605643805666,63.39090874570212],[22.21940842273585,63.3917252387625],[22.219168755814174,63.39252624856212],[22.21936697199506,63.393246760697934],[22.219514904145036,63.39363245030531],[22.21996069478625,63.39350462480373],[22.220696426863668,63.392910609635614],[22.221299954588993,63.39183625099492],[22.222019843293168,63.3913368809447],[22.22257597628934,63.390546475071716]],[[22.149812555558434,63.45918724170974],[22.14971046231518,63.459005297959244],[22.149252781394207,63.45896000507495],[22.14831734882157,63.45898771761513],[22.14757519184184,63.459051738276536],[22.146848094333887,63.459027028302245],[22.14558215779336,63.4590434889159],[22.14510941540192,63.45908690938997],[22.144891024841677,63.4591984692508],[22.144373069708553,63.45950806676088],[22.144805633538354,63.4597012526769],[22.145614725413317,63.460026222693784],[22.14625063640532,63.460196570121774],[22.147359316216733,63.460323488590475],[22.14833997151637,63.460029601964166],[22.148634493694356,63.45986113113627],[22.14919342027433,63.45970164181698],[22.149630174538267,63.459478508391314],[22.149812555558434,63.45918724170974]],[[22.202980026627618,63.438442573119005],[22.20271650274563,63.43811247251692],[22.2015650857076,63.43832362221515],[22.20098044196687,63.438482434074494],[22.200136039403485,63.43923930292766],[22.200357865219175,63.43981786304299],[22.20072446267047,63.440008659287415],[22.201146528182516,63.4403440941679],[22.201842140665033,63.44047456140966],[22.20273201589338,63.44039739165957],[22.20303529682061,63.44001495426428],[22.203112652053274,63.43955353547718],[22.203037412898738,63.439051295018174],[22.202980026627618,63.438442573119005]],[[22.229764909495618,63.41596144376143],[22.23046951700345,63.415556690447936],[22.231146943779024,63.41579349654425],[22.23248760779331,63.41587400422366],[22.233602460350372,63.41587556761156],[22.233867191016078,63.415241943613374],[22.231886976456632,63.41517576455049],[22.23030281420296,63.41512280164687],[22.229352319209937,63.415091015464206],[22.2278556198392,63.41546926593273],[22.22709542770942,63.41572937477386],[22.226469980107755,63.416136761778624],[22.22642857230754,63.41638522708459],[22.22731996232636,63.41677198420002],[22.228082518046357,63.416975960534025],[22.2288249973199,63.41682233152265],[22.229383040535293,63.416341294741756],[22.229764909495618,63.41596144376143]],[[22.19757941569695,63.48343746344993],[22.196634658127913,63.4833581174183],[22.194869285842113,63.48372709002002],[22.194683797586457,63.48419677047386],[22.1948158891954,63.484677131259396],[22.195069772601375,63.485066402935594],[22.19543749007165,63.485411910177405],[22.196260524215187,63.48558235470847],[22.197692485909293,63.48529734216551],[22.19871687890479,63.484903438863235],[22.19891821878915,63.48433910264605],[22.198362622396274,63.48384451805177],[22.19757941569695,63.48343746344993]],[[22.122458542445187,63.4624795468595],[22.12176671757217,63.462247687294585],[22.121121294729953,63.46252310691255],[22.120806388713195,63.46280981702468],[22.120512144461056,63.46336495401808],[22.120858298959014,63.46367425029881],[22.12135182490386,63.46389933940608],[22.1214335601085,63.46419960062157],[22.122446378735486,63.464888627249834],[22.123376977965762,63.464890660484414],[22.124424139508932,63.46459919888136],[22.125150821917895,63.46423729737378],[22.125307727615645,63.46370721091805],[22.125002407962448,63.46354805467632],[22.123786725175748,63.46326857632968],[22.122972749993096,63.46297305870678],[22.122458542445187,63.4624795468595]],[[22.189161672857388,63.402106007377085],[22.187852151036193,63.402002328072385],[22.187050177996603,63.402499157724264],[22.187019980321423,63.40340201120836],[22.1863630071039,63.40415321105687],[22.186446672504285,63.40484017522265],[22.18786699823606,63.404679896624714],[22.189251119974358,63.40433991181029],[22.190826728345208,63.40364943190312],[22.191020270172512,63.40287200107068],[22.189161672857388,63.402106007377085]],[[22.170910986293308,63.42629572447708],[22.170623992430063,63.42610753653414],[22.16948481282391,63.42624744592536],[22.168828374641347,63.42683203039852],[22.16806272108978,63.427591389023235],[22.16812534555918,63.42816462679656],[22.16825522594501,63.42881153238487],[22.169092287613076,63.42951807658096],[22.16916691292297,63.43002033008608],[22.169503229388578,63.43038866389833],[22.169881478251693,63.43050855190114],[22.170545368210345,63.43035255027833],[22.17108668894891,63.429978228064016],[22.171566715497228,63.429494746536726],[22.171699835944906,63.429177998978325],[22.171783644674075,63.428681109113256],[22.17111240733608,63.428408530794975],[22.170758130180864,63.428146677241614],[22.17064755634285,63.42785737640181],[22.17046972345693,63.42749440943673],[22.170345783153376,63.426812013787185],[22.170910986293308,63.42629572447708]],[[22.19148294656654,63.48613555253163],[22.190432252279017,63.48605260171211],[22.189619441579804,63.48645357188665],[22.189304061139833,63.48706165241446],[22.189525997772073,63.48764022807161],[22.18983787229315,63.48831701488842],[22.19061312647855,63.488771434971916],[22.19129049923838,63.48917496458033],[22.192309433468196,63.48944720543875],[22.193042620574534,63.4895194601739],[22.193659651276718,63.489016701243884],[22.194374569152252,63.48856482389315],[22.193948744747455,63.48793180978564],[22.1937665449172,63.48711662013247],[22.192909315104927,63.48651668423513],[22.19148294656654,63.48613555253163]],[[22.198172998165866,63.41324761896655],[22.197278149541322,63.4128843460261],[22.196274976768567,63.41285056269152],[22.195479030570308,63.41284754949639],[22.194845448786527,63.41282620546587],[22.194196707790898,63.413085140840884],[22.193781619530544,63.41328055925202],[22.193461483736904,63.41366954372758],[22.193410662666892,63.41397242089053],[22.194774834138006,63.41451334229036],[22.195296115499232,63.4148878429023],[22.196012749063577,63.41536410421786],[22.19710574566707,63.41549609596769],[22.198758521844468,63.41545655425026],[22.200053564287618,63.41533356915416],[22.20037705537906,63.41498751620605],[22.200436527629684,63.41463257895381],[22.199463762373558,63.41410012899611],[22.198848736403185,63.41365110149483],[22.198172998165866,63.41324761896655]],[[22.2272680243177,63.37487088047713],[22.225588495866443,63.37340764423994],[22.223595310439233,63.37423317173873],[22.223105159792095,63.375584978544325],[22.221632992901377,63.37726079060107],[22.223165805847177,63.37760962482801],[22.225339559703016,63.377311292466395],[22.2272680243177,63.37487088047713]],[[22.232025657347908,63.38874493923865],[22.23066161070424,63.38778839414219],[22.228529052427255,63.3884002081916],[22.225693173266443,63.39030587816877],[22.223639671042783,63.391486346472874],[22.22242673733258,63.392397518146694],[22.223129482459612,63.39295646554102],[22.225124005604133,63.39213095703209],[22.228081116672296,63.39109969671448],[22.230715185556033,63.39041450095677],[22.232025657347908,63.38874493923865]],[[22.197422349584432,63.47678648931137],[22.197033353011236,63.47676725721184],[22.196575815867178,63.476776351298916],[22.196093774665435,63.47682167318234],[22.19563313180745,63.47691110144418],[22.195260446976857,63.47703845846004],[22.19495497288859,63.47720129427045],[22.19472115613714,63.47738806162571],[22.19456169941819,63.47758629832097],[22.194478490751575,63.477783342853435],[22.19444598991828,63.47797538902272],[22.194432417628708,63.47837665522982],[22.19439525146203,63.478563104185454],[22.194294272231964,63.47873594605745],[22.1941199898342,63.47888464284759],[22.193888872634627,63.47902487122945],[22.19343535133533,63.47926203023666],[22.193231625934537,63.47936020804075],[22.192936869278228,63.47948558863266],[22.192308809223295,63.47973169018048],[22.192006952133923,63.479859147818146],[22.1917349730738,63.47999402829737],[22.19153593106371,63.48011897136717],[22.19137816225656,63.480249899956576],[22.191268575930245,63.48038466877832],[22.19121080086932,63.4805342860914],[22.1912153537684,63.480680654309026],[22.19127885238891,63.48081812032177],[22.19140113558383,63.48094045313547],[22.191603293540982,63.48105041289923],[22.191861839271187,63.481129108097406],[22.192161841125845,63.48117034296839],[22.192529903557322,63.4811678794755],[22.19262714799275,63.48115859786029],[22.192931438035934,63.48112955350488],[22.194191567010755,63.4809641560314],[22.19462174983572,63.480901899777415],[22.195052367306793,63.48083032770661],[22.195474957274392,63.48074532036092],[22.195963677829436,63.48062048160318],[22.196426472155178,63.480474836010885],[22.196859772431463,63.4803127661633],[22.197256900679275,63.480137092232006],[22.197607148295155,63.47994927041415],[22.197865438342053,63.47977564490523],[22.198074679221893,63.47959701680676],[22.19823010504562,63.47941724812485],[22.198322586261337,63.47924017109223],[22.19833751686735,63.479067628802206],[22.19826728377261,63.478891587639374],[22.19799511789959,63.478488718991684],[22.197865544378548,63.478262830325306],[22.19778336735452,63.47803223718679],[22.197769573479253,63.477993531444284],[22.197722385395597,63.47772190145036],[22.197712059193684,63.47746405845883],[22.197727401576817,63.4772359228483],[22.197758449181627,63.47705325665188],[22.197796930870652,63.47693177264599],[22.19783935745195,63.476887167161586],[22.197809536299566,63.47685718170544],[22.197701045766273,63.47682529209929],[22.197422349584432,63.47678648931137]],[[22.166616294780322,63.42881764733584],[22.16633269861048,63.42876461022559],[22.166076793921494,63.42876876526087],[22.165900883330472,63.42882066915872],[22.16574082280564,63.42890838782855],[22.165161161839894,63.42933610135611],[22.164879400372254,63.429529870708144],[22.16425086615593,63.42993948674032],[22.16290968434333,63.43079445013283],[22.16259176427705,63.43101122159015],[22.16229641198403,63.43122903189427],[22.16203538802397,63.43144816478843],[22.16182433055534,63.43166904993694],[22.16168414903754,63.43189224001104],[22.16163412692517,63.432113476496895],[22.161663554415004,63.43233350796318],[22.161763186532834,63.43254783684781],[22.16192994527702,63.432751086324146],[22.162166990565147,63.432936509826774],[22.162431614406735,63.43307708114072],[22.16274225541143,63.43319930179351],[22.16311980497089,63.433304424644376],[22.163565368067353,63.43338965440404],[22.16405448820197,63.433450646798136],[22.164526548554505,63.43348412781173],[22.16499488698551,63.43350125959228],[22.165810226485004,63.43351181832817],[22.16621305308206,63.43351703307064],[22.166534045997057,63.4335116006776],[22.166862687647356,63.43348838113444],[22.16708992373879,63.433458798118096],[22.16717479266827,63.43343759104824],[22.167238392186796,63.433418818697234],[22.1673537107559,63.43334248356757],[22.167500585998877,63.433215687040956],[22.16765611793042,63.43304433158547],[22.167773995643234,63.432866347724556],[22.167824668710388,63.43278983514242],[22.16796203175194,63.43249307939911],[22.168064896471105,63.4321681330985],[22.168133571905123,63.43182953918446],[22.168169738130352,63.43149211903915],[22.16817530683948,63.431170892534894],[22.16815193457705,63.43088105796208],[22.168106930602104,63.4306197427961],[22.168050243319357,63.430362287896116],[22.167979088931013,63.43011001911571],[22.16788901707421,63.42986549918995],[22.167773878894856,63.429632205559585],[22.16762550618841,63.42941482528371],[22.167433313743214,63.429219612098045],[22.167187496628866,63.42905145650964],[22.166907903284958,63.42891594036026],[22.166616294780322,63.42881764733584]],[[22.27486360494053,63.48729866734993],[22.27350278620878,63.48715849319275],[22.27244014179122,63.48778958680709],[22.271969582049554,63.48805955191429],[22.27112648380815,63.488650311145356],[22.269534279101592,63.489263863626896],[22.269310768030113,63.48997029721916],[22.269200981365586,63.49063290503012],[22.268895078258282,63.49119384540223],[22.269346144392163,63.491684661740365],[22.2700247090991,63.49208782868411],[22.270824876006138,63.49239983660576],[22.271366219255878,63.492988810642416],[22.271817355225917,63.49347961968613],[22.27275483748225,63.49360580393513],[22.27336273445909,63.49315002055598],[22.27354295697295,63.492061442930435],[22.27409569395954,63.49065206324872],[22.27434636799509,63.4891375182476],[22.274463861071943,63.48842757562153],[22.274793119244872,63.48772463361968],[22.27486360494053,63.48729866734993]],[[22.183166027745557,63.41702779758611],[22.182870299396853,63.416995896529905],[22.182538830539222,63.41699952223089],[22.18218496954671,63.41702950910113],[22.1818205566736,63.417078631057784],[22.181456638078625,63.41714125868963],[22.18112873588878,63.41720911073574],[22.18082368726894,63.41728994153711],[22.18055542846082,63.41738971015951],[22.180290418318247,63.41754328863546],[22.180078111261643,63.41772341752449],[22.179896506576274,63.41791990197742],[22.179548631829537,63.41832856932507],[22.17924413530217,63.418646789192614],[22.17911298374014,63.418810441513266],[22.179000342379567,63.41901495250761],[22.178577281055055,63.420214999600965],[22.178494614467834,63.4204730630182],[22.178431650970325,63.4207299926892],[22.178401484220654,63.42098389996383],[22.178410675617933,63.42115212625531],[22.17841386192593,63.42121044679911],[22.178466190500416,63.42142965670341],[22.17856042941032,63.42163786157884],[22.17870195724177,63.42183035312813],[22.178884316895047,63.42199835441184],[22.17930377771348,63.4223276023709],[22.179560965477943,63.42248906979626],[22.179862979455994,63.422626509562264],[22.180209352057066,63.422722864924744],[22.180598238514797,63.42276243205267],[22.180918721244097,63.42274857360352],[22.181242521881465,63.42270168416991],[22.181552150235934,63.42262946805293],[22.1819188252931,63.42250859204162],[22.182207262217727,63.42238440388981],[22.18239301452259,63.42228366891538],[22.182449521098853,63.42223127588199],[22.182458879088486,63.422186977041605],[22.182528277938793,63.422010770328356],[22.18259158272131,63.42185003138079],[22.182983492983816,63.420956573764926],[22.18331520564595,63.42027882116524],[22.183487706116978,63.419960782918054],[22.18380224911845,63.419420345259255],[22.183918170782764,63.41917572073886],[22.183987244560452,63.41893317682621],[22.183998340285925,63.418718981114345],[22.18392060215785,63.41809378644652],[22.183896806673673,63.41767223720546],[22.183842980368947,63.41748022278843],[22.18374442163536,63.417331918070374],[22.1835970900936,63.41720252273553],[22.183404103407906,63.41709850413734],[22.183166027745557,63.41702779758611]],[[22.195690477495585,63.41591787319311],[22.195200745800793,63.415888914845844],[22.19470682959583,63.41587942468667],[22.194138189461086,63.41589406638097],[22.193572695268866,63.41593234309138],[22.19301502911307,63.41599093569029],[22.1924707761474,63.41606863221113],[22.19194696513106,63.41616622736846],[22.191523118781532,63.41626781924876],[22.191445991190573,63.41628630601813],[22.19097717416254,63.416424852130945],[22.190545796466115,63.416579055509914],[22.190160975043714,63.416747823585624],[22.18983639429156,63.41693168384638],[22.18959125310332,63.4171327744092],[22.189441188833406,63.41735252598666],[22.189366595379536,63.41758751023696],[22.189344181923428,63.41783340990535],[22.18935524744571,63.418086995103245],[22.1894444980668,63.41887283683584],[22.18945095318369,63.41913854302716],[22.189431030104174,63.419385109484054],[22.189390576995425,63.41963127591929],[22.189165050450736,63.42059542954504],[22.189131639311483,63.42082447006247],[22.189127946629903,63.42104394148594],[22.18916912704025,63.421249768923055],[22.18927496301843,63.4214363453469],[22.189416775255395,63.4215650753024],[22.189608799701194,63.42167473875206],[22.18984758422922,63.42176178346647],[22.190242153311477,63.4218377158558],[22.190775792316455,63.421870892253956],[22.19142287455933,63.42186874592314],[22.19214158647284,63.42183967032159],[22.19289073908124,63.42179183329438],[22.1936300490032,63.42173295282448],[22.19432000388138,63.42167031048925],[22.195699430528688,63.42153114041435],[22.195790989918706,63.42152765025533],[22.19579343420169,63.42150883313166],[22.195879914610906,63.42149248081906],[22.19643405846527,63.421462999884184],[22.196442170581285,63.421462567920955],[22.196861128602578,63.42143154271535],[22.197299545268717,63.42137501133821],[22.197764314386934,63.42128803161515],[22.19823251436716,63.42117152263685],[22.1986806842728,63.42102769511315],[22.199144868986515,63.42083341719848],[22.19953803556709,63.4206208410066],[22.1998484603001,63.420404659560965],[22.20010684884655,63.42018633370168],[22.20034304048924,63.41996150558747],[22.200555078421893,63.41973192441333],[22.200738302598435,63.419498678225985],[22.20088515935617,63.41926239618205],[22.200984827497585,63.41902338436266],[22.201026702134605,63.418794208217186],[22.20102146526136,63.41856451652776],[22.20097378892218,63.41833615275606],[22.200884648927985,63.418111073414934],[22.200751463412832,63.417891492126415],[22.200568098292596,63.4176800272802],[22.200311876205955,63.41746588674699],[22.20000478352864,63.41726205935653],[22.19965958818472,63.41706698772425],[22.199285254450817,63.416880047804554],[22.19888762264388,63.41670155375429],[22.198469914405123,63.416532809086284],[22.198033079005214,63.416376219924956],[22.197575993893015,63.416235475306124],[22.19709553634666,63.41611578969054],[22.196642411317004,63.41603054150721],[22.196172411850196,63.4159650502593],[22.195690477495585,63.41591787319311]],[[22.19868111792169,63.4362121901515],[22.19811602986328,63.43616425430149],[22.19756713667552,63.43616427959897],[22.197067655399938,63.43621463431137],[22.196564735760468,63.436310243132795],[22.196076649015897,63.4364338127985],[22.195600154168105,63.436576909789224],[22.195133207221385,63.43673375980028],[22.194674865469842,63.43690058440562],[22.194225212364945,63.437075114687],[22.193785358420577,63.43725625042044],[22.19335749337481,63.437443856792285],[22.19294499781265,63.43763863776527],[22.19257053117969,63.43783070093422],[22.19220940425828,63.438028383124795],[22.19151406709014,63.43843465575079],[22.190842033298047,63.43884966748337],[22.190188401035762,63.4392705571183],[22.18955881976512,63.439698109793895],[22.18925800880181,63.43991556408998],[22.188970995060206,63.44013657859377],[22.188694322532157,63.44036753939098],[22.18843246254649,63.44060228363553],[22.18818211122801,63.44083992565602],[22.18770911525637,63.44132167130953],[22.18748608228655,63.4415651836315],[22.18727384988968,63.441810350480004],[22.18707553755145,63.44205728247926],[22.18689595414321,63.44230622277853],[22.186741940289643,63.44255754241229],[22.18661794731551,63.44281616726093],[22.186524800583705,63.44307631252326],[22.186460268670455,63.443336523341124],[22.186425267694744,63.44359521623963],[22.186424034101055,63.44385053655807],[22.1864644702137,63.444100192016045],[22.186558680839212,63.444341261227926],[22.18672368782339,63.44456997131622],[22.186937645278245,63.444753895765366],[22.186966137538974,63.444778387822716],[22.187272411541866,63.444974954135496],[22.187622000387027,63.44516315511656],[22.187998021314925,63.44534552777908],[22.189145575012013,63.44586757823654],[22.189505144709397,63.44602675288594],[22.18985174451856,63.44616829609988],[22.190184307738853,63.44628235625192],[22.19050077925292,63.446356461823314],[22.1907978947189,63.44637475490161],[22.191052517874372,63.44633034589587],[22.191287877579146,63.44623592439304],[22.191504046728006,63.44610319385217],[22.191699820874867,63.44594116872245],[22.19187267775503,63.44575664166549],[22.192034612872835,63.445534269615415],[22.192047759540607,63.44551226848812],[22.19217595630836,63.4452977438584],[22.192577779154867,63.444552128499915],[22.192737516518488,63.444303628836],[22.19292897727318,63.44406022118491],[22.19314822220986,63.4438365216335],[22.193398569604177,63.44361857827449],[22.19367191094178,63.44340507465973],[22.19396166200798,63.44319487791391],[22.194262392227568,63.44298699657247],[22.19518630274227,63.44236838312523],[22.195778951854894,63.441951028459236],[22.196053970414567,63.441737521808186],[22.196315433612394,63.441512945937376],[22.196557909743817,63.44128412064022],[22.196785095645122,63.44105204909529],[22.19699948816693,63.440817487218446],[22.197228186599315,63.44054263706379],[22.19739434221462,63.440342946343485],[22.19757434543996,63.44010361844075],[22.197740566979505,63.439863171047115],[22.197889878066327,63.43962170938799],[22.198148117289204,63.43917125520515],[22.198321702221516,63.43892083466454],[22.1985334818371,63.43866513440394],[22.19878717584669,63.438414419815224],[22.199084738804988,63.43817856048267],[22.19945717677349,63.437944957408696],[22.199844369839283,63.43774457783699],[22.20021004686035,63.43758162590819],[22.200519001931205,63.43746054698082],[22.200736982883196,63.437385982416345],[22.200832039683885,63.437363000920136],[22.200838930020872,63.437311172642836],[22.200780600917586,63.43718429697559],[22.200650317139164,63.43700791873487],[22.200437492633935,63.436807912673316],[22.20012999716702,63.4366104512692],[22.199832536581045,63.436486182758586],[22.199720429815045,63.43643934757522],[22.199227253853564,63.436305023111274],[22.19868111792169,63.4362121901515]],[[22.210759199074886,63.483615125558444],[22.21049275019126,63.48345615227191],[22.210160080207224,63.48334098343],[22.209767518094388,63.48325901145217],[22.209334500650137,63.48320661194517],[22.20887715270654,63.48318245365309],[22.2084093086157,63.48318738160485],[22.20794830791052,63.483220557135695],[22.2065857098944,63.48337803173515],[22.20614116571197,63.48341068965245],[22.205800545502886,63.4834174840389],[22.205470165987624,63.48340821413402],[22.205156501508352,63.48338449755224],[22.204324632878006,63.483277111076156],[22.203959717105587,63.48325605614743],[22.20361666450656,63.483279601563865],[22.20336342671864,63.48334212670323],[22.203143776464906,63.48343981361923],[22.202963838499798,63.4835669169873],[22.202825705628307,63.48372188835773],[22.202723718730397,63.48389686087194],[22.202646232440664,63.48408684967538],[22.202583070313576,63.48428792108341],[22.20245252888262,63.48475479985022],[22.202290749198397,63.48528374012545],[22.202102627532703,63.48581872465695],[22.20199566643619,63.48608533633144],[22.201877120730327,63.486349874500426],[22.201743476651448,63.48661108526377],[22.20158986797731,63.48686742916391],[22.201409719298383,63.48711692889488],[22.20120611285049,63.4873477658648],[22.200973555151972,63.487568717693854],[22.200713515444548,63.487777792029256],[22.200425625645302,63.48797207770544],[22.200107809802347,63.48814759708144],[22.199802725007313,63.488285448940736],[22.199193840271505,63.48854391902019],[22.198931321929674,63.48868335742665],[22.198711879576212,63.488848529139524],[22.198547842184936,63.48902947704424],[22.198433681523245,63.48922081452789],[22.19836749326063,63.48941757434736],[22.19835107692138,63.48961494872044],[22.198390117515096,63.48980801122888],[22.19849452064498,63.489991411478265],[22.19869610348162,63.490177314594995],[22.19897213151273,63.490341357883715],[22.199304802134566,63.49047921412786],[22.19968131910802,63.49058436172584],[22.200071175225762,63.490650256367715],[22.200473179628812,63.49069412314438],[22.200868589264328,63.49073080531507],[22.2012383550053,63.49077486444132],[22.201561824652273,63.490841508142466],[22.20183673230382,63.490946891511534],[22.20249097083633,63.4913039459034],[22.202725043073002,63.49141102437733],[22.202988796966096,63.49150498759803],[22.203284946587463,63.49157831696337],[22.20361154393118,63.49163049542839],[22.2039657474018,63.49165958015084],[22.204469260082575,63.491652259861496],[22.20504757621956,63.49160249179092],[22.20567206004618,63.49151922372188],[22.20631424788972,63.49141143750401],[22.206946013019554,63.49128787672942],[22.207539645971224,63.49115700085608],[22.20776863786695,63.49110070664631],[22.208067897667767,63.49102713589168],[22.20850412004372,63.49090682255962],[22.2088226523596,63.49080542627451],[22.208991805096407,63.49073923415568],[22.20902864163688,63.49071141333754],[22.209048729318397,63.490672049877794],[22.209074211181864,63.49055754040808],[22.2091238917654,63.49015241877366],[22.209136276535595,63.48988596942655],[22.20913155777575,63.48959295702648],[22.209102518968308,63.48928541771197],[22.209041648229856,63.488975435254815],[22.208942381743526,63.48866749050083],[22.208941307545633,63.488664994738414],[22.208819031979356,63.48838114490123],[22.20857451438373,63.48790377765026],[22.208481847551933,63.48768411633816],[22.20842713237375,63.4874685945604],[22.20842695139924,63.48725826482348],[22.208495830767397,63.48705512512417],[22.208632904219822,63.486861979341754],[22.2088371587543,63.4866827469389],[22.209109146022936,63.48651757565387],[22.2097459210707,63.486203437189076],[22.210055561885998,63.486035491980644],[22.210280735311944,63.485882370455954],[22.210337068100166,63.48584406257077],[22.21057977306766,63.485636607068656],[22.21078622312841,63.48541740291149],[22.21095592754462,63.48518995568576],[22.21108515079974,63.48495724220805],[22.211166573699742,63.484721956391226],[22.211192683963283,63.484481322937064],[22.211164630050316,63.48424498548204],[22.211085272225493,63.484017741665745],[22.210952518436066,63.48380537968643],[22.210826437527775,63.483681299238604],[22.210759199074886,63.483615125558444]],[[22.135601556409267,63.453978726306204],[22.135177150078363,63.453638051330636],[22.13497475643763,63.453501590543155],[22.134739195549177,63.45340786574497],[22.13451141386708,63.45337369368493],[22.134258488713527,63.453375402118176],[22.133968428673967,63.45341345287726],[22.1336628784243,63.453476303712456],[22.13333739287035,63.453549917745434],[22.132986158000374,63.4536211719542],[22.1326639780015,63.4536711425641],[22.13232328620932,63.45370750355997],[22.131968621987617,63.45372728677663],[22.131542710481725,63.45372754430404],[22.131105575802497,63.45371058330118],[22.130203865012806,63.45366169111578],[22.129740940297065,63.453647784796516],[22.12922802472243,63.45365238878409],[22.128711682938672,63.453676016516994],[22.128197672465227,63.45371556265383],[22.128076980192002,63.4537283624359],[22.127692271485028,63.45376916111964],[22.127202788522286,63.453836142248136],[22.126738131980304,63.453917027950766],[22.126309466781052,63.454013582028985],[22.125930947033087,63.454128898158245],[22.12562056076043,63.454267550148835],[22.125388101861947,63.45443667250485],[22.125223483723225,63.45462698627621],[22.1251048418265,63.45483038151246],[22.125014301471897,63.45503980628046],[22.12478868966448,63.45562348733633],[22.124737559795516,63.4557878930392],[22.124737782677688,63.45594672905088],[22.124812883785964,63.456098981773785],[22.124956799794916,63.4562442407664],[22.12515908635741,63.456378553289774],[22.12538990828775,63.45649178929135],[22.12590477435625,63.45671602133619],[22.126206232709862,63.45687308937554],[22.12648049528812,63.45704708568444],[22.12671813173412,63.45723377245214],[22.126907046167055,63.4574297356659],[22.126941135345852,63.457485192114866],[22.1270315109195,63.457632216307424],[22.127071128755038,63.45783894807894],[22.127007663900134,63.45805257457855],[22.126858797306483,63.45826778721498],[22.126796870784144,63.458331528931105],[22.126648871791378,63.45848386597058],[22.126397658114207,63.45870012457828],[22.126121740667603,63.45891581125698],[22.12555396117171,63.45934151948989],[22.125290905917684,63.459548719815935],[22.125063352094074,63.459749396675264],[22.124891393727296,63.459940527893885],[22.124800091907737,63.46011802329633],[22.124821244730608,63.46027640098288],[22.124984822341723,63.46041269506139],[22.125266248680614,63.46052373471808],[22.125633648599806,63.46060931173109],[22.12606261371205,63.46066670984026],[22.12653461794722,63.4606904834126],[22.126548608369255,63.460690089337625],[22.127015595785252,63.46067695118172],[22.127513731932027,63.46063329098422],[22.128021513757226,63.460565851753664],[22.128550654582487,63.46047624454165],[22.129081404874288,63.46037179136904],[22.12961230521565,63.46025692339861],[22.13067125695607,63.4600080627878],[22.132246870914646,63.459613269770024],[22.134828041853712,63.45894559316303],[22.135370241514078,63.4588092574914],[22.135968717465378,63.45866975426698],[22.13660093872204,63.45853653911678],[22.13785955357954,63.4582831193833],[22.138970734956676,63.45804715281612],[22.139394142861867,63.457963582057275],[22.139636700662976,63.45792278799681],[22.139796181735253,63.4579018698146],[22.139858429495902,63.457901148206794],[22.139922035641796,63.45785853659539],[22.140018285668916,63.457742669555245],[22.1401183305713,63.45756804231982],[22.140189616491487,63.45734921565759],[22.140198015546147,63.45710080651328],[22.14011996466119,63.45684866077796],[22.13995723692609,63.45659390171298],[22.139721273813166,63.456347238344144],[22.139557615591684,63.45621184731739],[22.13938124997436,63.45608170599498],[22.139065670539512,63.45586963519653],[22.13874959232833,63.455679734337174],[22.138119467803183,63.455323112636066],[22.137476566490047,63.454975515399525],[22.13714854269452,63.454811073631596],[22.136648426793226,63.454570824032395],[22.136355684348658,63.45442370498005],[22.13607885840628,63.45427565332824],[22.135824874811956,63.454127116495314],[22.135601556409267,63.453978726306204]],[[22.138518928070948,63.461046781967326],[22.138004023382987,63.46100918121294],[22.137469625859264,63.46100522673835],[22.13692964902358,63.46103010811027],[22.136385537318368,63.46107612960115],[22.135838469689187,63.46113746623477],[22.13528946135593,63.46120981288095],[22.13473945203024,63.461290089553565],[22.134189431020307,63.46137621362406],[22.133094189530773,63.46156171755572],[22.13255227566294,63.46166070739519],[22.132017316727655,63.46176470739621],[22.131492721398796,63.46187523245599],[22.13098307309962,63.46199460748215],[22.130494487954234,63.46212610823447],[22.13003503755321,63.46227414665226],[22.129601829790914,63.462446467375706],[22.129199320815918,63.46263600566038],[22.128819481352362,63.462838063612246],[22.128456685396873,63.46304913061227],[22.12810741936821,63.463266631489894],[22.127770112073538,63.463488732772696],[22.1274450980302,63.463714168769954],[22.12721562687963,63.463882702414104],[22.127134717579178,63.463942126285446],[22.126843586313925,63.46417213870383],[22.126579015112306,63.464404016694154],[22.126351636714304,63.464637794053324],[22.126176206569678,63.464873689380966],[22.126072630992113,63.46511206739492],[22.126056463857118,63.46533852132672],[22.126108381906455,63.465565484677605],[22.126215078109766,63.46579075382857],[22.126367981770766,63.46601186763132],[22.12656280802819,63.46622592025522],[22.126799305958976,63.46642935290759],[22.1270811691222,63.466617712404634],[22.12741611914767,63.46678538504984],[22.12779306313571,63.46692233400241],[22.128214788607554,63.46703943814835],[22.12866951946036,63.46714105520555],[22.129147984857106,63.46723046999352],[22.129642836760034,63.46731007961806],[22.13014811674276,63.46738154885858],[22.130658784263876,63.467445946969875],[22.131170278596024,63.467503875743894],[22.132166663714585,63.4676076141117],[22.132641093705985,63.46766395581675],[22.13308781295686,63.46773105310913],[22.133495581743208,63.467815611612124],[22.133833126225397,63.46792009096711],[22.13465163208049,63.46851352773642],[22.134807166809143,63.46872166496512],[22.134955094798823,63.468966036851675],[22.13508431118085,63.46921931943667],[22.135199227638363,63.46947885415093],[22.13539493557045,63.47000920079744],[22.135476329144996,63.47027724059705],[22.135544826035783,63.47054563348601],[22.135597229886134,63.47081317784326],[22.13562880804036,63.47107843445161],[22.13563312503366,63.471339522952896],[22.135606468691318,63.47159533928219],[22.135521575539023,63.47207320707051],[22.135501326658822,63.47228469335159],[22.1355239473967,63.472467161806364],[22.13561493765911,63.47260872789395],[22.13574901129403,63.472682690078145],[22.135924474115644,63.47271955014273],[22.136122401025293,63.4727155749409],[22.136375177764776,63.47265132075639],[22.136632927618454,63.47253449893812],[22.13689493486371,63.47237950191334],[22.137161585085824,63.47219757475241],[22.13801058691808,63.47157087044925],[22.13832436036766,63.47135570831655],[22.138669462591984,63.47114528417105],[22.139111242992996,63.47092292494991],[22.13964268947876,63.47069090599426],[22.14023101754734,63.470457191444645],[22.140282265079218,63.47043814054418],[22.140843491704057,63.470229502864484],[22.141447759466168,63.47001551956875],[22.142504225391523,63.46965991389163],[22.143229860687832,63.469430758685995],[22.1432917683299,63.46939559112001],[22.144650223730732,63.46874194187185],[22.145137674214418,63.468497230227705],[22.145633749326368,63.46823886487611],[22.14611277862841,63.46797616279851],[22.146548643737027,63.46771835320246],[22.146914948446096,63.46747464081883],[22.14719357491276,63.467249890641334],[22.147422061621707,63.467020466647874],[22.14761762323732,63.46678362069893],[22.147789466242106,63.46654158503193],[22.147943914129254,63.46629604418216],[22.148084953540888,63.46604829386915],[22.14833327677274,63.465550224341335],[22.14843959887646,63.46530171269345],[22.14853059718174,63.46505480846973],[22.148601371685615,63.464810641287905],[22.148644801054118,63.46457061247875],[22.14865106861827,63.464336511188584],[22.148607074307506,63.46411063918678],[22.14853452286828,63.46394682588264],[22.148439164376875,63.46378680943097],[22.148327429590694,63.46362399881352],[22.148194903834803,63.46346507412154],[22.148028876729843,63.46331258590141],[22.1477814831439,63.4631462917384],[22.147482886611137,63.462991108936166],[22.147143104942682,63.46284632976783],[22.146769232666067,63.46271198007596],[22.14636583758971,63.462588816544326],[22.14587388034951,63.462462447243375],[22.14535725928926,63.46234765858754],[22.144824171176733,63.46224052783721],[22.142633582938785,63.46183353265728],[22.14209007632967,63.461726610637086],[22.140042818401827,63.46129290964745],[22.13953647009214,63.461195614665705],[22.139029089124868,63.46111151577675],[22.138518928070948,63.461046781967326]],[[22.271433567948293,63.403134746537596],[22.270983225319466,63.403066882768634],[22.270444883779227,63.40305264342904],[22.269878015276568,63.403100601276236],[22.26930971572285,63.403200761526996],[22.268767442349564,63.4033402909518],[22.2682788928104,63.403505627225854],[22.267856874119005,63.40368408114876],[22.267452720287803,63.40387039241423],[22.26706344483421,63.40406361040077],[22.266694507858688,63.404263750084766],[22.26635301022195,63.40447166695492],[22.266048093414454,63.40468898036225],[22.26580051114329,63.40490291578868],[22.26558058530477,63.405122864576015],[22.265173992131672,63.40556552664396],[22.26496495298161,63.405780889910034],[22.26473711986886,63.40598700533754],[22.26447799605697,63.4061792220843],[22.264173093300833,63.40635199839391],[22.263828363987685,63.406495367534255],[22.26344227482562,63.406622420057374],[22.263028506946178,63.406739756007966],[22.26216355534168,63.40696866517369],[22.261732607291943,63.40709144693575],[22.26130170387992,63.40723002287207],[22.260882644243644,63.40737953573565],[22.26047304369289,63.40753745573319],[22.260071073161768,63.40770182458934],[22.259675442557338,63.407871174063914],[22.259285370224493,63.40804445569789],[22.258521310881154,63.40840038674284],[22.257783219897497,63.40876787689242],[22.257428027806796,63.4089567290868],[22.257085860623278,63.409150030043286],[22.256779915240923,63.409335754802484],[22.256487009315787,63.409525590924396],[22.256206092250473,63.40971896484591],[22.255937010246594,63.40991557024424],[22.25568050455015,63.41011535449724],[22.25543825500551,63.41031851024683],[22.25521293765388,63.41052547912016],[22.254985347696465,63.41075974403803],[22.25477663249336,63.41099809905047],[22.254581666460986,63.411239412317556],[22.254217950841618,63.41172758619504],[22.253346981062293,63.412953584473925],[22.252967141403214,63.41343361759536],[22.252757562337468,63.41366754945653],[22.25252759839447,63.41389517552392],[22.252269676996114,63.41411413832799],[22.251973974789422,63.41432137228497],[22.251622938547676,63.41451939013997],[22.251232272575326,63.41470519164641],[22.250812413123654,63.41488212411816],[22.25037137455349,63.41505277083245],[22.24944900317978,63.415382759437016],[22.247553107464835,63.4160330714103],[22.247088885271687,63.4161998284084],[22.24663760222843,63.41637069796215],[22.246206135545332,63.416547365399],[22.245803655167467,63.41673195946098],[22.245442385054012,63.41692718201714],[22.245147416218025,63.41712492762049],[22.244899707789653,63.41733122602245],[22.244698596649826,63.41754236357343],[22.244547762341885,63.41775487296114],[22.244455591869485,63.417965307063106],[22.244435735255546,63.418170000245695],[22.24450787999844,63.418364828826626],[22.24468390201583,63.4185432042581],[22.244946459565544,63.41871032360823],[22.245274034079564,63.41886826159867],[22.24565030140233,63.419018316466705],[22.246063170022985,63.41916103727551],[22.24650399993783,63.419296226644434],[22.246966960773985,63.41942290224538],[22.247448537978556,63.419539224560566],[22.24793484171762,63.41964105516422],[22.24843192799166,63.419731594103865],[22.24893541923641,63.41981110378957],[22.24944169704704,63.419878790976306],[22.249947600726067,63.41993272387068],[22.250450152087872,63.41996969975497],[22.250946298467824,63.41998505116905],[22.25141846807264,63.4199727712659],[22.25143267614953,63.419972401514755],[22.251930389059424,63.41992286645514],[22.25241100337115,63.4198402355541],[22.25287142816851,63.41972918520308],[22.253321291386804,63.419589057500566],[22.253751694502036,63.41942904263889],[22.254167785650655,63.419254928370655],[22.254573505296193,63.419071022381274],[22.254971837589576,63.41888048802852],[22.256141988341664,63.41828886393498],[22.25921141879101,63.416689491228276],[22.260338365418836,63.41608637195931],[22.261060269408585,63.415675374532384],[22.261710542577575,63.41527161286148],[22.26202402634177,63.41506611636908],[22.262632042498105,63.41464970606548],[22.26321317004617,63.41422639953726],[22.263490514580614,63.41401163335999],[22.263755830500703,63.41379413541053],[22.263951882067392,63.41362062622828],[22.264005531086873,63.41357314634761],[22.264247969274287,63.41333660759874],[22.264473866310173,63.41309642571829],[22.264687846471805,63.4128536536138],[22.265093886977894,63.41236360481964],[22.265686225507274,63.411627216466094],[22.266096847816414,63.41114380811073],[22.266315570170995,63.410907460789346],[22.266548882001786,63.41067679905784],[22.266802627829826,63.41045403487257],[22.267084416597438,63.410242055624764],[22.26740410158784,63.41004459202026],[22.267705826118608,63.40989273432148],[22.268031052318197,63.40974900860447],[22.268710242884147,63.40946631981743],[22.26912042243476,63.40928507114674],[22.269521910490084,63.40909627746776],[22.26991576051166,63.408901626737475],[22.270681751302373,63.408499535524655],[22.271052542053333,63.40829360081532],[22.271412552285593,63.4080848635079],[22.271758027451153,63.40787325586425],[22.272083226221376,63.407658349337844],[22.27237976767981,63.40743929877554],[22.27263574855981,63.40721474572043],[22.272834590571748,63.40698269207548],[22.272957584383143,63.40675221342332],[22.27302522530386,63.40651460219837],[22.273051082612955,63.406271622097364],[22.27304391162289,63.40601814495066],[22.273003137954802,63.405726059837946],[22.272935879486546,63.405404239639715],[22.27285040185797,63.405067064009046],[22.272655589240195,63.40440386895663],[22.2723711083258,63.40352070885147],[22.272367736278877,63.40347588226662],[22.27230451493922,63.4034272009541],[22.2721140208154,63.40333924118311],[22.2718170554429,63.403233796311824],[22.271433567948293,63.403134746537596]],[[22.08941364669428,63.42746322967619],[22.08822286757359,63.42742167353271],[22.08763599169916,63.42740598616311],[22.08705840201429,63.42739633131765],[22.086494209806954,63.4273956849151],[22.085949076965765,63.42740813051988],[22.08543068227648,63.42743918394584],[22.084949283554344,63.42749620301583],[22.08451837933239,63.42758886101286],[22.08415496422132,63.42772195438587],[22.083838342438682,63.427888878135796],[22.083553380241046,63.42807967479554],[22.083287560386392,63.42828639906653],[22.08250178636631,63.42894210623634],[22.082211502698566,63.42915589289814],[22.08188958371643,63.42935931420092],[22.081517359298417,63.42955415667196],[22.08111484704675,63.429737343104435],[22.07987479657407,63.43025829466885],[22.079502475718787,63.43043529817768],[22.07918192768891,63.43062095296183],[22.078937972942846,63.43082038969092],[22.078795222209898,63.43102774575781],[22.078726098791776,63.43124880726195],[22.07871148611022,63.43148001772692],[22.078736766182782,63.43171862427827],[22.07879098273007,63.43196252290397],[22.07886611594663,63.43221010843746],[22.07895650776748,63.43246016029832],[22.079058409984896,63.43271173785949],[22.079289473585018,63.433216624204825],[22.07955774571227,63.43371994622696],[22.07971073872279,63.433969598809966],[22.079884929339293,63.434224500986],[22.080270193455757,63.43472933379299],[22.080898629646423,63.43547818024774],[22.08134057225534,63.43597130646901],[22.081570689634198,63.436214730657795],[22.08181007313539,63.43645482190363],[22.08206261291893,63.43669013566308],[22.082333755590383,63.43691866846216],[22.082630904067745,63.43713770525371],[22.082963911444793,63.43734362233112],[22.083341284131823,63.43753356079039],[22.083755057664224,63.43770981206334],[22.083807266958342,63.43772942994004],[22.084195793788314,63.437875422797376],[22.08465649855976,63.43803242388824],[22.0851321681505,63.438181937138],[22.08561941020036,63.438324251236466],[22.08611614978601,63.43845883769819],[22.08662141478798,63.43858432546364],[22.087135179917386,63.43869842625396],[22.087658263715305,63.438797820376955],[22.088168384343994,63.43887744863048],[22.08918730103104,63.4390188247966],[22.08967961088638,63.43909766814999],[22.090147762143086,63.43919420381715],[22.09058356364203,63.439315711976285],[22.090992637268137,63.439457683023925],[22.09138257978638,63.439613204399954],[22.09249914117166,63.44009691735149],[22.092872398842534,63.44024028718749],[22.093278521640134,63.44035676515531],[22.09377338692342,63.44042402351412],[22.09433554374777,63.4404293837958],[22.094943944476576,63.440383383073474],[22.095568148764258,63.440300516427286],[22.096019913870236,63.440222274333195],[22.096177861873635,63.44019491834218],[22.096743086037165,63.44008014933247],[22.097234105558577,63.43996927091715],[22.097966425150894,63.43979009466521],[22.09800748210715,63.43975004468625],[22.098624274881256,63.43924724128548],[22.098921589260517,63.438989577601],[22.099229915762585,63.438705693944975],[22.09952799849576,63.438406849151036],[22.099793936667094,63.438104263859564],[22.100005250198144,63.437809124542824],[22.100139324287984,63.43753261400021],[22.10018216543634,63.43727447138518],[22.10016635833729,63.43702323941876],[22.100115721470544,63.43676997774291],[22.100040285431177,63.43651538689633],[22.099946814155228,63.43625999319974],[22.09972110151795,63.435748367939226],[22.099452545124898,63.43523776944333],[22.099305364717377,63.434989482800916],[22.098988392922475,63.43449460215434],[22.09782063178153,63.43277158290977],[22.097524483160583,63.43228503413135],[22.097397982533433,63.4320446517095],[22.0972942061141,63.431807375014415],[22.09722209424695,63.43157448181961],[22.097193461833907,63.43134767787977],[22.09722375159302,63.43112920104291],[22.09733289837376,63.43092195703229],[22.097531073576192,63.430731894282616],[22.097800844318964,63.43055155608364],[22.09811839811426,63.430377002865846],[22.098816497504718,63.43003165408665],[22.099160293291323,63.429854546406986],[22.099475766061268,63.42967024640286],[22.099739821606715,63.42948199691545],[22.099959076317965,63.42928821034851],[22.100131952619464,63.429093309272936],[22.100253185218406,63.42890186300759],[22.10031331408235,63.42871885173768],[22.100298041210678,63.428549963707816],[22.100187446698182,63.42840191632682],[22.099951514960928,63.42827444210008],[22.099615132627733,63.42817103774984],[22.099204826557653,63.42808556656686],[22.09874086543579,63.42801336258937],[22.09823853439138,63.4279509649834],[22.09770918363025,63.427895893202546],[22.097161120089893,63.42784647071287],[22.096030860474023,63.427761110727765],[22.09485347662234,63.427691731846934],[22.093036901893914,63.42760915055482],[22.08941364669428,63.42746322967619]],[[22.431177486047208,63.37755956850081],[22.399128957714602,63.377110194572516],[22.393514452902032,63.38434431123504],[22.38910482252709,63.39225831239277],[22.388979522010203,63.39235785176493],[22.3846767949681,63.39511732023078],[22.375511520227015,63.39632381659117],[22.36492541438435,63.398434039172365],[22.364019736935585,63.39875198343748],[22.36353865052876,63.39876203805291],[22.354841662211907,63.39984149265467],[22.34644006169735,63.39811803017929],[22.318863990727884,63.39083110855365],[22.31237758423474,63.38646485370827]],[[22.31237758423474,63.38646485370827],[22.311715069314825,63.38672149270162],[22.310797321210657,63.38705248704124],[22.30986137170006,63.3873738303121],[22.308440363383973,63.38784706190171],[22.30414494770113,63.389253271495555],[22.303203522945495,63.38957187983817],[22.302741289472547,63.38973469150365],[22.302288439606567,63.389901287678526],[22.301849077931763,63.3900732452885],[22.301428717923297,63.39025267156087],[22.301034676850403,63.390442339359566],[22.300679292452074,63.39064070413562],[22.300640807765205,63.390665025796075],[22.30034972440246,63.390848991275995],[22.300039396721914,63.391064555166615],[22.299743595328568,63.39128537896825],[22.299459227844032,63.3915099498144],[22.298919690296948,63.391966185204645],[22.298665477511427,63.39219648931159],[22.29842478352599,63.39242769842956],[22.298202150038083,63.39265960718166],[22.298004271779245,63.392892136974645],[22.29784049304187,63.39312532899784],[22.297723419091472,63.39335933380859],[22.297669667315475,63.393594417199985],[22.29769005711487,63.3938204466791],[22.297768197990784,63.39404754003055],[22.297888315773147,63.39427552401521],[22.29803780616653,63.39450432365589],[22.29820648597023,63.39473395554697],[22.298748304016986,63.39542948806664],[22.298917891994577,63.39566465425199],[22.299081386709197,63.39591736862342],[22.299227823579567,63.39617229826578],[22.299358249792956,63.39642896157151],[22.299472496702474,63.39668703918136],[22.29956908180112,63.396946359968],[22.299645085783016,63.3972068799015],[22.299696704039384,63.39746002115442],[22.299730844493215,63.39771401969096],[22.299764571818137,63.39822363580452],[22.299778150110356,63.39950073492538],[22.29979820814788,63.40001104784353],[22.299820320180874,63.400265786458306],[22.299854826707822,63.400520105345706],[22.29990616366072,63.400781534792266],[22.300045328205787,63.401303216727385],[22.300305564905,63.402084298427845],[22.300593661549634,63.40286508332698],[22.301189138458444,63.40442851572499],[22.301372802057507,63.404949950052995],[22.30152390511928,63.40547037960525],[22.301576488866118,63.40572961323147],[22.30160473163592,63.40598764383799],[22.30159893535775,63.40624384530509],[22.30155498805524,63.40647828698776],[22.301474421640105,63.406709592402876],[22.301357808917217,63.40693663648218],[22.30120291011134,63.40715793887391],[22.30100454387123,63.40737158143882],[22.300737804491078,63.4075914090547],[22.30042690784775,63.40780264357768],[22.300084059705743,63.40800771755642],[22.29971846620811,63.40820849173996],[22.299395898978137,63.40837268264118],[22.298944627655796,63.408602379968855],[22.297324523561034,63.409378889444746],[22.296503694602375,63.40976402410758],[22.295680202016268,63.41014193801449],[22.2952670292356,63.410324812504406],[22.294852302885293,63.41050055811483],[22.294435335755214,63.4106657006537],[22.294015254150004,63.41081548366117],[22.293835365676042,63.41086975185628],[22.29359096751337,63.41094347980491],[22.29316116270435,63.41104112574761],[22.292724306362008,63.41109715925633],[22.292340109887988,63.411104181215805],[22.291956794668252,63.41107708127203],[22.291582101823135,63.411021874944176],[22.291254553542423,63.410950537458774],[22.29094828105664,63.410861403913884],[22.290929250809832,63.41085413160679],[22.290671366420995,63.41075557583255],[22.2904331290837,63.41063326577292],[22.29019340068896,63.41045584459467],[22.28999843084799,63.41026386375112],[22.289815660035345,63.41006928716412],[22.289613170175215,63.409883865925714],[22.28935764367811,63.40972000706069],[22.289033007894727,63.40959119320936],[22.28864491442436,63.409491250734824],[22.28821087718136,63.40941755260302],[22.287745167513638,63.40936959418173],[22.287259572114493,63.40934904525356],[22.286764122676477,63.409359875732015],[22.286253727473202,63.409406987547364],[22.28574342692585,63.40948342698901],[22.285233963526338,63.40958119685077],[22.284725921228542,63.4096943154181],[22.2842199048186,63.409818420410836],[22.28371666534966,63.40995044488859],[22.282723170742162,63.41023106173142],[22.282236573200517,63.410378129449114],[22.281760479182633,63.41052989572854],[22.28129906065006,63.41068738091778],[22.280857987315734,63.410852355528974],[22.280444841046197,63.41102743130763],[22.280069596179487,63.41121620304531],[22.27973341425269,63.411426383269955],[22.27943642867363,63.41165073274232],[22.27938451707214,63.411696082695656],[22.279167868921505,63.41188534025702],[22.2789194836828,63.412127250220315],[22.27845946164717,63.41262462320135],[22.27780072641494,63.4133840907893],[22.27734460118076,63.413887011170374],[22.277100334126985,63.4141337773764],[22.276838274333908,63.414374983639604],[22.27655125192253,63.41460803356181],[22.276247763654144,63.41482042647138],[22.275917517503526,63.41502200341084],[22.275562890833534,63.415211502063656],[22.275184244889605,63.415386452114916],[22.27477996209606,63.41554298580765],[22.274346403246476,63.41567557479373],[22.273881668527018,63.41577919524017],[22.273394587752655,63.41585707923866],[22.272896295708048,63.41591275659969],[22.2723971975314,63.4159477815943],[22.271907689280884,63.415961817980445],[22.271438914042548,63.415952642477386],[22.2710035215458,63.41591607821675],[22.270616458308147,63.41584586445805],[22.270298286809858,63.415742238182446],[22.270022387222486,63.415615671035056],[22.26952969268454,63.41535457733338],[22.26928227092699,63.415250601287674],[22.269014150489035,63.41518667550757],[22.268807075805906,63.415174495324564],[22.268589087604504,63.415189328044825],[22.268252487832275,63.415257089820976],[22.26790902238275,63.415367666197305],[22.267560494206133,63.41550957513944],[22.267208250178545,63.415674074094476],[22.2668532850732,63.415854590574],[22.266496323609623,63.41604624913636],[22.265778352271308,63.41644968493018],[22.262888317424565,63.41812861463423],[22.261824044975523,63.41875871422487],[22.26114726106496,63.419181443903724],[22.26082867304007,63.419395003444485],[22.260530644528252,63.41961101887458],[22.260261008064802,63.41983052035605],[22.26003003241066,63.42005484566277],[22.25985099387216,63.42028570592289],[22.259739658687362,63.42050790408926],[22.259668406058616,63.42073543961004],[22.25952723605763,63.42143166717955],[22.25945879862067,63.42165007636182],[22.25936692916001,63.42186552338561],[22.2592491406409,63.42207634366779],[22.25910128745379,63.42228053600297],[22.258917281557224,63.422475646096494],[22.258688759465286,63.42265864395749],[22.25836060675996,63.42285265396978],[22.257977355933637,63.42303089434506],[22.257554033836456,63.4231976332038],[22.25710202118163,63.423356113767205],[22.256629815246047,63.42350876045577],[22.256143683341705,63.42365736606356],[22.25464109262563,63.42409022480366],[22.24955660370308,63.42550864657656],[22.247405809957304,63.42611700334275],[22.247030637858323,63.42622311593282],[22.245536499261082,63.42666317555753],[22.24504759557046,63.4268149426053],[22.244566440473,63.42697104752903],[22.244095922202234,63.427133114646885],[22.243647416417698,63.42729900512058],[22.242778286643915,63.42764646810128],[22.24151153406737,63.428188617029065],[22.23609744436184,63.430584768368455],[22.23528010661168,63.43095813328451],[22.234491106647614,63.43133981768574],[22.234115801310548,63.4315362867981],[22.233760297105928,63.431738550748655],[22.233431950776193,63.43194875032361],[22.23314260346327,63.43216390060435],[22.232879388753343,63.43238670981768],[22.232635299351564,63.432615160609174],[22.232404976609995,63.43284770524557],[22.232184388308916,63.433083174827736],[22.231761434047446,63.433559615413174],[22.231151041586305,63.43428073968725],[22.230757084323155,63.43476282367748],[22.23038319908818,63.435244915795096],[22.230210120118368,63.43548582912398],[22.230051837253548,63.4357266000932],[22.229914392366855,63.435967190553576],[22.22980582732356,63.43620755366792],[22.229736674976294,63.436447628730456],[22.229720558485454,63.43668733689658],[22.22976665317576,63.43692245211346],[22.229861868001947,63.43715729699174],[22.229958112847292,63.43733282115536],[22.229990581258154,63.437392034612074],[22.230450822329356,63.43809703554497],[22.230590316037084,63.43833273699657],[22.230702370027984,63.43856899988092],[22.230772149017103,63.438805941024384],[22.230787421886955,63.43903484637258],[22.230755634459115,63.43926333670412],[22.23068230788445,63.43949017913313],[22.23056988581496,63.43971397495192],[22.230417798403053,63.43993307633376],[22.230222428883724,63.44014549706879],[22.229956609382636,63.440367959864915],[22.22964718322873,63.440582361014755],[22.229306388751233,63.44079085672302],[22.22894340665954,63.4409950891741],[22.22856503168371,63.44119628990951],[22.228176219449914,63.44139537273684],[22.227380507344893,63.44178965991881],[22.224553837417147,63.44315827486076],[22.22295972467026,63.44394486270472],[22.222184548253285,63.44434468705093],[22.22180801086171,63.44454805252084],[22.221442610981242,63.444754934990335],[22.221092343246386,63.44496661764329],[22.22076070715084,63.44518396870667],[22.22044416114721,63.44540612146765],[22.21984125830549,63.44586004564676],[22.218977016898094,63.44655377282033],[22.21728207490923,63.44795194514097],[22.216704425982527,63.4484134129475],[22.21640754150151,63.44864121308816],[22.216101998217297,63.44886584104525],[22.215784237148043,63.44908597776009],[22.215449507928348,63.44929985860416],[22.215091547228795,63.44950515376067],[22.21471463681592,63.44969549792423],[22.214315260883495,63.44987754165563],[22.21389912682743,63.45005340522155],[22.213032592066554,63.450392492666424],[22.212136842642618,63.45072058668174],[22.21122135071735,63.45104048575906],[22.210756798347955,63.451197143548306],[22.210490416626286,63.45128289243527],[22.209811657339085,63.45150138110788],[22.20880778330683,63.451800988877274],[22.207298997404042,63.45223539721136],[22.206810527015836,63.45238012327272],[22.206338733473267,63.45252651211656],[22.205892158399884,63.452675866089876],[22.205482284163185,63.45282984360106],[22.205124455536403,63.45299060790612],[22.204839018236086,63.453161001151706],[22.204652627964393,63.45334474479418],[22.20458838504995,63.45351892663414],[22.20459897050855,63.45370401539682],[22.204661673938293,63.45389772568224],[22.20475708677825,63.45409836861189],[22.204978777217736,63.454516170546725],[22.20507373718022,63.45473224273702],[22.205142221199626,63.45496219962231],[22.205177634867116,63.455195313434],[22.205179621838653,63.455429929111254],[22.20514582309215,63.45566455275991],[22.205071671419944,63.455897758408284],[22.20494270617338,63.45614694159413],[22.204774209653817,63.45639362802003],[22.20457921730209,63.45663854583402],[22.20394245948837,63.457368606414015],[22.203746849127565,63.45761207897505],[22.203578615921383,63.45785638368066],[22.203452391059194,63.45810197609093],[22.203384927500323,63.45833009074149],[22.2033634086365,63.45855785010076],[22.20338580737534,63.45878330190104],[22.2034534752568,63.45900427905153],[22.203571287479583,63.45921827858899],[22.20374786012041,63.45942232954418],[22.203981445336417,63.45960842887534],[22.20426438364424,63.45978545391725],[22.20458211948067,63.45995651484561],[22.205980747351116,63.460633938723305],[22.206342238016994,63.46082706307037],[22.20642344001634,63.460873636311284],[22.20668999406044,63.461026516480025],[22.207026278953993,63.46123081192659],[22.207352569061083,63.46143880468446],[22.20797671257274,63.46186271552798],[22.20827285027171,63.46207764264071],[22.208555231238556,63.46229422998243],[22.208819633516097,63.462512466411276],[22.209059924985766,63.46273252226165],[22.20926760331517,63.46295475910427],[22.20943121643461,63.46317974448755],[22.209535681724468,63.46340828305615],[22.209568817071215,63.46365438582317],[22.20953724569087,63.46390428907209],[22.209458728622458,63.46415693102069],[22.209346619981062,63.4644114941528],[22.209210759860746,63.464667342567026],[22.20905819644275,63.46492395897193],[22.208893774140737,63.465180901460485],[22.208540145642534,63.46569403920099],[22.20815767411445,63.46620270929732],[22.207952518400564,63.466453534972835],[22.20773381014843,63.4667005574042],[22.207496408951926,63.466942224436444],[22.207233278287898,63.467176480464694],[22.206935090972774,63.46740063714993],[22.206602194815854,63.46760824223421],[22.206237418111588,63.46780650256781],[22.20588912894655,63.46797983650169],[22.205851816689343,63.467998405240735],[22.20466308637012,63.46855963903833],[22.20428660667335,63.46874896266571],[22.203937626313323,63.46894313988505],[22.20362994335973,63.469144902407336],[22.20338082248137,63.46935757060066],[22.20320856861325,63.4695767373872],[22.203093324905463,63.46980653519468],[22.203020814476577,63.470044217382394],[22.202980316459033,63.47028762882683],[22.202964087925398,63.470535080420035],[22.202966895495354,63.470785229031584],[22.20298567560821,63.471036981567146],[22.203019322115225,63.47128939520274],[22.203068577143934,63.47154159727149],[22.203136052386096,63.47179270682955],[22.203226364318525,63.47204174835219],[22.203346345612264,63.47228757877525],[22.20349650937325,63.47252174321086],[22.20367493567279,63.4727521481637],[22.203875478601496,63.47297905034666],[22.20409393851581,63.47320238421304],[22.204327845437042,63.473421734889826],[22.204576316778503,63.47363628752285],[22.20483998470213,63.47384476906479],[22.205121013157328,63.47404535889609],[22.205423186951297,63.474235577577836],[22.205752065296792,63.47441215078366],[22.206115208775707,63.47457085500275],[22.20650462113856,63.47470460540358],[22.206921991202673,63.47482359066868],[22.207548907344254,63.47498091906529],[22.208228473117554,63.475151454835164],[22.208646580223668,63.47526967249155],[22.209037144628066,63.475402191377114],[22.20938712523335,63.47555218264968],[22.209703773832853,63.47571853442361],[22.20999175984787,63.47589778355183],[22.21025386376579,63.47608727228695],[22.210491057249207,63.47628503047675],[22.21070253087045,63.4764896820797],[22.210885689226302,63.476700354179826],[22.211036086487976,63.476916617276586],[22.211093579298286,63.47702817000211],[22.21115563759725,63.47714858061932],[22.211247602924196,63.47738425449999],[22.21140284505622,63.47785837997108],[22.211491953476,63.478092786860955],[22.211606815731393,63.478322521226005],[22.211762951653185,63.47854503089748],[22.211977231499176,63.478762345219856],[22.21223875259376,63.47897137980057],[22.21253626533023,63.47917390148943],[22.21286128439165,63.479371107892725],[22.213207671513693,63.479563669143694],[22.213571293317003,63.47975174160462],[22.213949769320738,63.47993495940674],[22.214342296538895,63.48011238898346],[22.214749585167432,63.48028245674655],[22.215173838401608,63.48044284136549],[22.21561884098651,63.48059032921507],[22.216115581983914,63.48072919801696],[22.21663450106649,63.48085235462333],[22.217170356257075,63.480961860936794],[22.21767011048808,63.48105075960343],[22.21817729885931,63.48113067966241],[22.218688986538936,63.481202543605725],[22.21920267404766,63.481266463825776],[22.219716105164295,63.48132173618318],[22.220227096461784,63.481366788435245],[22.22073336297071,63.48139909166441],[22.221232348364683,63.48141502059911],[22.22172106327394,63.48140967733569],[22.222195917372975,63.48137666808868],[22.222608394661275,63.48131939470905],[22.22263994617774,63.481313308769124],[22.223011386863675,63.481241667538754],[22.22340966767866,63.48115088961684],[22.224210079664243,63.48095679649203],[22.22465279116533,63.48085843758224],[22.225102032839008,63.48076953639829],[22.225554310433665,63.4806926237913],[22.226006183160067,63.480631055340055],[22.226454102765754,63.48058925239431],[22.226894226997924,63.480572988130525],[22.227322243283208,63.48058968474384],[22.227781843537002,63.4806538348796],[22.22822606072785,63.48075690516791],[22.228659780470174,63.48088792585667],[22.229087151399696,63.481038239938286],[22.229511878319812,63.48120091757885],[22.230367764622198,63.48154115171452],[22.230806760203333,63.48170897080008],[22.231259425363877,63.48186882674891],[22.231731797161967,63.48201534316497],[22.232196461362186,63.48213646770092],[22.232437898557503,63.48219012986964],[22.232679396895172,63.48224380443935],[22.233176236530642,63.482339845289715],[22.23368364938584,63.482426224636605],[22.234199165237072,63.482503759332516],[22.23472102380997,63.482572471539086],[22.235248053079918,63.482631570269376],[22.2357795816871,63.482679397196705],[22.23631536871329,63.48271334066785],[22.236858291026888,63.48273123561099],[22.23740412089126,63.48273535218703],[22.237951563890388,63.48272859887254],[22.238336048130144,63.48271760768976],[22.238499488027347,63.48271293537341],[22.23904682357746,63.48268947810701],[22.239592479513426,63.48265856666784],[22.24013526849683,63.48261979100899],[22.240673808337966,63.48257199086172],[22.241206434910787,63.48251321057129],[22.24174745988875,63.48243952813284],[22.24228211216696,63.4823550310805],[22.242812013595582,63.482262672046694],[22.243338425617022,63.48216470634473],[22.24438450586633,63.48195840587477],[22.246988344634353,63.48142745720458],[22.24803590108828,63.48122452772889],[22.248563629563073,63.48112879712334],[22.249095413262285,63.48103887245349],[22.24963270532214,63.48095678229774],[22.250205380569962,63.48088056805042],[22.250784099033215,63.48081284604041],[22.25195357820734,63.48069395174511],[22.25372382118734,63.48053605367091],[22.257874389354097,63.48018799927263],[22.259058121817517,63.48009624813644],[22.259648002039466,63.48005545978036],[22.260235593803195,63.48002054752023],[22.26081980719008,63.47999428829882],[22.261399153020186,63.47998047285307],[22.261971609158174,63.479984190867235],[22.262534480826893,63.48001218877413],[22.263085810210256,63.480070046768866],[22.26362705087473,63.48015253862626],[22.264160339347963,63.48025327634212],[22.264687008211165,63.48036761240644],[22.265207641267892,63.480492332278],[22.26572211710309,63.48062541662048],[22.266229591924485,63.48076586627698],[22.26672845770362,63.48091359117783],[22.267216245542585,63.48106935049425],[22.26768625967602,63.48123222022279],[22.268145806537134,63.481401893002555],[22.26859777703071,63.481576388135345],[22.269487255698586,63.48193432512834],[22.27115180794499,63.48262392388345],[22.271684097474218,63.482844431864294],[22.27257185999574,63.48320177919242],[22.273022618870716,63.48337555515547],[22.27348075663345,63.48354398889852],[22.27394923279297,63.483704828332804],[22.27443194846849,63.48385505388175],[22.27492352452972,63.48398972661222],[22.275429303896235,63.484112649100815],[22.275945980360742,63.484225113936446],[22.27631476115523,63.48429690936876],[22.276471227097026,63.48432736965265],[22.277003572097797,63.48441859501341],[22.27754228240116,63.48449683222286],[22.278087318969565,63.484558857722014],[22.278639293822447,63.484600002699736],[22.279165764172983,63.484616159345514],[22.27969763206211,63.48461444956146],[22.280233465254252,63.484599881900884],[22.280772193723383,63.484576504742336],[22.28294351050107,63.4844556345545],[22.283488893158143,63.48443163775344],[22.284035137002906,63.48441557577006],[22.28457731535239,63.4844097303233],[22.28512011631512,63.48441255194085],[22.285663273864113,63.48442218196676],[22.28674975322134,63.48445677067161],[22.287834910627843,63.48450731857159],[22.288916384388592,63.48457349509518],[22.289454662972176,63.484613904474934],[22.29003581270891,63.484664408325656],[22.29119132833744,63.48478198320928],[22.292338570436016,63.48491658110729],[22.292908423264365,63.484990110400204],[22.293474816814427,63.48506861882414],[22.29403657400659,63.485153330262186],[22.29459166928312,63.48524516099746],[22.29568671516727,63.48544588489326],[22.296762199321233,63.4856626830763],[22.297290685968743,63.48577594490064],[22.29831919325657,63.48601220317503],[22.298812499223448,63.48613579550759],[22.29928538349532,63.48626365414075],[22.299731161727443,63.4863963238422],[22.300455471342687,63.48663104674971],[22.300812439709567,63.48672982010822],[22.30118500639158,63.48680141086455],[22.30163963278169,63.486839069356655],[22.302124158591223,63.48683820079026],[22.302631026989847,63.48680895949183],[22.303154264244473,63.48675905817133],[22.30368914372391,63.48669421999745],[22.304231878493585,63.4866185668663],[22.304779314768822,63.486534916874646],[22.30532867146128,63.486445009570744],[22.305877271203748,63.48634966078577],[22.30642227158912,63.48624884283676],[22.306768755451873,63.48617986571499],[22.306960409244795,63.48614171119933],[22.307487679052514,63.486026560710116],[22.30799902087377,63.48590073615781],[22.308487937510186,63.48576048396558],[22.308923079946844,63.48561227090067],[22.309337357319553,63.4854511172966],[22.309735622324904,63.48528035076626],[22.310121361480174,63.48510246805498],[22.310496841950595,63.48491928196869],[22.310863233084067,63.48473203868981],[22.311568107583028,63.48434801631469],[22.311903514044403,63.4841515392949],[22.312223455369185,63.48395165053887],[22.312523005861014,63.483747538403],[22.312795446803616,63.48353796735905],[22.313031905866286,63.483321220310096],[22.31322192593385,63.48310042208996],[22.31337792832552,63.48287285612024],[22.313509183198686,63.4826403462827],[22.313623171771003,63.4824043394041],[22.314017470787338,63.48144558465405],[22.314025906491977,63.48142663020585],[22.31412404967891,63.48120610979468],[22.314243409273377,63.48096815379921],[22.3143813718227,63.48073252805456],[22.31455199555951,63.48048710897191],[22.31474403274516,63.48024440083671],[22.31495197356358,63.48000366987285],[22.315399804350363,63.479526115298064],[22.31587372499191,63.479052011133376],[22.316364655073293,63.47858155771285],[22.316874265230723,63.478118300621965],[22.31713976834374,63.47789181888608],[22.317416208909915,63.47767098652837],[22.317707955634308,63.47745827846801],[22.318020960239295,63.477257051486696],[22.31836315063685,63.47707178370341],[22.31874490024522,63.476908365090324],[22.319187936530476,63.47676807454559],[22.319672090588238,63.47665209075965],[22.320185591306316,63.47655552150358],[22.320719186452237,63.476475309868825],[22.321265489406567,63.47641004827976],[22.321748770568053,63.47636618775872],[22.321818391791787,63.476359869307565],[22.322372514414035,63.476326409687616],[22.322922733538892,63.47631284245914],[22.323463697505254,63.47632396814924],[22.32397731054222,63.47636122338381],[22.32495531105965,63.47646960910359],[22.324961667348116,63.4764703134718],[22.325429684053894,63.47651624494058],[22.325877373772602,63.476538270975546],[22.326299409797063,63.476520731250396],[22.326681080339675,63.476453699839],[22.32703836726031,63.47634482558862],[22.327376262877827,63.4762043132025],[22.327698059462552,63.476039977222506],[22.328005507804825,63.4758576609062],[22.328298921108722,63.47566158406532],[22.328577206722546,63.47545462828896],[22.328837827400836,63.475238561407295],[22.329082501574096,63.47501069602706],[22.32931010506161,63.47477679035395],[22.32952452346142,63.47453868817721],[22.329922911501058,63.47405466602958],[22.330284740331617,63.47356444467745],[22.330449526232854,63.473317555760225],[22.330600080705857,63.473069338310644],[22.33073223780129,63.47281944758592],[22.330842807774246,63.472567213743815],[22.330935820950184,63.47231344747971],[22.33101648700035,63.47205868147387],[22.331291268044186,63.471037206336916],[22.331444310328312,63.47052963169274],[22.33153710930365,63.47027800934891],[22.331647304624617,63.47002859930846],[22.33178136832787,63.46978217416846],[22.33194174593389,63.46954300975585],[22.33195018955979,63.46953214466393],[22.332125347573985,63.46930673082888],[22.332325932543913,63.469072571364705],[22.332639372068847,63.46873659266433],[22.33275905043739,63.46860830543477],[22.33365787177389,63.467684882647525],[22.334075088356116,63.46722055113872],[22.33426248185692,63.46698644081343],[22.334428459985666,63.46675034762597],[22.33456586295143,63.46651160345616],[22.334659720104117,63.466297185627575],[22.334943140815753,63.465427959939916],[22.335048366347355,63.465185683616724],[22.335172846882593,63.46494449739186],[22.33531269623812,63.46470436424464],[22.335465168268918,63.46446535722905],[22.33580231062551,63.46399168198095],[22.335986751492992,63.46375792433866],[22.336183441179397,63.4635271959104],[22.33639515165132,63.46330059163129],[22.336626086570778,63.463079584987106],[22.336882135915214,63.462866118144404],[22.33717118581731,63.462662710961325],[22.337514000886962,63.462463513326796],[22.337890891543545,63.462274690509],[22.338291558612926,63.46209296102724],[22.338707697681166,63.461915618476134],[22.33998428508923,63.461387619320355],[22.34040036740787,63.46120596663418],[22.340808344104172,63.46101621141349],[22.34120509623778,63.46082129778565],[22.34159330420819,63.46062251377595],[22.341974978881566,63.460420840478434],[22.342723870113957,63.46001148842929],[22.34345664982887,63.45959650080152],[22.34416920851366,63.45917619709626],[22.344513602864755,63.45896334245557],[22.34484592160116,63.458747868752816],[22.345161470756814,63.458528809254545],[22.3454539041425,63.4583048412646],[22.345714811244182,63.45807420076142],[22.345935445789095,63.45783773144929],[22.34612509123597,63.45759466859283],[22.34629200278279,63.457346711112876],[22.346442494850624,63.45709514573309],[22.346712220099832,63.45658479761607],[22.347328786673916,63.455290512376024],[22.34759412821614,63.4547731655187],[22.34774092909941,63.45451664560883],[22.347902766646474,63.45426286358851],[22.348085569632627,63.45401328139536],[22.34829712624351,63.45376991159491],[22.34852196985183,63.45355447261911],[22.34877385447126,63.45334643281827],[22.349049131580777,63.453146416910144],[22.34916916413161,63.453069327906086],[22.349345848685356,63.4529558530373],[22.349663658693096,63.452777097497105],[22.350003774162417,63.452613604992365],[22.350368965554566,63.452470149770136],[22.350763604232704,63.45235309317435],[22.351235813684625,63.452260691468084],[22.351733387406163,63.45220145996363],[22.352239839576093,63.45216930980786],[22.352738817231746,63.4521608697426],[22.353212819935468,63.45217532843446],[22.353641789445554,63.452214396676105],[22.35400159396653,63.45228241093442],[22.354262387264704,63.45238655060514],[22.354395065842727,63.45252236595334],[22.354438429370532,63.45268872491038],[22.354416644165845,63.45287776300424],[22.354349123825017,63.45308350143349],[22.354251622631843,63.4533014870423],[22.353901797743987,63.45400138011539],[22.353790984284668,63.454264827413475],[22.35369389686922,63.45453170316919],[22.3535299763969,63.455070876771124],[22.353330010784287,63.45588365477405],[22.352479760296397,63.45994539380451],[22.35239508423187,63.46048258211307],[22.352370891307153,63.46074655106243],[22.35236706370363,63.46100493470807],[22.352392775564127,63.461254875191266],[22.352460468891586,63.461492417760255],[22.35258678664726,63.46171217420081],[22.35279367769385,63.461906905494644],[22.35308165027367,63.462062745193435],[22.3534428038793,63.46219253874658],[22.35385711695565,63.46229926640465],[22.35430882034699,63.46238375830564],[22.35478541542537,63.46244468861043],[22.35527681349215,63.46247847825374],[22.355774575510964,63.46247909934456],[22.356235423661573,63.462445330999785],[22.356692925087447,63.46238340041212],[22.357144708579384,63.46229913771662],[22.357588211284146,63.462196671760836],[22.357601224084075,63.462193118235774],[22.3580204487633,63.462078644750385],[22.3584378047733,63.461946379877915],[22.35883579208832,63.46179999225983],[22.359251924582722,63.4616205947134],[22.35964487935214,63.461427797015496],[22.360020690752563,63.461225632461584],[22.360383993183987,63.46101707625068],[22.360738302324485,63.46080429384331],[22.361429793433345,63.46037178502074],[22.364802954668438,63.458198301876834],[22.36886376047069,63.45561914521907],[22.369523028610274,63.45518574253441],[22.369842955914308,63.454966828129876],[22.370152523710853,63.45474556658005],[22.370447552899208,63.454521024848134],[22.37072252704108,63.45429197928445],[22.370971513542425,63.45405877273867],[22.371200013177226,63.453821053982004],[22.37141275517291,63.45357997273919],[22.37161298049244,63.45333637598376],[22.371982408926172,63.45284384307574],[22.372151910562746,63.45259552364988],[22.37230951609492,63.45234597599558],[22.372452336692632,63.45209512451469],[22.372576043588026,63.4518427534322],[22.37267465169604,63.451588503381586],[22.372742412562953,63.45133683806462],[22.37278709210822,63.451083524673194],[22.37281580029074,63.45082910384429],[22.372880980802872,63.44980920731458],[22.372910235560358,63.44955594983836],[22.37295632920976,63.44930453292379],[22.373027104707806,63.44905578802045],[22.37313237025149,63.44881077839645],[22.373283265061485,63.448565739255024],[22.37347067597497,63.44832469062015],[22.37368531098831,63.448086673962166],[22.373920289211863,63.44785104090066],[22.374170765229916,63.44761742754241],[22.374433607562423,63.447385742258135],[22.37470720400783,63.44715617645171],[22.374991339639358,63.44692922577536],[22.375287170249056,63.44670574231199],[22.37559727927323,63.446487004746785],[22.375925838879656,63.44627481528922],[22.376229939450955,63.446097135151284],[22.37655041915731,63.445926110417965],[22.376886366393595,63.44576207385324],[22.377238003734337,63.44560586074696],[22.37760667671421,63.4454588534996],[22.377994917691044,63.44532303403079],[22.378458742998568,63.44518500852504],[22.378944537744875,63.44506011375305],[22.379446287139267,63.444944835769675],[22.3799593870491,63.44483646530736],[22.38048032517777,63.44473292018318],[22.383124437237633,63.44424049561976],[22.38416913578623,63.44403596093547],[22.38468111261404,63.44392729162458],[22.385182297274156,63.44381190701509],[22.385668715129288,63.44368729941636],[22.38613524892946,63.44355023635724],[22.38656433276983,63.443403098972595],[22.38697474213869,63.443244212027736],[22.387371353695595,63.44307659097922],[22.388137844483502,63.44272412549583],[22.390010835522695,63.441808362946766],[22.39078373389015,63.44144980529621],[22.391206594696847,63.44126637492714],[22.39163861931647,63.44108678037586],[22.39252332274885,63.440736046081255],[22.39343006970426,63.44039465782698],[22.3938916572259,63.44022798055022],[22.39435974653493,63.44006502042055],[22.39483580838392,63.439907159256755],[22.39528933486694,63.43976545165164],[22.395749562152837,63.43962941348432],[22.39621481667141,63.43949912469731],[22.396683743131895,63.43937533374334],[22.39715520925643,63.43925955072384],[22.397628205187523,63.43915418621715],[22.398101747131733,63.43906273880274],[22.39857477824295,63.43899003734955],[22.399046055033594,63.43894254848188],[22.39951402161751,63.43892873491045],[22.399995328466726,63.43895744190159],[22.400469074905875,63.43902339996871],[22.400932504988504,63.439118538037945],[22.401109393850106,63.43916531274823],[22.401381642171728,63.43923730312704],[22.40181095360937,63.43937633841673],[22.402212928372144,63.43953424667645],[22.402577583002035,63.43971144307135],[22.40289604670888,63.439908115213676],[22.403175640320956,63.44012018293351],[22.40342441404835,63.44034302564861],[22.403647445778244,63.440573072594646],[22.403847043730835,63.44080752883236],[22.40395605952511,63.440954294537214]],[[22.571305204271177,63.3869109981355],[22.654467866489373,63.33880511691519]],[[22.654467866489373,63.33880511691519],[22.639272452286118,63.327432700264815],[22.635606414244776,63.32468743141082],[22.609018836972677,63.304759422573554],[22.556819327441655,63.31750640951698],[22.485184832738476,63.32230143401201],[22.48496969120014,63.322685839335215],[22.473435871895884,63.33547836171837],[22.472717726359782,63.336779667218316],[22.472727950041108,63.337030781814896],[22.47279078756007,63.33857415051282]],[[22.533361154816863,63.42996056436007],[22.55761466452117,63.43016220728039],[22.57176706548662,63.42719176926103],[22.57660261159002,63.429571554000354],[22.58952971137442,63.43475433272217],[22.588343406187114,63.43676384009656],[22.579220712946782,63.43945652583175],[22.579245309778937,63.43949069004874],[22.579569384605467,63.44124694817287],[22.575479004131946,63.44353033014296],[22.577357898534633,63.44460947734518],[22.57619998509493,63.44814562589372],[22.576515204029935,63.44869175447183],[22.586353322745133,63.44929289932489],[22.596242967424132,63.45291816458289],[22.65301139713063,63.461922047789706],[22.68367665263691,63.46466723522306],[22.69486699075168,63.46519047826087],[22.718669299975296,63.45727170160296],[22.75398172880205,63.445995439794345],[22.831173097432075,63.39613170735094]],[[22.831173097432075,63.39613170735094],[22.859080760828963,63.39388045754465],[22.868493834181095,63.39331693755776],[22.87675216465736,63.39235364713005],[22.88348977261975,63.3915673380717],[22.893250034603586,63.38900416979468],[22.89472733073802,63.38861611453611],[22.90259090970974,63.38655007528459],[22.90941693570385,63.384756040965726],[22.972712457113232,63.367065296479375],[22.977107433516373,63.36583505763787],[22.979329161403808,63.34270625891942]],[[22.979329161403808,63.34270625891942],[22.978163628062777,63.3419305903186],[22.977868907548206,63.34173444392207],[22.953415196721984,63.342174057104685],[22.920821382230425,63.34706159567238],[22.904627498266727,63.34948651160879],[22.897052541069396,63.35209907222052],[22.892732306254363,63.353588701297106],[22.880566631359343,63.35576811651655],[22.871057075810825,63.35747074359301],[22.86973708254921,63.35784344330366],[22.83693572523564,63.36709782585132],[22.797551375599532,63.367234680620925],[22.76262873265142,63.36060261127418],[22.750285862559515,63.36441206989123],[22.742425862435887,63.367422126665424],[22.71897820355351,63.36174685036915],[22.680185959341717,63.34317726892008],[22.676635300577328,63.3430565219398],[22.663993914870744,63.34046304480856],[22.654467866489373,63.33880511691519]],[[22.410514464374657,63.552605660889746],[22.409483523352154,63.55238228102031],[22.40869471477015,63.552642486930104],[22.409141500679056,63.55318022387238],[22.409884541350962,63.55320404542543],[22.410461060587608,63.552937029374206],[22.410514464374657,63.552605660889746]],[[22.4185190909386,63.555574209631764],[22.41782257816387,63.55534375073407],[22.41758544153085,63.55557407413258],[22.4175187806292,63.5559882882134],[22.41787879173167,63.55623772115383],[22.418675000975654,63.55626319626107],[22.419741375115883,63.556267569399004],[22.419836281403093,63.556092170758404],[22.41907339543315,63.55585959466044],[22.4185190909386,63.555574209631764]],[[22.404230566020825,63.55121452741871],[22.40331350620521,63.55094717273894],[22.40201690853767,63.55104828881905],[22.401432708651125,63.55136260947375],[22.401166918182586,63.55168715461999],[22.40140890444259,63.55217075894796],[22.40236419711933,63.55220143712409],[22.403433277233397,63.552188178533136],[22.40412361777341,63.55187725774196],[22.404275593681476,63.55159663711565],[22.404230566020825,63.55121452741871]],[[22.40400360026189,63.54734924583716],[22.402674064599918,63.5469772415431],[22.401066917831706,63.54702078927761],[22.400369020145703,63.54737903400176],[22.40050483336411,63.54785922998695],[22.401512610059502,63.54822468548938],[22.40290756761597,63.54817431785613],[22.40400360026189,63.54734924583716]],[[22.3771087735795,63.58166363182953],[22.376255300347133,63.58149334109911],[22.37541802501835,63.58171613775921],[22.374427135539168,63.58189828346693],[22.373743437426217,63.58216171615394],[22.37357134529142,63.58272717148693],[22.373547079577424,63.583368774886374],[22.374868338004145,63.58312592141625],[22.375979365755956,63.58269783272951],[22.37650944994442,63.582393744672224],[22.37704529564782,63.58205415235247],[22.3771087735795,63.58166363182953]],[[22.39706201841802,63.55381545825305],[22.39669743869334,63.55359556052282],[22.396081222650768,63.553694706944846],[22.395620976861483,63.55406652319514],[22.395426096641884,63.554446871935596],[22.39536868612366,63.554801900706615],[22.395301704987794,63.55521610192454],[22.395121166182236,63.55550769272365],[22.395201229186426,63.55583740363312],[22.39566566309706,63.5558523379926],[22.396471403524988,63.55581876456941],[22.39717792507998,63.555573820166025],[22.397391919401464,63.55507512541686],[22.397468433802867,63.554601752085524],[22.39747381962836,63.55415583118346],[22.39706201841802,63.55381545825305]],[[22.394804612569676,63.54748564833505],[22.394115319714558,63.54713038971227],[22.392500496110355,63.547221177641404],[22.39145347736849,63.54775848038425],[22.391286077088857,63.54813376018961],[22.392218247515373,63.54830651570221],[22.39284735836178,63.54837434600194],[22.393096833706682,63.54881062583485],[22.39334631844474,63.54924690534027],[22.394112203597867,63.549128795564044],[22.39513626460501,63.54873348683249],[22.39595569140928,63.548284006296214],[22.395698524384404,63.547895068641864],[22.394804612569676,63.54748564833505]],[[22.436020386257113,63.557227455438195],[22.43495871269359,63.557193615687495],[22.43408660247239,63.55730855741594],[22.43318411326478,63.55761285359795],[22.4325545475199,63.55821134033196],[22.431917359349548,63.55885716391959],[22.4318792151125,63.5597600034227],[22.431992821555923,63.56038219217301],[22.43247054877345,63.56073050277884],[22.433979849577277,63.56063588436489],[22.435026561315944,63.56009826904989],[22.435549942535086,63.55949638751656],[22.435625838610367,63.55902298919822],[22.43595961020134,63.558272317607496],[22.43606584888333,63.557609558373194],[22.436020386257113,63.557227455438195]],[[22.418835925773685,63.55791588732951],[22.417356778658625,63.557012775477276],[22.415977574091954,63.557110681232714],[22.415696105062253,63.55819606983896],[22.41559701317354,63.55881147138189],[22.4162030151573,63.559687355822646],[22.417491837083812,63.5602995922955],[22.418515508904626,63.56057025520096],[22.419774855174968,63.5600395474742],[22.420662763241154,63.55916387680172],[22.4199200032878,63.558473970098845],[22.418835925773685,63.55791588732951]],[[22.45163903053124,63.528378239053865],[22.451049672377117,63.52834982281642],[22.450516750536266,63.528364835456856],[22.450016812448656,63.528404491867505],[22.449551830272142,63.52846660180926],[22.449138806189392,63.5285561087046],[22.44879853495467,63.52868042268565],[22.44854707475839,63.52884562181193],[22.448369613676327,63.52904328671966],[22.448248344454456,63.52926400158333],[22.448190735026742,63.529441419366385],[22.448171437613887,63.52950084516098],[22.448132009917707,63.52974874751432],[22.448127370878346,63.530003973326544],[22.448154862721932,63.530255907819814],[22.448206793064802,63.53051038829107],[22.448276537317238,63.53076602068016],[22.44835959572541,63.53102152707457],[22.448556290531027,63.53152654351416],[22.44866897391218,63.53177242290793],[22.448792965272112,63.532010470313466],[22.448931503029296,63.532236960003644],[22.44908964480522,63.53244680429109],[22.44927465782711,63.53263307677767],[22.449496533216323,63.532786415448875],[22.44976868380269,63.53289428502388],[22.450111770691283,63.53294643693362],[22.45050372895748,63.532946879145236],[22.450924907662408,63.532905296578676],[22.451357531733496,63.53282760080352],[22.451784360742167,63.532716203921666],[22.452163603508744,63.532583159447555],[22.452524384910458,63.532427283767326],[22.45286775127679,63.53225396213753],[22.45320352753003,63.53205021441359],[22.453533298446658,63.531803193330994],[22.4538397222733,63.53152469635877],[22.45410583506459,63.531226408991756],[22.454316151036853,63.53091996573681],[22.45446481097705,63.53061139484816],[22.45452279765674,63.530428879232296],[22.4545563716306,63.530323200833145],[22.45460410768016,63.53007183127984],[22.454620455126257,63.529873885122186],[22.45461727247161,63.529746420392605],[22.454605277068147,63.52970800095275],[22.454598644836246,63.52966246589866],[22.45450935751586,63.52954004308361],[22.454341188271997,63.52936406690554],[22.45409407385348,63.52915751238393],[22.453766508338877,63.52894338051221],[22.453355684507834,63.5287450965792],[22.45283301867587,63.528575372185514],[22.452247586893403,63.52845307030936],[22.45163903053124,63.528378239053865]],[[22.337002712443773,63.59495895780138],[22.333763660363626,63.5948535477066],[22.33075288876854,63.595561102079],[22.331490375802737,63.597679687347366],[22.33411035480732,63.59949763022304],[22.334414011672383,63.599708313152746],[22.338654628206164,63.600329623684935],[22.340822332355504,63.59814442679419],[22.34086039377305,63.598032018148444],[22.341523786220684,63.59607267906109],[22.340882776663282,63.59556848788231],[22.337002712443773,63.59495895780138]],[[22.369143851943573,63.58248136286978],[22.36866827886079,63.58245273352325],[22.368111124473387,63.582451244462995],[22.36753369856138,63.582486099501764],[22.366967119537726,63.58256076849692],[22.366877229757172,63.58258063605869],[22.366412336712276,63.58268338532263],[22.36591955322523,63.582841712961965],[22.365501804617956,63.583022976518485],[22.365167569945214,63.58321456306438],[22.364865966469633,63.583413331841086],[22.364577365706108,63.58361850601108],[22.364302043915195,63.583828713362806],[22.364041788034243,63.584043270810255],[22.36379990997876,63.584262047284895],[22.36358136626305,63.58448537409412],[22.363392960709135,63.584714002926596],[22.363231018119414,63.58496416307461],[22.36310092552668,63.58521965654282],[22.362993270773057,63.58547895947518],[22.362819774811605,63.586004523215855],[22.362613027355,63.58679694459757],[22.362500744493964,63.58731579706256],[22.36245679252158,63.5875673982779],[22.362426380823337,63.58781012067357],[22.362418151265416,63.58801092449796],[22.362443900220256,63.5882001252476],[22.36252480984681,63.58837488061857],[22.362712415211103,63.588555840023204],[22.362995311998745,63.58870472491579],[22.363327212466082,63.58880661968953],[22.363711394683204,63.58887792601932],[22.364129966761592,63.58892050887448],[22.364567751945827,63.588933955336245],[22.365011360770293,63.58891554458023],[22.36523874866211,63.5888897966527],[22.36537988234321,63.588873815971795],[22.36574451499661,63.588813206271986],[22.36610604832215,63.588739742541485],[22.36647198640025,63.588655491973824],[22.366827493711245,63.58856065385601],[22.367164151853128,63.58845186637356],[22.367493370030566,63.588319150093156],[22.367803691320585,63.58817274750939],[22.368413853478046,63.587861369027586],[22.369766856408468,63.587208734747776],[22.370088874065413,63.58703608576905],[22.370440305809677,63.586822057816164],[22.370765661015298,63.586598462459165],[22.371070286073518,63.586368049753254],[22.371357407850052,63.58613292393434],[22.371628130176514,63.5858947015962],[22.371881288109513,63.58565465088178],[22.37211302782891,63.58541381731512],[22.37231613887328,63.58517313354015],[22.3724789755708,63.58493353557262],[22.372571653522368,63.584685693886044],[22.372533789057343,63.584408787454386],[22.372365786942712,63.58413864543153],[22.372095211267883,63.58386465543871],[22.371756764482445,63.58359627620838],[22.371384312696517,63.583342984653854],[22.371010582082636,63.58311430573975],[22.370667448084156,63.58291982274619],[22.37014409988768,63.58263816904437],[22.370076309203842,63.582614687597165],[22.369870965418293,63.58257370288006],[22.369552394813557,63.582525524132215],[22.369143851943573,63.58248136286978]],[[22.412775041558632,63.51327435353538],[22.413297672010703,63.51317884660491],[22.413835823186798,63.51307066131016],[22.414370340537626,63.51295623313831],[22.415011996739814,63.51281065245996],[22.415429957282566,63.51271582205832],[22.416475629711314,63.51246594044336],[22.416990828001197,63.512337846442236],[22.417498254735076,63.512206963273606],[22.417994669550147,63.51207216752688],[22.418475470186106,63.51193175179347],[22.418934295091656,63.51178329146565],[22.419362503885065,63.51162346985983],[22.419748528256466,63.511447845239026],[22.420083972808477,63.511251927389544],[22.42037614833471,63.51103980469539],[22.42063617699464,63.51081579087155],[22.42087232227666,63.51058315665548],[22.4210904613049,63.510344335599974],[22.421294464906182,63.51010110261978],[22.421486441795892,63.50985470861368],[22.421666856024512,63.509605989443436],[22.421834497232616,63.50935543872568],[22.421986323740843,63.509103257668194],[22.422117134417533,63.508849380540326],[22.42221908163843,63.50859347437206],[22.422285369847366,63.50833245236702],[22.422317994255234,63.508038988962724],[22.42232244064644,63.50771000196839],[22.42230535102706,63.507361226751634],[22.42227315363534,63.50700836216192],[22.422187164091344,63.50635294662587],[22.42208814605511,63.50573024377637],[22.42208858235775,63.50568191255801],[22.421898650289943,63.505343279703325],[22.421754967177836,63.50511648798217],[22.421567872879525,63.504860698239966],[22.421335486361397,63.504592525607855],[22.421055375441956,63.50432886965279],[22.420865448674142,63.50419009291943],[22.420724393977913,63.50408702425491],[22.42033885268004,63.50388460213949],[22.41987007949177,63.50372794465777],[22.419373878813136,63.503633012606215],[22.41886245361079,63.503577534245814],[22.418325741364654,63.50353614891242],[22.417771785135162,63.50350436450506],[22.41720624879224,63.503479170196044],[22.416055323217503,63.50344171989601],[22.4158200352055,63.503436850668656]],[[22.43026126035552,63.52113017559223],[22.429743608698413,63.52108352197355],[22.42922375302082,63.5210786001856],[22.428690824970197,63.52110997268539],[22.428158347002253,63.52116965958523],[22.42763957794861,63.52124825203676],[22.427147759193677,63.521335915486155],[22.426061733704806,63.52154141767926],[22.425506968238462,63.521637837397],[22.42437757118978,63.52182276442671],[22.422781131686964,63.52207675322108],[22.4220988518864,63.52218529579738],[22.421536420234148,63.5222801273252],[22.420982272075914,63.52237954067677],[22.42044063515894,63.52248581675727],[22.41991719977345,63.522601999114485],[22.419419600236786,63.522732131476964],[22.418957973375417,63.52288154271989],[22.41855128600048,63.52304984603994],[22.41818135448717,63.523236939758505],[22.417841515820722,63.5234383494751],[22.417528114968146,63.52365093793336],[22.417240286434044,63.52387268495836],[22.41697987409517,63.52410252216576],[22.41675149832674,63.52434021644032],[22.416565170302675,63.52457727468646],[22.416412958608763,63.52480960068645],[22.4163230776982,63.52485719507734],[22.416298271638492,63.52501150033622],[22.416267045091296,63.52506693632086],[22.41614271559702,63.52531669702167],[22.415925639240047,63.525821129011156],[22.415744093985793,63.526327070584394],[22.415669446186087,63.52657868268321],[22.415610153337198,63.526828088237764],[22.415572042916303,63.52707395162226],[22.415563351845204,63.527314499160255],[22.415595280862455,63.52754735433495],[22.415682708105194,63.527769347511324],[22.415851764455056,63.527986634459445],[22.41610736909694,63.52818121133134],[22.416436585826638,63.52834152490243],[22.41683115218922,63.52848029892948],[22.417272322793554,63.52860238256522],[22.4177452056611,63.52871105984371],[22.41822263288213,63.52880520879277],[22.41823774675622,63.52880818889381],[22.41873981483261,63.52889428051932],[22.41924237117817,63.52896849947485],[22.419736702525196,63.52902857335821],[22.420213678186705,63.529070625857024],[22.420663017276475,63.5290889096173],[22.42107254212167,63.52907544965533],[22.42142740474544,63.52901959148996],[22.421650321968087,63.52894380563697],[22.421841473534048,63.52884312238763],[22.42200914815174,63.52872333169466],[22.42254817875306,63.528231005725466],[22.422790992073686,63.528025317157194],[22.423056567826986,63.52781807149245],[22.423345858824288,63.52761285449897],[22.42366152908125,63.527413146594355],[22.42400818355849,63.52722261071953],[22.424408402260052,63.527035821829855],[22.424838949965892,63.52685997193136],[22.425290933889986,63.52669205458718],[22.425757167497647,63.526529540623706],[22.427184139604755,63.52605292164825],[22.42765144081388,63.52589062136773],[22.42810450430618,63.52572247232309],[22.428535378745973,63.525545187646095],[22.42892946459447,63.52535972094591],[22.4292977509722,63.52516433384661],[22.429643323357595,63.524961141079714],[22.429967016516486,63.52475158388914],[22.43026724159194,63.52453649107681],[22.43053961268929,63.52431609677362],[22.430776389565263,63.524090024459106],[22.43097251814764,63.523835654808046],[22.431104384564772,63.52357684734813],[22.431204215654834,63.52329511985814],[22.431282507742043,63.52300133433757],[22.43141316793732,63.52242074850121],[22.431561040984736,63.521862588594075],[22.43167704581091,63.52152834524124],[22.431713174041015,63.521483584589404],[22.43163907033076,63.52144807528018],[22.431437651995555,63.521380506118945],[22.431127895251784,63.521294751833935],[22.430729238176838,63.521206051477485],[22.43026126035552,63.52113017559223]],[[22.37953320646408,63.585921072105734],[22.37902578461372,63.58588981445261],[22.378527745223867,63.58588792766218],[22.37804781097837,63.58592245716174],[22.377696925043384,63.58597819505048],[22.37736324146289,63.58605716366196],[22.377048111512646,63.58615634935805],[22.376654506166123,63.58631708867972],[22.376288820956844,63.58650159245848],[22.37594372577442,63.58670294405179],[22.375613766771284,63.58691603536958],[22.375295024314582,63.58713716200757],[22.374681571870696,63.58759381333237],[22.374093870775738,63.5880605341665],[22.37353621874177,63.588532877486564],[22.37327374284866,63.588771145036745],[22.37302684756075,63.58901126676738],[22.37280052406507,63.58925382563485],[22.37260727671595,63.58948695998268],[22.372068978460423,63.59018187854806],[22.37186935517908,63.59040410638393],[22.371640828791875,63.590616793226374],[22.371369592731213,63.59081614343842],[22.371052495329618,63.59099549422296],[22.370693336285427,63.5911622850411],[22.370304224588374,63.591320416421794],[22.36989540350047,63.59147323235074],[22.3690539025315,63.591774694648876],[22.368637804341873,63.591929013096205],[22.368236339729904,63.59208974186484],[22.36785943248444,63.59226036529542],[22.367517970384846,63.59244257893146],[22.367209258818544,63.59263619251147],[22.36693269234549,63.59283950870124],[22.366690198643116,63.59305148123626],[22.366665939889042,63.59307769381927],[22.366486444478106,63.5932716532571],[22.366318967839494,63.59351073521661],[22.366191577162525,63.59375630604653],[22.366096955592763,63.59400618514147],[22.366031071345702,63.59425846531656],[22.365992987124766,63.594511344801504],[22.36598487961922,63.59476295882107],[22.366012192491706,63.59501119749725],[22.36608398326115,63.59525351112398],[22.36621343857736,63.595486685797624],[22.36640954421603,63.59570510923516],[22.366664306836835,63.595910290652746],[22.366967032045398,63.5961006835856],[22.36731112114299,63.59627326255867],[22.367693648498637,63.59642326661379],[22.368115070324404,63.596543867040666],[22.36852889718832,63.59662196677483],[22.368966247081413,63.59667304706973],[22.369417546786032,63.59669972188794],[22.369874168445833,63.59670284367484],[22.370327939681534,63.59668152259923],[22.370770643398497,63.596633072627746],[22.371210340673947,63.59655143890683],[22.371626917657437,63.59644162281552],[22.3720172162169,63.596307535873315],[22.37239780799771,63.59614300864857],[22.372751250886857,63.59596031737682],[22.373083029529777,63.595764386322124],[22.373396886575552,63.59555883353059],[22.37369496837839,63.59534622914191],[22.373977899672465,63.595128306440564],[22.374244775185385,63.59490611267186],[22.374301932011708,63.594854087197895],[22.3744930588101,63.59468012000352],[22.37471838617178,63.59445029739858],[22.374914263693242,63.59421614857202],[22.37507371431774,63.59398005086692],[22.375205934225807,63.5937407283562],[22.375319640160548,63.59349992448592],[22.37562607491496,63.59278699278654],[22.37575786403721,63.59255618615776],[22.375973516583965,63.59232355382578],[22.376281843981058,63.59210318552185],[22.376686375169452,63.591909958899926],[22.377195932418232,63.59175014654894],[22.377757972128997,63.591627861848394],[22.378323785295283,63.59153793750985],[22.37884594564382,63.59147573931965],[22.37927805924471,63.59143703929071],[22.37957427788446,63.59141779023014],[22.37968950182275,63.59141410673224],[22.37975070257269,63.59136407483691],[22.379965122380973,63.59130440279748],[22.380306428838345,63.591245095727764],[22.380751104341883,63.59120080836274],[22.38121062430989,63.59118448363323],[22.381716250561542,63.591186455828925],[22.382798155353402,63.59120507115306],[22.383340030284685,63.591196781640434],[22.38390528952527,63.5911573173261],[22.3844155336838,63.59108937505734],[22.38485722615574,63.59099981942762],[22.38527266130726,63.59088979524161],[22.38565947609339,63.59076085874528],[22.386006847104834,63.59061324084414],[22.38630124870666,63.59044557484004],[22.386540872123955,63.590248057108134],[22.386722502760893,63.590033072774375],[22.386858904611245,63.58980648752512],[22.386958076611226,63.58957294890531],[22.38702387240583,63.58933631006077],[22.38705635743048,63.58909999284704],[22.38705191386201,63.58886731223439],[22.387003118955953,63.588641766427926],[22.3868983875169,63.588427324774216],[22.386721432442737,63.588228704389934],[22.386473184513363,63.588057595098284],[22.38616153166793,63.58790204177455],[22.38580388280529,63.58775902021158],[22.385414025272127,63.58762639863933],[22.385002980694264,63.587502802516845],[22.384168514087744,63.58727077240783],[22.3837673148368,63.587145138122274],[22.383422823696105,63.587017192998886],[22.382435535633327,63.586597599106675],[22.382090137838862,63.586463689092625],[22.38172933124229,63.586343321146416],[22.38134903161073,63.586234817767334],[22.38095304189274,63.586138663768544],[22.38054442121829,63.58605611943398],[22.38004202584613,63.58597723110349],[22.37953320646408,63.585921072105734]],[[22.44390805507356,63.52160804166525],[22.44341396454161,63.521575115150554],[22.44292852423401,63.521566292438685],[22.44245771349656,63.52158770499079],[22.44204067321377,63.52163978348859],[22.441647036717722,63.521721948473086],[22.441232241670757,63.52184895648818],[22.440848239527515,63.52200402073101],[22.440489657703363,63.52218003937151],[22.440153156509336,63.52237184828301],[22.43983727025891,63.52257586623118],[22.439542303406842,63.5227898119442],[22.439264100982864,63.523015989881394],[22.439003308406015,63.52324837552172],[22.438755074714003,63.52348489815333],[22.438282548808274,63.523964821957186],[22.436922623379644,63.525412782924086],[22.436456664152967,63.52588947039606],[22.43621503485837,63.526125209382585],[22.43596447791799,63.526358430620824],[22.435701691529495,63.526588291415536],[22.435422374191578,63.526813675275456],[22.43511952601103,63.52703612659421],[22.434799652378196,63.52725390155346],[22.434124701674747,63.52767917179239],[22.433419612503076,63.52809385803435],[22.432694781381457,63.52849783399655],[22.43195282318662,63.52888647291888],[22.4315747260652,63.52907215423421],[22.431191013152517,63.529249728140236],[22.430800825822026,63.52941682299085],[22.4302625028086,63.529632796831805],[22.430006818440603,63.529745154154924],[22.429692852401907,63.52990941121525],[22.429406907537377,63.53008834990371],[22.429143880202055,63.53027880767845],[22.428900292890823,63.53047832400269],[22.42867417284224,63.530685055560376],[22.428464998241488,63.530897684633885],[22.42827367148734,63.53111535981447],[22.428102568496037,63.5313376400377],[22.427940995133483,63.531585553823604],[22.427801734601623,63.531837373392975],[22.427680290065506,63.53209197051246],[22.427574010222465,63.5323485303648],[22.427481939194344,63.5326064829198],[22.42740472239842,63.53286544957784],[22.427344634692776,63.533125206306025],[22.427305662506967,63.53338564939574],[22.42729115090759,63.533647119519074],[22.427296413715737,63.533909039823754],[22.427331052712038,63.53428025998804],[22.42734536259007,63.534433609006825],[22.427466608908144,63.535221034251904],[22.42779106340815,63.537058231891265],[22.428191100103437,63.53942254595396],[22.428201542283908,63.53947360088439],[22.42811724711637,63.53959335811769],[22.42826958485957,63.53980624735912],[22.428298343248226,63.539946834963054],[22.42843869842304,63.54046782204127],[22.4285310086266,63.54072586797086],[22.428645959816585,63.540981249614234],[22.428777115899607,63.54121385065762],[22.428929994286108,63.54144331285587],[22.429101619492556,63.54166942961601],[22.42929049015681,63.5418916745547],[22.429496521520342,63.54210915829132],[22.429721033884828,63.54232056242847],[22.42996680179298,63.54252405928378],[22.430238146601507,63.542717212322046],[22.430437416236796,63.54283538279803],[22.43054107129569,63.54289685185469],[22.430843874282502,63.54304453419393],[22.431168127983113,63.54318067870867],[22.431504317517,63.54330735455138],[22.432510467958757,63.54365284928688],[22.432807285745426,63.54377091114987],[22.433044645729563,63.543902737496424],[22.433223705087418,63.544081507677475],[22.433318899611255,63.544284986954075],[22.433352434578367,63.54450686124601],[22.43334131599705,63.54474225732901],[22.433298419558664,63.54498747488057],[22.43323340768681,63.54523974781285],[22.433064137052742,63.5457578889943],[22.4326849766005,63.5468206160512],[22.432523948305075,63.547358772349135],[22.432464401797517,63.54761421743774],[22.432373837357378,63.54812687559369],[22.432313855086694,63.5486401767397],[22.432287548955518,63.54915071545989],[22.43229244986442,63.54940303015013],[22.432314944862654,63.549651685361084],[22.432361413836226,63.54989477871548],[22.43244053653475,63.55012969529473],[22.432563844838253,63.55035289504275],[22.432613006133433,63.5504085681119],[22.433591832560488,63.55102358320963],[22.43367875874753,63.55105866044112],[22.43406410028836,63.55117873786204],[22.43446473997891,63.551269419422894],[22.434870254406682,63.551322924760754],[22.43527095226938,63.55132814752876],[22.435652115938566,63.551277337075604],[22.436021135596047,63.55118055093461],[22.436379205991045,63.55104939708638],[22.43672682725505,63.55089268826862],[22.437063716416915,63.55071695530002],[22.437388684886336,63.55052687119885],[22.43769947788086,63.55032558596849],[22.437992555012517,63.550114975883865],[22.438262813604844,63.54989582261531],[22.438516272180898,63.54965817887784],[22.438745350478822,63.54941389094467],[22.438956375976947,63.54916509372856],[22.439154189333806,63.54891333612814],[22.439523900155734,63.54840501328415],[22.439875085445877,63.54789240860177],[22.44156149617114,63.54535285894445],[22.44394184995242,63.54295901529278],[22.444622763025556,63.5422320151208],[22.444834917161973,63.54198806354868],[22.4450352880132,63.54174231700372],[22.445218906039514,63.54149763593436],[22.44555256009003,63.541003695349694],[22.44585102922212,63.54050622954157],[22.446110103194417,63.54000702897744],[22.446218297143083,63.53975707825054],[22.446305811873607,63.53950697854954],[22.44636543774923,63.53925676489787],[22.446387576376306,63.53900645296582],[22.44636309680193,63.53874782603936],[22.44629962066446,63.53848912649335],[22.446208063459544,63.53823037872146],[22.446096603217125,63.53797159736754],[22.44597126993898,63.53771279439314],[22.445549876521337,63.53693638679625],[22.4449459550169,63.53590222124976],[22.444466979680758,63.5351302248234],[22.444116288326278,63.53462047774045],[22.443923064615436,63.534368358884514],[22.443718876085686,63.53412461532085],[22.44327541365325,63.53364238603557],[22.442803336263452,63.53316423065957],[22.441342409464966,63.53173517456685],[22.44088361888885,63.5312564759972],[22.440673009444943,63.5310158843603],[22.4404828037518,63.530774098198876],[22.44032151414105,63.530530759405686],[22.440200464279773,63.530285426841274],[22.440132646516208,63.53004813224964],[22.440112594648696,63.52981000379744],[22.440141142853467,63.529572531978424],[22.440218170574553,63.529341488381306],[22.44033816815659,63.529113249943315],[22.440496211926078,63.52888869285568],[22.440690513613813,63.52866897932245],[22.44092228697475,63.528455622537784],[22.44120689181525,63.52823990498227],[22.441525129369566,63.52803100772551],[22.441867709172694,63.52782712399754],[22.44222766580478,63.52762686194113],[22.442599840848917,63.5274291579614],[22.443366774658298,63.52703837534685],[22.44532747820107,63.52606701275747],[22.446102416105234,63.52567366207997],[22.44685012252761,63.525272708151974],[22.447204700725734,63.52506777442741],[22.44754076997916,63.524858619286775],[22.447855436633642,63.52464661464877],[22.448145464297593,63.5244329462027],[22.448404806390577,63.52421875251452],[22.44862404987858,63.52400521614616],[22.448789670662674,63.52379366136206],[22.448883092177933,63.523585660841334],[22.44887953532203,63.52338316268598],[22.448765070227683,63.52319482517066],[22.44855942970158,63.523012569007385],[22.448284924573375,63.52283564328633],[22.447958411808997,63.52266385916564],[22.44759225842401,63.522497621458506],[22.447195127284388,63.52233799049201],[22.44677261315212,63.52218678594553],[22.446327720533173,63.522046722517246],[22.445861227850706,63.52192160131869],[22.44538789538424,63.521817867058914],[22.44490049794371,63.52173113096904],[22.44440534470438,63.52166087627343],[22.44390805507356,63.52160804166525]],[[22.454991660681923,63.57369406904044],[22.455123830390562,63.573456199118745],[22.455206593747686,63.57322316481555],[22.455231745270563,63.57299930512523],[22.455185557335675,63.57278990686153],[22.455048069816723,63.57260161006484],[22.454830469874253,63.57245463643833],[22.45453998986065,63.57233016083559],[22.4541955509426,63.57222817084736],[22.453811719751016,63.57215042223421],[22.453399656109326,63.572100518453794],[22.45296789782748,63.5720840623342],[22.45249944754413,63.572107591554264],[22.452022165570202,63.57216546677565],[22.45154054741476,63.57224895318426],[22.451058279625254,63.572351401574494],[22.450578623155746,63.57246778035751],[22.4501047177823,63.57259425991713],[22.44963987295638,63.572727856784034],[22.448361332200637,63.57311449988157],[22.447951433092953,63.57322462811458],[22.447548661162248,63.573313721701254],[22.447153252859145,63.573372793773544],[22.44676605198058,63.573390830239546],[22.446380630979668,63.57335800298628],[22.446004519793807,63.57328163681432],[22.445637728730265,63.573172114839295],[22.445520035812024,63.573127657037844],[22.44535797974999,63.57306644167747],[22.44528110439007,63.57303740282327],[22.44493639744607,63.57288348383857],[22.44460636190027,63.57271472199989],[22.444294889131733,63.572534172453906],[22.44400718347944,63.57234383334422],[22.44375385692446,63.57215180938792],[22.4432826994279,63.5717638777906],[22.4430414315519,63.57157777480013],[22.442780817366003,63.57140373428008],[22.44248842683581,63.571247500260384],[22.442146975164356,63.571109592642664],[22.441778424882944,63.570988098677574],[22.441040128159003,63.570760667629614],[22.44071223651422,63.57063833534824],[22.440443353354276,63.570498739592075],[22.44025954604941,63.57034190654946],[22.440142334617498,63.570166293422524],[22.440081914483635,63.56997705441068],[22.440072364876798,63.56977854918619],[22.440111440218285,63.56957453680203],[22.44020044591549,63.56936837136633],[22.440350247611597,63.569151144328664],[22.440547559417066,63.56893566046353],[22.44078251730223,63.56872258755776],[22.44104851498018,63.568512672820525],[22.441341763955283,63.56830681879322],[22.441673652196723,63.568097199799276],[22.44202554426992,63.56789186821191],[22.44239128931314,63.56768975239274],[22.443147097563518,63.56729194594051],[22.445059565918996,63.56630953049806],[22.445790968350803,63.5659112729286],[22.446138286534772,63.56570836777249],[22.44646706540607,63.56550150872032],[22.446770743735364,63.56528921949101],[22.447040826707568,63.56506960361254],[22.447258791265654,63.56485428057227],[22.447447886622697,63.56463259881313],[22.447617039110245,63.564406485827725],[22.448235545588986,63.56348830167484],[22.44840763940995,63.563262339974564],[22.448600479975113,63.56304089934549],[22.44882256816374,63.56282593578168],[22.44908635646447,63.56261446843822],[22.449380170988174,63.56241002500579],[22.449694574283335,63.56221086411035],[22.450994861670868,63.561444252687096],[22.451287933185757,63.561256536572685],[22.45154670038803,63.5610695432382],[22.451756040818037,63.56088302819513],[22.4518968733218,63.560696811004426],[22.451945052849197,63.5605107509145],[22.451878122298886,63.5603192073725],[22.45171414513236,63.560127436690344],[22.45147963070434,63.55993515105806],[22.4511956639311,63.559742017214475],[22.450879251243506,63.55954762731002],[22.44986964578689,63.5589510164309],[22.449553458699445,63.558744812523265],[22.449279715025657,63.5585434093176],[22.449038601335882,63.5583384899079],[22.448836287154972,63.55813152196745],[22.448682000159998,63.5579238644623],[22.448588671303245,63.55771684389753],[22.448573701158015,63.55751184158718],[22.44865661329228,63.557300751624524],[22.448822745263413,63.55709280907611],[22.449050947322768,63.55688755198147],[22.449325293958715,63.556684777924055],[22.44963413731861,63.55648456073645],[22.449969341395136,63.55628727202282],[22.450325696973323,63.55609363268973],[22.450700482498032,63.5559047727044],[22.45109317745657,63.5557223208731],[22.451505311361142,63.55554851690929],[22.451943919994715,63.5553837234735],[22.45240128579062,63.555229978227054],[22.45287450552602,63.55508736863025],[22.453362301718336,63.55495696443066],[22.453864874100656,63.55484087676259],[22.454383813765602,63.55474235430299],[22.45486689712823,63.55467062549406],[22.455360618042345,63.55461110171806],[22.456862914485814,63.554456846218585],[22.457357246237947,63.554398191128655],[22.457897061526797,63.55432015872405],[22.458421317656196,63.55422863705838],[22.458926109452435,63.55412368320687],[22.459405707337428,63.55400421474618],[22.459852103255635,63.553867885682955],[22.460254469780086,63.55371092546059],[22.460606222428687,63.55352890235078],[22.460913579916372,63.55332726496232],[22.46118769862133,63.55311121098845],[22.461436797645074,63.55288464542667],[22.461666658337563,63.55265043653357],[22.46168393858083,63.55263110733675],[22.46188104172401,63.552410630496944],[22.462081995006024,63.552166615825506],[22.46227007852191,63.55191925553913],[22.462436069721644,63.55168308369994],[22.462744932119527,63.55120610195187],[22.46318045089362,63.55049337523232],[22.463477853707086,63.550006650222755],[22.463785072459576,63.54952921213615],[22.46394742673693,63.54929183054117],[22.464118232637844,63.549055717337474],[22.46450441576189,63.5485681429898],[22.46554632619372,63.54736397028488],[22.46594612528424,63.54688572964898],[22.466129476528433,63.54664749440944],[22.466294497690505,63.546410106411784],[22.46643349193903,63.54617387765896],[22.46653632508157,63.545939238102584],[22.466589769312986,63.54570676879864],[22.46657674269822,63.54547723174219],[22.466478477065767,63.54524134218091],[22.46631269500694,63.54500853043354],[22.466103100434722,63.54477785560725],[22.465405908570958,63.544091852405344],[22.465330591581957,63.544003125777216],[22.465212024169354,63.54386344849346],[22.465071610136263,63.54363441824904],[22.46501062685527,63.5434042957529],[22.465046421447106,63.54318175819234],[22.465159235291186,63.54295793164356],[22.465328715200638,63.54273294901753],[22.465538786719662,63.54250688453306],[22.465776643445636,63.54227975860577],[22.466558924834906,63.54159160749114],[22.466814271210858,63.541359691287376],[22.467052219544648,63.54112635071347],[22.46726199830707,63.5408915217091],[22.467430348272586,63.5406552107456],[22.4675405703867,63.540417551878726],[22.467578667563558,63.54018095414646],[22.46755509273346,63.53994655868301],[22.467481534012755,63.53971814063145],[22.467365349284336,63.539500381014584],[22.46720991671906,63.53929924829927],[22.467014822061234,63.539122468286415],[22.46677590311296,63.53898006769124],[22.466485111159162,63.538885028803875],[22.46613329070326,63.53884844379588],[22.46573948317975,63.53886470404863],[22.46532355752646,63.538925570304194],[22.464896491826742,63.53902608339342],[22.464467535778276,63.53915625534246],[22.464038577443628,63.53930764712625],[22.463611023181404,63.53947403887957],[22.463186038386215,63.5396509546741],[22.462348532589687,63.54002496222123],[22.461938983074955,63.54021881866188],[22.461538331271946,63.54041635859962],[22.46114953305064,63.54061770011047],[22.46077655169111,63.54082352015313],[22.46042462241899,63.54103503869032],[22.460100565261907,63.54125404120807],[22.459813092140546,63.541478637213494],[22.459549247854756,63.54170953994975],[22.458798710481904,63.54241206682563],[22.458561773524345,63.542616189463764],[22.458312396524857,63.54281550041642],[22.458195215615618,63.54290165155899],[22.458049652976275,63.54300866733531],[22.457771770670856,63.543193847276136],[22.457475982504803,63.543368547978886],[22.45715839089154,63.54352946709676],[22.456857724863355,63.54365691267162],[22.456539413431546,63.54376959801808],[22.45620594462119,63.543865990674725],[22.45585907483665,63.54394369964473],[22.455516600882845,63.543997793161864],[22.455166399515377,63.544030118093715],[22.454811596445598,63.5440380922867],[22.454363014166173,63.544011789648295],[22.453911649417524,63.54395467623351],[22.453457132952952,63.543878118335776],[22.452535799265295,63.54370634156057],[22.452066978349794,63.543629916322885],[22.451548362492623,63.54356671400737],[22.451032099167936,63.543528100400984],[22.450529597558493,63.543517506117865],[22.45005369142616,63.54354076124304],[22.449619496701004,63.54360655599982],[22.449241891842686,63.54372087750049],[22.44890829529868,63.543875025982096],[22.448607002726018,63.544058258596024],[22.448329059369026,63.544262406891924],[22.44806770229708,63.54448134211052],[22.44781789043868,63.54471052237641],[22.44757591477738,63.54494663144532],[22.44710544938752,63.54543076086683],[22.444796520066486,63.54788629145756],[22.44434501156577,63.548375744123796],[22.4439153853418,63.54886696747678],[22.44389272334971,63.548895013659084],[22.443715668854423,63.54911413103815],[22.443531630501408,63.54936302521673],[22.443369161334928,63.549614368960604],[22.443234721096417,63.54986526485998],[22.443121408527134,63.55011859279457],[22.443023599400195,63.55037369723653],[22.44285840037367,63.55088737212322],[22.442649633847967,63.55166227468854],[22.442139924205385,63.5537336840734],[22.4420518572552,63.55406989305293],[22.44193676619996,63.5545092649116],[22.44178430662756,63.555024727031515],[22.44169830407961,63.55528155128332],[22.441602389029804,63.555537456629786],[22.44149299026642,63.55579211447121],[22.441365221281266,63.55604907833607],[22.441072111288506,63.55655953844232],[22.440749664512616,63.55706731169117],[22.440241982818318,63.55782680389807],[22.439549065167213,63.55883780060231],[22.439536516859953,63.55885558150506],[22.43901555310641,63.559593722189696],[22.438641041834888,63.56009433753174],[22.438442693351714,63.56034269109604],[22.43823303890217,63.56058905773372],[22.438008090569678,63.56083453505594],[22.437527026371217,63.56132002351223],[22.43676414516422,63.5620410183057],[22.435981113409717,63.56275835016995],[22.43518537674321,63.56347269760124],[22.43464110573226,63.5639452578982],[22.43407234529076,63.56441123975039],[22.43377226441575,63.56464002168088],[22.433456078458548,63.56486642473269],[22.43312819020812,63.5650896962956],[22.432791763163543,63.56531068618471],[22.432102196318166,63.565748219532914],[22.431046065180798,63.56639882274476],[22.428200679112624,63.568127543066645],[22.427499401614938,63.56856256348577],[22.426819036850766,63.56900256651241],[22.42649349925919,63.56922592365401],[22.42618344425901,63.56945274543642],[22.425894088733003,63.56968343681769],[22.425625205766735,63.56991809407463],[22.42537773590281,63.57015630314894],[22.425154765310992,63.5703979954493],[22.42496176960219,63.57064345025445],[22.424806932645037,63.57089330759815],[22.424705729131748,63.571122954645176],[22.424633880339506,63.57135587259123],[22.424582426464866,63.57159114766902],[22.424543839141666,63.57182804668944],[22.42444252594744,63.57254300610981],[22.424394095396128,63.57278128663289],[22.42432265067822,63.57304272447646],[22.424234946200478,63.57330350721105],[22.42402595598914,63.57382362147488],[22.423665669697826,63.57460156531124],[22.423151976312848,63.57563705843682],[22.422100857611397,63.57770777800559],[22.42169422480644,63.57848431304023],[22.421490036232676,63.57884740835448],[22.421258730219833,63.57925871213719],[22.420932471152327,63.57977117966143],[22.420750751010452,63.580025103021114],[22.420560096706915,63.580268409879906],[22.420357931675078,63.58051002056746],[22.420341365566465,63.58052881295078],[22.419725378850007,63.58122754879473],[22.419328453102874,63.581699860347356],[22.419156024417273,63.58193325490178],[22.41901329790511,63.582163836622115],[22.41891310450684,63.58239046915749],[22.418872187359014,63.58261158911629],[22.418912270438117,63.58282510080337],[22.41903405968558,63.58301009166115],[22.41922581721221,63.58318767695107],[22.4194727709929,63.58335840927016],[22.41956647777028,63.583411166714974],[22.419763907790717,63.58352232206326],[22.420091459906583,63.5836789213167],[22.420450493743665,63.58382715891021],[22.420838579824473,63.58396538878125],[22.421302443901943,63.584106024298535],[22.42179189348223,63.58423545879942],[22.42229922830781,63.584356848591796],[22.422818750100316,63.584472612846504],[22.423878811816504,63.58469419791457],[22.42602306853826,63.58512670468043],[22.427088901117322,63.58534719821545],[22.428141683714486,63.585574115308205],[22.429684355418654,63.58592231020644],[22.430194999692798,63.58602836670549],[22.430709493935506,63.58611965625013],[22.43123146272039,63.58618843999704],[22.431776597205097,63.58622872685282],[22.43232722286071,63.586241634748],[22.4328768975967,63.586231117081276],[22.433418734728527,63.58619885712836],[22.43394489038668,63.58614431646193],[22.43444598727544,63.58606468963368],[22.43491048298263,63.585954751889545],[22.435330899965578,63.58580938289373],[22.435713125298015,63.58563582821498],[22.436067409375806,63.585441983002184],[22.436401546554947,63.58523377848559],[22.4367213821912,63.58501560639696],[22.437031233687186,63.58479067589409],[22.43763270647463,63.584329090221935],[22.439974705373725,63.582451301436],[22.440563587154898,63.581985481768655],[22.441161953553156,63.58152467085896],[22.441781200321405,63.58107392568527],[22.44210510039718,63.580855239011505],[22.442444067199837,63.58064353106585],[22.442804200108856,63.58044158264972],[22.443193727047912,63.58025314855241],[22.443588440472084,63.58009289132199],[22.444008904358025,63.57994441907735],[22.444447621447328,63.57980425351217],[22.44626571061062,63.579270503172786],[22.446707737215245,63.57913018550254],[22.447153858280448,63.57896788872785],[22.447620258455544,63.578765864860095],[22.448091763639116,63.57853439209497],[22.448555912936616,63.578285578474926],[22.44900028857616,63.57803154793052],[22.44977901593798,63.5775557942669],[22.450530487834758,63.57706387939938],[22.450576617923677,63.57702621314908],[22.45074026610268,63.57691559791664],[22.45256930613848,63.575694788534015],[22.45340385446001,63.57511696828956],[22.4537634834469,63.57485628936888],[22.454065355996242,63.574624614081934],[22.45434237665294,63.574396085444796],[22.4545947395924,63.574165627656356],[22.454813244849845,63.57393302450079],[22.454991660681923,63.57369406904044]],[[22.394187433595356,63.61560184301525],[22.39678782894978,63.61437378160341],[22.39782729212934,63.61387436757838],[22.398667056729323,63.61345503908075],[22.399053649366063,63.613252383249446],[22.39942959109803,63.61304602719664],[22.399770899128566,63.61284807654687],[22.400425942939737,63.612443062896716],[22.40105228455316,63.61202964936279],[22.401354492183756,63.61182030304944],[22.4016475623394,63.611609049139126],[22.401928910369808,63.61139551706676],[22.402194802364875,63.61117910970423],[22.40244012063567,63.61095896707382],[22.402658081115728,63.6107339276196],[22.402852926347883,63.61048981482525],[22.403018259748603,63.610240463000544],[22.403162285663647,63.60998733926138],[22.40340889431996,63.60947388949512],[22.40351871921444,63.6092149826107],[22.403720333116333,63.60869506287601],[22.40389801913136,63.60817413509862],[22.403974205767433,63.60791376592905],[22.404037706792412,63.607653667256166],[22.404083518566924,63.607394001528526],[22.40410480393354,63.60713495245303],[22.404092452410524,63.60687674685725],[22.404038677908375,63.60661813253548],[22.40395103104397,63.60636036843515],[22.40383884557224,63.60610322942348],[22.40356733463685,63.60559017431675],[22.403261488776412,63.60507803101679],[22.402288062600988,63.603543440617614],[22.40162204558088,63.6025232235366],[22.4012693152491,63.60201663197393],[22.401081744765786,63.60176522117976],[22.400882623688045,63.60151572440929],[22.40066849824463,63.601267644150234],[22.40020853496262,63.60077667214973],[22.399477328067075,63.600046763151504],[22.396478429152403,63.59713107811158],[22.395962495698257,63.59664850480113],[22.395694774630467,63.59641024050033],[22.395416313410156,63.59617547472054],[22.39512248235802,63.595945861589065],[22.394807089917038,63.59572364704882],[22.394461953029666,63.595511840267875],[22.394097710057462,63.59532140613999],[22.393705663875398,63.59514108927158],[22.393292820212285,63.594968755047105],[22.392864441302173,63.59480308332284],[22.392424338985947,63.59464352927234],[22.39197512839882,63.59449032792723],[22.391518417996046,63.594344542533904],[22.391054949667343,63.59420817155527],[22.39058466770974,63.59408430823924],[22.3901067684244,63.593977369704156],[22.389619681848146,63.59389338319062],[22.389121035367886,63.59384034636582],[22.388852368359625,63.59383217665489],[22.38860762255585,63.59382473375578],[22.388083193385945,63.593840159177496],[22.387550866727786,63.593878528352015],[22.387013250754908,63.59393374034576],[22.386472646076154,63.59400133082034],[22.38593128320998,63.59407817753788],[22.385391553187304,63.59416228567979],[22.384856260296697,63.594252635929095],[22.384328923663677,63.59434909257867],[22.383814111856143,63.594452381948635],[22.383317876563122,63.5945641198594],[22.382848228788955,63.594686900727],[22.382415755592493,63.59482444154365],[22.38203431398383,63.59498177330268],[22.381723520363764,63.59515777494256],[22.381465013280792,63.59535221138833],[22.38124981674338,63.595559878544265],[22.381072652770893,63.59577662566522],[22.380931728260467,63.59599910124616],[22.38082866590611,63.59622453231005],[22.380768583197366,63.59645052463911],[22.380760336405334,63.59667489168679],[22.380816883080392,63.59689549987761],[22.38094482445075,63.59710673215238],[22.381128757293645,63.59731386947763],[22.381349117301916,63.59751843040445],[22.381832610289717,63.59792561353278],[22.38206527667322,63.59813121970274],[22.38227145773184,63.59834038024698],[22.382434298203496,63.59855505490393],[22.38254330833621,63.59878405104152],[22.382601784531953,63.59901935412582],[22.382622732574887,63.59925935720561],[22.3826166273923,63.59950280518404],[22.38259197644759,63.59974872037326],[22.382437500022867,63.60074373897289],[22.382413513818005,63.600992828256686],[22.3824076831618,63.601241120207334],[22.38242775521489,63.60148806313268],[22.382483083187303,63.60173298079812],[22.382575304672518,63.60196463257686],[22.382697555713143,63.602194213818386],[22.383273594615254,63.60309633845035],[22.38338647813635,63.60331717442331],[22.38346202598828,63.603535006951454],[22.38348375481174,63.60374869030457],[22.38346012074157,63.603857898446414],[22.383440949545513,63.60394648821193],[22.383339059966985,63.60413678510217],[22.38318218859724,63.604316678113626],[22.382970834231568,63.60448250803836],[22.382701885231754,63.604629689136374],[22.38235039379389,63.604761751868224],[22.381944318966287,63.604872827735925],[22.381497801947777,63.60496801985558],[22.381021704135296,63.60505123416138],[22.380524246416446,63.605125384321596],[22.380011562882633,63.60519256421814],[22.37948813305767,63.60525418504084],[22.37895715276914,63.60531107983427],[22.37788045690986,63.605411569326584],[22.37667777673041,63.605502443981834],[22.375470350819562,63.60558106737797],[22.3670550242962,63.60608066900724],[22.365258636478167,63.606191324293135],[22.36406646005029,63.60627226679151],[22.36347411579102,63.60631738264862],[22.362885949913924,63.60636750598977],[22.36230382944563,63.60642472413932],[22.36173028684039,63.606491824004664],[22.361168690687542,63.606572471165116],[22.36064995238864,63.606663888266986],[22.360141041416075,63.6067659888891],[22.358636050057367,63.607089113862536],[22.358131850765286,63.60718825875371],[22.356798088260035,63.6074192817974],[22.356372521413803,63.60750107051192],[22.35596834293387,63.60759394237961],[22.355594557571642,63.6077039857651],[22.355199340939997,63.60786290377352],[22.354847846248134,63.60804731619604],[22.35452940782154,63.60825056603561],[22.354236573824,63.60846764339433],[22.353964678449515,63.60869487311721],[22.35371158872069,63.6089296593328],[22.3534775607208,63.609170277592504],[22.35326527156932,63.60941571675995],[22.35307999008623,63.60966557484856],[22.352929897738857,63.60991997500924],[22.352822447213875,63.61017910040797],[22.352752502810556,63.610441807196764],[22.35271434273921,63.61070686505128],[22.352705466843165,63.61097328381515],[22.352726394887586,63.611240213448134],[22.35277693138359,63.6115023087774],[22.35285104081011,63.61176389735243],[22.352942512770756,63.61202465647106],[22.353047126898968,63.61228410312037],[22.353287339104742,63.6127958456754],[22.353422534542155,63.61304556653024],[22.353570060231984,63.613288544919634],[22.353733705199108,63.613521816463404],[22.35391923874491,63.61374134247449],[22.35413481134515,63.61394168391326],[22.354391466497024,63.61411562676836],[22.354703781236346,63.61425372436152],[22.354957320423626,63.614322676760224],[22.355238187578376,63.6143710443985],[22.355539682778062,63.61440010378582],[22.356009276217417,63.614411882207534],[22.356499198881643,63.61440058548244],[22.356999751187665,63.61438200208385],[22.3575023219192,63.6143713389439],[22.357998604202052,63.6143842967294],[22.358340328973423,63.614415345620664],[22.35867229670673,63.61446407255953],[22.3589918003323,63.61452849799952],[22.359389915007842,63.6146356254808],[22.359751212252494,63.61476622481166],[22.36006393030362,63.61492035275798],[22.360292077618812,63.61507536878809],[22.360489841796557,63.61524500954873],[22.3607045974229,63.61545963898834],[22.36090610568338,63.615684943284755],[22.361284905127622,63.61615573050538],[22.361825974452625,63.61688589266958],[22.362533103378695,63.617870787431954],[22.362879558399165,63.61836368660414],[22.363212016966724,63.618857204945094],[22.363514969329472,63.61935294631917],[22.363647575566276,63.61960248536899],[22.363764434987004,63.61985617328149],[22.363867112482165,63.620111194826755],[22.3640439835044,63.6206239399497],[22.36427132876898,63.62139691028925],[22.36461964743735,63.62266125541582],[22.364770450689438,63.623208611450025],[22.36493370286168,63.623726912347514],[22.365025960637432,63.623985635992845],[22.365129092584947,63.62424369564393],[22.365380628178272,63.62477089989042],[22.36552125084119,63.625032944455064],[22.365823450178105,63.625552183187274],[22.366153578380953,63.62605802085469],[22.366333224936643,63.626301041710015],[22.366527483514403,63.62653308428961],[22.366742249488038,63.626749242987174],[22.366985756130376,63.62694284782917],[22.367269173880114,63.627104963142045],[22.367607346203204,63.62722379169574],[22.367994218481616,63.627287979090426],[22.368416801377588,63.62731110573977],[22.368431929710322,63.62731193405359],[22.36890710935219,63.627306223028135],[22.369409509171238,63.62727896854707],[22.369931375782244,63.627236337020555],[22.370466914529263,63.62718296202886],[22.371011858260847,63.627122294569446],[22.374356862753633,63.62671119511995],[22.37547911443338,63.626581824744704],[22.376040618165685,63.62652246295093],[22.376602523777184,63.626468163805555],[22.377165016532594,63.62642041069022],[22.377728309292664,63.62638105205524],[22.37824766242228,63.626353196611475],[22.379796290769832,63.62628621717458],[22.380303568523864,63.62625692058919],[22.380802655624375,63.62621720181457],[22.381290570803717,63.62616202285336],[22.381808943281925,63.626079491032556],[22.382314048294777,63.62597770340451],[22.38280939824926,63.62586165683406],[22.38301954604739,63.625807231976374],[22.383297684260242,63.62573519767359],[22.38378092083351,63.625601237753415],[22.38473769884655,63.62531889452674],[22.386158809506355,63.624876420514724],[22.387562165019425,63.624420094690045],[22.388475843536174,63.62410414892582],[22.3889201265532,63.62393982034167],[22.389337757520124,63.62377582175199],[22.390145682230845,63.62343483936997],[22.390922626214532,63.62308088446825],[22.391298491816322,63.6228994438009],[22.391663658353565,63.6227146003315],[22.392015098788974,63.6225256022758],[22.392348513925217,63.62233130452056],[22.392658084204022,63.62213010401115],[22.392950212624232,63.621911815255004],[22.393144057836526,63.62174793079499],[22.393217022303933,63.62168624216903],[22.39346536251636,63.62145533402378],[22.393926243451705,63.620983091818864],[22.394360626685422,63.62050303151561],[22.394991017877505,63.61977719389922],[22.39540135339417,63.61929251062687],[22.39579526572907,63.618808763240764],[22.395979633969382,63.61856771262436],[22.396149373397037,63.61832758336944],[22.39629703520929,63.618088799152424],[22.396411732712316,63.617851824389646],[22.39645385391204,63.61759617076067],[22.396384345058667,63.61731652665399],[22.39620979942882,63.61704789565013],[22.395951297303444,63.61677902237894],[22.39563835921002,63.616518321059374],[22.39529978665762,63.616274244176694],[22.394963471435982,63.616055299811194],[22.394656634652062,63.61587003684145],[22.394187433595356,63.61560184301525]],[[22.795607293601577,63.50475123324055],[22.820904043387134,63.49825333986369]],[[22.820904043387134,63.49825333986369],[22.826581874964994,63.498007711814374],[22.85879354088233,63.49660985609311],[22.90205856966599,63.49957608477098],[22.903202915021602,63.49768758007919],[22.937438514980713,63.482789397780145]],[[22.937438514980713,63.482789397780145],[22.93861992281114,63.47840897792148],[22.94049248619383,63.47558415039968],[22.94637018869322,63.45106462804093],[22.93494647942451,63.44134462753057],[22.93486721815334,63.43535573923498]],[[22.93486721815334,63.43535573923498],[22.92939769928779,63.43458351034762],[22.876014486099688,63.41925299390207],[22.871719992254565,63.41801813826272],[22.86948769908892,63.41543992142367],[22.870271924653633,63.41352097453384],[22.87238477055989,63.40834961951234],[22.866568577486653,63.406404661665285],[22.84983988267763,63.40080775214132],[22.831173097432075,63.39613170735094]],[[22.44710968059631,63.48937108393418],[22.447001928878915,63.489355920494866],[22.446875948979116,63.48961476866387],[22.446771082924833,63.489874345031566],[22.446687467843837,63.49013354081808],[22.44662736921521,63.4903913240183],[22.446595557463745,63.490646497829864],[22.44659972852095,63.4908976124356],[22.44665104835438,63.491142869034014],[22.44669478104186,63.49123399977835],[22.446764850340745,63.49138001163329],[22.44690445523279,63.491557241934686],[22.447079186887464,63.491730591351505],[22.447739073569075,63.49229168209472],[22.448244807975893,63.49273528449976],[22.448987638364763,63.493417965408156],[22.4497118568148,63.494110699030934],[22.450181874822878,63.494575678787676],[22.450634145012796,63.4950433702714],[22.450849343162897,63.49527868861943],[22.451053544440608,63.49551543253837],[22.45124274054883,63.49575409318745],[22.451418013125416,63.49600266901735],[22.45157318490705,63.496253465369996],[22.45170793947438,63.49650616653829],[22.451820079095647,63.49676063254634],[22.451905381490995,63.49701688830643],[22.451960153092433,63.497273950492485],[22.451990558693396,63.49753243876177],[22.45200326114354,63.497791944649634],[22.45200332514068,63.49805216439777],[22.451979841836934,63.49857390297819],[22.45187819555599,63.49988075284303],[22.451840541722852,63.5006645962804],[22.451852471478674,63.50118651891606],[22.4519130956371,63.5017134475986],[22.452060876619118,63.50250288922527],[22.452239376859108,63.503291624153604],[22.45243712217526,63.50407910839675],[22.452586089630557,63.50460233374106],[22.452669793523174,63.504862919945246],[22.452762732125034,63.50512245543224],[22.452868156964282,63.505380558010465],[22.452990250296093,63.50563672760146],[22.453129482679948,63.50588705333307],[22.453582959600986,63.50663234746373],[22.453716263159098,63.50688170161805],[22.453824193399253,63.50713297532158],[22.45389682823489,63.50737939181917],[22.453942609705567,63.507627948918284],[22.453968225652286,63.50787814619812],[22.453978959325596,63.50812958243854],[22.45397170654502,63.50863491660688],[22.453923222695497,63.50964798742101],[22.453926799286425,63.510150258826954],[22.453949295333643,63.51039828697351],[22.45399392497502,63.51064290488254],[22.454069340888683,63.51088267730406],[22.45418678686102,63.511115702803174],[22.454351894422523,63.5113348706567],[22.45456342672651,63.51154472713885],[22.454817257112108,63.51174404750309],[22.455112453888166,63.51193079765812],[22.455451199763544,63.51210203357206],[22.455825820266465,63.512252255478884],[22.45623345062015,63.51238917148585],[22.45666263202073,63.512517273752934],[22.45798331636224,63.512886696741944],[22.458404191103412,63.51301689805189],[22.458798820252184,63.513157145611466],[22.459155105151904,63.51331215833409],[22.45949301069022,63.513504796719694],[22.459781205933385,63.51371611369154],[22.460030519278277,63.513941336086916],[22.46024831211847,63.5141768789925],[22.46043887216646,63.51442012629133],[22.46060368799863,63.514669248785744],[22.460741570638465,63.51492305971662],[22.4608486666845,63.515180906396246],[22.46092130037345,63.51544085416726],[22.46096704267694,63.51570342926683],[22.460993689629696,63.51596775784628],[22.461012578771,63.51649919241807],[22.461025151638797,63.517560927249704],[22.4610447808886,63.51782356924211],[22.461080684375297,63.51808385203141],[22.46114004534955,63.51834081570026],[22.46123223928302,63.51859319040701],[22.46136947774896,63.51883931158518],[22.461563567979795,63.51907994387964],[22.461803484130797,63.51931423554095],[22.462076850059056,63.51954389510062],[22.46237428484036,63.51977021993327],[22.462688781961294,63.519994176363596],[22.46334967632437,63.52043764850283],[22.46575913818963,63.52197626380641],[22.466434530991517,63.52241786623626],[22.46676259643297,63.522640157891445],[22.467080282603877,63.52286406921968],[22.467383229331578,63.52309029389151],[22.46766554942866,63.52331976767086],[22.467919379538134,63.52355374411407],[22.468134375986498,63.52379387392026],[22.46829519907592,63.52402930235345],[22.468421492096653,63.52427029252509],[22.46852357720564,63.52451529670056],[22.46860994063746,63.5247630794035],[22.468843188140447,63.525513831413825],[22.46893309967347,63.52576402527296],[22.469040311894318,63.52601776555106],[22.469161839053562,63.526270330590734],[22.469295361396497,63.526521717930784],[22.46959409474387,63.52702038541663],[22.469759706105467,63.52726702537071],[22.469938247364603,63.52751113774018],[22.47013285423827,63.52775187941676],[22.470348168819818,63.52798810607864],[22.470590591073126,63.52821829831017],[22.47087347782386,63.52844752554582],[22.47118362277016,63.528670628325436],[22.471512800173166,63.52888947715712],[22.473247643318153,63.52996573174418],[22.473580797833147,63.53018510908778],[22.47389825044694,63.530408705888746],[22.474182407125564,63.53062661285009],[22.474452343269252,63.53084829816792],[22.47547955857241,63.53174843523196],[22.47574339177849,63.531971290477806],[22.47601870289826,63.53219086999095],[22.47631090548566,63.532405664300086],[22.476622441500883,63.53261342706862],[22.476950896793667,63.53281640977365],[22.47729111221158,63.533016069530255],[22.478687457550667,63.533804580887484],[22.479026255855445,63.53400454363694],[22.479352250720417,63.5342080609205],[22.47965975757051,63.53441671112909],[22.47995250442518,63.534638290857714],[22.48022512446511,63.53486547618722],[22.480482986279778,63.53509679851455],[22.480730203925113,63.535331128119346],[22.481204388310427,63.535805622068935],[22.482341305737158,63.53700649099674],[22.482785291473466,63.537489510336435],[22.48321538327897,63.53797464127904],[22.483614682929748,63.53846387109703],[22.483793610403676,63.53871108836554],[22.48393849753443,63.53893665532151],[22.484067718542008,63.53916391455629],[22.484181774712756,63.53939256183893],[22.484279936062695,63.539622381768275],[22.484360160068828,63.53985323892035],[22.48441898489402,63.54008506459275],[22.484453742364565,63.54032355256751],[22.484465258180652,63.54056261113478],[22.484456246409227,63.54080183319563],[22.484427701303513,63.54104080414523],[22.48437892684769,63.54127908032877],[22.484307510134023,63.54151615313389],[22.4842096843695,63.54175472793253],[22.48408982214266,63.54199153755839],[22.483951660977258,63.54222652184424],[22.4837973086629,63.54245945142382],[22.483627354585064,63.54268989887123],[22.483440912738192,63.54291720858158],[22.483235612726315,63.543140451521126],[22.483007507818062,63.543358369264894],[22.482750932001633,63.543569309226726],[22.48245655463924,63.54377524357794],[22.48213536134337,63.543974154027715],[22.481796074129985,63.544167940431464],[22.480869653918305,63.544667429140304],[22.480404086340453,63.54491843593864],[22.48008462683561,63.54510489449137],[22.47979514352784,63.54529264954592],[22.479548664877026,63.54548266202316],[22.479361657798524,63.54567604912114],[22.479254991720683,63.545874157881194],[22.47924569153593,63.54608078185073],[22.479318790595713,63.5462924029972],[22.479452909777816,63.54650781561509],[22.479631289819434,63.5467261037218],[22.479840771953768,63.546946587334396],[22.480032163944337,63.54713139579189],[22.480070883119673,63.547168782811006],[22.48080423845783,63.54784309760459],[22.481039227569852,63.548070214209815],[22.48125686749035,63.548298654814865],[22.481447778535344,63.54852865758897],[22.48160038758407,63.54876056146554],[22.481700133133522,63.54899480981873],[22.481734919798043,63.549228204075106],[22.481715281683705,63.54946319422979],[22.48165201894081,63.54969858536468],[22.4815523736292,63.5499331080063],[22.4814203444941,63.55016531388419],[22.481256877958213,63.55039346417146],[22.481059923843464,63.55061539366426],[22.480824356695546,63.550828358120874],[22.48053011579969,63.55103906842705],[22.48019178634972,63.55123566990399],[22.47981306711582,63.55141652567231],[22.479393915836592,63.551578611142254],[22.47896165107753,63.55171161118283],[22.47850025594596,63.55182842890415],[22.47801734392857,63.551932364257375],[22.477518644273573,63.552025657918776],[22.47700840708414,63.552109606564215],[22.47648969733693,63.55218464136987],[22.47596467639932,63.55225037105424],[22.475434805411226,63.55230558379236],[22.47535619249624,63.55231186199775],[22.47490101810935,63.552348213100856],[22.4743638707096,63.55237528321976],[22.473802388536086,63.55238482462678],[22.473240315182437,63.55238065284117],[22.472126069089178,63.55235713226725],[22.471581003912952,63.552350247613546],[22.4710502270546,63.55235549732086],[22.470540152712946,63.552380706601355],[22.47005913898779,63.55243525485757],[22.469613914115282,63.55252734518828],[22.4692071633968,63.55265239540548],[22.46884043623822,63.552804678703914],[22.468518764078613,63.55298065099685],[22.468282806519746,63.55314889881312],[22.468081416440995,63.55332984125328],[22.467911598329547,63.553520714947105],[22.467772380872205,63.55371945445964],[22.467664755251143,63.55392458604943],[22.467579913162986,63.5541698317264],[22.467529454101005,63.55442016691986],[22.467503853624198,63.554673933352504],[22.467495921057957,63.55492993413482],[22.467500281720163,63.555187317581826],[22.467531035788998,63.55570405052078],[22.467606876648215,63.55663059967318],[22.467657881137903,63.557253707089984],[22.467675671515828,63.55776803881038],[22.467671940463305,63.55802457533417],[22.46765558810663,63.55828056316347],[22.46762222632845,63.558535848143414],[22.467567872440384,63.558791984755445],[22.467496188372053,63.55904738767594],[22.46731677016087,63.559556381781576],[22.467214229948247,63.55980995029632],[22.466989499157293,63.560314387329996],[22.466736698321867,63.56081240590003],[22.466595702563307,63.561057156416766],[22.466440676502764,63.56129748037011],[22.466266706122816,63.56153166033259],[22.466067165975012,63.56175742833687],[22.465833346934513,63.56197182099529],[22.465554027503206,63.56217103461721],[22.46524523916227,63.56234106679264],[22.464903713747265,63.562500788799895],[22.464191912703143,63.56281521641652],[22.46385533927264,63.56298260639597],[22.463534490152405,63.56317472427556],[22.46324765573739,63.56338036241083],[22.462990479447022,63.56359623234089],[22.462761157630876,63.56381965692645],[22.462642699665118,63.56395473851055],[22.462560541257837,63.56404842613455],[22.462392360473753,63.56428064142217],[22.462263584657666,63.56451457069854],[22.462184924841466,63.564748496096904],[22.462171503430433,63.56498054994312],[22.462231950623643,63.565198614279616],[22.46235514815978,63.5654112906095],[22.462530337849806,63.565616302954865],[22.462750877503094,63.565810593963626],[22.46301390940128,63.565990102203116],[22.46332015410518,63.566149486759926],[22.463673839621286,63.566281812054605],[22.46409254542622,63.5663839118905],[22.464552734956484,63.5664547203898],[22.465040117219946,63.56649890995098],[22.46554275176698,63.56651887085625],[22.46605023132615,63.5665148148591],[22.46655293125484,63.566484788279325],[22.467041326859345,63.56642461352312],[22.467529701398576,63.56632541576063],[22.467994589977103,63.56619613566683],[22.468437908397128,63.56604452279181],[22.468860149580866,63.565876307981156],[22.469260397501248,63.56569565971518],[22.46963632175855,63.56550557239459],[22.47004905833471,63.565276880551956],[22.47022874378962,63.565177316853145],[22.470537906367788,63.565020336100794],[22.470901457854005,63.564864541308026],[22.471294300771692,63.56472231029863],[22.47171025957033,63.56459299352361],[22.47214449790548,63.564476868589615],[22.472593318652265,63.56437523103369],[22.473053986907352,63.56429050560534],[22.473524552651078,63.56422641058823],[22.474003712896142,63.56418815304279],[22.474447148800106,63.5641793921364],[22.474895214976897,63.56419112394526],[22.475346202972965,63.56421778443539],[22.4757984216988,63.56425476415006],[22.47675168564793,63.56435177326571],[22.477242676828617,63.5644122482399],[22.477714540641454,63.56448337494924],[22.478157011510213,63.56456996184767],[22.47855738771414,63.56467813607963],[22.47887373694394,63.56479949636937],[22.47914339811323,63.564940239010284],[22.4793646211177,63.5650967520056],[22.47951100702513,63.5652399971008],[22.479587509675458,63.56535193123306],[22.479614615775183,63.565391591177885],[22.479681341020473,63.565597624535734],[22.479688826781484,63.56581307184706],[22.479655416848555,63.566035459418984],[22.47959642478319,63.56626298036834],[22.47945299619252,63.56672879851594],[22.479391550282216,63.566965791860774],[22.47934630328933,63.567224426391284],[22.479339004834344,63.56729473514349],[22.47931926187607,63.56748489516344],[22.47926517830153,63.568533371053284],[22.479233017759622,63.568795165483216],[22.47917844902237,63.56905614127262],[22.479095257902372,63.569315969228946],[22.478989081773527,63.56957488027818],[22.47886756597849,63.569833077001846],[22.478477154207113,63.570603065119535],[22.4783607830495,63.57085704962529],[22.478264717166642,63.571108383182725],[22.47819976753509,63.57135562672795],[22.478179698461965,63.57159671059137],[22.47822217128948,63.571828734967106],[22.478332355518845,63.572034552507986],[22.478502924278033,63.572226786025176],[22.4787238971505,63.57240199757508],[22.478989077936554,63.57255522679792],[22.479295725725734,63.5726796739212],[22.479644324438745,63.57276632111854],[22.480067243263125,63.572809071654405],[22.480523713022855,63.572806566914345],[22.480997094297862,63.57276753581041],[22.48147251780431,63.572697478697044],[22.481935819089482,63.57259904826615],[22.482098056907287,63.57255197528367],[22.482372547483322,63.572472331185324],[22.482768568160377,63.572319405054124],[22.48313643786255,63.57214848057191],[22.483834497284843,63.571794563459115],[22.484186890504542,63.5716318308606],[22.484556943576187,63.57149316041751],[22.484957782450675,63.57139146104694],[22.485372608239317,63.57133899520427],[22.485818109320135,63.5713223725196],[22.48628609794074,63.57133329007449],[22.486745564991256,63.57136331325998],[22.487214685326506,63.57140818983822],[22.487689549054775,63.571464743963524],[22.48816677398033,63.57153063108679],[22.489795213807128,63.57178332828825],[22.49033906936558,63.5718559162968],[22.490884981586635,63.57191069021552],[22.49143414969964,63.57193890319679],[22.49194090726758,63.57193552895334],[22.492450748544933,63.57190955209632],[22.492962943738068,63.57186820930177],[22.493754318791886,63.571788936809355]],[[22.422455593234613,63.34261902602273],[22.407362825024478,63.34691793140282],[22.395511106755386,63.35238267565543],[22.380993199572536,63.35099945848587],[22.378858567660064,63.350528570627176],[22.378643969633266,63.35072866421072],[22.37814273223672,63.35117639243452],[22.377496146013545,63.351725016214374],[22.377359469551205,63.351840982443065],[22.37681507972273,63.35227855319413],[22.37653322347801,63.35249483152552],[22.37622619228238,63.352721322158445],[22.375592243031928,63.3531691095597],[22.37461537505378,63.353834132866815],[22.372959132315994,63.354934259861786],[22.37228339297384,63.35536844681452],[22.371939040375878,63.35558238946668],[22.371587879357765,63.355792955644006],[22.371227214029567,63.35599875649044],[22.370853480291633,63.356197937874605],[22.370462022826022,63.356388060722445],[22.370046851657662,63.356565959097544],[22.369611900038915,63.35672651447661],[22.369157429715813,63.35687647768918],[22.367935631528177,63.3572543651349],[22.367771030712433,63.357305272686084],[22.367333129470776,63.35745449781496],[22.366926086045773,63.35761415213315],[22.36656448547613,63.35778962558502],[22.3662566947893,63.35798784688817],[22.365998994269713,63.35820328732263],[22.365780338332037,63.35843154929796],[22.36559315476111,63.35866931031198],[22.365432894764666,63.35891412041562],[22.36529771945713,63.359164235572294],[22.365240502246206,63.35929721026288],[22.365188322501446,63.35941847611846],[22.365107851021722,63.35967612168499],[22.365061723926523,63.35991580002083],[22.365036442656674,63.360157257282246],[22.365025017720153,63.36039984880641],[22.36501594685523,63.36112932827102],[22.3650031622701,63.36137146550306],[22.364975571122862,63.361612192077544],[22.36492583140565,63.36185080600659],[22.364847352487462,63.362086440894885],[22.364740630614985,63.36231858679979],[22.36460638348746,63.36254645410859],[22.364443205202157,63.3627688963368],[22.364247434572295,63.362984332093774],[22.36401295914701,63.36319065595488],[22.36370889481595,63.363402583291816],[22.36336299316832,63.36360390873918],[22.36298609434683,63.3637971502111],[22.36258618268637,63.36398409158503],[22.36216895827241,63.364165902003506],[22.361738275956196,63.36434322028585],[22.36129651754037,63.36451621918072],[22.360844856583178,63.364684640047024],[22.360383481254757,63.364847814481664],[22.35995321029846,63.36499211998532],[22.358653856238327,63.36541236302303],[22.35850462869033,63.365462615652945],[22.35823272814888,63.36555417751207],[22.3578263395773,63.36570006720699],[22.357441498865168,63.365852365522066],[22.357086626139413,63.36601388200696],[22.356772229280857,63.366188056347205],[22.356482549980683,63.3663972998155],[22.356241056384267,63.36662175854809],[22.356034863053313,63.3668573762112],[22.35585417122936,63.36710106385667],[22.355691629618814,63.36735050287668],[22.35554179889993,63.36760397560108],[22.355265435188887,63.36811834728509],[22.354781860273583,63.369092765062696],[22.354490345054025,63.369680140505366],[22.354079176707923,63.3704573618941],[22.353928436923393,63.3707136797958],[22.35376564664092,63.37096749772608],[22.353585958557968,63.37121775294308],[22.353382890078677,63.37146300022699],[22.353153628877077,63.371698701872454],[22.352897404007255,63.371927711130894],[22.352616043711897,63.372149475102674],[22.352309119031244,63.37236276746346],[22.351973909833724,63.3725656010057],[22.351605310278668,63.37275511841329],[22.351201484048,63.3729283675225],[22.350769840372834,63.37308970655455],[22.350633934797578,63.37313627188142],[22.3503212749354,63.37324339533617],[22.34941155508944,63.373542290944926],[22.34896898374577,63.373694250621526],[22.348548155463597,63.37385259845603],[22.348161262082048,63.374021435763495],[22.347823122787343,63.37420565385872],[22.34755389191026,63.374402068542715],[22.347332079733878,63.37461361786058],[22.347145670793072,63.37483650062688],[22.3469852676475,63.37506774922757],[22.346843541891516,63.37530505616072],[22.34671474008683,63.37554662034078],[22.346122279449194,63.37677520675563],[22.345988501107417,63.37701773033531],[22.345839169081195,63.37725631163631],[22.345667636053783,63.37748914363996],[22.345465371213233,63.37771389735658],[22.34523318683884,63.37792043487682],[22.34496254042877,63.37811524666155],[22.344650998081438,63.378296062405006],[22.34425647675762,63.37847786374665],[22.343820634669537,63.378644202081844],[22.3433551022601,63.3787993975959],[22.342868599255368,63.378946700689355],[22.3423675723774,63.379088511525275],[22.341856706449043,63.37922656486602],[22.34081780125776,63.3794958074719],[22.339767727085086,63.37975946564738],[22.338182396440676,63.380143095785314],[22.3378987170538,63.38020806089641],[22.337650346987274,63.38026493878509],[22.337115013352758,63.380381357807295],[22.336574840275034,63.38049003577229],[22.336027710315022,63.38058786111004],[22.335470810452247,63.380670725541954],[22.33493448951403,63.38073210351769],[22.334389318137156,63.38078011357222],[22.333837731723165,63.38081848094837],[22.333281645965137,63.38085019360162],[22.33103944106331,63.380954814750986],[22.33047984931802,63.38098495932923],[22.32992278288496,63.38102077254921],[22.329369550592187,63.38106485036848],[22.328825941018795,63.38111876563563],[22.328286561325125,63.38118132823038],[22.327750647195643,63.38125058241972],[22.326687802972348,63.38140402327402],[22.32563790297455,63.38157349238556],[22.325119589814243,63.381664424708504],[22.3246075835646,63.381760494631735],[22.324104043526486,63.3818630994977],[22.323611889343844,63.381974247054195],[22.323193674704427,63.38208159348681],[22.32313496379296,63.38209666332551],[22.322649971080633,63.38224089598567],[22.322181680257412,63.38239737304812],[22.32172552605173,63.38256271913627],[22.320836673382047,63.38291047134007],[22.31953262315833,63.38345314125325],[22.315657238412623,63.38510623369434],[22.313926955326036,63.38583594148091],[22.312612259384057,63.386373945494874],[22.31237758423474,63.38646485370827]],[[23.429199533023557,63.48500966914148],[23.42830408427885,63.48495875298294],[23.427489836887695,63.48491244953239],[23.425502870349753,63.48479943607595],[23.420939396138728,63.484445843216626],[23.415452833664673,63.48422930859949],[23.37944785864337,63.482803027752155],[23.359402187182067,63.46806607936924],[23.31581897713705,63.47500759413784],[23.304863653104775,63.479633493816],[23.304673100013023,63.47971393477744],[23.30414151184666,63.47993833611228],[23.30407588484314,63.47996603940776],[23.303013515848903,63.479969621281754],[23.302968436967078,63.47996977332588],[23.299301726621003,63.47998207481621],[23.287748233079675,63.48002021967782],[23.271417456107333,63.47757193825697],[23.227326486310872,63.45254503184431]],[[23.227326486310872,63.45254503184431],[23.209424400594795,63.468171534313065],[23.153935579417677,63.49719765186791]],[[23.153935579417677,63.49719765186791],[23.16167039013305,63.52266217441482],[23.16158782277622,63.522771612441524],[23.150465471339768,63.53389906956036],[23.140562472778097,63.53956144718969],[23.14765991163978,63.541178186361336],[23.157639225668532,63.54388424061463],[23.19165647520309,63.55196077802947],[23.20543821442941,63.555830203409805],[23.218006398123734,63.547212963860375],[23.21949036542237,63.54667125165772],[23.25052970238035,63.55301448680429],[23.258263805759693,63.55437464780269],[23.263245541688967,63.56073858738567],[23.26870469767718,63.56689013612415]],[[23.26870469767718,63.56689013612415],[23.305328335972476,63.55814172270294],[23.305540253099487,63.558091058390254],[23.306026813291652,63.5580666219743],[23.306793665167028,63.55730662627333],[23.310123031765297,63.554006500491376],[23.327685962459647,63.54368258614048],[23.336257508859635,63.538174479280315],[23.35300374869801,63.527620014251504],[23.362204321469395,63.52570822535678],[23.367986803647266,63.52450624587045],[23.375893758056026,63.52215150894237],[23.391789268844605,63.51046135407924],[23.390906383226337,63.50967492764782],[23.395582831543745,63.50666561709613],[23.40491851609327,63.50065568582592],[23.429199533023557,63.48500966914148]],[[23.44509458715589,63.63754452958015],[23.44374109624391,63.637574432604886],[23.441567551805925,63.63775239782812],[23.417077389471963,63.64067252254985],[23.413147673061005,63.641193176220156],[23.38798135946721,63.635647686195604]],[[23.38798135946721,63.635647686195604],[23.38151402182373,63.64287779986281],[23.348994456605954,63.66270837844435],[23.320631939260547,63.675620639034925],[23.26323479764783,63.69174668512326],[23.257209100700138,63.69811152384815],[23.24142869992474,63.71189148175109],[23.240412428453112,63.72567807055347]],[[23.240412428453112,63.72567807055347],[23.257677876422665,63.7282185614628],[23.272315360010058,63.7357852411446],[23.282342777400146,63.748432531690874],[23.28348620182197,63.74924245363325],[23.285067930646132,63.75050323894657],[23.285176851874354,63.75060844246541],[23.308190275322776,63.756509744269415],[23.337067317168135,63.760274114130944],[23.399780886095996,63.75383977393154],[23.400406278998187,63.75375692772341],[23.40082014428382,63.75312319330489],[23.405862875016055,63.745399030632235],[23.41452174432202,63.74295334903485],[23.43757495678103,63.74129959990409],[23.448076967129275,63.74054493604886],[23.45614573855366,63.7431133084312],[23.456779293933796,63.743314936794995],[23.487252332715595,63.74606280342117],[23.500006183590415,63.747027993231406],[23.514996135229048,63.74871516398514],[23.542965874524178,63.753052656828835],[23.558179725405747,63.75540916520496],[23.578500823856658,63.74650953071293],[23.599347157916704,63.7352002240747],[23.62275689780678,63.72988258604372],[23.646632840713252,63.712339417442784],[23.79297555780071,63.67699253957985],[23.74601108003975,63.676298327766695],[23.654042665642635,63.66997778510609],[23.602525755062192,63.66065439798082],[23.593919201066978,63.6589405196635],[23.591594846100495,63.65542908834828],[23.583870130000637,63.64936303903282],[23.57593056635854,63.646535772629626],[23.576002244474846,63.646334464156325],[23.55949594498061,63.635859039454814],[23.529631243745417,63.63607962688503],[23.521029411573576,63.640286187482666],[23.52076844046799,63.64046050322759],[23.51305067242619,63.64373567256489],[23.502118279942675,63.64717832703622],[23.500016019026962,63.660807755561315],[23.487025031843984,63.66011599633744],[23.483117066340586,63.65421077850497],[23.47636090592718,63.64748596178695],[23.45096753818248,63.64042687931867],[23.44509458715589,63.63754452958015]],[[22.842733087531588,63.74490053538957],[22.842533170320433,63.744799631979],[22.841903234619732,63.74506683367535],[22.84186488919765,63.74532733788318],[22.841854431265727,63.745398384156],[22.84205086425234,63.74552297120775],[22.842197317755048,63.74562233130148],[22.8426994206294,63.74549413356798],[22.842994628935156,63.745312394973105],[22.843029478893264,63.74507557311511],[22.842733087531588,63.74490053538957]],[[22.867524540658213,63.748078082870634],[22.86694228733006,63.74794721628453],[22.86627844327152,63.748080367442135],[22.86627685712595,63.74838473583372],[22.866714146426574,63.748625598963734],[22.86718471016025,63.74863910556666],[22.867589119848844,63.74851753098758],[22.867705166119237,63.748311577476045],[22.867524540658213,63.748078082870634]],[[22.849987329188952,63.73680133893264],[22.84960819576646,63.736641765996296],[22.848905292318243,63.73685932445312],[22.848398466743696,63.73711226337657],[22.84820395160979,63.73752285084865],[22.848591786554195,63.73762322154812],[22.84947775986421,63.73752985632348],[22.849935160321714,63.737156575257046],[22.849987329188952,63.73680133893264]],[[22.890626632518874,63.71043008363087],[22.890266904099988,63.710248575851175],[22.889409716705234,63.71024310934316],[22.88889848170395,63.71051388387158],[22.888501637349847,63.71088305391105],[22.888206751804994,63.711140983972655],[22.88856923153283,63.71130354879739],[22.889301033735272,63.71128641172268],[22.890052101950456,63.71113664221743],[22.890772754931902,63.71060548776888],[22.890626632518874,63.71043008363087]],[[22.91250176808717,63.771440579103675],[22.913254468326517,63.771438148741986],[22.91400373908921,63.771459398306135],[22.91494443027059,63.77127203764543],[22.91541029509953,63.77102364924986],[22.915444577731055,63.77078680667152],[22.915023289173163,63.77072730020267],[22.913899410171492,63.770695432507225],[22.913146727516907,63.77069786720982],[22.912563521332654,63.77101426419989],[22.91221839222423,63.77117094381914],[22.91250176808717,63.771440579103675]],[[22.88525700272359,63.70015493057097],[22.884360170795453,63.70012926703278],[22.883842184888017,63.70015249381559],[22.88365482972589,63.70026128507961],[22.883328329432942,63.700442195997404],[22.8838752500802,63.700514928000416],[22.884544784481747,63.700629218677705],[22.88482720600042,63.7007514543781],[22.88510687547448,63.70089263666313],[22.884769358115133,63.70114933844195],[22.884969125097463,63.70125018348756],[22.885714439328076,63.701138328115505],[22.886433561065417,63.700911565193124],[22.887070010791163,63.700663409547886],[22.886670473096995,63.70046172591477],[22.886225480306774,63.70027776669578],[22.88525700272359,63.70015493057097]],[[22.881826404951983,63.75553682988834],[22.88124841075079,63.755448955441544],[22.88072556957703,63.755719386667074],[22.880377001155964,63.75589967329485],[22.87982138874489,63.75602647278145],[22.87956596557069,63.75630455020758],[22.879457178811258,63.75668195232836],[22.8798108660773,63.7568347630881],[22.88044928564427,63.75687680673056],[22.88133788037534,63.75704491314836],[22.881846925956484,63.75686921172982],[22.881929826422137,63.75630081280639],[22.882042032351617,63.75589972650132],[22.881826404951983,63.75553682988834]],[[22.9059030559259,63.76580724500841],[22.905763145140252,63.765660579492796],[22.904862347482755,63.76594413758769],[22.904021914177633,63.76618184318328],[22.90339894213287,63.766401946632826],[22.902769083941646,63.766669415292924],[22.902246232458268,63.76693992508776],[22.901606033649603,63.76727843904882],[22.901956536243393,63.76745488148485],[22.90248820686737,63.767493785017564],[22.90337876632725,63.767281294821885],[22.904101905293604,63.767111601425036],[22.90481276255528,63.76665617738625],[22.905623745666386,63.76625115847671],[22.9059030559259,63.76580724500841]],[[22.89299113266778,63.70064237299009],[22.892423473085007,63.700416879915835],[22.891908237514848,63.700421187548564],[22.89146466623021,63.700522669970916],[22.891172669068638,63.70076166004952],[22.891123161563264,63.70110270637944],[22.89120727913797,63.70140951876098],[22.89121423266786,63.701657049855974],[22.891164723716603,63.70199809616096],[22.891527105394644,63.70216065389254],[22.892042372756478,63.70215634695028],[22.892662305469706,63.70202184839835],[22.893047968786664,63.70172845359807],[22.893009288903627,63.701403914526665],[22.893069770981104,63.70098707905072],[22.89299113266778,63.70064237299009]],[[22.889819282269478,63.69826868204867],[22.889331598630697,63.69808351190058],[22.88860288949186,63.69808170520768],[22.88827369409474,63.698281574097436],[22.88808361416459,63.6984093184995],[22.887857752150314,63.69878337348922],[22.88825727718191,63.69898505381323],[22.888282139645963,63.69940432806697],[22.888067281199586,63.699702595400574],[22.88812383873287,63.700198878644315],[22.888628062419247,63.70027037158238],[22.889643332323825,63.700071086671244],[22.889951841533197,63.69971841716533],[22.889837353952142,63.69903022356962],[22.889775265952725,63.69857183433274],[22.889819282269478,63.69826868204867]],[[22.880627989815043,63.71339749876542],[22.879880997241987,63.71322390066729],[22.878646034778804,63.71345488648957],[22.878134641115707,63.713725621634254],[22.877719596649232,63.71451281161365],[22.877578917760975,63.71488929570043],[22.878055765196983,63.715150293609724],[22.878480289849897,63.715181482206525],[22.879424511082174,63.714885091955274],[22.879893187523376,63.71461312868817],[22.880339863757946,63.71390294260784],[22.880627989815043,63.71339749876542]],[[22.86963317607992,63.75223865229642],[22.86877749562942,63.75221410750204],[22.868031781359434,63.75290618292687],[22.86712755866918,63.753213188321034],[22.866116351376892,63.753517117497275],[22.865633016173106,63.75388376019501],[22.865798407280938,63.75422146176633],[22.866170804145373,63.75461266908424],[22.866712581547976,63.75458065425629],[22.867068149937964,63.75435303515781],[22.86800013357595,63.75385656736936],[22.8685765437402,63.75358771631749],[22.86946690686362,63.753375433086774],[22.870471147372033,63.75311884625468],[22.870854371908095,63.752701753795556],[22.86963317607992,63.75223865229642]],[[22.864932036504662,63.74986819544818],[22.864290332575706,63.749849766754785],[22.8635278068032,63.74992299366132],[22.863679275335297,63.7503554280101],[22.86300287285798,63.75057382140737],[22.862419533823992,63.7508900150906],[22.861943137287454,63.751209280717816],[22.862287683493033,63.75178995923335],[22.86298087720799,63.752190393642415],[22.863301756081842,63.752199611469905],[22.86429907256183,63.75199043255385],[22.864917088442855,63.751437403044775],[22.865193415279983,63.75101725467732],[22.865462799610615,63.75064447156511],[22.865959946424244,63.75018309716096],[22.865894593145637,63.74989583311215],[22.864932036504662,63.74986819544818]],[[22.85945121371545,63.73448752608761],[22.859503257065235,63.734132285353574],[22.85832850614247,63.734366041105936],[22.857662160743683,63.73479278803838],[22.85758405825124,63.73532564783475],[22.856997508086454,63.73566550502687],[22.856843898763003,63.73625564787516],[22.856720664882314,63.73663856661876],[22.857425223256378,63.73686694195436],[22.858102029826316,63.736826961470356],[22.858912458107625,63.73679082196135],[22.85943219733722,63.73644903519305],[22.859742816062113,63.73616068923104],[22.85980353335556,63.735746241648194],[22.85986858538534,63.73530219060463],[22.85951977447824,63.734935419655756],[22.85945121371545,63.73448752608761]],[[22.89507288949366,63.6975245454606],[22.894227076904276,63.697443321730546],[22.89339648561674,63.697552783131485],[22.8927629101693,63.697782020392296],[22.892430997974653,63.69800084723323],[22.892285107256445,63.6984152420266],[22.89167495989913,63.69877832342512],[22.891630962436775,63.69908147639315],[22.89216138224813,63.69926785880285],[22.892512738046747,63.69950620218669],[22.893003216089035,63.69967241452671],[22.89344401972253,63.69958987544268],[22.893869598779673,63.6993166440281],[22.894355848516305,63.699216374140654],[22.89516026448506,63.69899200611348],[22.895636764704186,63.69866314705966],[22.89568346551581,63.698341046065536],[22.89573291217437,63.69799999765448],[22.89535807380104,63.69762781415835],[22.89507288949366,63.6975245454606]],[[22.90510272001641,63.75391746282154],[22.905457973925177,63.75368974683719],[22.90521802128995,63.75349267151638],[22.904526153504,63.75344921601246],[22.9035099454017,63.75342031399958],[22.90260070907991,63.753394448257254],[22.90175183025333,63.753322731615036],[22.900892644761964,63.753322060644386],[22.900330296289304,63.75349630725466],[22.899660972826783,63.753667506147785],[22.898962231208387,63.753671392726446],[22.89869824698907,63.75364009293256],[22.898149639422172,63.753719596162114],[22.898439588774533,63.753941889593044],[22.899103943162956,63.75417484480156],[22.899361054536964,63.75425351084759],[22.90007547295339,63.754511668082486],[22.90154559493324,63.754743765087156],[22.902422009532284,63.75462601199218],[22.90321892915388,63.75431573999166],[22.90433331236266,63.75403827377098],[22.90510272001641,63.75391746282154]],[[22.858003011787602,63.7303562581756],[22.857073173629733,63.73006907704384],[22.855674763416584,63.73096009600247],[22.855407335804536,63.73324146851623],[22.85656378059055,63.73404769780456],[22.858030056729163,63.73319805391781],[22.857598027272715,63.732026221871465],[22.85863994125506,63.73086707926392],[22.858003011787602,63.7303562581756]],[[22.850120018910808,63.73407015667003],[22.848855062092266,63.73400395196613],[22.848264087736975,63.73437337519504],[22.84830202967441,63.73502849455886],[22.848691413250894,63.735574836370084],[22.84903574220499,63.73597123558186],[22.849878189453623,63.736173896630525],[22.85130294052859,63.73606632666916],[22.852673906233573,63.735868007353446],[22.853415848244612,63.735384001654175],[22.85328491916169,63.73490457716968],[22.852397399215576,63.73455199451725],[22.851238333722854,63.73422130845071],[22.850120018910808,63.73407015667003]],[[22.882004330393322,63.75394851896645],[22.882756561576816,63.753946244601295],[22.883341437327132,63.75398674598701],[22.88426792976394,63.7538943162924],[22.88448705934926,63.753496283731515],[22.88400055376251,63.75314943194116],[22.883567539330237,63.752804107241786],[22.884040269751726,63.75250845261435],[22.884733817734535,63.752171542728135],[22.88533073963488,63.751760523154864],[22.885392848910197,63.75133422157813],[22.885134082910838,63.75089875149273],[22.88444576391958,63.75083151716746],[22.883339978807864,63.75068099991531],[22.882327349992277,63.7506282663612],[22.881592472808844,63.750512122432276],[22.880595332673952,63.75072142230265],[22.880039825986145,63.750848222574106],[22.87978099619243,63.751149985516676],[22.879337534684886,63.75161293837273],[22.878754356114307,63.75192920020849],[22.878167705965577,63.752269141486764],[22.877684547478385,63.75263582677182],[22.878291757475186,63.752891027528044],[22.878916261107243,63.753027810579695],[22.878992121269146,63.7532440209607],[22.878258823733876,63.753484638626055],[22.877853328079887,63.75368707231982],[22.877440911701264,63.753936870486704],[22.87740633626815,63.754173702349135],[22.877064684194014,63.754306614493245],[22.87649871384508,63.754504450639104],[22.875349452672566,63.75501852990399],[22.874776536218207,63.75526372550315],[22.87377729306655,63.755853437824896],[22.873718457446923,63.756256049299495],[22.874562007344103,63.75673207684489],[22.875631787824833,63.75676271535613],[22.876672290603732,63.756626032305185],[22.87721247962527,63.756237199496056],[22.87727126546178,63.75583458624946],[22.877764857812252,63.75539685349198],[22.878551695102164,63.755157769371664],[22.879381638141933,63.75499126075785],[22.880546305473253,63.75473919347636],[22.88101219101762,63.754490916025],[22.881498795267316,63.754100537578786],[22.882004330393322,63.75394851896645]],[[22.88798968816391,63.75747279427054],[22.889856660718596,63.75719313696729],[22.890819496829444,63.757220610011565],[22.89167355354894,63.75688824532964],[22.89234463887718,63.75633662135391],[22.89244980702532,63.75598289246435],[22.892903460743963,63.755448846824564],[22.893904124624076,63.75521577910164],[22.894475268276967,63.75535097059124],[22.89465478670717,63.75559390629283],[22.89483614751351,63.7561936209291],[22.896195891283554,63.75644640780689],[22.897531264914534,63.75612772381199],[22.897663894206026,63.75558452059964],[22.898390204677597,63.75539117128349],[22.89947182553072,63.7549701166435],[22.899443952825067,63.75442234367441],[22.897894415102474,63.75399770745809],[22.89592923103861,63.75384659232987],[22.895107900649855,63.75358536605624],[22.893925972772536,63.75321872715417],[22.893058083668326,63.752908596967394],[22.892768187473948,63.75268629215676],[22.89156056540896,63.75286588319753],[22.890452999945744,63.75309588280528],[22.88976639035922,63.75338545320636],[22.889276466367036,63.75379954460313],[22.88966642158574,63.75407227570948],[22.890862113591933,63.75434421557449],[22.890910497932957,63.75474988879927],[22.890170366172125,63.75503793480268],[22.8890799438441,63.75514950536212],[22.888263845859747,63.75522133670179],[22.88794122817554,63.755592636905085],[22.88735635638327,63.75628939522076],[22.88719937698166,63.75699837196543],[22.88798968816391,63.75747279427054]],[[22.850887309170524,63.73935419098234],[22.849862851403064,63.73810579733836],[22.84680242160557,63.73792834630859],[22.844067391968323,63.737819681322044],[22.840831279115836,63.737012730408985],[22.83894304256628,63.73844458903793],[22.839657651634216,63.739059815785126],[22.842877919216534,63.73906366180617],[22.843954353984792,63.739956868791054],[22.846214690231378,63.740557218849546],[22.847936544247965,63.74253923572397],[22.849576740734662,63.7427946285285],[22.851575559503306,63.74201385840445],[22.85032393975455,63.73999197517875],[22.850887309170524,63.73935419098234]],[[22.895023714466536,63.70555191575823],[22.894717502480155,63.704706052836556],[22.893765123857012,63.70387979265027],[22.893105000990744,63.703404331],[22.890955523017553,63.70284827074647],[22.88786793719042,63.70255074040373],[22.88667481035724,63.70249759493402],[22.883716809086444,63.70307886213828],[22.88324285179833,63.70338873301307],[22.882862554281434,63.70423400360785],[22.881969669498144,63.705064598260115],[22.882170811901346,63.7054508712931],[22.882965843570105,63.70558778490235],[22.88396894442139,63.705178904071836],[22.885073971734137,63.70465877834823],[22.88662541397955,63.704608029643275],[22.88782280002148,63.70492765427983],[22.888659231205555,63.705370129380086],[22.88995310683654,63.7056163906065],[22.890629736810073,63.70597818499595],[22.8904604521942,63.70684852496385],[22.890394412867263,63.70730325230371],[22.89056541755048,63.70789793128245],[22.891221397523015,63.708106926606156],[22.892803274100014,63.70784769547154],[22.89393996826992,63.70740450949693],[22.894711413174704,63.70681771317172],[22.89499920917475,63.70631223798099],[22.895023714466536,63.70555191575823]],[[22.879699026659456,63.72076952743074],[22.877525608220285,63.72049917941856],[22.876414030665433,63.72076460526248],[22.87586658557512,63.72175965968166],[22.875458991297847,63.72317491081818],[22.873912033244533,63.723665662698686],[22.87073865660659,63.723812458285884],[22.86806869377499,63.72510330275926],[22.867960535294085,63.725843396512936],[22.866734262935168,63.726432467774195],[22.862354009639905,63.726574145512316],[22.86019252739585,63.7271362732257],[22.862413209004675,63.72800279544299],[22.862267691461756,63.72945528851514],[22.864111987493867,63.729686668403794],[22.868101135699213,63.7285526769459],[22.86978637373195,63.72803622036884],[22.87444330695793,63.72599966505458],[22.87878046439096,63.72523210600009],[22.8806356077175,63.724006932920815],[22.88134236798078,63.722838057217864],[22.8801102532022,63.722089320743734],[22.879882718800843,63.72140433218185],[22.879699026659456,63.72076952743074]],[[23.38798135946721,63.635647686195604],[23.37034765619143,63.63592528866029],[23.289886219711853,63.6142529066395],[23.24387855606726,63.593748127765856],[23.216096423034706,63.58381952862454]],[[23.216096423034706,63.58381952862454],[23.170216879032953,63.59690798734718]],[[23.170216879032953,63.59690798734718],[23.172377223251477,63.60940741562333],[23.172224725126092,63.611387103299556],[23.169435425581607,63.62169261190586],[23.16574967492784,63.624623052781914],[23.15990974171714,63.634713216069045],[23.159804379057245,63.63521558991527],[23.15967575940323,63.6362801409352],[23.159472954236552,63.637118246752955],[23.158848904640596,63.639267099649004],[23.126841515159356,63.65103770629361],[23.06441373009205,63.656278941087784],[23.03936907515837,63.66151849427983]],[[23.03936907515837,63.66151849427983],[23.03808973009621,63.661214915172884],[23.035350631985676,63.66100151390118],[22.995274141651464,63.659766782514424],[22.99067747674813,63.66018219837338],[22.98681709191087,63.66036277552661]],[[22.98681709191087,63.66036277552661],[22.958376182250223,63.6797779059525],[22.956498318828828,63.68096445980838],[22.952275522560335,63.68076755424562],[22.951461305329108,63.68069837314169],[22.94730443962204,63.68081101857795],[22.94533954478878,63.6808642219066],[22.9394676335443,63.68102305481463],[22.938677558740217,63.681066519895325],[22.93415181200801,63.68131541234611],[22.932076299290223,63.681630210826114],[22.931642179987076,63.68169604989562],[22.930850059381477,63.68181618012745],[22.92562652623172,63.68026417379521],[22.922117240153586,63.679221301631166],[22.91877283783524,63.68000141089722],[22.91735530216897,63.680831277507174],[22.917053158843036,63.681516593539016],[22.917767820719373,63.68340599161492],[22.921361541687745,63.68488719445291],[22.92394966522949,63.6859537759067],[22.92414386104607,63.68737619315554],[22.914966841184153,63.69119245818145],[22.913139956654927,63.69177926497085],[22.910529500136803,63.69192556250234],[22.909499735771856,63.69321765103074],[22.900846108171123,63.69666806248755]],[[22.900846108171123,63.69666806248755],[22.89952279189725,63.69934833799583],[22.898713506558938,63.70271417330714],[22.898099696095038,63.70473001665938],[22.89867118704758,63.70578082447365],[22.899549925320656,63.70637664231377],[22.899410931249093,63.7073358440554],[22.894262216316054,63.709008285913164],[22.894092482589606,63.71128650506232],[22.895684760672147,63.71250914695294],[22.900113705505436,63.71192198441445],[22.903806836178255,63.712526607247945],[22.899890047741245,63.71402029977733],[22.897601503889423,63.71648782447173],[22.89583221231043,63.7192555160559],[22.891495471995825,63.72141481495696],[22.887835484995882,63.72444949044315],[22.88721774134443,63.72593010324716],[22.887067874165723,63.72696033804984],[22.887978009754953,63.72734307652149],[22.891623891642443,63.72690843577453],[22.900146023654138,63.72169296800911],[22.906695370284346,63.716598946510885],[22.91127617919952,63.716434544052035],[22.915258661279953,63.7184527741412],[22.920352481482965,63.719952835080235],[22.92533423310785,63.722234314722854],[22.92674588375787,63.72584147601504],[22.917910804743368,63.72962209458659],[22.914231693930667,63.73001711074233],[22.91002327840455,63.72850635856215],[22.905464549179275,63.72770697909377],[22.897570320853,63.72989325022046],[22.88761601764078,63.7326778644106],[22.882485889503823,63.73300076767354],[22.876983062812158,63.73209410482341],[22.87006595993097,63.73150338345145],[22.86720179701941,63.7340253383029],[22.87033529827251,63.735720580539876],[22.86629103303412,63.7386010760488],[22.859137311857427,63.740714269321934],[22.857657406724112,63.74366829334214],[22.85785003838447,63.74510078674456],[22.86138519329743,63.74680776219653],[22.86551577671512,63.747623057655076],[22.87772087202774,63.748560605652784],[22.880587543490154,63.7498912039968],[22.882525587405805,63.75041038315721],[22.88686502281208,63.74992795460154],[22.89202737866647,63.750432043610246],[22.892610115772023,63.75251768970782],[22.895386957830652,63.752810897685904],[22.89993628016085,63.7525480901657],[22.905210498563196,63.7528408403599],[22.906213033546962,63.754260567597775],[22.900227938174265,63.756087980508],[22.89890626570272,63.75797667418639],[22.892697401709892,63.76022550393421],[22.891949448774767,63.761279193145526],[22.89348221103198,63.76203151878246],[22.893449056532567,63.76392122945621],[22.892872025949675,63.765117653736866],[22.894032140012623,63.76600686946186],[22.896437616389253,63.76664617020845],[22.901568761696193,63.765722056704575],[22.90517464833818,63.764754421254224],[22.905872628218575,63.763276016809876],[22.906604421363504,63.762119623644956],[22.908486264380368,63.761923379993384],[22.911349599938916,63.76218304136092],[22.912961841014276,63.761622364834324],[22.916441098118565,63.75929533223457],[22.92054764716367,63.75819884451232],[22.925848790468045,63.75831321432744],[22.92944608211657,63.75795118643935],[22.93216244063605,63.75867001680275],[22.9336994445414,63.76142446253982],[22.932466764437947,63.762709514560356],[22.932608624246797,63.763962029240155],[22.93164217212416,63.765076234849424],[22.930253824475802,63.76632120403627],[22.926713458514516,63.76739832222726],[22.92570896006245,63.769331871491886],[22.92470431954192,63.7712654133203],[22.925288323969927,63.77224507070987],[22.92430771850785,63.77289510338274],[22.92173161929005,63.773428639207594],[22.919676329814447,63.774262254990866],[22.919251094894083,63.77506055001434],[22.919469538608748,63.775099061024186],[22.92056449176444,63.775292092794146],[22.92066333264006,63.775309517355424],[22.92136102164357,63.77504829241057],[22.92227865175379,63.77470470701233],[22.923097690677725,63.77439802413135],[22.92967095464691,63.77382609983104],[22.93136724007128,63.77432542509385],[22.93269746624734,63.77471696991854],[22.933392274911615,63.774921473744264],[22.933509344899363,63.774717471976736],[22.933679661078934,63.77447657096781],[22.93388989997793,63.774236223782694],[22.93413016580712,63.774000367374875],[22.934392252201626,63.77376768790576],[22.93466993008334,63.77353716285045],[22.934958548791275,63.77330800929127],[22.9351470048581,63.773164008024104],[22.93555583283914,63.77285160989701],[22.937403824916874,63.77148392817849],[22.93802984382334,63.7710362263492],[22.938346863005332,63.770818978790736],[22.938668215524604,63.77060957623558],[22.93899568601634,63.77041190506248],[22.93933162537993,63.77023129489556],[22.93967906476825,63.77007495503229],[22.940041870592978,63.76995250729661],[22.940424896679566,63.769876623966375],[22.940799435783475,63.769857610740196],[22.941183891268782,63.76988183524446],[22.94156604484684,63.7699416288388],[22.94193329966709,63.77003199439715],[22.94227198033568,63.77015034750919],[22.942566606384563,63.77029634321694],[22.942825209319043,63.770487506341716],[22.943029397688104,63.77070381426373],[22.943195458481085,63.77093744689369],[22.943336840206086,63.771182359243085],[22.943723967218318,63.77194114317736],[22.94387595017769,63.772190408607344],[22.944059208680983,63.77243226987325],[22.94428879829493,63.77266291003736],[22.944556896292884,63.7728660039296],[22.94486838436882,63.7730583786002],[22.945212720317116,63.7732424577878],[22.94558180301372,63.77342008685325],[22.945969545052705,63.77359260972394],[22.94637152389654,63.77376093635995],[22.946784705260384,63.77392558798527],[22.947638234946997,63.77424414667899],[22.948077809250254,63.7743973046927],[22.94852689244122,63.77454525670282],[22.949022293291872,63.77469791752597],[22.949527515444625,63.77484474164074],[22.950558891453674,63.7751253385116],[22.951611528212883,63.77539121469076],[22.952145647762062,63.77551796627139],[22.952685988981962,63.775639299980284],[22.953233992019925,63.77575357184646],[22.953791675329963,63.77585848990442],[22.954363850366036,63.7759527249843],[22.954944767491188,63.77603782414958],[22.95553108966493,63.77611648710985],[22.957856580680875,63.77640609659878],[22.95840667468648,63.77648078062553],[22.95892731783558,63.77656023345004],[22.95940462885912,63.776647127484814],[22.959819903834816,63.776744915964116],[22.960148185362183,63.77685810652467],[22.960356565822224,63.776992574920925],[22.960418402748054,63.77715179114496],[22.96036187029512,63.7773321060329],[22.960219228794998,63.77752786440687],[22.960014968428,63.777734775960724],[22.95976743012234,63.77794963273593],[22.959490157819786,63.77817007203283],[22.958883079554766,63.7786212972052],[22.95661708931456,63.78023099274678],[22.955959937301195,63.78068382982178],[22.955625003973324,63.78090514809948],[22.955282136114967,63.7811207801577],[22.95492727101646,63.78132817078762],[22.95455495643377,63.781523828737356],[22.95446189865193,63.781565842041886],[22.962662206638903,63.783530203969256],[22.96965682188605,63.78520516413228],[22.989104214492233,63.788249481480506],[22.98905258168806,63.78801509737695],[22.98901567087493,63.787768838417094],[22.98900613578921,63.787530348851554],[22.98903819287763,63.78730292549009],[22.989129765738394,63.787090915558856],[22.98930368368672,63.78689999084785],[22.989578208557916,63.78673474585202],[22.98993452199331,63.78659125378522],[22.99034906740226,63.78646450248049],[22.99080306727439,63.78635085675504],[22.991281275516883,63.78624778554187],[22.991770815879246,63.78615362735007],[22.99263047382718,63.78600440293706],[22.992987471580445,63.78593704511831],[22.99332412781868,63.78585632437808],[22.993717822550682,63.78572336257947],[22.994076346031395,63.78556180409843],[22.9944083826129,63.78537870049912],[22.994720706991416,63.78517954294558],[22.995018566405687,63.784968560462424],[22.995305993587102,63.78474899109414],[22.995861343400474,63.7842934575304],[22.996676645870494,63.783593556179156],[22.997229071343828,63.783132275694925],[22.99751442859064,63.78290856296537],[22.997810082268415,63.782693069070646],[22.998120409279384,63.78248964265412],[22.998451148754587,63.78230342930646],[22.998809794657166,63.78214126980893],[22.999206037373316,63.78201216892709],[22.999664179106016,63.7819213404729],[23.000117631384384,63.78187189808102],[23.00058863275676,63.781850017444036],[23.00106606506897,63.78185291829887],[23.001539425023907,63.78187991732817],[23.001998212617732,63.78193234288048],[23.002307431596037,63.781984983130506],[23.002608829298527,63.78204677180828],[23.003313934860426,63.78220145557614],[23.00362196386356,63.782271077083706],[23.004095880605103,63.78239273260293],[23.00456735570939,63.78252895604915],[23.005034702977817,63.78267507476681],[23.0054646908069,63.782817979749076],[23.00588117430783,63.782967723521566],[23.00627515600873,63.78312630651153],[23.00637821781733,63.7831740362264],[23.006640784698554,63.78329563485249],[23.006981125487293,63.78347102124761],[23.007222404833886,63.783603853105795],[23.00744829158181,63.783737759099864],[23.007653477785972,63.78387336073598],[23.008242490080146,63.784339394702876],[23.008537716086217,63.78453046295546],[23.008870936303733,63.784719391879804],[23.00958717406538,63.78510284889617],[23.009940009332453,63.785304175359265],[23.0102574595669,63.7855059864788],[23.010557584169344,63.785715952591794],[23.010843789289236,63.78593205778111],[23.011118319694514,63.78615279681177],[23.01138230912346,63.78637709205467],[23.01163578192007,63.786604224339214],[23.01187759848878,63.78683378741587],[23.012105348997757,63.78706564907541],[23.01231517495913,63.78729993364019],[23.012501519568595,63.787537019560354],[23.012656815782123,63.78777754607093],[23.012772260155664,63.78801379214692],[23.01286321234685,63.78825293147279],[23.01307375812262,63.78893667580145],[23.01317846192095,63.789381120598854],[23.01321085045994,63.78960351393369],[23.01322336957597,63.789799449339476],[23.013219588479803,63.78999487826498],[23.01319825858432,63.79018937253338],[23.013152073825356,63.7904081541352],[23.013087647060566,63.79062486025287],[23.013010728653132,63.790839079180024],[23.012930813862667,63.791035400967694],[23.012839424178686,63.79122783553444],[23.01283080431891,63.791242254977895],[23.01575786607622,63.79088849512401],[23.01713916993992,63.790721528837125],[23.019761935599735,63.79015108104173],[23.027602991864665,63.78844523878734],[23.035454794800206,63.78652924549707],[23.048922801873506,63.78324117523235],[23.06746592047376,63.77871073479318],[23.076091760905623,63.77660195847627],[23.09706600992816,63.778540423363985],[23.097507000191694,63.778557286017644],[23.099883238684583,63.777714658924694],[23.11893015620849,63.7572163267388],[23.13677829808145,63.751373147323534],[23.159298776171088,63.743305862869875],[23.16860498237145,63.74233037255853],[23.181427571649525,63.74334761657925],[23.18412388532146,63.743384984020985],[23.188480685691307,63.74344525607517],[23.19327019448127,63.74243963645187],[23.19665089045383,63.74118301696402],[23.206391510847848,63.7397161125301],[23.20900029465587,63.73875597927577],[23.224700316478923,63.731537990036536],[23.240412428453112,63.72567807055347]],[[22.83264874506015,63.710581214765746],[22.832608159243158,63.71040166602431],[22.83173607039931,63.71040612598066],[22.830771060991328,63.71058626054428],[22.830678137436202,63.710761939412116],[22.831056820964875,63.710921559405435],[22.83173739813519,63.71085209609815],[22.83264874506015,63.710581214765746]],[[22.86150160679249,63.71771657964012],[22.860900695096756,63.71769929323903],[22.860024046573482,63.717733526542],[22.85979774209813,63.717905383483476],[22.860163687269115,63.71815373902031],[22.860462869277615,63.718400172616455],[22.861063795506485,63.71841746094571],[22.8615745003926,63.71813487030894],[22.86160915346152,63.71789804198075],[22.86150160679249,63.71771657964012]],[[22.801891844839876,63.700833374003075],[22.80124217891588,63.70069548802895],[22.800766337819738,63.700741052532294],[22.800588971647944,63.70103316876473],[22.80082512295243,63.70124817183199],[22.80092343678441,63.70148887919001],[22.80115520067113,63.70173348301662],[22.801702176180758,63.70166026407897],[22.802137651867522,63.701435140622294],[22.802372948253208,63.701204172860166],[22.801891844839876,63.700833374003075]],[[22.858163379785,63.693350394917154],[22.857657415855176,63.6931455579637],[22.856996211346253,63.69326920215367],[22.856379349478424,63.69382220876247],[22.856017540591317,63.69409717329859],[22.856409836790892,63.69434630568062],[22.857170878543467,63.69427310479449],[22.85788061464825,63.69381790136006],[22.858163379785,63.693350394917154]],[[22.815137694395254,63.68827653826282],[22.814667993372097,63.68819151295226],[22.813740367664607,63.68848557946383],[22.813357210243534,63.6889025228897],[22.81281397101455,63.6893148020806],[22.812830976450815,63.689743399330126],[22.81373239800484,63.68962695118978],[22.81441995108459,63.68932589521833],[22.815053703026233,63.68884489448541],[22.815137694395254,63.68827653826282]],[[22.848673121775608,63.69365342669071],[22.848658497448067,63.693296262665996],[22.847618783392175,63.69353379543355],[22.84704168277229,63.6938144125557],[22.84697220607251,63.694288061163064],[22.847128918730697,63.6945898727612],[22.84744077081928,63.694747522177664],[22.847965790236003,63.69482214112849],[22.848486471560282,63.694926361328434],[22.848730018028306,63.694636108330016],[22.848795126107547,63.694192060956034],[22.848673121775608,63.69365342669071]],[[22.87509517640465,63.715996275232136],[22.874332857256807,63.71570686582146],[22.873893406196412,63.71596181378522],[22.873214780433692,63.71647745107678],[22.872891562174182,63.71685464193215],[22.873190842601748,63.71710104978621],[22.87396614076492,63.71730165241229],[22.874508921765276,63.717257761698995],[22.874810535218373,63.717028588202254],[22.874892568443503,63.716466111417276],[22.87509517640465,63.715996275232136]],[[22.79613726946414,63.69335889620241],[22.795864557603608,63.693029841484375],[22.795422130886973,63.693302307839744],[22.794601470733685,63.69395614279473],[22.793881930201255,63.69447022971988],[22.794117691904226,63.695047937089846],[22.794390403818504,63.69537699599864],[22.79476955430985,63.69553078813146],[22.795601729178596,63.69534107161204],[22.79624648497274,63.694789113789],[22.79647514963261,63.69433201696682],[22.796634307950715,63.69380153590728],[22.79613726946414,63.69335889620241]],[[22.79299406092652,63.696279172989506],[22.79217960884395,63.695898582828285],[22.79126836162339,63.69616920981725],[22.79115393522825,63.69693883429121],[22.789976467022242,63.69764760847612],[22.789839984067175,63.698565236093245],[22.790618576505683,63.69873668001706],[22.791454394263692,63.69852330711795],[22.79186279068845,63.698029854281316],[22.79239140204881,63.69762910686992],[22.792954068334993,63.697086208603444],[22.79299406092652,63.696279172989506]],[[22.86273631385377,63.69286370857329],[22.86223724670942,63.69261152146876],[22.860835854912963,63.69266631354942],[22.85943036807711,63.693482017163426],[22.85939163968154,63.69447977072342],[22.860510390439128,63.69489250426005],[22.86175668692869,63.695166204340296],[22.862573115873758,63.694714048647164],[22.863096978862583,63.694063211539934],[22.863159265129926,63.69363691846027],[22.862794602945524,63.6931983406928],[22.86273631385377,63.69286370857329]],[[22.797558831066503,63.70293653325404],[22.797930427758946,63.70178793691187],[22.798667175291286,63.700887845149445],[22.79950299816395,63.70067442556931],[22.80041347511993,63.69995777968683],[22.80043020292885,63.69939340617649],[22.799171317407527,63.6992971754197],[22.798303966807946,63.69927183396403],[22.79767273073187,63.699461495294955],[22.797522506065746,63.70002196831575],[22.796806945156522,63.70032808057165],[22.79612214364839,63.700426980178456],[22.795606722696487,63.70073893780852],[22.79529145974355,63.70105674654534],[22.7946601637617,63.70124639420012],[22.794020061315866,63.701495241146354],[22.79397167122637,63.701820852811416],[22.794407954525557,63.70204171983384],[22.795323761032208,63.7017414740398],[22.795982215118354,63.7018201844131],[22.79649481002081,63.702429761317994],[22.796370925461087,63.70281262579035],[22.796901129436996,63.70330379761804],[22.797558831066503,63.70293653325404]],[[22.87255233425083,63.69390686556846],[22.871980949736365,63.6934148150446],[22.87109250553659,63.69362712839531],[22.87029696909924,63.69393723497067],[22.86988692589201,63.69454379912913],[22.869583610007197,63.695153428347005],[22.868660531865217,63.69560255658858],[22.86869815931889,63.69607928598831],[22.86972418106969,63.69639415018012],[22.871204861657915,63.696531802376064],[22.87281992787956,63.69648303859021],[22.873577799228233,63.69569619066217],[22.873801905024173,63.69489402334743],[22.873223575298947,63.69444934424167],[22.87255233425083,63.69390686556846]],[[22.845976026351654,63.70701281619342],[22.845442094781895,63.706997394488184],[22.844414889996088,63.707146091122794],[22.844332285682384,63.707708546081356],[22.843750510711168,63.70801875026307],[22.84326742221115,63.70856963296971],[22.842111009085418,63.70868485197177],[22.84172072568835,63.709060041405635],[22.84086902821473,63.709838088756406],[22.84065719765771,63.71036707891987],[22.84158881544853,63.71086967223898],[22.843369326017594,63.7110697759586],[22.844769562573166,63.71066430386013],[22.844820201532606,63.70986309618923],[22.84504345403759,63.708799318896844],[22.845102773928424,63.70793890496795],[22.845835402773123,63.707514139530794],[22.846479541258137,63.70723545706566],[22.845976026351654,63.70701281619342]],[[22.82854819377457,63.711033952524815],[22.82689085383127,63.710697301871406],[22.82570210587793,63.710757942373554],[22.824467913098268,63.71112643542162],[22.823161854220746,63.71125499864956],[22.823483208247048,63.711621077841905],[22.82333985944754,63.71259202738732],[22.825121564933678,63.71323832692757],[22.82684894744786,63.71352628029098],[22.828279806353567,63.71218836168059],[22.828627130201415,63.71165142227969],[22.82854819377457,63.711033952524815]],[[22.840639096718323,63.66323634543893],[22.839756704578125,63.662580122945215],[22.83845295118406,63.66270884173112],[22.83791754191362,63.66307385900073],[22.83721523045302,63.6634816047192],[22.836940538173597,63.664258485274814],[22.838684826708985,63.666235442706274],[22.83916932100784,63.66658243711334],[22.840380515255564,63.66635589602102],[22.841057333706893,63.66575713281447],[22.840862530059702,63.66489530689906],[22.840639096718323,63.66323634543893]],[[22.816864098549694,63.680942048498],[22.817518191174816,63.68086595040216],[22.81844339211616,63.68113070468465],[22.819044141404262,63.681053047673934],[22.819423608565256,63.680659769588885],[22.819515393653504,63.68040082293186],[22.818846424264677,63.6802148795458],[22.818549937923876,63.67968301987042],[22.818402992223085,63.67922686117065],[22.818704639464386,63.678997803824764],[22.81873609559857,63.67878466930211],[22.81814497725243,63.67843450285552],[22.817294179633922,63.67802921010137],[22.8166043000522,63.67798534705354],[22.815434396254314,63.677927503597815],[22.814845061115072,63.678290877147],[22.814778592629455,63.67874082707573],[22.814448927089572,63.67915932816018],[22.81450662310378,63.67949397600226],[22.814231137241205,63.68027080626488],[22.814114811838284,63.680695520151495],[22.81459224544899,63.681089958801834],[22.814667440652123,63.68130619974346],[22.814949010931578,63.68157601607941],[22.81607184064246,63.681228171822234],[22.816864098549694,63.680942048498]],[[22.788462085136285,63.689406816496785],[22.788448920809817,63.68950836081415],[22.788363008687977,63.690171068475635],[22.78788762249762,63.693837432290344],[22.787670716571384,63.69550992566877]],[[22.787670716571384,63.69550992566877],[22.78805923035727,63.69555868270423],[22.788241281271066,63.695487907104166],[22.788798698854404,63.69519980133221],[22.789054011360193,63.694636465551014],[22.789903749534922,63.693824158846816],[22.79048602949531,63.69308012579637],[22.791332862685366,63.692286753874946],[22.79167674140679,63.69199238757767],[22.791245692132627,63.691142578374716],[22.790732554225045,63.69055674198223],[22.790142513842618,63.68991157099685],[22.78945066101289,63.689662984097225],[22.788462085136285,63.689406816496785]],[[22.84709864889596,63.71477394890847],[22.846777544700426,63.71426473842452],[22.844761100042767,63.714263588515216],[22.84334069714398,63.71407510052516],[22.83951635972647,63.71382184955131],[22.837558916366255,63.71400305405481],[22.837152502196368,63.714723808610096],[22.83877095257048,63.71538898844344],[22.84052415808595,63.71586778152491],[22.841970886869923,63.71624256346618],[22.843891234837898,63.715584567786195],[22.845207842628636,63.71538476951569],[22.846197025876574,63.71522307182618],[22.84666602322452,63.714951219940566],[22.84709864889596,63.71477394890847]],[[22.80907511224613,63.69230960093319],[22.80878648455087,63.69208713497936],[22.808269409154843,63.69232178686662],[22.807458445447406,63.692369491468085],[22.806285210963466,63.69269202584711],[22.805170944970637,63.6931589747343],[22.804792862189448,63.69354037168445],[22.804377918181864,63.69417041980465],[22.80429895379516,63.69470324649748],[22.804139935030346,63.695233737025866],[22.80406622748023,63.69573104135853],[22.80514487052542,63.69604791725172],[22.806030733854033,63.69603808466264],[22.807059787371063,63.69560431776168],[22.80836694319723,63.6954640544623],[22.81011640997457,63.695051268327056],[22.81086195467425,63.69435948789647],[22.810518322509147,63.69342191985514],[22.81018642100524,63.69294847062671],[22.80907511224613,63.69230960093319]],[[22.864692643452425,63.715280259632486],[22.863471141359298,63.71519757873581],[22.86266105434592,63.71560236866351],[22.864109010513253,63.71707094926023],[22.86390721217175,63.71735053688211],[22.864275652511775,63.71776543047086],[22.86674807778467,63.7180980863111],[22.867597317046013,63.71852678166217],[22.867884726659593,63.7191295960829],[22.868775528314906,63.71927408743809],[22.870173225930657,63.71888613136026],[22.870485628625197,63.71784867538742],[22.870501731774176,63.716636238229015],[22.86873155577512,63.715870178565055],[22.865743538257625,63.715429375375145],[22.864692643452425,63.715280259632486]],[[22.823795231390143,63.69137359017925],[22.82492776335532,63.69136631332737],[22.826394286373695,63.69154949151418],[22.8274750071843,63.69127958183895],[22.82801319898388,63.69039136308894],[22.82816052503212,63.6893913742877],[22.827954109995577,63.68864222915931],[22.828060179262746,63.68792223727663],[22.827512705957663,63.687645239282425],[22.826515501957942,63.687656462165386],[22.825783598569107,63.68801683291281],[22.825901934248204,63.68844206000177],[22.82463977497949,63.68932933221053],[22.823844224566184,63.68950707694388],[22.822894967738282,63.68949958414551],[22.822301110399312,63.689843863479666],[22.822167527848322,63.69044254292862],[22.820690068934958,63.69064062469322],[22.82057415805106,63.69111930421385],[22.820527711162704,63.69174060097446],[22.820382269750233,63.69241927634887],[22.82069635672358,63.69305105383264],[22.821382022221066,63.693312007524604],[22.822541189451155,63.69312475363302],[22.82286765851226,63.69275261779888],[22.82292961950707,63.6923326252199],[22.82295160316791,63.69157002049747],[22.823795231390143,63.69137359017925]],[[22.853158483636246,63.720713165621966],[22.851670354615017,63.719181992967286],[22.849512651720246,63.71814058734071],[22.849682070830546,63.71698606668524],[22.849028853339235,63.71600572377624],[22.847919711112684,63.71574607830269],[22.846786316790052,63.716159289979586],[22.845799750604073,63.71785505779649],[22.8458581114817,63.719283709800735],[22.84431108074037,63.72114165927462],[22.843917811774553,63.72199242689038],[22.847288650919122,63.72232757873819],[22.847946157548403,63.72196008431584],[22.847742678484686,63.72106235916141],[22.850621066947035,63.72064001289402],[22.850920720165927,63.7222539854025],[22.851682969413318,63.722543518126756],[22.853395845213768,63.72229560624939],[22.854501004474166,63.72107195336212],[22.853158483636246,63.720713165621966]],[[22.872269621132293,63.704153691163036],[22.870949044042483,63.70328340252099],[22.86829155888417,63.70349246943323],[22.867469561633552,63.704348802237575],[22.86725620865605,63.70691117164841],[22.867578090918585,63.707277156196945],[22.86737596380401,63.70829399270235],[22.86700519934986,63.7089968115876],[22.867068531706153,63.70966453897073],[22.867998597058687,63.709905300798596],[22.868852601371522,63.710667083681166],[22.867849016029908,63.71239815470724],[22.868369148939294,63.712857103316445],[22.869515733298392,63.71296066176304],[22.870736340941423,63.71245728102823],[22.871372184878133,63.71214257808062],[22.872216604895087,63.711500906679525],[22.873007582954656,63.71085769699128],[22.873042705894676,63.709146378871495],[22.87260544863099,63.708467928025314],[22.87271944858868,63.707686382720794],[22.87351030556808,63.70704317008719],[22.873836253258986,63.70591097052427],[22.872999521815487,63.70503080081825],[22.872269621132293,63.704153691163036]],[[22.82011414108568,63.687490558534286],[22.821448815736986,63.68645782070268],[22.82411158223791,63.686543272504544],[22.824799086642795,63.68596866190415],[22.825909756622405,63.68570362741076],[22.827337680288927,63.686012645195824],[22.828531170595415,63.68518514567348],[22.829204173709506,63.684253348446795],[22.829174115725582,63.683093048188866],[22.828442373577847,63.682150215190504],[22.827538078999133,63.68146993003815],[22.828421064322665,63.68093070985988],[22.828041505461837,63.68032511336304],[22.826228142823894,63.680361651903944],[22.82369320229859,63.679842079581185],[22.82179017471648,63.67957866477723],[22.820037110845526,63.68056820968834],[22.820142211456247,63.68167124526727],[22.81873433940641,63.68213569080383],[22.81820965684985,63.68274028111451],[22.818756355675077,63.68626603119482],[22.819468469442892,63.68690826894832],[22.81799542107441,63.68754087709864],[22.816482128449334,63.68848960396296],[22.81840200665448,63.68866597496805],[22.819956909179364,63.68824923201048],[22.82011414108568,63.687490558534286]],[[22.799824666257873,63.691335650674006],[22.80677001305481,63.689219498634856],[22.80754503158544,63.68986642111343],[22.809345878017886,63.689918927782024],[22.81085164123386,63.6892493087465],[22.81308255261058,63.688664903401055],[22.81381708550963,63.68731410102647],[22.81305407293804,63.686132436812116],[22.811533348943428,63.68599894589594],[22.81067413943059,63.68546850823317],[22.81106785691509,63.6846178317707],[22.81196232185207,63.6830979708412],[22.810886649869996,63.68312608323972],[22.81005781433157,63.68420191102081],[22.80730908949116,63.685578501847246],[22.803387689043248,63.685374880116065],[22.801387949800336,63.68576242652454],[22.800783246841,63.68803394051899],[22.79880963157233,63.688243840282986],[22.797228956997262,63.68941655271354],[22.797755346304726,63.6903832892044],[22.799824666257873,63.691335650674006]],[[22.817067750167162,63.694781568386425],[22.81436327607838,63.69449475754643],[22.813101220687077,63.69487422147793],[22.81351671148449,63.695689009922816],[22.813202749564883,63.696452829633614],[22.813853432292063,63.697036631195225],[22.81356573084931,63.69762283968843],[22.811441595291786,63.698393401140486],[22.81026994423103,63.699518711108524],[22.808835688851953,63.7006066306052],[22.807940469963125,63.70212646513115],[22.808774788642648,63.70328049922758],[22.808727533130284,63.70405208501961],[22.80940118867772,63.704933867758896],[22.81009680073372,63.70566763929285],[22.81159767345894,63.70639512930078],[22.813270484349044,63.706414105472106],[22.81480605954559,63.70549674665302],[22.8165362727629,63.699284943064434],[22.817567704124617,63.699106842334196],[22.818635959951834,63.697157981152785],[22.81869517944349,63.696464008615365],[22.818492782942634,63.69556624857212],[22.817067750167162,63.694781568386425]],[[22.838652541806617,63.67593796872034],[22.83972035038385,63.67523161288788],[22.839901148261344,63.67400013279162],[22.838640916149473,63.67346420163824],[22.838734811284993,63.672824779509924],[22.83767867992813,63.67272284281039],[22.836726875167784,63.67300444906416],[22.835953567656016,63.673529052438425],[22.83503764428607,63.67393060351949],[22.8339466695539,63.67406546097693],[22.832888120967876,63.67434394895096],[22.832052243593058,63.67420079205253],[22.832249466126793,63.673588151468444],[22.83270983847989,63.67300692521655],[22.832996279222492,63.67251578695807],[22.833419600903124,63.671457823570556],[22.833423265379626,63.67034012481135],[22.83298404380405,63.66968524367051],[22.83229782224118,63.66961777446097],[22.830760591280285,63.670239105507335],[22.82958853953746,63.67056183986915],[22.828096515969655,63.67087527546463],[22.82695681141422,63.67134162770227],[22.826687714112644,63.67171434358699],[22.82682080934613,63.672265222959396],[22.826861201512237,63.67271827664731],[22.82618639537796,63.67293651001836],[22.824644371448873,63.67322467806964],[22.823800057886526,63.67386607333592],[22.82370931243263,63.674481800844006],[22.823116664394433,63.67486889204379],[22.823615072010263,63.67512121059855],[22.824731548377304,63.67517743643603],[22.825801673457516,63.67518474139672],[22.826914671463438,63.67526463283476],[22.827736602737502,63.67550254685056],[22.828021729490814,63.675748656624855],[22.827909118243667,63.67614970184665],[22.827281186308884,63.67786764350734],[22.82680768204258,63.678900355487414],[22.82657890311121,63.67972612381722],[22.826693572366494,63.68003863508909],[22.827269859843,63.680126716962604],[22.82876341930109,63.68017007141642],[22.83036366769283,63.68021650545424],[22.831231074621694,63.680146535337734],[22.83187706612342,63.679760957832286],[22.832896422337843,63.679386204567564],[22.834872385079958,63.679062953585614],[22.83598330317461,63.678429219335726],[22.838652541806617,63.67593796872034]],[[22.829848621653028,63.730872844492986],[22.83184004549982,63.72948194789902],[22.83604229153914,63.72918739232073],[22.83866758168788,63.72866875431982],[22.841253052672748,63.729217233232035],[22.84371843998549,63.728778684170464],[22.846572084588185,63.72782687577359],[22.848975493833805,63.72738037137472],[22.849867227680445,63.72548421258157],[22.84776488397115,63.725185738033886],[22.84455924375623,63.725093203704496],[22.842927323057204,63.724332584585525],[22.841880254359133,63.723355004659055],[22.840784450370283,63.722486947210314],[22.841135697019105,63.72101067080619],[22.83961547926869,63.719783594389554],[22.840459194111638,63.71831554065273],[22.8361779284066,63.71842952990872],[22.82853325929498,63.722397405695986],[22.826648826240813,63.72193494923892],[22.826804109686417,63.72015571824679],[22.82623650854507,63.71963980795224],[22.827620838047785,63.718816702109386],[22.827521451743287,63.71820252397046],[22.830924179082132,63.71658878798632],[22.83050668345067,63.715054571971784],[22.82914151174717,63.71449176991707],[22.826184211574752,63.71490544418694],[22.821446187568935,63.71648029286053],[22.819459546418074,63.71649392631804],[22.8193474193735,63.715800953131215],[22.817854617235323,63.71537703121707],[22.8167558287969,63.715915883538344],[22.815830377525117,63.71600788669784],[22.814779737638553,63.715858408364205],[22.814150198135344,63.71612549309069],[22.813261440439362,63.71669421571761],[22.814188599029773,63.71731577868097],[22.81324507043181,63.71809595529169]],[[22.98681709191087,63.66036277552661],[22.979554987547377,63.65920618570036],[22.953782716383348,63.65206713143831]],[[22.953782716383348,63.65206713143831],[22.922268411665076,63.65591271177673],[22.916864164698225,63.655551965049995],[22.915318189727074,63.65485826460651],[22.8997905921593,63.64708970955062],[22.88550325164086,63.651706824511116],[22.882366225592914,63.651844428534346],[22.87735961548371,63.650397492110194],[22.87005969585893,63.649186844201026],[22.86294876892548,63.64733777488719],[22.86127730204442,63.647250627065276],[22.860258570774747,63.647577874053205],[22.859163122883658,63.64777746848152],[22.857766710586404,63.64821931542331],[22.827078731555986,63.6579338952871]],[[22.827078731555986,63.6579338952871],[22.83269631794644,63.658093333924555],[22.837420382169572,63.65708872513475],[22.83901750349771,63.65495885450867],[22.846260084191474,63.652100498581696],[22.849766839840704,63.65227322668932],[22.85321041112799,63.651231122172995],[22.85324971147831,63.65315865980237],[22.852194602354032,63.65598212555695],[22.854934558617614,63.65755953298641],[22.85386181353212,63.65995441108591],[22.85547133036813,63.66267641122555],[22.85798469080774,63.66471096670393],[22.859552099937652,63.666076081830596],[22.86010498558325,63.66833947061698],[22.85660971969944,63.67027213785126],[22.85054525058621,63.67548393380925],[22.84214382903849,63.677988032231646],[22.832651756483166,63.681887037179656],[22.830897940678977,63.68463024541717],[22.82952793914362,63.68618442035106],[22.82930716272015,63.689139015485914],[22.830158126964353,63.69063825418452],[22.830893356915894,63.69146820266018],[22.837858434607234,63.69147974753142],[22.839886321251267,63.693726470219545],[22.837570570527816,63.69489616254429],[22.835180200251187,63.69730037611766],[22.829909791421578,63.69814651567957],[22.82849821775817,63.699722825404486],[22.82759236870514,63.70150406460352],[22.829599185899113,63.70389302011492],[22.829440713406797,63.70569594141454],[22.830682294575396,63.70673082845327],[22.83028028195011,63.708003461110025],[22.83119252583653,63.70836286692519],[22.835086101285135,63.70595466535181],[22.838593652719474,63.7054378384316],[22.841339711868592,63.704994043856246],[22.842967083736873,63.706325365048095],[22.84573650539856,63.70645294759669],[22.848324582700677,63.705623932752495],[22.853078518692488,63.70538055874172],[22.85578967550706,63.70517331236812],[22.85836619685205,63.70424913477839],[22.863233209572442,63.703511160667176],[22.86438946782383,63.70256933289062],[22.86333812551246,63.70132618983328],[22.861845404164644,63.700902724241736],[22.861744120051597,63.700495506456136],[22.863022368882966,63.69981880884706],[22.86378569783462,63.69888708884197],[22.86341509452653,63.697021394006235],[22.86208510157901,63.695962856892734],[22.861134767487755,63.69586415796169],[22.859348814260663,63.69623844740173],[22.85566394191402,63.696512810747286],[22.853280800426372,63.69668193105331],[22.85009224675886,63.69649481206094],[22.847460842288612,63.696894498416064],[22.846583097617593,63.696052091690134],[22.845318442562707,63.69469215816071],[22.84677051236463,63.692831484497326],[22.850079249115378,63.6929270251724],[22.851842507316942,63.69259738513727],[22.853688956747188,63.691699338488185],[22.853676636104545,63.69031958781406],[22.8559220372868,63.68962328364005],[22.858824326321166,63.68956421868549],[22.861338361711564,63.688495051257235],[22.86533145093386,63.689038035154525],[22.865220798643186,63.6897958925407],[22.866797034806417,63.6907449493936],[22.86736052271571,63.69275887272158],[22.869581245576658,63.69296538020721],[22.875272823787565,63.692890948884084],[22.878333797953736,63.69371485365571],[22.88483911695039,63.69496338022061],[22.88542868591449,63.69520737789557],[22.88608949937561,63.69528393605313],[22.889080007598846,63.69563035509461],[22.894060209149973,63.69606970895631],[22.900846108171123,63.69666806248755]],[[22.76924242285182,63.69521219583531],[22.767544467163376,63.6958589147598],[22.76529053355954,63.69704122294612],[22.761768621901393,63.69774017423811],[22.75810850060527,63.69801873778904],[22.75389660632359,63.698278353597395],[22.752205100019413,63.69910388232697],[22.750374133881866,63.702894530351564],[22.749916762410333,63.70447869734509],[22.749352898631734,63.70485098779661],[22.749207386700657,63.70489139753764],[22.748238975298914,63.70496010101586],[22.745041668426524,63.70481561903697],[22.74431592235444,63.7047828138568],[22.743728820900795,63.70475627223295],[22.74347418639289,63.70474476051733],[22.739544263824097,63.70526354563587],[22.74110420334247,63.70184889317146],[22.740641962850386,63.70155836054727],[22.73817516322075,63.70124543575797],[22.736944445855297,63.70099706740119],[22.7357424800152,63.70107574394446],[22.732553243670264,63.701284447943706],[22.725045282835026,63.70105470641164],[22.72096568573789,63.70400671450794]],[[22.72096568573789,63.70400671450794],[22.73353341524818,63.70376897264125],[22.7317284613586,63.70949265184516]],[[22.7317284613586,63.70949265184516],[22.732398491175438,63.70926647784495],[22.7328811400675,63.70911042740571],[22.733368394296114,63.708959996607945],[22.733861778225926,63.70881776656677],[22.73436340930795,63.708687319418466],[22.734876124904265,63.70857351355204],[22.73540361248886,63.70848283085292],[22.73552105713146,63.70846691474191],[22.73605771779721,63.70841379388746],[22.736607910004064,63.70838517491319],[22.73716620058822,63.70837538512043],[22.737727461558283,63.70838051749721],[22.738286436188595,63.70839823087207],[22.738837280998176,63.70842762936828],[22.739373037606132,63.70846921709952],[22.739885052885633,63.70852494033823],[22.740362275035093,63.708598313214075],[22.740790465901902,63.70869462813329],[22.74115128176171,63.70882124500088],[22.741435543337463,63.70898836977659],[22.741648849252222,63.70918642497177],[22.74180970319644,63.70940689374831],[22.74193186060867,63.70964330118462],[22.74202519077025,63.7098907796066],[22.74209634884272,63.71014568399665],[22.742149295559162,63.71040529007407],[22.742185624781772,63.710667529826516],[22.742204766734922,63.71093078538272],[22.742204014588115,63.711193711811624],[22.742178433716195,63.71145508521058],[22.7421206483887,63.71171367053188],[22.74202051934203,63.71196810055317],[22.74187388017361,63.71221255523287],[22.74169124331489,63.71245260362239],[22.741074444951618,63.71315319661523],[22.74089292750903,63.713381077769206],[22.74074984275106,63.71360584923582],[22.74066525087136,63.713826865458614],[22.74066386615598,63.71404311076208],[22.740762992002388,63.71425013615744],[22.74094554181441,63.714452403975216],[22.74119079115313,63.71465073050967],[22.741483021120054,63.714845522944834],[22.741810622410977,63.71503677981715],[22.74216534369389,63.71522407505065],[22.74254171056472,63.71540651287136],[22.74293656126612,63.71558266100359],[22.74334872904901,63.7157504387646],[22.74377882784507,63.715906992036125],[22.744229138831404,63.716048517285046],[22.744703556295132,63.71617006845985],[22.745216124462036,63.716270020120035],[22.7457470748358,63.716351409106245],[22.747332095833226,63.716557560568376],[22.74781438844823,63.716636080200054],[22.74824613709353,63.71673142387548],[22.748604759178498,63.716852165799324],[22.748847594475276,63.716987914393314],[22.74902043164782,63.717144023629906],[22.74913066767217,63.717313158533344],[22.749181135729252,63.71748869776905],[22.749170128637584,63.717664402655316],[22.74916851602643,63.71766787436711]],[[22.774023957050215,63.71881828843467],[22.75830412147406,63.716262787995156],[22.762618705743552,63.71539099948579],[22.76554967261788,63.71408592553257],[22.76738137974281,63.71421118643591],[22.768641362109623,63.71385581547368],[22.773624939396292,63.709578474865125],[22.77162663922097,63.707878633925375],[22.771930123822415,63.70692429664664],[22.769109269164858,63.70427264494206],[22.765135435657935,63.700730739255974],[22.76707632619435,63.69796944948459],[22.770660866193822,63.69575569686908],[22.76924242285182,63.69521219583531]],[[22.685222671356662,63.69706690505588],[22.684934270781554,63.69676092647831],[22.684155405241533,63.697034871080135],[22.68366942729619,63.69758519522468],[22.683333898429336,63.69846709185329],[22.682963238265845,63.69913980599005],[22.68332286249685,63.699418194411884],[22.684101802313265,63.69914425491962],[22.684275838601405,63.69888188810081],[22.684863655725383,63.698542744330545],[22.68530902128841,63.69825878729017],[22.685349627873048,63.697992415261155],[22.685385721896182,63.69775564010399],[22.685222671356662,63.69706690505588]],[[22.683319342702355,63.69504743738402],[22.683716856746774,63.69436028473753],[22.68200443873064,63.694443034660914],[22.680737183147826,63.69440496596798],[22.68044108871476,63.69498932712357],[22.680417121303208,63.695638846316974],[22.680675348172606,63.69612758685602],[22.68108806908831,63.6964967746879],[22.68185689392661,63.69672799519021],[22.682404063116305,63.69665523128785],[22.68303598816298,63.696466080952625],[22.683540011546658,63.695797370614876],[22.683319342702355,63.69504743738402]],[[22.6806032544738,63.71168069912688],[22.68029341136273,63.711618494234465],[22.679969794921185,63.71162362575123],[22.679680091087413,63.71169171854716],[22.679402387716223,63.711808776261],[22.679134066288878,63.71196183415227],[22.67887294020979,63.71214100868902],[22.67861722968685,63.71233885132514],[22.678116632767207,63.712769791137355],[22.677624268977095,63.71322575145096],[22.67685301511219,63.71396501444369],[22.67609922894265,63.71470582413078],[22.675629585703504,63.71519563230455],[22.6754172769396,63.71543825330307],[22.67523033010844,63.715678539560024],[22.675080637574567,63.71591550652391],[22.674984846849156,63.71614769052926],[22.67496599829441,63.71637295437553],[22.67502514115721,63.716551570589786],[22.675148803462875,63.71672127301905],[22.675331611584927,63.71687918225398],[22.675575920534417,63.717021941877476],[22.675915686046764,63.717143679679964],[22.675967498281523,63.71716224434683],[22.67647545724883,63.71728182473324],[22.676526379886237,63.71729036382278],[22.677010657153083,63.71737157245036],[22.677586228866073,63.71744819044308],[22.678290175326275,63.71752847321525],[22.678970891844912,63.71759350535436],[22.679587809778038,63.717638571702814],[22.6801007145006,63.71765988894916],[22.680469140182893,63.71765599592159],[22.680547611570805,63.7176476883825],[22.68062675873183,63.71763931029471],[22.680659516719732,63.71761850683339],[22.680710973039826,63.71759369433131],[22.6808066114017,63.717523685573305],[22.68082488294444,63.717510310598],[22.680982641959993,63.71737556601191],[22.681164481654353,63.71719600763908],[22.68132280162961,63.71701460304831],[22.68147884769506,63.716810726291925],[22.681628865545594,63.71658945635305],[22.681826704916,63.71625443322807],[22.681999874431995,63.715910054345414],[22.682142204947336,63.71557183277638],[22.682247404749692,63.71525537140295],[22.682309834225055,63.7149747931492],[22.682322945161413,63.7148751532672],[22.682345082874033,63.71470690095011],[22.682346365956487,63.714676902374684],[22.6823565402896,63.71443903177965],[22.682336734631317,63.71417163558469],[22.68227988768851,63.71390588916536],[22.682192895140663,63.7136415149],[22.682083449757688,63.713379147299676],[22.682082114520213,63.71337642013067],[22.68195661137358,63.7131198938295],[22.681815280397124,63.71286547407942],[22.68166050699164,63.712618425918194],[22.681491663938413,63.71238236778615],[22.681306480282903,63.71216234940333],[22.681100963050742,63.71196529800384],[22.68086923212155,63.71180058152562],[22.68076506705845,63.711753632049586],[22.6806032544738,63.71168069912688]],[[22.788462085136285,63.689406816496785],[22.78702983039472,63.689422447358275],[22.785766990804188,63.68984208396769],[22.78471434111209,63.6900014932358],[22.783663149549433,63.69003424759659],[22.781416974589053,63.690551694234806],[22.779770153843618,63.69124542174373],[22.778706766760827,63.692051400277236],[22.77769134536214,63.69253531743028],[22.775811083583665,63.693355339111854],[22.77432397112057,63.69470063179545],[22.773673086467923,63.695613838417586],[22.77371066497362,63.69622381769802],[22.773620424412293,63.69711544911012],[22.774124835484137,63.697758176917205],[22.775320058005367,63.697507889787],[22.776792845076567,63.695971891338715],[22.77795657599143,63.69564455115351],[22.779159500165278,63.69476656225162],[22.7810460959927,63.694479444999125],[22.78421171829597,63.695105063871495],[22.787670716571384,63.69550992566877]],[[22.72096568573789,63.70400671450794],[22.71523883749881,63.69805352279319],[22.717801888261082,63.69448547030417],[22.72477865892092,63.688028896502765],[22.724786449696435,63.688022973024495],[22.726549598115927,63.686014936079374],[22.726915918241918,63.68555332232696],[22.726689426622066,63.68534079048682],[22.72819734411466,63.684414346852435],[22.72820981905954,63.68410419440983],[22.728122694276255,63.68375926477811],[22.72815489035244,63.683705174803755],[22.728424136801976,63.68359064082646],[22.729023888307783,63.68303089739837],[22.729090003341003,63.68286884607131],[22.72901130534549,63.68236858012339],[22.728457903738725,63.6820364511673],[22.72817218050324,63.681228913667695],[22.72962756865281,63.68062834340749],[22.72976770309862,63.67977591718257],[22.73092772701045,63.67899411028764],[22.731915881236304,63.67906914381596],[22.732718008882635,63.6789845313135],[22.73409469510862,63.678629278174526],[22.735946447638398,63.67878080147358],[22.737454763492,63.67800292603673],[22.737527117324213,63.67789412510302],[22.737883075263802,63.677834464690356],[22.739258438618467,63.677057076349165],[22.73950346030862,63.677050559164115],[22.741018311802456,63.67656348056943],[22.741559628061502,63.67607279526999],[22.74181542297345,63.67600512155958],[22.7423951107948,63.675916483648365],[22.743519863943746,63.67546193102167],[22.748595161945172,63.67558203010574],[22.74852194223603,63.67693085632297],[22.748068620928354,63.67882121226156],[22.750062734165166,63.67918497892687],[22.751011386314953,63.67939316488726],[22.752370441271264,63.6795375231457],[22.752994135627908,63.67967158597752],[22.75618707946345,63.68051864520724],[22.759418373682642,63.68036392449053],[22.759591333828,63.68035983618811],[22.76059743916746,63.68024165816578],[22.760648998551957,63.68021175492892],[22.76183868210343,63.67930228867454],[22.761947854173602,63.679053076087214],[22.76258053143364,63.6785299256568],[22.762958430230093,63.67809581695086],[22.7630314614755,63.67803632564879],[22.765574086737132,63.677370427329215],[22.76620345262152,63.677460323559075],[22.7670546971688,63.67757102318294],[22.76883605970628,63.67769483536835],[22.769091497844745,63.67833382816712],[22.769270121079845,63.67937964894185],[22.76929808912142,63.68098590991569],[22.768272141229158,63.68202599766054],[22.767451235861888,63.68393429899634],[22.76792309670436,63.68481037401678],[22.769166051842117,63.68552995434355],[22.769853575852423,63.68623479497354],[22.77341088476027,63.68708269353067],[22.77265284822149,63.689468551937104]],[[22.77265284822149,63.689468551937104],[22.777877797739517,63.68869728515438],[22.781557389959403,63.68903363807336],[22.78458719476877,63.68855169989572],[22.788187009461968,63.68683061310086],[22.79344241248747,63.685214987210614],[22.799576575065824,63.683739027716115],[22.803764470561276,63.682377252471696],[22.805362764410173,63.67939863400284],[22.807174655038196,63.67671163794654],[22.81280469885675,63.67601958430226],[22.816506149295904,63.67532826342955],[22.817618079526433,63.6730203454588],[22.817800155512256,63.667431793980086],[22.82167466828157,63.66497309266282],[22.827078731555986,63.6579338952871]],[[22.827078731555986,63.6579338952871],[22.821512072413103,63.65658232869798],[22.81104735542151,63.654040604492664],[22.81093785323988,63.65392998992631]],[[22.81093785323988,63.65392998992631],[22.80394359361975,63.65166477926863],[22.782244929863385,63.64982639707684],[22.77758743395177,63.64679763631213],[22.768429730612354,63.64476750177841],[22.757317978652157,63.64577944355094],[22.750697788773692,63.646070897155155],[22.747186968526304,63.63841497704617],[22.746168323658758,63.63058919743662],[22.73933351613478,63.63050826773384],[22.73776949116672,63.63362881262234],[22.724136392708484,63.63139620476514],[22.71379152777187,63.63279296858833],[22.713406967818564,63.63533948089701],[22.708748119583497,63.63897637808202],[22.703786507502265,63.637366249090256],[22.697164761604835,63.63948231885651],[22.69730266067891,63.64399345448808],[22.689480724007893,63.644976938068666],[22.687663370366046,63.63529922829567],[22.691564919560463,63.62944762747853],[22.678198774731648,63.61649900700589],[22.658409904490284,63.62089414370582]],[[22.658409904490284,63.62089414370582],[22.651909259961453,63.62230596416651],[22.624366193659093,63.62704363202836],[22.616532001021483,63.62838992597849]],[[22.616532001021483,63.62838992597849],[22.627157200177273,63.63457775642676],[22.626884584258917,63.64783042655358],[22.626948740712216,63.647837832405145]],[[22.626948740712216,63.647837832405145],[22.639113504516587,63.647242227385206],[22.643072072084536,63.64701017742298],[22.656647221237627,63.646770756640436],[22.659738566098376,63.64713536530338],[22.667588475638944,63.64817824445316],[22.670221568592986,63.648480820219305],[22.671591106897186,63.64866766252821],[22.676424655867233,63.649326967931025],[22.67785464491014,63.64971181916271],[22.681742407704455,63.650758004666514],[22.682146286031692,63.65101711626511],[22.68289255548728,63.65146772197605],[22.683912760402904,63.651881585852756],[22.68566708497497,63.65320916672955],[22.690625015952122,63.65648894391259],[22.692340335978486,63.65693481620039],[22.69572066422594,63.65727959270325],[22.69806757882344,63.65782769064651],[22.699354189718154,63.65790052242575],[22.699815799308663,63.65811576451555],[22.699621885645758,63.658418712896726],[22.698818452129355,63.65863136645317],[22.698368967207998,63.65898854383704],[22.697943545339765,63.659379575528035],[22.697882567629783,63.6594155845696],[22.69785105072186,63.65946492605196],[22.697728450589732,63.65955893543681],[22.697675091659196,63.65965572542111],[22.69772587065951,63.65973841384102],[22.69772828710035,63.6599095411201],[22.697495737237084,63.66018967088377],[22.697655946949116,63.66062360035265],[22.697555695155067,63.660723725161155],[22.697535289668444,63.66083849032254],[22.697302054590455,63.66110221727476],[22.696881196679957,63.661342696807104],[22.696877808740872,63.66134628653616],[22.696482150671876,63.66162859637022],[22.69629946715096,63.66172216393292],[22.69631141725195,63.662027563418334],[22.69629060645583,63.66215027598888],[22.696626449611188,63.662732069255355],[22.69756865089767,63.6631411163444],[22.69762936311883,63.663666157236854],[22.69777400080913,63.66419072250509],[22.697976911266693,63.66466791494804],[22.697817161940506,63.66478046049269],[22.69600962532417,63.66556751571357]],[[22.69600962532417,63.66556751571357],[22.6967178806315,63.666024251129116],[22.697793266554587,63.66659761725629],[22.69804420895371,63.66773204173615],[22.69795258610305,63.668105211140485],[22.697844489798022,63.66906515470414],[22.69769438209876,63.669770251653844],[22.69714013420833,63.67104430299246],[22.697101113821546,63.67177897610455],[22.696991487843526,63.673092668665944],[22.696825428572435,63.67415864924203],[22.6967911602298,63.67471461477679],[22.6968862002793,63.67503334022704],[22.69700658720143,63.67549981816794],[22.697448773668853,63.67578043194626],[22.69769750150497,63.67606171293574],[22.698769728302455,63.67655558948677],[22.698946284450507,63.676814617094415],[22.699044934228375,63.6770891070656],[22.699037647051163,63.67741431293358],[22.697028213774306,63.67847938755602],[22.69581397811628,63.67904956055157],[22.695166292850278,63.680027006946],[22.690609178277686,63.68187315650895],[22.687720369793485,63.68292600215662],[22.68582549768081,63.68364091231136],[22.684231729483297,63.68424217241846],[22.68422502929167,63.68425631822551]],[[22.68422502929167,63.68425631822551],[22.68441240150536,63.68429021069321],[22.684769248229923,63.68437494376806],[22.685099048623275,63.68447719434044],[22.685392010528176,63.684598654498075],[22.68566820621474,63.684758320336925],[22.68590417094227,63.68493758692091],[22.685936000403213,63.68496625818344],[22.68611774190618,63.685129972315025],[22.686543355210063,63.68553299860103],[22.686808614094392,63.685754904223195],[22.6870984804493,63.68597504127615],[22.687406935958247,63.68619346006165],[22.688060903353964,63.68662592946558],[22.689755421822127,63.68769859389755],[22.690079444960453,63.68791619809343],[22.690388938408198,63.68813694197866],[22.690677733124403,63.68836224449571],[22.690923316041197,63.68857735454873],[22.691148330309897,63.68879683869088],[22.691355508366748,63.6890198691578],[22.691546195234,63.68924589751341],[22.69172039196486,63.689474621803164],[22.691876774317446,63.68970597004293],[22.69202186287599,63.689953943438304],[22.692150020580012,63.690204161929586],[22.692265867353758,63.69045597381049],[22.692473274952256,63.69096256782592],[22.692748342346547,63.69172596458199],[22.692983630676128,63.692490912336325],[22.69309872289465,63.69300163144318],[22.693133781034064,63.69325739553576],[22.69314913726733,63.69352503197982],[22.6931468194939,63.69379299206097],[22.693131765199134,63.69406117648848],[22.69307734414466,63.69459794700814],[22.693005387456246,63.695134974313184],[22.69252389953419,63.698357459369625],[22.692069408030804,63.70158039387401],[22.69198574289276,63.70211671719357],[22.691885477781042,63.7026514527116],[22.69182383172843,63.702917724418874],[22.691750090721406,63.70318284713627],[22.69165952757244,63.70344637446474],[22.691545920382154,63.70370771991552],[22.691419229334183,63.7039413684208],[22.69127372046393,63.70417325107251],[22.69111470744603,63.704403884839856],[22.690423226733746,63.70532192401013],[22.69009090184506,63.70578318050499],[22.68994036483592,63.70601573501966],[22.68979905196024,63.70626033721969],[22.689553721563332,63.7067540124443],[22.689240371038768,63.7075008384475],[22.689053471224128,63.7080006804791],[22.688884525632147,63.708501143314734],[22.68874482008582,63.709001809264734],[22.688692989600632,63.70925213275406],[22.68865913014668,63.70950241152272],[22.688649526182967,63.70975261730692],[22.688669581281246,63.710005417554974],[22.688714239533912,63.710258147112064],[22.68877692726102,63.71051083633395],[22.688937519393757,63.7110161959116],[22.689223176768056,63.711774424423965],[22.689635358147974,63.7127856381214],[22.68996998590724,63.71354246127411],[22.690225435016906,63.71404382217025],[22.690371668715546,63.714292497516404],[22.690530180274845,63.7145328715848],[22.690884037547495,63.7150095946506],[22.691074011684893,63.71524652609516],[22.69147317200278,63.71571778734507],[22.691898049348115,63.716183738450376],[22.69212328747051,63.71641309399489],[22.692360684537764,63.71663847920855],[22.692614475335482,63.716858129371],[22.692890408304194,63.717069633729345],[22.69318324539009,63.7172637870611],[22.693500605548845,63.71744658343381],[22.693841113170194,63.717616285124905],[22.694205233722208,63.717770021069576],[22.694595313208485,63.717903607324764],[22.69501566974603,63.71801131784645],[22.695486803834015,63.71809079288849],[22.695987116449313,63.71814309830982],[22.696508504862642,63.71817489021563],[22.697044559571058,63.71819108019255],[22.697590150764658,63.718195100704854],[22.698141046647244,63.718189107620745],[22.69869357546125,63.718174122021715],[22.69924432639132,63.71815010306022],[22.69978983967852,63.71811595847094],[22.700326339760664,63.71806949883953],[22.70084943918327,63.71800733077143],[22.701353836551906,63.71792469594829],[22.701857338877556,63.71781215068916],[22.702339737188716,63.71767777180935],[22.702806005405126,63.71752731593418],[22.703259780206814,63.71736509456871],[22.70370357480034,63.717194274475446],[22.704138949205433,63.71701713089844],[22.7045666321953,63.71683525888459],[22.70539814114141,63.716461321274274],[22.706958196801008,63.71570521274428],[22.707347205304384,63.71553264581192],[22.70774764115484,63.71537724588976],[22.708166729056146,63.715246597308195],[22.708613188498994,63.71515031382406],[22.70908681473865,63.715096582274136],[22.70958823233186,63.71507660745798],[22.710110237769154,63.71508138048001],[22.710647266273003,63.71510384993052],[22.711195056759877,63.71513847137639],[22.713439353149724,63.715319090744984],[22.714004859431224,63.71535825841442],[22.714569597022592,63.71538809750544],[22.715132434822326,63.715404160416604],[22.715692140293857,63.71540095374906],[22.716246699296416,63.71537415288614],[22.716797683162987,63.71532768374602],[22.71734576876218,63.71526646770918],[22.717891347504565,63.715194194147095],[22.71843450186321,63.71511352829164],[22.71897498238314,63.71502626248387],[22.719512161060813,63.7149334361549],[22.72004493930808,63.71483540771003],[22.720571650589335,63.71473188130756],[22.721089913448772,63.71462189980095],[22.72159643292109,63.71450379030069],[22.72208678273942,63.71437507590648],[22.722532078745843,63.71424146208533],[22.722959827361915,63.71409776026708],[22.72337082482564,63.71394564837515],[22.723764476037484,63.71378611210432],[22.724138738665047,63.713619492721726],[22.724490009020514,63.713445517852136],[22.724812955371974,63.7132633046288],[22.725100297745794,63.71307134147296],[22.725367804838193,63.71285001084059],[22.72560312396557,63.71261991041494],[22.726052832716846,63.71215198047762],[22.72630379683534,63.71192287711407],[22.72656904100316,63.71171892355582],[22.726864041897315,63.71152164473383],[22.72718344273465,63.71133021431331],[22.727523499000082,63.71114420447527],[22.727881934722234,63.710963584333705],[22.728257847456543,63.7107887314834],[22.728683298673587,63.71060643304216],[22.729124026489973,63.71042971474411],[22.729575784732116,63.71025698957011],[22.730500857692906,63.70991935070703],[22.731443476583667,63.7095888488314],[22.7317284613586,63.70949265184516]],[[22.579733838352332,63.689056657750406],[22.579313026925213,63.68900565507421],[22.578797998443992,63.689008843765116],[22.578552102363833,63.68921061229101],[22.57849886228115,63.689551520383716],[22.57844857870087,63.68987348885193],[22.578666170132063,63.69012757626986],[22.57888080767769,63.690400602974975],[22.5794545941266,63.690570493786225],[22.57984458151435,63.690544427163346],[22.580102309996036,63.69026689803542],[22.580033424531056,63.689884174063764],[22.580046929819346,63.68952301335727],[22.580091280979733,63.68923892343382],[22.579733838352332,63.689056657750406]],[[22.65178633631092,63.70525510848671],[22.65127392422135,63.70523961321384],[22.650957548006296,63.70534422083954],[22.65073724552206,63.70566105386324],[22.650696482024028,63.70592622952226],[22.65074694526297,63.706156105448244],[22.650928430847454,63.70637091538545],[22.65129237542118,63.706515125964295],[22.652015415815054,63.706556018653586],[22.65256278078036,63.706344217187166],[22.652877203159655,63.70597313966528],[22.652912125998817,63.70574584520479],[22.65252876392616,63.70544881904481],[22.65178633631092,63.70525510848671]],[[22.533522830936736,63.661969638585596],[22.53317593869918,63.661792327871176],[22.532605768484192,63.66201248155034],[22.53223380843672,63.66233395511184],[22.532128280849456,63.66266371568711],[22.531847956402885,63.663083194096274],[22.531555388874732,63.66324061408661],[22.53182660819074,63.66355830711933],[22.53207066493025,63.66370863235619],[22.532542808851886,63.66377089712597],[22.533044804847645,63.663643778248385],[22.53358036890101,63.663303601848895],[22.53362140367979,63.66304320035265],[22.53366243747279,63.66278279972705],[22.53354360795167,63.66251742757531],[22.533531355193016,63.662255369791154],[22.533522830936736,63.661969638585596]],[[22.569616009760278,63.70374138176756],[22.569218725342285,63.70353883530792],[22.568526409636327,63.70385053278732],[22.567712505145803,63.70425363019885],[22.56761607725573,63.704869148829154],[22.567747964413773,63.705396551732214],[22.568130427470948,63.70569379776503],[22.56909111102213,63.70572340449879],[22.569194925532706,63.70506053778942],[22.56938322907846,63.70454300260394],[22.569656018084892,63.704170799452555],[22.569616009760278,63.70374138176756]],[[22.673689468915292,63.70930286784839],[22.67327107401155,63.709233193850494],[22.672667364752318,63.70925308824768],[22.67206655061495,63.7092540381451],[22.671397708736972,63.70913876424463],[22.67107053816456,63.70903377196115],[22.670737570535355,63.70896666262636],[22.670238794417767,63.70914193586807],[22.669873935269532,63.70928318224008],[22.669677009109844,63.70944851254251],[22.669459780971106,63.70974643444174],[22.669572625161333,63.71013040976475],[22.66993381461757,63.71029351602947],[22.67023200516575,63.71058792595834],[22.670840769993774,63.71081556920362],[22.67148646131971,63.71108237831526],[22.672135819828316,63.71104483341994],[22.672677329755963,63.71087083888987],[22.672777990624635,63.71049329100028],[22.67316313218507,63.7102194456061],[22.673380325237268,63.709921518768645],[22.6736460169038,63.70958699247678],[22.673689468915292,63.70930286784839]],[[22.57991263830692,63.692222103339695],[22.579664193204064,63.69169972750115],[22.578679675516167,63.69168847714075],[22.57713569649858,63.69196449308021],[22.576509871172544,63.692401963181545],[22.576286652546337,63.693555944561695],[22.576836345580976,63.69442922546369],[22.578156044046604,63.69504073605652],[22.57903291772856,63.69546734290115],[22.579562850952666,63.695369457990054],[22.58023513611284,63.69381061582299],[22.57987508354668,63.69309542429192],[22.57991263830692,63.692222103339695]],[[22.507591691347454,63.63772832298241],[22.506700861935823,63.6372722272253],[22.505606102576582,63.63742826347769],[22.505355650235376,63.637658314389626],[22.50508269560662,63.63803039638316],[22.504307334878536,63.638196426354476],[22.503402977489472,63.63850114729226],[22.502879503458253,63.63910327159741],[22.50270548009362,63.63952602901063],[22.501375121304253,63.639817390584724],[22.500973082798694,63.64032815717653],[22.500251560863333,63.640828908396124],[22.4995225029211,63.64137699862184],[22.49986585762052,63.64191113271691],[22.50071780418113,63.64193784029062],[22.501949283316844,63.641595805485515],[22.502526777744404,63.64132842869499],[22.503582747827732,63.64074298702057],[22.504502179477505,63.64034357740173],[22.505840031572944,63.64000484355714],[22.50675940974008,63.63960541909968],[22.507426776034134,63.638769892750595],[22.507554211766564,63.6379650435403],[22.507591691347454,63.63772832298241]],[[22.641206069908936,63.69856058875329],[22.64076604388518,63.69854152716638],[22.640211037131117,63.69852773852348],[22.63957961064108,63.69852700152398],[22.63891017078464,63.69854738288414],[22.63824152719714,63.69859743061998],[22.63764757516893,63.69867733987077],[22.63711342902586,63.6987852394153],[22.636663064002608,63.69891401446726],[22.636315659269325,63.69905659631623],[22.63602909486874,63.69921319241435],[22.635796130954834,63.69938552614469],[22.63562238740534,63.69957793263582],[22.635502433061713,63.69978333819959],[22.63542456595008,63.69999775205498],[22.63538136330442,63.70021807922865],[22.63536901862582,63.70044182086355],[22.635384237590063,63.70065641644825],[22.635422000058096,63.70087047997085],[22.63547961191136,63.701082260130235],[22.635556386200754,63.70128974919373],[22.635653556610013,63.70149050865212],[22.63577428100288,63.701681462543675],[22.635923777905862,63.70185866963569],[22.636109541836664,63.702017044051715],[22.636331865749767,63.70214749909958],[22.636591784508393,63.70224946007555],[22.63688538861841,63.702316577911965],[22.637184383800825,63.70234336213525],[22.637504895768437,63.702343210188964],[22.637842256961548,63.70232482134904],[22.63823150745789,63.70229077511442],[22.638624679297546,63.702244559837176],[22.63900955167998,63.70218595318248],[22.639373104583285,63.70211343658739],[22.63970063867294,63.702024120021804],[22.639974823321012,63.701913594440306],[22.64018958765763,63.701772543798675],[22.640349682738776,63.701610460447604],[22.64047791571236,63.70143443171682],[22.640723954698615,63.70106429860425],[22.641042474070332,63.7006944458855],[22.641201731462054,63.70048282550862],[22.641305273563045,63.70030278698504],[22.641396567343108,63.70010414045826],[22.641605079284734,63.699650432938206],[22.641706546604485,63.69939595890865],[22.641771372842655,63.69915900636812],[22.641784426730627,63.698949166828946],[22.641752240372973,63.69879758530212],[22.641695872127478,63.69868096815757],[22.64163373694241,63.69860677629073],[22.641580254463044,63.69858287274634],[22.641241177446013,63.69856267979992],[22.641206069908936,63.69856058875329]],[[22.57576470994726,63.710721446594576],[22.575303276191878,63.710697251600884],[22.57481810404139,63.71070011130994],[22.574344879131505,63.71073701532341],[22.573920488893414,63.710814876518754],[22.573530011382143,63.71096083214833],[22.57325095275951,63.71115459284657],[22.573074117808652,63.711377702364565],[22.57298114142257,63.711612541221484],[22.572832689710165,63.7121034234669],[22.572745071036806,63.712353519902884],[22.57242439733293,63.713103650166694],[22.57234665374912,63.71335321347511],[22.572307588630572,63.71360898165553],[22.57231078687068,63.71386225687522],[22.572356768282134,63.714110386663315],[22.572449795618194,63.7143502772107],[22.572597939399625,63.7145781741719],[22.572787595588093,63.71477677583654],[22.573210500200688,63.71515702743641],[22.573381560937285,63.71535035813794],[22.5734786354155,63.71552642766404],[22.573519341554633,63.715706716864624],[22.57350015464657,63.71588404704515],[22.573496997119666,63.71591323439671],[22.57342142282962,63.71611840142895],[22.57331559800224,63.71631909059923],[22.573097775627375,63.71669101406445],[22.573028517099285,63.71685155759769],[22.573017277877472,63.71698549150643],[22.57309220966348,63.71708299857424],[22.573284198017262,63.71713705444379],[22.573566262128963,63.71714838193056],[22.573904514990943,63.7171240311939],[22.57426945217609,63.717067938225014],[22.57463414030071,63.71698117752503],[22.57497253790807,63.7168621064365],[22.575124302751856,63.7167843756639],[22.57524579218213,63.716722150174704],[22.57549134305531,63.71656187641731],[22.57596657062362,63.716218058967776],[22.576230462026718,63.716051803047414],[22.57653676655802,63.71590082803789],[22.576920142202237,63.71576588570778],[22.577356472521547,63.71565173079382],[22.577831330830108,63.71555308945595],[22.578332748318,63.715465605991234],[22.578850431120355,63.71538562365923],[22.580406842908435,63.715159945701856],[22.58089247084423,63.715079657273776],[22.581339641853923,63.71499135740793],[22.58173005167649,63.7148909031976],[22.58203998990408,63.71477320992218],[22.58220573255044,63.714669447671575],[22.58230481191008,63.71455634626683],[22.58233183482125,63.71443789475154],[22.582244153229162,63.714269731479426],[22.58203751081779,63.7141018311926],[22.5817407686961,63.71393740042957],[22.581374696837603,63.71377988358899],[22.580953415180286,63.713633239201094],[22.580516621480513,63.71350708211818],[22.57959489968098,63.71325998231358],[22.579213857843115,63.71314422492811],[22.57882951153479,63.71300209234692],[22.578446187332275,63.71282758679386],[22.578081074077538,63.71262579591576],[22.577739412771248,63.71239510173646],[22.577443361559894,63.71215017710166],[22.57720046646907,63.7119003115868],[22.577007481125776,63.71164496960112],[22.576869751292868,63.71140749287123],[22.57677921539776,63.71120067283579],[22.576728655107814,63.7110372260935],[22.576711741091742,63.71092989113465],[22.576724679752473,63.710891528456024],[22.576660310749467,63.71086123964324],[22.576466535709237,63.71081515844966],[22.576168102740994,63.710765090681306],[22.57576470994726,63.710721446594576]],[[22.678789098769254,63.697304760139076],[22.67817666003722,63.69724776381888],[22.67761255799519,63.69724008865758],[22.677449338846944,63.6972506505215],[22.677106609221813,63.69727282743476],[22.677012662318667,63.69728431015178],[22.676625590395552,63.69733161997293],[22.67631057386372,63.69738779595655],[22.675566854776584,63.69753871684627],[22.675125829358564,63.69763200362594],[22.674685680563794,63.69773612054191],[22.674261702832798,63.69785369706198],[22.673851889252962,63.69798490938688],[22.67345976233102,63.69812819780351],[22.67309027938753,63.698283062575136],[22.67275012411072,63.698449999011174],[22.67244806607068,63.69863047863045],[22.672180301267556,63.69883492343402],[22.671953068302585,63.69905229829842],[22.671756224229956,63.69927913178713],[22.671582398295854,63.69951283775056],[22.671426539288515,63.69975152193156],[22.671285555204033,63.69999382100464],[22.671158104498335,63.700238783929244],[22.671044461800463,63.7004857699245],[22.67094651494016,63.700734375566064],[22.67086783592948,63.70098436860216],[22.670813867404014,63.701235648616574],[22.670789006023632,63.70149445041202],[22.67079009896889,63.70175402106474],[22.670811569996125,63.702013778230004],[22.670849970329275,63.70227303460127],[22.670903791505037,63.702530910467374],[22.67097341842746,63.70278621722471],[22.671061172032715,63.703037324704866],[22.671171487760738,63.70328198853633],[22.671311210481274,63.70351713156159],[22.67149002562765,63.70373858259691],[22.671721001049168,63.70394074029677],[22.671985781939927,63.704102923363614],[22.67229395655766,63.70424330667259],[22.67263431491296,63.70436052864253],[22.672997812720524,63.70445144101135],[22.673377091607037,63.704510906502044],[22.673766061297247,63.704531535422866],[22.674182317732388,63.70450476369917],[22.674600917860197,63.70443664268434],[22.675019616055124,63.70433735701987],[22.675436334585722,63.70421461787443],[22.67584894325655,63.70407409592822],[22.676255020310688,63.70391977828056],[22.676651614116413,63.70375424087809],[22.67703497438412,63.70357885530196],[22.677419950631986,63.70338467354748],[22.677786143308257,63.703182611157594],[22.678133025234853,63.70297439557941],[22.678458115644723,63.70276094578019],[22.678756661657115,63.70254245439194],[22.679021179087773,63.70231842247436],[22.67924082757643,63.702087651535805],[22.67939552274111,63.70186821306509],[22.679514167131025,63.701643610718406],[22.67960945948048,63.701415700475174],[22.67969222462615,63.70118707578022],[22.67977573619143,63.70095637973553],[22.679822121545953,63.7008473779069],[22.679876385284143,63.70071985707776],[22.680015069717026,63.70046967252997],[22.680183684563872,63.70020358494221],[22.680349934455716,63.69995517410043],[22.6805776627197,63.69961489360468],[22.680794743467786,63.699316993381984],[22.68102253657047,63.699051901624834],[22.68126157859059,63.69883449653765],[22.681497335313864,63.698676909412264],[22.681691236021393,63.69858400862246],[22.681804824451422,63.69856191935243],[22.68175965951866,63.698515388498315],[22.681597954387875,63.69838693912144],[22.68133133070393,63.69820250158126],[22.68096953369593,63.69798735816572],[22.680521443945725,63.69776682263522],[22.679995027858798,63.6975667584174],[22.67940854994233,63.69741129323653],[22.67930948512145,63.69739425587992],[22.678789098769254,63.697304760139076]],[[22.581010426576015,63.72431166408566],[22.580198638152115,63.72428672647707],[22.579372040647876,63.72435648003228],[22.57840837466754,63.72447910787891],[22.577466687860284,63.724735616315925],[22.576631179982368,63.724862172370166],[22.575832463540937,63.72502791542374],[22.575287135523116,63.725220478212336],[22.575029028729425,63.725497995022344],[22.57492107543449,63.725913341411875],[22.574898572715547,63.72633131695406],[22.574579932609055,63.72672115320614],[22.57482688230829,63.72733771903878],[22.575321072136326,63.72778670429141],[22.57536026693396,63.72797501482202],[22.57544177049596,63.728167721014806],[22.57554925516041,63.72836476392198],[22.57571091342628,63.72862338647044],[22.575827894734985,63.72881053195961],[22.57598526656817,63.729035945557605],[22.57615679504852,63.72925998076714],[22.576346725343743,63.729479987230555],[22.576561840215366,63.72969272007162],[22.576838863854494,63.72989771676216],[22.57727541672984,63.73011195448658],[22.577822345940437,63.73029984642555],[22.578446275253683,63.73044956070267],[22.57911319434662,63.73055067144591],[22.579703318519094,63.730595967709746],[22.580263494329976,63.73060918810753],[22.580758565186304,63.730600773883445],[22.581153434895853,63.73058070910928],[22.58141255078036,63.73055867273707],[22.581498680733084,63.730543644737466],[22.581550440878623,63.730512098278254],[22.58172477351413,63.73046160526889],[22.582002821109906,63.73039738253864],[22.582367360607552,63.730326597609796],[22.582801672044642,63.73025703041451],[22.583291497844755,63.73019471503697],[22.584249088107118,63.73009213606479],[22.584344897666636,63.73008187272354],[22.584861987401485,63.7300179595699],[22.585340706047457,63.72993836547309],[22.58580412796607,63.729825470462664],[22.586184655783327,63.72969877587487],[22.586819475085886,63.72944197509772],[22.58714016653776,63.729324163290315],[22.587474848330633,63.729225957716345],[22.587794186414122,63.7291581402126],[22.588121237178314,63.72909891438413],[22.588445785637198,63.72903347414539],[22.58875607733861,63.72894991972538],[22.589040109161672,63.72884539016198],[22.58928314769082,63.7287186886448],[22.589481154952658,63.72856123056609],[22.58962605405238,63.7283834772076],[22.58972470170276,63.72819074733603],[22.58978058971285,63.72798731789037],[22.589794044262888,63.72777668094975],[22.58976160720398,63.72754712726011],[22.58975253448313,63.72751793904758],[22.589689521727607,63.72731520200347],[22.589586069160276,63.727083190827564],[22.589456436378423,63.72685339780596],[22.589303055662686,63.7266283599404],[22.58912578358095,63.72641107919802],[22.588921934563537,63.72620526267478],[22.588686166434716,63.72601560136882],[22.588410223039297,63.72584808052574],[22.58808257625089,63.72571033633226],[22.58766939392804,63.72560363963441],[22.587200793993198,63.72553090041623],[22.58669199848563,63.72548452593918],[22.586050159128686,63.72530370492601],[22.586023851358345,63.72492229476102],[22.585446377898016,63.724771364908264],[22.58452414201162,63.724628881197226],[22.583763942160697,63.724548456860774],[22.582829882379723,63.7244817208429],[22.581941515932844,63.7243973514159],[22.581010426576015,63.72431166408566]],[[22.69600962532417,63.66556751571357],[22.695103793762545,63.66563870670149],[22.692741759846992,63.66518330860255],[22.69173999847375,63.66495723215032],[22.68964507537265,63.66510384224776],[22.685671018982475,63.66536557252155],[22.68476369145074,63.66542469091154],[22.683335224743814,63.66588843002413],[22.68284008530142,63.66678338573056],[22.68251758203448,63.66723193203238],[22.681574697069586,63.66793088397388],[22.680974740848608,63.667919328800565],[22.68038066137563,63.66830332853835],[22.679483294208843,63.668260946421285],[22.678718772634344,63.66819998717085],[22.678394524759444,63.66815665504991],[22.67577101554099,63.667621282284536],[22.675067867162433,63.667301989104246],[22.673131849457373,63.666724771727885],[22.673346767679302,63.66647438707774],[22.673900844418352,63.6663697801712],[22.674122257008403,63.66607678068412],[22.673753557679657,63.66580881953472],[22.672281726310484,63.666085558364756],[22.671602759648774,63.66564057173304],[22.668607238762505,63.66507560900968],[22.65499022261152,63.66515331720096],[22.64925534774466,63.664455088299846],[22.643575083378142,63.66216757585011],[22.640573009790717,63.66032725437765],[22.639396833528657,63.659011712301854],[22.638044808207745,63.65764419898776],[22.636858594267473,63.65649976577393],[22.636184079608036,63.65587144571575],[22.626948740712216,63.647837832405145]],[[22.616532001021483,63.62838992597849],[22.60898556068087,63.62688381948826],[22.592212823330524,63.623534363744824],[22.590157869330117,63.62304128046293],[22.57262515688379,63.61883244912815],[22.568086160059806,63.61548708468431],[22.56521117039121,63.61336766572187],[22.560972433351203,63.59788953343768]],[[22.517758691535885,63.621308533069815],[22.518087629093742,63.621353025848194],[22.518610752309993,63.62143086939373],[22.519111054391697,63.62151588970367],[22.519547205734487,63.62160395324701],[22.519945265235503,63.62170398441409],[22.52029212441285,63.621820097645646],[22.520571022915323,63.62195754590823],[22.52078641654375,63.62214039056593],[22.52092017080449,63.62234891100192],[22.52099456968151,63.622576155322115],[22.521026518185156,63.62281684493901],[22.521028640535516,63.623067024112345],[22.521010204896207,63.623323757984735],[22.52097785995481,63.623584895753126],[22.52088823556142,63.624114520848345],[22.520778952166797,63.62464765014311],[22.520650450652763,63.625179176027885],[22.520574465124977,63.62544291103277],[22.520485787159842,63.62570437420239],[22.520378807463302,63.62596264232648],[22.520245911868404,63.62621650749822],[22.52007699341585,63.62646437914325],[22.519871273810168,63.62669697916106],[22.519629734478542,63.626923326507544],[22.519359723907517,63.627144218736504],[22.519066174276553,63.62735999854405],[22.518751916897042,63.62757056540711],[22.518417917781736,63.62777538112759],[22.518063444633444,63.62797344895598],[22.517694537242168,63.62816104446451],[22.516537665984654,63.62870181578317],[22.51616055429677,63.62888228938154],[22.515801166590197,63.629066677796565],[22.51575235531355,63.629094762133484],[22.515469309235005,63.62925761905138],[22.51517681148845,63.62945821727366],[22.514927884966454,63.62967603284967],[22.514721287528786,63.62990440965262],[22.514546020361372,63.63014062316855],[22.514393674564882,63.630382572837306],[22.51425793504129,63.63062865958003],[22.514019228659382,63.63112874732461],[22.513711083899103,63.631888525286975],[22.513536515967946,63.6323973045656],[22.513463380301125,63.63265186498098],[22.513404353785308,63.63290643582692],[22.513364671911773,63.6331609748998],[22.513351309849373,63.63341546111387],[22.51337049680492,63.633674388800735],[22.51341673866345,63.63393325330307],[22.513482642980485,63.63419206173365],[22.513562606123653,63.634450823189965],[22.513749117356806,63.634968229245345],[22.514169861685602,63.636002408022],[22.51448687288266,63.63672210212956],[22.514623798469383,63.63703294762341],[22.51487712404653,63.63754345178058],[22.515017672734956,63.63779614166954],[22.51517232788859,63.63804621245973],[22.515346127352554,63.63829270301099],[22.515545533517436,63.63853436578363],[22.515765318899593,63.63876095553078],[22.516005090303196,63.63898341921205],[22.516745170411266,63.63964060090633],[22.51696519603644,63.639860598160915],[22.517152404145353,63.640083287872535],[22.517291911062483,63.640310222967486],[22.51737468967545,63.64055526748319],[22.51740303109975,63.64080535881177],[22.51739142876903,63.64105917569324],[22.51735093277793,63.641315701976794],[22.517289858230363,63.64157417144826],[22.51721438062953,63.6418340109125],[22.516940661696765,63.64261806930167],[22.51592843342968,63.6452413288194],[22.515640458540332,63.646028112979145],[22.51547202417533,63.646552462855475],[22.515402183567463,63.646814535272505],[22.515347445945288,63.64707649236558],[22.5153137593419,63.64733827989029],[22.515308978888115,63.647599822250186],[22.51533996517205,63.647863919606465],[22.51540026729243,63.648127801620895],[22.515481669944684,63.64839157755478],[22.51557796868663,63.64865532868424],[22.515916201749555,63.649446835733805],[22.51641410446635,63.650500901409124],[22.516682096462286,63.65102301264676],[22.516826959079847,63.65128065798634],[22.51698412047274,63.651534440608415],[22.51715931731947,63.651782589399005],[22.51736038611115,63.65202269565727],[22.51759784663621,63.65225152898463],[22.517768720135294,63.652378180141945],[22.517885612039677,63.65246482024299],[22.51823049648967,63.65265688991545],[22.518624731134484,63.65283372956472],[22.51905488387549,63.652999475395944],[22.519510764928366,63.653157269800325],[22.51998474558235,63.65330946305161],[22.520471197786183,63.65345779269873],[22.521466275274932,63.65374756326176],[22.52274732928222,63.65410789513988],[22.526018804591065,63.655027995647394],[22.534598052624492,63.65745151379603],[22.535604317728698,63.657737537264836],[22.536596331650056,63.65802813892155],[22.53708149487059,63.6581769337612],[22.53755466332045,63.65832959696175],[22.538010589527918,63.65848782763191],[22.538442194934053,63.65865391450645],[22.538840061429923,63.658830906283654],[22.539191822110926,63.65902280490473],[22.539490457040063,63.6592351379165],[22.53974273398324,63.65946248300644],[22.539962061116547,63.65970053118777],[22.540159006032784,63.65994589662784],[22.540876412714773,63.660952170642595],[22.541062394425364,63.66118862204441],[22.541071203054038,63.66119982046491],[22.541286682938626,63.661441583922205],[22.54153251089586,63.661674639986224],[22.541820783031167,63.66189546818832],[22.54214039685194,63.66208987665752],[22.542388550962997,63.66221686212516],[22.542498596517937,63.66227317326676],[22.542885244562413,63.66244830683338],[22.543292224040226,63.662617641615526],[22.54371293547363,63.662783093636264],[22.545428151447116,63.66343616580176],[22.545839447026374,63.66360437319333],[22.546231245156058,63.66377790870392],[22.546594794712714,63.663959048283594],[22.54691897680037,63.66415063200639],[22.547201106002465,63.66436083506178],[22.547435785735214,63.6645819416292],[22.547628204681004,63.664810847300096],[22.547779761232466,63.665045087143774],[22.54788807591217,63.66528267878274],[22.54794688445568,63.66552199052399],[22.54794576102055,63.665761621289036],[22.547886570348556,63.66597696141999],[22.547785113351853,63.666191886935735],[22.547657418272934,63.66640678401377],[22.54738020028003,63.666838247952136],[22.54725792104802,63.6670558292513],[22.547165477330942,63.667275441275905],[22.547112645804877,63.667510771039794],[22.547101477092397,63.667747911134164],[22.547120600802117,63.667941859228065],[22.54712491922283,63.66798565393352],[22.547178478033363,63.66822278297254],[22.547260082436633,63.668457990554714],[22.547370060713973,63.66868978440882],[22.5475111716155,63.668916393339806],[22.547688751918017,63.66913565310521],[22.54791094857825,63.66934489490327],[22.548159807212134,63.66952670501196],[22.548441154247012,63.66970111759346],[22.548690269871326,63.66984036621179],[22.549357789584924,63.67021348384828],[22.54965085489106,63.670391200399386],[22.549946451268514,63.67059443263544],[22.55021977613488,63.67080544191758],[22.550476745517386,63.671021657708316],[22.55119936721067,63.67167738642963],[22.551439653253237,63.671889566239386],[22.551612794610076,63.67203148492637],[22.55168796686168,63.67209310124006],[22.55195038917281,63.67228357184838],[22.55223431539723,63.672455370963384],[22.552548917427764,63.672601348743164],[22.552905702134286,63.67271240189033],[22.55333614227869,63.672783851704104],[22.553813215365533,63.67281739486456],[22.554324511955173,63.67282361759324],[22.554860517739016,63.67281083842033],[22.55541398760343,63.67278566510339],[22.556044935218758,63.67274914382275],[22.55713009384237,63.67268632545328],[22.557709224525702,63.67265989425582],[22.558287403389546,63.6726443426042],[22.558806442640403,63.67264318616032],[22.559319831617014,63.67265433606074],[22.559824379338295,63.672677578644134],[22.560316238042436,63.672713506253814],[22.56079066096511,63.672763564604224],[22.561241735050874,63.672830130844005],[22.56166207082476,63.672916606480214],[22.562037049594057,63.673022770343294],[22.562377566055304,63.67314542951461],[22.562685580652783,63.67327851845051],[22.56332602266284,63.673586729321954],[22.563676196432873,63.67371136643363],[22.56408372893495,63.67379754973043],[22.564544939197418,63.67385219141341],[22.565046322087557,63.67388346209994],[22.56557740051767,63.673897676807734],[22.566130167508305,63.67389965172607],[22.566698582384753,63.673893012307765],[22.567278161158633,63.67388045572051],[22.56905527161246,63.67382449502046],[22.56950921070323,63.67380814261162],[22.572664603962757,63.67369443676752],[22.57386246589839,63.67364672583174],[22.575041596755455,63.673587181596666],[22.575617212118583,63.67354836857917],[22.576177534037647,63.67349959627897],[22.576715943863373,63.67343658382535],[22.577223511965368,63.67335361541064],[22.57768835456667,63.673243159991905],[22.578100446158455,63.67309860875036],[22.578462809033404,63.67292536956866],[22.578779987098688,63.6727298320915],[22.579052425339626,63.67251639866104],[22.57927654145776,63.67228779045414],[22.57944098338777,63.67205951074446],[22.579569000538676,63.67182248333055],[22.57963650773256,63.67166254119091],[22.579671509624536,63.67157961462696],[22.579757458005556,63.671333287390695],[22.579989126468984,63.67059368267379],[22.580080752645486,63.670353730930884],[22.580192579131413,63.67012117064521],[22.580334571953028,63.66989932027205],[22.58051910403362,63.66969240570023],[22.58076174675534,63.66950583270046],[22.581085474684926,63.66934011082515],[22.58147303757975,63.6691996187556],[22.581910624676144,63.669082637457905],[22.582388438543767,63.6689892994192],[22.58286139823671,63.66892380841872],[22.583354685355037,63.66887317400427],[22.584889791551742,63.66875114717998],[22.585401616920556,63.66870245123042],[22.585966266832962,63.66863332624308],[22.586515963555854,63.66854810586573],[22.58704533612293,63.668446256674954],[22.587261075887884,63.66839459425997],[22.58754745211605,63.668326015985585],[22.588013328064974,63.668184286025316],[22.58840676677719,63.66803215937426],[22.588774275083676,63.6678662251324],[22.58948457109058,63.667523967954054],[22.58985259371459,63.667363110550255],[22.590246570654866,63.6672203784671],[22.59067035188903,63.667104476588484],[22.591122141952116,63.667011767667965],[22.59159196420309,63.666939822561694],[22.592070710586636,63.66688791564502],[22.592549615965435,63.66685707340893],[22.59286158698016,63.666852497726964],[22.59301970154919,63.66685017875273],[22.593471201076603,63.666872160163635],[22.59389296299134,63.666930243997776],[22.59430669879663,63.66704053950806],[22.594680877459332,63.66719084240363],[22.595023159911275,63.66737045715868],[22.59533819274008,63.66757148710101],[22.595627805273352,63.66778828397972],[22.595891078849053,63.668017015877005],[22.596124286577346,63.66825532554343],[22.596320681451306,63.66850207847895],[22.59646506953285,63.66873896822591],[22.59657811723135,63.668980908175925],[22.596666731380665,63.66922625178266],[22.596735755858322,63.66947377202308],[22.596788274498888,63.669722548426],[22.59682583203108,63.669971886645435],[22.596848591452076,63.67022124327406],[22.596855428462135,63.67047016490816],[22.596843989983743,63.6707182368978],[22.596813260634143,63.67096486442034],[22.596691842112133,63.67169539366671],[22.59667506819797,63.67193471615592],[22.59668893119911,63.67217106227878],[22.596747391099626,63.67240362187299],[22.596872021242266,63.67264914014946],[22.597048202121886,63.67289070894509],[22.597260104184578,63.673129702190714],[22.597494776685853,63.67336728271715],[22.598230928462215,63.67408173687839],[22.59845499413489,63.67432389932318],[22.59862803174908,63.67453584526705],[22.598781807173406,63.67474992950939],[22.598916824079133,63.67496540964722],[22.599032600819502,63.67518160389159],[22.599127665743588,63.67539785586546],[22.599199552369882,63.67561350029465],[22.599279125297482,63.67596073901268],[22.5993371083052,63.67621376535968],[22.599415380028876,63.676409052783946],[22.599566652177778,63.676642727712604],[22.599770119274737,63.676872392578964],[22.600012377888163,63.677099118326176],[22.600283076771888,63.677323720584724],[22.60057432763713,63.67754681265285],[22.601196359486753,63.67799015911997],[22.602511689691635,63.67887196876778],[22.60268008547093,63.67898250176413],[22.60687402063643,63.68173501986783],[22.60752460789061,63.6821800515716],[22.60783784027064,63.6824047000001],[22.608137755445142,63.682631596421565],[22.6084185304931,63.68286163014998],[22.608672328834864,63.68309598053762],[22.608888740431112,63.68333618708621],[22.609053208409627,63.68357363198366],[22.60918176776185,63.68381646523016],[22.609282643154902,63.68406320576146],[22.609361534473628,63.68431264326027],[22.609421880563357,63.68456375633068],[22.609465028233107,63.684815627769694],[22.609490291020347,63.68506736545675],[22.609494881236593,63.685318017569465],[22.609473727107112,63.68556648428513],[22.609419156369647,63.685811415506855],[22.6093270609782,63.68604403060135],[22.60919755226182,63.686270398778895],[22.60903161887406,63.68648865856994],[22.608827191814065,63.68669627786973],[22.608579042419557,63.686889901557926],[22.608278564933425,63.68706517309896],[22.60789247624378,63.687228655832705],[22.60745431419288,63.68737275042703],[22.606981881738978,63.68750399540715],[22.605501948145726,63.68787369082057],[22.60503167642168,63.68800526556613],[22.604596875403207,63.68814989536328],[22.604215469073306,63.68831417303312],[22.60393230274148,63.68848219629895],[22.603696920289988,63.688667318746376],[22.603499960696,63.68886556815323],[22.60333472805884,63.68907382422107],[22.60319693678648,63.689289672361824],[22.603084513196688,63.68951127268325],[22.602997490715254,63.689737252506305],[22.602937969396386,63.68996661522868],[22.60290704268986,63.69021109366057],[22.602902943272586,63.69045756334665],[22.602919605031353,63.69070523903729],[22.60295298608094,63.69095347472032],[22.60300082988258,63.69120169787788],[22.603062545450765,63.691449346483495],[22.603139138726522,63.69169581565316],[22.60323327305687,63.69194039475773],[22.60334939259646,63.6921822037596],[22.603489251386733,63.69241633079054],[22.603652977883225,63.692646478389264],[22.603838996657533,63.692872084024955],[22.604047720082743,63.69309219103678],[22.60428157118947,63.6933053800912],[22.604545115111815,63.693509679680325],[22.604845251770385,63.69370246050427],[22.605207333875832,63.69389107666083],[22.605607314359013,63.69406731426764],[22.60603468950143,63.694234481398496],[22.60619328265936,63.69429155012856],[22.606481190737828,63.69439515169861],[22.60694018182388,63.69455132844793],[22.608795657418572,63.69515929278955],[22.60923785456084,63.69531286642866],[22.609657754995833,63.6954694958801],[22.610045357510455,63.69563076213024],[22.610387683015897,63.69579865969425],[22.6106678771761,63.69597573824363],[22.610864173132228,63.69616527050953],[22.61089829826906,63.696236934994374],[22.61095733742902,63.69636091668235],[22.61097462119629,63.69656804107336],[22.610963750991104,63.696631397480665],[22.610937632206486,63.69678363893481],[22.610864197148036,63.69700531104258],[22.610568833429923,63.69768893299696],[22.61048856040094,63.69791827277286],[22.61043991132519,63.698146196525514],[22.610438902009665,63.69837132595556],[22.610500568935986,63.69859552983003],[22.610620965101067,63.69881338047179],[22.61079396813468,63.699022578038836],[22.61101713128794,63.69922022103113],[22.611291486917708,63.699402662723344],[22.61143586452041,63.699476355543645],[22.611603320718935,63.69956182795238],[22.612632877317797,63.70000369227054],[22.612939230065482,63.70016261598661],[22.613197892682702,63.70034006868729],[22.6134007125994,63.70053263637771],[22.6135446467495,63.70073760306831],[22.613631781643683,63.70097031542746],[22.613663088772647,63.70121192154635],[22.6136549819272,63.701459857402725],[22.6136206096812,63.70171215337],[22.613461046268743,63.70248148273138],[22.613418282437564,63.70273870746997],[22.6133957043169,63.70299491807272],[22.61340401558611,63.70324927592294],[22.613456085598568,63.70350084571863],[22.613561105133684,63.703748146538786],[22.613707491018996,63.70399270658711],[22.613880123598975,63.704235475107374],[22.614251367128347,63.704718915048204],[22.61442461537382,63.7049611287832],[22.61457145970893,63.70520473872672],[22.614675860071056,63.705450654709594],[22.614717822897852,63.705642280252874],[22.614727409967372,63.70583524874451],[22.614707389176935,63.706028959547865],[22.61464323353253,63.706275637248595],[22.61454528193187,63.70652249977393],[22.614422657308378,63.70676947737507],[22.61428225380231,63.70701652313885],[22.613967256233625,63.707510693600796],[22.613626650222937,63.70800478555023],[22.613273364847277,63.70849848568319],[22.612729660179518,63.70923677368406],[22.61235799896211,63.70972522134998],[22.611780810262733,63.7104438076223],[22.611241965137012,63.71105887416742],[22.61103697114461,63.71129285616601],[22.61090539663724,63.71148507403652],[22.61082643128616,63.711678747262],[22.610819125634226,63.7119017216895],[22.610884594940902,63.712128452646844],[22.61100404787865,63.71235806356267],[22.611162994056098,63.712589863951855],[22.611350384724947,63.71282332232381],[22.611779125237497,63.71329373199139],[22.612955024373356,63.714482261531344],[22.613403551219488,63.714962655508394],[22.613577095039226,63.71516618941828],[22.613196186587214,63.717542051270854],[22.61142083052124,63.72068489773766],[22.61255732415145,63.722489331306285],[22.616024083610924,63.72382325336204],[22.619055158745073,63.72377204293825],[22.62129088764356,63.72264124074684],[22.6250256174086,63.72264068793893],[22.628300356502926,63.722283529448504],[22.629568134034468,63.721579898983315],[22.631710219035405,63.72021775033118],[22.63233520442267,63.717839017373144],[22.636089421224824,63.71553055418616],[22.637072701262277,63.71518277121186],[22.6375301751626,63.71502804941775],[22.637987842771164,63.71488382915159],[22.638446479870584,63.714755101026256],[22.638906790285414,63.71464829728615],[22.639369470262196,63.71457172978302],[22.639835237003943,63.7145360897943],[22.639972672821543,63.71453986218061],[22.6403049779562,63.714548982895145],[22.640778231638773,63.71459706881294],[22.64173380531904,63.71473188527078],[22.642215068875927,63.71478716475508],[22.64269744870672,63.71481249678734],[22.643147496341715,63.71479688011377],[22.643590479702073,63.71474716045469],[22.64401855452582,63.714669567892116],[22.64442213510488,63.714568294818264],[22.64478921318542,63.71444566591798],[22.645104568563156,63.71430224822916],[22.64534887502427,63.71413690407814],[22.645510473030484,63.71394172457608],[22.645594220653226,63.71372732790872],[22.645618470606625,63.71349943195413],[22.645596379732506,63.713262526460895],[22.645536636453535,63.71302019180179],[22.645444027212363,63.71277538405131],[22.645319798023152,63.71253068147675],[22.645161829923385,63.71228850200725],[22.644964663676618,63.71205129904664],[22.64472960893077,63.7118260426061],[22.644461619991343,63.71160627383634],[22.64417103992394,63.71139048078399],[22.642625864880287,63.71033506961454],[22.642623704293957,63.71033359359074],[22.642332128862382,63.71012122186098],[22.641757358672454,63.70967982060852],[22.64150139467798,63.70949838435534],[22.64159330103885,63.708485979949046],[22.642212922761512,63.707248822830415],[22.643009129436837,63.7059789563835],[22.644162278989782,63.70517660262836],[22.644116864257157,63.70435696832147],[22.643376617963185,63.70359239987357],[22.64271572846241,63.70370557978548],[22.64124619694652,63.70461250739106],[22.639980993223666,63.70641999722995],[22.639354713142197,63.7071431523629],[22.638122879867872,63.7076195866321],[22.637462580084723,63.70828461439232],[22.635385225785686,63.708142059078156],[22.634918189327916,63.70812080292691],[22.634473352164303,63.708082081286385],[22.634059855250808,63.708016039832856],[22.63364434544564,63.70790137959173],[22.633267893534605,63.70775075628228],[22.63291993518253,63.70757365506665],[22.63259240276448,63.70737734249993],[22.632279201448767,63.70716730736378],[22.631975795875345,63.70694764101472],[22.631678843460307,63.70672135171294],[22.631095292598488,63.70625700525478],[22.629648533515955,63.70507340842815],[22.629072691690663,63.70459832459197],[22.62851080054242,63.70412211038589],[22.628241842581485,63.70388296067321],[22.627986852494324,63.70364257993432],[22.627752483960982,63.703400401001055],[22.627547780832824,63.70315569298386],[22.627384866616385,63.70290751841323],[22.627289699757796,63.70269693361639],[22.6272313514362,63.702484236422976],[22.62720866547081,63.70227046427955],[22.627222802595817,63.7020566117889],[22.627283650756972,63.70181852690604],[22.627385578291577,63.701582233421256],[22.627522625966243,63.701348520101575],[22.62769197489396,63.70111839166971],[22.627893771153467,63.70089314078221],[22.628131052466383,63.70067442849535],[22.6284243699138,63.70045096285127],[22.628751493692185,63.70023469817354],[22.629102660204275,63.70002366522708],[22.629470586457565,63.699816366729486],[22.63023681554161,63.69940877874912],[22.631419618718457,63.698805849801616],[22.63261399235724,63.6982078856436],[22.633415216685552,63.69781392679091],[22.63422685613132,63.697429300188276],[22.63464013047906,63.69724342623099],[22.635061265192576,63.69706430330636],[22.63549326442176,63.696894551504116],[22.635939981331322,63.696737605990364],[22.636406283493947,63.69659790631011],[22.63688713606654,63.69648006878458],[22.63835220154763,63.69617195371836],[22.63880493793722,63.696057179536616],[22.639214814331098,63.695921969115645],[22.639486101795253,63.6958016493055],[22.63972449271974,63.69566678750354],[22.639920837067763,63.69552694886382],[22.639930959578,63.69551973913686],[22.6401377143169,63.69533197711843],[22.64031487645945,63.695135042826315],[22.640637280636163,63.69473339120391],[22.640809595687863,63.6945385588281],[22.64100797447567,63.69435494976138],[22.641247992182986,63.694188959808535],[22.641546467665442,63.69404463095061],[22.641892157124918,63.69392548685191],[22.642273744058254,63.69383251377199],[22.642682077799765,63.69376860848704],[22.643093034585075,63.69373991800826],[22.647170595549213,63.69469913825618],[22.647319528338613,63.694774913711754],[22.647643703690527,63.69496296601532],[22.647942106622065,63.695158815698996],[22.648212647228856,63.695361070919205],[22.648450929011407,63.6955690171003],[22.648566407894123,63.695692865656056],[22.64865002708224,63.69578254370749],[22.648800165414148,63.696002094926456],[22.64889508146741,63.696231590798696],[22.648944607778173,63.696466187569946],[22.648964264229075,63.69670420636881],[22.648971950162515,63.69742642182052],[22.64899658988109,63.697666600694724],[22.649052766488676,63.69790501083969],[22.649157817484486,63.698155978566085],[22.64930188144019,63.698404563045386],[22.649474472282986,63.698651311687215],[22.649667032940748,63.69889663791649],[22.649872405022954,63.699140831200644],[22.65050352296194,63.699867661202056],[22.65069782661834,63.70010770091591],[22.650871357092214,63.7003460510962],[22.651013817399534,63.70058204077004],[22.6511120993078,63.70081469730436],[22.651150466565888,63.7010118177413],[22.651149532467333,63.701030186020624],[22.651140738126475,63.701202939847114],[22.651077514020177,63.70138517898947],[22.65095245670671,63.701555157062366],[22.65072952538996,63.701731706822024],[22.650655244165293,63.701775467899864],[22.650450160778195,63.70189628694052],[22.65015001464556,63.702057361956726],[22.6498634017588,63.702223119776335],[22.6496255403011,63.70240195210203],[22.64947071189266,63.70259011723748],[22.64937907433178,63.70279298991228],[22.64933909114032,63.703005958927406],[22.649342942971263,63.70322488418613],[22.649386295541397,63.70344585326261],[22.649468176614537,63.70366491427948],[22.649590987366857,63.70387780474506],[22.649760638122725,63.70407964907774],[22.649986817698057,63.704264630488005],[22.650287228049873,63.70443194373347],[22.650642981162697,63.70457516714711],[22.65103891392123,63.70469372845587],[22.65146333911278,63.70478496794046],[22.651907300890894,63.704843958576404],[22.652363971367798,63.704863251327026],[22.652782632073198,63.704841632879365],[22.65320712624776,63.70479069205785],[22.653637919772855,63.70472003988047],[22.654523597643845,63.70455251193619],[22.65498271897137,63.70447060135392],[22.655484539433775,63.704394195800965],[22.65599738230258,63.70432922072518],[22.65651617761813,63.70427533136464],[22.657036122952082,63.704232948974074],[22.657552329080897,63.70420337777929],[22.658059463664774,63.70418896143335],[22.658551351387246,63.70419327232625],[22.65902053118906,63.704221342756924],[22.65945778117176,63.70427994817499],[22.659856156221135,63.70437527836162],[22.66021239713544,63.70450208393694],[22.660525253146005,63.70465419981961],[22.66079032491669,63.704827301466025],[22.660999863087852,63.70501864618921],[22.661147582841654,63.70522477942467],[22.66124845480048,63.705442250491565],[22.66131887468361,63.7056665512165],[22.661424905514234,63.70611992336108],[22.661486952066483,63.706341418122456],[22.661573173459075,63.70655401739315],[22.661698902318758,63.706752915491904],[22.661881919171602,63.70693236012424],[22.662106724160306,63.70707393125701],[22.662376215689854,63.70720327396448],[22.662721345995767,63.70734384520271],[22.66310196185731,63.7074727045254],[22.663519382706703,63.70758187860495],[22.663903624985867,63.70765333116684],[22.66430932033033,63.70770482245857],[22.664729590282157,63.70773639488296],[22.665158252578568,63.70774691982533],[22.66567996015534,63.70773012400017],[22.666196454782984,63.70768474092394],[22.666698084425846,63.70761397607397],[22.667173717142845,63.70751868362209],[22.667609862400475,63.70739743886513],[22.667940410897756,63.70727179469731],[22.668227801897064,63.70712823091626],[22.668467350055163,63.70696932523482],[22.66865155187846,63.706796657078776],[22.668793493198894,63.70657009738311],[22.66886056978467,63.70633036806468],[22.668869179421655,63.706082345689794],[22.668830079632663,63.705829949342316],[22.668749054318518,63.70557647359532],[22.668627370130892,63.70532489174396],[22.668461977934726,63.70507811627902],[22.668245513471135,63.704839247000244],[22.667980045285148,63.70461670129268],[22.667672278655395,63.70440217722322],[22.66733616993209,63.70419334406764],[22.666267836742776,63.70358207399657],[22.66592471947625,63.70337773842162],[22.66560574785205,63.70317019929843],[22.665324055662552,63.702957405632546],[22.665138083483956,63.702785038523366],[22.66498882128517,63.702608351468854],[22.66488172960283,63.70242758474327],[22.664818735801177,63.70222990124761],[22.664803069066668,63.7020290992451],[22.664827770259162,63.70182649636595],[22.664888195013543,63.70162330198944],[22.664981787188033,63.7014206670628],[22.665135932215417,63.701176636244114],[22.665320799275932,63.70093445567625],[22.66592050426417,63.70021344212963],[22.66609296373169,63.699973306058915],[22.66622897489666,63.69973248028163],[22.666311995922317,63.69949046179331],[22.666331301041485,63.69927731548224],[22.66631282153652,63.699063350331244],[22.666189347518614,63.69842173244767],[22.666177020115807,63.698209903512925],[22.66620700184016,63.69800031184545],[22.66629868190044,63.69778363127047],[22.666443812814848,63.69757015392463],[22.666630935241344,63.69735984173825],[22.666851598989837,63.69715296130544],[22.66709999143102,63.696950114944265],[22.667372669535606,63.69675229644522],[22.66766836532554,63.696560957116475],[22.667987892248302,63.69637810093654],[22.668334149301458,63.696206389839396],[22.66871218882584,63.69604928327592],[22.669119825503607,63.6959113315361],[22.66967048424438,63.695314607591314],[22.6703015187778,63.69455342932727],[22.670924592898018,63.69356366319019],[22.671590926741114,63.69341246714369],[22.67247861381316,63.69349627853955],[22.67341983044821,63.69379101285063],[22.673299573651192,63.69487390809757],[22.673091262487358,63.69537954737521],[22.672850272996236,63.696114419490506],[22.67297974296282,63.69667015232881],[22.673625137291925,63.69693695001303],[22.674629432316085,63.69710036983125],[22.675512175480474,63.69693663659426],[22.67613440933088,63.69623225710658],[22.676410744672157,63.69498466794229],[22.676574939051015,63.69419039635071],[22.67722671114657,63.69315792375735],[22.677509057181013,63.69295409605908],[22.67776403799883,63.69272362775879],[22.677978736911374,63.69248319988232],[22.678164246529583,63.69223556797839],[22.678328958811477,63.69198281119543],[22.678619386723128,63.69146766630149],[22.679009547150855,63.690683434621526],[22.680397219721424,63.68778369952071],[22.680762433419066,63.686989713825724],[22.680978806931073,63.68646335531386],[22.68107067232433,63.686203064875436],[22.68114570082188,63.68594637778683],[22.68119759710806,63.68569522742253],[22.681218153390596,63.6854523095669],[22.681196801980075,63.685221320674344],[22.681120154669138,63.685007255951966],[22.680984439500243,63.68481753909992],[22.680673244295434,63.68450258043496],[22.680583364585242,63.684380238421184],[22.680600190562018,63.68428688733304],[22.68075088369697,63.684228366116],[22.68101101019118,63.68419250759446],[22.681349452508414,63.684170922577884],[22.682610753118915,63.68413059335272],[22.68306986163728,63.68413118157908],[22.68332647003472,63.68414742134456],[22.683554617819173,63.68416186014331],[22.684037129393477,63.684222329646694],[22.68422502929167,63.68425631822551]],[[22.76924242285182,63.69521219583531],[22.769772483789,63.69434588666988],[22.77137876444937,63.69172030969772],[22.77265284822149,63.689468551937104]],[[22.658409904490284,63.62089414370582],[22.66826956505288,63.616249849904506],[22.6855915831221,63.61120296712651],[22.686833853073185,63.61152519559707],[22.703247004331573,63.61135070207518],[22.708696307427623,63.60531711578909],[22.708114879962988,63.60369160960642],[22.707727920107335,63.60130740650068],[22.706028097077038,63.59991043238348],[22.70427378857869,63.59570798189487],[22.708906406044903,63.591745615916636],[22.711728096025922,63.58961325991895],[22.719693410599984,63.584540080939774],[22.72107917150341,63.57326853360821],[22.720902731669607,63.5726001820556]],[[23.44509458715589,63.63754452958015],[23.42767115469396,63.61875953907741],[23.42639084465359,63.616578210899405],[23.425359674942104,63.61482110772459],[23.425347490105764,63.614736714610316],[23.42525001645945,63.61406153197619],[23.425589712524744,63.611401665481516],[23.45434747713112,63.58430128789748],[23.466954500330445,63.581853676019136],[23.480289514038056,63.58232379000223],[23.526508034985085,63.57891528013991],[23.555748783135552,63.573088655256186],[23.559100999571324,63.57255367309651],[23.559484745895862,63.572528874323794],[23.56673049226437,63.56886988167492],[23.57186038967915,63.56627856359199],[23.575347523513216,63.56324811551453],[23.575707478116705,63.562935260557865],[23.578843697881613,63.56020907009498],[23.587751886105817,63.555001739028576],[23.592517431448503,63.549141922033826],[23.597855855758162,63.54257456590535],[23.62512511700457,63.53900885142884],[23.634194575187035,63.54089260739612],[23.644857809221897,63.54559026332996],[23.660484732232447,63.53602884663943],[23.660480008089383,63.53500678791491],[23.66183238796535,63.525676195018455],[23.678055336860588,63.5156234648312],[23.679226321151273,63.50489108694029],[23.678432545074102,63.50417862782632],[23.67666334775565,63.495873935027326],[23.67004898003435,63.492174500433464],[23.661255547564227,63.48411027839776],[23.65774519713829,63.480889628243894],[23.655445733741917,63.478779498851836],[23.64921327486535,63.475697836254824],[23.649013233358602,63.47538128386724],[23.645158217864235,63.47163797387297]],[[23.645158217864235,63.47163797387297],[23.63796609757117,63.46914778436121],[23.62008495769466,63.46203214839279],[23.558649513467188,63.46029947390548]],[[23.558649513467188,63.46029947390548],[23.529274325670922,63.46929832642789],[23.491661774928062,63.47436525999323],[23.462445946371304,63.4750068985487],[23.429199533023557,63.48500966914148]],[[23.26870469767718,63.56689013612415],[23.216096423034706,63.58381952862454]],[[23.645158217864235,63.47163797387297],[23.652783492980504,63.44040022873943],[23.658002035040234,63.43113517928083],[23.660762308939702,63.42993888212694],[23.662021422834517,63.428911659799965],[23.663232137952892,63.42813085998602],[23.666807139176413,63.427622618600935],[23.66719684988478,63.42736194978818],[23.66752683341518,63.42714122778418],[23.667506645371798,63.42704474093786],[23.667397496787842,63.42652305778544],[23.669796982387975,63.424010161976724],[23.682289444469898,63.41324970106687],[23.690045803988326,63.40594960448986],[23.688698190712206,63.4050041191296],[23.67907036275954,63.398247077191876],[23.604087379495052,63.405048517069986],[23.587677942911476,63.419494752360485],[23.565782883130613,63.43560016227461],[23.563573549265012,63.43777335929203],[23.559668687271063,63.45302345143908],[23.559666004648392,63.45349091019088],[23.560346673061556,63.454708130574325],[23.55853185637024,63.45997819726377],[23.558649513467188,63.46029947390548]],[[22.959467788088787,63.57215617468454],[22.93912115512786,63.57366842682342],[22.929304221375805,63.57543186572986],[22.902799570874052,63.589023598899544],[22.89609954958534,63.59561795301299],[22.89228832492039,63.596691802109554],[22.887353276873313,63.597436266683864],[22.87690227313673,63.59479534498679],[22.860708010551996,63.593965981301835],[22.846323941892855,63.59503410224339],[22.8444800383842,63.5954073250986],[22.840768946122562,63.59607434706295],[22.837941850332903,63.59634625774611]],[[22.837941850332903,63.59634625774611],[22.836341421615195,63.59740114425975],[22.835745183799254,63.5985302720436],[22.832068525997286,63.603157862547185],[22.831941178900284,63.60334686092365],[22.832940426829758,63.60454393567803],[22.832946053974783,63.60454929744233],[22.832617722727207,63.61035963959958],[22.831064925042327,63.610857709980046],[22.831256792672004,63.614789078484584],[22.831235881308082,63.61483466222632],[22.829546512224173,63.6169578616341],[22.830312324274452,63.61827244922673],[22.82972796394574,63.61847478663297],[22.829720466352047,63.618478023169956],[22.826187358938416,63.62044397341234],[22.824769877221552,63.621108203267916],[22.824281596158137,63.62489855386336],[22.82483478528389,63.62499603017627],[22.830046044118056,63.62636812474737]],[[22.830046044118056,63.62636812474737],[22.8309666416614,63.62630615739286],[22.831636988392052,63.62624888755532],[22.83522693439774,63.625872447543294],[22.841229416107346,63.62508660777612],[22.842558319785837,63.62495781841101],[22.8489503019563,63.623160346880226],[22.85069089744544,63.62335013013708],[22.850887762141014,63.62336407455948],[22.851598134505515,63.623407504354205],[22.8528703949147,63.62628977681356],[22.854952227589784,63.62911554859254],[22.851384118965388,63.631418934381884],[22.852044666310043,63.63484371759759],[22.852585474544494,63.63484529547391],[22.853697952115315,63.6347010877688],[22.85489879003144,63.63446307821945],[22.857630952923667,63.62999018887472],[22.858226975091835,63.630120666132605],[22.86171819042745,63.629685035491235],[22.86651593204163,63.62821729895294],[22.86794326353408,63.62724169231287],[22.87211578356001,63.62861764468354],[22.873541597605456,63.628717506615445],[22.876666142106906,63.62988616619956],[22.876852546841167,63.63001347173179],[22.880132275172528,63.63114760370289],[22.88209136898795,63.632102131168494],[22.888822194224012,63.63229507095746],[22.892667299124284,63.634539428287525],[22.88955107516062,63.640352433117954],[22.889655499172033,63.6404204318724],[22.900086715278672,63.64559287579362],[22.91137095851808,63.64185626976036],[22.938588780822208,63.64238404729697],[22.942381064828734,63.64313690149384]],[[22.942381064828734,63.64313690149384],[22.944247480705855,63.63661571719194],[22.951826310113574,63.63155183828863],[22.946039869419078,63.62924901506201],[22.94602681963571,63.62922510122908],[22.946788238747853,63.62778300005479],[22.94555971813021,63.6270981848137],[22.944118438799975,63.62688856882856],[22.943983907609102,63.626717984340935],[22.942368428691733,63.62567128045871],[22.941996466734487,63.62560989964132],[22.93932884566196,63.62552077577083],[22.933937782774507,63.6226023458452],[22.93346374984856,63.62191966902388],[22.93287509547879,63.617527288389546],[22.942416231983618,63.614225598065254],[22.947055460055452,63.61246197308169],[22.94738787344373,63.61233849742903],[22.951975251517226,63.60866159852875],[22.951826984780244,63.607668542969556],[22.951873240648638,63.604726715105414],[22.96179551660666,63.59854204712152]],[[22.96179551660666,63.59854204712152],[22.96688232447509,63.59450377232322],[22.96653331248294,63.593251111690996],[22.959467788088787,63.57215617468454]],[[23.03936907515837,63.66151849427983],[23.07871715763945,63.64130441656291],[23.09060507783835,63.630515835264674],[23.090408409547123,63.62866493504838],[23.09023604308345,63.62766844683062],[23.101247271933588,63.618485672621084]],[[23.101247271933588,63.618485672621084],[23.05718598818972,63.62328077122776],[23.043493206658663,63.6130301404324],[23.03672613041335,63.60555153819968],[23.03045130304914,63.60668201621102],[23.030420956687706,63.60777787602149],[23.027219633809434,63.60686186612901],[23.026764012751368,63.60709162084656],[23.025790177028867,63.60825297165735],[23.025528878392716,63.60862030617076],[23.025330743639824,63.6090288430527],[23.02406452513824,63.610889094301925],[23.02126544612358,63.61095341396489],[23.021213155141123,63.61096699934711],[23.02003112664947,63.61174047431046],[23.019635290152696,63.611800491999446],[23.019135330827545,63.612126038550116],[23.013942791788352,63.61050624066569],[23.005472589748443,63.61058525953989],[23.003589376671858,63.60918262607046],[22.999678698912522,63.608590987686036],[22.994390404697995,63.6094955962036],[22.993825719631747,63.61010214684475],[22.988526369976803,63.6111481475349],[22.984690879629312,63.608258041344115],[22.96179551660666,63.59854204712152]],[[22.942381064828734,63.64313690149384],[22.947819524548645,63.6464242525774],[22.953782716383348,63.65206713143831]],[[23.101247271933588,63.618485672621084],[23.1487339823239,63.60383439427227],[23.170216879032953,63.59690798734718]],[[23.153935579417677,63.49719765186791],[23.1531167554006,63.49506084268588],[23.14121808763329,63.482965389112316],[23.11788461201001,63.47142912801117],[23.112045727695186,63.46979097256278],[23.10510074243343,63.471603612312826],[23.09735377843159,63.47376923537069]],[[23.09735377843159,63.47376923537069],[23.112120765967507,63.48614224493928],[23.115967554722847,63.50550572351621],[23.09444762888166,63.524998238037966],[23.06552006720259,63.52606141699589],[23.055954368831134,63.526375862340096],[23.051506971742008,63.52756128183194],[23.030933727489675,63.5345713663818],[23.03205510147817,63.535643883655304],[23.033688067019707,63.53936100294526],[23.053889390413378,63.55205013310407],[23.067186635434574,63.54987471913854],[23.104922411651412,63.5530235781805],[23.10473836233863,63.55562545995445],[23.102564473228426,63.55729879567017],[23.080358172909733,63.56898255361535],[23.075767100928264,63.56995467117286],[23.06808879453339,63.5702319693426],[23.065457507102344,63.57026619819004],[23.03212069131554,63.56906534313917],[23.03100406095883,63.56926493995887],[23.025582156523296,63.569405539568244],[22.986631407940347,63.565978329783476],[22.975733373326268,63.567569169470836],[22.967227346272935,63.56874661612272],[22.96542024553404,63.56894774010805]],[[22.96542024553404,63.56894774010805],[22.959467788088787,63.57215617468454]],[[22.830046044118056,63.62636812474737],[22.83079856421413,63.628638039112715],[22.82875260219371,63.630491346067664],[22.826819368379535,63.63104293821164],[22.826265059045856,63.63116234735387],[22.82346827251827,63.633306663260015],[22.823976226365904,63.63397684783483],[22.824213635186535,63.634470612061264],[22.824854157210602,63.63504665495565],[22.820244400438547,63.63647522033078],[22.81824664268967,63.637376764086675],[22.82191884049846,63.64760721619542],[22.816801547568847,63.65055417805451],[22.81093785323988,63.65392998992631]],[[22.837941850332903,63.59634625774611],[22.82942145974038,63.591132953064175],[22.828344057353604,63.590983318100726],[22.824095622221634,63.59074315822782],[22.822256324609988,63.589915428137665],[22.82003902708867,63.58746012393948],[22.81815520095794,63.582078301788826],[22.814828284116157,63.58056800920032],[22.811200643336207,63.57928931295911],[22.805696454178715,63.57933309206305],[22.795299973546907,63.57492391669536],[22.779460373796013,63.573058404059786],[22.754859575156164,63.563639564538946]],[[22.96542024553404,63.56894774010805],[22.956636682109423,63.560374151151095],[22.95248868623128,63.55746822964738],[22.930890680881397,63.55144594480653],[22.921259203582487,63.55031669894476],[22.91520499831871,63.55031024411169],[22.909151550005568,63.55052846489923],[22.908030771185743,63.5506672856327],[22.902993652714887,63.5528580156105],[22.90103887787961,63.554162882161826],[22.896073419789822,63.55463597200964],[22.887754547674362,63.55110893111448],[22.885610791253185,63.54969719176778],[22.88277932501495,63.548834973716545],[22.88142761430955,63.54170922244035],[22.881725596334853,63.54149060236666],[22.881760697366868,63.54139739318953],[22.882324663599086,63.53701702231808],[22.86839147195391,63.5170443901128],[22.841906390619798,63.506569037389625],[22.820904043387134,63.49825333986369]],[[23.09735377843159,63.47376923537069],[23.08196828831708,63.47534745504077],[23.067891105020124,63.478024094201366],[23.06296538541594,63.47935458969439],[23.056878609661737,63.48152785656002],[23.050144470379713,63.48415362480197],[23.045702072001568,63.48658496944617],[23.04075049082011,63.491216242191776],[23.040259197094766,63.49128486287276],[23.020027979558634,63.50099075485504],[23.016488918306436,63.5024151083257],[23.015819689557496,63.50262088724943],[23.01147716496088,63.5030364003081],[23.00845440160595,63.50385366312002],[23.00655578605928,63.504668808054184],[23.003542367464515,63.50561238105436],[23.003184580275185,63.50567561890362],[22.998292104041692,63.50402244340335],[22.989106311283393,63.5002968719476],[22.97784342932047,63.49504786390642],[22.977783674265204,63.494983440219215],[22.96548091051113,63.48974527492593],[22.948296145893206,63.48646306109396],[22.937438514980713,63.482789397780145]],[[23.227326486310872,63.45254503184431],[23.198067377381317,63.428462514740396],[23.19584541605931,63.427391068796375]],[[23.19584541605931,63.427391068796375],[23.18840665165939,63.427484352012634],[23.173520633286408,63.42755701490052],[23.17209092538737,63.42743662248592],[23.12936066846965,63.426980164869946],[23.088508902793173,63.42511532621375],[23.08108009485186,63.4241045819026],[23.071688642651576,63.42219314092813],[23.043693456103064,63.4171976085527],[23.006846594533744,63.416642361524914],[22.994425418474687,63.41664830848976],[22.990222185012083,63.416353315977595],[22.97164945351509,63.418047947865254],[22.969465481533803,63.418266217191935],[22.962396341005153,63.42216176548971],[22.95816581116634,63.424121399002665],[22.94059461525247,63.42987244874482],[22.94058298815891,63.42987621415165],[22.93486721815334,63.43535573923498]],[[23.19584541605931,63.427391068796375],[23.197979152311134,63.420533394620406],[23.20292676033367,63.41272759272542],[23.20783583122948,63.40852469066836],[23.206721298550622,63.40782266911116],[23.195981359384135,63.40038874980538],[23.16406959698984,63.37850074819786],[23.065789118092535,63.36364927706413],[23.061112381228153,63.365767035962755],[23.06092357883629,63.365790035733326],[23.05068507191798,63.367036830080536],[23.041379970097974,63.36718813195324],[23.037650526572033,63.3636892790895],[23.036582650830113,63.36047180302401],[23.036572341242614,63.36044073440057],[23.02906433664293,63.35730553481326],[23.025168769744084,63.347384019692306],[23.024093998505,63.34617849299664],[23.020454239117512,63.34426721813111],[22.979329161403808,63.34270625891942]]],"bbox":[22.07871148611022,63.304759422573554,23.79297555780071,63.92935900794129]}
