{"type":"Topology","objects":{"neighborhoods":{"type":"GeometryCollection","geometries":[{"type":"MultiPolygon","arcs":[[[0,1,2,3,4]]],"properties":{"i":0}},{"type":"MultiPolygon","arcs":[[[5,6,-2,7]]],"properties":{"i":1}},{"type":"MultiPolygon","arcs":[[[8,9,-3,-7,10,11,12]]],"properties":{"i":2}},{"type":"MultiPolygon","arcs":[[[-11,-6,13]]],"properties":{"i":3}},{"type":"MultiPolygon","arcs":[[[14,15,-13,16]]],"properties":{"i":4}},{"type":"MultiPolygon","arcs":[[[17,18,-15,19]]],"properties":{"i":5}},{"type":"MultiPolygon","arcs":[[[20,21,22,23,24,25,26,27,28,29,30]]],"properties":{"i":6}},{"type":"MultiPolygon","arcs":[[[31,32,-28]]],"properties":{"i":7}},{"type":"MultiPolygon","arcs":[[[-27,33,34,35,36,37,-32]]],"properties":{"i":8}},{"type":"MultiPolygon","arcs":[[[-38,38,39,-29,-33]]],"properties":{"i":9}},{"type":"MultiPolygon","arcs":[[[40,-34,-26]]],"properties":{"i":10}},{"type":"MultiPolygon","arcs":[[[41,-21,42,43,44]]],"properties":{"i":11}},{"type":"MultiPolygon","arcs":[[[45,46,-45,47,48]]],"properties":{"i":12}},{"type":"MultiPolygon","arcs":[[[49,-22,-42,-47]]],"properties":{"i":13}},{"type":"MultiPolygon","arcs":[[[-30,-40,50,51,52,53]]],"properties":{"i":14}},{"type":"MultiPolygon","arcs":[[[54,55,-48,-44,56,57,58,59,60]]],"properties":{"i":15}},{"type":"MultiPolygon","arcs":[[[-49,-56,61,62,63]]],"properties":{"i":16}},{"type":"MultiPolygon","arcs":[[[64,-35,-41,65]]],"properties":{"i":17}},{"type":"MultiPolygon","arcs":[[[-66,-25,66]]],"properties":{"i":18}},{"type":"MultiPolygon","arcs":[[[67,68,69,-52,70,71]]],"properties":{"i":19}},{"type":"MultiPolygon","arcs":[[[-37,72,73,-71,-51,-39]]],"properties":{"i":20}},{"type":"MultiPolygon","arcs":[[[-74,74,75,76,77,78,79,-72]]],"properties":{"i":21}},{"type":"MultiPolygon","arcs":[[[80,81,82,-75,-73,-36,-65,-67,-24]]],"properties":{"i":22}},{"type":"MultiPolygon","arcs":[[[83,84,85]]],"properties":{"i":23}},{"type":"MultiPolygon","arcs":[[[-46,-64,86,87,88,89,-81,-23,-50]]],"properties":{"i":24}},{"type":"MultiPolygon","arcs":[[[90,-57,-43,-31,-54,91,92,93,94,95]]],"properties":{"i":25}},{"type":"MultiPolygon","arcs":[[[96,-69,97,98,99]]],"properties":{"i":26}},{"type":"MultiPolygon","arcs":[[[100,-92,-53,-70,-97,101]]],"properties":{"i":27}},{"type":"MultiPolygon","arcs":[[[102,103,104,105,-99,106,107,108,109,110,111,-86,112,113]]],"properties":{"i":28}},{"type":"MultiPolygon","arcs":[[[114,-103,115]]],"properties":{"i":29}},{"type":"MultiPolygon","arcs":[[[116,117,118,-104,-115,119]]],"properties":{"i":30}},{"type":"MultiPolygon","arcs":[[[-109,120,121,122]]],"properties":{"i":31}},{"type":"MultiPolygon","arcs":[[[123,-111]]],"properties":{"i":32}},{"type":"MultiPolygon","arcs":[[[124,-84,-112,-124,-110,-123,125]]],"properties":{"i":33}},{"type":"MultiPolygon","arcs":[[[-85,-125,126,-113]]],"properties":{"i":34}},{"type":"MultiPolygon","arcs":[[[-106,127,128,129,-102,-100]]],"properties":{"i":35}},{"type":"MultiPolygon","arcs":[[[130,-128,-105,-119]]],"properties":{"i":36}},{"type":"MultiPolygon","arcs":[[[-130,131,-93,-101]]],"properties":{"i":37}},{"type":"MultiPolygon","arcs":[[[-129,-131,-118,132,133,-94,-132]]],"properties":{"i":38}},{"type":"MultiPolygon","arcs":[[[-91,134,-58]]],"properties":{"i":39}},{"type":"MultiPolygon","arcs":[[[-59,-135,-96,135,136,137,138]]],"properties":{"i":40}},{"type":"MultiPolygon","arcs":[[[-95,-134,139,140,141,-138,142,-136]]],"properties":{"i":41}},{"type":"MultiPolygon","arcs":[[[-143,-137]]],"properties":{"i":42}},{"type":"MultiPolygon","arcs":[[[-133,-117,143,144,-140]]],"properties":{"i":43}},{"type":"MultiPolygon","arcs":[[[145,-62,-55,146,147]]],"properties":{"i":44}},{"type":"MultiPolygon","arcs":[[[-61,148,149,-147]]],"properties":{"i":45}},{"type":"MultiPolygon","arcs":[[[150,151,152]]],"properties":{"i":46}},{"type":"MultiPolygon","arcs":[[[153,-153,154,155,156,-148,-150,157]]],"properties":{"i":47}},{"type":"MultiPolygon","arcs":[[[-146,-157,158,-87,-63]]],"properties":{"i":48}},{"type":"MultiPolygon","arcs":[[[159,160,161]]],"properties":{"i":49}},{"type":"MultiPolygon","arcs":[[[162,163,164,165]]],"properties":{"i":50}},{"type":"MultiPolygon","arcs":[[[166,167,168,169,-151,-154,170,-164]]],"properties":{"i":51}},{"type":"MultiPolygon","arcs":[[[-166,171]]],"properties":{"i":52}},{"type":"MultiPolygon","arcs":[[[172,-169,173,174,175,176,177,-77,178,179]]],"properties":{"i":53}},{"type":"MultiPolygon","arcs":[[[-76,-83,180,-89,181,-179]]],"properties":{"i":54}},{"type":"MultiPolygon","arcs":[[[-82,-90,-181]]],"properties":{"i":55}},{"type":"MultiPolygon","arcs":[[[-156,182,-180,-182,-88,-159]]],"properties":{"i":56}},{"type":"MultiPolygon","arcs":[[[-155,-152,-170,-173,-183]]],"properties":{"i":57}},{"type":"MultiPolygon","arcs":[[[-168,183,184,-174]]],"properties":{"i":58}},{"type":"MultiPolygon","arcs":[[[185,186,187,188,189,190,-78,-178]]],"properties":{"i":59}},{"type":"MultiPolygon","arcs":[[[191,-79,-191]]],"properties":{"i":60}},{"type":"MultiPolygon","arcs":[[[-68,-80,-192,-190,192,-20,-17,-12,193,-160,194,-107,-98]]],"properties":{"i":61}},{"type":"MultiPolygon","arcs":[[[-195,-162,195,-121,-108]]],"properties":{"i":62}},{"type":"MultiPolygon","arcs":[[[-186,-177,196,197,198,199,200,201,202,203,204,-188,205]]],"properties":{"i":63}},{"type":"MultiPolygon","arcs":[[[206,-9,-16,-19,207,-204]]],"properties":{"i":64}},{"type":"MultiPolygon","arcs":[[[208,-4,-10,-207,-203,209,210]]],"properties":{"i":65}},{"type":"MultiPolygon","arcs":[[[-189,-205,-208,-18,-193]]],"properties":{"i":66}},{"type":"MultiPolygon","arcs":[[[-187,-206]]],"properties":{"i":67}},{"type":"MultiPolygon","arcs":[[[-197,-176,211]]],"properties":{"i":68}},{"type":"MultiPolygon","arcs":[[[212,213,-198,-212,-175,-185]]],"properties":{"i":69}},{"type":"MultiPolygon","arcs":[[[214,215,-199,-214]]],"properties":{"i":70}},{"type":"MultiPolygon","arcs":[[[-216,216,-200]]],"properties":{"i":71}},{"type":"MultiPolygon","arcs":[[[217,-210,-202,218]]],"properties":{"i":72}},{"type":"MultiPolygon","arcs":[[[219,-211,-218,220]]],"properties":{"i":73}},{"type":"MultiPolygon","arcs":[[[-5,-209,-220,221]]],"properties":{"i":74}},{"type":"MultiPolygon","arcs":[[[-141,-145,222]]],"properties":{"i":75}}]}},"arcs":[[[5316,18572],[-1343,723],[-1061,373],[-416,489],[-263,265],[219,301],[268,502],[533,446],[303,830],[-137,-30],[-149,-32],[83,536],[444,-76],[140,348],[55,585],[-73,1107],[8,1106],[-238,297],[596,499]],[[4285,26841],[136,531],[181,528],[360,35],[688,162],[293,55],[1155,203]],[[7098,28355],[320,-1321],[1395,-68],[214,-171],[-10,-427],[1143,-36],[633,-580]],[[10793,25752],[284,-893],[125,-828],[109,-863],[-68,-624],[173,-1379]],[[11416,21165],[-1195,-334],[-654,-384],[-478,-244],[-383,-49],[-935,-202],[-410,-28],[-429,-332],[-475,181],[-411,-315],[-144,-186],[-586,-700]],[[3899,37325],[927,-661],[623,-430],[653,-573]],[[6102,35661],[618,-744],[120,-664],[109,-615],[241,-687],[-351,-723],[-197,-835],[38,-564],[27,-655],[60,-233],[313,-568],[231,-495],[-213,-523]],[[4285,26841],[-412,166],[-210,37],[-104,-13],[-433,-71],[-227,-112],[-437,-249],[-992,-743],[-103,88],[408,1915],[604,784],[-192,1135],[-93,486],[-454,1951],[16,252],[23,347],[12,188],[16,257],[-7,23],[199,387],[91,50],[322,36],[48,29],[0,23],[73,710],[74,494],[3,-1],[566,-86],[452,483],[25,425],[346,1493]],[[13642,29186],[164,-1934]],[[13806,27252],[-40,-40],[-169,-488],[-27,-210],[-4,-13],[-578,94],[-285,63],[-192,12],[-113,-6],[-82,-45],[-1523,-867]],[[6102,35661],[517,397],[178,436],[214,526],[273,703],[660,-2],[937,333],[558,1194],[1117,-486],[-445,2448],[22,504],[851,1193],[382,187]],[[11366,43094],[547,-878]],[[11913,42216],[-477,-517],[216,-2154],[-325,-735],[-643,-1268],[-37,-378],[301,-455],[215,-180],[211,-630],[623,-278],[189,-274],[-70,-162],[-85,-794],[60,-151],[86,-443],[-49,-417],[155,31],[235,317],[165,-200],[107,38],[165,193],[101,25],[99,-75],[1,-2],[13,-390],[122,-45],[174,-266],[-302,-333],[-414,-534],[-153,-505],[-8,-228],[170,-1013],[35,-223],[137,-333],[712,-651]],[[3899,37325],[-453,1569],[-25,289],[-80,877],[-89,1058],[101,590],[484,364],[186,121],[334,218],[177,521],[625,883],[321,491],[41,98],[1,3],[8,19],[-7,57],[62,175],[74,331],[-31,289],[342,122],[146,492],[1422,555],[246,192],[263,-993],[647,-587],[480,85],[2192,-2050]],[[15694,38173],[-112,-164],[-11,-305],[-632,49],[-156,-572],[807,-202],[-452,-720],[-15,-23],[-133,-271],[-126,-1090],[76,-739],[138,-336],[-373,-405],[-29,-518],[75,-489],[74,-532],[-7,-503],[14,-842],[-17,-351],[169,-261]],[[14984,29899],[-498,-401],[-337,-198],[-507,-114]],[[11913,42216],[381,-557],[6,-14],[17,-28],[157,-258],[400,-864],[896,-1499],[172,-159],[320,-296],[71,-487],[458,58],[147,19],[219,12],[377,21],[160,9]],[[16321,37835],[490,-932],[400,-981],[77,-227],[289,-461],[34,-409],[27,-468],[146,-487],[-437,-433],[-73,-16],[-175,59],[-59,19],[-66,-30],[-4,-2],[-294,-596],[430,-575],[58,-86],[213,-316],[120,-754],[76,-219],[128,-99],[186,-104],[155,-230],[14,-36]],[[18056,30452],[-818,-141],[-364,-225],[-1156,-69],[-734,-118]],[[15694,38173],[627,-338]],[[44458,50779],[48,-195],[-178,-545],[-15,-61],[-3,-63],[-20,-83],[-29,-78],[1,-148],[-27,-145],[-16,-62],[24,-184],[103,-244],[120,-200]],[[44466,48771],[-101,-147],[36,-241],[32,-124],[286,-397]],[[44719,47862],[152,-652],[-70,-176],[-5,-25]],[[44796,47009],[-162,-73],[-311,25]],[[44323,46961],[-261,86],[-125,-94]],[[43937,46953],[3,431],[-87,228],[-242,-167],[-99,-17],[-61,281],[-280,69]],[[43171,47778],[-135,363],[-22,233],[-31,84],[104,46],[-22,52],[-35,68],[-15,39],[30,15],[-5,14],[-11,32],[1,2],[-1,8],[-8,17],[-7,7],[17,34],[-50,74],[-92,-53],[8,177],[-99,77],[-50,96]],[[42748,49163],[-29,311],[-63,356],[-292,274],[-55,53],[-92,128],[-260,297]],[[41957,50582],[-147,233]],[[41810,50815],[382,478],[233,31],[482,-378],[156,18],[170,461]],[[43233,51425],[128,-279],[140,-114],[58,-68],[141,-145],[5,-1],[97,-77],[57,-73],[149,-38],[183,-11],[112,33],[155,127]],[[42748,49163],[-169,1],[-183,40],[-2,-1],[-73,12],[-18,3],[-109,11],[-50,-8],[-3,1],[-20,2],[-20,6],[-11,4],[-13,-13],[-12,-18],[-10,-6],[-18,-17],[-15,-9],[1,-52],[9,-31],[5,-82],[2,-51],[-47,-2],[2,-46],[50,0],[6,-50],[-50,-31],[-29,6],[-21,11],[-2,2],[-10,13],[-17,16],[-15,1],[-25,-3],[-103,-3],[-140,-28]],[[41638,48841],[48,111],[13,53],[8,85],[-24,302],[-52,58],[-2,257],[125,350],[0,25],[24,166],[162,193],[17,141]],[[43171,47778],[32,-133],[0,-1],[-1,-71],[-10,-53],[-4,-14],[-15,-44],[-7,-16],[-6,-13],[-2,-4],[-70,-101],[-88,-134],[-115,-190],[18,-228],[170,-152],[265,-70]],[[43338,46554],[-699,-267],[-806,-467],[-102,-537]],[[41731,45283],[-307,-142],[-319,143],[3,4]],[[41108,45288],[176,568],[-91,445],[2,3],[-28,232],[33,61],[11,15],[164,24],[310,262],[82,190],[5,44],[5,218],[-2,23],[-9,206],[14,218],[27,35],[141,136],[-135,282],[-205,101],[12,45],[0,216],[-46,145]],[[41574,48757],[10,6],[29,51],[25,27]],[[41574,48757],[-315,-9],[-20,-10],[-34,-15],[-53,-15],[-32,0],[-690,325],[-75,27],[-136,87],[-120,329],[-11,244],[-536,-43],[-133,-6],[-272,27],[-466,166],[-746,357]],[[37935,50221],[119,284],[885,210],[292,-242],[257,-201],[1204,-151],[116,95],[154,248],[-7,564],[106,326],[519,-287],[168,-154],[62,-98]],[[43937,46953],[-104,12],[-102,192],[-203,-289],[-190,-314]],[[46031,50417],[-289,-168],[-1,2],[-74,-31],[-16,-5],[-35,-7],[-44,-46],[-159,-140],[-12,-7],[-10,-8],[-12,-12],[-14,-18],[-13,-20],[-11,-22],[-3,-7],[-4,-6],[-9,-9],[-2,-1],[-12,-6],[-68,-60],[-6,-3],[-7,-7],[-12,-12],[-7,-8],[-29,-53],[-2,-10],[3,-17],[-6,-53],[-20,-102],[-1,-1],[-36,-87],[-62,-43],[-118,-143],[-141,-141],[-73,-7],[-88,-5],[92,-192],[-110,-63],[-154,-128]],[[44458,50779],[-42,175],[-43,103],[-65,197],[-45,125],[2,215],[-13,411],[253,858],[205,192],[-16,149],[37,350],[28,261],[208,295]],[[44967,54110],[385,-443],[529,-969],[459,-796]],[[46340,51902],[-342,-378],[74,-611],[-41,-496]],[[48161,47617],[-103,29],[-149,14],[-115,-24],[-876,165],[-201,19]],[[46717,47820],[-18,319],[121,161],[150,71],[8,24],[41,166],[21,73],[-117,131],[-9,10],[-25,20],[-72,-31],[-171,-44],[-78,370],[-28,242],[-342,921],[-167,164]],[[46340,51902],[459,239],[708,182]],[[47507,52323],[150,-353],[327,-1124],[300,-349],[31,-18],[52,-59],[92,-76],[9,-14],[41,-126],[-1,-3],[21,-322],[8,-917],[16,-688],[-392,-657]],[[46717,47820],[-168,-472],[-426,-87],[-291,241],[-176,272],[101,471],[-49,277],[-83,87],[-115,14],[-19,-23],[-30,-26],[-22,-26],[-48,-99],[-106,-174],[-15,-23],[-19,-38],[-66,-44],[-10,-14],[-452,-292],[-4,-2]],[[37935,50221],[-4,2],[-391,1787],[-126,365],[-447,683],[-38,59],[-175,154],[-210,35],[-692,-88]],[[35852,53218],[-148,151],[-714,514],[-356,188],[-127,189],[-102,676],[-209,725],[-91,1121],[53,1020]],[[34158,57802],[473,242],[505,499],[167,554],[98,270],[1025,565],[1292,741],[324,-297]],[[38042,60376],[571,-1467],[1478,-1601],[1120,-1898],[233,-299],[1056,-936],[52,-382],[98,-656],[-58,-521],[184,-459],[-3,-270],[6,-122],[110,-212],[344,-128]],[[52013,57226],[-228,196],[-185,630],[-310,-47],[-181,-542],[-265,-161],[-177,71],[-539,-140],[-1275,-702],[-156,-1462],[-464,-1255]],[[48233,53814],[-489,-877],[-237,-614]],[[44967,54110],[175,250]],[[45142,54360],[38,4],[619,426],[104,1854],[1021,1559],[745,354],[400,252],[-72,247],[313,1175],[377,727],[-332,1295],[-338,804]],[[48017,63057],[759,173],[2370,846],[577,206]],[[51723,64282],[429,-1689],[199,-787],[256,-627],[158,-230],[178,-259],[197,-287]],[[53140,60403],[-802,-488],[-424,-1321],[99,-1368]],[[48233,53814],[900,-768],[257,-492],[-96,-455],[98,-901],[541,-6],[186,-206],[-418,-347],[477,-289],[53,-778],[635,-986],[1009,-367],[372,-286],[327,-307],[-12,-532],[-127,-670]],[[52435,46424],[-2082,-133],[-513,526],[-259,314],[-135,41],[-540,-941]],[[48906,46231],[-17,-321],[-71,-207],[-10,-270],[-171,-143],[-89,315],[-40,546],[59,378],[-55,455],[-271,562],[-80,71]],[[43708,45503],[-78,-1794],[-182,-114],[-541,-88],[-379,210],[-7,93],[9,156],[35,156],[244,51],[-6,393],[-297,235],[-246,46],[-308,-5],[-221,441]],[[43937,46953],[-25,-413],[-83,-200],[-38,-195],[-63,-70],[-87,-342],[67,-230]],[[44323,46961],[-7,-536],[-79,-457],[-18,-112],[-43,-189],[-468,-164]],[[29903,49463],[-224,202],[-177,159],[-364,587],[-375,452],[-122,327],[-17,88],[-5,32],[-153,457],[132,736],[-187,519],[-249,143],[-209,119],[-159,152],[-6,29],[-200,305],[10,571],[-2,23],[-49,615],[-15,195],[-52,195],[-125,615],[59,441],[52,387],[88,383],[3,11]],[[27557,57206],[406,-242],[657,-9],[2338,924],[450,603],[615,1832]],[[32023,60314],[1887,-1244],[103,-1005],[145,-263]],[[35852,53218],[-517,-1947],[-333,-336],[-205,-236]],[[34797,50699],[-418,-115],[-561,-155],[-462,-556],[-182,-11],[-499,641],[-178,712],[-20,53],[-122,98],[-259,-42],[12,-474],[-737,2],[-463,-89],[-207,-183],[-20,-349],[-328,-267],[-11,-9],[-370,-414],[-69,-78]],[[41108,45288],[-731,-40],[-447,-398],[105,-834],[-956,-1760],[-1131,-1195]],[[37948,41061],[-560,751],[-154,206],[-169,236],[-23,230],[-176,1293],[173,696],[-498,740],[11,400],[13,270],[180,139],[1,1],[116,141],[-9,139],[21,312],[205,790],[78,178],[-26,398],[-49,89],[-429,339],[-473,-15],[-91,147],[-307,686],[-428,956],[-260,301],[-297,215]],[[37948,41061],[39,-428],[212,-842],[328,-106],[333,-300],[321,-342]],[[39181,39043],[-279,-48],[-165,-175],[97,-982],[195,-474],[316,-558],[404,-497]],[[39749,36309],[-426,-593],[-443,-87],[-674,92],[-537,-6],[-609,-25]],[[37060,35690],[-138,7],[-329,657],[-89,316],[-385,434],[-297,333],[-933,759],[330,658],[172,526],[76,514],[-72,278],[-130,499],[-186,486],[-1084,546],[-425,-117],[-2,-4],[-373,-369],[-356,-149],[-594,205],[-514,1600],[-413,280]],[[31318,43149],[582,2160],[98,105],[-32,286],[-25,218],[-97,200],[-84,695],[-20,180],[-194,120],[-439,273],[-60,38],[-159,102],[-191,139],[-223,193],[-82,95],[-185,214],[-316,231],[-596,100]],[[29295,48498],[305,116],[393,105],[179,190],[161,246],[212,19],[69,28],[14,130],[-175,-14],[-265,-86],[-144,76],[-99,109],[-42,46]],[[44796,47009],[-454,-2298],[459,-539],[-154,-2268],[292,-403],[-306,-604]],[[44633,40897],[-397,-742],[-1049,-17]],[[43187,40138],[-415,514],[-766,554],[-908,-8],[-328,-229],[-428,-624],[-143,-463],[-530,-560],[-432,-279],[-56,0]],[[11069,84535],[-464,19],[-264,602]],[[10341,85156],[404,1450],[366,484]],[[11111,87090],[630,480],[1386,-237],[-742,-1216],[452,-1167],[174,-85],[217,-675],[-127,-1203],[162,-901],[-251,-21],[-430,45],[31,807],[-972,574],[-727,-36],[155,1080]],[[48906,46231],[264,-265],[1,-9],[162,-127],[192,-164],[195,-263],[-11,-759],[-72,-212],[-446,-54],[-292,-108],[-12,-397],[59,-168],[-92,-410],[-537,140],[-50,-279],[58,-359],[326,-230],[19,-878],[-362,-863],[-354,-390],[234,-776],[327,-207]],[[48515,39453],[-762,-157],[-672,-99],[-544,-440],[-98,-371],[-348,-150],[-694,-263]],[[45397,37973],[6,16],[1,4],[-116,440]],[[45288,38433],[51,630],[82,309],[-133,316],[-440,85],[-13,-1],[-169,103],[-31,67],[-31,221],[555,210],[-229,544],[-297,-20]],[[41701,65930],[600,-1006],[173,-1018],[192,-931],[-41,-704],[-71,-1050],[-41,-1235],[-414,-724],[383,-1133],[600,-1288],[83,-446],[627,-201],[200,-311],[899,-1160],[251,-363]],[[38042,60376],[26,384],[-102,1945],[-415,771],[-115,742],[-68,311],[-230,360],[-286,493],[-499,1083],[29,544],[-61,272],[-146,209],[-393,71],[-80,-11]],[[35702,67550],[-38,112],[-304,882],[-243,798],[802,200],[-510,1189],[-957,13],[-806,1112]],[[33646,71856],[196,120],[891,767],[316,851],[146,185],[340,433],[96,162],[523,735]],[[36154,75109],[1151,-942]],[[37305,74167],[13,-25],[556,-1081],[912,-1045],[469,-430],[25,-28],[312,-613],[944,-1329],[100,-458],[-24,-527],[117,-544],[345,-635],[231,-525],[-137,-567],[242,-497],[291,67]],[[29590,67879],[682,-1652],[366,-1074],[230,-975],[395,-925],[81,-501],[156,-430],[550,-458],[-27,-1550]],[[27557,57206],[1,1375],[-124,537],[132,200],[-172,339],[-447,-244],[-414,-156],[-84,-5],[-371,-21],[-105,-6],[-584,1195],[-355,1443],[-133,1873],[273,161]],[[25174,63897],[334,186],[221,365],[28,129],[149,701],[3,54],[-5,264],[-29,231],[-524,1432],[181,335],[557,-5],[286,312],[152,772]],[[26527,68673],[82,-34],[296,-120],[638,-925],[416,-117],[1631,402]],[[31587,68507],[2339,-2632],[1749,1558],[27,117]],[[29590,67879],[1622,488],[375,140]],[[11920,97174],[286,-901],[600,-795],[952,-1002],[605,-767],[199,-874],[-54,-1637],[1392,112],[1070,744],[436,-138]],[[17406,91916],[0,-2],[320,-115],[573,-486],[44,-358],[-143,-290],[-507,-218],[-173,-302],[58,-396],[361,-403],[526,-652],[88,-349],[-324,-772],[-63,-219],[268,-1113],[47,-81],[217,-520],[273,-1179],[190,-118],[347,-183],[-5,-389]],[[19503,83771],[-24,-327],[897,-803],[320,-459],[-15,-1011],[10,-949],[291,-1213],[546,-330],[54,-507],[457,-943],[370,-592],[-334,-88],[422,-1034],[198,-337],[211,-696],[18,-128],[156,-866],[-36,-1136],[1911,-1592]],[[24955,70760],[539,-667],[740,-1069],[293,-351]],[[25174,63897],[-13,51],[-34,130],[-229,892],[-201,-29],[-345,-568],[-598,-987],[-10,-15],[-1062,-535],[-211,-106],[-557,-167],[-746,-223],[-1133,-340],[-255,-198],[-1322,-1033],[-253,-275],[-656,-718],[-365,-937]],[[17184,58839],[-610,554],[-144,480],[1176,2441],[-1166,1193],[-852,1189],[-173,30],[-872,154],[-458,-489],[71,-494],[48,-334],[17,-114],[122,-834],[-2,-5],[-333,-179],[-440,5],[-177,-187],[-883,-57],[-383,338],[-123,302],[55,121],[237,416],[59,563],[44,245]],[[12397,64177],[1,9],[-57,115],[-79,161],[33,226],[152,1103],[415,699],[223,922],[453,219],[135,748],[318,217],[596,1120],[403,677],[39,457],[163,539],[154,-115],[150,200],[50,294],[92,443],[-239,286],[-258,35],[-248,-16],[-252,-193],[-407,-254],[-315,-127],[-455,394],[-331,-84],[-295,90],[-112,514],[-229,655],[-494,1390]],[[12003,74901],[207,945],[290,633]],[[12500,76479],[281,209],[37,844],[-99,421],[-104,171],[-250,114],[-435,122],[-293,780],[-941,1172]],[[10696,80312],[-94,772],[-38,757],[41,566],[205,1097],[259,1031]],[[11111,87090],[-1677,462],[-100,-1055],[-352,-378],[-222,956],[-73,1145],[2045,463],[529,895],[159,524],[-549,432],[-485,278],[-450,-331],[-208,326],[-51,1158],[-199,870],[645,11],[1405,-419],[526,-126],[61,403],[-233,546],[-359,835],[165,894],[-603,406],[239,146],[-505,169],[-152,279],[-367,590],[-493,-320]],[[9807,96249],[166,735],[540,92],[858,94],[549,4]],[[20807,96146],[-111,-250],[-51,-143],[-742,-1613],[102,-562],[-631,-556],[-918,-269],[-1050,-837]],[[11920,97174],[378,680],[-73,963],[1516,56],[956,-75],[412,-18],[68,-3],[304,224],[165,120],[17,13],[14,-78],[176,-1010],[51,-292],[5,-26],[4,1],[935,57],[-144,1732],[7,0],[513,70],[1410,191],[631,85],[1006,135],[-114,-376],[-28,-150],[-68,-370],[-96,-392],[468,-1286],[247,-844],[127,-435]],[[26121,88274],[-1025,-291],[194,-1337],[681,-976],[590,-726]],[[26561,84944],[310,-1554],[137,-377],[245,-608]],[[27253,82405],[-40,-80],[-395,-362],[-1402,-1288],[-505,140],[-348,555],[-192,592],[-563,1221],[-817,471],[-17,-834],[-520,448],[-521,-558],[-942,1416],[-120,162],[-641,132],[-727,-649]],[[20807,96146],[212,121],[58,-66],[978,-1134],[429,-609],[223,-317],[190,116],[219,133],[130,79],[139,15],[143,16],[491,52],[62,-596],[562,-923],[103,-197],[-26,-826],[386,-927],[280,-680],[210,-321],[243,-159],[88,-308],[119,-416],[75,-925]],[[12397,64177],[-542,84],[-125,20],[-344,-155],[-327,-264],[-256,-206],[-254,-402],[-491,-509],[-790,-533],[-753,776],[-370,193],[-418,218]],[[7727,63399],[-540,337],[-354,330],[-62,59],[-381,484],[-552,1088],[-84,293],[183,898]],[[5937,66888],[159,568],[418,1157],[969,-182],[90,259],[-348,503],[-532,215],[-200,1061],[191,500],[31,976],[8,281],[147,242],[474,-5],[411,330],[187,525],[344,512],[188,150],[-73,480],[146,504],[290,-37],[259,-335],[42,-197],[419,-364],[580,85],[1866,785]],[[12500,76479],[-170,266],[-289,106],[-642,816],[-236,270],[-228,362],[-162,1044],[-46,584],[-533,466],[164,242],[338,-323]],[[1892,86123],[0,-7],[2,2],[1698,-601],[2396,-528],[553,-17],[500,464],[363,-40],[407,-217],[1720,-239],[810,209],[0,7]],[[5937,66888],[-701,315],[-637,884],[-125,466],[-9,33],[-123,668],[7,60],[129,1124],[6,54],[-6,27],[-22,108],[-36,180],[-23,112],[-34,170],[-9,18],[-367,816],[-66,146],[-398,85],[65,911],[1177,1328],[1759,1644],[-1224,2929],[-454,1087],[-397,698],[-629,1148],[-1063,1232],[-188,308],[7,142],[-12,468],[-208,611],[-129,157],[-216,216],[-243,364],[124,726]],[[1892,86123],[-907,-122],[-37,39],[-948,1024],[252,89],[401,142],[466,463],[90,147],[806,1459],[162,1237],[-198,1052],[-193,875],[55,514],[48,407],[60,506],[461,466],[425,430],[419,406],[523,461],[244,214],[808,101],[3818,474],[1160,-258]],[[24955,70760],[17,10],[524,42],[898,475],[533,696],[91,70],[29,46],[75,155],[-35,223],[-238,417],[-335,380],[-66,180],[-221,171],[-53,92],[-289,393],[-157,77],[-252,231],[-7,233],[92,615],[-11,136],[199,257],[325,322],[96,3],[2362,-1421],[1309,-892]],[[29841,73671],[0,-4],[0,-5],[-4,0],[543,-841],[-31,-264],[-17,-101],[-19,-24],[-300,-278],[33,-488],[162,-431],[13,-22],[218,-236],[640,-326],[66,10],[270,-12]],[[31415,70649],[172,-2142]],[[27253,82405],[328,-35],[530,-57],[64,-415],[187,-1768],[2,-3],[-391,-296],[184,-720],[771,-53],[79,-435],[129,-309],[79,-48],[101,-184],[7,-354],[344,-1350],[143,-945],[-55,-323],[43,-160],[4,-23],[284,-830],[-245,-426]],[[31415,70649],[95,219],[878,865],[204,201],[402,-30],[258,-19],[394,-29]],[[26561,84944],[1139,-465],[1212,216],[1708,407],[630,-726],[1051,-451]],[[32301,83925],[-106,-122],[36,-743],[143,-743],[11,-4],[440,-1108],[473,-1014],[701,-1750],[125,-160],[735,-275],[926,-2115],[369,-782]],[[41701,65930],[793,1198],[416,224],[90,517],[1086,127],[629,-290],[1186,-658],[1141,-1009],[308,-371],[790,-982],[-54,-890],[-69,-739]],[[37305,74167],[1817,65],[60,-295],[639,60],[392,-322],[1451,248],[1846,-2550],[527,112],[43,458]],[[44080,71943],[933,170],[925,-215],[523,873],[-924,663],[743,1583],[-722,630]],[[45558,75647],[764,1792],[1193,167],[433,309]],[[47948,77915],[916,-2314],[42,-59],[2588,-4080],[171,-271],[1031,-438],[1323,-352],[834,-820],[277,-1586],[736,-285],[-108,-1111],[-491,-423],[-3424,783],[-278,-2183],[158,-494]],[[32301,83925],[1657,371],[258,500],[-181,630],[-577,537],[-51,256],[159,107],[840,186],[130,-10],[1194,220],[17,612],[-162,567],[-158,317],[-8,7],[-120,379],[-609,646],[-133,242],[-84,420],[1137,623],[834,-79]],[[36444,90456],[1420,-2022],[541,-667],[1156,-1759],[398,-212],[930,232],[535,109],[-115,419],[-5,58],[-74,159],[-494,489],[-106,193],[43,388],[-2,119],[263,192],[124,13],[16,-5],[857,-553],[801,-1175],[1633,-552],[862,-927],[165,-189],[410,-447],[1111,-797]],[[46913,83522],[624,-468],[852,-641],[26,-710],[30,-789],[6,-160],[22,-584],[-24,-120],[-317,-1348],[-184,-787]],[[45558,75647],[-673,-1288],[-1021,29],[-445,-402],[226,-357],[282,133],[241,-355],[-23,-569],[-583,-332],[518,-563]],[[26121,88274],[282,-369],[460,-226],[1660,131],[307,618],[239,611],[4,800],[99,743],[-272,1256],[1500,274],[602,-633],[293,-742],[455,-211],[545,807],[1435,2314],[52,31],[471,-41],[697,-61],[36,11],[548,-255],[72,-42]],[[35606,93290],[311,-218],[364,-462],[-25,-511],[103,-708],[85,-935]],[[54837,45616],[-1135,391],[-222,-51],[-284,-205],[-377,136],[-384,537]],[[52013,57226],[151,-602],[601,-534],[285,-783],[20,-139],[327,-775],[156,-907],[-49,-208],[-31,-27],[-12,-35],[-236,-109],[-113,-298],[-32,-66],[46,-169],[119,-81],[423,-177],[-134,-510],[-85,-717],[272,-616],[510,-672],[1002,-1156],[267,-338],[673,145],[1112,165]],[[57285,48617],[164,-349],[-37,-465],[-489,-922],[-208,-570],[-286,72],[-201,340],[-587,5],[-272,-734],[-59,-168],[-473,-210]],[[53140,60403],[1519,-2264],[483,-509],[270,-244],[117,-826],[3,-11],[207,-1264],[453,-146],[755,-593],[498,-316],[204,-239],[188,-1341],[7,-26]],[[57844,52624],[-119,-367],[-113,-348],[-147,-376],[-217,-517],[15,-290],[171,-464],[114,-1027],[-263,-618]],[[67790,34717],[-83,-378],[-528,-1102],[-43,-72],[-422,-694],[13,-86],[-125,-446],[-152,-255],[-10,-1],[-18,-2],[-345,-32],[-37,-4],[-74,-7],[-268,270],[-310,95],[-7,3],[-4,-1],[-785,-93],[-65,-66],[-462,-473],[-15,-16],[-72,-74],[-278,132],[-85,-23],[-510,-102],[-504,76],[-629,-138],[-412,-207]],[[61560,31021],[-443,335],[-183,297],[-166,52]],[[60768,31705],[-27,291],[-270,229],[-552,54],[-281,-38],[-527,-98],[-573,23],[-499,294],[-478,834],[499,829],[212,-216],[408,-255],[263,-219],[253,-92],[117,106],[92,253],[355,26],[30,194],[-406,172],[-95,698],[1409,-180],[615,-446],[58,-609],[244,297],[-134,155],[229,625],[-587,129],[-397,307],[-216,-203],[-276,183],[-99,114],[-95,452],[148,454],[12,159],[506,-416],[289,-253],[185,-19],[278,-215],[168,545],[146,781],[290,275],[-24,630],[449,636],[333,505],[-10,150],[180,331],[702,626],[360,-244],[-17,-693],[252,-766],[176,-953],[135,-401],[-177,-213],[197,-599],[172,-18],[161,307],[-58,339],[150,10],[233,-152],[537,-200],[252,-135],[-204,-132],[-454,-805],[-240,-166],[-471,-607],[-264,-230],[-31,-162],[224,-123],[240,-12],[284,31],[193,143],[297,304],[150,294],[26,142],[-275,84],[125,414],[571,580],[298,172],[244,366],[454,-97],[53,-80],[-240,-551],[28,-692],[717,-241]],[[70068,36038],[-487,-268],[-255,-141],[-331,20],[-523,-110],[-46,-10],[-436,-236],[-103,-179],[-41,-72],[-41,-237],[-15,-88]],[[60768,31705],[-720,-377],[-1002,-193],[-2050,994]],[[56996,32129],[-857,334],[-207,210],[-121,375],[-279,401],[-308,423],[-470,363],[-144,401],[-52,313],[191,377],[478,-61],[-76,722],[-115,-37],[-61,-423],[-200,19],[-161,389],[2,500],[-24,297],[-139,683],[-535,-8]],[[53918,37407],[-163,451],[-682,754],[-105,547],[-137,470],[-104,543],[-61,783],[398,150],[424,-493],[297,336],[285,523],[804,1161],[648,1191],[-105,1450],[-523,242],[-57,101]],[[57844,52624],[574,-643],[398,-445],[43,-287],[53,-346],[137,-390],[316,-175],[218,-266],[167,-28],[160,-26],[419,340],[53,-186],[1870,-78],[16,-1],[35,-21],[801,-469],[56,-280],[603,-384],[1050,-448],[658,169],[790,198],[182,11],[243,14],[-147,-164],[-386,-427],[-200,-276],[-678,-724],[-145,-1104],[839,-773],[486,-302],[-186,1552],[472,354],[565,-1799],[1113,-941],[184,-458],[459,-1148],[3,-125],[20,-1064],[13,-677],[5,-265],[-266,-581],[-9,-272],[-7,-234],[-1,-18],[174,-322],[119,-220],[216,-237],[194,-254],[294,-578],[292,-661],[-20,-536],[-12,-335],[-9,-256]],[[53918,37407],[-297,-265],[-761,-200],[-329,-539],[-5,-6],[-267,-290],[-435,-215],[-358,610],[85,486],[-594,739],[14,1708],[-114,390],[-455,258],[-421,3],[-624,-531],[-386,-82],[-456,-20]],[[17013,56003],[558,-1308],[-119,-1115],[-350,-522],[-67,-585],[-27,-613],[176,-191],[119,-394],[23,-595],[-154,-496],[-124,-60],[-159,-303],[-509,-821],[-203,-595],[-204,-337],[-242,-120],[-763,-273],[-294,51],[-460,227],[-677,77],[-552,364],[-354,-61]],[[12631,48333],[-145,392],[-34,254],[-204,448],[-112,1128],[-212,739]],[[11924,51294],[244,613],[154,793],[136,310],[133,276],[305,48],[333,27],[577,966],[157,690],[306,404],[388,142],[851,136],[25,1],[397,-22],[1083,325]],[[85400,45189],[304,-1798],[40,-517],[155,-461],[414,-460],[577,-100],[364,263],[761,729],[814,-964],[-665,-438],[66,-201],[829,-7],[1017,264],[559,215],[424,-64],[443,-136],[1250,102],[1253,308],[326,85],[204,53],[742,220],[781,-158],[1137,-956],[1632,-628],[42,-17],[946,-381],[-48,-376],[-109,-869],[341,-452],[-235,-500],[-153,-194],[-287,-362],[-210,-266],[-107,-375],[16,-99],[41,-479],[460,-924],[-1626,277],[-727,-206],[-775,-438],[-335,-771],[307,-1452],[-459,-325],[-384,158],[-187,78],[-274,-384],[-130,-213],[-192,-222],[-683,20],[-195,5],[-372,777],[-57,121],[-48,18],[-218,85],[-311,29],[-219,-711],[-238,-901],[-253,-958],[-13,-47],[188,-2405],[-148,-151],[-1019,-1038],[-387,-14],[-373,-13],[-284,-170],[46,-96],[122,-253],[309,44],[-17,-570],[-608,-192],[-411,-182],[-101,-519],[-623,-689],[-838,-140],[-611,-30],[-36,-10],[-373,-108],[-193,-850],[-439,-1224],[-261,-420],[-208,-65],[-413,-128],[5,-92],[30,-537],[2,-27],[-128,-39],[-2468,-739],[-4436,-1095],[-2194,-1462],[-413,-364],[-645,808],[-1378,292],[-687,524],[-511,390]],[[72634,18622],[296,1321],[-103,3335],[-189,1213],[-191,1365],[746,1481],[48,1465],[28,2218],[-197,1040],[-235,973],[-465,787],[-105,419],[141,724],[96,309],[180,322],[-159,576],[-405,419]],[[72120,36589],[-130,438],[1,35],[7,353],[-101,702],[-7,114],[-42,712],[145,1233],[1200,1147],[113,108],[759,905],[344,409],[1131,670],[494,176],[933,-49],[10,-1],[662,297],[207,92],[110,239],[209,453],[570,975]],[[78735,45597],[960,-81],[80,51],[500,311],[310,430],[448,126],[-100,401],[-318,170],[155,655],[253,159],[309,-378],[575,-516],[836,-864],[453,-533],[258,-194],[236,-238],[423,370],[1287,-277]],[[72634,18622],[-1230,-685],[-245,-137],[-87,-103],[-2333,835],[-1549,-87],[-1375,-77]],[[65815,18368],[-811,897],[-746,282],[-156,45],[-646,163],[-214,101],[-1046,681],[-474,699],[1,434],[-1394,519]],[[60329,22189],[476,419],[561,493],[-94,1406],[763,718],[97,91]],[[62132,25316],[136,24],[92,16],[301,53],[840,147],[218,-177],[237,-149],[322,304],[-32,662],[-204,992],[-625,1072],[-152,312],[-609,939],[-231,522],[-865,988]],[[70068,36038],[113,3],[218,7],[973,328],[11,3],[737,210]],[[78735,45597],[-251,1898],[384,482],[606,107],[238,42],[14,90],[23,139],[38,232],[1,6],[19,228],[-41,1148],[1309,697],[940,-768],[1897,65],[-325,-1396],[746,128],[746,-108],[1,-443],[282,-420],[429,-1221],[-391,-1314]],[[55306,31578],[-86,-482],[-73,-75],[-156,-30],[-400,-141],[-312,-13],[-388,220],[-500,69],[-87,-158],[-62,-192],[-54,-16],[-94,129],[-156,-7],[-88,-57],[-479,147],[-72,-95],[114,-162],[252,-137],[116,-348],[184,-35],[104,-906],[-287,-257],[-255,-575],[99,-119],[515,-435],[355,309],[-3,230],[-257,292],[68,298],[125,84],[307,-683],[-104,-499],[-208,-52],[-81,-351],[295,-272],[1384,-686],[668,-326],[399,-124],[392,85],[610,303],[675,371],[511,-110],[61,-1447],[604,-262],[30,-693],[1104,562],[189,295],[316,-12],[354,285],[307,599],[501,-89],[317,-479],[72,-215]],[[60329,22189],[-931,682],[-631,461],[-325,919],[-226,359],[-222,278],[-72,359],[-165,866],[-88,94],[-261,-285],[-90,-342],[-206,-33],[-2640,587],[-520,348],[-131,449],[-181,78],[-484,-178],[-450,-496],[-1367,491],[-1451,55],[-1259,331],[-1529,1056],[-123,99],[-839,600],[-766,612],[-1081,449],[-524,19],[-442,31],[-453,-262],[-92,-621],[-318,58],[-58,254],[-252,38],[-390,-1004],[-261,-615],[-313,-1095],[9,-788],[-197,-1314],[-16,-538],[-110,-348],[-747,-641],[-514,-558]],[[39613,22644],[-462,255]],[[39151,22899],[-390,1463],[-100,376],[76,508],[310,736],[-334,1003],[-221,479],[-427,228],[-257,244],[-248,-112],[-607,-124],[-553,835],[23,157],[-118,105],[-182,286],[-111,93],[-334,156],[-159,-164],[-85,-515]],[[35434,28653],[-933,-290],[-4,-1],[-176,896],[-68,344]],[[34253,29602],[-252,649],[165,421],[1112,57],[381,52],[477,305],[589,958],[65,937],[-357,191],[219,1388],[664,566],[75,46],[13,35],[-344,483]],[[39749,36309],[256,303],[117,156],[359,-209],[284,-442],[567,-556],[778,-182],[3,10],[301,159],[26,-6],[148,-53],[114,-100],[549,-205],[510,177],[338,147],[129,63],[-177,317],[9,248],[193,358],[71,185],[84,232],[276,292],[672,647]],[[45356,37850],[34,-706],[63,-389],[121,-376],[447,-849],[282,-517],[201,-299],[426,-597],[719,-751],[367,-238],[405,-200],[4,0],[966,-350],[1059,-814],[156,-28],[923,98],[1268,-149],[2509,-107]],[[43187,40138],[-66,-581],[550,-941],[867,-478],[128,163],[575,145],[1,0],[46,-13]],[[45397,37973],[-39,-100],[-2,-4],[0,-19]],[[56996,32129],[-111,-824],[-749,179],[-830,94]],[[65815,18368],[-650,-618],[-304,-292],[-914,-877],[-1069,-562],[-1039,-178],[58,-276],[-690,710]],[[61207,16275],[-38,427],[-556,290],[-420,-13],[-108,71],[-108,150],[-132,153],[-74,75],[-121,112],[-16,20],[-86,89],[-386,312],[-42,28],[-369,163],[-95,205],[-469,-14],[-152,-21],[-569,217],[-961,149],[-847,377],[-687,994],[-660,759],[-959,-913],[-1300,742],[-694,326],[-716,32],[-429,35],[-3932,383],[-173,-49],[-781,572],[-298,-267],[-399,-77],[-253,-11],[-225,146],[-168,362],[-202,191],[-715,-107],[-102,557],[279,217],[-431,104],[-625,-424],[-847,-207],[-715,89],[-1013,125]],[[34253,29602],[-765,29],[-663,26],[-733,28],[-845,362]],[[31247,30047],[-7,79],[-1,40],[-62,213],[-318,874],[-40,109],[-295,658],[-101,230],[-321,734],[-115,29],[-433,110],[-439,-48],[-201,-22],[-454,-49],[-387,227],[-504,297],[-418,36],[-115,5],[-393,17],[-533,-149]],[[26110,33437],[-395,585],[-143,420],[39,405],[-250,427],[-399,19]],[[24962,35293],[-1,3],[15,732],[-33,231],[-182,174]],[[24761,36433],[540,234],[340,-114],[429,404],[110,171],[45,332],[72,1118],[-85,365],[-101,1135],[105,627],[-150,23],[-179,-498],[-198,-52],[-138,439],[-56,722],[308,583],[522,672],[297,304],[609,251]],[[27231,43149],[252,-227],[121,-282],[-6,-107],[11,-738],[759,-15],[650,-27],[1019,147],[155,52],[217,74],[547,558],[362,565]],[[27231,43149],[-165,1088],[-187,457],[-264,771],[-157,326],[658,507],[882,515],[664,496],[598,401],[-452,732],[222,180],[265,-124]],[[24761,36433],[-599,285],[-266,249],[-39,124],[-663,121],[-495,179],[-160,172],[-283,340],[-507,112],[-265,59],[-833,75],[-639,708],[-65,429],[-194,218],[-161,-35],[-149,64],[-130,56],[-293,126],[-303,-42],[-1,-1],[-661,-30],[-516,-194],[-16,-7],[-384,-20],[-235,-542],[-583,-1044]],[[11366,43094],[397,181],[7,395],[-3,92],[-138,202],[57,1994],[214,434],[207,418],[95,193],[200,406],[230,923],[-1,1]],[[17013,56003],[231,2148],[-60,688]],[[11924,51294],[-213,515],[-236,-633],[-151,-40],[-320,811],[38,434],[35,466],[-126,450],[-525,782],[-267,171],[-519,1508],[-1142,2110],[-519,1100],[-1157,717],[-10,2],[-541,145],[-224,59],[-521,215],[434,544],[738,1105],[283,108],[108,459],[677,187],[-39,890]],[[35434,28653],[65,-154],[-500,-1834],[57,-842],[-256,-821],[255,-683],[51,-138],[11,6],[203,122],[215,-516],[-67,-717],[-6,-23],[-43,-166],[-31,-119],[-3,-12],[21,-6],[849,-232],[572,2],[155,-38]],[[36982,22482],[26,-22],[685,-559],[113,-170],[412,-662],[-113,-455],[-97,-394],[-68,-91],[-208,-282],[7,-85],[45,-503],[-1146,-945],[-11,-576],[999,73],[560,105],[1056,-403],[732,-604],[22,-138],[104,-520],[130,-245],[116,-219]],[[40346,15787],[-252,-335],[-2,-168],[129,-69],[-98,-1205],[-423,-1355],[145,-643],[-241,-1568]],[[39604,10444],[-332,-220],[-277,-101],[-825,449],[-315,-93],[-91,-64],[-85,-29],[-5,-136],[-47,-207],[-54,-932],[-546,-1382],[-541,-23],[-109,75],[-263,242],[-174,44],[-96,61],[-34,9],[-43,2],[-25,11],[-104,30],[-57,-98],[-371,58],[-712,-42],[-203,-489],[-497,-117],[-272,-308],[-295,-286],[-60,-150],[-141,-773],[-386,-213],[-1098,-80],[-1894,-329]],[[29652,5353],[-529,366],[-571,393],[-438,411],[-356,1175],[1,29],[10,371],[11,355],[-308,805],[-211,525],[-26,476],[-65,419],[-124,663],[123,302],[93,231],[-59,50],[-12,10],[-2113,1516],[-597,209],[-128,98],[-40,166],[-28,228],[-29,325],[-222,244],[-80,33],[-3,-3],[-303,-188],[-81,65],[-235,179],[-552,-87],[-371,-294],[-124,-295],[-212,-435],[-451,-430],[-570,-195],[-328,85],[-359,-357]],[[20365,12798],[-183,664],[-16,639],[311,776],[-126,1128],[72,730],[41,1414],[-398,342],[-198,483],[-603,1339],[-994,879],[-977,1031],[-178,415]],[[17116,22638],[-28,94],[-170,596],[32,381],[80,903],[148,174]],[[17178,24786],[431,-1],[5,-2],[60,2],[447,119],[94,-22],[417,60],[169,39],[92,244],[-68,134],[-38,152],[-78,199],[-6,26],[-61,155],[-293,429],[-61,439],[-104,624],[-153,448],[5,253],[-5,293],[151,247],[83,162],[84,102],[151,49]],[[18500,28937],[23,-18],[323,-4],[473,-326],[343,-123],[335,-76],[151,19],[368,427],[799,462],[124,59],[10,41],[86,140],[182,-23],[34,-59],[-59,-178],[366,21],[437,-3],[371,-183],[365,-51],[1011,-139],[224,340],[398,27],[148,195],[5,147],[-30,100],[-194,177],[-512,588],[-72,388],[-18,270],[345,57],[207,53],[25,120],[-390,289],[-256,170],[63,275],[237,226],[179,292],[-97,349],[147,299],[278,263],[163,173],[-19,503],[-111,1069]],[[26110,33437],[338,-637],[401,-639],[376,-858],[73,-439],[9,-419],[-86,-524],[-7,-153],[-40,-268],[-4,-491],[132,-564],[623,10],[812,-221],[705,-187],[362,309],[646,741],[509,221],[58,147],[230,582]],[[17178,24786],[-643,104],[-124,-6],[-340,243],[-913,17],[-144,451],[37,178],[-118,230],[147,156],[-66,383],[-43,38],[-272,97],[-27,27],[-213,-36],[-420,254],[-233,330]],[[18056,30452],[444,-1515]],[[11643,20832],[-227,333]],[[17116,22638],[-1062,-170],[-167,-276],[-143,-243],[-289,-323],[-359,-15],[-337,-764],[-283,60]],[[14476,20907],[-1316,-429],[-1517,354]],[[39151,22899],[-346,-155],[-56,-11],[-416,-87],[-415,-60],[-297,52],[-500,-122],[-139,-34]],[[61207,16275],[-264,-30],[-635,523],[-655,27],[-82,-315],[63,-741],[-351,-46],[-834,68],[-357,-838],[-42,-741],[402,-1490],[356,-876],[74,-822],[374,-638],[-42,-499],[-616,-415],[-499,-386],[-293,-199],[-133,-537],[-1270,-200],[-756,519],[-547,626],[-315,511],[-983,632],[-12,-3],[-1350,11],[-517,-51],[-840,155],[-409,-177],[25,-975],[3,-126],[-33,-26],[24,-102],[81,-340],[-544,-362],[-985,-49],[-353,106],[-150,87],[-423,82],[-729,-513],[78,-399],[49,-248],[14,-74],[2,-9],[4,-74],[-12,-8],[397,-1149],[97,-117],[118,-508],[-96,-134],[-48,-67],[-215,-300]],[[47978,5038],[-97,-20],[-167,-34],[-367,43],[-22,2],[-97,12],[-53,6],[-349,293],[-7,6],[-568,486],[-185,91],[-162,80],[-285,608],[6,145],[4,78],[-110,566],[89,302],[-54,2535],[-703,1042],[-344,1437],[-71,583],[-754,566],[-538,1007],[-236,820],[-404,60],[-841,310],[-423,89],[-894,-364]],[[47978,5038],[523,-176],[211,-70],[-11,-489],[-132,-33],[-389,-97],[-587,-46],[-53,-401],[-52,-388],[-37,-838],[-9,-200],[-106,-488],[-40,-180],[-278,-95],[-593,-292],[-249,-50],[-215,-42],[-208,-41],[-29,30],[-245,260],[-223,178],[-272,217],[-186,-72],[-480,-186],[-698,-584],[-123,-103],[-405,29],[-1519,45],[-682,20]],[[40891,946],[113,1287],[113,834],[180,5028],[-42,150],[-242,637],[1,7],[-515,1087],[-895,468]],[[40891,946],[-37,-308],[-55,-451],[-970,379],[-247,3],[-446,7],[-123,2],[-159,49],[-293,92],[-59,-24],[-303,-121],[-12,-6],[-273,-109],[-100,58],[-124,72],[-95,56],[-227,167],[-70,51],[-61,-206],[-122,-411],[-639,-246],[-146,2],[-485,7],[-47,0],[-71,26],[-2103,743],[-875,298],[-333,105],[-668,530],[-773,158],[-994,189],[-180,185],[-198,2285],[49,825]],[[16016,11720],[195,540],[22,276],[14,241],[368,964],[122,1078],[73,487],[670,766],[-308,495],[-474,-34],[-294,526],[-774,32],[-318,787],[277,642],[-368,714],[-463,1024],[-282,649]],[[20365,12798],[-346,-499],[-127,-637],[8,-28],[-31,-708],[4,-12],[-56,-137],[-464,-725],[-470,-444],[-658,-362],[-548,138],[-100,455],[-280,494],[-9,173],[-82,361],[-57,371],[-1,2],[-68,351],[-6,4],[-586,103],[-472,22]],[[13104,10794],[18,397],[15,298],[-381,2246],[-473,1770],[11,225],[6,51],[-7,8],[-743,2413],[93,2630]],[[16016,11720],[-94,123],[-270,13],[-513,-318],[-478,-305],[-325,-181],[-643,-481],[-589,223]],[[13104,10794],[-1157,-348],[-1283,-875],[-2298,-264],[174,2488],[-1,1896],[-968,738],[-160,879],[-269,73],[-449,110],[-1254,101],[-188,145],[-950,533],[-141,627],[451,514],[45,51],[660,1110]],[[35606,93290],[1718,1092],[106,-343],[20,-77],[1079,140],[-176,-322],[-336,-428],[174,-1289],[415,-573],[60,-113],[188,-145],[1376,-631],[541,-250],[464,-27],[484,-30],[1516,-13],[711,291],[663,-35],[772,-1518],[30,-40],[40,-141],[429,-1523],[235,-667],[446,-428],[44,-740],[750,-1276],[-442,-682]]],"bbox":[26.236771895902326,61.155500737362345,28.605582511030157,62.24217425056964],"transform":{"scale":[0.000023688343034708658,0.00001086684380051095],"translate":[26.236771895902326,61.155500737362345]},"propertiesColumnar":{"format":"columnar/1","keys":["id","postinumeroalue","nimi","namn","euref_x","euref_y","pinta_ala","vuosi","kunta","he_vakiy","he_naiset","he_miehet","he_kika","he_0_2","he_3_6","he_7_12","he_13_15","he_16_17","he_18_19","he_20_24","he_25_29","he_30_34","he_35_39","he_40_44","he_45_49","he_50_54","he_55_59","he_60_64","he_65_69","he_70_74","he_75_79","he_80_84","he_85_","ko_ika18y","ko_perus","ko_koul","ko_yliop","ko_ammat","ko_al_kork","ko_yl_kork","hr_tuy","hr_ktu","hr_mtu","hr_pi_tul","hr_ke_tul","hr_hy_tul","hr_ovy","te_taly","te_takk","te_as_valj","te_yks","te_nuor","te_eil_np","te_laps","te_plap","te_aklap","te_klap","te_teini","te_yhlap","te_aik","te_elak","te_omis_as","te_vuok_as","te_muu_as","tr_kuty","tr_ktu","tr_mtu","tr_pi_tul","tr_ke_tul","tr_hy_tul","tr_ovy","ra_ke","ra_raky","ra_muut","ra_asrak","ra_asunn","ra_as_kpa","ra_pt_as","ra_kt_as","ra_muu_as","tp_tyopy","tp_alku_a","tp_jalo_bf","tp_palv_gu","tp_a_maat","tp_b_kaiv","tp_c_teol","tp_d_ener","tp_e_vesi","tp_f_rake","tp_g_kaup","tp_h_kulj","tp_i_majo","tp_j_info","tp_k_raho","tp_l_kiin","tp_m_erik","tp_n_hall","tp_o_julk","tp_p_koul","tp_q_terv","tp_r_taid","tp_s_muup","tp_t_koti","tp_u_kans","tp_x_tunt","pt_vakiy","pt_tyoll","pt_tyott","pt_0_14","pt_opisk","pt_elakel","pt_muut","city","pno","unemployment_rate","higher_education_rate","pensioner_share","ownership_rate","rental_rate","population_density","child_ratio","student_share","detached_house_share","youth_ratio_pct","gender_ratio","single_parent_hh_pct","families_with_children_pct","tech_sector_pct","healthcare_workers_pct","employment_rate","elderly_ratio_pct","avg_household_size","manufacturing_jobs_pct","public_sector_jobs_pct","service_sector_jobs_pct","new_construction_pct","foreign_language_pct","crime_index","property_price_sqm","transit_stop_density","air_quality_index","daycare_density","school_density","healthcare_density","restaurant_density","grocery_density","cycling_density","single_person_hh_pct","rental_price_sqm","price_to_rent_ratio","walkability_index","traffic_accident_rate","property_price_change_pct","school_quality_score","light_pollution","noise_pollution","voter_turnout_pct","party_diversity_index","broadband_coverage_pct","ev_charging_density","tree_canopy_pct","transit_reachability_score","sports_facility_density","water_proximity_m","avg_construction_year","income_history","population_history","unemployment_history","income_change_pct","population_change_pct","unemployment_change_pct","schools","crime_index_history","crime_index_change_pct","health_index","radon","municipality","lon","lat","flood_risk_pct","population_projection_pct","construction_activity","active_plan_count","political_lean_index","party_vote_kok_pct","party_vote_sdp_pct","party_vote_ps_pct","party_vote_kesk_pct","party_vote_vihr_pct","party_vote_vas_pct","party_vote_rkp_pct","foreign_language_municipal_pct","foreign_language_history","foreign_language_est_pct","low_income_pct","job_self_sufficiency","property_price_history"],"cols":[[564,565,566,567,568,569,1467,1468,1469,1470,1471,1472,1473,1474,1475,1476,1477,1478,1479,1483,1480,1481,1482,1494,1484,1485,1486,1495,1487,1488,1489,1490,1491,1492,1493,1496,1497,1498,1499,1500,1501,1502,1503,1504,1505,1506,1521,1519,1520,1534,1522,1523,1524,1525,1526,1527,1528,1529,1530,1531,1532,1533,1535,1536,1537,1538,1539,1540,1541,1542,1543,1544,1546,1547,1548,2253],["19410","19420","19430","19460","19470","19480","50100","50120","50130","50150","50160","50170","50180","50190","50200","50300","50350","50500","50520","50770","50600","50670","50700","51380","50800","50970","51130","51420","51200","51260","51270","51310","51335","51340","51360","51430","51440","51450","51460","51520","51540","51600","51620","51670","51720","51740","52150","52100","52110","52610","52200","52230","52270","52300","52320","52330","52340","52360","52420","52510","52520","52550","52620","52700","52720","52730","52740","52760","52780","52830","52850","52890","52960","52970","52980","77380"],["Kuortti","Mansikkamäki","Pertunmaa Keskus","Ruorasmäki","Lihavanpää-Hartosenpää","Hartosenpää","Mikkeli Keskus","Siekkilä","Nuijamies","Tusku","Kattilansilta","Peitsari","Visulahti","Tuppurala","Kovala","Rämälä","Norola","Tuukkala-Kaituenmäki","Moision Sairaala-alue","Korpikoski","Karikko","Otava","Syysjärvi","Synsiö","Annilanselkä","Ihastjärvi","Vanhamäki","Harjumaa-Pajulankylä","Kangasniemi Keskus","Tahkomäki","Kutemajärvi","Levä","Kaihlamäki","Hännilä-Särkiharju","Koivula-Synsiö","Läsäkoski","Vuojalahti","Pajulankylä","Luusniemi","Hiirola","Kalvitsa","Haukivuori Keskus-Pitkäaho","Pitkäaho","Nykälä","Rahula","Huuhanaho","Hauhala","Anttola","Majavesi","Tuukkalanlahti","Puumala Keskus","Hurissalo","Ryhälä","Ristiina Keskus","Vitsiälä","Heimari","Hangastenmaa","Someenjärvi","Pellosniemi","Hietanen","Syväsmäki","Hirvensalmi Keskus","Kuitula","Mäntyharju Keskus","Karankamäki-Koirakivi","Koirakivi","Tuustaipale","Mynttilä","Kuomiokoski","Suomenniemi","Halmeniemi","Käävänkylä","Nurmaa","Pankalahti-Ahvenainen","Ahvenainen","Kantala"],["Kuortti","Mansikkamäki","Pertunmaa centrum","Ruorasmäki","Lihavanpää-Hartosenpää","Hartosenpää","S:t Michel centrum","Siekkilä","Nuijamies","Tusku","Kattilansilta","Peitsari","Visulahti","Tuppurala","Kovala","Rämälä","Norola","Tuukkala-Kaituenmäki","Moisio sjukhusområde","Korpikoski","Karikko","Otava","Syysjärvi","Synsiö","Annilanselkä","Ihastjärvi","Vanhamäki","Harjumaa-Pajulankylä","Kangasniemi centrum","Tahkomäki","Kutemajärvi","Levä","Kaihlamäki","Hännilä-Särkiharju","Koivula-Synsiö","Läsäkoski","Vuojalahti","Pajulankylä","Luusniemi","Hiirola","Kalvitsa","Haukivuori centrum-Pitkäaho","Pitkäaho","Nykälä","Rahula","Huuhanaho","Hauhala","Anttola","Majavesi","Tuukkalanlahti","Puumala centrum","Hurissalo","Ryhälä","Ristiina centrum","Vitsiälä","Heimari","Hangastenmaa","Someenjärvi","Pellosniemi","Hietanen","Syväsmäki","Hirvensalmi centrum","Kuitula","Mäntyharju centrum","Karankamäki-Koirakivi","Koirakivi","Tuustaipale","Mynttilä","Kuomiokoski","Suomenniemi","Halmeniemi","Käävänkylä","Nurmaa","Pankalahti-Ahvenainen","Ahvenainen","Kantala"],[467854,464788,471928,468700,476029,480009,513941,512493,512549,509786,514038,516359,518866,516759,508074,521033,522331,513317,514756,499231,507713,502906,512426,474721,518590,508970,495331,502013,481913,480817,487781,473206,474312,468922,467674,495089,490787,501801,498942,516183,518229,510498,515807,498205,525834,528339,538373,537080,524520,478129,567554,543671,562503,514258,511831,515123,522782,533283,524192,498097,496246,485907,474221,495477,479855,476956,485506,495536,506014,523646,515186,504076,481323,477562,470101,511413],[6809261,6819106,6819794,6831129,6824574,6821242,6839998,6840377,6837792,6840687,6837265,6842855,6840685,6839271,6846380,6852788,6838926,6834553,6836176,6846635,6835498,6835828,6832213,6883676,6832758,6858388,6855500,6855824,6870777,6895883,6887782,6863662,6875122,6875815,6889913,6866225,6872054,6863629,6873908,6853859,6865487,6878119,6868858,6887031,6841743,6844982,6822630,6830959,6830123,6842688,6819085,6811331,6838641,6816556,6826366,6827990,6823421,6814455,6807847,6824142,6834261,6840892,6850290,6800868,6813469,6809095,6820754,6817197,6810489,6797122,6789143,6786512,6799518,6799572,6798076,6887813],[86590843,63478650,109248749,78016212,46939548,27853175,9894324,1733798,7114512,6479666,1106882,9708173,12542547,6560695,80424824,62067924,25314811,6451494,1005132,81547845,58515924,102851949,39565507,14053626,52901133,137111052,83998350,74459514,445628529,74587487,125632076,111946984,5100993,137589402,142177181,47213862,104301578,26353052,103234815,90791310,168146777,258187649,9049911,88777387,72706184,56849189,61421595,297373608,68005089,50447391,777306758,243499813,35761836,205199053,35687572,5601943,84241909,83137687,223302536,162463840,38038226,442632539,125062874,570021310,31675264,42870748,105550057,27419717,31187562,324991333,113846562,125006259,71122465,55802628,88865689,63953470],[2026,2026,2026,2026,2026,2026,2026,2026,2026,2026,2026,2026,2026,2026,2026,2026,2026,2026,2026,2026,2026,2026,2026,2026,2026,2026,2026,2026,2026,2026,2026,2026,2026,2026,2026,2026,2026,2026,2026,2026,2026,2026,2026,2026,2026,2026,2026,2026,2026,2026,2026,2026,2026,2026,2026,2026,2026,2026,2026,2026,2026,2026,2026,2026,2026,2026,2026,2026,2026,2026,2026,2026,2026,2026,2026,2026],["507","507","507","507","507","507","491","491","491","491","491","491","491","491","491","491","491","491","491","491","491","491","491","213","491","491","491","491","213","213","213","213","213","213","213","213","213","491","213","491","491","491","491","491","491","491","491","491","491","097","623","623","623","491","491","491","491","491","491","097","097","097","097","507","507","507","507","507","491","491","507","507","507","507","507","491"],[425,139,625,83,128,64,9797,1445,3025,1323,2240,5589,775,4590,569,310,289,1354,117,222,4666,1695,855,46,520,2328,138,178,3527,145,207,116,38,234,176,81,215,55,168,385,276,1224,21,104,476,198,124,1318,383,115,1705,212,32,2638,341,49,204,93,516,439,134,1394,83,4486,89,72,260,76,83,512,110,86,105,72,44,126],[202,58,314,35,57,25,5416,729,1602,642,1145,2846,391,2397,259,148,137,667,52,108,2358,828,426,21,255,1145,60,75,1806,66,97,49,16,107,80,37,101,26,74,183,127,643,null,56,214,87,56,671,180,54,847,102,16,1380,166,21,100,38,237,187,61,689,32,2278,41,39,115,31,44,244,48,39,49,28,21,58],[223,81,311,48,71,39,4381,716,1423,681,1095,2743,384,2193,310,162,152,687,65,114,2308,867,429,25,265,1183,78,103,1721,79,110,67,22,127,96,44,114,29,94,202,149,581,null,48,262,111,68,647,203,61,858,110,16,1258,175,28,104,55,279,252,73,705,51,2208,48,33,145,45,39,268,62,47,56,44,23,68],[53,53,56,56,57,58,48,46,47,42,49,45,42,49,45,46,47,46,48,49,42,45,42,49,49,41,61,54,54,50,54,60,47,54,48,53,51,53,53,47,51,55,null,58,45,55,59,53,48,56,58,59,65,51,44,53,52,58,54,50,48,56,59,53,60,53,54,54,57,58,56,60,55,58,56,48],[6,1,8,0,2,0,95,23,56,27,30,137,22,89,13,7,9,23,0,6,141,39,40,0,16,50,0,3,57,1,3,0,1,0,4,0,3,3,2,2,4,8,null,1,13,3,3,17,4,4,29,3,0,45,10,1,7,0,4,9,3,24,2,64,0,1,1,3,2,3,1,0,1,0,0,2],[15,2,14,2,2,1,162,35,96,61,52,220,39,129,17,13,7,43,2,7,251,64,49,2,10,101,0,2,81,4,5,1,2,4,9,3,3,1,1,15,9,23,null,0,19,4,0,29,11,1,23,2,1,65,19,0,12,3,8,12,1,35,0,112,0,2,5,0,4,8,1,1,2,1,1,7],[17,5,24,4,3,2,324,71,191,103,95,394,71,258,49,20,18,90,1,14,405,131,53,4,25,163,2,4,158,9,14,3,2,9,9,6,13,3,7,25,18,71,null,5,35,8,5,68,37,5,43,3,0,167,27,3,4,2,24,20,11,57,0,227,3,4,13,5,1,13,7,4,3,2,3,10],[8,6,13,0,1,2,188,37,93,49,50,221,39,145,19,17,9,49,1,5,217,68,21,2,24,94,3,3,113,6,4,3,2,9,3,0,3,1,4,20,12,35,null,1,19,5,1,41,11,0,32,0,0,89,13,1,3,3,8,16,3,30,1,124,3,4,9,0,0,14,5,1,3,0,0,5],[5,2,8,1,1,2,168,35,67,37,43,124,20,82,16,10,6,23,1,3,113,41,16,1,16,84,2,0,62,5,2,4,0,8,6,1,5,0,2,12,6,21,null,1,15,2,0,13,13,0,17,1,0,50,7,0,1,1,4,5,0,13,1,83,1,3,4,0,0,7,2,0,1,1,2,1],[5,1,6,4,2,2,339,39,68,36,44,133,20,88,21,2,5,23,3,5,100,48,30,0,10,74,4,2,49,1,1,2,0,6,3,2,5,0,6,5,2,17,null,1,13,3,0,16,5,1,18,2,0,35,8,2,3,0,7,6,2,10,0,70,1,1,4,0,0,6,1,1,1,0,1,0],[11,3,24,1,2,1,1031,83,152,43,115,199,17,165,12,8,9,39,7,1,131,54,24,1,11,130,3,4,66,5,5,0,3,4,3,0,10,1,1,9,7,35,null,4,9,3,2,27,5,4,39,7,0,64,8,1,7,0,11,12,9,32,1,140,0,1,7,2,2,12,1,0,2,3,1,3],[12,5,26,3,2,2,754,111,147,70,129,252,34,244,19,12,15,71,11,7,194,61,48,1,10,110,2,9,114,3,2,1,0,5,5,3,6,3,8,6,2,28,null,1,11,6,1,47,16,3,37,4,0,88,11,2,6,0,16,19,6,33,6,147,3,1,1,2,6,8,5,1,5,1,0,4],[13,2,13,2,7,0,639,105,169,70,152,377,37,270,24,13,11,98,7,8,281,83,67,2,19,134,2,11,151,3,7,2,2,6,6,3,6,1,10,17,10,29,null,2,21,7,3,40,16,5,58,8,1,119,23,1,9,2,25,16,5,56,0,168,1,0,18,4,0,18,4,1,1,0,0,9],[21,5,22,0,3,2,510,100,208,95,143,378,50,285,31,23,13,88,8,21,339,97,55,3,30,151,4,6,148,6,7,2,2,7,14,4,12,1,5,19,16,63,null,2,39,6,7,59,24,3,60,8,2,136,22,3,7,3,28,16,6,63,0,218,5,2,10,5,4,11,4,2,4,6,2,7],[21,10,21,3,5,1,453,92,180,116,156,350,43,258,38,20,13,84,13,12,328,110,55,3,32,179,7,7,172,16,5,3,3,9,10,6,9,3,5,34,12,65,null,3,38,10,6,59,21,4,72,7,1,128,20,3,11,4,36,31,7,51,3,222,4,3,15,4,1,16,1,3,4,3,1,8],[29,9,29,5,8,2,445,69,171,98,108,371,51,227,41,18,20,92,7,13,317,127,53,1,43,188,5,7,148,8,15,5,0,21,12,5,12,3,12,23,17,71,null,7,25,13,5,75,19,6,64,8,0,131,19,2,9,7,25,33,5,62,4,220,4,7,10,1,3,24,3,4,4,0,2,3],[34,14,41,5,9,4,445,68,130,89,110,282,63,234,52,19,21,78,8,9,308,97,53,2,37,162,7,19,157,10,8,9,4,16,15,1,13,5,11,31,13,57,null,5,35,7,7,81,22,2,100,12,1,186,16,1,10,5,34,36,12,76,8,247,2,3,11,8,5,38,4,8,10,6,1,6],[34,9,43,5,12,6,461,92,198,108,149,322,64,291,41,20,30,90,15,27,318,119,52,3,30,180,7,14,272,7,25,5,1,24,11,9,19,3,11,29,24,81,null,13,31,14,9,121,29,11,138,18,3,213,29,4,24,8,50,33,15,94,10,289,6,6,23,4,8,41,9,9,9,11,8,9],[39,17,51,11,16,9,562,99,222,106,166,385,51,314,42,26,31,100,6,22,269,108,74,1,48,147,17,30,329,12,29,16,8,29,14,7,25,7,21,36,19,104,null,11,37,21,20,120,31,19,148,26,5,210,27,9,22,13,46,38,11,129,12,409,5,6,22,11,7,57,9,11,10,7,2,9],[55,19,59,10,15,5,695,87,218,84,151,366,47,368,34,25,26,119,9,19,270,121,46,12,38,117,16,18,324,17,25,14,1,14,9,7,25,4,23,33,35,105,null,12,40,24,15,134,40,12,209,37,3,210,25,7,16,10,41,35,15,173,10,427,18,7,35,5,10,60,18,14,15,11,6,16],[37,8,62,14,14,7,722,88,243,60,168,403,42,398,39,21,20,105,8,16,224,122,46,6,45,102,23,21,356,5,19,15,1,18,20,12,17,3,15,24,30,131,null,14,36,28,17,140,24,19,220,33,6,196,21,4,15,16,49,38,11,157,12,439,14,7,33,7,10,61,13,9,17,7,5,11],[34,11,74,5,10,5,732,95,160,52,170,321,37,375,37,12,16,80,8,10,248,108,33,2,42,85,23,7,332,19,15,20,3,25,13,8,18,6,15,28,26,128,null,8,24,18,8,102,28,10,201,19,3,229,15,1,17,9,59,31,6,135,7,415,11,4,23,5,14,49,9,4,9,10,2,11],[16,5,35,4,9,8,500,48,131,10,121,184,14,197,16,12,6,33,0,6,111,55,20,0,21,47,5,6,197,8,9,9,2,11,8,1,4,4,6,11,4,74,null,8,11,6,9,67,20,2,94,4,3,131,11,3,9,4,22,25,5,78,4,229,4,1,5,6,3,34,4,10,3,2,6,4],[13,5,52,4,5,3,572,68,125,9,88,170,14,173,8,12,4,26,2,11,101,42,20,0,13,30,6,5,241,0,7,2,1,9,2,3,7,3,3,6,10,78,null,5,5,10,6,62,7,4,103,10,3,146,10,1,12,3,19,8,1,86,2,236,4,9,11,4,3,32,9,3,1,1,1,1],[374,123,558,76,119,57,8860,1244,2522,1046,1970,4493,584,3887,455,243,240,1126,112,187,3539,1352,676,37,429,1836,131,166,3056,120,179,105,31,204,145,71,188,47,152,311,227,1066,16,96,375,176,115,1150,307,105,1561,203,31,2222,265,44,177,84,468,377,116,1235,79,3876,82,58,228,68,76,467,94,80,95,68,38,101],[116,40,171,25,33,26,1699,299,432,171,591,904,77,907,79,48,35,190,26,34,541,293,88,10,72,314,39,35,847,22,44,32,7,56,29,20,46,16,37,63,68,315,null,15,68,48,22,260,49,30,427,53,12,540,45,12,34,24,149,87,24,367,28,1178,31,19,72,19,23,134,30,24,25,27,14,32],[258,83,387,51,86,31,7161,945,2090,875,1379,3589,507,2980,376,195,205,936,86,153,2998,1059,588,27,357,1522,92,131,2209,98,135,73,24,148,116,51,142,31,115,248,159,751,null,81,307,128,93,890,258,75,1134,150,19,1682,220,32,143,60,319,290,92,868,51,2698,51,39,156,49,53,333,64,56,70,41,24,69],[7,4,19,3,3,1,659,54,106,41,72,141,20,138,10,9,8,38,5,5,123,35,28,2,11,85,3,3,85,5,2,7,0,9,2,2,7,0,6,2,3,37,null,4,9,10,2,27,3,4,59,3,1,56,9,0,1,1,11,14,4,33,2,153,1,1,6,2,2,13,3,1,4,1,2,1],[177,60,252,34,56,21,3221,526,933,497,852,1926,242,1575,219,120,128,521,36,81,1367,673,221,21,142,732,68,83,1334,63,93,40,20,104,69,30,89,20,70,165,101,479,null,57,159,64,57,535,162,45,656,91,9,1006,132,22,93,34,220,192,58,546,32,1615,41,23,110,33,39,230,38,37,52,28,14,52],[65,18,91,10,24,7,2318,253,697,250,342,1124,177,967,111,45,48,289,31,50,1054,266,228,4,143,495,18,28,608,21,26,15,2,24,34,16,38,9,29,58,47,177,null,17,106,42,26,243,72,20,297,48,6,462,50,8,34,19,69,66,22,224,12,701,8,12,28,9,8,71,18,14,9,12,6,13],[9,1,25,4,3,2,963,112,354,87,113,398,68,300,36,21,21,88,14,17,454,85,111,0,61,210,3,17,182,9,14,11,2,11,11,3,8,2,10,23,8,58,null,3,33,12,8,85,21,6,122,8,3,158,29,2,15,6,19,18,8,65,5,229,1,3,12,5,4,19,5,4,5,0,2,3],[374,123,558,76,119,57,8860,1244,2522,1046,1970,4493,584,3887,455,243,240,1126,112,187,3539,1352,676,37,429,1836,131,166,3056,120,179,105,31,204,145,71,188,47,152,311,227,1066,16,96,375,176,115,1150,307,105,1561,203,31,2222,265,44,177,84,468,377,116,1235,79,3876,82,58,228,68,76,467,94,80,95,68,38,101],[26433,27742,25554,22773,26031,26247,26841,24881,28282,27759,22380,27609,31882,26209,29186,31887,31008,27743,26677,29468,30734,26349,35060,29531,37224,28545,24324,28939,26480,27218,27147,30625,24134,26782,30987,28292,29703,33063,27104,27901,28217,25651,null,27039,30812,28841,32045,26510,29875,26277,28301,30381,28364,27687,30756,25740,28871,28625,25045,28310,30397,27616,31697,27002,22414,32285,26892,27972,27165,26486,26072,32503,27381,21937,22733,27208],[22121,23298,22079,18201,23200,22884,23944,23374,26072,26647,20501,25327,29786,24061,27855,27611,27907,26087,26757,25405,28789,25012,31387,26860,29287,26888,19201,24999,22801,25083,25142,23546,21600,23155,26001,23532,24766,19741,24761,26855,22583,22155,null,23667,29433,23618,26593,24071,27202,21781,24560,23610,22191,25077,28597,21621,27036,21624,22783,24768,27117,22954,23945,23477,21695,20805,23212,25089,22214,21277,21012,21860,23822,17743,19443,25836],[98,31,124,32,28,15,1797,269,427,184,559,794,76,733,80,41,36,163,22,35,466,295,84,4,61,351,46,49,645,29,51,24,8,65,31,16,44,13,38,70,59,281,null,23,68,35,24,232,44,33,329,54,10,382,40,9,29,25,122,89,26,266,17,836,28,18,75,15,14,140,31,24,26,24,11,26],[227,74,370,34,79,35,5911,844,1703,695,1301,3068,376,2703,292,162,160,825,74,119,2367,887,408,23,251,1160,66,90,2025,67,95,57,19,111,85,39,110,29,90,189,131,652,null,60,223,115,64,773,213,54,972,107,14,1528,175,27,118,42,296,222,66,780,45,2514,48,27,117,44,53,263,49,38,53,39,24,61],[49,18,64,10,12,7,1152,131,392,167,110,631,132,451,83,40,44,138,16,33,706,170,184,10,117,325,19,27,386,24,33,24,4,28,29,16,34,5,24,52,37,133,null,13,84,26,27,145,50,18,260,42,7,312,50,8,30,17,50,66,24,189,17,526,6,13,36,9,9,64,14,18,16,5,3,14],[9885819,3412235,14259268,1730766,3097658,1496071,237808400,30952516,71326960,29035733,44089046,124045540,18619239,101874852,13279733,7748662,7441973,31238710,2987797,5510452,108769379,35623861,23700719,1092654,15968944,52409127,3186463,4803875,80923065,3266203,4859284,3215578,748161,5463605,4493056,2008722,5584110,1553952,4119808,8677300,6405226,27343893,null,2595783,11554551,5076089,3685118,30486752,9171610,2759111,44178363,6167371,879272,61521024,8150300,1132548,5110166,2404484,11720921,10672786,3526094,34105789,2504090,104660979,1837964,1872518,6131369,1902062,2064578,12368871,2450731,2600239,2601153,1491721,863870,2748013],[241,79,361,49,72,36,6459,874,1680,652,1423,2892,301,2577,236,138,133,688,83,104,2039,815,329,20,232,1088,75,97,2004,63,99,65,18,114,84,41,106,24,89,189,136,668,11,62,197,102,63,698,166,67,968,114,19,1380,154,24,102,48,306,225,64,782,51,2492,53,38,131,46,50,294,54,46,56,39,22,61],[1.8,1.8,1.7,1.7,1.8,1.8,1.5,1.6,1.8,2,1.6,1.9,2.5,1.8,2.4,2.2,2.2,1.9,1.4,2.1,2.3,2.1,2.5,null,2.2,2.1,1.8,1.8,1.7,2.3,2.1,1.8,null,2.1,2.1,2,2,null,1.9,2,2,1.8,null,1.7,2.4,1.9,2,1.9,2.3,1.7,1.7,1.9,null,1.9,2.2,null,2,1.9,1.7,2,2.1,1.8,1.6,1.8,1.7,1.9,2,1.7,1.7,1.7,2,1.9,1.9,1.8,null,2.1],[52.7,56,49.2,56,56.3,53.1,40.3,42.2,41.3,42.2,42.5,41.8,45.7,41.6,49.6,52.2,54.8,46.3,48.5,54.6,45,43.8,47.8,null,57.5,41.1,62.1,63.6,49.1,48.5,55.5,65.4,null,55.8,52.4,57.9,54.8,null,62.6,49,53.7,51.6,null,73.5,50.8,52.6,57.2,52.5,51.1,51.4,54.5,61.1,null,49.6,47.9,null,54,54,50.5,54.3,51.1,51.8,65.7,48,60,57.4,55.5,57.5,54.8,56.6,50.9,58.5,54.1,59.1,null,49.1],[124,41,198,26,32,20,4156,511,841,263,874,1400,67,1318,54,42,33,310,55,29,697,332,70,null,53,454,33,41,1072,14,30,26,null,43,28,15,42,null,41,76,53,330,null,36,42,38,23,302,43,35,481,46,null,626,58,null,38,18,167,98,22,382,26,1269,29,19,57,26,26,150,22,19,25,18,null,24],[9,2,19,3,2,0,1502,145,193,53,203,279,6,269,3,4,2,65,13,2,106,33,11,null,4,149,1,5,109,1,1,1,null,2,3,1,5,null,3,4,2,29,null,1,2,5,2,21,2,2,29,1,null,61,8,null,1,0,28,7,1,22,1,131,3,1,5,2,0,8,0,1,1,1,null,0],[3,1,5,0,2,0,299,38,64,16,37,84,7,78,5,5,4,25,3,1,70,27,17,null,7,38,0,2,28,1,0,0,null,0,1,1,1,null,2,1,1,8,null,0,4,1,0,6,5,0,6,2,null,22,3,null,1,0,2,7,1,7,1,38,0,0,0,0,1,2,2,0,0,0,null,4],[29,8,37,4,6,5,611,127,286,157,173,603,89,397,59,34,30,128,5,18,588,182,103,null,52,279,5,11,265,12,14,6,null,19,19,5,13,null,12,38,24,93,null,4,55,12,4,95,39,5,89,6,null,236,37,null,14,5,26,29,9,84,2,337,4,6,17,4,3,23,7,3,5,2,null,11],[5,1,6,0,2,0,88,22,53,26,27,126,19,84,12,7,7,23,0,6,124,34,37,null,11,47,0,3,53,1,3,0,null,0,4,0,3,null,2,2,4,7,null,1,12,2,2,16,3,3,23,3,null,43,9,null,6,0,4,7,3,21,1,57,0,1,1,2,2,2,1,0,1,0,null,2],[14,2,15,1,3,1,200,47,114,69,57,248,42,161,21,15,12,51,2,9,271,72,66,null,17,111,0,5,101,5,5,1,null,4,10,2,3,null,2,14,9,25,null,1,25,4,2,37,12,4,39,4,null,84,17,null,11,2,9,14,3,41,1,125,0,1,6,2,3,8,2,1,2,1,null,6],[13,4,18,3,3,1,248,57,140,78,56,293,52,173,32,15,13,68,1,10,284,101,42,null,22,124,2,3,112,8,10,3,null,7,8,3,7,null,4,18,12,50,null,2,23,6,3,50,23,2,34,3,null,120,21,null,3,2,17,15,6,42,0,159,3,3,10,2,1,9,4,3,2,1,null,5],[11,5,18,1,2,4,256,57,119,66,60,264,40,165,27,16,11,51,1,4,247,82,27,null,27,126,3,3,129,7,5,4,null,14,6,1,7,null,6,23,12,45,null,2,28,6,1,47,18,0,33,1,null,110,14,null,3,2,8,14,3,30,1,151,3,6,9,0,0,14,4,1,3,1,null,5],[4,1,10,1,0,2,226,44,96,49,38,130,11,127,8,6,3,33,2,4,100,42,6,null,8,42,1,0,67,1,2,2,null,4,3,0,0,null,1,6,2,25,null,0,5,0,0,17,5,1,25,0,null,54,3,null,0,0,4,4,3,20,0,84,2,1,2,1,0,4,1,0,2,0,null,1],[96,38,124,18,27,8,3442,444,746,338,710,1226,119,1113,84,52,55,321,56,43,805,307,136,null,75,555,20,45,678,21,34,17,null,43,31,16,41,null,30,76,36,217,null,23,67,32,23,235,49,26,289,35,null,494,59,null,38,14,143,90,27,240,23,883,12,8,39,21,20,109,8,18,18,15,null,20],[119,34,200,27,39,23,2417,304,650,158,542,1066,95,1076,93,53,48,242,22,43,651,332,92,null,108,255,50,41,1071,30,52,42,null,52,34,21,52,null,47,75,76,359,null,35,75,58,37,372,78,36,593,75,null,658,61,null,50,29,140,107,28,462,26,1281,37,25,77,21,27,165,39,26,34,22,null,30],[178,68,255,44,57,33,3126,513,1016,319,699,1819,272,1384,224,134,125,478,40,101,1662,616,300,null,222,628,65,88,1447,62,94,61,null,111,74,40,97,null,86,177,127,483,null,59,193,95,59,569,161,63,743,107,null,1041,145,null,92,46,210,205,58,618,41,1752,47,36,110,42,38,254,50,41,46,34,null,57],[57,8,105,3,11,1,3287,356,652,332,720,1055,27,1179,9,4,8,204,43,1,361,187,26,null,2,457,6,7,527,1,4,2,null,1,6,0,7,null,2,10,7,171,null,1,1,5,3,122,3,4,195,1,null,317,7,null,7,1,91,12,2,147,4,707,3,2,14,3,10,34,3,4,5,4,null,3],[6,3,1,2,4,2,46,5,12,1,4,18,2,14,3,0,0,6,0,2,16,12,3,null,8,3,4,2,30,0,1,2,null,2,4,1,2,null,1,2,2,14,null,2,3,2,1,7,2,0,30,6,null,22,2,null,3,1,5,8,4,17,6,33,3,0,7,1,2,6,1,1,5,1,null,1],[241,79,361,49,72,36,6459,874,1680,652,1423,2892,301,2577,236,138,133,688,83,104,2039,815,329,20,232,1088,75,97,2004,63,99,65,18,114,84,41,106,24,89,189,136,668,11,62,197,102,63,698,166,67,968,114,19,1380,154,24,102,48,306,225,64,782,51,2492,53,38,131,46,50,294,54,46,56,39,22,61],[41189,43347,38168,35474,43064,42000,36522,35383,42694,44953,31181,42951,60954,39228,56623,56401,56100,44314,35305,53466,53018,43967,69129,null,69077,47613,42498,49524,39949,52240,49507,49841,null,48120,54252,49505,52994,null,45280,46176,47369,39700,null,41944,59172,49864,58568,43567,55543,41198,45016,54114,null,44141,52828,null,50103,50609,38372,47745,55376,43250,49153,41672,34874,49428,47178,41353,41324,41091,45485,56557,46495,38259,null,45081],[31504,32408,29252,31746,36239,27904,28416,28211,34826,38986,25011,34376,59399,32578,52018,52869,52787,37440,29480,47222,47831,37974,63762,null,57112,40046,35081,42919,31595,47948,44113,39287,null,37903,39711,40485,44733,null,34385,38396,41712,31229,null,32648,58051,43502,52770,37129,50519,34538,35761,43604,null,37244,49402,null,45998,40451,30248,42039,49276,34527,31993,33610,29722,34130,37560,30916,32730,32323,38466,41131,35888,32413,null,42423],[85,19,133,19,20,13,2082,305,438,168,635,829,43,820,29,22,15,134,28,17,333,216,25,null,24,315,24,24,666,13,29,17,null,32,20,10,21,null,25,49,41,230,null,19,31,20,9,177,21,23,243,30,null,352,27,null,22,15,109,54,13,233,16,760,19,16,43,15,14,97,17,13,15,15,null,15],[125,48,191,24,41,18,3697,495,1034,396,714,1769,181,1483,155,90,89,483,42,65,1340,509,193,null,128,606,39,54,1110,40,50,34,null,64,45,23,64,null,46,109,76,368,null,31,116,63,35,442,108,32,556,58,null,856,102,null,60,19,158,128,38,425,24,1411,30,14,67,26,30,156,31,23,30,21,null,38],[31,12,37,6,11,5,680,74,208,88,74,294,77,274,52,26,29,71,13,22,366,90,111,null,80,167,12,19,228,10,20,14,null,18,19,8,21,null,18,31,19,70,null,12,50,19,19,79,37,12,169,26,null,172,25,null,20,14,39,43,13,124,11,321,4,8,21,5,6,41,6,10,11,3,null,8],[9926464,3424423,13778690,1738231,3100621,1511997,235893531,30924357,71725810,29309040,44370859,124214832,18347051,101091732,13363117,7783314,7461309,30488373,2930282,5560415,108104119,35833174,22743340,null,16025855,51803110,3187371,4803875,80058657,3291140,4901165,3239656,null,5485724,4557180,2029695,5617346,null,4029905,8727253,6442195,26519435,null,2600539,11656790,5086179,3689755,30409790,9220201,2760273,43575543,6168971,null,60914290,8135482,null,5110483,2429244,11741726,10742567,3544075,33821385,2506810,103846465,1848341,1878271,6180263,1902243,2066198,12080764,2456171,2601620,2603694,1492116,null,2749954],[473,133,472,292,128,102,1,0,34,8,0,1,66,46,158,93,52,9,0,359,228,302,179,27,241,240,229,111,1672,111,246,417,21,238,175,138,147,105,330,73,186,550,9,180,269,272,240,1181,274,212,2687,813,101,745,118,30,324,378,1022,329,148,1806,506,2158,219,257,424,48,166,1129,296,424,326,198,161,44],[301,135,445,140,127,70,1426,285,765,441,237,1538,356,783,293,185,167,375,28,145,1514,827,333,34,335,659,103,136,1721,109,164,121,26,203,175,75,157,37,137,243,234,845,17,131,244,131,94,822,229,102,1189,211,50,1220,207,37,163,88,379,350,84,954,110,2171,89,93,226,64,82,510,110,85,103,67,41,118],[58,14,84,18,11,4,367,30,139,110,14,174,62,43,22,16,24,31,13,13,121,111,23,5,60,50,6,10,296,12,17,11,2,13,30,11,11,1,14,17,24,114,3,12,17,12,9,107,16,9,210,36,8,137,22,8,18,6,63,33,8,123,8,334,15,13,20,5,15,104,15,6,11,8,3,8],[243,121,361,122,116,66,1059,255,626,331,223,1364,294,740,271,169,143,344,15,132,1393,716,310,29,275,609,97,126,1425,97,147,110,24,190,145,64,146,36,123,226,210,731,14,119,227,119,85,715,213,93,979,175,42,1083,185,29,145,82,316,317,76,831,102,1837,74,80,206,59,67,406,95,79,92,59,38,110],[303,101,495,69,100,48,7630,987,1920,749,1636,3181,315,2860,279,163,146,776,101,122,2172,951,395,26,271,1183,94,127,2492,83,129,86,23,144,119,56,133,30,112,219,174,921,14,94,214,117,83,884,198,86,1319,147,33,1666,184,26,136,63,506,287,76,1146,68,3168,73,59,190,51,92,428,74,69,74,46,30,84],[88.6,98.3,77,96,95.7,93.2,59,68,72.2,82,66,78.7,113.9,72.2,114.8,112,116.3,85.7,66.8,114.8,99.7,89.2,112.5,108.4,126.1,84.5,111.5,112.2,81.5,104.8,112.1,106.2,94.8,107.7,103.4,109.4,107.2,122.1,110.2,95.7,103.4,85.5,86.3,113.7,121.3,105.3,108.5,93.5,112.4,86.3,90,113.3,109.2,89.2,101.1,120.6,105.7,100.7,78.3,101.6,102.8,83,103.6,80.7,91.5,108.3,100.5,93.5,78,87.9,100.1,100.7,101.5,106.6,102,100.4],[295,98,458,66,96,47,1096,341,889,421,296,1810,313,1028,277,162,142,517,27,121,1870,843,371,26,270,747,90,124,1922,81,123,86,23,143,115,53,131,30,109,213,170,719,13,93,212,113,78,824,196,86,1085,146,33,1422,175,26,134,62,269,282,74,1060,68,2357,73,58,180,51,88,412,73,68,71,43,29,83],[0,0,14,0,3,0,6293,620,990,320,1305,1340,0,1780,0,0,4,246,74,0,277,84,23,0,0,433,0,0,523,0,0,0,0,0,0,0,0,0,0,3,0,157,0,0,0,0,0,41,0,0,183,0,0,208,4,0,0,0,226,0,0,54,0,732,0,0,7,0,0,0,0,0,0,0,0,0],[8,3,23,3,1,1,241,26,41,8,35,31,2,52,2,1,0,13,0,1,25,24,1,0,1,3,4,3,47,2,6,0,0,1,4,3,2,0,3,3,4,45,1,1,2,4,5,19,2,0,51,1,0,36,5,0,2,1,11,5,2,32,0,79,0,1,3,0,4,16,1,1,3,3,1,1],[166,32,227,5,17,18,9876,223,2113,1452,65,874,268,759,44,42,67,160,128,32,1138,370,186,3,178,208,14,26,1230,26,30,10,2,21,13,11,57,13,29,41,37,297,0,14,99,32,10,163,49,24,447,40,3,530,62,4,47,7,594,55,12,339,25,1527,16,9,14,9,81,53,5,8,23,13,4,8],[8,16,27,null,11,15,69,2,8,3,2,10,8,11,6,12,1,6,1,3,19,17,14,null,8,18,10,11,101,9,17,5,null,15,9,4,34,3,24,11,20,75,0,11,19,3,5,12,14,23,70,24,null,41,6,null,30,null,25,21,4,33,3,103,6,null,11,null,0,20,null,null,6,12,null,null],[68,3,26,null,2,1,1022,25,518,504,4,201,20,49,18,8,12,5,1,8,416,142,19,null,61,27,3,13,368,2,2,4,null,5,1,6,3,1,3,24,2,47,0,1,18,3,2,30,13,1,78,9,null,67,7,null,9,null,521,9,3,107,4,549,4,null,3,null,75,6,null,null,0,1,null,null],[90,13,174,null,4,2,8785,196,1587,945,59,663,240,699,20,22,54,149,126,21,703,211,153,null,109,163,1,2,761,15,11,1,null,1,3,1,20,9,2,6,15,175,0,2,62,26,3,121,22,0,299,7,null,422,49,null,8,null,48,25,5,199,18,874,6,null,0,null,6,27,null,null,17,0,null,null],[8,16,27,null,11,15,69,2,8,3,2,10,8,11,6,12,1,6,1,3,19,17,14,null,8,18,10,11,101,9,17,5,null,15,9,4,34,3,24,11,20,75,0,11,19,3,5,12,14,23,70,24,null,41,6,null,30,null,25,21,4,33,3,103,6,null,11,null,0,20,null,null,6,12,null,null],[0,0,0,null,0,0,0,0,0,0,0,0,0,4,2,0,0,0,0,0,0,0,0,null,0,0,0,0,0,0,0,0,null,0,0,0,0,0,0,2,0,0,0,0,6,0,0,0,0,0,0,0,null,1,0,null,0,null,2,0,0,7,0,0,0,null,0,null,0,1,null,null,0,0,null,null],[65,0,12,null,0,1,777,0,193,351,3,89,13,2,1,2,6,0,0,0,277,117,16,null,10,6,1,3,295,0,0,0,null,0,0,5,0,0,0,21,1,22,0,0,4,0,0,6,2,0,25,0,null,14,0,null,0,null,510,5,1,79,0,428,0,null,0,null,74,3,null,null,0,0,null,null],[0,0,0,null,0,0,106,0,17,0,0,0,0,0,0,0,0,0,0,0,38,0,0,null,5,0,0,0,1,0,0,0,null,0,0,0,0,0,0,0,0,1,0,0,0,0,0,0,0,0,0,0,null,0,0,null,0,null,0,0,0,0,0,4,0,null,0,null,0,0,null,null,0,0,null,null],[0,0,1,null,0,0,21,0,42,0,0,24,0,0,0,1,0,0,0,0,17,5,0,null,42,0,0,0,11,0,0,0,null,0,0,0,0,0,0,0,0,0,0,0,0,0,0,0,0,0,2,0,null,6,0,null,0,null,0,0,0,1,0,4,0,null,0,null,0,0,null,null,0,0,null,null],[3,3,13,null,2,0,118,25,266,153,1,88,7,43,15,5,6,5,1,8,84,20,3,null,4,21,2,10,61,2,2,4,null,5,1,1,3,1,3,1,1,24,0,1,8,3,2,24,11,1,51,9,null,46,7,null,9,null,9,4,2,20,4,113,4,null,3,null,1,2,null,null,0,1,null,null],[35,1,16,null,0,0,869,12,411,53,8,169,49,231,0,0,38,9,0,2,109,25,9,null,4,12,0,0,122,11,2,0,null,0,0,1,0,0,2,0,7,24,0,0,3,5,0,20,4,0,34,2,null,62,2,null,0,null,5,1,0,25,0,138,4,null,0,null,0,8,null,null,0,0,null,null],[9,0,18,null,0,0,132,4,13,340,0,70,1,11,4,0,0,10,0,1,42,18,5,null,41,13,0,2,59,1,4,0,null,1,2,0,1,9,0,2,1,24,0,0,6,17,0,11,2,0,23,2,null,19,5,null,0,null,30,2,0,6,0,85,2,null,0,null,4,1,null,null,0,0,null,null],[35,0,7,null,1,0,372,1,106,15,1,4,1,54,1,0,0,16,0,0,26,8,19,null,0,4,0,0,33,0,0,0,null,0,0,0,0,0,0,3,0,9,0,0,3,1,0,11,0,0,40,0,null,29,1,null,1,null,0,8,0,8,2,54,0,null,0,null,0,4,null,null,17,0,null,null],[0,0,0,null,0,0,225,3,167,1,2,1,1,20,0,0,0,0,0,0,3,5,1,null,0,0,0,0,9,0,1,0,null,0,0,0,0,0,0,0,4,0,0,0,0,0,0,0,1,0,2,0,null,1,0,null,0,null,0,1,0,0,0,10,0,null,0,null,0,0,null,null,0,0,null,null],[0,0,5,null,0,0,193,0,1,1,0,3,3,2,0,0,0,0,0,0,4,0,2,null,0,3,0,0,14,0,0,0,null,0,0,0,0,0,0,0,0,0,0,0,2,0,0,0,0,0,0,0,null,0,0,null,0,null,0,0,0,1,0,0,0,null,0,null,0,0,null,null,0,0,null,null],[0,0,1,null,0,0,169,0,9,17,0,5,0,1,0,0,0,3,0,0,3,1,0,null,1,0,0,0,17,0,0,0,null,0,0,0,0,0,0,0,0,1,0,0,0,1,0,0,2,0,5,0,null,1,0,null,0,null,0,0,0,0,0,4,0,null,0,null,0,0,null,null,0,0,null,null],[3,0,4,null,1,2,334,7,195,14,2,43,6,118,2,2,1,0,0,0,129,1,5,null,1,3,0,0,28,0,1,0,null,0,1,0,0,0,0,1,0,2,0,1,2,1,1,3,6,0,12,0,null,20,1,null,1,null,1,2,0,3,0,26,0,null,0,null,0,2,null,null,0,0,null,null],[2,0,8,null,0,0,462,40,49,100,3,4,0,24,10,0,2,2,0,0,34,0,2,null,0,1,1,0,42,0,0,0,null,0,0,0,5,0,0,0,1,9,0,0,0,1,2,5,0,0,25,1,null,19,0,null,6,null,11,0,3,17,0,53,0,null,0,null,0,2,null,null,0,0,null,null],[0,0,24,null,0,0,984,0,109,386,0,0,0,0,0,0,0,0,0,0,3,2,0,null,0,0,0,0,29,0,0,0,null,0,0,0,0,0,0,0,0,1,0,0,0,0,0,1,0,0,23,0,null,1,0,null,0,null,0,0,0,13,0,32,0,null,0,null,0,2,null,null,0,0,null,null],[0,0,18,null,0,0,1126,0,60,0,0,94,17,51,0,12,0,17,0,0,85,110,7,null,35,0,0,0,67,3,0,0,null,0,0,0,3,0,0,0,0,22,0,0,0,0,0,21,1,0,31,0,null,51,1,null,0,null,0,5,0,23,0,81,0,null,0,null,0,1,null,null,0,0,null,null],[4,10,64,null,0,0,3240,88,371,15,36,220,150,170,1,0,12,91,126,17,244,25,97,null,26,124,0,0,287,0,0,0,null,0,0,0,10,0,0,0,1,75,0,0,43,0,0,39,3,0,91,0,null,194,38,null,0,null,1,5,0,86,16,318,0,null,0,null,2,2,null,null,0,0,null,null],[0,2,3,null,0,0,310,29,1,1,5,21,11,4,0,8,0,0,0,0,14,10,4,null,0,0,0,0,18,0,2,0,null,0,0,0,0,0,0,0,0,2,0,0,1,0,0,3,1,0,5,1,null,4,0,null,0,null,0,0,2,2,0,32,0,null,0,null,0,0,null,null,0,0,null,null],[2,0,6,null,2,0,369,12,94,2,2,29,1,13,2,0,1,1,0,1,7,6,2,null,1,3,0,0,36,0,1,1,null,0,0,0,1,0,0,0,1,6,0,1,2,0,0,7,2,0,8,1,null,21,1,null,0,null,0,1,0,15,0,41,0,null,0,null,0,5,null,null,0,0,null,null],[0,0,0,null,0,0,0,0,1,0,0,0,0,0,0,0,0,0,0,0,0,0,0,null,0,0,0,0,0,0,0,0,null,0,0,0,0,0,0,0,0,0,0,0,0,0,0,0,0,0,0,0,null,0,0,null,0,null,0,0,0,0,0,0,0,null,0,null,0,0,null,null,0,0,null,null],[0,0,0,null,0,0,0,0,0,0,0,0,0,0,0,0,0,0,0,0,0,0,0,null,0,0,0,0,0,0,0,0,null,0,0,0,0,0,0,0,0,0,0,0,0,0,0,0,0,0,0,0,null,0,0,null,0,null,0,0,0,0,0,0,0,null,0,null,0,0,null,null,0,0,null,null],[0,0,0,null,0,0,0,0,0,0,0,0,0,0,0,0,0,0,0,0,0,0,0,null,0,0,0,0,0,0,0,0,null,0,0,0,0,0,0,0,0,0,0,0,0,0,0,0,0,0,0,0,null,0,0,null,0,null,0,0,0,0,0,1,0,null,0,null,0,0,null,null,0,0,null,null],[425,139,625,83,128,64,9797,1445,3025,1323,2240,5589,775,4590,569,310,289,1354,117,222,4666,1695,855,46,520,2328,138,178,3527,145,207,116,38,234,176,81,215,55,168,385,276,1224,21,104,476,198,124,1318,383,115,1705,212,32,2638,341,49,204,93,516,439,134,1394,83,4486,89,72,260,76,83,512,110,86,105,72,44,126],[155,60,211,24,47,23,4058,545,1216,611,715,2231,375,1594,261,135,140,574,54,97,2150,688,434,15,228,1070,43,79,1172,64,90,34,16,101,81,28,90,24,77,166,91,412,null,42,214,75,47,484,163,44,571,81,8,1004,149,21,93,30,189,190,61,471,32,1583,28,24,94,34,29,156,33,27,37,25,13,43],[36,8,25,6,5,3,461,106,162,95,257,331,20,353,18,11,14,67,21,8,161,96,29,0,15,126,11,16,174,5,6,5,2,11,9,4,13,1,6,23,9,51,null,4,18,5,8,80,10,8,73,10,3,156,12,2,3,7,38,26,10,55,3,192,1,1,11,2,7,47,4,3,4,4,1,8],[44,12,55,6,8,4,702,153,408,226,208,903,163,562,92,51,43,186,4,31,939,282,157,6,70,372,4,11,378,17,25,6,6,18,24,9,21,8,12,57,40,129,null,7,83,18,8,143,60,10,114,8,1,325,66,4,26,7,42,49,18,133,3,487,5,11,26,8,7,34,12,5,9,3,4,23],[15,5,19,4,2,5,964,127,216,95,156,370,45,301,45,22,11,76,7,10,293,100,49,4,29,224,5,3,131,9,5,7,2,18,11,5,12,0,8,23,12,51,null,2,30,4,1,48,18,1,59,5,0,130,16,3,4,2,15,19,3,48,2,205,2,4,11,0,1,16,4,1,2,3,2,2],[164,50,301,42,61,28,3341,461,953,267,772,1601,156,1630,142,86,74,435,29,67,1062,470,174,20,165,475,72,62,1566,48,75,63,11,82,50,34,74,21,63,107,115,555,null,48,122,91,58,542,124,48,851,103,20,967,86,16,74,45,208,148,40,663,40,1870,50,29,112,28,37,251,55,50,50,32,22,46],[11,4,14,1,5,1,271,53,70,29,132,153,16,150,11,5,7,16,2,9,61,59,12,1,13,61,3,7,106,2,6,1,1,4,1,1,5,1,2,9,9,26,null,1,9,5,2,21,8,4,37,5,0,56,12,3,4,2,24,7,2,24,3,149,3,3,6,4,2,8,2,0,3,5,2,4],["mikkeli","mikkeli","mikkeli","mikkeli","mikkeli","mikkeli","mikkeli","mikkeli","mikkeli","mikkeli","mikkeli","mikkeli","mikkeli","mikkeli","mikkeli","mikkeli","mikkeli","mikkeli","mikkeli","mikkeli","mikkeli","mikkeli","mikkeli","mikkeli","mikkeli","mikkeli","mikkeli","mikkeli","mikkeli","mikkeli","mikkeli","mikkeli","mikkeli","mikkeli","mikkeli","mikkeli","mikkeli","mikkeli","mikkeli","mikkeli","mikkeli","mikkeli","mikkeli","mikkeli","mikkeli","mikkeli","mikkeli","mikkeli","mikkeli","mikkeli","mikkeli","mikkeli","mikkeli","mikkeli","mikkeli","mikkeli","mikkeli","mikkeli","mikkeli","mikkeli","mikkeli","mikkeli","mikkeli","mikkeli","mikkeli","mikkeli","mikkeli","mikkeli","mikkeli","mikkeli","mikkeli","mikkeli","mikkeli","mikkeli","mikkeli","mikkeli"],["19410","19420","19430","19460","19470","19480","50100","50120","50130","50150","50160","50170","50180","50190","50200","50300","50350","50500","50520","50770","50600","50670","50700","51380","50800","50970","51130","51420","51200","51260","51270","51310","51335","51340","51360","51430","51440","51450","51460","51520","51540","51600","51620","51670","51720","51740","52150","52100","52110","52610","52200","52230","52270","52300","52320","52330","52340","52360","52420","52510","52520","52550","52620","52700","52720","52730","52740","52760","52780","52830","52850","52890","52960","52970","52980","77380"],[8.5,5.8,4,7.2,3.9,4.7,4.7,7.3,5.4,7.2,11.5,5.9,2.6,7.7,3.2,3.5,4.8,4.9,17.9,3.6,3.5,5.7,3.4,0,2.9,5.4,8,9,4.9,3.4,2.9,4.3,5.3,4.7,5.1,4.9,6,1.8,3.6,6,3.3,4.2,null,3.8,3.8,2.5,6.5,6.1,2.6,7,4.3,4.7,9.4,5.9,3.5,4.1,1.5,7.5,7.4,5.9,7.5,3.9,3.6,4.3,1.1,1.4,4.2,2.6,8.4,9.2,3.6,3.5,3.8,5.6,2.3,6.3],[19.8,15.4,20.8,18.4,22.7,15.8,37,29.3,41.7,32.2,23.1,33.9,42,32.6,32.3,27.2,28.7,33.5,40.2,35.8,42.6,26,50.1,10.8,47.6,38.4,16,27.1,25.9,25,22.3,24.8,12.9,17.2,31,26.8,24.5,23.4,25.7,26,24.2,22,null,20.8,37.1,30.7,29.6,28.5,30.3,24.8,26.8,27.6,29,27.9,29.8,22.7,27.7,29.8,18.8,22.3,25.9,23.4,21.5,24,11,25.9,17.5,20.6,15.8,19.3,24.5,22.5,14.7,17.6,21.1,15.8],[38.6,36,48.2,50.6,47.7,43.8,34.1,31.9,31.5,20.2,34.5,28.6,20.1,35.5,25,27.7,25.6,32.1,24.8,30.2,22.8,27.7,20.4,43.5,31.7,20.4,52.2,34.8,44.4,33.1,36.2,54.3,28.9,35,28.4,42,34.4,38.2,37.5,27.8,41.7,45.3,null,46.2,25.6,46,46.8,41.1,32.4,41.7,49.9,48.6,62.5,36.7,25.2,32.7,36.3,48.4,40.3,33.7,29.9,47.6,48.2,41.7,56.2,40.3,43.1,36.8,44.6,49,50,58.1,47.6,44.4,50,36.5],[73.9,86.1,70.6,89.8,79.2,91.7,48.4,58.7,60.5,48.9,49.1,62.9,90.4,53.7,94.9,97.1,94,69.5,48.2,97.1,81.5,75.6,91.2,null,95.7,57.7,86.7,90.7,72.2,98.4,94.9,93.8,null,97.4,88.1,97.6,91.5,null,96.6,93.7,93.4,72.3,null,95.2,98,93.1,93.7,81.5,97,94,76.8,93.9,null,75.4,94.2,null,90.2,95.8,68.6,91.1,90.6,79,80.4,70.3,88.7,94.7,84,91.3,76,86.4,92.6,89.1,82.1,87.2,null,93.4],[23.7,10.1,29.1,6.1,15.3,2.8,50.9,40.7,38.8,50.9,50.6,36.5,9,45.8,3.8,2.9,6,29.7,51.8,1,17.7,22.9,7.9,null,0.9,42,8,7.2,26.3,1.6,4,3.1,null,0.9,7.1,0,6.6,null,2.2,5.3,5.1,25.6,null,1.6,0.5,4.9,4.8,17.5,1.8,6,20.1,0.9,null,23,4.5,null,6.9,2.1,29.7,5.3,3.1,18.8,7.8,28.4,5.7,5.3,10.7,6.5,20,11.6,5.6,8.7,8.9,10.3,null,4.9],[5,2,6,1,3,2,990,833,425,204,2024,576,62,700,7,5,11,210,116,3,80,16,22,3,10,17,2,2,8,2,2,1,7,2,1,2,2,2,2,4,2,5,2,1,7,3,2,4,6,2,2,1,1,13,10,9,2,1,2,3,4,3,1,8,3,2,2,3,3,2,1,1,1,1,0,2],[4.9,2.2,3.5,2.4,3.1,1.6,2.6,4,5,6.7,3.7,6.4,7.9,4.7,5.3,6.5,5.5,4.9,1.7,5.9,8.4,6.1,10.4,4.3,5,6.5,0,2.8,3.9,3.4,3.9,0.9,7.9,1.7,7.4,3.7,2.8,7.3,1.8,4.4,4.7,2.5,null,1,6.7,3.5,2.4,3.5,3.9,4.3,3,2.4,3.1,4.2,8.5,2,9.3,3.2,2.3,4.8,3,4.2,2.4,3.9,0,4.2,2.3,3.9,7.2,2.1,1.8,1.2,2.9,1.4,2.3,7.1],[3.5,3.6,3,4.8,1.6,7.8,9.8,8.8,7.1,7.2,7,6.6,5.8,6.6,7.9,7.1,3.8,5.6,6,4.5,6.3,5.9,5.7,8.7,5.6,9.6,3.6,1.7,3.7,6.2,2.4,6,5.3,7.7,6.2,6.2,5.6,0,4.8,6,4.3,4.2,null,1.9,6.3,2,0.8,3.6,4.7,0.9,3.5,2.4,0,4.9,4.7,6.1,2,2.2,2.9,4.3,2.2,3.4,2.4,4.6,2.2,5.6,4.2,0,1.2,3.1,3.6,1.2,1.9,4.2,4.5,1.6],[97.4,97,92.5,95.7,96,97.9,14.4,34.5,46.3,56.2,18.1,56.9,99.4,35.9,99.3,99.4,97.3,66.6,26.7,99.2,86.1,88.6,93.9,100,99.6,63.1,95.7,97.6,77.1,97.6,95.3,100,100,99.3,96.6,94.6,98.5,100,97.3,97.3,97.7,78.1,92.9,98.9,99.1,96.6,94,93.2,99,100,82.3,99.3,100,85.4,95.1,100,98.5,98.4,53.2,98.3,97.4,92.5,100,74.4,100,98.3,94.7,100,95.7,96.3,98.6,98.6,95.9,93.5,96.7,98.8],[6.6,6.5,9,9.6,4.7,7.8,21.7,16.1,12.1,11.3,12.9,10.4,9.2,10.8,9.1,7.1,10,9.8,17.9,5.9,9.1,9.6,11.9,4.3,6,13.5,6.5,8.4,6.5,6.2,3.9,2.6,7.9,6.4,6.2,6.2,9.8,7.3,8.9,5.2,4,6.5,null,5.8,6.9,6.1,2.4,6.8,6.8,7,5.5,6.1,0,7.1,7.9,10.2,7.8,0,6.6,8.4,12.7,5.4,8.4,8,4.5,4.2,4.6,5.3,9.6,5.1,6.4,2.3,7.6,5.6,4.5,5.6],[0.91,0.72,1.01,0.73,0.8,0.64,1.24,1.02,1.13,0.94,1.05,1.04,1.02,1.09,0.84,0.91,0.9,0.97,0.8,0.95,1.02,0.96,0.99,0.84,0.96,0.97,0.77,0.73,1.05,0.84,0.88,0.73,0.73,0.84,0.83,0.84,0.89,0.9,0.79,0.91,0.85,1.11,null,1.17,0.82,0.78,0.82,1.04,0.89,0.89,0.99,0.93,1,1.1,0.95,0.75,0.96,0.69,0.85,0.74,0.84,0.98,0.63,1.03,0.85,1.18,0.79,0.69,1.13,0.91,0.77,0.83,0.88,0.64,0.91,0.85],[1.2,1.3,1.4,0,2.8,0,4.6,4.3,3.8,2.5,2.6,2.9,2.3,3,2.1,3.6,3,3.6,3.6,1,3.4,3.3,5.2,null,3,3.5,0,2.1,1.4,1.6,0,0,null,0,1.2,2.4,0.9,null,2.2,0.5,0.7,1.2,null,0,2,1,0,0.9,3,0,0.6,1.8,null,1.6,1.9,null,1,0,0.7,3.1,1.6,0.9,2,1.5,0,0,0,0,2,0.7,3.7,0,0,0,null,6.6],[12,10.1,10.2,8.2,8.3,13.9,9.5,14.5,17,24.1,12.2,20.9,29.6,15.4,25,24.6,22.6,18.6,6,17.3,28.8,22.3,31.3,null,22.4,25.6,6.7,11.3,13.2,19,14.1,9.2,null,16.7,22.6,12.2,12.3,null,13.5,20.1,17.6,13.9,null,6.5,27.9,11.8,6.3,13.6,23.5,7.5,9.2,5.3,null,17.1,24,null,13.7,10.4,8.5,12.9,14.1,10.7,3.9,13.5,7.5,15.8,13,8.7,6,7.8,13,6.5,8.9,5.1,null,18],[0,0,0,null,0,0,2.3,1.3,7.9,0.1,3.1,0.1,0.4,2.6,0,0,0,0,0,0,0.3,1.4,0.5,null,0,0,0,0,0.7,0,3.3,0,null,0,0,0,0,0,0,0,10.8,0,null,0,0,0,0,0,2,0,0.4,0,null,0.2,0,null,0,null,0,1.8,0,0,0,0.7,0,null,0,null,0,0,null,null,0,0,null,null],[2.4,31.2,28.2,null,0,0,32.8,39.5,17.6,1,55.4,25.2,56,22.4,2.3,0,17.9,56.9,98.4,53.1,21.4,6.8,52.2,null,14.6,59.6,0,0,23.3,0,0,0,null,0,0,0,17.5,0,0,0,2.7,25.3,null,0,43.4,0,0,23.9,6.1,0,20.4,0,null,36.6,61.3,null,0,null,0.2,9.1,0,25.4,64,20.8,0,null,0,null,2.5,3.8,null,null,0,0,null,null],[36.5,43.2,33.8,28.9,36.7,35.9,41.4,37.7,40.2,46.2,31.9,39.9,48.4,34.7,45.9,43.5,48.4,42.4,46.2,43.7,46.1,40.6,50.8,32.6,43.8,46,31.2,44.4,33.2,44.1,43.5,29.3,42.1,43.2,46,34.6,41.9,43.6,45.8,43.1,33,33.7,null,40.4,45,37.9,37.9,36.7,42.6,38.3,33.5,38.2,25,38.1,43.7,42.9,45.6,32.3,36.6,43.3,45.5,33.8,38.6,35.3,31.5,33.3,36.2,44.7,34.9,30.5,30,31.4,35.2,34.7,29.5,34.1],[36.5,34.5,45.1,44.6,41.4,43.8,32.9,26.7,29,16.3,31.2,25.8,19.9,32.9,23.6,26.5,24.9,26.8,23.1,27.9,20.4,26.4,19.3,43.5,30.6,16.4,52.9,32,41.1,33.8,36.2,51.7,21.1,32.9,29.5,38.3,33,36.4,36.9,26.5,38,42.2,null,45.2,24.4,43.4,44.4,38.3,31.1,40.9,48.5,48.6,56.2,34.6,24,32.7,33.8,45.2,36.8,31.2,28.4,45.1,42.2,38.9,57.3,38.9,41.2,35.5,48.2,46.1,48.2,46.5,42.9,43.1,45.5,34.1],[1.76,1.76,1.73,1.69,1.78,1.78,1.52,1.65,1.8,2.03,1.57,1.93,2.57,1.78,2.41,2.25,2.17,1.97,1.41,2.13,2.29,2.08,2.6,2.3,2.24,2.14,1.84,1.84,1.76,2.3,2.09,1.78,2.11,2.05,2.1,1.98,2.03,2.29,1.89,2.04,2.03,1.83,1.91,1.68,2.42,1.94,1.97,1.89,2.31,1.72,1.76,1.86,1.68,1.91,2.21,2.04,2,1.94,1.69,1.95,2.09,1.78,1.63,1.8,1.68,1.89,1.98,1.65,1.66,1.74,2.04,1.87,1.88,1.85,2,2.07],[41,9.4,11.5,null,11.8,5.6,10.3,11.2,24.5,34.7,6.2,23,7.5,6.5,40.9,19,17.9,3.1,0.8,25,36.6,38.4,10.2,null,34.3,13,21.4,50,29.9,7.7,6.7,40,null,23.8,7.7,54.5,5.3,7.7,10.3,58.5,5.4,15.8,null,7.1,18.2,9.4,20,18.4,26.5,4.2,17.4,22.5,null,12.6,11.3,null,19.1,null,87.7,16.4,25,31.6,16,36,25,null,21.4,null,92.6,11.3,null,null,0,7.7,null,null],[0,0,10.6,null,0,0,10,0,5.2,26.6,0,0,0,0,0,0,0,0,0,0,0.3,0.5,0,null,0,0,0,0,2.4,0,0,0,null,0,0,0,0,0,0,0,0,0.3,null,0,0,0,0,0.6,0,0,5.1,0,null,0.2,0,null,0,null,0,0,0,3.8,0,2.1,0,null,0,null,0,3.8,null,null,0,0,null,null],[54.2,40.6,76.7,null,23.5,11.1,89,87.9,75.1,65.1,90.8,75.9,89.6,92.1,45.5,52.4,80.6,93.1,98.4,65.6,61.8,57,82.3,null,61.2,78.4,7.1,7.7,61.9,57.7,36.7,10,null,4.8,23.1,9.1,35.1,69.2,6.9,14.6,40.5,58.9,null,14.3,62.6,81.2,30,74.2,44.9,0,66.9,17.5,null,79.6,79,null,17,null,8.1,45.5,41.7,58.7,72,57.2,37.5,null,0,null,7.4,50.9,null,null,73.9,0,null,null],[99.3,133.7,89.9,202.9,127,145.8,18.7,28.9,39.8,58.9,14.5,48.3,113,27.4,105,113.5,114.4,48.3,27.7,118.9,69.7,87,84.3,130.8,123.6,55.7,109.6,107.1,69.1,131.3,127.1,140.7,113,141,147.1,133.9,118,123.3,122.3,111,134.5,91.7,121.4,139.4,114,112,113.3,93,115.7,118.6,90.1,143.5,151.5,73.2,112.5,142.3,119.9,139.7,74.9,122,110.5,83.2,161.8,68.5,121.9,157.6,118.9,125.5,89.1,119.2,148.6,123.2,139.2,145.7,136.7,140.5],[3.7,2.6,1.6,1,1.4,0,4.7,6.8,3.8,5.4,10.5,3.5,2.1,7.2,0.5,3.6,0.7,3.4,2.5,2.5,1.9,2.4,1.9,2.1,1.9,4.2,1.4,2.5,1.8,0.6,0.5,3,0,0.8,1.1,2.6,0,2,1.1,0.7,0.7,4.6,0,0,1.3,1,0,0.6,1.2,1.7,2,1.4,2.8,3,3.2,0,1,2.1,8.9,1.3,0,3.1,5.2,2.2,5.7,0,0.4,3.6,2.2,3.4,3.5,4.4,1.7,8.9,2.9,6.1],[101.8,66.5,87.8,58.3,67.9,57.8,118.8,120.9,107.7,108.3,145.3,111.6,69.5,121.7,45.5,42.3,55.5,95.7,131.8,36.4,77.5,67.4,59.9,36.5,47.7,73.3,46.2,48.7,57.7,31,30.4,26.4,60,34.3,29.8,45.4,39.6,37.7,31.8,47.5,32.4,51.4,49.2,25.1,46.1,34.6,41.1,51.6,41.5,61.2,74.8,51.2,95.5,65.7,50.5,60.5,28,35.4,51.4,62.9,72.7,61.1,37.8,93.9,50.4,44.3,59.6,57.6,55.6,50.7,41.9,43.1,44.5,53.3,162.2,40.6],[689,null,402,null,null,null,1648,760,1830,1573,553,1150,null,1583,null,null,null,1216,null,null,1678,901,2945,null,null,2188,null,null,659,null,null,null,null,null,null,null,null,null,null,null,null,907,null,null,null,null,null,1332,null,null,1080,null,null,1017,null,null,null,null,591,null,null,720,null,628,null,null,null,null,null,null,null,null,null,null,null,null],[0.3,0.2,0.2,0.2,0.3,0.2,10.1,12.1,2.1,3.2,10.8,6,1.3,3.7,0.5,0.2,0.2,5,9,0,0.8,0.4,0.9,0.9,0.4,0.3,0,0.3,0.2,0.1,0.2,0.2,0,0.2,0.1,0.2,0.1,0.1,0,0.4,0.3,0.2,0.2,0.1,0.2,0.2,0.3,0.2,0.3,0.4,0.1,0.1,0.2,0.3,0.4,0.4,0,0,0.2,0.2,0.3,0.2,0.1,0.3,0.4,0.3,0.2,0.3,0.1,0.2,0,0.2,0.2,0,0,0.2],[24.1,24.1,24.5,24.5,24.5,24.4,23.5,23.5,23.5,23.5,23.5,22.5,23,23,23.4,22.1,22.6,23.5,23.5,24.3,23.9,24.3,23.5,24.3,23,22.9,24.1,23.4,24.2,23.9,23.7,24.4,24.3,24.4,24.6,23.7,23.7,23,23.4,22.1,21.9,22.1,22.2,22.2,22.1,21.9,22.2,22.4,22.6,24.7,21.7,22.3,21.8,23.3,23.6,23.6,23,22.8,23.1,24.1,24.5,24.7,24.8,24,24.4,24.4,24.3,23.9,23.6,23.1,23.6,23.9,24.3,24.3,24.2,21.6],[0,0,0,0,0,0,0.7,0,0.1,0,0.9,0.3,0,0,0,0,0,0,0,0,0,0,0.1,0,0,0,0,0,0,0,0,0,0,0,0,0,0,0,0,0,0,0,0,0,0,0,0,0,0,0,0,0,0,0,0,0,0,0,0,0,0,0,0,0,0,0,0,0,0,0,0,0,0,0,0,0],[0,0,0,0,0,0,0.7,0,0.1,0,0,0.3,0.2,0.3,0,0,0,0.2,0,0,0,0,0,0,0,0,0,0,0,0,0,0,0,0,0,0,0,0,0,0,0,0,0,0,0,0,0,0,0,0,0,0,0,0,0,0,0,0,0,0,0,0,0,0,0,0,0,0,0,0,0,0,0,0,0,0],[0,0,0,0,0,0,0.7,0,0,0,0,0,0,0.2,0,0,0,0,0,0,0,0,0,0,0,0,0,0,0,0,0,0,0,0,0,0,0,0,0,0,0,0,0,0,0,0,0,0,0,0,0,0,0,0,0,0,0,0,0,0,0,0,0,0,0,0,0,0,0,0,0,0,0,0,0,0],[0,0,0,0,0,0,6.1,0,0.8,0,0,0,0.6,0.8,0,0,0.1,0.3,0,0,0.1,0,0.1,0,0,0,0,0,0,0,0,0,0,0,0,0,0,0,0,0,0,0,0,0,0,0,0,0,0,0,0,0,0,0,0,0.2,0,0,0,0,0,0,0,0,0,0,0,0,0,0,0,0,0,0,0,0],[0,0,0,0,0,0,0.8,0,0.3,0,0,0.2,0.1,0.3,0,0,0,0.2,0,0,0,0,0,0,0,0,0,0,0,0,0,0,0,0,0,0,0,0,0,0,0,0,0,0,0,0,0,0,0,0,0,0,0,0,0,0,0,0,0,0,0,0,0,0,0,0,0,0,0,0,0,0,0,0,0,0],[0.2,0,0.3,0,0,0,39.5,28.8,12.9,4.3,16.3,17.5,4.6,23.3,0.1,0,0.1,8.2,7,0,3.2,0.4,1.2,0,0,0.2,0,0,0.1,0,0,0,0,0,0,0,0,0,0,0,0,0.1,0,0,0,0,0,0.1,0,0,0.1,0,0,0.4,0,0,0,0,0,0,0,0,0,0.4,0.1,0,0,0,0,0,0,0,0,0,0,0],[51.5,51.9,54.8,53.1,44.4,55.6,64.3,58.5,50.1,40.3,61.4,48.4,22.3,51.1,22.9,30.4,24.8,45.1,66.3,27.9,34.2,40.7,21.3,null,22.8,41.7,44,42.3,53.5,22.2,30.3,40,null,37.7,33.3,36.6,39.6,null,46.1,40.2,39,49.4,null,58.1,21.3,37.3,36.5,43.3,25.9,52.2,49.7,40.4,null,45.4,37.7,null,37.3,37.5,54.6,43.6,34.4,48.8,51,50.9,54.7,50,43.5,56.5,52,51,40.7,41.3,44.6,46.2,null,39.3],[null,null,null,null,null,null,11.87,12.34,15.46,12.35,10.64,13.2,null,10.59,null,null,null,12.35,null,null,12.35,12.35,null,null,null,12.35,null,null,null,null,null,null,null,null,null,null,null,null,null,null,null,12.35,null,null,null,null,null,12.35,null,null,null,null,null,12.35,null,null,null,null,null,null,null,null,null,null,null,null,null,null,null,null,null,null,null,null,null,null],[null,null,null,null,null,null,11.6,5.1,9.9,10.6,4.3,7.3,null,12.5,null,null,null,8.2,null,null,11.3,6.1,null,null,null,14.8,null,null,null,null,null,null,null,null,null,null,null,null,null,null,null,6.1,null,null,null,null,null,9,null,null,null,null,null,6.9,null,null,null,null,null,null,null,null,null,null,null,null,null,null,null,null,null,null,null,null,null,null],[78,76,79,76,76,76,96,84,89,82,84,87,87,92,78,76,79,88,83,76,83,80,82,76,76,78,76,76,78,76,76,76,76,76,76,76,76,76,76,76,76,78,76,76,76,76,76,78,76,76,78,76,76,80,76,78,76,76,76,76,76,76,76,80,78,76,76,76,76,76,76,76,76,76,76,76],[4.7,7.2,1.6,12,2.6,null,0.2,null,0.7,0.5,null,0.1,1.3,0.4,5.3,3.2,null,2,2.8,3,1.1,2.8,2.7,null,1.9,0.3,4.8,9.4,1.3,4.6,3.2,null,null,1.4,18.9,16.5,12.4,null,null,4.3,6,1.9,null,null,8.4,8.4,13.4,2,5.2,null,1.4,9.4,null,1.4,4.9,null,3.3,10.8,4.5,9.9,null,1.4,8,2.2,7.5,13.9,5.1,null,4,10.4,null,null,null,null,null,5.3],[null,null,-24.4,null,null,null,-13.9,-42.1,-3.9,null,-47.1,-22.7,null,-8.4,null,null,null,-7.5,null,null,-6.1,-14.2,-5.4,null,null,-6,null,null,-28.6,null,null,null,null,null,null,null,null,null,null,null,null,null,null,null,null,null,null,null,null,null,5.3,null,null,0.8,null,null,null,null,null,null,null,-9.1,null,-4.8,null,null,null,null,null,null,null,null,null,null,null,null],[null,null,null,null,null,null,58.1,null,null,null,null,null,null,null,null,null,null,null,null,null,null,55,null,null,null,null,null,null,56.1,null,null,null,null,null,null,null,null,null,null,null,null,null,null,null,null,null,null,null,null,null,null,null,null,null,null,null,null,null,null,null,null,null,null,59.8,null,null,null,null,null,null,null,null,null,null,null,null],[0.33,0,0.03,0,0,0,33.64,8.28,22.65,11.72,5.13,6.61,1.43,3.72,0.05,0.02,0.23,2.66,2.95,0,0.87,0.33,0.28,0.01,0.32,0.03,0,0,0.14,0,0.01,0,0,0,0.01,0,0,0,0,0,0,0.03,0,0,0.09,0.02,0,0.01,0.01,0,0.01,0,0,0.11,0,0,0,0,0.14,0.07,0,0.04,0,0.09,0.2,0.05,0.01,0,0.02,0.01,0,0,0.01,0,0,0],[40.7,40,40.1,40,40,40,43.8,40,46,40,42.7,42.2,42.2,42.6,40,40.2,41.2,42.4,43.3,40,41.8,40.3,40,40,40,40,40,40,40,40,40,40,40,40,40,40,40,40,40,40,40,40,40,40,41.1,40.3,40,40,40,40,40,40,40,40,40,40,40,40,40,41.1,40,40,40,40,42.4,41.9,40,40,40,40,40,40,40,40,40,40],[65,65,65,65,65,65,66.6,66.6,66.6,66.6,66.6,66.6,66.6,66.6,66.6,66.6,66.6,66.6,66.6,66.6,66.6,66.6,66.6,65.8,66.6,66.6,66.6,66.6,65.8,65.8,65.8,65.8,65.8,65.8,65.8,65.8,65.8,66.6,65.8,66.6,66.6,66.6,66.6,66.6,66.6,66.6,66.6,66.6,66.6,66,69.6,69.6,69.6,66.6,66.6,66.6,66.6,66.6,66.6,66,66,66,66,65,65,65,65,65,66.6,66.6,65,65,65,65,65,66.6],[0.647,0.647,0.647,0.647,0.647,0.647,0.683,0.683,0.683,0.683,0.683,0.683,0.683,0.683,0.683,0.683,0.683,0.683,0.683,0.683,0.683,0.683,0.683,0.639,0.683,0.683,0.683,0.683,0.639,0.639,0.639,0.639,0.639,0.639,0.639,0.639,0.639,0.683,0.639,0.683,0.683,0.683,0.683,0.683,0.683,0.683,0.683,0.683,0.683,0.677,0.662,0.662,0.662,0.683,0.683,0.683,0.683,0.683,0.683,0.677,0.677,0.677,0.677,0.647,0.647,0.647,0.647,0.647,0.683,0.683,0.647,0.647,0.647,0.647,0.647,0.683],[57,57,57,57,57,57,79,79,79,79,79,79,79,79,79,79,79,79,79,79,79,79,79,48,79,79,79,79,48,48,48,48,48,48,48,48,48,79,48,79,79,79,79,79,79,79,79,79,79,24,24,24,24,79,79,79,79,79,79,24,24,24,24,57,57,57,57,57,79,79,57,57,57,57,57,79],[0,0,0,0,0,0,0.3,0,0,0,0,0,0.1,0.5,0,0,0,0,0,0,0,0,0,0,0,0,0,0,0,0,0,0,0,0,0,0,0,0,0,0,0,0,0,0,0,0,0,0,0,0,0,0,0,0,0,0,0,0,0,0,0,0,0,0,0,0,0,0,0,0,0,0,0,0,0,0],[61.8,78.8,50,37.8,26,30,33,13.4,64.6,64.2,22.6,33.4,46.2,9.2,27,31.2,81,45.8,69.8,63.6,32.2,76.6,61.4,26.6,81.6,66,42.8,51.2,57.1,25.4,60.2,49.6,77.8,44.8,43.3,69.6,75.2,49.4,42.6,71.6,57.2,31,47.6,43.2,72.8,47.8,47.4,37.4,64.4,48.8,34.9,32.5,45.2,51.6,30,43,30.2,56,34,50.9,65.2,30.9,42.3,56.6,13.4,39.2,74.8,75.2,19.2,47.2,42.2,47.7,59.2,66,34.8,29.6],[null,null,null,null,null,null,null,null,null,null,null,null,null,null,null,null,null,null,null,null,null,null,null,null,null,null,null,null,null,null,null,null,null,null,null,null,null,null,null,null,null,null,null,null,null,null,null,null,null,null,null,null,null,null,null,null,null,null,null,null,null,null,null,null,null,null,null,null,null,null,null,null,null,null,null,null],[0.1,0,0.1,0,0,0,7.1,1.2,2,0.9,1.8,1.1,0.4,1.8,0,0,0,0.9,0,0,0.4,0.2,0.3,0,0.1,0,0,0,0.1,0,0,0,0,0,0,0,0,0,0,0,0,0.1,0,0,0,0,0,0,0.1,0,0,0,0,0.1,0,0.2,0,0,0,0,0,0,0,0.1,0.1,0,0,0,0.1,0,0,0,0,0,0,0],[0,0,0,0,0,0,0,0,0,0,0,0,0,0,0,0,0,0,0,0,0,0,0,0,0,0,0,0,0,0,0,0,0,0,0,0,0,0,0,0,0,0,0,0,0,0,0,0,0,0,0,0,0,0,0,0,0,0,0,0,0,0,0,0,0,0,0,0,0,0,0,0,0,0,0,0],[1977,1978,1976,1981,1978,1978,1978,1978,1979,1980,1978,1979,1982,1978,1982,1982,1982,1979,1978,1982,1980,1981,1981,1979,1983,1980,1982,1982,1977,1979,1979,1979,1978,1979,1980,1979,1979,1983,1979,1982,1983,1981,1983,1983,1982,1982,1982,1981,1982,1979,1977,1979,1979,1980,1982,1983,1982,1983,1980,1979,1979,1978,1981,1976,1978,1979,1977,1978,1981,1982,1979,1978,1978,1978,1978,1983],[[[2021,21269],[2022,19386],[2023,19292],[2024,20246],[2025,21424],[2026,22121]],[[2021,18520],[2022,18880],[2023,20372],[2024,22713],[2025,24364],[2026,23298]],[[2021,17798],[2022,17991],[2023,18533],[2024,19074],[2025,20458],[2026,22079]],[[2021,16532],[2022,16771],[2023,17012],[2024,18329],[2025,18266],[2026,18201]],[[2021,16575],[2022,16301],[2023,18081],[2024,19642],[2025,21158],[2026,23200]],[[2021,18114],[2022,18401],[2023,21896],[2024,20773],[2025,23142],[2026,22884]],[[2021,20149],[2022,20344],[2023,20860],[2024,21539],[2025,23316],[2026,23944]],[[2021,19965],[2022,19848],[2023,20425],[2024,20970],[2025,22688],[2026,23374]],[[2021,21686],[2022,21827],[2023,22705],[2024,23643],[2025,25517],[2026,26072]],[[2021,23223],[2022,22937],[2023,23542],[2024,24488],[2025,26104],[2026,26647]],[[2021,18047],[2022,17972],[2023,18200],[2024,18904],[2025,21061],[2026,20501]],[[2021,21655],[2022,21462],[2023,22254],[2024,23261],[2025,25019],[2026,25327]],[[2021,25143],[2022,25456],[2023,26359],[2024,27689],[2025,28790],[2026,29786]],[[2021,20376],[2022,20236],[2023,20923],[2024,21740],[2025,23603],[2026,24061]],[[2021,23687],[2022,23830],[2023,24724],[2024,25196],[2025,26841],[2026,27855]],[[2021,22858],[2022,22487],[2023,24161],[2024,23753],[2025,26569],[2026,27611]],[[2021,22830],[2022,23463],[2023,23497],[2024,24879],[2025,25989],[2026,27907]],[[2021,22339],[2022,22045],[2023,22926],[2024,23568],[2025,25881],[2026,26087]],[[2021,21037],[2022,23530],[2023,25156],[2024,24831],[2025,25693],[2026,26757]],[[2021,20959],[2022,21713],[2023,22432],[2024,22634],[2025,26010],[2026,25405]],[[2021,24413],[2022,24181],[2023,25059],[2024,26046],[2025,27843],[2026,28789]],[[2021,21989],[2022,21478],[2023,22164],[2024,23340],[2025,24710],[2026,25012]],[[2021,25495],[2022,25658],[2023,26771],[2024,28352],[2025,29987],[2026,31387]],[[2021,22946],[2022,18454],[2023,21677],[2024,18180],[2025,20055],[2026,26860]],[[2021,25160],[2022,24505],[2023,25809],[2024,27294],[2025,28737],[2026,29287]],[[2021,22275],[2022,22634],[2023,23038],[2024,24268],[2025,25482],[2026,26888]],[[2021,17104],[2022,16195],[2023,18341],[2024,19033],[2025,19044],[2026,19201]],[[2021,22203],[2022,22116],[2023,21208],[2024,24367],[2025,24983],[2026,24999]],[[2021,18704],[2022,18805],[2023,19550],[2024,20364],[2025,21841],[2026,22801]],[[2021,19332],[2022,19466],[2023,21273],[2024,23842],[2025,23257],[2026,25083]],[[2021,21305],[2022,20875],[2023,21771],[2024,22337],[2025,24546],[2026,25142]],[[2021,20456],[2022,19793],[2023,19948],[2024,21194],[2025,20688],[2026,23546]],[[2021,23465],[2022,19489],[2023,21448],[2024,19628],[2025,24492],[2026,21600]],[[2021,18743],[2022,18423],[2023,20285],[2024,20562],[2025,21929],[2026,23155]],[[2021,21700],[2022,20729],[2023,21755],[2024,22944],[2025,25117],[2026,26001]],[[2021,19650],[2022,18908],[2023,19531],[2024,19794],[2025,23268],[2026,23532]],[[2021,21005],[2022,20897],[2023,21979],[2024,23822],[2025,24295],[2026,24766]],[[2021,18934],[2022,19066],[2023,18447],[2024,20745],[2025,19163],[2026,19741]],[[2021,21426],[2022,20808],[2023,22703],[2024,22899],[2025,25214],[2026,24761]],[[2021,22741],[2022,22229],[2023,22504],[2024,25346],[2025,26900],[2026,26855]],[[2021,19105],[2022,19445],[2023,20297],[2024,21513],[2025,21583],[2026,22583]],[[2021,18645],[2022,18046],[2023,19098],[2024,19640],[2025,20864],[2026,22155]],null,[[2021,16607],[2022,17221],[2023,18451],[2024,19593],[2025,21695],[2026,23667]],[[2021,25146],[2022,24515],[2023,25157],[2024,26835],[2025,27541],[2026,29433]],[[2021,22182],[2022,21626],[2023,21424],[2024,21448],[2025,24484],[2026,23618]],[[2021,22873],[2022,21288],[2023,23683],[2024,24574],[2025,25261],[2026,26593]],[[2021,20525],[2022,20978],[2023,21307],[2024,22137],[2025,23184],[2026,24071]],[[2021,22584],[2022,22940],[2023,23778],[2024,24291],[2025,26458],[2026,27202]],[[2021,16957],[2022,18894],[2023,20594],[2024,20708],[2025,21914],[2026,21781]],[[2021,19642],[2022,20136],[2023,21130],[2024,21829],[2025,23091],[2026,24560]],[[2021,19781],[2022,19972],[2023,20490],[2024,20552],[2025,21896],[2026,23610]],[[2021,15596],[2022,16706],[2023,21453],[2024,21873],[2025,20609],[2026,22191]],[[2021,20910],[2022,20961],[2023,22209],[2024,22703],[2025,24247],[2026,25077]],[[2021,24091],[2022,23270],[2023,24146],[2024,26266],[2025,25941],[2026,28597]],[[2021,20891],[2022,21694],[2023,23222],[2024,22506],[2025,20756],[2026,21621]],[[2021,20895],[2022,22741],[2023,21414],[2024,22397],[2025,24823],[2026,27036]],[[2021,15882],[2022,15827],[2023,16353],[2024,17950],[2025,19500],[2026,21624]],[[2021,18381],[2022,18396],[2023,19288],[2024,20515],[2025,21871],[2026,22783]],[[2021,20393],[2022,20852],[2023,21379],[2024,21890],[2025,23035],[2026,24768]],[[2021,19952],[2022,20899],[2023,22518],[2024,20230],[2025,23349],[2026,27117]],[[2021,18934],[2022,19021],[2023,19821],[2024,20430],[2025,21934],[2026,22954]],[[2021,21169],[2022,20754],[2023,19266],[2024,19859],[2025,21412],[2026,23945]],[[2021,19773],[2022,19637],[2023,20084],[2024,20782],[2025,22269],[2026,23477]],[[2021,17116],[2022,18111],[2023,19793],[2024,20188],[2025,21873],[2026,21695]],[[2021,18611],[2022,20082],[2023,19473],[2024,19931],[2025,21484],[2026,20805]],[[2021,19999],[2022,18873],[2023,18587],[2024,21006],[2025,22058],[2026,23212]],[[2021,23045],[2022,21553],[2023,23418],[2024,23833],[2025,25073],[2026,25089]],[[2021,17453],[2022,15985],[2023,16448],[2024,18906],[2025,19483],[2026,22214]],[[2021,18076],[2022,17758],[2023,17855],[2024,18397],[2025,20487],[2026,21277]],[[2021,16687],[2022,16517],[2023,16932],[2024,18667],[2025,19535],[2026,21012]],[[2021,15750],[2022,16354],[2023,17559],[2024,18745],[2025,20044],[2026,21860]],[[2021,22970],[2022,20304],[2023,21488],[2024,24123],[2025,23239],[2026,23822]],[[2021,18328],[2022,17539],[2023,18458],[2024,16753],[2025,16816],[2026,17743]],[[2021,17177],[2022,18050],[2023,17811],[2024,18908],[2025,19737],[2026,19443]],[[2021,20775],[2022,18784],[2023,20024],[2024,21687],[2025,23103],[2026,25836]]],[[[2021,447],[2022,437],[2023,433],[2024,417],[2025,418],[2026,425]],[[2021,151],[2022,154],[2023,156],[2024,154],[2025,146],[2026,139]],[[2021,697],[2022,691],[2023,670],[2024,666],[2025,656],[2026,625]],[[2021,98],[2022,101],[2023,103],[2024,96],[2025,92],[2026,83]],[[2021,162],[2022,146],[2023,145],[2024,136],[2025,133],[2026,128]],[[2021,76],[2022,77],[2023,75],[2024,72],[2025,70],[2026,64]],[[2021,9546],[2022,9446],[2023,9436],[2024,9568],[2025,9841],[2026,9797]],[[2021,1486],[2022,1478],[2023,1481],[2024,1457],[2025,1453],[2026,1445]],[[2021,2973],[2022,3006],[2023,2963],[2024,2971],[2025,2959],[2026,3025]],[[2021,1358],[2022,1401],[2023,1373],[2024,1363],[2025,1343],[2026,1323]],[[2021,2322],[2022,2263],[2023,2207],[2024,2155],[2025,2103],[2026,2240]],[[2021,5776],[2022,5697],[2023,5627],[2024,5587],[2025,5607],[2026,5589]],[[2021,812],[2022,811],[2023,814],[2024,804],[2025,786],[2026,775]],[[2021,4744],[2022,4647],[2023,4542],[2024,4649],[2025,4631],[2026,4590]],[[2021,609],[2022,594],[2023,586],[2024,570],[2025,565],[2026,569]],[[2021,328],[2022,331],[2023,325],[2024,321],[2025,312],[2026,310]],[[2021,302],[2022,296],[2023,292],[2024,297],[2025,290],[2026,289]],[[2021,1455],[2022,1460],[2023,1461],[2024,1437],[2025,1399],[2026,1354]],[[2021,110],[2022,114],[2023,112],[2024,109],[2025,117],[2026,117]],[[2021,246],[2022,244],[2023,234],[2024,229],[2025,227],[2026,222]],[[2021,4769],[2022,4729],[2023,4746],[2024,4698],[2025,4657],[2026,4666]],[[2021,1798],[2022,1774],[2023,1745],[2024,1727],[2025,1716],[2026,1695]],[[2021,696],[2022,751],[2023,775],[2024,826],[2025,835],[2026,855]],[[2021,47],[2022,47],[2023,50],[2024,46],[2025,45],[2026,46]],[[2021,535],[2022,518],[2023,493],[2024,501],[2025,503],[2026,520]],[[2021,2450],[2022,2387],[2023,2394],[2024,2352],[2025,2322],[2026,2328]],[[2021,149],[2022,145],[2023,143],[2024,143],[2025,140],[2026,138]],[[2021,210],[2022,199],[2023,205],[2024,193],[2025,183],[2026,178]],[[2021,3707],[2022,3693],[2023,3630],[2024,3584],[2025,3563],[2026,3527]],[[2021,164],[2022,162],[2023,162],[2024,156],[2025,152],[2026,145]],[[2021,209],[2022,214],[2023,202],[2024,204],[2025,207],[2026,207]],[[2021,138],[2022,132],[2023,133],[2024,134],[2025,120],[2026,116]],[[2021,40],[2022,39],[2023,37],[2024,41],[2025,41],[2026,38]],[[2021,268],[2022,259],[2023,253],[2024,242],[2025,241],[2026,234]],[[2021,181],[2022,175],[2023,177],[2024,175],[2025,174],[2026,176]],[[2021,79],[2022,78],[2023,78],[2024,80],[2025,76],[2026,81]],[[2021,239],[2022,238],[2023,229],[2024,221],[2025,211],[2026,215]],[[2021,51],[2022,51],[2023,50],[2024,51],[2025,53],[2026,55]],[[2021,195],[2022,188],[2023,184],[2024,178],[2025,177],[2026,168]],[[2021,424],[2022,427],[2023,416],[2024,400],[2025,401],[2026,385]],[[2021,304],[2022,294],[2023,291],[2024,291],[2025,287],[2026,276]],[[2021,1339],[2022,1320],[2023,1314],[2024,1254],[2025,1240],[2026,1224]],[[2021,17],[2022,18],[2023,19],[2024,18],[2025,21],[2026,21]],[[2021,124],[2022,122],[2023,124],[2024,113],[2025,111],[2026,104]],[[2021,479],[2022,468],[2023,467],[2024,477],[2025,479],[2026,476]],[[2021,204],[2022,206],[2023,202],[2024,199],[2025,197],[2026,198]],[[2021,133],[2022,128],[2023,125],[2024,126],[2025,126],[2026,124]],[[2021,1388],[2022,1384],[2023,1382],[2024,1358],[2025,1341],[2026,1318]],[[2021,402],[2022,411],[2023,411],[2024,403],[2025,398],[2026,383]],[[2021,108],[2022,115],[2023,113],[2024,115],[2025,115],[2026,115]],[[2021,1761],[2022,1749],[2023,1719],[2024,1720],[2025,1705],[2026,1705]],[[2021,220],[2022,214],[2023,218],[2024,210],[2025,215],[2026,212]],[[2021,37],[2022,36],[2023,36],[2024,37],[2025,34],[2026,32]],[[2021,2848],[2022,2779],[2023,2728],[2024,2685],[2025,2648],[2026,2638]],[[2021,353],[2022,346],[2023,345],[2024,351],[2025,348],[2026,341]],[[2021,49],[2022,44],[2023,39],[2024,45],[2025,48],[2026,49]],[[2021,190],[2022,209],[2023,215],[2024,207],[2025,202],[2026,204]],[[2021,95],[2022,95],[2023,95],[2024,92],[2025,92],[2026,93]],[[2021,572],[2022,540],[2023,514],[2024,511],[2025,516],[2026,516]],[[2021,473],[2022,462],[2023,468],[2024,441],[2025,440],[2026,439]],[[2021,154],[2022,152],[2023,144],[2024,139],[2025,136],[2026,134]],[[2021,1468],[2022,1496],[2023,1447],[2024,1424],[2025,1400],[2026,1394]],[[2021,86],[2022,77],[2023,80],[2024,86],[2025,82],[2026,83]],[[2021,4724],[2022,4615],[2023,4598],[2024,4524],[2025,4474],[2026,4486]],[[2021,101],[2022,105],[2023,99],[2024,95],[2025,93],[2026,89]],[[2021,69],[2022,71],[2023,74],[2024,66],[2025,75],[2026,72]],[[2021,270],[2022,265],[2023,268],[2024,270],[2025,264],[2026,260]],[[2021,86],[2022,83],[2023,74],[2024,74],[2025,77],[2026,76]],[[2021,93],[2022,89],[2023,92],[2024,98],[2025,91],[2026,83]],[[2021,599],[2022,588],[2023,564],[2024,540],[2025,513],[2026,512]],[[2021,116],[2022,115],[2023,106],[2024,111],[2025,111],[2026,110]],[[2021,90],[2022,90],[2023,85],[2024,86],[2025,82],[2026,86]],[[2021,113],[2022,115],[2023,111],[2024,107],[2025,105],[2026,105]],[[2021,82],[2022,79],[2023,75],[2024,73],[2025,72],[2026,72]],[[2021,67],[2022,69],[2023,45],[2024,44],[2025,44],[2026,44]],[[2021,126],[2022,131],[2023,133],[2024,140],[2025,133],[2026,126]]],[[[2021,4.7],[2022,3.7],[2023,4.4],[2024,4.6],[2025,5.7],[2026,8.5]],[[2021,8.6],[2022,6.5],[2023,3.8],[2024,5.8],[2025,6.8],[2026,5.8]],[[2021,2.7],[2022,3],[2023,2.4],[2024,3],[2025,2.3],[2026,4]],[[2021,8.2],[2022,5.9],[2023,2.9],[2024,7.3],[2025,9.8],[2026,7.2]],[[2021,3.1],[2022,6.8],[2023,3.4],[2024,3.7],[2025,3],[2026,3.9]],[[2021,1.3],[2022,3.9],[2023,8],[2024,4.2],[2025,8.6],[2026,4.7]],[[2021,4.2],[2022,4.2],[2023,4.2],[2024,4.2],[2025,5],[2026,4.7]],[[2021,6],[2022,6],[2023,6.1],[2024,5.6],[2025,6.7],[2026,7.3]],[[2021,4.2],[2022,4],[2023,4.2],[2024,3.6],[2025,4.6],[2026,5.4]],[[2021,6.9],[2022,5.7],[2023,6.3],[2024,5.6],[2025,7.7],[2026,7.2]],[[2021,8.5],[2022,7.8],[2023,8.6],[2024,7.9],[2025,9.7],[2026,11.5]],[[2021,4.9],[2022,4.8],[2023,5.3],[2024,5.2],[2025,5.8],[2026,5.9]],[[2021,3.4],[2022,2.3],[2023,2.9],[2024,2.2],[2025,2.7],[2026,2.6]],[[2021,6.8],[2022,6.1],[2023,6.1],[2024,5.5],[2025,6.5],[2026,7.7]],[[2021,3.3],[2022,3.2],[2023,3.2],[2024,2.8],[2025,5.1],[2026,3.2]],[[2021,1.8],[2022,2.7],[2023,3.4],[2024,4],[2025,3.8],[2026,3.5]],[[2021,5],[2022,3.7],[2023,3.4],[2024,4.7],[2025,6.2],[2026,4.8]],[[2021,5.2],[2022,4.6],[2023,5.1],[2024,5],[2025,5.2],[2026,4.9]],[[2021,12.7],[2022,10.5],[2023,10.7],[2024,8.3],[2025,13.7],[2026,17.9]],[[2021,3.3],[2022,4.9],[2023,2.6],[2024,3.1],[2025,3.5],[2026,3.6]],[[2021,3],[2022,3.4],[2023,2.9],[2024,2.9],[2025,3.7],[2026,3.5]],[[2021,4.7],[2022,4.7],[2023,5.3],[2024,5.6],[2025,5.7],[2026,5.7]],[[2021,3.2],[2022,2.8],[2023,3.6],[2024,2.9],[2025,2.9],[2026,3.4]],[[2021,2.1],[2022,0],[2023,2],[2024,0],[2025,2.2],[2026,0]],[[2021,2.4],[2022,1.7],[2023,2],[2024,1.6],[2025,1.8],[2026,2.9]],[[2021,4.5],[2022,4.8],[2023,3.7],[2024,4.2],[2025,5.4],[2026,5.4]],[[2021,8.7],[2022,5.5],[2023,7.7],[2024,7],[2025,7.9],[2026,8]],[[2021,2.9],[2022,4],[2023,3.4],[2024,7.3],[2025,7.1],[2026,9]],[[2021,3.9],[2022,4.3],[2023,3.7],[2024,3.6],[2025,4.2],[2026,4.9]],[[2021,3],[2022,6.2],[2023,4.3],[2024,5.8],[2025,3.3],[2026,3.4]],[[2021,2.4],[2022,2.3],[2023,5],[2024,4.9],[2025,1.9],[2026,2.9]],[[2021,2.2],[2022,4.5],[2023,3.8],[2024,2.2],[2025,2.5],[2026,4.3]],[[2021,7.5],[2022,5.1],[2023,5.4],[2024,7.3],[2025,7.3],[2026,5.3]],[[2021,3],[2022,4.6],[2023,4],[2024,5],[2025,3.3],[2026,4.7]],[[2021,4.4],[2022,6.3],[2023,2.8],[2024,3.4],[2025,5.2],[2026,5.1]],[[2021,5.1],[2022,5.1],[2023,5.1],[2024,7.5],[2025,5.3],[2026,4.9]],[[2021,2.9],[2022,3.8],[2023,4.4],[2024,3.2],[2025,4.3],[2026,6]],[[2021,2],[2022,2],[2023,2],[2024,2],[2025,7.5],[2026,1.8]],[[2021,4.1],[2022,6.9],[2023,5.4],[2024,5.6],[2025,4],[2026,3.6]],[[2021,4.2],[2022,3],[2023,3.6],[2024,3],[2025,4.2],[2026,6]],[[2021,3.6],[2022,3.4],[2023,3.1],[2024,4.1],[2025,2.8],[2026,3.3]],[[2021,4.6],[2022,4.3],[2023,4.4],[2024,4.7],[2025,4.4],[2026,4.2]],null,[[2021,5.6],[2022,4.9],[2023,4],[2024,4.4],[2025,5.4],[2026,3.8]],[[2021,5.8],[2022,6.2],[2023,3.4],[2024,2.7],[2025,3.3],[2026,3.8]],[[2021,4.4],[2022,2.9],[2023,1.5],[2024,2.5],[2025,2.5],[2026,2.5]],[[2021,0],[2022,0],[2023,2.4],[2024,4.8],[2025,4.8],[2026,6.5]],[[2021,4],[2022,4.5],[2023,4.1],[2024,3.7],[2025,5.1],[2026,6.1]],[[2021,2],[2022,3.2],[2023,1.7],[2024,1.2],[2025,2.8],[2026,2.6]],[[2021,11.1],[2022,7.8],[2023,4.4],[2024,5.2],[2025,7],[2026,7]],[[2021,4.1],[2022,3.5],[2023,4.1],[2024,2.8],[2025,3.8],[2026,4.3]],[[2021,5.5],[2022,3.7],[2023,3.7],[2024,3.8],[2025,4.7],[2026,4.7]],[[2021,10.8],[2022,11.1],[2023,5.6],[2024,5.4],[2025,5.9],[2026,9.4]],[[2021,4.4],[2022,3.9],[2023,4.7],[2024,4.6],[2025,5.8],[2026,5.9]],[[2021,4],[2022,4.3],[2023,2.6],[2024,4.6],[2025,2.9],[2026,3.5]],[[2021,6.1],[2022,6.8],[2023,7.7],[2024,6.7],[2025,10.4],[2026,4.1]],[[2021,2.1],[2022,2.9],[2023,2.8],[2024,2.9],[2025,2.5],[2026,1.5]],[[2021,3.2],[2022,3.2],[2023,5.3],[2024,7.6],[2025,6.5],[2026,7.5]],[[2021,7.3],[2022,9.3],[2023,8.2],[2024,7.4],[2025,8.7],[2026,7.4]],[[2021,5.3],[2022,4.5],[2023,4.9],[2024,5],[2025,4.8],[2026,5.9]],[[2021,4.5],[2022,3.3],[2023,6.9],[2024,6.5],[2025,3.7],[2026,7.5]],[[2021,5.6],[2022,4.3],[2023,4.1],[2024,4.5],[2025,6.2],[2026,3.9]],[[2021,8.1],[2022,9.1],[2023,6.2],[2024,5.8],[2025,4.9],[2026,3.6]],[[2021,4.4],[2022,4.4],[2023,3.9],[2024,3.6],[2025,5],[2026,4.3]],[[2021,3],[2022,1.9],[2023,2],[2024,1.1],[2025,1.1],[2026,1.1]],[[2021,1.4],[2022,1.4],[2023,4.1],[2024,1.5],[2025,1.3],[2026,1.4]],[[2021,6.7],[2022,6],[2023,6.3],[2024,6.7],[2025,5.3],[2026,4.2]],[[2021,5.8],[2022,4.8],[2023,4.1],[2024,2.7],[2025,5.2],[2026,2.6]],[[2021,9.7],[2022,12.4],[2023,7.6],[2024,4.1],[2025,7.7],[2026,8.4]],[[2021,6.8],[2022,8],[2023,7.3],[2024,6.5],[2025,7.2],[2026,9.2]],[[2021,2.6],[2022,3.5],[2023,3.8],[2024,3.6],[2025,1.8],[2026,3.6]],[[2021,3.3],[2022,5.6],[2023,0],[2024,1.2],[2025,7.3],[2026,3.5]],[[2021,3.5],[2022,3.5],[2023,3.6],[2024,3.7],[2025,2.9],[2026,3.8]],[[2021,8.5],[2022,10.1],[2023,6.7],[2024,5.5],[2025,4.2],[2026,5.6]],[[2021,3],[2022,1.4],[2023,4.4],[2024,2.3],[2025,2.3],[2026,2.3]],[[2021,3.2],[2022,5.3],[2023,3],[2024,2.9],[2025,6.8],[2026,6.3]]],[4,25.8,24.1,10.1,40,26.3,18.8,17.1,20.2,14.7,13.6,17,18.5,18.1,17.6,20.8,22.2,16.8,27.2,21.2,17.9,13.7,23.1,17.1,16.4,20.7,12.3,12.6,21.9,29.7,18,15.1,-7.9,23.5,19.8,19.8,17.9,4.3,15.6,18.1,18.2,18.8,null,42.5,17,6.5,16.3,17.3,20.4,28.4,25,19.4,42.3,19.9,18.7,3.5,29.4,36.2,23.9,21.5,35.9,21.2,13.1,18.7,26.8,11.8,16.1,8.9,27.3,17.7,25.9,38.8,3.7,-3.2,13.2,24.4],[-4.9,-7.9,-10.3,-15.3,-21,-15.8,2.6,-2.8,1.7,-2.6,-3.5,-3.2,-4.6,-3.2,-6.6,-5.5,-4.3,-6.9,6.4,-9.8,-2.2,-5.7,22.8,-2.1,-2.8,-5,-7.4,-15.2,-4.9,-11.6,-1,-15.9,-5,-12.7,-2.8,2.5,-10,7.8,-13.8,-9.2,-9.2,-8.6,23.5,-16.1,-0.6,-2.9,-6.8,-5,-4.7,6.5,-3.2,-3.6,-13.5,-7.4,-3.4,0,7.4,-2.1,-9.8,-7.2,-13,-5,-3.5,-5,-11.9,4.3,-3.7,-11.6,-10.8,-14.5,-5.2,-4.4,-7.1,-12.2,-34.3,0],[80.9,-32.6,48.1,-12.2,25.8,261.5,11.9,21.7,28.6,4.3,35.3,20.4,-23.5,13.2,-3,94.4,-4,-5.8,40.9,9.1,16.7,21.3,6.2,-100,20.8,20,-8,210.3,25.6,13.3,20.8,95.5,-29.3,56.7,15.9,-3.9,106.9,-10,-12.2,42.9,-8.3,-8.7,null,-32.1,-34.5,-43.2,null,52.5,30,-36.9,4.9,-14.5,-13,34.1,-12.5,-32.8,-28.6,134.4,1.4,11.3,66.7,-30.4,-55.6,-2.3,-63.3,0,-37.3,-55.2,-13.4,35.3,38.5,6.1,8.6,-34.1,-23.3,96.9],[null,null,null,null,null,null,[{"name":"Mikkelin lukio","score":58.1}],null,null,null,null,null,null,null,null,null,null,null,null,null,null,[{"name":"Nettilukio","score":55}],null,null,null,null,null,null,[{"name":"Kangasniemen lukio","score":56.1}],null,null,null,null,null,null,null,null,null,null,null,null,null,null,null,null,null,null,null,null,null,null,null,null,null,null,null,null,null,null,null,null,null,null,[{"name":"Mäntyharjun lukio","score":59.8}],null,null,null,null,null,null,null,null,null,null,null,null],[[[2020,120.8],[2021,123.3],[2022,117.9],[2023,105.6],[2024,97.2],[2025,101.8]],[[2020,78.9],[2021,80.5],[2022,77],[2023,69],[2024,63.5],[2025,66.5]],[[2020,104.2],[2021,106.3],[2022,101.7],[2023,91.1],[2024,83.8],[2025,87.8]],[[2020,69.2],[2021,70.6],[2022,67.5],[2023,60.5],[2024,55.6],[2025,58.3]],[[2020,80.6],[2021,82.2],[2022,78.6],[2023,70.5],[2024,64.8],[2025,67.9]],[[2020,68.6],[2021,70],[2022,66.9],[2023,60],[2024,55.2],[2025,57.8]],[[2020,135.1],[2021,112.8],[2022,111.6],[2023,108.5],[2024,114.6],[2025,118.8]],[[2020,137.5],[2021,114.8],[2022,113.5],[2023,110.4],[2024,116.6],[2025,120.9]],[[2020,122.5],[2021,102.2],[2022,101.1],[2023,98.4],[2024,103.9],[2025,107.7]],[[2020,123.2],[2021,102.8],[2022,101.7],[2023,98.9],[2024,104.5],[2025,108.3]],[[2020,165.3],[2021,137.9],[2022,136.5],[2023,132.7],[2024,140.2],[2025,145.3]],[[2020,126.9],[2021,105.9],[2022,104.8],[2023,101.9],[2024,107.7],[2025,111.6]],[[2020,79.1],[2021,66],[2022,65.3],[2023,63.5],[2024,67],[2025,69.5]],[[2020,138.4],[2021,115.5],[2022,114.3],[2023,111.1],[2024,117.4],[2025,121.7]],[[2020,51.8],[2021,43.2],[2022,42.7],[2023,41.6],[2024,43.9],[2025,45.5]],[[2020,48.1],[2021,40.2],[2022,39.7],[2023,38.6],[2024,40.8],[2025,42.3]],[[2020,63.1],[2021,52.7],[2022,52.1],[2023,50.7],[2024,53.5],[2025,55.5]],[[2020,108.9],[2021,90.8],[2022,89.9],[2023,87.4],[2024,92.3],[2025,95.7]],[[2020,149.9],[2021,125.1],[2022,123.8],[2023,120.4],[2024,127.1],[2025,131.8]],[[2020,41.4],[2021,34.6],[2022,34.2],[2023,33.2],[2024,35.1],[2025,36.4]],[[2020,88.2],[2021,73.6],[2022,72.8],[2023,70.8],[2024,74.8],[2025,77.5]],[[2020,76.7],[2021,64],[2022,63.3],[2023,61.6],[2024,65],[2025,67.4]],[[2020,68.1],[2021,56.9],[2022,56.3],[2023,54.7],[2024,57.8],[2025,59.9]],[[2020,66.2],[2021,43.9],[2022,42],[2023,34.2],[2024,28.8],[2025,36.5]],[[2020,54.3],[2021,45.3],[2022,44.8],[2023,43.6],[2024,46],[2025,47.7]],[[2020,83.4],[2021,69.6],[2022,68.8],[2023,66.9],[2024,70.7],[2025,73.3]],[[2020,52.5],[2021,43.9],[2022,43.4],[2023,42.2],[2024,44.6],[2025,46.2]],[[2020,55.4],[2021,46.2],[2022,45.7],[2023,44.5],[2024,47],[2025,48.7]],[[2020,104.6],[2021,69.4],[2022,66.4],[2023,54.1],[2024,45.5],[2025,57.7]],[[2020,56.2],[2021,37.3],[2022,35.7],[2023,29.1],[2024,24.4],[2025,31]],[[2020,55.1],[2021,36.6],[2022,35],[2023,28.5],[2024,24],[2025,30.4]],[[2020,47.9],[2021,31.7],[2022,30.4],[2023,24.8],[2024,20.8],[2025,26.4]],[[2020,108.8],[2021,72.1],[2022,69.1],[2023,56.3],[2024,47.3],[2025,60]],[[2020,62.2],[2021,41.2],[2022,39.5],[2023,32.2],[2024,27],[2025,34.3]],[[2020,54],[2021,35.8],[2022,34.3],[2023,27.9],[2024,23.5],[2025,29.8]],[[2020,82.3],[2021,54.6],[2022,52.3],[2023,42.6],[2024,35.8],[2025,45.4]],[[2020,71.8],[2021,47.6],[2022,45.6],[2023,37.1],[2024,31.2],[2025,39.6]],[[2020,42.9],[2021,35.8],[2022,35.4],[2023,34.4],[2024,36.4],[2025,37.7]],[[2020,57.6],[2021,38.2],[2022,36.6],[2023,29.8],[2024,25.1],[2025,31.8]],[[2020,54],[2021,45.1],[2022,44.6],[2023,43.4],[2024,45.8],[2025,47.5]],[[2020,36.9],[2021,30.8],[2022,30.4],[2023,29.6],[2024,31.3],[2025,32.4]],[[2020,58.5],[2021,48.8],[2022,48.3],[2023,46.9],[2024,49.6],[2025,51.4]],[[2020,56],[2021,46.7],[2022,46.2],[2023,44.9],[2024,47.5],[2025,49.2]],[[2020,28.5],[2021,23.8],[2022,23.6],[2023,22.9],[2024,24.2],[2025,25.1]],[[2020,52.4],[2021,43.8],[2022,43.3],[2023,42.1],[2024,44.5],[2025,46.1]],[[2020,39.4],[2021,32.8],[2022,32.5],[2023,31.6],[2024,33.4],[2025,34.6]],[[2020,46.7],[2021,39],[2022,38.6],[2023,37.5],[2024,39.6],[2025,41.1]],[[2020,58.7],[2021,49],[2022,48.5],[2023,47.1],[2024,49.8],[2025,51.6]],[[2020,47.2],[2021,39.4],[2022,39],[2023,37.9],[2024,40],[2025,41.5]],[[2020,89.8],[2021,114.3],[2022,95],[2023,89.6],[2024,73.7],[2025,61.2]],[[2020,96.5],[2021,96.9],[2022,80.2],[2023,62.6],[2024,72.1],[2025,74.8]],[[2020,66],[2021,66.3],[2022,54.9],[2023,42.8],[2024,49.4],[2025,51.2]],[[2020,123.2],[2021,123.7],[2022,102.4],[2023,79.9],[2024,92.1],[2025,95.5]],[[2020,74.7],[2021,62.4],[2022,61.7],[2023,60],[2024,63.4],[2025,65.7]],[[2020,57.4],[2021,47.9],[2022,47.4],[2023,46.1],[2024,48.7],[2025,50.5]],[[2020,68.8],[2021,57.4],[2022,56.8],[2023,55.3],[2024,58.4],[2025,60.5]],[[2020,31.8],[2021,26.6],[2022,26.3],[2023,25.6],[2024,27],[2025,28]],[[2020,40.3],[2021,33.6],[2022,33.2],[2023,32.3],[2024,34.1],[2025,35.4]],[[2020,58.5],[2021,48.8],[2022,48.3],[2023,46.9],[2024,49.6],[2025,51.4]],[[2020,92.3],[2021,117.5],[2022,97.7],[2023,92.1],[2024,75.7],[2025,62.9]],[[2020,106.7],[2021,135.8],[2022,112.9],[2023,106.4],[2024,87.5],[2025,72.7]],[[2020,89.7],[2021,114.1],[2022,94.9],[2023,89.4],[2024,73.6],[2025,61.1]],[[2020,55.5],[2021,70.6],[2022,58.7],[2023,55.3],[2024,45.5],[2025,37.8]],[[2020,111.4],[2021,113.7],[2022,108.8],[2023,97.4],[2024,89.6],[2025,93.9]],[[2020,59.8],[2021,61],[2022,58.4],[2023,52.3],[2024,48.1],[2025,50.4]],[[2020,52.6],[2021,53.6],[2022,51.3],[2023,46],[2024,42.3],[2025,44.3]],[[2020,70.7],[2021,72.2],[2022,69],[2023,61.8],[2024,56.9],[2025,59.6]],[[2020,68.4],[2021,69.8],[2022,66.7],[2023,59.8],[2024,55],[2025,57.6]],[[2020,63.2],[2021,52.8],[2022,52.2],[2023,50.8],[2024,53.6],[2025,55.6]],[[2020,57.7],[2021,48.1],[2022,47.6],[2023,46.3],[2024,48.9],[2025,50.7]],[[2020,49.7],[2021,50.7],[2022,48.5],[2023,43.5],[2024,40],[2025,41.9]],[[2020,51.2],[2021,52.2],[2022,49.9],[2023,44.7],[2024,41.1],[2025,43.1]],[[2020,52.8],[2021,53.9],[2022,51.5],[2023,46.2],[2024,42.5],[2025,44.5]],[[2020,63.3],[2021,64.5],[2022,61.7],[2023,55.3],[2024,50.9],[2025,53.3]],[[2020,192.5],[2021,196.4],[2022,187.9],[2023,168.3],[2024,154.8],[2025,162.2]],[[2020,46.2],[2021,38.5],[2022,38.1],[2023,37.1],[2024,39.2],[2025,40.6]]],[-15.7,-15.7,-15.7,-15.8,-15.8,-15.7,-12.1,-12.1,-12.1,-12.1,-12.1,-12.1,-12.1,-12.1,-12.2,-12.1,-12,-12.1,-12.1,-12.1,-12.1,-12.1,-12,-44.9,-12.2,-12.1,-12,-12.1,-44.8,-44.8,-44.8,-44.9,-44.9,-44.9,-44.8,-44.8,-44.8,-12.1,-44.8,-12,-12.2,-12.1,-12.1,-11.9,-12,-12.2,-12,-12.1,-12.1,-31.8,-22.5,-22.4,-22.5,-12,-12,-12.1,-11.9,-12.2,-12.1,-31.9,-31.9,-31.9,-31.9,-15.7,-15.7,-15.8,-15.7,-15.8,-12,-12.1,-15.7,-15.8,-15.7,-15.8,-15.7,-12.1],[102.6,102.6,102.6,102.6,102.6,102.6,107,107,107,107,107,107,107,107,107,107,107,107,107,107,107,107,107,108.8,107,107,107,107,108.8,108.8,108.8,108.8,108.8,108.8,108.8,108.8,108.8,107,108.8,107,107,107,107,107,107,107,107,107,107,116.5,99,99,99,107,107,107,107,107,107,116.5,116.5,116.5,116.5,102.6,102.6,102.6,102.6,102.6,107,107,102.6,102.6,102.6,102.6,102.6,107],[197,null,103,null,null,null,91,null,54,null,122,73,64,65,null,null,null,109,null,null,86,86,22,null,null,69,null,null,86,null,null,null,null,70,83,null,null,null,null,null,null,63,null,null,44,null,null,78,null,null,86,null,null,90,null,null,null,null,93,null,null,89,null,131,null,null,77,null,null,99,null,null,null,null,null,null],["Mäntyharju","Mäntyharju","Mäntyharju","Mäntyharju","Mäntyharju","Mäntyharju","Mikkeli","Mikkeli","Mikkeli","Mikkeli","Mikkeli","Mikkeli","Mikkeli","Mikkeli","Mikkeli","Mikkeli","Mikkeli","Mikkeli","Mikkeli","Mikkeli","Mikkeli","Mikkeli","Mikkeli","Kangasniemi","Mikkeli","Mikkeli","Mikkeli","Mikkeli","Kangasniemi","Kangasniemi","Kangasniemi","Kangasniemi","Kangasniemi","Kangasniemi","Kangasniemi","Kangasniemi","Kangasniemi","Mikkeli","Kangasniemi","Mikkeli","Mikkeli","Mikkeli","Mikkeli","Mikkeli","Mikkeli","Mikkeli","Mikkeli","Mikkeli","Mikkeli","Hirvensalmi","Puumala","Puumala","Puumala","Mikkeli","Mikkeli","Mikkeli","Mikkeli","Mikkeli","Mikkeli","Hirvensalmi","Hirvensalmi","Hirvensalmi","Hirvensalmi","Mäntyharju","Mäntyharju","Mäntyharju","Mäntyharju","Mäntyharju","Mikkeli","Mikkeli","Mäntyharju","Mäntyharju","Mäntyharju","Mäntyharju","Mäntyharju","Mikkeli"],[26.38496,26.32965,26.49071,26.39015,26.55513,26.62313,27.26812,27.23311,27.23836,27.20339,27.26352,27.30318,27.35926,27.31655,27.1614,27.40406,27.4037,27.25743,27.27915,26.96715,27.15804,27.04722,27.23359,26.52421,27.34537,27.19795,26.89116,27.05457,26.61512,26.63717,26.75923,26.48713,26.5145,26.39793,26.40169,26.89742,26.83712,27.04025,26.96914,27.30293,27.31517,27.18455,27.29745,27.00178,27.48874,27.53718,27.73501,27.69823,27.44821,26.58976,28.26495,27.82034,28.17033,27.36376,27.2453,27.29495,27.44641,27.59099,27.48342,26.95998,26.93761,26.7626,26.52044,26.90147,26.63518,26.57566,26.73308,26.91951,27.10594,27.38987,27.29472,27.10384,26.65426,26.58489,26.44431,27.21436],[61.40689,61.49431,61.51571,61.60909,61.53889,61.52157,61.69055,61.69114,61.6785,61.69621,61.66965,61.70331,61.69318,61.68923,61.7377,61.78497,61.6872,61.64788,61.65761,61.73326,61.67519,61.64424,61.62496,62.07419,61.63687,61.82027,61.84169,61.84655,61.99698,62.20907,62.12228,61.90762,62.00615,61.99046,62.1382,61.93707,61.99856,61.91173,61.98926,61.81913,61.91691,62.04725,61.95258,62.12062,61.7112,61.73587,61.52869,61.58521,61.61282,61.71658,61.534,61.47126,61.67176,61.47925,61.56379,61.58407,61.54453,61.46571,61.40076,61.55299,61.64874,61.68142,61.8007,61.38543,61.4468,61.42192,61.51981,61.49295,61.42969,61.31474,61.22682,61.20799,61.32017,61.31741,61.33065,62.12136],[null,null,null,null,null,null,10.95,null,null,null,0,1.49,6.69,32.44,null,null,null,2.39,1.23,12.6,0,9.3,11.98,null,26.89,null,21.95,null,22.17,null,null,23.35,0,7.77,null,8.64,4.33,null,null,null,null,null,null,null,null,null,24.1,30.92,5.76,17.34,39.35,37.96,4,24,4.35,44.73,22.03,30.59,25.21,6.07,12.07,39.66,35.15,0,null,null,1.07,null,null,14.82,null,null,null,null,null,null],[-15.1,-15.1,-15.1,-15.1,-15.1,-15.1,-7.1,-7.1,-7.1,-7.1,-7.1,-7.1,-7.1,-7.1,-7.1,-7.1,-7.1,-7.1,-7.1,-7.1,-7.1,-7.1,-7.1,-14.2,-7.1,-7.1,-7.1,-7.1,-14.2,-14.2,-14.2,-14.2,-14.2,-14.2,-14.2,-14.2,-14.2,-7.1,-14.2,-7.1,-7.1,-7.1,-7.1,-7.1,-7.1,-7.1,-7.1,-7.1,-7.1,-5.6,-3.7,-3.7,-3.7,-7.1,-7.1,-7.1,-7.1,-7.1,-7.1,-5.6,-5.6,-5.6,-5.6,-15.1,-15.1,-15.1,-15.1,-15.1,-7.1,-7.1,-15.1,-15.1,-15.1,-15.1,-15.1,-7.1],[3.8,3.8,3.8,3.8,3.8,3.8,13.9,13.9,13.9,13.9,13.9,13.9,13.9,13.9,13.9,13.9,13.9,13.9,13.9,13.9,13.9,13.9,13.9,3.8,13.9,13.9,13.9,13.9,3.8,3.8,3.8,3.8,3.8,3.8,3.8,3.8,3.8,13.9,3.8,13.9,13.9,13.9,13.9,13.9,13.9,13.9,13.9,13.9,13.9,6.9,5.6,5.6,5.6,13.9,13.9,13.9,13.9,13.9,13.9,6.9,6.9,6.9,6.9,3.8,3.8,3.8,3.8,3.8,13.9,13.9,3.8,3.8,3.8,3.8,3.8,13.9],[null,null,null,null,1,1,null,null,null,null,null,null,1,null,null,null,1,1,1,null,2,1,1,null,1,null,null,null,null,null,null,1,null,1,1,null,null,null,null,null,null,null,null,null,1,1,null,null,null,null,null,null,null,null,null,null,null,null,null,2,null,1,1,1,1,null,1,null,null,null,null,null,null,null,null,null],[64.5,64.5,64.5,64.5,64.5,64.5,61.9,61.9,61.9,61.9,61.9,61.9,61.9,61.9,61.9,61.9,61.9,61.9,61.9,61.9,61.9,61.9,61.9,57.2,61.9,61.9,61.9,61.9,57.2,57.2,57.2,57.2,57.2,57.2,57.2,57.2,57.2,61.9,57.2,61.9,61.9,61.9,61.9,61.9,61.9,61.9,61.9,61.9,61.9,63.4,61.8,61.8,61.8,61.9,61.9,61.9,61.9,61.9,61.9,63.4,63.4,63.4,63.4,64.5,64.5,64.5,64.5,64.5,61.9,61.9,64.5,64.5,64.5,64.5,64.5,61.9],[29,29,29,29,29,29,27.4,27.4,27.4,27.4,27.4,27.4,27.4,27.4,27.4,27.4,27.4,27.4,27.4,27.4,27.4,27.4,27.4,13.9,27.4,27.4,27.4,27.4,13.9,13.9,13.9,13.9,13.9,13.9,13.9,13.9,13.9,27.4,13.9,27.4,27.4,27.4,27.4,27.4,27.4,27.4,27.4,27.4,27.4,22.8,17.8,17.8,17.8,27.4,27.4,27.4,27.4,27.4,27.4,22.8,22.8,22.8,22.8,29,29,29,29,29,27.4,27.4,29,29,29,29,29,27.4],[16.2,16.2,16.2,16.2,16.2,16.2,18.9,18.9,18.9,18.9,18.9,18.9,18.9,18.9,18.9,18.9,18.9,18.9,18.9,18.9,18.9,18.9,18.9,30.2,18.9,18.9,18.9,18.9,30.2,30.2,30.2,30.2,30.2,30.2,30.2,30.2,30.2,18.9,30.2,18.9,18.9,18.9,18.9,18.9,18.9,18.9,18.9,18.9,18.9,14.4,15.8,15.8,15.8,18.9,18.9,18.9,18.9,18.9,18.9,14.4,14.4,14.4,14.4,16.2,16.2,16.2,16.2,16.2,18.9,18.9,16.2,16.2,16.2,16.2,16.2,18.9],[25.8,25.8,25.8,25.8,25.8,25.8,21.7,21.7,21.7,21.7,21.7,21.7,21.7,21.7,21.7,21.7,21.7,21.7,21.7,21.7,21.7,21.7,21.7,17.5,21.7,21.7,21.7,21.7,17.5,17.5,17.5,17.5,17.5,17.5,17.5,17.5,17.5,21.7,17.5,21.7,21.7,21.7,21.7,21.7,21.7,21.7,21.7,21.7,21.7,21.6,21.4,21.4,21.4,21.7,21.7,21.7,21.7,21.7,21.7,21.6,21.6,21.6,21.6,25.8,25.8,25.8,25.8,25.8,21.7,21.7,25.8,25.8,25.8,25.8,25.8,21.7],[18.1,18.1,18.1,18.1,18.1,18.1,16.5,16.5,16.5,16.5,16.5,16.5,16.5,16.5,16.5,16.5,16.5,16.5,16.5,16.5,16.5,16.5,16.5,27.4,16.5,16.5,16.5,16.5,27.4,27.4,27.4,27.4,27.4,27.4,27.4,27.4,27.4,16.5,27.4,16.5,16.5,16.5,16.5,16.5,16.5,16.5,16.5,16.5,16.5,29.8,31.5,31.5,31.5,16.5,16.5,16.5,16.5,16.5,16.5,29.8,29.8,29.8,29.8,18.1,18.1,18.1,18.1,18.1,16.5,16.5,18.1,18.1,18.1,18.1,18.1,16.5],[2.7,2.7,2.7,2.7,2.7,2.7,5.9,5.9,5.9,5.9,5.9,5.9,5.9,5.9,5.9,5.9,5.9,5.9,5.9,5.9,5.9,5.9,5.9,2.5,5.9,5.9,5.9,5.9,2.5,2.5,2.5,2.5,2.5,2.5,2.5,2.5,2.5,5.9,2.5,5.9,5.9,5.9,5.9,5.9,5.9,5.9,5.9,5.9,5.9,2.4,3.4,3.4,3.4,5.9,5.9,5.9,5.9,5.9,5.9,2.4,2.4,2.4,2.4,2.7,2.7,2.7,2.7,2.7,5.9,5.9,2.7,2.7,2.7,2.7,2.7,5.9],[1.8,1.8,1.8,1.8,1.8,1.8,1.7,1.7,1.7,1.7,1.7,1.7,1.7,1.7,1.7,1.7,1.7,1.7,1.7,1.7,1.7,1.7,1.7,1.3,1.7,1.7,1.7,1.7,1.3,1.3,1.3,1.3,1.3,1.3,1.3,1.3,1.3,1.7,1.3,1.7,1.7,1.7,1.7,1.7,1.7,1.7,1.7,1.7,1.7,0.8,1.5,1.5,1.5,1.7,1.7,1.7,1.7,1.7,1.7,0.8,0.8,0.8,0.8,1.8,1.8,1.8,1.8,1.8,1.7,1.7,1.8,1.8,1.8,1.8,1.8,1.7],[0.1,0.1,0.1,0.1,0.1,0.1,0.1,0.1,0.1,0.1,0.1,0.1,0.1,0.1,0.1,0.1,0.1,0.1,0.1,0.1,0.1,0.1,0.1,0.1,0.1,0.1,0.1,0.1,0.1,0.1,0.1,0.1,0.1,0.1,0.1,0.1,0.1,0.1,0.1,0.1,0.1,0.1,0.1,0.1,0.1,0.1,0.1,0.1,0.1,null,0.1,0.1,0.1,0.1,0.1,0.1,0.1,0.1,0.1,null,null,null,null,0.1,0.1,0.1,0.1,0.1,0.1,0.1,0.1,0.1,0.1,0.1,0.1,0.1],[5.6,5.6,5.6,5.6,5.6,5.6,6.9,6.9,6.9,6.9,6.9,6.9,6.9,6.9,6.9,6.9,6.9,6.9,6.9,6.9,6.9,6.9,6.9,3.9,6.9,6.9,6.9,6.9,3.9,3.9,3.9,3.9,3.9,3.9,3.9,3.9,3.9,6.9,3.9,6.9,6.9,6.9,6.9,6.9,6.9,6.9,6.9,6.9,6.9,3.3,3.8,3.8,3.8,6.9,6.9,6.9,6.9,6.9,6.9,3.3,3.3,3.3,3.3,5.6,5.6,5.6,5.6,5.6,6.9,6.9,5.6,5.6,5.6,5.6,5.6,6.9],["[[2020, 3.7], [2021, 3.7], [2022, 4.3], [2023, 6.8], [2024, 8.0], [2025, 9.0]]","[[2020, 2.6], [2021, 2.6], [2022, 3.1], [2023, 4.7], [2024, 5.7], [2025, 6.3]]","[[2020, 1.6], [2021, 1.6], [2022, 1.9], [2023, 2.9], [2024, 3.5], [2025, 3.9]]","[[2020, 1.0], [2021, 1.0], [2022, 1.2], [2023, 1.8], [2024, 2.2], [2025, 2.4]]","[[2020, 1.4], [2021, 1.4], [2022, 1.6], [2023, 2.6], [2024, 3.0], [2025, 3.4]]","[[2020, 0.0], [2021, 0.0], [2022, 0.0], [2023, 0.0], [2024, 0.0], [2025, 0.0]]","[[2020, 4.7], [2021, 4.8], [2022, 5.0], [2023, 6.0], [2024, 7.1], [2025, 7.7]]","[[2020, 6.8], [2021, 7.0], [2022, 7.3], [2023, 8.7], [2024, 10.2], [2025, 11.2]]","[[2020, 3.8], [2021, 3.9], [2022, 4.1], [2023, 4.9], [2024, 5.7], [2025, 6.2]]","[[2020, 5.4], [2021, 5.5], [2022, 5.8], [2023, 6.9], [2024, 8.1], [2025, 8.9]]","[[2020, 10.5], [2021, 10.8], [2022, 11.2], [2023, 13.5], [2024, 15.8], [2025, 17.2]]","[[2020, 3.5], [2021, 3.6], [2022, 3.8], [2023, 4.5], [2024, 5.2], [2025, 5.8]]","[[2020, 2.1], [2021, 2.1], [2022, 2.2], [2023, 2.7], [2024, 3.2], [2025, 3.5]]","[[2020, 7.2], [2021, 7.4], [2022, 7.7], [2023, 9.3], [2024, 10.8], [2025, 11.8]]","[[2020, 0.5], [2021, 0.5], [2022, 0.5], [2023, 0.6], [2024, 0.8], [2025, 0.8]]","[[2020, 3.6], [2021, 3.7], [2022, 3.9], [2023, 4.6], [2024, 5.4], [2025, 5.9]]","[[2020, 0.7], [2021, 0.7], [2022, 0.7], [2023, 0.9], [2024, 1.0], [2025, 1.1]]","[[2020, 3.4], [2021, 3.5], [2022, 3.6], [2023, 4.4], [2024, 5.1], [2025, 5.6]]","[[2020, 2.5], [2021, 2.6], [2022, 2.7], [2023, 3.2], [2024, 3.8], [2025, 4.1]]","[[2020, 2.5], [2021, 2.6], [2022, 2.7], [2023, 3.2], [2024, 3.8], [2025, 4.1]]","[[2020, 1.9], [2021, 1.9], [2022, 2.0], [2023, 2.4], [2024, 2.8], [2025, 3.1]]","[[2020, 2.4], [2021, 2.5], [2022, 2.6], [2023, 3.1], [2024, 3.6], [2025, 3.9]]","[[2020, 1.9], [2021, 1.9], [2022, 2.0], [2023, 2.4], [2024, 2.8], [2025, 3.1]]","[[2020, 2.1], [2021, 2.1], [2022, 2.5], [2023, 3.9], [2024, 5.0], [2025, 5.5]]","[[2020, 1.9], [2021, 1.9], [2022, 2.0], [2023, 2.4], [2024, 2.8], [2025, 3.1]]","[[2020, 4.2], [2021, 4.3], [2022, 4.5], [2023, 5.4], [2024, 6.3], [2025, 6.9]]","[[2020, 1.4], [2021, 1.4], [2022, 1.5], [2023, 1.8], [2024, 2.1], [2025, 2.3]]","[[2020, 2.5], [2021, 2.6], [2022, 2.7], [2023, 3.2], [2024, 3.8], [2025, 4.1]]","[[2020, 1.8], [2021, 1.8], [2022, 2.2], [2023, 3.4], [2024, 4.3], [2025, 4.7]]","[[2020, 0.6], [2021, 0.6], [2022, 0.7], [2023, 1.1], [2024, 1.4], [2025, 1.6]]","[[2020, 0.5], [2021, 0.5], [2022, 0.6], [2023, 0.9], [2024, 1.2], [2025, 1.3]]","[[2020, 3.0], [2021, 3.0], [2022, 3.6], [2023, 5.6], [2024, 7.2], [2025, 7.8]]","[[2020, 0.0], [2021, 0.0], [2022, 0.0], [2023, 0.0], [2024, 0.0], [2025, 0.0]]","[[2020, 0.8], [2021, 0.8], [2022, 1.0], [2023, 1.5], [2024, 1.9], [2025, 2.1]]","[[2020, 1.1], [2021, 1.1], [2022, 1.3], [2023, 2.1], [2024, 2.6], [2025, 2.9]]","[[2020, 2.6], [2021, 2.6], [2022, 3.1], [2023, 4.9], [2024, 6.2], [2025, 6.8]]","[[2020, 0.0], [2021, 0.0], [2022, 0.0], [2023, 0.0], [2024, 0.0], [2025, 0.0]]","[[2020, 2.0], [2021, 2.0], [2022, 2.1], [2023, 2.6], [2024, 3.0], [2025, 3.3]]","[[2020, 1.1], [2021, 1.1], [2022, 1.3], [2023, 2.1], [2024, 2.6], [2025, 2.9]]","[[2020, 0.7], [2021, 0.7], [2022, 0.7], [2023, 0.9], [2024, 1.0], [2025, 1.1]]","[[2020, 0.7], [2021, 0.7], [2022, 0.7], [2023, 0.9], [2024, 1.0], [2025, 1.1]]","[[2020, 4.6], [2021, 4.7], [2022, 4.9], [2023, 5.9], [2024, 6.9], [2025, 7.6]]","[[2020, 0.0], [2021, 0.0], [2022, 0.0], [2023, 0.0], [2024, 0.0], [2025, 0.0]]","[[2020, 0.0], [2021, 0.0], [2022, 0.0], [2023, 0.0], [2024, 0.0], [2025, 0.0]]","[[2020, 1.3], [2021, 1.3], [2022, 1.4], [2023, 1.7], [2024, 2.0], [2025, 2.1]]","[[2020, 1.0], [2021, 1.0], [2022, 1.1], [2023, 1.3], [2024, 1.5], [2025, 1.6]]","[[2020, 0.0], [2021, 0.0], [2022, 0.0], [2023, 0.0], [2024, 0.0], [2025, 0.0]]","[[2020, 0.6], [2021, 0.6], [2022, 0.6], [2023, 0.8], [2024, 0.9], [2025, 1.0]]","[[2020, 1.2], [2021, 1.2], [2022, 1.3], [2023, 1.5], [2024, 1.8], [2025, 2.0]]","[[2020, 1.7], [2021, 1.4], [2022, 1.5], [2023, 2.0], [2024, 1.9], [2025, 2.1]]","[[2020, 2.0], [2021, 1.7], [2022, 2.5], [2023, 2.9], [2024, 3.4], [2025, 3.8]]","[[2020, 1.4], [2021, 1.2], [2022, 1.8], [2023, 2.0], [2024, 2.4], [2025, 2.7]]","[[2020, 2.8], [2021, 2.4], [2022, 3.5], [2023, 4.1], [2024, 4.8], [2025, 5.3]]","[[2020, 3.0], [2021, 3.1], [2022, 3.2], [2023, 3.9], [2024, 4.5], [2025, 4.9]]","[[2020, 3.2], [2021, 3.3], [2022, 3.4], [2023, 4.1], [2024, 4.8], [2025, 5.3]]","[[2020, 0.0], [2021, 0.0], [2022, 0.0], [2023, 0.0], [2024, 0.0], [2025, 0.0]]","[[2020, 1.0], [2021, 1.0], [2022, 1.1], [2023, 1.3], [2024, 1.5], [2025, 1.6]]","[[2020, 2.1], [2021, 2.1], [2022, 2.2], [2023, 2.7], [2024, 3.2], [2025, 3.5]]","[[2020, 8.9], [2021, 9.1], [2022, 9.5], [2023, 11.4], [2024, 13.4], [2025, 14.6]]","[[2020, 1.3], [2021, 1.1], [2022, 1.2], [2023, 1.5], [2024, 1.4], [2025, 1.6]]","[[2020, 0.0], [2021, 0.0], [2022, 0.0], [2023, 0.0], [2024, 0.0], [2025, 0.0]]","[[2020, 3.1], [2021, 2.6], [2022, 2.8], [2023, 3.6], [2024, 3.4], [2025, 3.8]]","[[2020, 5.2], [2021, 4.4], [2022, 4.6], [2023, 6.0], [2024, 5.8], [2025, 6.4]]","[[2020, 2.2], [2021, 2.2], [2022, 2.6], [2023, 4.0], [2024, 4.8], [2025, 5.4]]","[[2020, 5.7], [2021, 5.7], [2022, 6.7], [2023, 10.4], [2024, 12.4], [2025, 13.9]]","[[2020, 0.0], [2021, 0.0], [2022, 0.0], [2023, 0.0], [2024, 0.0], [2025, 0.0]]","[[2020, 0.4], [2021, 0.4], [2022, 0.5], [2023, 0.7], [2024, 0.9], [2025, 1.0]]","[[2020, 3.6], [2021, 3.6], [2022, 4.2], [2023, 6.6], [2024, 7.8], [2025, 8.8]]","[[2020, 2.2], [2021, 2.3], [2022, 2.4], [2023, 2.8], [2024, 3.3], [2025, 3.6]]","[[2020, 3.4], [2021, 3.5], [2022, 3.6], [2023, 4.4], [2024, 5.1], [2025, 5.6]]","[[2020, 3.5], [2021, 3.5], [2022, 4.1], [2023, 6.4], [2024, 7.6], [2025, 8.5]]","[[2020, 4.4], [2021, 4.4], [2022, 5.2], [2023, 8.0], [2024, 9.6], [2025, 10.7]]","[[2020, 1.7], [2021, 1.7], [2022, 2.0], [2023, 3.1], [2024, 3.7], [2025, 4.1]]","[[2020, 8.9], [2021, 8.9], [2022, 10.4], [2023, 16.3], [2024, 19.3], [2025, 21.7]]","[[2020, 2.9], [2021, 2.9], [2022, 3.4], [2023, 5.3], [2024, 6.3], [2025, 7.1]]","[[2020, 6.1], [2021, 6.2], [2022, 6.5], [2023, 7.8], [2024, 9.1], [2025, 10.0]]"],[9,6.3,3.9,2.4,3.4,0,7.7,11.2,6.2,8.9,17.2,5.8,3.5,11.8,0.8,5.9,1.1,5.6,4.1,4.1,3.1,3.9,3.1,5.5,3.1,6.9,2.3,4.1,4.7,1.6,1.3,7.8,0,2.1,2.9,6.8,0,3.3,2.9,1.1,1.1,7.6,0,0,2.1,1.6,0,1,2,2.1,3.8,2.7,5.3,4.9,5.3,0,1.6,3.5,14.6,1.6,0,3.8,6.4,5.4,13.9,0,1,8.8,3.6,5.6,8.5,10.7,4.1,21.7,7.1,10],[26.2,25.2,22.2,42.1,23.5,26.3,20.3,21.6,16.9,17.6,28.4,17.7,13,18.9,17.6,16.9,15,14.5,19.6,18.7,13.2,21.8,12.4,10.8,14.2,19.1,35.1,29.5,21.1,24.2,28.5,22.9,25.8,31.9,21.4,22.5,23.4,27.7,25,22.5,26,26.4,null,24,18.1,19.9,20.9,20.2,14.3,31.4,21.1,26.6,32.3,17.2,15.1,20.5,16.4,29.8,26.1,23.6,22.4,21.5,21.5,21.6,34.1,31,32.9,22.1,18.4,30,33,30,27.4,35.3,28.9,25.7],[107.1,53.3,107.6,20.8,36.2,78.3,243.4,40.9,173.8,237.6,9.1,39.2,71.5,47.6,16.9,31.1,47.9,27.9,237,33,52.9,53.8,42.9,20,78.1,19.4,32.6,32.9,104.9,40.6,33.3,29.4,12.5,20.8,16,39.3,63.3,54.2,37.7,24.7,40.7,72.1,null,33.3,46.3,42.7,21.3,33.7,30.1,54.5,78.3,49.4,37.5,52.8,41.6,19,50.5,23.3,314.3,28.9,19.7,72,78.1,96.5,57.1,37.5,14.9,26.5,279.3,34,15.2,29.6,62.2,52,30.8,18.6],[null,null,[[2021,532],[2024,402]],null,null,null,[[2020,1914],[2021,1941],[2022,1848],[2023,1858],[2024,1773],[2025,1648]],[[2020,1312],[2021,1641],[2022,723],[2023,1095],[2025,760]],[[2020,1905],[2021,1753],[2022,1873],[2023,1424],[2024,1619],[2025,1830]],null,[[2020,1046],[2021,699],[2022,640],[2023,510],[2024,619],[2025,553]],[[2020,1487],[2021,1408],[2022,1530],[2023,1384],[2024,1218],[2025,1150]],null,[[2020,1728],[2021,1879],[2022,1871],[2023,1833],[2024,1855],[2025,1583]],null,null,null,[[2020,1314],[2021,1359],[2022,1259],[2023,1195],[2024,1181],[2025,1216]],null,null,[[2020,1787],[2021,1703],[2022,1822],[2023,1853],[2024,1662],[2025,1678]],[[2021,1050],[2022,901]],[[2022,3112],[2024,3039],[2025,2945]],null,null,[[2020,2328],[2021,2401],[2022,2199],[2023,2199],[2024,2356],[2025,2188]],null,null,[[2020,923],[2021,835],[2022,942],[2023,868],[2024,724],[2025,659]],null,null,null,null,null,null,null,null,null,null,null,null,null,null,null,null,null,null,null,null,null,[[2020,1026],[2021,814],[2022,615],[2025,1080]],null,null,[[2020,1009],[2021,808],[2022,1043],[2023,1160],[2024,898],[2025,1017]],null,null,null,null,null,null,null,[[2020,792],[2021,890],[2022,1200],[2023,769],[2024,900],[2025,720]],null,[[2020,660],[2021,719],[2022,757],[2023,699],[2024,542],[2025,628]],null,null,null,null,null,null,null,null,null,null,null,null]]}}