{"type":"Topology","objects":{"neighborhoods":{"type":"GeometryCollection","geometries":[{"type":"MultiPolygon","arcs":[[[0,1,2,3]]],"properties":{"id":2984,"postinumeroalue":"99520","nimi":"Seipäjärvi","namn":"Seipäjärvi","euref_x":466942,"euref_y":7450948,"pinta_ala":78904412,"vuosi":2026,"kunta":"758","he_vakiy":28,"he_naiset":-1,"he_miehet":-1,"he_kika":null,"he_0_2":null,"he_3_6":null,"he_7_12":-1,"he_13_15":-1,"he_16_17":-1,"he_18_19":-1,"he_20_24":-1,"he_25_29":-1,"he_30_34":-1,"he_35_39":-1,"he_40_44":-1,"he_45_49":-1,"he_50_54":-1,"he_55_59":-1,"he_60_64":-1,"he_65_69":-1,"he_70_74":-1,"he_75_79":-1,"he_80_84":-1,"he_85_":-1,"ko_ika18y":26,"ko_perus":null,"ko_koul":-1,"ko_yliop":-1,"ko_ammat":null,"ko_al_kork":null,"ko_yl_kork":null,"hr_tuy":26,"hr_ktu":null,"hr_mtu":null,"hr_pi_tul":-1,"hr_ke_tul":-1,"hr_hy_tul":-1,"hr_ovy":-1,"te_taly":19,"te_takk":null,"te_as_valj":-1,"te_yks":-1,"te_nuor":-1,"te_eil_np":-1,"te_laps":-1,"te_plap":-1,"te_aklap":-1,"te_klap":-1,"te_teini":-1,"te_yhlap":-1,"te_aik":-1,"te_elak":-1,"te_omis_as":null,"te_vuok_as":null,"te_muu_as":-1,"tr_kuty":19,"tr_ktu":-1,"tr_mtu":-1,"tr_pi_tul":-1,"tr_ke_tul":-1,"tr_hy_tul":-1,"tr_ovy":-1,"ra_ke":26,"ra_raky":25,"ra_muut":5,"ra_asrak":20,"ra_asunn":22,"ra_as_kpa":81.6,"ra_pt_as":18,"ra_kt_as":1,"ra_muu_as":3,"tp_tyopy":1,"tp_alku_a":-1,"tp_jalo_bf":-1,"tp_palv_gu":-1,"tp_a_maat":-1,"tp_b_kaiv":-1,"tp_c_teol":-1,"tp_d_ener":-1,"tp_e_vesi":-1,"tp_f_rake":-1,"tp_g_kaup":-1,"tp_h_kulj":-1,"tp_i_majo":-1,"tp_j_info":-1,"tp_k_raho":-1,"tp_l_kiin":-1,"tp_m_erik":-1,"tp_n_hall":-1,"tp_o_julk":-1,"tp_p_koul":-1,"tp_q_terv":-1,"tp_r_taid":-1,"tp_s_muup":-1,"tp_t_koti":-1,"tp_u_kans":-1,"tp_x_tunt":-1,"pt_vakiy":28,"pt_tyoll":null,"pt_tyott":null,"pt_0_14":-1,"pt_opisk":null,"pt_elakel":null,"pt_muut":-1,"city":"pohjois_lappi","pno":"99520","unemployment_rate":null,"higher_education_rate":null,"pensioner_share":null,"ownership_rate":null,"rental_rate":null,"population_density":0,"child_ratio":null,"student_share":null,"detached_house_share":81.8,"youth_ratio_pct":null,"gender_ratio":null,"single_parent_hh_pct":null,"families_with_children_pct":null,"tech_sector_pct":null,"healthcare_workers_pct":null,"employment_rate":null,"elderly_ratio_pct":null,"avg_household_size":1.47,"manufacturing_jobs_pct":null,"public_sector_jobs_pct":null,"service_sector_jobs_pct":null,"new_construction_pct":113.6,"foreign_language_pct":0,"crime_index":212.8,"property_price_sqm":null,"transit_stop_density":null,"air_quality_index":18.6,"green_space_pct":51.2,"daycare_density":0,"school_density":0,"healthcare_density":0,"restaurant_density":0,"grocery_density":0,"cycling_density":0,"single_person_hh_pct":null,"rental_price_sqm":null,"price_to_rent_ratio":null,"walkability_index":76,"traffic_accident_rate":null,"property_price_change_pct":null,"school_quality_score":null,"light_pollution":null,"noise_pollution":40,"voter_turnout_pct":57.5,"party_diversity_index":0.843,"broadband_coverage_pct":98,"ev_charging_density":0,"tree_canopy_pct":null,"transit_reachability_score":null,"sports_facility_density":0,"water_proximity_m":null,"avg_construction_year":1982,"income_history":null,"population_history":[[2021,23],[2022,21],[2023,21],[2024,21],[2025,25],[2026,28]],"unemployment_history":null,"income_change_pct":null,"population_change_pct":21.7,"unemployment_change_pct":null}},{"type":"MultiPolygon","arcs":[[[4,5,6,7]]],"properties":{"id":2985,"postinumeroalue":"99530","nimi":"Vuojärvi","namn":"Vuojärvi","euref_x":484836,"euref_y":7438824,"pinta_ala":190988958,"vuosi":2026,"kunta":"758","he_vakiy":63,"he_naiset":30,"he_miehet":33,"he_kika":55,"he_0_2":0,"he_3_6":0,"he_7_12":1,"he_13_15":2,"he_16_17":1,"he_18_19":0,"he_20_24":4,"he_25_29":2,"he_30_34":1,"he_35_39":3,"he_40_44":2,"he_45_49":4,"he_50_54":4,"he_55_59":12,"he_60_64":10,"he_65_69":4,"he_70_74":4,"he_75_79":2,"he_80_84":1,"he_85_":6,"ko_ika18y":59,"ko_perus":10,"ko_koul":49,"ko_yliop":2,"ko_ammat":35,"ko_al_kork":10,"ko_yl_kork":2,"hr_tuy":59,"hr_ktu":24882,"hr_mtu":23684,"hr_pi_tul":17,"hr_ke_tul":35,"hr_hy_tul":7,"hr_ovy":1468025,"te_taly":32,"te_takk":2,"te_as_valj":43.2,"te_yks":13,"te_nuor":2,"te_eil_np":0,"te_laps":3,"te_plap":0,"te_aklap":0,"te_klap":1,"te_teini":3,"te_yhlap":1,"te_aik":17,"te_elak":13,"te_omis_as":29,"te_vuok_as":3,"te_muu_as":0,"tr_kuty":32,"tr_ktu":45954,"tr_mtu":40634,"tr_pi_tul":8,"tr_ke_tul":19,"tr_hy_tul":5,"tr_ovy":1470516,"ra_ke":5,"ra_raky":43,"ra_muut":2,"ra_asrak":41,"ra_asunn":39,"ra_as_kpa":84.6,"ra_pt_as":39,"ra_kt_as":0,"ra_muu_as":0,"tp_tyopy":6,"tp_alku_a":-1,"tp_jalo_bf":-1,"tp_palv_gu":-1,"tp_a_maat":-1,"tp_b_kaiv":-1,"tp_c_teol":-1,"tp_d_ener":-1,"tp_e_vesi":-1,"tp_f_rake":-1,"tp_g_kaup":-1,"tp_h_kulj":-1,"tp_i_majo":-1,"tp_j_info":-1,"tp_k_raho":-1,"tp_l_kiin":-1,"tp_m_erik":-1,"tp_n_hall":-1,"tp_o_julk":-1,"tp_p_koul":-1,"tp_q_terv":-1,"tp_r_taid":-1,"tp_s_muup":-1,"tp_t_koti":-1,"tp_u_kans":-1,"tp_x_tunt":-1,"pt_vakiy":63,"pt_tyoll":32,"pt_tyott":3,"pt_0_14":3,"pt_opisk":2,"pt_elakel":20,"pt_muut":3,"city":"pohjois_lappi","pno":"99530","unemployment_rate":4.8,"higher_education_rate":20.3,"pensioner_share":31.7,"ownership_rate":90.6,"rental_rate":9.4,"population_density":0,"child_ratio":0,"student_share":3.2,"detached_house_share":100,"youth_ratio_pct":9.5,"gender_ratio":0.91,"single_parent_hh_pct":0,"families_with_children_pct":9.4,"tech_sector_pct":null,"healthcare_workers_pct":null,"employment_rate":50.8,"elderly_ratio_pct":27,"avg_household_size":1.97,"manufacturing_jobs_pct":null,"public_sector_jobs_pct":null,"service_sector_jobs_pct":null,"new_construction_pct":110.3,"foreign_language_pct":1.5,"crime_index":190.8,"property_price_sqm":null,"transit_stop_density":null,"air_quality_index":18.7,"green_space_pct":7.4,"daycare_density":0,"school_density":0,"healthcare_density":0,"restaurant_density":0,"grocery_density":0,"cycling_density":0,"single_person_hh_pct":40.6,"rental_price_sqm":null,"price_to_rent_ratio":null,"walkability_index":76,"traffic_accident_rate":15.9,"property_price_change_pct":null,"school_quality_score":null,"light_pollution":null,"noise_pollution":40,"voter_turnout_pct":57.5,"party_diversity_index":0.843,"broadband_coverage_pct":98,"ev_charging_density":0,"tree_canopy_pct":null,"transit_reachability_score":null,"sports_facility_density":0,"water_proximity_m":null,"avg_construction_year":1982,"income_history":[[2021,21031],[2022,20617],[2023,19403],[2024,21038],[2025,24249],[2026,23684]],"population_history":[[2021,74],[2022,65],[2023,66],[2024,66],[2025,67],[2026,63]],"unemployment_history":[[2021,2.7],[2022,4.6],[2023,7.6],[2024,0],[2025,1.5],[2026,4.8]],"income_change_pct":12.6,"population_change_pct":-14.9,"unemployment_change_pct":77.8}},{"type":"MultiPolygon","arcs":[[[8,9,10,11,12]]],"properties":{"id":2857,"postinumeroalue":"97370","nimi":"Unarin-Luusua","namn":"Unarin-Luusua","euref_x":446999,"euref_y":7448963,"pinta_ala":128277982,"vuosi":2026,"kunta":"758","he_vakiy":38,"he_naiset":16,"he_miehet":22,"he_kika":59,"he_0_2":0,"he_3_6":1,"he_7_12":0,"he_13_15":0,"he_16_17":0,"he_18_19":0,"he_20_24":1,"he_25_29":1,"he_30_34":1,"he_35_39":3,"he_40_44":2,"he_45_49":2,"he_50_54":1,"he_55_59":4,"he_60_64":6,"he_65_69":5,"he_70_74":3,"he_75_79":2,"he_80_84":4,"he_85_":2,"ko_ika18y":37,"ko_perus":7,"ko_koul":30,"ko_yliop":0,"ko_ammat":25,"ko_al_kork":4,"ko_yl_kork":1,"hr_tuy":37,"hr_ktu":20804,"hr_mtu":17499,"hr_pi_tul":17,"hr_ke_tul":17,"hr_hy_tul":3,"hr_ovy":769742,"te_taly":21,"te_takk":null,"te_as_valj":-1,"te_yks":-1,"te_nuor":-1,"te_eil_np":-1,"te_laps":-1,"te_plap":-1,"te_aklap":-1,"te_klap":-1,"te_teini":-1,"te_yhlap":-1,"te_aik":-1,"te_elak":-1,"te_omis_as":null,"te_vuok_as":null,"te_muu_as":-1,"tr_kuty":21,"tr_ktu":-1,"tr_mtu":-1,"tr_pi_tul":-1,"tr_ke_tul":-1,"tr_hy_tul":-1,"tr_ovy":-1,"ra_ke":107,"ra_raky":38,"ra_muut":4,"ra_asrak":34,"ra_asunn":29,"ra_as_kpa":96.4,"ra_pt_as":29,"ra_kt_as":0,"ra_muu_as":0,"tp_tyopy":7,"tp_alku_a":-1,"tp_jalo_bf":-1,"tp_palv_gu":-1,"tp_a_maat":-1,"tp_b_kaiv":-1,"tp_c_teol":-1,"tp_d_ener":-1,"tp_e_vesi":-1,"tp_f_rake":-1,"tp_g_kaup":-1,"tp_h_kulj":-1,"tp_i_majo":-1,"tp_j_info":-1,"tp_k_raho":-1,"tp_l_kiin":-1,"tp_m_erik":-1,"tp_n_hall":-1,"tp_o_julk":-1,"tp_p_koul":-1,"tp_q_terv":-1,"tp_r_taid":-1,"tp_s_muup":-1,"tp_t_koti":-1,"tp_u_kans":-1,"tp_x_tunt":-1,"pt_vakiy":38,"pt_tyoll":17,"pt_tyott":1,"pt_0_14":1,"pt_opisk":0,"pt_elakel":17,"pt_muut":2,"city":"pohjois_lappi","pno":"97370","unemployment_rate":2.6,"higher_education_rate":13.5,"pensioner_share":44.7,"ownership_rate":null,"rental_rate":null,"population_density":0,"child_ratio":2.6,"student_share":0,"detached_house_share":100,"youth_ratio_pct":5.3,"gender_ratio":0.73,"single_parent_hh_pct":null,"families_with_children_pct":null,"tech_sector_pct":null,"healthcare_workers_pct":null,"employment_rate":44.7,"elderly_ratio_pct":42.1,"avg_household_size":1.81,"manufacturing_jobs_pct":null,"public_sector_jobs_pct":null,"service_sector_jobs_pct":null,"new_construction_pct":131,"foreign_language_pct":0,"crime_index":194.7,"property_price_sqm":null,"transit_stop_density":null,"air_quality_index":19.6,"green_space_pct":36.8,"daycare_density":0,"school_density":0,"healthcare_density":0,"restaurant_density":0,"grocery_density":0,"cycling_density":0,"single_person_hh_pct":null,"rental_price_sqm":null,"price_to_rent_ratio":null,"walkability_index":76,"traffic_accident_rate":null,"property_price_change_pct":null,"school_quality_score":null,"light_pollution":null,"noise_pollution":40,"voter_turnout_pct":57.5,"party_diversity_index":0.843,"broadband_coverage_pct":98,"ev_charging_density":0,"tree_canopy_pct":null,"transit_reachability_score":null,"sports_facility_density":0,"water_proximity_m":null,"avg_construction_year":1983,"income_history":[[2021,13683],[2022,13446],[2023,14559],[2024,13579],[2025,14602],[2026,17499]],"population_history":[[2021,45],[2022,42],[2023,41],[2024,39],[2025,39],[2026,38]],"unemployment_history":[[2021,2.2],[2022,7.1],[2023,9.8],[2024,5.1],[2025,2.6],[2026,2.6]],"income_change_pct":27.9,"population_change_pct":-15.6,"unemployment_change_pct":18.2}},{"type":"MultiPolygon","arcs":[[[13,-9,14]]],"properties":{"id":2858,"postinumeroalue":"97380","nimi":"Kukasranta","namn":"Kukasranta","euref_x":437391,"euref_y":7449215,"pinta_ala":23613291,"vuosi":2026,"kunta":"758","he_vakiy":18,"he_naiset":-1,"he_miehet":-1,"he_kika":null,"he_0_2":null,"he_3_6":null,"he_7_12":-1,"he_13_15":-1,"he_16_17":-1,"he_18_19":-1,"he_20_24":-1,"he_25_29":-1,"he_30_34":-1,"he_35_39":-1,"he_40_44":-1,"he_45_49":-1,"he_50_54":-1,"he_55_59":-1,"he_60_64":-1,"he_65_69":-1,"he_70_74":-1,"he_75_79":-1,"he_80_84":-1,"he_85_":-1,"ko_ika18y":17,"ko_perus":null,"ko_koul":-1,"ko_yliop":-1,"ko_ammat":null,"ko_al_kork":null,"ko_yl_kork":null,"hr_tuy":17,"hr_ktu":null,"hr_mtu":null,"hr_pi_tul":-1,"hr_ke_tul":-1,"hr_hy_tul":-1,"hr_ovy":-1,"te_taly":9,"te_takk":null,"te_as_valj":-1,"te_yks":-1,"te_nuor":-1,"te_eil_np":-1,"te_laps":-1,"te_plap":-1,"te_aklap":-1,"te_klap":-1,"te_teini":-1,"te_yhlap":-1,"te_aik":-1,"te_elak":-1,"te_omis_as":null,"te_vuok_as":null,"te_muu_as":-1,"tr_kuty":9,"tr_ktu":-1,"tr_mtu":-1,"tr_pi_tul":-1,"tr_ke_tul":-1,"tr_hy_tul":-1,"tr_ovy":-1,"ra_ke":22,"ra_raky":17,"ra_muut":2,"ra_asrak":15,"ra_asunn":14,"ra_as_kpa":81.4,"ra_pt_as":14,"ra_kt_as":0,"ra_muu_as":0,"tp_tyopy":2,"tp_alku_a":-1,"tp_jalo_bf":-1,"tp_palv_gu":-1,"tp_a_maat":-1,"tp_b_kaiv":-1,"tp_c_teol":-1,"tp_d_ener":-1,"tp_e_vesi":-1,"tp_f_rake":-1,"tp_g_kaup":-1,"tp_h_kulj":-1,"tp_i_majo":-1,"tp_j_info":-1,"tp_k_raho":-1,"tp_l_kiin":-1,"tp_m_erik":-1,"tp_n_hall":-1,"tp_o_julk":-1,"tp_p_koul":-1,"tp_q_terv":-1,"tp_r_taid":-1,"tp_s_muup":-1,"tp_t_koti":-1,"tp_u_kans":-1,"tp_x_tunt":-1,"pt_vakiy":18,"pt_tyoll":null,"pt_tyott":null,"pt_0_14":-1,"pt_opisk":null,"pt_elakel":null,"pt_muut":-1,"city":"pohjois_lappi","pno":"97380","unemployment_rate":null,"higher_education_rate":null,"pensioner_share":null,"ownership_rate":null,"rental_rate":null,"population_density":1,"child_ratio":null,"student_share":null,"detached_house_share":100,"youth_ratio_pct":null,"gender_ratio":null,"single_parent_hh_pct":null,"families_with_children_pct":null,"tech_sector_pct":null,"healthcare_workers_pct":null,"employment_rate":null,"elderly_ratio_pct":null,"avg_household_size":2,"manufacturing_jobs_pct":null,"public_sector_jobs_pct":null,"service_sector_jobs_pct":null,"new_construction_pct":121.4,"foreign_language_pct":0,"crime_index":80.5,"property_price_sqm":null,"transit_stop_density":null,"air_quality_index":18.9,"green_space_pct":6.1,"daycare_density":0,"school_density":0,"healthcare_density":0,"restaurant_density":0,"grocery_density":0,"cycling_density":0,"single_person_hh_pct":null,"rental_price_sqm":null,"price_to_rent_ratio":null,"walkability_index":76,"traffic_accident_rate":null,"property_price_change_pct":null,"school_quality_score":null,"light_pollution":null,"noise_pollution":40,"voter_turnout_pct":57.5,"party_diversity_index":0.843,"broadband_coverage_pct":98,"ev_charging_density":0,"tree_canopy_pct":null,"transit_reachability_score":null,"sports_facility_density":0,"water_proximity_m":null,"avg_construction_year":1983,"income_history":null,"population_history":[[2021,21],[2022,18],[2023,17],[2024,18],[2025,18],[2026,18]],"unemployment_history":null,"income_change_pct":null,"population_change_pct":-14.3,"unemployment_change_pct":null}},{"type":"MultiPolygon","arcs":[[[15,16,17,-10,-14,18]]],"properties":{"id":2859,"postinumeroalue":"97390","nimi":"Kierinki","namn":"Kierinki","euref_x":436604,"euref_y":7458526,"pinta_ala":250300149,"vuosi":2026,"kunta":"758","he_vakiy":89,"he_naiset":34,"he_miehet":55,"he_kika":61,"he_0_2":0,"he_3_6":0,"he_7_12":0,"he_13_15":3,"he_16_17":0,"he_18_19":1,"he_20_24":1,"he_25_29":3,"he_30_34":3,"he_35_39":1,"he_40_44":2,"he_45_49":3,"he_50_54":3,"he_55_59":10,"he_60_64":16,"he_65_69":14,"he_70_74":13,"he_75_79":12,"he_80_84":3,"he_85_":1,"ko_ika18y":86,"ko_perus":23,"ko_koul":63,"ko_yliop":0,"ko_ammat":54,"ko_al_kork":7,"ko_yl_kork":2,"hr_tuy":86,"hr_ktu":21420,"hr_mtu":17827,"hr_pi_tul":36,"hr_ke_tul":42,"hr_hy_tul":8,"hr_ovy":1842140,"te_taly":54,"te_takk":1.6,"te_as_valj":54.5,"te_yks":29,"te_nuor":2,"te_eil_np":0,"te_laps":2,"te_plap":0,"te_aklap":0,"te_klap":0,"te_teini":1,"te_yhlap":1,"te_aik":19,"te_elak":34,"te_omis_as":51,"te_vuok_as":0,"te_muu_as":3,"tr_kuty":54,"tr_ktu":34582,"tr_mtu":29690,"tr_pi_tul":22,"tr_ke_tul":28,"tr_hy_tul":4,"tr_ovy":1867428,"ra_ke":86,"ra_raky":95,"ra_muut":8,"ra_asrak":87,"ra_asunn":92,"ra_as_kpa":82.1,"ra_pt_as":92,"ra_kt_as":0,"ra_muu_as":0,"tp_tyopy":7,"tp_alku_a":-1,"tp_jalo_bf":-1,"tp_palv_gu":-1,"tp_a_maat":-1,"tp_b_kaiv":-1,"tp_c_teol":-1,"tp_d_ener":-1,"tp_e_vesi":-1,"tp_f_rake":-1,"tp_g_kaup":-1,"tp_h_kulj":-1,"tp_i_majo":-1,"tp_j_info":-1,"tp_k_raho":-1,"tp_l_kiin":-1,"tp_m_erik":-1,"tp_n_hall":-1,"tp_o_julk":-1,"tp_p_koul":-1,"tp_q_terv":-1,"tp_r_taid":-1,"tp_s_muup":-1,"tp_t_koti":-1,"tp_u_kans":-1,"tp_x_tunt":-1,"pt_vakiy":89,"pt_tyoll":30,"pt_tyott":6,"pt_0_14":2,"pt_opisk":2,"pt_elakel":48,"pt_muut":1,"city":"pohjois_lappi","pno":"97390","unemployment_rate":6.7,"higher_education_rate":10.5,"pensioner_share":53.9,"ownership_rate":94.4,"rental_rate":0,"population_density":0,"child_ratio":0,"student_share":2.2,"detached_house_share":100,"youth_ratio_pct":5.6,"gender_ratio":0.62,"single_parent_hh_pct":0,"families_with_children_pct":3.7,"tech_sector_pct":null,"healthcare_workers_pct":null,"employment_rate":33.7,"elderly_ratio_pct":48.3,"avg_household_size":1.65,"manufacturing_jobs_pct":null,"public_sector_jobs_pct":null,"service_sector_jobs_pct":null,"new_construction_pct":103.3,"foreign_language_pct":0,"crime_index":216.5,"property_price_sqm":null,"transit_stop_density":null,"air_quality_index":18.9,"green_space_pct":1.3,"daycare_density":0,"school_density":0,"healthcare_density":0,"restaurant_density":0,"grocery_density":0,"cycling_density":0,"single_person_hh_pct":53.7,"rental_price_sqm":null,"price_to_rent_ratio":null,"walkability_index":76,"traffic_accident_rate":null,"property_price_change_pct":null,"school_quality_score":null,"light_pollution":null,"noise_pollution":40,"voter_turnout_pct":57.5,"party_diversity_index":0.843,"broadband_coverage_pct":98,"ev_charging_density":0,"tree_canopy_pct":null,"transit_reachability_score":null,"sports_facility_density":0,"water_proximity_m":null,"avg_construction_year":1982,"income_history":[[2021,16491],[2022,15194],[2023,17344],[2024,17221],[2025,18451],[2026,17827]],"population_history":[[2021,114],[2022,112],[2023,118],[2024,108],[2025,100],[2026,89]],"unemployment_history":[[2021,3.5],[2022,3.6],[2023,4.2],[2024,5.6],[2025,6],[2026,6.7]],"income_change_pct":8.1,"population_change_pct":-21.9,"unemployment_change_pct":91.4}},{"type":"MultiPolygon","arcs":[[[-4,19,-5,20]]],"properties":{"id":2983,"postinumeroalue":"99510","nimi":"Raudanjoki - Seipäjärvi","namn":"Raudanjoki - Seipäjärvi","euref_x":471733,"euref_y":7438366,"pinta_ala":275605207,"vuosi":2026,"kunta":"758","he_vakiy":60,"he_naiset":21,"he_miehet":39,"he_kika":62,"he_0_2":0,"he_3_6":0,"he_7_12":1,"he_13_15":2,"he_16_17":0,"he_18_19":0,"he_20_24":0,"he_25_29":2,"he_30_34":2,"he_35_39":0,"he_40_44":3,"he_45_49":2,"he_50_54":2,"he_55_59":6,"he_60_64":9,"he_65_69":10,"he_70_74":6,"he_75_79":9,"he_80_84":4,"he_85_":2,"ko_ika18y":57,"ko_perus":12,"ko_koul":45,"ko_yliop":0,"ko_ammat":33,"ko_al_kork":8,"ko_yl_kork":4,"hr_tuy":57,"hr_ktu":27653,"hr_mtu":25570,"hr_pi_tul":12,"hr_ke_tul":39,"hr_hy_tul":6,"hr_ovy":1576240,"te_taly":37,"te_takk":1.6,"te_as_valj":65.5,"te_yks":21,"te_nuor":0,"te_eil_np":1,"te_laps":1,"te_plap":0,"te_aklap":0,"te_klap":1,"te_teini":1,"te_yhlap":0,"te_aik":12,"te_elak":25,"te_omis_as":35,"te_vuok_as":0,"te_muu_as":2,"tr_kuty":37,"tr_ktu":42601,"tr_mtu":38018,"tr_pi_tul":10,"tr_ke_tul":19,"tr_hy_tul":8,"tr_ovy":1576240,"ra_ke":39,"ra_raky":53,"ra_muut":4,"ra_asrak":49,"ra_asunn":44,"ra_as_kpa":102.1,"ra_pt_as":43,"ra_kt_as":0,"ra_muu_as":1,"tp_tyopy":26,"tp_alku_a":3,"tp_jalo_bf":0,"tp_palv_gu":23,"tp_a_maat":3,"tp_b_kaiv":0,"tp_c_teol":0,"tp_d_ener":0,"tp_e_vesi":0,"tp_f_rake":0,"tp_g_kaup":1,"tp_h_kulj":3,"tp_i_majo":0,"tp_j_info":0,"tp_k_raho":0,"tp_l_kiin":0,"tp_m_erik":0,"tp_n_hall":19,"tp_o_julk":0,"tp_p_koul":0,"tp_q_terv":0,"tp_r_taid":0,"tp_s_muup":0,"tp_t_koti":0,"tp_u_kans":0,"tp_x_tunt":0,"pt_vakiy":60,"pt_tyoll":22,"pt_tyott":2,"pt_0_14":3,"pt_opisk":0,"pt_elakel":30,"pt_muut":3,"city":"pohjois_lappi","pno":"99510","unemployment_rate":3.3,"higher_education_rate":21.1,"pensioner_share":50,"ownership_rate":94.6,"rental_rate":0,"population_density":0,"child_ratio":0,"student_share":0,"detached_house_share":97.7,"youth_ratio_pct":3.3,"gender_ratio":0.54,"single_parent_hh_pct":2.7,"families_with_children_pct":2.7,"tech_sector_pct":0,"healthcare_workers_pct":0,"employment_rate":36.7,"elderly_ratio_pct":51.7,"avg_household_size":1.62,"manufacturing_jobs_pct":0,"public_sector_jobs_pct":0,"service_sector_jobs_pct":88.5,"new_construction_pct":120.5,"foreign_language_pct":0,"crime_index":198.4,"property_price_sqm":null,"transit_stop_density":null,"air_quality_index":18.7,"green_space_pct":41.9,"daycare_density":0,"school_density":0,"healthcare_density":0,"restaurant_density":0,"grocery_density":0,"cycling_density":0,"single_person_hh_pct":56.8,"rental_price_sqm":null,"price_to_rent_ratio":null,"walkability_index":76,"traffic_accident_rate":11.1,"property_price_change_pct":null,"school_quality_score":null,"light_pollution":null,"noise_pollution":40,"voter_turnout_pct":57.5,"party_diversity_index":0.843,"broadband_coverage_pct":98,"ev_charging_density":0,"tree_canopy_pct":null,"transit_reachability_score":null,"sports_facility_density":0,"water_proximity_m":null,"avg_construction_year":1982,"income_history":[[2021,18803],[2022,21140],[2023,19725],[2024,21746],[2025,22669],[2026,25570]],"population_history":[[2021,70],[2022,70],[2023,65],[2024,62],[2025,62],[2026,60]],"unemployment_history":[[2021,2.9],[2022,10],[2023,1.5],[2024,6.5],[2025,4.8],[2026,3.3]],"income_change_pct":36,"population_change_pct":-14.3,"unemployment_change_pct":13.8}},{"type":"MultiPolygon","arcs":[[[-6,-20,-3,21,22,23,24]]],"properties":{"id":2986,"postinumeroalue":"99540","nimi":"Torvinen","namn":"Torvinen","euref_x":481879,"euref_y":7454525,"pinta_ala":293609327,"vuosi":2026,"kunta":"758","he_vakiy":144,"he_naiset":62,"he_miehet":82,"he_kika":43,"he_0_2":2,"he_3_6":4,"he_7_12":18,"he_13_15":14,"he_16_17":6,"he_18_19":5,"he_20_24":2,"he_25_29":0,"he_30_34":4,"he_35_39":3,"he_40_44":10,"he_45_49":12,"he_50_54":11,"he_55_59":11,"he_60_64":11,"he_65_69":10,"he_70_74":8,"he_75_79":3,"he_80_84":5,"he_85_":5,"ko_ika18y":100,"ko_perus":13,"ko_koul":87,"ko_yliop":0,"ko_ammat":62,"ko_al_kork":18,"ko_yl_kork":7,"hr_tuy":100,"hr_ktu":31245,"hr_mtu":29023,"hr_pi_tul":15,"hr_ke_tul":57,"hr_hy_tul":28,"hr_ovy":3124523,"te_taly":54,"te_takk":2.7,"te_as_valj":41.1,"te_yks":17,"te_nuor":1,"te_eil_np":1,"te_laps":13,"te_plap":2,"te_aklap":4,"te_klap":9,"te_teini":10,"te_yhlap":2,"te_aik":17,"te_elak":24,"te_omis_as":50,"te_vuok_as":3,"te_muu_as":1,"tr_kuty":54,"tr_ktu":58393,"tr_mtu":48553,"tr_pi_tul":9,"tr_ke_tul":34,"tr_hy_tul":11,"tr_ovy":3153240,"ra_ke":26,"ra_raky":83,"ra_muut":13,"ra_asrak":70,"ra_asunn":70,"ra_as_kpa":106.1,"ra_pt_as":67,"ra_kt_as":0,"ra_muu_as":3,"tp_tyopy":13,"tp_alku_a":6,"tp_jalo_bf":0,"tp_palv_gu":7,"tp_a_maat":6,"tp_b_kaiv":0,"tp_c_teol":0,"tp_d_ener":0,"tp_e_vesi":0,"tp_f_rake":0,"tp_g_kaup":0,"tp_h_kulj":2,"tp_i_majo":0,"tp_j_info":0,"tp_k_raho":0,"tp_l_kiin":0,"tp_m_erik":0,"tp_n_hall":1,"tp_o_julk":0,"tp_p_koul":4,"tp_q_terv":0,"tp_r_taid":0,"tp_s_muup":0,"tp_t_koti":0,"tp_u_kans":0,"tp_x_tunt":0,"pt_vakiy":144,"pt_tyoll":63,"pt_tyott":4,"pt_0_14":31,"pt_opisk":14,"pt_elakel":31,"pt_muut":1,"city":"pohjois_lappi","pno":"99540","unemployment_rate":2.8,"higher_education_rate":25,"pensioner_share":21.5,"ownership_rate":92.6,"rental_rate":5.6,"population_density":0,"child_ratio":4.2,"student_share":9.7,"detached_house_share":95.7,"youth_ratio_pct":4.9,"gender_ratio":0.76,"single_parent_hh_pct":1.9,"families_with_children_pct":24.1,"tech_sector_pct":0,"healthcare_workers_pct":0,"employment_rate":43.8,"elderly_ratio_pct":21.5,"avg_household_size":2.67,"manufacturing_jobs_pct":0,"public_sector_jobs_pct":0,"service_sector_jobs_pct":53.8,"new_construction_pct":118.6,"foreign_language_pct":0,"crime_index":177.9,"property_price_sqm":null,"transit_stop_density":null,"air_quality_index":18.2,"green_space_pct":4.5,"daycare_density":0,"school_density":0,"healthcare_density":0,"restaurant_density":0,"grocery_density":0,"cycling_density":0,"single_person_hh_pct":31.5,"rental_price_sqm":null,"price_to_rent_ratio":null,"walkability_index":76,"traffic_accident_rate":11.6,"property_price_change_pct":null,"school_quality_score":null,"light_pollution":null,"noise_pollution":40,"voter_turnout_pct":57.5,"party_diversity_index":0.843,"broadband_coverage_pct":98,"ev_charging_density":0,"tree_canopy_pct":null,"transit_reachability_score":null,"sports_facility_density":0,"water_proximity_m":null,"avg_construction_year":1982,"income_history":[[2021,22065],[2022,21465],[2023,25164],[2024,25090],[2025,26055],[2026,29023]],"population_history":[[2021,152],[2022,166],[2023,162],[2024,153],[2025,147],[2026,144]],"unemployment_history":[[2021,5.3],[2022,4.8],[2023,6.2],[2024,3.9],[2025,2],[2026,2.8]],"income_change_pct":31.5,"population_change_pct":-5.3,"unemployment_change_pct":-47.2}},{"type":"MultiPolygon","arcs":[[[-24,25,26,27]]],"properties":{"id":2987,"postinumeroalue":"99550","nimi":"Aska - Orakylä","namn":"Aska - Orakylä","euref_x":489942,"euref_y":7461081,"pinta_ala":133454600,"vuosi":2026,"kunta":"758","he_vakiy":85,"he_naiset":41,"he_miehet":44,"he_kika":48,"he_0_2":2,"he_3_6":3,"he_7_12":5,"he_13_15":0,"he_16_17":2,"he_18_19":1,"he_20_24":5,"he_25_29":3,"he_30_34":4,"he_35_39":2,"he_40_44":5,"he_45_49":7,"he_50_54":9,"he_55_59":8,"he_60_64":3,"he_65_69":8,"he_70_74":8,"he_75_79":7,"he_80_84":3,"he_85_":0,"ko_ika18y":73,"ko_perus":12,"ko_koul":61,"ko_yliop":5,"ko_ammat":35,"ko_al_kork":14,"ko_yl_kork":7,"hr_tuy":73,"hr_ktu":30152,"hr_mtu":23953,"hr_pi_tul":16,"hr_ke_tul":41,"hr_hy_tul":16,"hr_ovy":2201064,"te_taly":42,"te_takk":2,"te_as_valj":39,"te_yks":16,"te_nuor":3,"te_eil_np":1,"te_laps":6,"te_plap":2,"te_aklap":3,"te_klap":3,"te_teini":2,"te_yhlap":0,"te_aik":18,"te_elak":18,"te_omis_as":31,"te_vuok_as":10,"te_muu_as":1,"tr_kuty":42,"tr_ktu":52785,"tr_mtu":42125,"tr_pi_tul":9,"tr_ke_tul":24,"tr_hy_tul":9,"tr_ovy":2216989,"ra_ke":94,"ra_raky":55,"ra_muut":9,"ra_asrak":46,"ra_asunn":53,"ra_as_kpa":78.8,"ra_pt_as":52,"ra_kt_as":0,"ra_muu_as":1,"tp_tyopy":13,"tp_alku_a":3,"tp_jalo_bf":1,"tp_palv_gu":9,"tp_a_maat":3,"tp_b_kaiv":0,"tp_c_teol":0,"tp_d_ener":0,"tp_e_vesi":0,"tp_f_rake":1,"tp_g_kaup":1,"tp_h_kulj":0,"tp_i_majo":0,"tp_j_info":2,"tp_k_raho":0,"tp_l_kiin":0,"tp_m_erik":0,"tp_n_hall":6,"tp_o_julk":0,"tp_p_koul":0,"tp_q_terv":0,"tp_r_taid":0,"tp_s_muup":0,"tp_t_koti":0,"tp_u_kans":0,"tp_x_tunt":0,"pt_vakiy":85,"pt_tyoll":37,"pt_tyott":2,"pt_0_14":10,"pt_opisk":5,"pt_elakel":30,"pt_muut":1,"city":"pohjois_lappi","pno":"99550","unemployment_rate":2.4,"higher_education_rate":28.8,"pensioner_share":35.3,"ownership_rate":73.8,"rental_rate":23.8,"population_density":1,"child_ratio":5.9,"student_share":5.9,"detached_house_share":98.1,"youth_ratio_pct":10.6,"gender_ratio":0.93,"single_parent_hh_pct":2.4,"families_with_children_pct":14.3,"tech_sector_pct":15.4,"healthcare_workers_pct":0,"employment_rate":43.5,"elderly_ratio_pct":30.6,"avg_household_size":2.02,"manufacturing_jobs_pct":7.7,"public_sector_jobs_pct":0,"service_sector_jobs_pct":69.2,"new_construction_pct":103.8,"foreign_language_pct":2.4,"crime_index":54.6,"property_price_sqm":null,"transit_stop_density":null,"air_quality_index":18.4,"green_space_pct":4.6,"daycare_density":0,"school_density":0,"healthcare_density":0,"restaurant_density":0,"grocery_density":0,"cycling_density":0,"single_person_hh_pct":38.1,"rental_price_sqm":null,"price_to_rent_ratio":null,"walkability_index":76,"traffic_accident_rate":15.7,"property_price_change_pct":null,"school_quality_score":null,"light_pollution":null,"noise_pollution":40,"voter_turnout_pct":57.5,"party_diversity_index":0.843,"broadband_coverage_pct":98,"ev_charging_density":0,"tree_canopy_pct":null,"transit_reachability_score":null,"sports_facility_density":0,"water_proximity_m":null,"avg_construction_year":1982,"income_history":[[2021,20518],[2022,22410],[2023,21831],[2024,21074],[2025,25345],[2026,23953]],"population_history":[[2021,80],[2022,82],[2023,81],[2024,79],[2025,85],[2026,85]],"unemployment_history":[[2021,3.8],[2022,3.7],[2023,0],[2024,1.3],[2025,4.7],[2026,2.4]],"income_change_pct":16.7,"population_change_pct":6.2,"unemployment_change_pct":-36.8}},{"type":"MultiPolygon","arcs":[[[-7,-25,-28,28,29]]],"properties":{"id":2988,"postinumeroalue":"99555","nimi":"Luosto","namn":"Luosto","euref_x":495650,"euref_y":7452575,"pinta_ala":159574604,"vuosi":2026,"kunta":"758","he_vakiy":73,"he_naiset":37,"he_miehet":36,"he_kika":50,"he_0_2":1,"he_3_6":1,"he_7_12":1,"he_13_15":0,"he_16_17":2,"he_18_19":1,"he_20_24":0,"he_25_29":4,"he_30_34":9,"he_35_39":6,"he_40_44":6,"he_45_49":5,"he_50_54":7,"he_55_59":2,"he_60_64":7,"he_65_69":7,"he_70_74":7,"he_75_79":6,"he_80_84":1,"he_85_":0,"ko_ika18y":68,"ko_perus":15,"ko_koul":53,"ko_yliop":4,"ko_ammat":23,"ko_al_kork":17,"ko_yl_kork":9,"hr_tuy":68,"hr_ktu":30133,"hr_mtu":26657,"hr_pi_tul":9,"hr_ke_tul":45,"hr_hy_tul":14,"hr_ovy":2049029,"te_taly":43,"te_takk":1.7,"te_as_valj":44.5,"te_yks":25,"te_nuor":4,"te_eil_np":2,"te_laps":3,"te_plap":1,"te_aklap":1,"te_klap":1,"te_teini":2,"te_yhlap":0,"te_aik":25,"te_elak":15,"te_omis_as":20,"te_vuok_as":21,"te_muu_as":2,"tr_kuty":43,"tr_ktu":44083,"tr_mtu":30744,"tr_pi_tul":5,"tr_ke_tul":32,"tr_hy_tul":6,"tr_ovy":1895581,"ra_ke":401,"ra_raky":92,"ra_muut":59,"ra_asrak":33,"ra_asunn":63,"ra_as_kpa":66.2,"ra_pt_as":62,"ra_kt_as":0,"ra_muu_as":1,"tp_tyopy":80,"tp_alku_a":0,"tp_jalo_bf":0,"tp_palv_gu":80,"tp_a_maat":0,"tp_b_kaiv":0,"tp_c_teol":0,"tp_d_ener":0,"tp_e_vesi":0,"tp_f_rake":0,"tp_g_kaup":10,"tp_h_kulj":7,"tp_i_majo":51,"tp_j_info":0,"tp_k_raho":0,"tp_l_kiin":0,"tp_m_erik":0,"tp_n_hall":4,"tp_o_julk":0,"tp_p_koul":0,"tp_q_terv":1,"tp_r_taid":7,"tp_s_muup":0,"tp_t_koti":0,"tp_u_kans":0,"tp_x_tunt":0,"pt_vakiy":73,"pt_tyoll":45,"pt_tyott":2,"pt_0_14":3,"pt_opisk":2,"pt_elakel":21,"pt_muut":0,"city":"pohjois_lappi","pno":"99555","unemployment_rate":2.7,"higher_education_rate":38.2,"pensioner_share":28.8,"ownership_rate":46.5,"rental_rate":48.8,"population_density":0,"child_ratio":2.7,"student_share":2.7,"detached_house_share":98.4,"youth_ratio_pct":6.8,"gender_ratio":1.03,"single_parent_hh_pct":4.7,"families_with_children_pct":7,"tech_sector_pct":0,"healthcare_workers_pct":1.2,"employment_rate":61.6,"elderly_ratio_pct":28.8,"avg_household_size":1.7,"manufacturing_jobs_pct":0,"public_sector_jobs_pct":0,"service_sector_jobs_pct":100,"new_construction_pct":146,"foreign_language_pct":3.8,"crime_index":203.6,"property_price_sqm":null,"transit_stop_density":null,"air_quality_index":18.7,"green_space_pct":19.7,"daycare_density":0,"school_density":0,"healthcare_density":0,"restaurant_density":0,"grocery_density":0,"cycling_density":0.2,"single_person_hh_pct":58.1,"rental_price_sqm":null,"price_to_rent_ratio":null,"walkability_index":78,"traffic_accident_rate":4.6,"property_price_change_pct":null,"school_quality_score":null,"light_pollution":null,"noise_pollution":40,"voter_turnout_pct":57.5,"party_diversity_index":0.843,"broadband_coverage_pct":98,"ev_charging_density":0,"tree_canopy_pct":null,"transit_reachability_score":null,"sports_facility_density":0.1,"water_proximity_m":null,"avg_construction_year":1984,"income_history":[[2021,24237],[2022,23210],[2023,23589],[2024,26079],[2025,25752],[2026,26657]],"population_history":[[2021,85],[2022,78],[2023,71],[2024,64],[2025,66],[2026,73]],"unemployment_history":[[2021,3.5],[2022,2.6],[2023,2.8],[2024,1.6],[2025,1.5],[2026,2.7]],"income_change_pct":10,"population_change_pct":-14.1,"unemployment_change_pct":-22.9}},{"type":"MultiPolygon","arcs":[[[-29,-27,30,31,32]]],"properties":{"id":2989,"postinumeroalue":"99560","nimi":"Orakylä","namn":"Orakylä","euref_x":495242,"euref_y":7469914,"pinta_ala":202708622,"vuosi":2026,"kunta":"758","he_vakiy":260,"he_naiset":119,"he_miehet":141,"he_kika":49,"he_0_2":5,"he_3_6":7,"he_7_12":14,"he_13_15":7,"he_16_17":9,"he_18_19":3,"he_20_24":2,"he_25_29":4,"he_30_34":20,"he_35_39":14,"he_40_44":18,"he_45_49":16,"he_50_54":4,"he_55_59":25,"he_60_64":40,"he_65_69":27,"he_70_74":24,"he_75_79":12,"he_80_84":2,"he_85_":7,"ko_ika18y":218,"ko_perus":32,"ko_koul":186,"ko_yliop":4,"ko_ammat":108,"ko_al_kork":54,"ko_yl_kork":20,"hr_tuy":218,"hr_ktu":30273,"hr_mtu":28838,"hr_pi_tul":40,"hr_ke_tul":133,"hr_hy_tul":45,"hr_ovy":6599537,"te_taly":124,"te_takk":2.1,"te_as_valj":48.3,"te_yks":36,"te_nuor":3,"te_eil_np":5,"te_laps":23,"te_plap":3,"te_aklap":9,"te_klap":12,"te_teini":10,"te_yhlap":3,"te_aik":50,"te_elak":52,"te_omis_as":106,"te_vuok_as":11,"te_muu_as":7,"tr_kuty":124,"tr_ktu":53584,"tr_mtu":48167,"tr_pi_tul":23,"tr_ke_tul":77,"tr_hy_tul":24,"tr_ovy":6644367,"ra_ke":106,"ra_raky":142,"ra_muut":8,"ra_asrak":134,"ra_asunn":137,"ra_as_kpa":99.9,"ra_pt_as":135,"ra_kt_as":0,"ra_muu_as":2,"tp_tyopy":6,"tp_alku_a":-1,"tp_jalo_bf":-1,"tp_palv_gu":-1,"tp_a_maat":-1,"tp_b_kaiv":-1,"tp_c_teol":-1,"tp_d_ener":-1,"tp_e_vesi":-1,"tp_f_rake":-1,"tp_g_kaup":-1,"tp_h_kulj":-1,"tp_i_majo":-1,"tp_j_info":-1,"tp_k_raho":-1,"tp_l_kiin":-1,"tp_m_erik":-1,"tp_n_hall":-1,"tp_o_julk":-1,"tp_p_koul":-1,"tp_q_terv":-1,"tp_r_taid":-1,"tp_s_muup":-1,"tp_t_koti":-1,"tp_u_kans":-1,"tp_x_tunt":-1,"pt_vakiy":260,"pt_tyoll":117,"pt_tyott":10,"pt_0_14":29,"pt_opisk":14,"pt_elakel":84,"pt_muut":6,"city":"pohjois_lappi","pno":"99560","unemployment_rate":3.8,"higher_education_rate":33.9,"pensioner_share":32.3,"ownership_rate":85.5,"rental_rate":8.9,"population_density":1,"child_ratio":4.6,"student_share":5.4,"detached_house_share":98.5,"youth_ratio_pct":3.5,"gender_ratio":0.84,"single_parent_hh_pct":4,"families_with_children_pct":18.5,"tech_sector_pct":null,"healthcare_workers_pct":null,"employment_rate":45,"elderly_ratio_pct":27.7,"avg_household_size":2.1,"manufacturing_jobs_pct":null,"public_sector_jobs_pct":null,"service_sector_jobs_pct":null,"new_construction_pct":103.6,"foreign_language_pct":0.4,"crime_index":53,"property_price_sqm":null,"transit_stop_density":null,"air_quality_index":18.6,"green_space_pct":0,"daycare_density":0,"school_density":0,"healthcare_density":0,"restaurant_density":0,"grocery_density":0,"cycling_density":0,"single_person_hh_pct":29,"rental_price_sqm":null,"price_to_rent_ratio":null,"walkability_index":76,"traffic_accident_rate":5.1,"property_price_change_pct":null,"school_quality_score":null,"light_pollution":null,"noise_pollution":40,"voter_turnout_pct":57.5,"party_diversity_index":0.843,"broadband_coverage_pct":98,"ev_charging_density":0,"tree_canopy_pct":null,"transit_reachability_score":null,"sports_facility_density":0,"water_proximity_m":null,"avg_construction_year":1982,"income_history":[[2021,23163],[2022,23104],[2023,24416],[2024,25041],[2025,27685],[2026,28838]],"population_history":[[2021,264],[2022,257],[2023,266],[2024,270],[2025,263],[2026,260]],"unemployment_history":[[2021,3],[2022,3.9],[2023,4.9],[2024,3.3],[2025,3.4],[2026,3.8]],"income_change_pct":24.5,"population_change_pct":-1.5,"unemployment_change_pct":26.7}},{"type":"MultiPolygon","arcs":[[[33,34,35]]],"properties":{"id":2995,"postinumeroalue":"99650","nimi":"Sattanen","namn":"Sattanen","euref_x":483645,"euref_y":7488832,"pinta_ala":45500029,"vuosi":2026,"kunta":"758","he_vakiy":289,"he_naiset":131,"he_miehet":158,"he_kika":47,"he_0_2":1,"he_3_6":8,"he_7_12":27,"he_13_15":16,"he_16_17":6,"he_18_19":1,"he_20_24":4,"he_25_29":9,"he_30_34":12,"he_35_39":22,"he_40_44":29,"he_45_49":21,"he_50_54":12,"he_55_59":13,"he_60_64":22,"he_65_69":27,"he_70_74":17,"he_75_79":21,"he_80_84":12,"he_85_":9,"ko_ika18y":231,"ko_perus":40,"ko_koul":191,"ko_yliop":7,"ko_ammat":116,"ko_al_kork":50,"ko_yl_kork":18,"hr_tuy":231,"hr_ktu":29441,"hr_mtu":27911,"hr_pi_tul":38,"hr_ke_tul":139,"hr_hy_tul":54,"hr_ovy":6800959,"te_taly":124,"te_takk":2.3,"te_as_valj":46.1,"te_yks":27,"te_nuor":2,"te_eil_np":4,"te_laps":29,"te_plap":1,"te_aklap":7,"te_klap":20,"te_teini":17,"te_yhlap":1,"te_aik":37,"te_elak":59,"te_omis_as":121,"te_vuok_as":3,"te_muu_as":0,"tr_kuty":124,"tr_ktu":55418,"tr_mtu":55369,"tr_pi_tul":18,"tr_ke_tul":79,"tr_hy_tul":27,"tr_ovy":6871870,"ra_ke":22,"ra_raky":144,"ra_muut":9,"ra_asrak":135,"ra_asunn":137,"ra_as_kpa":105.7,"ra_pt_as":137,"ra_kt_as":0,"ra_muu_as":0,"tp_tyopy":57,"tp_alku_a":8,"tp_jalo_bf":14,"tp_palv_gu":35,"tp_a_maat":8,"tp_b_kaiv":1,"tp_c_teol":1,"tp_d_ener":0,"tp_e_vesi":0,"tp_f_rake":12,"tp_g_kaup":0,"tp_h_kulj":26,"tp_i_majo":1,"tp_j_info":0,"tp_k_raho":0,"tp_l_kiin":0,"tp_m_erik":7,"tp_n_hall":1,"tp_o_julk":0,"tp_p_koul":0,"tp_q_terv":0,"tp_r_taid":0,"tp_s_muup":0,"tp_t_koti":0,"tp_u_kans":0,"tp_x_tunt":0,"pt_vakiy":289,"pt_tyoll":132,"pt_tyott":5,"pt_0_14":49,"pt_opisk":10,"pt_elakel":89,"pt_muut":4,"city":"pohjois_lappi","pno":"99650","unemployment_rate":1.7,"higher_education_rate":29.4,"pensioner_share":30.8,"ownership_rate":97.6,"rental_rate":2.4,"population_density":6,"child_ratio":3.1,"student_share":3.5,"detached_house_share":100,"youth_ratio_pct":4.8,"gender_ratio":0.83,"single_parent_hh_pct":3.2,"families_with_children_pct":23.4,"tech_sector_pct":0,"healthcare_workers_pct":0,"employment_rate":45.7,"elderly_ratio_pct":29.8,"avg_household_size":2.33,"manufacturing_jobs_pct":24.6,"public_sector_jobs_pct":0,"service_sector_jobs_pct":61.4,"new_construction_pct":105.1,"foreign_language_pct":0.3,"crime_index":76,"property_price_sqm":null,"transit_stop_density":null,"air_quality_index":18.8,"green_space_pct":23.5,"daycare_density":0,"school_density":0,"healthcare_density":0,"restaurant_density":0,"grocery_density":0,"cycling_density":0.1,"single_person_hh_pct":21.8,"rental_price_sqm":null,"price_to_rent_ratio":null,"walkability_index":78,"traffic_accident_rate":6.9,"property_price_change_pct":null,"school_quality_score":null,"light_pollution":null,"noise_pollution":40,"voter_turnout_pct":57.5,"party_diversity_index":0.843,"broadband_coverage_pct":98,"ev_charging_density":0,"tree_canopy_pct":null,"transit_reachability_score":null,"sports_facility_density":0.1,"water_proximity_m":null,"avg_construction_year":1982,"income_history":[[2021,24670],[2022,25370],[2023,25148],[2024,26398],[2025,27816],[2026,27911]],"population_history":[[2021,289],[2022,300],[2023,291],[2024,289],[2025,292],[2026,289]],"unemployment_history":[[2021,3.5],[2022,2.3],[2023,2.7],[2024,1.4],[2025,2.4],[2026,1.7]],"income_change_pct":13.1,"population_change_pct":0,"unemployment_change_pct":-51.4}},{"type":"MultiPolygon","arcs":[[[36,37,38,-31,-26,-23,39,40,41,42,-34,43,44,45,46,47,48]]],"properties":{"id":2990,"postinumeroalue":"99600","nimi":"Sodankylä Keskus","namn":"Sodankylä centrum","euref_x":479927,"euref_y":7539253,"pinta_ala":2334188264,"vuosi":2026,"kunta":"758","he_vakiy":5259,"he_naiset":2655,"he_miehet":2604,"he_kika":47,"he_0_2":116,"he_3_6":162,"he_7_12":327,"he_13_15":170,"he_16_17":104,"he_18_19":79,"he_20_24":183,"he_25_29":251,"he_30_34":346,"he_35_39":384,"he_40_44":295,"he_45_49":278,"he_50_54":262,"he_55_59":374,"he_60_64":411,"he_65_69":403,"he_70_74":355,"he_75_79":343,"he_80_84":202,"he_85_":214,"ko_ika18y":4380,"ko_perus":887,"ko_koul":3493,"ko_yliop":133,"ko_ammat":2055,"ko_al_kork":932,"ko_yl_kork":373,"hr_tuy":4380,"hr_ktu":28819,"hr_mtu":27320,"hr_pi_tul":581,"hr_ke_tul":3000,"hr_hy_tul":799,"hr_ovy":126227624,"te_taly":2781,"te_takk":1.9,"te_as_valj":44.1,"te_yks":1356,"te_nuor":267,"te_eil_np":74,"te_laps":486,"te_plap":104,"te_aklap":206,"te_klap":229,"te_teini":212,"te_yhlap":122,"te_aik":1217,"te_elak":1087,"te_omis_as":1655,"te_vuok_as":1088,"te_muu_as":38,"tr_kuty":2781,"tr_ktu":44867,"tr_mtu":38458,"tr_pi_tul":566,"tr_ke_tul":1805,"tr_hy_tul":410,"tr_ovy":124775702,"ra_ke":296,"ra_raky":2046,"ra_muut":358,"ra_asrak":1688,"ra_asunn":3317,"ra_as_kpa":79.2,"ra_pt_as":2592,"ra_kt_as":641,"ra_muu_as":84,"tp_tyopy":2399,"tp_alku_a":99,"tp_jalo_bf":323,"tp_palv_gu":1977,"tp_a_maat":99,"tp_b_kaiv":107,"tp_c_teol":79,"tp_d_ener":11,"tp_e_vesi":26,"tp_f_rake":100,"tp_g_kaup":209,"tp_h_kulj":45,"tp_i_majo":162,"tp_j_info":23,"tp_k_raho":5,"tp_l_kiin":40,"tp_m_erik":205,"tp_n_hall":81,"tp_o_julk":386,"tp_p_koul":137,"tp_q_terv":550,"tp_r_taid":29,"tp_s_muup":105,"tp_t_koti":0,"tp_u_kans":0,"tp_x_tunt":0,"pt_vakiy":5259,"pt_tyoll":2402,"pt_tyott":134,"pt_0_14":722,"pt_opisk":225,"pt_elakel":1656,"pt_muut":120,"city":"pohjois_lappi","pno":"99600","unemployment_rate":2.5,"higher_education_rate":29.8,"pensioner_share":31.5,"ownership_rate":59.5,"rental_rate":39.1,"population_density":2,"child_ratio":5.3,"student_share":4.3,"detached_house_share":78.1,"youth_ratio_pct":9.8,"gender_ratio":1.02,"single_parent_hh_pct":2.7,"families_with_children_pct":17.5,"tech_sector_pct":1,"healthcare_workers_pct":22.9,"employment_rate":45.7,"elderly_ratio_pct":28.8,"avg_household_size":1.89,"manufacturing_jobs_pct":13.5,"public_sector_jobs_pct":16.1,"service_sector_jobs_pct":82.4,"new_construction_pct":61.7,"foreign_language_pct":1.8,"crime_index":79.2,"property_price_sqm":988,"transit_stop_density":null,"air_quality_index":19,"green_space_pct":4.1,"daycare_density":0,"school_density":0,"healthcare_density":0,"restaurant_density":0,"grocery_density":0,"cycling_density":0.1,"single_person_hh_pct":48.8,"rental_price_sqm":11.73,"price_to_rent_ratio":7,"walkability_index":78,"traffic_accident_rate":1.5,"property_price_change_pct":-0.3,"school_quality_score":61.8,"light_pollution":null,"noise_pollution":40,"voter_turnout_pct":57.5,"party_diversity_index":0.843,"broadband_coverage_pct":98,"ev_charging_density":0,"tree_canopy_pct":null,"transit_reachability_score":null,"sports_facility_density":0,"water_proximity_m":null,"avg_construction_year":1980,"income_history":[[2021,23182],[2022,23253],[2023,23787],[2024,24685],[2025,25959],[2026,27320]],"population_history":[[2021,5305],[2022,5300],[2023,5245],[2024,5226],[2025,5212],[2026,5259]],"unemployment_history":[[2021,3.5],[2022,3],[2023,2.9],[2024,2.8],[2025,3],[2026,2.5]],"income_change_pct":17.9,"population_change_pct":-0.9,"unemployment_change_pct":-28.6}},{"type":"MultiPolygon","arcs":[[[-39,49]]],"properties":{"id":2991,"postinumeroalue":"99610","nimi":"Siurunmaa","namn":"Siurunmaa","euref_x":493084,"euref_y":7483028,"pinta_ala":31295299,"vuosi":2026,"kunta":"758","he_vakiy":41,"he_naiset":16,"he_miehet":25,"he_kika":47,"he_0_2":1,"he_3_6":0,"he_7_12":4,"he_13_15":2,"he_16_17":1,"he_18_19":0,"he_20_24":2,"he_25_29":2,"he_30_34":3,"he_35_39":1,"he_40_44":2,"he_45_49":1,"he_50_54":2,"he_55_59":2,"he_60_64":6,"he_65_69":4,"he_70_74":3,"he_75_79":4,"he_80_84":0,"he_85_":1,"ko_ika18y":33,"ko_perus":6,"ko_koul":27,"ko_yliop":1,"ko_ammat":15,"ko_al_kork":6,"ko_yl_kork":5,"hr_tuy":33,"hr_ktu":29546,"hr_mtu":27502,"hr_pi_tul":4,"hr_ke_tul":21,"hr_hy_tul":8,"hr_ovy":975019,"te_taly":18,"te_takk":null,"te_as_valj":-1,"te_yks":-1,"te_nuor":-1,"te_eil_np":-1,"te_laps":-1,"te_plap":-1,"te_aklap":-1,"te_klap":-1,"te_teini":-1,"te_yhlap":-1,"te_aik":-1,"te_elak":-1,"te_omis_as":null,"te_vuok_as":null,"te_muu_as":-1,"tr_kuty":18,"tr_ktu":-1,"tr_mtu":-1,"tr_pi_tul":-1,"tr_ke_tul":-1,"tr_hy_tul":-1,"tr_ovy":-1,"ra_ke":4,"ra_raky":20,"ra_muut":0,"ra_asrak":20,"ra_asunn":20,"ra_as_kpa":117,"ra_pt_as":20,"ra_kt_as":0,"ra_muu_as":0,"tp_tyopy":4,"tp_alku_a":-1,"tp_jalo_bf":-1,"tp_palv_gu":-1,"tp_a_maat":-1,"tp_b_kaiv":-1,"tp_c_teol":-1,"tp_d_ener":-1,"tp_e_vesi":-1,"tp_f_rake":-1,"tp_g_kaup":-1,"tp_h_kulj":-1,"tp_i_majo":-1,"tp_j_info":-1,"tp_k_raho":-1,"tp_l_kiin":-1,"tp_m_erik":-1,"tp_n_hall":-1,"tp_o_julk":-1,"tp_p_koul":-1,"tp_q_terv":-1,"tp_r_taid":-1,"tp_s_muup":-1,"tp_t_koti":-1,"tp_u_kans":-1,"tp_x_tunt":-1,"pt_vakiy":41,"pt_tyoll":21,"pt_tyott":0,"pt_0_14":5,"pt_opisk":3,"pt_elakel":12,"pt_muut":0,"city":"pohjois_lappi","pno":"99610","unemployment_rate":0,"higher_education_rate":33.3,"pensioner_share":29.3,"ownership_rate":null,"rental_rate":null,"population_density":1,"child_ratio":2.4,"student_share":7.3,"detached_house_share":100,"youth_ratio_pct":9.8,"gender_ratio":0.64,"single_parent_hh_pct":null,"families_with_children_pct":null,"tech_sector_pct":null,"healthcare_workers_pct":null,"employment_rate":51.2,"elderly_ratio_pct":29.3,"avg_household_size":2.28,"manufacturing_jobs_pct":null,"public_sector_jobs_pct":null,"service_sector_jobs_pct":null,"new_construction_pct":100,"foreign_language_pct":0,"crime_index":48.6,"property_price_sqm":null,"transit_stop_density":null,"air_quality_index":18.8,"green_space_pct":16.5,"daycare_density":0,"school_density":0,"healthcare_density":0,"restaurant_density":0,"grocery_density":0,"cycling_density":0,"single_person_hh_pct":null,"rental_price_sqm":null,"price_to_rent_ratio":null,"walkability_index":76,"traffic_accident_rate":null,"property_price_change_pct":null,"school_quality_score":null,"light_pollution":null,"noise_pollution":40,"voter_turnout_pct":57.5,"party_diversity_index":0.843,"broadband_coverage_pct":98,"ev_charging_density":0,"tree_canopy_pct":null,"transit_reachability_score":null,"sports_facility_density":0.1,"water_proximity_m":null,"avg_construction_year":1982,"income_history":[[2021,22180],[2022,20798],[2023,24222],[2025,24790],[2026,27502]],"population_history":[[2021,41],[2022,36],[2023,37],[2024,36],[2025,40],[2026,41]],"unemployment_history":[[2021,2.4],[2022,5.6],[2023,5.4],[2024,5.6],[2025,5],[2026,0]],"income_change_pct":24,"population_change_pct":0,"unemployment_change_pct":-100}},{"type":"MultiPolygon","arcs":[[[50,-32,-50,-38,51]]],"properties":{"id":2992,"postinumeroalue":"99620","nimi":"Kelujärvi","namn":"Kelujärvi","euref_x":502728,"euref_y":7483854,"pinta_ala":284713436,"vuosi":2026,"kunta":"758","he_vakiy":215,"he_naiset":89,"he_miehet":126,"he_kika":50,"he_0_2":6,"he_3_6":3,"he_7_12":10,"he_13_15":5,"he_16_17":6,"he_18_19":1,"he_20_24":2,"he_25_29":10,"he_30_34":20,"he_35_39":12,"he_40_44":9,"he_45_49":9,"he_50_54":9,"he_55_59":24,"he_60_64":22,"he_65_69":17,"he_70_74":28,"he_75_79":15,"he_80_84":3,"he_85_":4,"ko_ika18y":185,"ko_perus":42,"ko_koul":143,"ko_yliop":2,"ko_ammat":103,"ko_al_kork":33,"ko_yl_kork":5,"hr_tuy":185,"hr_ktu":27326,"hr_mtu":26354,"hr_pi_tul":42,"hr_ke_tul":113,"hr_hy_tul":30,"hr_ovy":5055263,"te_taly":112,"te_takk":1.9,"te_as_valj":49.8,"te_yks":39,"te_nuor":5,"te_eil_np":4,"te_laps":22,"te_plap":5,"te_aklap":7,"te_klap":8,"te_teini":10,"te_yhlap":8,"te_aik":41,"te_elak":50,"te_omis_as":105,"te_vuok_as":5,"te_muu_as":2,"tr_kuty":112,"tr_ktu":45464,"tr_mtu":44057,"tr_pi_tul":26,"tr_ke_tul":65,"tr_hy_tul":21,"tr_ovy":5091980,"ra_ke":79,"ra_raky":132,"ra_muut":6,"ra_asrak":126,"ra_asunn":137,"ra_as_kpa":93.4,"ra_pt_as":135,"ra_kt_as":0,"ra_muu_as":2,"tp_tyopy":13,"tp_alku_a":7,"tp_jalo_bf":3,"tp_palv_gu":3,"tp_a_maat":7,"tp_b_kaiv":0,"tp_c_teol":1,"tp_d_ener":0,"tp_e_vesi":0,"tp_f_rake":2,"tp_g_kaup":0,"tp_h_kulj":1,"tp_i_majo":0,"tp_j_info":0,"tp_k_raho":0,"tp_l_kiin":0,"tp_m_erik":0,"tp_n_hall":0,"tp_o_julk":2,"tp_p_koul":0,"tp_q_terv":0,"tp_r_taid":0,"tp_s_muup":0,"tp_t_koti":0,"tp_u_kans":0,"tp_x_tunt":0,"pt_vakiy":215,"pt_tyoll":100,"pt_tyott":7,"pt_0_14":23,"pt_opisk":8,"pt_elakel":70,"pt_muut":7,"city":"pohjois_lappi","pno":"99620","unemployment_rate":3.3,"higher_education_rate":20.5,"pensioner_share":32.6,"ownership_rate":93.8,"rental_rate":4.5,"population_density":1,"child_ratio":4.2,"student_share":3.7,"detached_house_share":98.5,"youth_ratio_pct":6,"gender_ratio":0.71,"single_parent_hh_pct":3.6,"families_with_children_pct":19.6,"tech_sector_pct":0,"healthcare_workers_pct":0,"employment_rate":46.5,"elderly_ratio_pct":31.2,"avg_household_size":1.92,"manufacturing_jobs_pct":23.1,"public_sector_jobs_pct":15.4,"service_sector_jobs_pct":23.1,"new_construction_pct":96.4,"foreign_language_pct":0.5,"crime_index":47.6,"property_price_sqm":null,"transit_stop_density":null,"air_quality_index":18.8,"green_space_pct":5.7,"daycare_density":0,"school_density":0,"healthcare_density":0,"restaurant_density":0,"grocery_density":0,"cycling_density":0,"single_person_hh_pct":34.8,"rental_price_sqm":null,"price_to_rent_ratio":null,"walkability_index":76,"traffic_accident_rate":null,"property_price_change_pct":null,"school_quality_score":null,"light_pollution":null,"noise_pollution":40,"voter_turnout_pct":57.5,"party_diversity_index":0.843,"broadband_coverage_pct":98,"ev_charging_density":0,"tree_canopy_pct":null,"transit_reachability_score":null,"sports_facility_density":0,"water_proximity_m":null,"avg_construction_year":1981,"income_history":[[2021,21940],[2022,21903],[2023,23225],[2024,24141],[2025,24554],[2026,26354]],"population_history":[[2021,228],[2022,214],[2023,223],[2024,228],[2025,220],[2026,215]],"unemployment_history":[[2021,5.3],[2022,6.1],[2023,3.6],[2024,3.9],[2025,4.5],[2026,3.3]],"income_change_pct":20.1,"population_change_pct":-5.7,"unemployment_change_pct":-37.7}},{"type":"MultiPolygon","arcs":[[[52,53,54]]],"properties":{"id":2994,"postinumeroalue":"99645","nimi":"Lokka","namn":"Lokka","euref_x":534080,"euref_y":7525301,"pinta_ala":1186203893,"vuosi":2026,"kunta":"758","he_vakiy":59,"he_naiset":24,"he_miehet":35,"he_kika":61,"he_0_2":0,"he_3_6":0,"he_7_12":0,"he_13_15":1,"he_16_17":1,"he_18_19":1,"he_20_24":1,"he_25_29":2,"he_30_34":2,"he_35_39":0,"he_40_44":1,"he_45_49":4,"he_50_54":2,"he_55_59":7,"he_60_64":6,"he_65_69":8,"he_70_74":13,"he_75_79":6,"he_80_84":3,"he_85_":1,"ko_ika18y":57,"ko_perus":15,"ko_koul":42,"ko_yliop":2,"ko_ammat":33,"ko_al_kork":5,"ko_yl_kork":2,"hr_tuy":57,"hr_ktu":18590,"hr_mtu":17654,"hr_pi_tul":25,"hr_ke_tul":30,"hr_hy_tul":2,"hr_ovy":1059629,"te_taly":33,"te_takk":1.8,"te_as_valj":53.2,"te_yks":12,"te_nuor":0,"te_eil_np":1,"te_laps":1,"te_plap":0,"te_aklap":0,"te_klap":0,"te_teini":1,"te_yhlap":0,"te_aik":9,"te_elak":23,"te_omis_as":27,"te_vuok_as":6,"te_muu_as":0,"tr_kuty":33,"tr_ktu":32232,"tr_mtu":29292,"tr_pi_tul":14,"tr_ke_tul":18,"tr_hy_tul":1,"tr_ovy":1063653,"ra_ke":99,"ra_raky":56,"ra_muut":12,"ra_asrak":44,"ra_asunn":56,"ra_as_kpa":84.7,"ra_pt_as":55,"ra_kt_as":0,"ra_muu_as":1,"tp_tyopy":7,"tp_alku_a":-1,"tp_jalo_bf":-1,"tp_palv_gu":-1,"tp_a_maat":-1,"tp_b_kaiv":-1,"tp_c_teol":-1,"tp_d_ener":-1,"tp_e_vesi":-1,"tp_f_rake":-1,"tp_g_kaup":-1,"tp_h_kulj":-1,"tp_i_majo":-1,"tp_j_info":-1,"tp_k_raho":-1,"tp_l_kiin":-1,"tp_m_erik":-1,"tp_n_hall":-1,"tp_o_julk":-1,"tp_p_koul":-1,"tp_q_terv":-1,"tp_r_taid":-1,"tp_s_muup":-1,"tp_t_koti":-1,"tp_u_kans":-1,"tp_x_tunt":-1,"pt_vakiy":59,"pt_tyoll":21,"pt_tyott":2,"pt_0_14":1,"pt_opisk":2,"pt_elakel":32,"pt_muut":1,"city":"pohjois_lappi","pno":"99645","unemployment_rate":3.4,"higher_education_rate":12.3,"pensioner_share":54.2,"ownership_rate":81.8,"rental_rate":18.2,"population_density":0,"child_ratio":0,"student_share":3.4,"detached_house_share":98.2,"youth_ratio_pct":6.8,"gender_ratio":0.69,"single_parent_hh_pct":3,"families_with_children_pct":3,"tech_sector_pct":null,"healthcare_workers_pct":null,"employment_rate":35.6,"elderly_ratio_pct":52.5,"avg_household_size":1.79,"manufacturing_jobs_pct":null,"public_sector_jobs_pct":null,"service_sector_jobs_pct":null,"new_construction_pct":100,"foreign_language_pct":0,"crime_index":188.7,"property_price_sqm":null,"transit_stop_density":null,"air_quality_index":18.9,"green_space_pct":1.1,"daycare_density":0,"school_density":0,"healthcare_density":0,"restaurant_density":0,"grocery_density":0,"cycling_density":0,"single_person_hh_pct":36.4,"rental_price_sqm":null,"price_to_rent_ratio":null,"walkability_index":76,"traffic_accident_rate":null,"property_price_change_pct":null,"school_quality_score":null,"light_pollution":null,"noise_pollution":40,"voter_turnout_pct":57.5,"party_diversity_index":0.843,"broadband_coverage_pct":98,"ev_charging_density":0,"tree_canopy_pct":null,"transit_reachability_score":null,"sports_facility_density":0,"water_proximity_m":null,"avg_construction_year":1982,"income_history":[[2021,15061],[2022,16541],[2023,16062],[2024,15832],[2025,15975],[2026,17654]],"population_history":[[2021,70],[2022,68],[2023,67],[2024,62],[2025,63],[2026,59]],"unemployment_history":[[2021,4.3],[2022,4.4],[2023,1.5],[2024,1.6],[2025,1.6],[2026,3.4]],"income_change_pct":17.2,"population_change_pct":-15.7,"unemployment_change_pct":-20.9}},{"type":"MultiPolygon","arcs":[[[-45,55,-35,-43,56,57,-47,58]]],"properties":{"id":2996,"postinumeroalue":"99655","nimi":"Sattasvaara","namn":"Sattasvaara","euref_x":465090,"euref_y":7508162,"pinta_ala":746560233,"vuosi":2026,"kunta":"758","he_vakiy":107,"he_naiset":52,"he_miehet":55,"he_kika":56,"he_0_2":0,"he_3_6":2,"he_7_12":7,"he_13_15":2,"he_16_17":3,"he_18_19":1,"he_20_24":2,"he_25_29":0,"he_30_34":4,"he_35_39":4,"he_40_44":5,"he_45_49":6,"he_50_54":3,"he_55_59":9,"he_60_64":16,"he_65_69":9,"he_70_74":12,"he_75_79":11,"he_80_84":5,"he_85_":6,"ko_ika18y":93,"ko_perus":28,"ko_koul":65,"ko_yliop":3,"ko_ammat":42,"ko_al_kork":13,"ko_yl_kork":7,"hr_tuy":93,"hr_ktu":25285,"hr_mtu":22957,"hr_pi_tul":29,"hr_ke_tul":50,"hr_hy_tul":14,"hr_ovy":2351498,"te_taly":53,"te_takk":2,"te_as_valj":44.2,"te_yks":20,"te_nuor":1,"te_eil_np":0,"te_laps":7,"te_plap":0,"te_aklap":2,"te_klap":5,"te_teini":3,"te_yhlap":3,"te_aik":17,"te_elak":30,"te_omis_as":50,"te_vuok_as":2,"te_muu_as":1,"tr_kuty":53,"tr_ktu":44556,"tr_mtu":41331,"tr_pi_tul":14,"tr_ke_tul":33,"tr_hy_tul":6,"tr_ovy":2361487,"ra_ke":110,"ra_raky":92,"ra_muut":18,"ra_asrak":74,"ra_asunn":69,"ra_as_kpa":83.6,"ra_pt_as":69,"ra_kt_as":0,"ra_muu_as":0,"tp_tyopy":8,"tp_alku_a":-1,"tp_jalo_bf":-1,"tp_palv_gu":-1,"tp_a_maat":-1,"tp_b_kaiv":-1,"tp_c_teol":-1,"tp_d_ener":-1,"tp_e_vesi":-1,"tp_f_rake":-1,"tp_g_kaup":-1,"tp_h_kulj":-1,"tp_i_majo":-1,"tp_j_info":-1,"tp_k_raho":-1,"tp_l_kiin":-1,"tp_m_erik":-1,"tp_n_hall":-1,"tp_o_julk":-1,"tp_p_koul":-1,"tp_q_terv":-1,"tp_r_taid":-1,"tp_s_muup":-1,"tp_t_koti":-1,"tp_u_kans":-1,"tp_x_tunt":-1,"pt_vakiy":107,"pt_tyoll":37,"pt_tyott":7,"pt_0_14":11,"pt_opisk":4,"pt_elakel":45,"pt_muut":3,"city":"pohjois_lappi","pno":"99655","unemployment_rate":6.5,"higher_education_rate":21.5,"pensioner_share":42.1,"ownership_rate":94.3,"rental_rate":3.8,"population_density":0,"child_ratio":1.9,"student_share":3.7,"detached_house_share":100,"youth_ratio_pct":2.8,"gender_ratio":0.95,"single_parent_hh_pct":0,"families_with_children_pct":13.2,"tech_sector_pct":null,"healthcare_workers_pct":null,"employment_rate":34.6,"elderly_ratio_pct":40.2,"avg_household_size":2.02,"manufacturing_jobs_pct":null,"public_sector_jobs_pct":null,"service_sector_jobs_pct":null,"new_construction_pct":133.3,"foreign_language_pct":0,"crime_index":196.4,"property_price_sqm":null,"transit_stop_density":null,"air_quality_index":18.7,"green_space_pct":5.2,"daycare_density":0,"school_density":0,"healthcare_density":0,"restaurant_density":0,"grocery_density":0,"cycling_density":0,"single_person_hh_pct":37.7,"rental_price_sqm":null,"price_to_rent_ratio":null,"walkability_index":76,"traffic_accident_rate":9.3,"property_price_change_pct":null,"school_quality_score":null,"light_pollution":null,"noise_pollution":40,"voter_turnout_pct":57.5,"party_diversity_index":0.843,"broadband_coverage_pct":98,"ev_charging_density":0,"tree_canopy_pct":null,"transit_reachability_score":null,"sports_facility_density":0,"water_proximity_m":null,"avg_construction_year":1983,"income_history":[[2021,15490],[2022,16475],[2023,18546],[2024,19680],[2025,22291],[2026,22957]],"population_history":[[2021,103],[2022,102],[2023,110],[2024,109],[2025,109],[2026,107]],"unemployment_history":[[2021,2.9],[2022,2],[2023,5.5],[2024,5.5],[2025,8.3],[2026,6.5]],"income_change_pct":48.2,"population_change_pct":3.9,"unemployment_change_pct":124.1}},{"type":"MultiPolygon","arcs":[[[-36,-56,-44]]],"properties":{"id":2997,"postinumeroalue":"99660","nimi":"Kersilö","namn":"Kersilö","euref_x":486700,"euref_y":7495864,"pinta_ala":34890319,"vuosi":2026,"kunta":"758","he_vakiy":44,"he_naiset":18,"he_miehet":26,"he_kika":58,"he_0_2":0,"he_3_6":0,"he_7_12":3,"he_13_15":1,"he_16_17":0,"he_18_19":0,"he_20_24":0,"he_25_29":0,"he_30_34":0,"he_35_39":3,"he_40_44":4,"he_45_49":2,"he_50_54":2,"he_55_59":5,"he_60_64":3,"he_65_69":6,"he_70_74":5,"he_75_79":7,"he_80_84":2,"he_85_":1,"ko_ika18y":40,"ko_perus":16,"ko_koul":24,"ko_yliop":1,"ko_ammat":13,"ko_al_kork":9,"ko_yl_kork":1,"hr_tuy":40,"hr_ktu":26274,"hr_mtu":24897,"hr_pi_tul":11,"hr_ke_tul":23,"hr_hy_tul":6,"hr_ovy":1050959,"te_taly":25,"te_takk":null,"te_as_valj":-1,"te_yks":-1,"te_nuor":-1,"te_eil_np":-1,"te_laps":-1,"te_plap":-1,"te_aklap":-1,"te_klap":-1,"te_teini":-1,"te_yhlap":-1,"te_aik":-1,"te_elak":-1,"te_omis_as":null,"te_vuok_as":null,"te_muu_as":-1,"tr_kuty":25,"tr_ktu":-1,"tr_mtu":-1,"tr_pi_tul":-1,"tr_ke_tul":-1,"tr_hy_tul":-1,"tr_ovy":-1,"ra_ke":12,"ra_raky":33,"ra_muut":6,"ra_asrak":27,"ra_asunn":32,"ra_as_kpa":80.6,"ra_pt_as":29,"ra_kt_as":0,"ra_muu_as":3,"tp_tyopy":3,"tp_alku_a":-1,"tp_jalo_bf":-1,"tp_palv_gu":-1,"tp_a_maat":-1,"tp_b_kaiv":-1,"tp_c_teol":-1,"tp_d_ener":-1,"tp_e_vesi":-1,"tp_f_rake":-1,"tp_g_kaup":-1,"tp_h_kulj":-1,"tp_i_majo":-1,"tp_j_info":-1,"tp_k_raho":-1,"tp_l_kiin":-1,"tp_m_erik":-1,"tp_n_hall":-1,"tp_o_julk":-1,"tp_p_koul":-1,"tp_q_terv":-1,"tp_r_taid":-1,"tp_s_muup":-1,"tp_t_koti":-1,"tp_u_kans":-1,"tp_x_tunt":-1,"pt_vakiy":44,"pt_tyoll":17,"pt_tyott":0,"pt_0_14":4,"pt_opisk":0,"pt_elakel":23,"pt_muut":0,"city":"pohjois_lappi","pno":"99660","unemployment_rate":0,"higher_education_rate":25,"pensioner_share":52.3,"ownership_rate":null,"rental_rate":null,"population_density":1,"child_ratio":0,"student_share":0,"detached_house_share":90.6,"youth_ratio_pct":0,"gender_ratio":0.69,"single_parent_hh_pct":null,"families_with_children_pct":null,"tech_sector_pct":null,"healthcare_workers_pct":null,"employment_rate":38.6,"elderly_ratio_pct":47.7,"avg_household_size":1.76,"manufacturing_jobs_pct":null,"public_sector_jobs_pct":null,"service_sector_jobs_pct":null,"new_construction_pct":103.1,"foreign_language_pct":2.3,"crime_index":48.6,"property_price_sqm":null,"transit_stop_density":null,"air_quality_index":19,"green_space_pct":10.4,"daycare_density":0,"school_density":0,"healthcare_density":0,"restaurant_density":0,"grocery_density":0,"cycling_density":0,"single_person_hh_pct":null,"rental_price_sqm":null,"price_to_rent_ratio":null,"walkability_index":76,"traffic_accident_rate":null,"property_price_change_pct":null,"school_quality_score":null,"light_pollution":null,"noise_pollution":40,"voter_turnout_pct":57.5,"party_diversity_index":0.843,"broadband_coverage_pct":98,"ev_charging_density":0,"tree_canopy_pct":null,"transit_reachability_score":null,"sports_facility_density":0.1,"water_proximity_m":null,"avg_construction_year":1982,"income_history":[[2021,18858],[2022,18418],[2023,20423],[2024,19529],[2025,22604],[2026,24897]],"population_history":[[2021,44],[2022,43],[2023,46],[2024,45],[2025,42],[2026,44]],"unemployment_history":[[2021,4.5],[2022,2.3],[2023,2.2],[2024,2.2],[2025,0],[2026,0]],"income_change_pct":32,"population_change_pct":0,"unemployment_change_pct":-100}},{"type":"MultiPolygon","arcs":[[[-52,-37,59,-54,60]]],"properties":{"id":2998,"postinumeroalue":"99665","nimi":"Moskuvaara","namn":"Moskuvaara","euref_x":507350,"euref_y":7510337,"pinta_ala":590041815,"vuosi":2026,"kunta":"758","he_vakiy":27,"he_naiset":-1,"he_miehet":-1,"he_kika":null,"he_0_2":null,"he_3_6":null,"he_7_12":-1,"he_13_15":-1,"he_16_17":-1,"he_18_19":-1,"he_20_24":-1,"he_25_29":-1,"he_30_34":-1,"he_35_39":-1,"he_40_44":-1,"he_45_49":-1,"he_50_54":-1,"he_55_59":-1,"he_60_64":-1,"he_65_69":-1,"he_70_74":-1,"he_75_79":-1,"he_80_84":-1,"he_85_":-1,"ko_ika18y":25,"ko_perus":null,"ko_koul":-1,"ko_yliop":-1,"ko_ammat":null,"ko_al_kork":null,"ko_yl_kork":null,"hr_tuy":25,"hr_ktu":null,"hr_mtu":null,"hr_pi_tul":-1,"hr_ke_tul":-1,"hr_hy_tul":-1,"hr_ovy":-1,"te_taly":17,"te_takk":null,"te_as_valj":-1,"te_yks":-1,"te_nuor":-1,"te_eil_np":-1,"te_laps":-1,"te_plap":-1,"te_aklap":-1,"te_klap":-1,"te_teini":-1,"te_yhlap":-1,"te_aik":-1,"te_elak":-1,"te_omis_as":null,"te_vuok_as":null,"te_muu_as":-1,"tr_kuty":17,"tr_ktu":-1,"tr_mtu":-1,"tr_pi_tul":-1,"tr_ke_tul":-1,"tr_hy_tul":-1,"tr_ovy":-1,"ra_ke":34,"ra_raky":31,"ra_muut":5,"ra_asrak":26,"ra_asunn":22,"ra_as_kpa":85.3,"ra_pt_as":21,"ra_kt_as":0,"ra_muu_as":1,"tp_tyopy":0,"tp_alku_a":0,"tp_jalo_bf":0,"tp_palv_gu":0,"tp_a_maat":0,"tp_b_kaiv":0,"tp_c_teol":0,"tp_d_ener":0,"tp_e_vesi":0,"tp_f_rake":0,"tp_g_kaup":0,"tp_h_kulj":0,"tp_i_majo":0,"tp_j_info":0,"tp_k_raho":0,"tp_l_kiin":0,"tp_m_erik":0,"tp_n_hall":0,"tp_o_julk":0,"tp_p_koul":0,"tp_q_terv":0,"tp_r_taid":0,"tp_s_muup":0,"tp_t_koti":0,"tp_u_kans":0,"tp_x_tunt":0,"pt_vakiy":27,"pt_tyoll":null,"pt_tyott":null,"pt_0_14":-1,"pt_opisk":null,"pt_elakel":null,"pt_muut":-1,"city":"pohjois_lappi","pno":"99665","unemployment_rate":null,"higher_education_rate":null,"pensioner_share":null,"ownership_rate":null,"rental_rate":null,"population_density":0,"child_ratio":null,"student_share":null,"detached_house_share":95.5,"youth_ratio_pct":null,"gender_ratio":null,"single_parent_hh_pct":null,"families_with_children_pct":null,"tech_sector_pct":null,"healthcare_workers_pct":null,"employment_rate":null,"elderly_ratio_pct":null,"avg_household_size":1.59,"manufacturing_jobs_pct":null,"public_sector_jobs_pct":null,"service_sector_jobs_pct":null,"new_construction_pct":140.9,"foreign_language_pct":2.8,"crime_index":212.8,"property_price_sqm":null,"transit_stop_density":null,"air_quality_index":19.5,"green_space_pct":1.9,"daycare_density":0,"school_density":0,"healthcare_density":0,"restaurant_density":0,"grocery_density":0,"cycling_density":0,"single_person_hh_pct":null,"rental_price_sqm":null,"price_to_rent_ratio":null,"walkability_index":76,"traffic_accident_rate":null,"property_price_change_pct":null,"school_quality_score":null,"light_pollution":null,"noise_pollution":40,"voter_turnout_pct":57.5,"party_diversity_index":0.843,"broadband_coverage_pct":98,"ev_charging_density":0,"tree_canopy_pct":null,"transit_reachability_score":null,"sports_facility_density":0,"water_proximity_m":null,"avg_construction_year":1983,"income_history":[[2021,23740],[2022,27040]],"population_history":[[2021,32],[2022,36],[2023,26],[2024,26],[2025,25],[2026,27]],"unemployment_history":[[2021,3.1],[2022,2.8]],"income_change_pct":13.9,"population_change_pct":-15.6,"unemployment_change_pct":-9.7}},{"type":"MultiPolygon","arcs":[[[-59,-46]]],"properties":{"id":2999,"postinumeroalue":"99670","nimi":"Petkula","namn":"Petkula","euref_x":487812,"euref_y":7511158,"pinta_ala":248158788,"vuosi":2026,"kunta":"758","he_vakiy":29,"he_naiset":-1,"he_miehet":-1,"he_kika":null,"he_0_2":null,"he_3_6":null,"he_7_12":-1,"he_13_15":-1,"he_16_17":-1,"he_18_19":-1,"he_20_24":-1,"he_25_29":-1,"he_30_34":-1,"he_35_39":-1,"he_40_44":-1,"he_45_49":-1,"he_50_54":-1,"he_55_59":-1,"he_60_64":-1,"he_65_69":-1,"he_70_74":-1,"he_75_79":-1,"he_80_84":-1,"he_85_":-1,"ko_ika18y":28,"ko_perus":null,"ko_koul":-1,"ko_yliop":-1,"ko_ammat":null,"ko_al_kork":null,"ko_yl_kork":null,"hr_tuy":28,"hr_ktu":null,"hr_mtu":null,"hr_pi_tul":-1,"hr_ke_tul":-1,"hr_hy_tul":-1,"hr_ovy":-1,"te_taly":15,"te_takk":null,"te_as_valj":-1,"te_yks":-1,"te_nuor":-1,"te_eil_np":-1,"te_laps":-1,"te_plap":-1,"te_aklap":-1,"te_klap":-1,"te_teini":-1,"te_yhlap":-1,"te_aik":-1,"te_elak":-1,"te_omis_as":null,"te_vuok_as":null,"te_muu_as":-1,"tr_kuty":15,"tr_ktu":-1,"tr_mtu":-1,"tr_pi_tul":-1,"tr_ke_tul":-1,"tr_hy_tul":-1,"tr_ovy":-1,"ra_ke":56,"ra_raky":73,"ra_muut":47,"ra_asrak":26,"ra_asunn":23,"ra_as_kpa":97.1,"ra_pt_as":23,"ra_kt_as":0,"ra_muu_as":0,"tp_tyopy":718,"tp_alku_a":0,"tp_jalo_bf":686,"tp_palv_gu":32,"tp_a_maat":0,"tp_b_kaiv":615,"tp_c_teol":57,"tp_d_ener":1,"tp_e_vesi":0,"tp_f_rake":13,"tp_g_kaup":12,"tp_h_kulj":0,"tp_i_majo":7,"tp_j_info":0,"tp_k_raho":0,"tp_l_kiin":0,"tp_m_erik":0,"tp_n_hall":13,"tp_o_julk":0,"tp_p_koul":0,"tp_q_terv":0,"tp_r_taid":0,"tp_s_muup":0,"tp_t_koti":0,"tp_u_kans":0,"tp_x_tunt":0,"pt_vakiy":29,"pt_tyoll":null,"pt_tyott":null,"pt_0_14":-1,"pt_opisk":null,"pt_elakel":null,"pt_muut":-1,"city":"pohjois_lappi","pno":"99670","unemployment_rate":null,"higher_education_rate":null,"pensioner_share":null,"ownership_rate":null,"rental_rate":null,"population_density":0,"child_ratio":null,"student_share":null,"detached_house_share":100,"youth_ratio_pct":null,"gender_ratio":null,"single_parent_hh_pct":null,"families_with_children_pct":null,"tech_sector_pct":0,"healthcare_workers_pct":0,"employment_rate":null,"elderly_ratio_pct":null,"avg_household_size":1.93,"manufacturing_jobs_pct":95.5,"public_sector_jobs_pct":0,"service_sector_jobs_pct":4.5,"new_construction_pct":317.4,"foreign_language_pct":0,"crime_index":212.8,"property_price_sqm":null,"transit_stop_density":null,"air_quality_index":19.7,"green_space_pct":9.3,"daycare_density":0,"school_density":0,"healthcare_density":0,"restaurant_density":0,"grocery_density":0,"cycling_density":0,"single_person_hh_pct":null,"rental_price_sqm":null,"price_to_rent_ratio":null,"walkability_index":76,"traffic_accident_rate":null,"property_price_change_pct":null,"school_quality_score":null,"light_pollution":null,"noise_pollution":40,"voter_turnout_pct":57.5,"party_diversity_index":0.843,"broadband_coverage_pct":98,"ev_charging_density":0,"tree_canopy_pct":null,"transit_reachability_score":null,"sports_facility_density":0,"water_proximity_m":null,"avg_construction_year":1991,"income_history":[[2021,25879],[2022,23380],[2023,25986],[2024,28785],[2025,26379]],"population_history":[[2021,33],[2022,35],[2023,33],[2024,34],[2025,31],[2026,29]],"unemployment_history":[[2021,0],[2022,0],[2023,0],[2024,0],[2025,0]],"income_change_pct":1.9,"population_change_pct":-12.1,"unemployment_change_pct":null}},{"type":"MultiPolygon","arcs":[[[61,62,-55,-60,-49,63,64,65],[66]]],"properties":{"id":3000,"postinumeroalue":"99690","nimi":"Vuotso","namn":"Vuotso","euref_x":520021,"euref_y":7556432,"pinta_ala":2810750471,"vuosi":2026,"kunta":"758","he_vakiy":286,"he_naiset":128,"he_miehet":158,"he_kika":47,"he_0_2":7,"he_3_6":9,"he_7_12":24,"he_13_15":8,"he_16_17":8,"he_18_19":4,"he_20_24":12,"he_25_29":8,"he_30_34":17,"he_35_39":16,"he_40_44":13,"he_45_49":22,"he_50_54":20,"he_55_59":15,"he_60_64":23,"he_65_69":20,"he_70_74":20,"he_75_79":19,"he_80_84":10,"he_85_":11,"ko_ika18y":230,"ko_perus":50,"ko_koul":180,"ko_yliop":14,"ko_ammat":121,"ko_al_kork":24,"ko_yl_kork":21,"hr_tuy":230,"hr_ktu":27526,"hr_mtu":23669,"hr_pi_tul":55,"hr_ke_tul":134,"hr_hy_tul":41,"hr_ovy":6331018,"te_taly":121,"te_takk":2.3,"te_as_valj":40.5,"te_yks":42,"te_nuor":4,"te_eil_np":0,"te_laps":30,"te_plap":7,"te_aklap":10,"te_klap":15,"te_teini":14,"te_yhlap":3,"te_aik":34,"te_elak":59,"te_omis_as":103,"te_vuok_as":12,"te_muu_as":6,"tr_kuty":121,"tr_ktu":52276,"tr_mtu":44232,"tr_pi_tul":30,"tr_ke_tul":69,"tr_hy_tul":22,"tr_ovy":6325423,"ra_ke":156,"ra_raky":182,"ra_muut":39,"ra_asrak":143,"ra_asunn":148,"ra_as_kpa":91.6,"ra_pt_as":144,"ra_kt_as":0,"ra_muu_as":4,"tp_tyopy":66,"tp_alku_a":14,"tp_jalo_bf":14,"tp_palv_gu":38,"tp_a_maat":14,"tp_b_kaiv":0,"tp_c_teol":0,"tp_d_ener":0,"tp_e_vesi":0,"tp_f_rake":14,"tp_g_kaup":4,"tp_h_kulj":0,"tp_i_majo":1,"tp_j_info":0,"tp_k_raho":0,"tp_l_kiin":0,"tp_m_erik":7,"tp_n_hall":12,"tp_o_julk":0,"tp_p_koul":13,"tp_q_terv":0,"tp_r_taid":1,"tp_s_muup":0,"tp_t_koti":0,"tp_u_kans":0,"tp_x_tunt":0,"pt_vakiy":286,"pt_tyoll":134,"pt_tyott":10,"pt_0_14":47,"pt_opisk":13,"pt_elakel":76,"pt_muut":6,"city":"pohjois_lappi","pno":"99690","unemployment_rate":3.5,"higher_education_rate":19.6,"pensioner_share":26.6,"ownership_rate":85.1,"rental_rate":9.9,"population_density":0,"child_ratio":5.6,"student_share":4.5,"detached_house_share":97.3,"youth_ratio_pct":8.4,"gender_ratio":0.81,"single_parent_hh_pct":0,"families_with_children_pct":24.8,"tech_sector_pct":0,"healthcare_workers_pct":0,"employment_rate":46.9,"elderly_ratio_pct":28,"avg_household_size":2.36,"manufacturing_jobs_pct":21.2,"public_sector_jobs_pct":0,"service_sector_jobs_pct":57.6,"new_construction_pct":123,"foreign_language_pct":0.4,"crime_index":184.2,"property_price_sqm":null,"transit_stop_density":null,"air_quality_index":20,"green_space_pct":13.1,"daycare_density":0,"school_density":0,"healthcare_density":0,"restaurant_density":0,"grocery_density":0,"cycling_density":0,"single_person_hh_pct":34.7,"rental_price_sqm":null,"price_to_rent_ratio":null,"walkability_index":76,"traffic_accident_rate":5.8,"property_price_change_pct":null,"school_quality_score":null,"light_pollution":null,"noise_pollution":40,"voter_turnout_pct":57.5,"party_diversity_index":0.843,"broadband_coverage_pct":98,"ev_charging_density":0,"tree_canopy_pct":null,"transit_reachability_score":null,"sports_facility_density":0,"water_proximity_m":null,"avg_construction_year":1983,"income_history":[[2021,19694],[2022,19207],[2023,19129],[2024,21581],[2025,21910],[2026,23669]],"population_history":[[2021,255],[2022,267],[2023,253],[2024,264],[2025,272],[2026,286]],"unemployment_history":[[2021,3.5],[2022,3],[2023,3.6],[2024,2.7],[2025,2.2],[2026,3.5]],"income_change_pct":20.2,"population_change_pct":12.2,"unemployment_change_pct":0}},{"type":"MultiPolygon","arcs":[[[-67]]],"properties":{"id":3001,"postinumeroalue":"99695","nimi":"Tankavaara","namn":"Tankavaara","euref_x":506848,"euref_y":7562842,"pinta_ala":28466891,"vuosi":2026,"kunta":"758","he_vakiy":4,"he_naiset":-1,"he_miehet":-1,"he_kika":null,"he_0_2":null,"he_3_6":null,"he_7_12":-1,"he_13_15":-1,"he_16_17":-1,"he_18_19":-1,"he_20_24":-1,"he_25_29":-1,"he_30_34":-1,"he_35_39":-1,"he_40_44":-1,"he_45_49":-1,"he_50_54":-1,"he_55_59":-1,"he_60_64":-1,"he_65_69":-1,"he_70_74":-1,"he_75_79":-1,"he_80_84":-1,"he_85_":-1,"ko_ika18y":4,"ko_perus":null,"ko_koul":-1,"ko_yliop":-1,"ko_ammat":null,"ko_al_kork":null,"ko_yl_kork":null,"hr_tuy":4,"hr_ktu":null,"hr_mtu":null,"hr_pi_tul":-1,"hr_ke_tul":-1,"hr_hy_tul":-1,"hr_ovy":-1,"te_taly":4,"te_takk":null,"te_as_valj":-1,"te_yks":-1,"te_nuor":-1,"te_eil_np":-1,"te_laps":-1,"te_plap":-1,"te_aklap":-1,"te_klap":-1,"te_teini":-1,"te_yhlap":-1,"te_aik":-1,"te_elak":-1,"te_omis_as":null,"te_vuok_as":null,"te_muu_as":-1,"tr_kuty":4,"tr_ktu":-1,"tr_mtu":-1,"tr_pi_tul":-1,"tr_ke_tul":-1,"tr_hy_tul":-1,"tr_ovy":-1,"ra_ke":14,"ra_raky":14,"ra_muut":9,"ra_asrak":5,"ra_asunn":null,"ra_as_kpa":null,"ra_pt_as":null,"ra_kt_as":-1,"ra_muu_as":-1,"tp_tyopy":13,"tp_alku_a":0,"tp_jalo_bf":0,"tp_palv_gu":13,"tp_a_maat":0,"tp_b_kaiv":0,"tp_c_teol":0,"tp_d_ener":0,"tp_e_vesi":0,"tp_f_rake":0,"tp_g_kaup":0,"tp_h_kulj":0,"tp_i_majo":9,"tp_j_info":0,"tp_k_raho":0,"tp_l_kiin":0,"tp_m_erik":0,"tp_n_hall":0,"tp_o_julk":0,"tp_p_koul":0,"tp_q_terv":0,"tp_r_taid":4,"tp_s_muup":0,"tp_t_koti":0,"tp_u_kans":0,"tp_x_tunt":0,"pt_vakiy":4,"pt_tyoll":null,"pt_tyott":null,"pt_0_14":-1,"pt_opisk":null,"pt_elakel":null,"pt_muut":-1,"city":"pohjois_lappi","pno":"99695","unemployment_rate":null,"higher_education_rate":null,"pensioner_share":null,"ownership_rate":null,"rental_rate":null,"population_density":0,"child_ratio":null,"student_share":null,"detached_house_share":null,"youth_ratio_pct":null,"gender_ratio":null,"single_parent_hh_pct":null,"families_with_children_pct":null,"tech_sector_pct":0,"healthcare_workers_pct":0,"employment_rate":null,"elderly_ratio_pct":null,"avg_household_size":1,"manufacturing_jobs_pct":0,"public_sector_jobs_pct":0,"service_sector_jobs_pct":100,"new_construction_pct":null,"foreign_language_pct":25,"crime_index":212.8,"property_price_sqm":null,"transit_stop_density":null,"air_quality_index":19.5,"green_space_pct":89.9,"daycare_density":0,"school_density":0,"healthcare_density":0,"restaurant_density":0,"grocery_density":0,"cycling_density":0,"single_person_hh_pct":null,"rental_price_sqm":null,"price_to_rent_ratio":null,"walkability_index":76,"traffic_accident_rate":null,"property_price_change_pct":null,"school_quality_score":null,"light_pollution":null,"noise_pollution":40,"voter_turnout_pct":57.5,"party_diversity_index":0.843,"broadband_coverage_pct":98,"ev_charging_density":0,"tree_canopy_pct":null,"transit_reachability_score":null,"sports_facility_density":0.2,"water_proximity_m":null,"avg_construction_year":1982,"income_history":null,"population_history":[[2021,3],[2022,4],[2023,5],[2024,2],[2025,3],[2026,4]],"unemployment_history":null,"income_change_pct":null,"population_change_pct":33.3,"unemployment_change_pct":null}},{"type":"MultiPolygon","arcs":[[[67,68,69,-41]]],"properties":{"id":3002,"postinumeroalue":"99710","nimi":"Vaalajärvi","namn":"Vaalajärvi","euref_x":460481,"euref_y":7478566,"pinta_ala":261104271,"vuosi":2026,"kunta":"758","he_vakiy":260,"he_naiset":110,"he_miehet":150,"he_kika":50,"he_0_2":4,"he_3_6":10,"he_7_12":14,"he_13_15":9,"he_16_17":7,"he_18_19":2,"he_20_24":6,"he_25_29":12,"he_30_34":9,"he_35_39":12,"he_40_44":21,"he_45_49":11,"he_50_54":9,"he_55_59":18,"he_60_64":28,"he_65_69":28,"he_70_74":18,"he_75_79":24,"he_80_84":8,"he_85_":10,"ko_ika18y":216,"ko_perus":39,"ko_koul":177,"ko_yliop":7,"ko_ammat":129,"ko_al_kork":29,"ko_yl_kork":12,"hr_tuy":216,"hr_ktu":28439,"hr_mtu":24709,"hr_pi_tul":31,"hr_ke_tul":142,"hr_hy_tul":43,"hr_ovy":6142804,"te_taly":125,"te_takk":2.1,"te_as_valj":47.4,"te_yks":45,"te_nuor":6,"te_eil_np":1,"te_laps":22,"te_plap":3,"te_aklap":10,"te_klap":8,"te_teini":12,"te_yhlap":3,"te_aik":40,"te_elak":64,"te_omis_as":109,"te_vuok_as":15,"te_muu_as":1,"tr_kuty":125,"tr_ktu":49370,"tr_mtu":43816,"tr_pi_tul":23,"tr_ke_tul":80,"tr_hy_tul":22,"tr_ovy":6171211,"ra_ke":57,"ra_raky":148,"ra_muut":10,"ra_asrak":138,"ra_asunn":147,"ra_as_kpa":94.9,"ra_pt_as":147,"ra_kt_as":0,"ra_muu_as":0,"tp_tyopy":19,"tp_alku_a":1,"tp_jalo_bf":1,"tp_palv_gu":17,"tp_a_maat":1,"tp_b_kaiv":0,"tp_c_teol":0,"tp_d_ener":0,"tp_e_vesi":0,"tp_f_rake":1,"tp_g_kaup":0,"tp_h_kulj":1,"tp_i_majo":0,"tp_j_info":0,"tp_k_raho":0,"tp_l_kiin":0,"tp_m_erik":0,"tp_n_hall":7,"tp_o_julk":0,"tp_p_koul":0,"tp_q_terv":9,"tp_r_taid":0,"tp_s_muup":0,"tp_t_koti":0,"tp_u_kans":0,"tp_x_tunt":0,"pt_vakiy":260,"pt_tyoll":100,"pt_tyott":13,"pt_0_14":34,"pt_opisk":14,"pt_elakel":96,"pt_muut":3,"city":"pohjois_lappi","pno":"99710","unemployment_rate":5,"higher_education_rate":19,"pensioner_share":36.9,"ownership_rate":87.2,"rental_rate":12,"population_density":1,"child_ratio":5.4,"student_share":5.4,"detached_house_share":100,"youth_ratio_pct":7.7,"gender_ratio":0.73,"single_parent_hh_pct":0.8,"families_with_children_pct":17.6,"tech_sector_pct":0,"healthcare_workers_pct":47.4,"employment_rate":38.5,"elderly_ratio_pct":33.8,"avg_household_size":2.08,"manufacturing_jobs_pct":5.3,"public_sector_jobs_pct":0,"service_sector_jobs_pct":89.5,"new_construction_pct":100.7,"foreign_language_pct":1.8,"crime_index":61.2,"property_price_sqm":null,"transit_stop_density":null,"air_quality_index":18.5,"green_space_pct":2.1,"daycare_density":0,"school_density":0,"healthcare_density":0,"restaurant_density":0,"grocery_density":0,"cycling_density":0,"single_person_hh_pct":36,"rental_price_sqm":null,"price_to_rent_ratio":null,"walkability_index":76,"traffic_accident_rate":5.1,"property_price_change_pct":null,"school_quality_score":null,"light_pollution":null,"noise_pollution":40,"voter_turnout_pct":57.5,"party_diversity_index":0.843,"broadband_coverage_pct":98,"ev_charging_density":0,"tree_canopy_pct":null,"transit_reachability_score":null,"sports_facility_density":0,"water_proximity_m":null,"avg_construction_year":1982,"income_history":[[2021,20353],[2022,20159],[2023,20272],[2024,22050],[2025,23385],[2026,24709]],"population_history":[[2021,293],[2022,280],[2023,271],[2024,261],[2025,264],[2026,260]],"unemployment_history":[[2021,3.4],[2022,3.9],[2023,4.1],[2024,3.1],[2025,4.5],[2026,5]],"income_change_pct":21.4,"population_change_pct":-11.3,"unemployment_change_pct":47.1}},{"type":"MultiPolygon","arcs":[[[70,71,72,-16,73,-68,-40,-22,-2]]],"properties":{"id":3003,"postinumeroalue":"99720","nimi":"Riipi","namn":"Riipi","euref_x":463907,"euref_y":7467247,"pinta_ala":407337784,"vuosi":2026,"kunta":"758","he_vakiy":159,"he_naiset":79,"he_miehet":80,"he_kika":52,"he_0_2":0,"he_3_6":6,"he_7_12":10,"he_13_15":8,"he_16_17":0,"he_18_19":0,"he_20_24":5,"he_25_29":1,"he_30_34":2,"he_35_39":10,"he_40_44":11,"he_45_49":10,"he_50_54":7,"he_55_59":13,"he_60_64":19,"he_65_69":22,"he_70_74":14,"he_75_79":8,"he_80_84":2,"he_85_":11,"ko_ika18y":135,"ko_perus":31,"ko_koul":104,"ko_yliop":2,"ko_ammat":82,"ko_al_kork":16,"ko_yl_kork":4,"hr_tuy":135,"hr_ktu":26507,"hr_mtu":25161,"hr_pi_tul":29,"hr_ke_tul":82,"hr_hy_tul":24,"hr_ovy":3578417,"te_taly":77,"te_takk":2.1,"te_as_valj":44.7,"te_yks":24,"te_nuor":1,"te_eil_np":1,"te_laps":9,"te_plap":0,"te_aklap":4,"te_klap":6,"te_teini":7,"te_yhlap":1,"te_aik":28,"te_elak":41,"te_omis_as":71,"te_vuok_as":5,"te_muu_as":1,"tr_kuty":77,"tr_ktu":46799,"tr_mtu":43393,"tr_pi_tul":19,"tr_ke_tul":44,"tr_hy_tul":14,"tr_ovy":3603559,"ra_ke":61,"ra_raky":116,"ra_muut":14,"ra_asrak":102,"ra_asunn":102,"ra_as_kpa":89.6,"ra_pt_as":100,"ra_kt_as":2,"ra_muu_as":0,"tp_tyopy":10,"tp_alku_a":1,"tp_jalo_bf":7,"tp_palv_gu":2,"tp_a_maat":1,"tp_b_kaiv":0,"tp_c_teol":1,"tp_d_ener":0,"tp_e_vesi":0,"tp_f_rake":6,"tp_g_kaup":0,"tp_h_kulj":2,"tp_i_majo":0,"tp_j_info":0,"tp_k_raho":0,"tp_l_kiin":0,"tp_m_erik":0,"tp_n_hall":0,"tp_o_julk":0,"tp_p_koul":0,"tp_q_terv":0,"tp_r_taid":0,"tp_s_muup":0,"tp_t_koti":0,"tp_u_kans":0,"tp_x_tunt":0,"pt_vakiy":159,"pt_tyoll":67,"pt_tyott":2,"pt_0_14":23,"pt_opisk":2,"pt_elakel":61,"pt_muut":4,"city":"pohjois_lappi","pno":"99720","unemployment_rate":1.3,"higher_education_rate":14.8,"pensioner_share":38.4,"ownership_rate":92.2,"rental_rate":6.5,"population_density":0,"child_ratio":3.8,"student_share":1.3,"detached_house_share":98,"youth_ratio_pct":3.8,"gender_ratio":0.99,"single_parent_hh_pct":1.3,"families_with_children_pct":11.7,"tech_sector_pct":0,"healthcare_workers_pct":0,"employment_rate":42.1,"elderly_ratio_pct":35.8,"avg_household_size":2.06,"manufacturing_jobs_pct":70,"public_sector_jobs_pct":0,"service_sector_jobs_pct":20,"new_construction_pct":113.7,"foreign_language_pct":0,"crime_index":170.4,"property_price_sqm":null,"transit_stop_density":null,"air_quality_index":18.5,"green_space_pct":17.4,"daycare_density":0,"school_density":0,"healthcare_density":0,"restaurant_density":0,"grocery_density":0,"cycling_density":0,"single_person_hh_pct":31.2,"rental_price_sqm":null,"price_to_rent_ratio":null,"walkability_index":76,"traffic_accident_rate":6.3,"property_price_change_pct":null,"school_quality_score":null,"light_pollution":null,"noise_pollution":40,"voter_turnout_pct":57.5,"party_diversity_index":0.843,"broadband_coverage_pct":98,"ev_charging_density":0,"tree_canopy_pct":null,"transit_reachability_score":null,"sports_facility_density":0,"water_proximity_m":null,"avg_construction_year":1982,"income_history":[[2021,18167],[2022,19050],[2023,19955],[2024,21350],[2025,23103],[2026,25161]],"population_history":[[2021,173],[2022,166],[2023,176],[2024,171],[2025,171],[2026,159]],"unemployment_history":[[2021,4.6],[2022,3],[2023,2.8],[2024,2.9],[2025,4.1],[2026,1.3]],"income_change_pct":38.5,"population_change_pct":-8.1,"unemployment_change_pct":-71.7}},{"type":"MultiPolygon","arcs":[[[74,-72,75]]],"properties":{"id":3004,"postinumeroalue":"99740","nimi":"Syväjärvi","namn":"Syväjärvi","euref_x":452777,"euref_y":7463923,"pinta_ala":83471430,"vuosi":2026,"kunta":"758","he_vakiy":115,"he_naiset":45,"he_miehet":70,"he_kika":57,"he_0_2":1,"he_3_6":2,"he_7_12":1,"he_13_15":0,"he_16_17":2,"he_18_19":2,"he_20_24":2,"he_25_29":4,"he_30_34":4,"he_35_39":2,"he_40_44":3,"he_45_49":8,"he_50_54":10,"he_55_59":7,"he_60_64":21,"he_65_69":16,"he_70_74":14,"he_75_79":7,"he_80_84":7,"he_85_":2,"ko_ika18y":109,"ko_perus":20,"ko_koul":89,"ko_yliop":2,"ko_ammat":73,"ko_al_kork":12,"ko_yl_kork":2,"hr_tuy":109,"hr_ktu":26008,"hr_mtu":22714,"hr_pi_tul":31,"hr_ke_tul":62,"hr_hy_tul":16,"hr_ovy":2834833,"te_taly":65,"te_takk":1.7,"te_as_valj":53.3,"te_yks":28,"te_nuor":1,"te_eil_np":1,"te_laps":5,"te_plap":1,"te_aklap":2,"te_klap":1,"te_teini":2,"te_yhlap":2,"te_aik":27,"te_elak":34,"te_omis_as":52,"te_vuok_as":13,"te_muu_as":0,"tr_kuty":65,"tr_ktu":43470,"tr_mtu":40148,"tr_pi_tul":21,"tr_ke_tul":36,"tr_hy_tul":8,"tr_ovy":2825523,"ra_ke":49,"ra_raky":97,"ra_muut":12,"ra_asrak":85,"ra_asunn":96,"ra_as_kpa":91,"ra_pt_as":95,"ra_kt_as":0,"ra_muu_as":1,"tp_tyopy":19,"tp_alku_a":8,"tp_jalo_bf":4,"tp_palv_gu":7,"tp_a_maat":8,"tp_b_kaiv":0,"tp_c_teol":0,"tp_d_ener":0,"tp_e_vesi":1,"tp_f_rake":3,"tp_g_kaup":0,"tp_h_kulj":0,"tp_i_majo":0,"tp_j_info":0,"tp_k_raho":0,"tp_l_kiin":0,"tp_m_erik":0,"tp_n_hall":0,"tp_o_julk":0,"tp_p_koul":7,"tp_q_terv":0,"tp_r_taid":0,"tp_s_muup":0,"tp_t_koti":0,"tp_u_kans":0,"tp_x_tunt":0,"pt_vakiy":115,"pt_tyoll":44,"pt_tyott":3,"pt_0_14":4,"pt_opisk":6,"pt_elakel":53,"pt_muut":5,"city":"pohjois_lappi","pno":"99740","unemployment_rate":2.6,"higher_education_rate":12.8,"pensioner_share":46.1,"ownership_rate":80,"rental_rate":20,"population_density":1,"child_ratio":2.6,"student_share":5.2,"detached_house_share":99,"youth_ratio_pct":7,"gender_ratio":0.64,"single_parent_hh_pct":1.5,"families_with_children_pct":7.7,"tech_sector_pct":0,"healthcare_workers_pct":0,"employment_rate":38.3,"elderly_ratio_pct":40,"avg_household_size":1.77,"manufacturing_jobs_pct":21.1,"public_sector_jobs_pct":0,"service_sector_jobs_pct":36.8,"new_construction_pct":101,"foreign_language_pct":0,"crime_index":53.3,"property_price_sqm":null,"transit_stop_density":null,"air_quality_index":18.5,"green_space_pct":25.3,"daycare_density":0,"school_density":0,"healthcare_density":0,"restaurant_density":0,"grocery_density":0,"cycling_density":0,"single_person_hh_pct":43.1,"rental_price_sqm":null,"price_to_rent_ratio":null,"walkability_index":76,"traffic_accident_rate":8.7,"property_price_change_pct":null,"school_quality_score":null,"light_pollution":null,"noise_pollution":40,"voter_turnout_pct":57.5,"party_diversity_index":0.843,"broadband_coverage_pct":98,"ev_charging_density":0,"tree_canopy_pct":null,"transit_reachability_score":null,"sports_facility_density":0.1,"water_proximity_m":null,"avg_construction_year":1982,"income_history":[[2021,18675],[2022,17902],[2023,18772],[2024,18241],[2025,20356],[2026,22714]],"population_history":[[2021,148],[2022,141],[2023,138],[2024,127],[2025,117],[2026,115]],"unemployment_history":[[2021,6.8],[2022,5.7],[2023,7.2],[2024,7.1],[2025,8.5],[2026,2.6]],"income_change_pct":21.6,"population_change_pct":-22.3,"unemployment_change_pct":-61.8}},{"type":"MultiPolygon","arcs":[[[-12,76,-17,-73,-75,77]]],"properties":{"id":3005,"postinumeroalue":"99750","nimi":"Sassali","namn":"Sassali","euref_x":449527,"euref_y":7460019,"pinta_ala":82448873,"vuosi":2026,"kunta":"758","he_vakiy":44,"he_naiset":18,"he_miehet":26,"he_kika":50,"he_0_2":0,"he_3_6":1,"he_7_12":2,"he_13_15":1,"he_16_17":0,"he_18_19":1,"he_20_24":2,"he_25_29":4,"he_30_34":0,"he_35_39":5,"he_40_44":0,"he_45_49":3,"he_50_54":3,"he_55_59":6,"he_60_64":1,"he_65_69":5,"he_70_74":8,"he_75_79":0,"he_80_84":1,"he_85_":1,"ko_ika18y":40,"ko_perus":7,"ko_koul":33,"ko_yliop":1,"ko_ammat":30,"ko_al_kork":1,"ko_yl_kork":1,"hr_tuy":40,"hr_ktu":22367,"hr_mtu":20362,"hr_pi_tul":13,"hr_ke_tul":23,"hr_hy_tul":4,"hr_ovy":894682,"te_taly":21,"te_takk":null,"te_as_valj":-1,"te_yks":-1,"te_nuor":-1,"te_eil_np":-1,"te_laps":-1,"te_plap":-1,"te_aklap":-1,"te_klap":-1,"te_teini":-1,"te_yhlap":-1,"te_aik":-1,"te_elak":-1,"te_omis_as":null,"te_vuok_as":null,"te_muu_as":-1,"tr_kuty":21,"tr_ktu":-1,"tr_mtu":-1,"tr_pi_tul":-1,"tr_ke_tul":-1,"tr_hy_tul":-1,"tr_ovy":-1,"ra_ke":20,"ra_raky":27,"ra_muut":2,"ra_asrak":25,"ra_asunn":27,"ra_as_kpa":87.9,"ra_pt_as":25,"ra_kt_as":0,"ra_muu_as":2,"tp_tyopy":6,"tp_alku_a":-1,"tp_jalo_bf":-1,"tp_palv_gu":-1,"tp_a_maat":-1,"tp_b_kaiv":-1,"tp_c_teol":-1,"tp_d_ener":-1,"tp_e_vesi":-1,"tp_f_rake":-1,"tp_g_kaup":-1,"tp_h_kulj":-1,"tp_i_majo":-1,"tp_j_info":-1,"tp_k_raho":-1,"tp_l_kiin":-1,"tp_m_erik":-1,"tp_n_hall":-1,"tp_o_julk":-1,"tp_p_koul":-1,"tp_q_terv":-1,"tp_r_taid":-1,"tp_s_muup":-1,"tp_t_koti":-1,"tp_u_kans":-1,"tp_x_tunt":-1,"pt_vakiy":44,"pt_tyoll":20,"pt_tyott":3,"pt_0_14":4,"pt_opisk":1,"pt_elakel":15,"pt_muut":1,"city":"pohjois_lappi","pno":"99750","unemployment_rate":6.8,"higher_education_rate":5,"pensioner_share":34.1,"ownership_rate":null,"rental_rate":null,"population_density":1,"child_ratio":2.3,"student_share":2.3,"detached_house_share":92.6,"youth_ratio_pct":15.9,"gender_ratio":0.69,"single_parent_hh_pct":null,"families_with_children_pct":null,"tech_sector_pct":null,"healthcare_workers_pct":null,"employment_rate":45.5,"elderly_ratio_pct":34.1,"avg_household_size":2.1,"manufacturing_jobs_pct":null,"public_sector_jobs_pct":null,"service_sector_jobs_pct":null,"new_construction_pct":100,"foreign_language_pct":1.9,"crime_index":84.8,"property_price_sqm":null,"transit_stop_density":null,"air_quality_index":18.6,"green_space_pct":17.1,"daycare_density":0,"school_density":0,"healthcare_density":0,"restaurant_density":0,"grocery_density":0,"cycling_density":0,"single_person_hh_pct":null,"rental_price_sqm":null,"price_to_rent_ratio":null,"walkability_index":76,"traffic_accident_rate":null,"property_price_change_pct":null,"school_quality_score":null,"light_pollution":null,"noise_pollution":40,"voter_turnout_pct":57.5,"party_diversity_index":0.843,"broadband_coverage_pct":98,"ev_charging_density":0,"tree_canopy_pct":null,"transit_reachability_score":null,"sports_facility_density":0,"water_proximity_m":null,"avg_construction_year":1982,"income_history":[[2021,17048],[2022,17168],[2023,20426],[2024,18209],[2025,19124],[2026,20362]],"population_history":[[2021,53],[2022,53],[2023,52],[2024,51],[2025,52],[2026,44]],"unemployment_history":[[2021,5.7],[2022,5.7],[2023,3.8],[2024,2],[2025,1.9],[2026,6.8]],"income_change_pct":19.4,"population_change_pct":-17,"unemployment_change_pct":19.3}},{"type":"MultiPolygon","arcs":[[[-18,-77,-11]]],"properties":{"id":3006,"postinumeroalue":"99760","nimi":"Uimaniemi","namn":"Uimaniemi","euref_x":444678,"euref_y":7455448,"pinta_ala":36648366,"vuosi":2026,"kunta":"758","he_vakiy":25,"he_naiset":-1,"he_miehet":-1,"he_kika":null,"he_0_2":null,"he_3_6":null,"he_7_12":-1,"he_13_15":-1,"he_16_17":-1,"he_18_19":-1,"he_20_24":-1,"he_25_29":-1,"he_30_34":-1,"he_35_39":-1,"he_40_44":-1,"he_45_49":-1,"he_50_54":-1,"he_55_59":-1,"he_60_64":-1,"he_65_69":-1,"he_70_74":-1,"he_75_79":-1,"he_80_84":-1,"he_85_":-1,"ko_ika18y":25,"ko_perus":null,"ko_koul":-1,"ko_yliop":-1,"ko_ammat":null,"ko_al_kork":null,"ko_yl_kork":null,"hr_tuy":25,"hr_ktu":null,"hr_mtu":null,"hr_pi_tul":-1,"hr_ke_tul":-1,"hr_hy_tul":-1,"hr_ovy":-1,"te_taly":15,"te_takk":null,"te_as_valj":-1,"te_yks":-1,"te_nuor":-1,"te_eil_np":-1,"te_laps":-1,"te_plap":-1,"te_aklap":-1,"te_klap":-1,"te_teini":-1,"te_yhlap":-1,"te_aik":-1,"te_elak":-1,"te_omis_as":null,"te_vuok_as":null,"te_muu_as":-1,"tr_kuty":15,"tr_ktu":-1,"tr_mtu":-1,"tr_pi_tul":-1,"tr_ke_tul":-1,"tr_hy_tul":-1,"tr_ovy":-1,"ra_ke":29,"ra_raky":29,"ra_muut":4,"ra_asrak":25,"ra_asunn":22,"ra_as_kpa":87.2,"ra_pt_as":22,"ra_kt_as":0,"ra_muu_as":0,"tp_tyopy":0,"tp_alku_a":0,"tp_jalo_bf":0,"tp_palv_gu":0,"tp_a_maat":0,"tp_b_kaiv":0,"tp_c_teol":0,"tp_d_ener":0,"tp_e_vesi":0,"tp_f_rake":0,"tp_g_kaup":0,"tp_h_kulj":0,"tp_i_majo":0,"tp_j_info":0,"tp_k_raho":0,"tp_l_kiin":0,"tp_m_erik":0,"tp_n_hall":0,"tp_o_julk":0,"tp_p_koul":0,"tp_q_terv":0,"tp_r_taid":0,"tp_s_muup":0,"tp_t_koti":0,"tp_u_kans":0,"tp_x_tunt":0,"pt_vakiy":25,"pt_tyoll":null,"pt_tyott":null,"pt_0_14":-1,"pt_opisk":null,"pt_elakel":null,"pt_muut":-1,"city":"pohjois_lappi","pno":"99760","unemployment_rate":null,"higher_education_rate":null,"pensioner_share":null,"ownership_rate":null,"rental_rate":null,"population_density":1,"child_ratio":null,"student_share":null,"detached_house_share":100,"youth_ratio_pct":null,"gender_ratio":null,"single_parent_hh_pct":null,"families_with_children_pct":null,"tech_sector_pct":null,"healthcare_workers_pct":null,"employment_rate":null,"elderly_ratio_pct":null,"avg_household_size":1.67,"manufacturing_jobs_pct":null,"public_sector_jobs_pct":null,"service_sector_jobs_pct":null,"new_construction_pct":131.8,"foreign_language_pct":0,"crime_index":80.5,"property_price_sqm":null,"transit_stop_density":null,"air_quality_index":18.7,"green_space_pct":25.6,"daycare_density":0,"school_density":0,"healthcare_density":0,"restaurant_density":0,"grocery_density":0,"cycling_density":0,"single_person_hh_pct":null,"rental_price_sqm":null,"price_to_rent_ratio":null,"walkability_index":76,"traffic_accident_rate":null,"property_price_change_pct":null,"school_quality_score":null,"light_pollution":null,"noise_pollution":40,"voter_turnout_pct":57.5,"party_diversity_index":0.843,"broadband_coverage_pct":98,"ev_charging_density":0,"tree_canopy_pct":null,"transit_reachability_score":null,"sports_facility_density":0.1,"water_proximity_m":null,"avg_construction_year":1983,"income_history":null,"population_history":[[2021,28],[2022,27],[2023,27],[2024,25],[2025,25],[2026,25]],"unemployment_history":null,"income_change_pct":null,"population_change_pct":-10.7,"unemployment_change_pct":null}},{"type":"MultiPolygon","arcs":[[[78,-57,-42,-70]]],"properties":{"id":3007,"postinumeroalue":"99770","nimi":"Jeesiö","namn":"Jeesiö","euref_x":455783,"euref_y":7490587,"pinta_ala":272319273,"vuosi":2026,"kunta":"758","he_vakiy":105,"he_naiset":43,"he_miehet":62,"he_kika":59,"he_0_2":2,"he_3_6":1,"he_7_12":0,"he_13_15":0,"he_16_17":2,"he_18_19":1,"he_20_24":1,"he_25_29":6,"he_30_34":2,"he_35_39":2,"he_40_44":2,"he_45_49":2,"he_50_54":10,"he_55_59":15,"he_60_64":17,"he_65_69":12,"he_70_74":8,"he_75_79":9,"he_80_84":6,"he_85_":7,"ko_ika18y":100,"ko_perus":28,"ko_koul":72,"ko_yliop":2,"ko_ammat":46,"ko_al_kork":18,"ko_yl_kork":6,"hr_tuy":100,"hr_ktu":24914,"hr_mtu":20941,"hr_pi_tul":38,"hr_ke_tul":48,"hr_hy_tul":14,"hr_ovy":2491365,"te_taly":53,"te_takk":2,"te_as_valj":45.7,"te_yks":18,"te_nuor":1,"te_eil_np":0,"te_laps":4,"te_plap":2,"te_aklap":2,"te_klap":0,"te_teini":2,"te_yhlap":0,"te_aik":22,"te_elak":28,"te_omis_as":49,"te_vuok_as":2,"te_muu_as":2,"tr_kuty":53,"tr_ktu":47026,"tr_mtu":40161,"tr_pi_tul":16,"tr_ke_tul":24,"tr_hy_tul":13,"tr_ovy":2492374,"ra_ke":64,"ra_raky":72,"ra_muut":3,"ra_asrak":69,"ra_asunn":67,"ra_as_kpa":85.2,"ra_pt_as":66,"ra_kt_as":0,"ra_muu_as":1,"tp_tyopy":7,"tp_alku_a":-1,"tp_jalo_bf":-1,"tp_palv_gu":-1,"tp_a_maat":-1,"tp_b_kaiv":-1,"tp_c_teol":-1,"tp_d_ener":-1,"tp_e_vesi":-1,"tp_f_rake":-1,"tp_g_kaup":-1,"tp_h_kulj":-1,"tp_i_majo":-1,"tp_j_info":-1,"tp_k_raho":-1,"tp_l_kiin":-1,"tp_m_erik":-1,"tp_n_hall":-1,"tp_o_julk":-1,"tp_p_koul":-1,"tp_q_terv":-1,"tp_r_taid":-1,"tp_s_muup":-1,"tp_t_koti":-1,"tp_u_kans":-1,"tp_x_tunt":-1,"pt_vakiy":105,"pt_tyoll":42,"pt_tyott":6,"pt_0_14":3,"pt_opisk":3,"pt_elakel":46,"pt_muut":5,"city":"pohjois_lappi","pno":"99770","unemployment_rate":5.7,"higher_education_rate":24,"pensioner_share":43.8,"ownership_rate":92.5,"rental_rate":3.8,"population_density":0,"child_ratio":2.9,"student_share":2.9,"detached_house_share":98.5,"youth_ratio_pct":7.6,"gender_ratio":0.69,"single_parent_hh_pct":0,"families_with_children_pct":7.5,"tech_sector_pct":null,"healthcare_workers_pct":null,"employment_rate":40,"elderly_ratio_pct":40,"avg_household_size":1.98,"manufacturing_jobs_pct":null,"public_sector_jobs_pct":null,"service_sector_jobs_pct":null,"new_construction_pct":107.5,"foreign_language_pct":0,"crime_index":192.2,"property_price_sqm":null,"transit_stop_density":null,"air_quality_index":18.4,"green_space_pct":1.8,"daycare_density":0,"school_density":0,"healthcare_density":0,"restaurant_density":0,"grocery_density":0,"cycling_density":0,"single_person_hh_pct":34,"rental_price_sqm":null,"price_to_rent_ratio":null,"walkability_index":76,"traffic_accident_rate":9.5,"property_price_change_pct":null,"school_quality_score":null,"light_pollution":null,"noise_pollution":40,"voter_turnout_pct":57.5,"party_diversity_index":0.843,"broadband_coverage_pct":98,"ev_charging_density":0,"tree_canopy_pct":null,"transit_reachability_score":null,"sports_facility_density":0,"water_proximity_m":null,"avg_construction_year":1982,"income_history":[[2021,17414],[2022,17141],[2023,15901],[2024,16079],[2025,18660],[2026,20941]],"population_history":[[2021,110],[2022,109],[2023,111],[2024,109],[2025,109],[2026,105]],"unemployment_history":[[2021,6.4],[2022,4.6],[2023,6.3],[2024,6.4],[2025,9.2],[2026,5.7]],"income_change_pct":20.3,"population_change_pct":-4.5,"unemployment_change_pct":-10.9}},{"type":"MultiPolygon","arcs":[[[79,-62,80,-65,81,82,83,84,85,86]]],"properties":{"id":3008,"postinumeroalue":"99800","nimi":"Ivalo","namn":"Ivalo","euref_x":512544,"euref_y":7625477,"pinta_ala":7143822859,"vuosi":2026,"kunta":"148","he_vakiy":4611,"he_naiset":2283,"he_miehet":2328,"he_kika":49,"he_0_2":83,"he_3_6":122,"he_7_12":220,"he_13_15":151,"he_16_17":77,"he_18_19":63,"he_20_24":129,"he_25_29":231,"he_30_34":325,"he_35_39":290,"he_40_44":267,"he_45_49":256,"he_50_54":286,"he_55_59":323,"he_60_64":428,"he_65_69":396,"he_70_74":341,"he_75_79":289,"he_80_84":176,"he_85_":158,"ko_ika18y":3958,"ko_perus":873,"ko_koul":3085,"ko_yliop":150,"ko_ammat":1830,"ko_al_kork":808,"ko_yl_kork":297,"hr_tuy":3958,"hr_ktu":29202,"hr_mtu":27060,"hr_pi_tul":596,"hr_ke_tul":2695,"hr_hy_tul":667,"hr_ovy":115580803,"te_taly":2324,"te_takk":1.9,"te_as_valj":42.6,"te_yks":976,"te_nuor":134,"te_eil_np":74,"te_laps":391,"te_plap":76,"te_aklap":154,"te_klap":160,"te_teini":170,"te_yhlap":78,"te_aik":1001,"te_elak":953,"te_omis_as":1544,"te_vuok_as":725,"te_muu_as":55,"tr_kuty":2324,"tr_ktu":49132,"tr_mtu":42509,"tr_pi_tul":424,"tr_ke_tul":1497,"tr_hy_tul":403,"tr_ovy":114182298,"ra_ke":1154,"ra_raky":2368,"ra_muut":516,"ra_asrak":1852,"ra_asunn":2762,"ra_as_kpa":79.8,"ra_pt_as":2342,"ra_kt_as":277,"ra_muu_as":143,"tp_tyopy":1847,"tp_alku_a":57,"tp_jalo_bf":185,"tp_palv_gu":1605,"tp_a_maat":57,"tp_b_kaiv":2,"tp_c_teol":11,"tp_d_ener":19,"tp_e_vesi":22,"tp_f_rake":131,"tp_g_kaup":191,"tp_h_kulj":139,"tp_i_majo":132,"tp_j_info":13,"tp_k_raho":11,"tp_l_kiin":12,"tp_m_erik":155,"tp_n_hall":153,"tp_o_julk":215,"tp_p_koul":95,"tp_q_terv":413,"tp_r_taid":24,"tp_s_muup":52,"tp_t_koti":0,"tp_u_kans":0,"tp_x_tunt":0,"pt_vakiy":4611,"pt_tyoll":2174,"pt_tyott":170,"pt_0_14":523,"pt_opisk":197,"pt_elakel":1459,"pt_muut":88,"city":"pohjois_lappi","pno":"99800","unemployment_rate":3.7,"higher_education_rate":27.9,"pensioner_share":31.6,"ownership_rate":66.4,"rental_rate":31.2,"population_density":1,"child_ratio":4.4,"student_share":4.3,"detached_house_share":84.8,"youth_ratio_pct":9.2,"gender_ratio":0.98,"single_parent_hh_pct":3.2,"families_with_children_pct":16.8,"tech_sector_pct":0.7,"healthcare_workers_pct":22.4,"employment_rate":47.1,"elderly_ratio_pct":29.5,"avg_household_size":1.98,"manufacturing_jobs_pct":10,"public_sector_jobs_pct":11.6,"service_sector_jobs_pct":86.9,"new_construction_pct":85.7,"foreign_language_pct":2.5,"crime_index":63.3,"property_price_sqm":null,"transit_stop_density":null,"air_quality_index":19.1,"green_space_pct":46,"daycare_density":0,"school_density":0,"healthcare_density":0,"restaurant_density":0,"grocery_density":0,"cycling_density":0,"single_person_hh_pct":42,"rental_price_sqm":null,"price_to_rent_ratio":null,"walkability_index":76,"traffic_accident_rate":1.2,"property_price_change_pct":5.5,"school_quality_score":57,"light_pollution":null,"noise_pollution":40,"voter_turnout_pct":53.9,"party_diversity_index":0.831,"broadband_coverage_pct":59,"ev_charging_density":0,"tree_canopy_pct":null,"transit_reachability_score":null,"sports_facility_density":0,"water_proximity_m":null,"avg_construction_year":1984,"income_history":[[2021,22507],[2022,22682],[2023,23165],[2024,24545],[2025,26029],[2026,27060]],"population_history":[[2021,4555],[2022,4550],[2023,4644],[2024,4601],[2025,4592],[2026,4611]],"unemployment_history":[[2021,4.2],[2022,4.2],[2023,5.1],[2024,4],[2025,3.5],[2026,3.7]],"income_change_pct":20.2,"population_change_pct":1.2,"unemployment_change_pct":-11.9}},{"type":"MultiPolygon","arcs":[[[-66,-81]]],"properties":{"id":3009,"postinumeroalue":"99830","nimi":"Saariselkä","namn":"Saariselkä","euref_x":516988,"euref_y":7585459,"pinta_ala":427978702,"vuosi":2026,"kunta":"148","he_vakiy":441,"he_naiset":218,"he_miehet":223,"he_kika":42,"he_0_2":11,"he_3_6":8,"he_7_12":9,"he_13_15":8,"he_16_17":1,"he_18_19":8,"he_20_24":27,"he_25_29":34,"he_30_34":63,"he_35_39":46,"he_40_44":52,"he_45_49":37,"he_50_54":23,"he_55_59":34,"he_60_64":32,"he_65_69":20,"he_70_74":12,"he_75_79":13,"he_80_84":2,"he_85_":1,"ko_ika18y":404,"ko_perus":125,"ko_koul":279,"ko_yliop":31,"ko_ammat":144,"ko_al_kork":78,"ko_yl_kork":26,"hr_tuy":404,"hr_ktu":35005,"hr_mtu":28492,"hr_pi_tul":46,"hr_ke_tul":290,"hr_hy_tul":68,"hr_ovy":14141842,"te_taly":234,"te_takk":1.9,"te_as_valj":37.9,"te_yks":117,"te_nuor":29,"te_eil_np":6,"te_laps":26,"te_plap":11,"te_aklap":13,"te_klap":9,"te_teini":9,"te_yhlap":9,"te_aik":167,"te_elak":41,"te_omis_as":88,"te_vuok_as":143,"te_muu_as":3,"tr_kuty":234,"tr_ktu":59798,"tr_mtu":40182,"tr_pi_tul":36,"tr_ke_tul":153,"tr_hy_tul":45,"tr_ovy":13992730,"ra_ke":724,"ra_raky":491,"ra_muut":344,"ra_asrak":147,"ra_asunn":385,"ra_as_kpa":67.7,"ra_pt_as":271,"ra_kt_as":84,"ra_muu_as":30,"tp_tyopy":542,"tp_alku_a":1,"tp_jalo_bf":6,"tp_palv_gu":535,"tp_a_maat":1,"tp_b_kaiv":0,"tp_c_teol":0,"tp_d_ener":0,"tp_e_vesi":0,"tp_f_rake":6,"tp_g_kaup":54,"tp_h_kulj":17,"tp_i_majo":266,"tp_j_info":1,"tp_k_raho":1,"tp_l_kiin":6,"tp_m_erik":2,"tp_n_hall":126,"tp_o_julk":2,"tp_p_koul":0,"tp_q_terv":10,"tp_r_taid":44,"tp_s_muup":6,"tp_t_koti":0,"tp_u_kans":0,"tp_x_tunt":0,"pt_vakiy":441,"pt_tyoll":320,"pt_tyott":15,"pt_0_14":35,"pt_opisk":8,"pt_elakel":47,"pt_muut":16,"city":"pohjois_lappi","pno":"99830","unemployment_rate":3.4,"higher_education_rate":25.7,"pensioner_share":10.7,"ownership_rate":37.6,"rental_rate":61.1,"population_density":1,"child_ratio":4.3,"student_share":1.8,"detached_house_share":70.4,"youth_ratio_pct":15.6,"gender_ratio":0.98,"single_parent_hh_pct":2.6,"families_with_children_pct":11.1,"tech_sector_pct":0.2,"healthcare_workers_pct":1.8,"employment_rate":72.6,"elderly_ratio_pct":10.9,"avg_household_size":1.88,"manufacturing_jobs_pct":1.1,"public_sector_jobs_pct":0.4,"service_sector_jobs_pct":98.7,"new_construction_pct":127.5,"foreign_language_pct":16.2,"crime_index":79.2,"property_price_sqm":null,"transit_stop_density":null,"air_quality_index":19.1,"green_space_pct":17.3,"daycare_density":0,"school_density":0,"healthcare_density":0,"restaurant_density":0,"grocery_density":0,"cycling_density":0.2,"single_person_hh_pct":50,"rental_price_sqm":null,"price_to_rent_ratio":null,"walkability_index":78,"traffic_accident_rate":2.3,"property_price_change_pct":32,"school_quality_score":null,"light_pollution":null,"noise_pollution":40,"voter_turnout_pct":53.9,"party_diversity_index":0.831,"broadband_coverage_pct":59,"ev_charging_density":0,"tree_canopy_pct":null,"transit_reachability_score":null,"sports_facility_density":0,"water_proximity_m":null,"avg_construction_year":1986,"income_history":[[2021,24204],[2022,23106],[2023,24417],[2024,26112],[2025,27716],[2026,28492]],"population_history":[[2021,343],[2022,334],[2023,351],[2024,377],[2025,408],[2026,441]],"unemployment_history":[[2021,4.7],[2022,3.3],[2023,3.4],[2024,2.9],[2025,2.5],[2026,3.4]],"income_change_pct":17.7,"population_change_pct":28.6,"unemployment_change_pct":-27.7}},{"type":"MultiPolygon","arcs":[[[87,-86,88,89,90,91,92,93]]],"properties":{"id":3014,"postinumeroalue":"99930","nimi":"Sevettijärvi - Näätämö","namn":"Sevettijärvi - Näätämö","euref_x":544895,"euref_y":7710278,"pinta_ala":2660556791,"vuosi":2026,"kunta":"148","he_vakiy":211,"he_naiset":85,"he_miehet":126,"he_kika":54,"he_0_2":4,"he_3_6":1,"he_7_12":4,"he_13_15":6,"he_16_17":1,"he_18_19":1,"he_20_24":6,"he_25_29":8,"he_30_34":8,"he_35_39":4,"he_40_44":16,"he_45_49":13,"he_50_54":12,"he_55_59":17,"he_60_64":31,"he_65_69":41,"he_70_74":23,"he_75_79":6,"he_80_84":8,"he_85_":1,"ko_ika18y":195,"ko_perus":42,"ko_koul":153,"ko_yliop":9,"ko_ammat":101,"ko_al_kork":27,"ko_yl_kork":16,"hr_tuy":195,"hr_ktu":27819,"hr_mtu":25463,"hr_pi_tul":48,"hr_ke_tul":110,"hr_hy_tul":37,"hr_ovy":5424723,"te_taly":112,"te_takk":1.9,"te_as_valj":48.4,"te_yks":46,"te_nuor":3,"te_eil_np":1,"te_laps":10,"te_plap":2,"te_aklap":2,"te_klap":4,"te_teini":6,"te_yhlap":1,"te_aik":41,"te_elak":61,"te_omis_as":105,"te_vuok_as":6,"te_muu_as":1,"tr_kuty":112,"tr_ktu":48320,"tr_mtu":40885,"tr_pi_tul":24,"tr_ke_tul":69,"tr_hy_tul":19,"tr_ovy":5411875,"ra_ke":216,"ra_raky":182,"ra_muut":43,"ra_asrak":139,"ra_asunn":159,"ra_as_kpa":84.2,"ra_pt_as":151,"ra_kt_as":6,"ra_muu_as":2,"tp_tyopy":14,"tp_alku_a":0,"tp_jalo_bf":0,"tp_palv_gu":14,"tp_a_maat":0,"tp_b_kaiv":0,"tp_c_teol":0,"tp_d_ener":0,"tp_e_vesi":0,"tp_f_rake":0,"tp_g_kaup":0,"tp_h_kulj":2,"tp_i_majo":2,"tp_j_info":0,"tp_k_raho":0,"tp_l_kiin":0,"tp_m_erik":0,"tp_n_hall":9,"tp_o_julk":0,"tp_p_koul":0,"tp_q_terv":0,"tp_r_taid":1,"tp_s_muup":0,"tp_t_koti":0,"tp_u_kans":0,"tp_x_tunt":0,"pt_vakiy":211,"pt_tyoll":98,"pt_tyott":9,"pt_0_14":14,"pt_opisk":7,"pt_elakel":77,"pt_muut":6,"city":"pohjois_lappi","pno":"99930","unemployment_rate":4.3,"higher_education_rate":22.1,"pensioner_share":36.5,"ownership_rate":93.8,"rental_rate":5.4,"population_density":0,"child_ratio":2.4,"student_share":3.3,"detached_house_share":95,"youth_ratio_pct":7.1,"gender_ratio":0.67,"single_parent_hh_pct":0.9,"families_with_children_pct":8.9,"tech_sector_pct":0,"healthcare_workers_pct":0,"employment_rate":46.4,"elderly_ratio_pct":37.4,"avg_household_size":1.88,"manufacturing_jobs_pct":0,"public_sector_jobs_pct":0,"service_sector_jobs_pct":100,"new_construction_pct":114.5,"foreign_language_pct":1.9,"crime_index":178.2,"property_price_sqm":null,"transit_stop_density":null,"air_quality_index":18.2,"green_space_pct":53.8,"daycare_density":0,"school_density":0,"healthcare_density":0,"restaurant_density":0,"grocery_density":0,"cycling_density":0,"single_person_hh_pct":41.1,"rental_price_sqm":null,"price_to_rent_ratio":null,"walkability_index":76,"traffic_accident_rate":1.6,"property_price_change_pct":null,"school_quality_score":null,"light_pollution":null,"noise_pollution":40,"voter_turnout_pct":53.9,"party_diversity_index":0.831,"broadband_coverage_pct":59,"ev_charging_density":0,"tree_canopy_pct":null,"transit_reachability_score":null,"sports_facility_density":0,"water_proximity_m":null,"avg_construction_year":1985,"income_history":[[2021,18200],[2022,18180],[2023,18920],[2024,20442],[2025,23872],[2026,25463]],"population_history":[[2021,218],[2022,216],[2023,218],[2024,212],[2025,212],[2026,211]],"unemployment_history":[[2021,10.6],[2022,7.4],[2023,8.3],[2024,6.6],[2025,6.6],[2026,4.3]],"income_change_pct":39.9,"population_change_pct":-3.2,"unemployment_change_pct":-59.4}},{"type":"MultiPolygon","arcs":[[[-87,-88,94,95]]],"properties":{"id":3010,"postinumeroalue":"99860","nimi":"Nellim","namn":"Nellim","euref_x":558426,"euref_y":7664670,"pinta_ala":1658631350,"vuosi":2026,"kunta":"148","he_vakiy":146,"he_naiset":64,"he_miehet":82,"he_kika":57,"he_0_2":3,"he_3_6":2,"he_7_12":4,"he_13_15":2,"he_16_17":1,"he_18_19":0,"he_20_24":4,"he_25_29":2,"he_30_34":7,"he_35_39":9,"he_40_44":7,"he_45_49":6,"he_50_54":6,"he_55_59":11,"he_60_64":17,"he_65_69":22,"he_70_74":17,"he_75_79":12,"he_80_84":7,"he_85_":7,"ko_ika18y":134,"ko_perus":30,"ko_koul":104,"ko_yliop":6,"ko_ammat":63,"ko_al_kork":24,"ko_yl_kork":11,"hr_tuy":134,"hr_ktu":27730,"hr_mtu":24561,"hr_pi_tul":36,"hr_ke_tul":74,"hr_hy_tul":24,"hr_ovy":3715770,"te_taly":82,"te_takk":1.8,"te_as_valj":46.5,"te_yks":41,"te_nuor":3,"te_eil_np":1,"te_laps":7,"te_plap":3,"te_aklap":3,"te_klap":2,"te_teini":2,"te_yhlap":1,"te_aik":27,"te_elak":49,"te_omis_as":61,"te_vuok_as":15,"te_muu_as":6,"tr_kuty":82,"tr_ktu":45340,"tr_mtu":33286,"tr_pi_tul":23,"tr_ke_tul":43,"tr_hy_tul":16,"tr_ovy":3717852,"ra_ke":307,"ra_raky":147,"ra_muut":37,"ra_asrak":110,"ra_asunn":114,"ra_as_kpa":80.3,"ra_pt_as":114,"ra_kt_as":0,"ra_muu_as":0,"tp_tyopy":24,"tp_alku_a":0,"tp_jalo_bf":3,"tp_palv_gu":21,"tp_a_maat":0,"tp_b_kaiv":0,"tp_c_teol":1,"tp_d_ener":0,"tp_e_vesi":0,"tp_f_rake":2,"tp_g_kaup":0,"tp_h_kulj":0,"tp_i_majo":15,"tp_j_info":0,"tp_k_raho":0,"tp_l_kiin":1,"tp_m_erik":0,"tp_n_hall":1,"tp_o_julk":0,"tp_p_koul":0,"tp_q_terv":0,"tp_r_taid":4,"tp_s_muup":0,"tp_t_koti":0,"tp_u_kans":0,"tp_x_tunt":0,"pt_vakiy":146,"pt_tyoll":52,"pt_tyott":9,"pt_0_14":11,"pt_opisk":2,"pt_elakel":68,"pt_muut":4,"city":"pohjois_lappi","pno":"99860","unemployment_rate":6.2,"higher_education_rate":26.1,"pensioner_share":46.6,"ownership_rate":74.4,"rental_rate":18.3,"population_density":0,"child_ratio":3.4,"student_share":1.4,"detached_house_share":100,"youth_ratio_pct":4.1,"gender_ratio":0.78,"single_parent_hh_pct":1.2,"families_with_children_pct":8.5,"tech_sector_pct":0,"healthcare_workers_pct":0,"employment_rate":35.6,"elderly_ratio_pct":44.5,"avg_household_size":1.78,"manufacturing_jobs_pct":12.5,"public_sector_jobs_pct":0,"service_sector_jobs_pct":87.5,"new_construction_pct":128.9,"foreign_language_pct":0.7,"crime_index":195.5,"property_price_sqm":null,"transit_stop_density":null,"air_quality_index":17.8,"green_space_pct":16.5,"daycare_density":0,"school_density":0,"healthcare_density":0,"restaurant_density":0,"grocery_density":0,"cycling_density":0,"single_person_hh_pct":50,"rental_price_sqm":null,"price_to_rent_ratio":null,"walkability_index":76,"traffic_accident_rate":2.3,"property_price_change_pct":null,"school_quality_score":null,"light_pollution":null,"noise_pollution":40,"voter_turnout_pct":53.9,"party_diversity_index":0.831,"broadband_coverage_pct":59,"ev_charging_density":0,"tree_canopy_pct":null,"transit_reachability_score":null,"sports_facility_density":0,"water_proximity_m":null,"avg_construction_year":1986,"income_history":[[2021,16318],[2022,16421],[2023,18063],[2024,18781],[2025,21663],[2026,24561]],"population_history":[[2021,130],[2022,140],[2023,140],[2024,138],[2025,153],[2026,146]],"unemployment_history":[[2021,9.2],[2022,7.1],[2023,5],[2024,5.1],[2025,5.9],[2026,6.2]],"income_change_pct":50.5,"population_change_pct":12.3,"unemployment_change_pct":-32.6}},{"type":"MultiPolygon","arcs":[[[96,-83,97,98,99,-89,-85]]],"properties":{"id":3011,"postinumeroalue":"99870","nimi":"Inari Keskus - Lemmenjoki","namn":"Inari centrum - Lemmenjoki","euref_x":484292,"euref_y":7648771,"pinta_ala":3423328243,"vuosi":2026,"kunta":"148","he_vakiy":1194,"he_naiset":604,"he_miehet":590,"he_kika":46,"he_0_2":34,"he_3_6":48,"he_7_12":71,"he_13_15":46,"he_16_17":23,"he_18_19":20,"he_20_24":29,"he_25_29":58,"he_30_34":69,"he_35_39":77,"he_40_44":89,"he_45_49":93,"he_50_54":55,"he_55_59":87,"he_60_64":79,"he_65_69":78,"he_70_74":89,"he_75_79":81,"he_80_84":43,"he_85_":25,"ko_ika18y":972,"ko_perus":211,"ko_koul":761,"ko_yliop":51,"ko_ammat":381,"ko_al_kork":189,"ko_yl_kork":140,"hr_tuy":972,"hr_ktu":29455,"hr_mtu":26286,"hr_pi_tul":217,"hr_ke_tul":581,"hr_hy_tul":174,"hr_ovy":28630625,"te_taly":589,"te_takk":2,"te_as_valj":41.6,"te_yks":269,"te_nuor":39,"te_eil_np":6,"te_laps":119,"te_plap":28,"te_aklap":56,"te_klap":52,"te_teini":56,"te_yhlap":37,"te_aik":237,"te_elak":241,"te_omis_as":390,"te_vuok_as":178,"te_muu_as":21,"tr_kuty":589,"tr_ktu":48753,"tr_mtu":38105,"tr_pi_tul":152,"tr_ke_tul":345,"tr_hy_tul":92,"tr_ovy":28715456,"ra_ke":733,"ra_raky":802,"ra_muut":233,"ra_asrak":569,"ra_asunn":753,"ra_as_kpa":81.4,"ra_pt_as":680,"ra_kt_as":32,"ra_muu_as":41,"tp_tyopy":516,"tp_alku_a":28,"tp_jalo_bf":9,"tp_palv_gu":479,"tp_a_maat":28,"tp_b_kaiv":0,"tp_c_teol":3,"tp_d_ener":0,"tp_e_vesi":0,"tp_f_rake":6,"tp_g_kaup":41,"tp_h_kulj":21,"tp_i_majo":99,"tp_j_info":28,"tp_k_raho":0,"tp_l_kiin":0,"tp_m_erik":1,"tp_n_hall":13,"tp_o_julk":5,"tp_p_koul":92,"tp_q_terv":21,"tp_r_taid":42,"tp_s_muup":116,"tp_t_koti":0,"tp_u_kans":0,"tp_x_tunt":0,"pt_vakiy":1194,"pt_tyoll":533,"pt_tyott":42,"pt_0_14":180,"pt_opisk":74,"pt_elakel":336,"pt_muut":29,"city":"pohjois_lappi","pno":"99870","unemployment_rate":3.5,"higher_education_rate":33.8,"pensioner_share":28.1,"ownership_rate":66.2,"rental_rate":30.2,"population_density":0,"child_ratio":6.9,"student_share":6.2,"detached_house_share":90.3,"youth_ratio_pct":9,"gender_ratio":1.02,"single_parent_hh_pct":1,"families_with_children_pct":20.2,"tech_sector_pct":5.4,"healthcare_workers_pct":4.1,"employment_rate":44.6,"elderly_ratio_pct":26.5,"avg_household_size":2.03,"manufacturing_jobs_pct":1.7,"public_sector_jobs_pct":1,"service_sector_jobs_pct":92.8,"new_construction_pct":106.5,"foreign_language_pct":2.9,"crime_index":188.6,"property_price_sqm":null,"transit_stop_density":null,"air_quality_index":17.8,"green_space_pct":28.8,"daycare_density":0,"school_density":0,"healthcare_density":0,"restaurant_density":0,"grocery_density":0,"cycling_density":0,"single_person_hh_pct":45.7,"rental_price_sqm":null,"price_to_rent_ratio":null,"walkability_index":76,"traffic_accident_rate":2.8,"property_price_change_pct":null,"school_quality_score":null,"light_pollution":null,"noise_pollution":40,"voter_turnout_pct":53.9,"party_diversity_index":0.831,"broadband_coverage_pct":59,"ev_charging_density":0,"tree_canopy_pct":null,"transit_reachability_score":null,"sports_facility_density":0,"water_proximity_m":null,"avg_construction_year":1985,"income_history":[[2021,21367],[2022,21446],[2023,22610],[2024,23248],[2025,25506],[2026,26286]],"population_history":[[2021,1157],[2022,1125],[2023,1147],[2024,1155],[2025,1179],[2026,1194]],"unemployment_history":[[2021,3.5],[2022,3.6],[2023,4.4],[2024,3.2],[2025,3.5],[2026,3.5]],"income_change_pct":23,"population_change_pct":3.2,"unemployment_change_pct":0}},{"type":"MultiPolygon","arcs":[[[-97,-84]]],"properties":{"id":3012,"postinumeroalue":"99885","nimi":"Lemmenjoki","namn":"Lemmenjoki","euref_x":457991,"euref_y":7622123,"pinta_ala":577063578,"vuosi":2026,"kunta":"148","he_vakiy":47,"he_naiset":20,"he_miehet":27,"he_kika":55,"he_0_2":0,"he_3_6":0,"he_7_12":4,"he_13_15":1,"he_16_17":0,"he_18_19":0,"he_20_24":0,"he_25_29":2,"he_30_34":3,"he_35_39":2,"he_40_44":5,"he_45_49":0,"he_50_54":3,"he_55_59":4,"he_60_64":1,"he_65_69":5,"he_70_74":7,"he_75_79":4,"he_80_84":3,"he_85_":3,"ko_ika18y":42,"ko_perus":9,"ko_koul":33,"ko_yliop":3,"ko_ammat":18,"ko_al_kork":6,"ko_yl_kork":6,"hr_tuy":42,"hr_ktu":21506,"hr_mtu":17293,"hr_pi_tul":18,"hr_ke_tul":17,"hr_hy_tul":7,"hr_ovy":903236,"te_taly":21,"te_takk":null,"te_as_valj":-1,"te_yks":-1,"te_nuor":-1,"te_eil_np":-1,"te_laps":-1,"te_plap":-1,"te_aklap":-1,"te_klap":-1,"te_teini":-1,"te_yhlap":-1,"te_aik":-1,"te_elak":-1,"te_omis_as":null,"te_vuok_as":null,"te_muu_as":-1,"tr_kuty":21,"tr_ktu":-1,"tr_mtu":-1,"tr_pi_tul":-1,"tr_ke_tul":-1,"tr_hy_tul":-1,"tr_ovy":-1,"ra_ke":40,"ra_raky":38,"ra_muut":17,"ra_asrak":21,"ra_asunn":25,"ra_as_kpa":89.4,"ra_pt_as":21,"ra_kt_as":0,"ra_muu_as":4,"tp_tyopy":2,"tp_alku_a":-1,"tp_jalo_bf":-1,"tp_palv_gu":-1,"tp_a_maat":-1,"tp_b_kaiv":-1,"tp_c_teol":-1,"tp_d_ener":-1,"tp_e_vesi":-1,"tp_f_rake":-1,"tp_g_kaup":-1,"tp_h_kulj":-1,"tp_i_majo":-1,"tp_j_info":-1,"tp_k_raho":-1,"tp_l_kiin":-1,"tp_m_erik":-1,"tp_n_hall":-1,"tp_o_julk":-1,"tp_p_koul":-1,"tp_q_terv":-1,"tp_r_taid":-1,"tp_s_muup":-1,"tp_t_koti":-1,"tp_u_kans":-1,"tp_x_tunt":-1,"pt_vakiy":47,"pt_tyoll":19,"pt_tyott":3,"pt_0_14":5,"pt_opisk":1,"pt_elakel":19,"pt_muut":0,"city":"pohjois_lappi","pno":"99885","unemployment_rate":6.4,"higher_education_rate":28.6,"pensioner_share":40.4,"ownership_rate":null,"rental_rate":null,"population_density":0,"child_ratio":0,"student_share":2.1,"detached_house_share":84,"youth_ratio_pct":4.3,"gender_ratio":0.74,"single_parent_hh_pct":null,"families_with_children_pct":null,"tech_sector_pct":null,"healthcare_workers_pct":null,"employment_rate":40.4,"elderly_ratio_pct":46.8,"avg_household_size":2.24,"manufacturing_jobs_pct":null,"public_sector_jobs_pct":null,"service_sector_jobs_pct":null,"new_construction_pct":152,"foreign_language_pct":3.8,"crime_index":206.2,"property_price_sqm":null,"transit_stop_density":null,"air_quality_index":17.7,"green_space_pct":94.2,"daycare_density":0,"school_density":0,"healthcare_density":0,"restaurant_density":0,"grocery_density":0,"cycling_density":0,"single_person_hh_pct":null,"rental_price_sqm":null,"price_to_rent_ratio":null,"walkability_index":76,"traffic_accident_rate":null,"property_price_change_pct":null,"school_quality_score":null,"light_pollution":null,"noise_pollution":40,"voter_turnout_pct":53.9,"party_diversity_index":0.831,"broadband_coverage_pct":59,"ev_charging_density":0,"tree_canopy_pct":null,"transit_reachability_score":null,"sports_facility_density":0,"water_proximity_m":null,"avg_construction_year":1987,"income_history":[[2021,14942],[2022,15410],[2023,14111],[2024,15502],[2025,18402],[2026,17293]],"population_history":[[2021,50],[2022,53],[2023,53],[2024,53],[2025,48],[2026,47]],"unemployment_history":[[2021,4],[2022,1.9],[2023,1.9],[2024,1.9],[2025,4.2],[2026,6.4]],"income_change_pct":15.7,"population_change_pct":-6,"unemployment_change_pct":60}},{"type":"MultiPolygon","arcs":[[[-100,100,101,-90]]],"properties":{"id":3013,"postinumeroalue":"99910","nimi":"Kaamanen - Partakko","namn":"Kaamanen - Partakko","euref_x":501485,"euref_y":7678364,"pinta_ala":1786437310,"vuosi":2026,"kunta":"148","he_vakiy":152,"he_naiset":66,"he_miehet":86,"he_kika":54,"he_0_2":5,"he_3_6":4,"he_7_12":3,"he_13_15":3,"he_16_17":0,"he_18_19":1,"he_20_24":3,"he_25_29":5,"he_30_34":9,"he_35_39":11,"he_40_44":6,"he_45_49":8,"he_50_54":8,"he_55_59":10,"he_60_64":11,"he_65_69":14,"he_70_74":22,"he_75_79":16,"he_80_84":5,"he_85_":8,"ko_ika18y":137,"ko_perus":34,"ko_koul":103,"ko_yliop":7,"ko_ammat":66,"ko_al_kork":24,"ko_yl_kork":6,"hr_tuy":137,"hr_ktu":25062,"hr_mtu":21538,"hr_pi_tul":48,"hr_ke_tul":73,"hr_hy_tul":16,"hr_ovy":3433495,"te_taly":87,"te_takk":1.7,"te_as_valj":48.1,"te_yks":46,"te_nuor":4,"te_eil_np":1,"te_laps":8,"te_plap":3,"te_aklap":5,"te_klap":3,"te_teini":3,"te_yhlap":5,"te_aik":32,"te_elak":47,"te_omis_as":60,"te_vuok_as":18,"te_muu_as":9,"tr_kuty":87,"tr_ktu":37670,"tr_mtu":29238,"tr_pi_tul":32,"tr_ke_tul":48,"tr_hy_tul":7,"tr_ovy":3277285,"ra_ke":375,"ra_raky":210,"ra_muut":95,"ra_asrak":115,"ra_asunn":126,"ra_as_kpa":76.2,"ra_pt_as":113,"ra_kt_as":1,"ra_muu_as":12,"tp_tyopy":26,"tp_alku_a":0,"tp_jalo_bf":1,"tp_palv_gu":25,"tp_a_maat":0,"tp_b_kaiv":0,"tp_c_teol":0,"tp_d_ener":0,"tp_e_vesi":0,"tp_f_rake":1,"tp_g_kaup":0,"tp_h_kulj":0,"tp_i_majo":11,"tp_j_info":1,"tp_k_raho":0,"tp_l_kiin":0,"tp_m_erik":0,"tp_n_hall":3,"tp_o_julk":0,"tp_p_koul":10,"tp_q_terv":0,"tp_r_taid":0,"tp_s_muup":0,"tp_t_koti":0,"tp_u_kans":0,"tp_x_tunt":0,"pt_vakiy":152,"pt_tyoll":48,"pt_tyott":6,"pt_0_14":14,"pt_opisk":9,"pt_elakel":69,"pt_muut":6,"city":"pohjois_lappi","pno":"99910","unemployment_rate":3.9,"higher_education_rate":21.9,"pensioner_share":45.4,"ownership_rate":69,"rental_rate":20.7,"population_density":0,"child_ratio":5.9,"student_share":5.9,"detached_house_share":89.7,"youth_ratio_pct":5.9,"gender_ratio":0.77,"single_parent_hh_pct":1.1,"families_with_children_pct":9.2,"tech_sector_pct":3.8,"healthcare_workers_pct":0,"employment_rate":31.6,"elderly_ratio_pct":42.8,"avg_household_size":1.75,"manufacturing_jobs_pct":3.8,"public_sector_jobs_pct":0,"service_sector_jobs_pct":96.2,"new_construction_pct":166.7,"foreign_language_pct":3.7,"crime_index":185.1,"property_price_sqm":null,"transit_stop_density":null,"air_quality_index":18,"green_space_pct":14.8,"daycare_density":0,"school_density":0,"healthcare_density":0,"restaurant_density":0,"grocery_density":0,"cycling_density":0,"single_person_hh_pct":52.9,"rental_price_sqm":null,"price_to_rent_ratio":null,"walkability_index":76,"traffic_accident_rate":17.5,"property_price_change_pct":null,"school_quality_score":null,"light_pollution":null,"noise_pollution":40,"voter_turnout_pct":53.9,"party_diversity_index":0.831,"broadband_coverage_pct":59,"ev_charging_density":0,"tree_canopy_pct":null,"transit_reachability_score":null,"sports_facility_density":0,"water_proximity_m":null,"avg_construction_year":1988,"income_history":[[2021,16955],[2022,16189],[2023,16606],[2024,17696],[2025,17716],[2026,21538]],"population_history":[[2021,167],[2022,162],[2023,144],[2024,142],[2025,152],[2026,152]],"unemployment_history":[[2021,7.2],[2022,5.6],[2023,7.6],[2024,5.6],[2025,5.3],[2026,3.9]],"income_change_pct":27,"population_change_pct":-9,"unemployment_change_pct":-45.8}},{"type":"MultiPolygon","arcs":[[[-95,-94,102]]],"properties":{"id":3015,"postinumeroalue":"99940","nimi":"Näätämö","namn":"Näätämö","euref_x":581949,"euref_y":7714377,"pinta_ala":347045774,"vuosi":2026,"kunta":"148","he_vakiy":32,"he_naiset":16,"he_miehet":16,"he_kika":41,"he_0_2":0,"he_3_6":2,"he_7_12":2,"he_13_15":1,"he_16_17":1,"he_18_19":0,"he_20_24":3,"he_25_29":1,"he_30_34":4,"he_35_39":2,"he_40_44":3,"he_45_49":1,"he_50_54":2,"he_55_59":3,"he_60_64":2,"he_65_69":3,"he_70_74":1,"he_75_79":1,"he_80_84":0,"he_85_":0,"ko_ika18y":26,"ko_perus":null,"ko_koul":-1,"ko_yliop":-1,"ko_ammat":null,"ko_al_kork":null,"ko_yl_kork":null,"hr_tuy":26,"hr_ktu":null,"hr_mtu":null,"hr_pi_tul":-1,"hr_ke_tul":-1,"hr_hy_tul":-1,"hr_ovy":-1,"te_taly":13,"te_takk":null,"te_as_valj":-1,"te_yks":-1,"te_nuor":-1,"te_eil_np":-1,"te_laps":-1,"te_plap":-1,"te_aklap":-1,"te_klap":-1,"te_teini":-1,"te_yhlap":-1,"te_aik":-1,"te_elak":-1,"te_omis_as":null,"te_vuok_as":null,"te_muu_as":-1,"tr_kuty":13,"tr_ktu":-1,"tr_mtu":-1,"tr_pi_tul":-1,"tr_ke_tul":-1,"tr_hy_tul":-1,"tr_ovy":-1,"ra_ke":7,"ra_raky":18,"ra_muut":10,"ra_asrak":8,"ra_asunn":22,"ra_as_kpa":80.9,"ra_pt_as":15,"ra_kt_as":0,"ra_muu_as":7,"tp_tyopy":39,"tp_alku_a":0,"tp_jalo_bf":5,"tp_palv_gu":34,"tp_a_maat":0,"tp_b_kaiv":0,"tp_c_teol":5,"tp_d_ener":0,"tp_e_vesi":0,"tp_f_rake":0,"tp_g_kaup":21,"tp_h_kulj":0,"tp_i_majo":0,"tp_j_info":0,"tp_k_raho":0,"tp_l_kiin":0,"tp_m_erik":0,"tp_n_hall":0,"tp_o_julk":0,"tp_p_koul":8,"tp_q_terv":2,"tp_r_taid":0,"tp_s_muup":3,"tp_t_koti":0,"tp_u_kans":0,"tp_x_tunt":0,"pt_vakiy":32,"pt_tyoll":17,"pt_tyott":1,"pt_0_14":4,"pt_opisk":3,"pt_elakel":5,"pt_muut":2,"city":"pohjois_lappi","pno":"99940","unemployment_rate":3.1,"higher_education_rate":null,"pensioner_share":15.6,"ownership_rate":null,"rental_rate":null,"population_density":0,"child_ratio":6.2,"student_share":9.4,"detached_house_share":68.2,"youth_ratio_pct":12.5,"gender_ratio":1,"single_parent_hh_pct":null,"families_with_children_pct":null,"tech_sector_pct":0,"healthcare_workers_pct":5.1,"employment_rate":53.1,"elderly_ratio_pct":15.6,"avg_household_size":2.46,"manufacturing_jobs_pct":12.8,"public_sector_jobs_pct":0,"service_sector_jobs_pct":87.2,"new_construction_pct":81.8,"foreign_language_pct":3.7,"crime_index":189.4,"property_price_sqm":null,"transit_stop_density":null,"air_quality_index":18.7,"green_space_pct":59.8,"daycare_density":0,"school_density":0,"healthcare_density":0,"restaurant_density":0,"grocery_density":0,"cycling_density":0,"single_person_hh_pct":null,"rental_price_sqm":null,"price_to_rent_ratio":null,"walkability_index":76,"traffic_accident_rate":null,"property_price_change_pct":null,"school_quality_score":null,"light_pollution":null,"noise_pollution":40,"voter_turnout_pct":53.9,"party_diversity_index":0.831,"broadband_coverage_pct":59,"ev_charging_density":0,"tree_canopy_pct":null,"transit_reachability_score":null,"sports_facility_density":0,"water_proximity_m":null,"avg_construction_year":1984,"income_history":null,"population_history":[[2021,27],[2022,27],[2023,29],[2024,28],[2025,31],[2026,32]],"unemployment_history":[[2025,3.2],[2026,3.1]],"income_change_pct":null,"population_change_pct":18.5,"unemployment_change_pct":-3.1}},{"type":"MultiPolygon","arcs":[[[103,104,-101,-99]]],"properties":{"id":3016,"postinumeroalue":"99950","nimi":"Karigasniemi","namn":"Karigasniemi","euref_x":471619,"euref_y":7700224,"pinta_ala":1800546787,"vuosi":2026,"kunta":"890","he_vakiy":274,"he_naiset":122,"he_miehet":152,"he_kika":49,"he_0_2":3,"he_3_6":8,"he_7_12":19,"he_13_15":8,"he_16_17":7,"he_18_19":7,"he_20_24":5,"he_25_29":10,"he_30_34":10,"he_35_39":18,"he_40_44":19,"he_45_49":12,"he_50_54":21,"he_55_59":15,"he_60_64":36,"he_65_69":17,"he_70_74":22,"he_75_79":18,"he_80_84":6,"he_85_":13,"ko_ika18y":229,"ko_perus":65,"ko_koul":164,"ko_yliop":13,"ko_ammat":98,"ko_al_kork":40,"ko_yl_kork":13,"hr_tuy":229,"hr_ktu":26977,"hr_mtu":25625,"hr_pi_tul":43,"hr_ke_tul":149,"hr_hy_tul":37,"hr_ovy":6177693,"te_taly":148,"te_takk":1.8,"te_as_valj":52.3,"te_yks":80,"te_nuor":7,"te_eil_np":3,"te_laps":23,"te_plap":3,"te_aklap":7,"te_klap":14,"te_teini":11,"te_yhlap":5,"te_aik":66,"te_elak":60,"te_omis_as":99,"te_vuok_as":36,"te_muu_as":13,"tr_kuty":148,"tr_ktu":41171,"tr_mtu":35358,"tr_pi_tul":37,"tr_ke_tul":95,"tr_hy_tul":16,"tr_ovy":6093313,"ra_ke":233,"ra_raky":212,"ra_muut":46,"ra_asrak":166,"ra_asunn":199,"ra_as_kpa":89,"ra_pt_as":191,"ra_kt_as":5,"ra_muu_as":3,"tp_tyopy":72,"tp_alku_a":2,"tp_jalo_bf":3,"tp_palv_gu":67,"tp_a_maat":2,"tp_b_kaiv":0,"tp_c_teol":2,"tp_d_ener":0,"tp_e_vesi":0,"tp_f_rake":1,"tp_g_kaup":21,"tp_h_kulj":3,"tp_i_majo":10,"tp_j_info":0,"tp_k_raho":0,"tp_l_kiin":0,"tp_m_erik":0,"tp_n_hall":2,"tp_o_julk":5,"tp_p_koul":18,"tp_q_terv":5,"tp_r_taid":1,"tp_s_muup":2,"tp_t_koti":0,"tp_u_kans":0,"tp_x_tunt":0,"pt_vakiy":274,"pt_tyoll":123,"pt_tyott":8,"pt_0_14":36,"pt_opisk":15,"pt_elakel":84,"pt_muut":8,"city":"pohjois_lappi","pno":"99950","unemployment_rate":2.9,"higher_education_rate":23.1,"pensioner_share":30.7,"ownership_rate":66.9,"rental_rate":24.3,"population_density":0,"child_ratio":4,"student_share":5.5,"detached_house_share":96,"youth_ratio_pct":8,"gender_ratio":0.8,"single_parent_hh_pct":2,"families_with_children_pct":15.5,"tech_sector_pct":0,"healthcare_workers_pct":6.9,"employment_rate":44.9,"elderly_ratio_pct":27.7,"avg_household_size":1.85,"manufacturing_jobs_pct":4.2,"public_sector_jobs_pct":6.9,"service_sector_jobs_pct":93.1,"new_construction_pct":106.5,"foreign_language_pct":5.2,"crime_index":81.2,"property_price_sqm":null,"transit_stop_density":null,"air_quality_index":18.2,"green_space_pct":50.8,"daycare_density":0,"school_density":0,"healthcare_density":0,"restaurant_density":0,"grocery_density":0,"cycling_density":0,"single_person_hh_pct":54.1,"rental_price_sqm":null,"price_to_rent_ratio":null,"walkability_index":76,"traffic_accident_rate":6.1,"property_price_change_pct":null,"school_quality_score":null,"light_pollution":null,"noise_pollution":40,"voter_turnout_pct":75.3,"party_diversity_index":0.945,"broadband_coverage_pct":26,"ev_charging_density":0,"tree_canopy_pct":null,"transit_reachability_score":null,"sports_facility_density":0,"water_proximity_m":null,"avg_construction_year":1982,"income_history":[[2021,21981],[2022,20999],[2023,21983],[2024,22495],[2025,23097],[2026,25625]],"population_history":[[2021,289],[2022,286],[2023,287],[2024,294],[2025,285],[2026,274]],"unemployment_history":[[2021,3.5],[2022,2.8],[2023,6.3],[2024,5.1],[2025,4.6],[2026,2.9]],"income_change_pct":16.6,"population_change_pct":-5.2,"unemployment_change_pct":-17.1}},{"type":"MultiPolygon","arcs":[[[105,-91,-102,-105,106]]],"properties":{"id":3017,"postinumeroalue":"99980","nimi":"Utsjoki Keskus","namn":"Utsjoki centrum","euref_x":497850,"euref_y":7729733,"pinta_ala":2858974855,"vuosi":2026,"kunta":"890","he_vakiy":639,"he_naiset":312,"he_miehet":327,"he_kika":50,"he_0_2":16,"he_3_6":19,"he_7_12":20,"he_13_15":18,"he_16_17":14,"he_18_19":19,"he_20_24":23,"he_25_29":21,"he_30_34":30,"he_35_39":32,"he_40_44":43,"he_45_49":33,"he_50_54":37,"he_55_59":49,"he_60_64":41,"he_65_69":57,"he_70_74":54,"he_75_79":59,"he_80_84":34,"he_85_":20,"ko_ika18y":552,"ko_perus":149,"ko_koul":403,"ko_yliop":32,"ko_ammat":201,"ko_al_kork":97,"ko_yl_kork":73,"hr_tuy":552,"hr_ktu":27667,"hr_mtu":24927,"hr_pi_tul":111,"hr_ke_tul":347,"hr_hy_tul":94,"hr_ovy":15272105,"te_taly":337,"te_takk":1.9,"te_as_valj":47,"te_yks":172,"te_nuor":14,"te_eil_np":3,"te_laps":45,"te_plap":13,"te_aklap":20,"te_klap":16,"te_teini":21,"te_yhlap":11,"te_aik":136,"te_elak":161,"te_omis_as":214,"te_vuok_as":107,"te_muu_as":16,"tr_kuty":337,"tr_ktu":45046,"tr_mtu":37347,"tr_pi_tul":91,"tr_ke_tul":191,"tr_hy_tul":55,"tr_ovy":15180452,"ra_ke":656,"ra_raky":451,"ra_muut":114,"ra_asrak":337,"ra_asunn":453,"ra_as_kpa":83,"ra_pt_as":416,"ra_kt_as":3,"ra_muu_as":34,"tp_tyopy":238,"tp_alku_a":15,"tp_jalo_bf":13,"tp_palv_gu":210,"tp_a_maat":15,"tp_b_kaiv":0,"tp_c_teol":2,"tp_d_ener":0,"tp_e_vesi":0,"tp_f_rake":11,"tp_g_kaup":7,"tp_h_kulj":5,"tp_i_majo":12,"tp_j_info":2,"tp_k_raho":2,"tp_l_kiin":2,"tp_m_erik":12,"tp_n_hall":19,"tp_o_julk":35,"tp_p_koul":24,"tp_q_terv":76,"tp_r_taid":8,"tp_s_muup":6,"tp_t_koti":0,"tp_u_kans":0,"tp_x_tunt":0,"pt_vakiy":639,"pt_tyoll":252,"pt_tyott":21,"pt_0_14":68,"pt_opisk":39,"pt_elakel":229,"pt_muut":30,"city":"pohjois_lappi","pno":"99980","unemployment_rate":3.3,"higher_education_rate":30.8,"pensioner_share":35.8,"ownership_rate":63.5,"rental_rate":31.8,"population_density":0,"child_ratio":5.5,"student_share":6.1,"detached_house_share":91.8,"youth_ratio_pct":9.9,"gender_ratio":0.95,"single_parent_hh_pct":0.9,"families_with_children_pct":13.4,"tech_sector_pct":0.8,"healthcare_workers_pct":31.9,"employment_rate":39.4,"elderly_ratio_pct":35.1,"avg_household_size":1.9,"manufacturing_jobs_pct":5.5,"public_sector_jobs_pct":14.7,"service_sector_jobs_pct":88.2,"new_construction_pct":99.6,"foreign_language_pct":3.1,"crime_index":84.1,"property_price_sqm":null,"transit_stop_density":null,"air_quality_index":19.4,"green_space_pct":80.6,"daycare_density":0,"school_density":0,"healthcare_density":0,"restaurant_density":0,"grocery_density":0,"cycling_density":0,"single_person_hh_pct":51,"rental_price_sqm":null,"price_to_rent_ratio":null,"walkability_index":76,"traffic_accident_rate":3.1,"property_price_change_pct":null,"school_quality_score":66.5,"light_pollution":null,"noise_pollution":40,"voter_turnout_pct":75.3,"party_diversity_index":0.945,"broadband_coverage_pct":26,"ev_charging_density":0,"tree_canopy_pct":null,"transit_reachability_score":null,"sports_facility_density":0,"water_proximity_m":null,"avg_construction_year":1982,"income_history":[[2021,20708],[2022,20799],[2023,21733],[2024,22125],[2025,24005],[2026,24927]],"population_history":[[2021,675],[2022,685],[2023,671],[2024,667],[2025,633],[2026,639]],"unemployment_history":[[2021,3.4],[2022,2.8],[2023,3.6],[2024,3.4],[2025,2.8],[2026,3.3]],"income_change_pct":20.4,"population_change_pct":-5.3,"unemployment_change_pct":-2.9}},{"type":"MultiPolygon","arcs":[[[-106,107,-92]]],"properties":{"id":3018,"postinumeroalue":"99990","nimi":"Nuorgam","namn":"Nuorgam","euref_x":539074,"euref_y":7750572,"pinta_ala":774353149,"vuosi":2026,"kunta":"890","he_vakiy":179,"he_naiset":81,"he_miehet":98,"he_kika":48,"he_0_2":3,"he_3_6":7,"he_7_12":14,"he_13_15":4,"he_16_17":0,"he_18_19":3,"he_20_24":6,"he_25_29":6,"he_30_34":8,"he_35_39":20,"he_40_44":12,"he_45_49":12,"he_50_54":9,"he_55_59":8,"he_60_64":11,"he_65_69":17,"he_70_74":14,"he_75_79":13,"he_80_84":5,"he_85_":7,"ko_ika18y":151,"ko_perus":43,"ko_koul":108,"ko_yliop":10,"ko_ammat":56,"ko_al_kork":27,"ko_yl_kork":15,"hr_tuy":151,"hr_ktu":28947,"hr_mtu":26765,"hr_pi_tul":32,"hr_ke_tul":90,"hr_hy_tul":29,"hr_ovy":4371024,"te_taly":87,"te_takk":2,"te_as_valj":45.8,"te_yks":37,"te_nuor":4,"te_eil_np":2,"te_laps":18,"te_plap":3,"te_aklap":6,"te_klap":10,"te_teini":3,"te_yhlap":2,"te_aik":33,"te_elak":39,"te_omis_as":58,"te_vuok_as":23,"te_muu_as":6,"tr_kuty":87,"tr_ktu":50074,"tr_mtu":47448,"tr_pi_tul":19,"tr_ke_tul":51,"tr_hy_tul":17,"tr_ovy":4356468,"ra_ke":128,"ra_raky":136,"ra_muut":40,"ra_asrak":96,"ra_asunn":127,"ra_as_kpa":90.6,"ra_pt_as":108,"ra_kt_as":0,"ra_muu_as":19,"tp_tyopy":51,"tp_alku_a":1,"tp_jalo_bf":2,"tp_palv_gu":48,"tp_a_maat":1,"tp_b_kaiv":0,"tp_c_teol":1,"tp_d_ener":0,"tp_e_vesi":0,"tp_f_rake":1,"tp_g_kaup":30,"tp_h_kulj":0,"tp_i_majo":9,"tp_j_info":0,"tp_k_raho":0,"tp_l_kiin":0,"tp_m_erik":0,"tp_n_hall":0,"tp_o_julk":0,"tp_p_koul":8,"tp_q_terv":1,"tp_r_taid":0,"tp_s_muup":0,"tp_t_koti":0,"tp_u_kans":0,"tp_x_tunt":0,"pt_vakiy":179,"pt_tyoll":78,"pt_tyott":8,"pt_0_14":28,"pt_opisk":4,"pt_elakel":57,"pt_muut":4,"city":"pohjois_lappi","pno":"99990","unemployment_rate":4.5,"higher_education_rate":27.8,"pensioner_share":31.8,"ownership_rate":66.7,"rental_rate":26.4,"population_density":0,"child_ratio":5.6,"student_share":2.2,"detached_house_share":85,"youth_ratio_pct":8.4,"gender_ratio":0.83,"single_parent_hh_pct":2.3,"families_with_children_pct":20.7,"tech_sector_pct":0,"healthcare_workers_pct":2,"employment_rate":43.6,"elderly_ratio_pct":31.3,"avg_household_size":2.06,"manufacturing_jobs_pct":3.9,"public_sector_jobs_pct":0,"service_sector_jobs_pct":94.1,"new_construction_pct":107.1,"foreign_language_pct":7,"crime_index":85.4,"property_price_sqm":null,"transit_stop_density":null,"air_quality_index":20,"green_space_pct":77.3,"daycare_density":0,"school_density":0,"healthcare_density":0,"restaurant_density":0,"grocery_density":0,"cycling_density":0,"single_person_hh_pct":42.5,"rental_price_sqm":null,"price_to_rent_ratio":null,"walkability_index":76,"traffic_accident_rate":1.9,"property_price_change_pct":null,"school_quality_score":null,"light_pollution":null,"noise_pollution":40,"voter_turnout_pct":75.3,"party_diversity_index":0.945,"broadband_coverage_pct":26,"ev_charging_density":0,"tree_canopy_pct":null,"transit_reachability_score":null,"sports_facility_density":0,"water_proximity_m":null,"avg_construction_year":1982,"income_history":[[2021,22456],[2022,21599],[2023,22821],[2024,23808],[2025,22104],[2026,26765]],"population_history":[[2021,210],[2022,201],[2023,184],[2024,183],[2025,178],[2026,179]],"unemployment_history":[[2021,2.9],[2022,4.5],[2023,2.2],[2024,2.2],[2025,5.6],[2026,4.5]],"income_change_pct":19.2,"population_change_pct":-14.8,"unemployment_change_pct":55.2}}]}},"arcs":[[[26.138733461026117,67.14342429140935],[26.138040815102976,67.14862189519793],[26.127020027779913,67.16657732116413],[26.077588527386443,67.19800815531339]],[[26.077588527386443,67.19800815531339],[26.216708364470975,67.20610039145029],[26.324269673402792,67.21925346522637]],[[26.324269673402792,67.21925346522637],[26.33626932404802,67.19444354893176],[26.34879018158197,67.17879160577533],[26.34895222600081,67.1786145796365],[26.391424571531196,67.15197116835736]],[[26.391424571531196,67.15197116835736],[26.377193958790116,67.15024778302893],[26.297504429579394,67.13489889292332],[26.257432674601677,67.12865328926995],[26.239611595742428,67.13671207091248],[26.221226314830233,67.14438711739972],[26.20611902784533,67.14528929406598],[26.138733461026117,67.14342429140935]],[[26.592574744773987,67.00689207478916],[26.583888924547892,67.02515190956194],[26.472288388933762,67.06795044032671],[26.448832251770973,67.13089781084906]],[[26.448832251770973,67.13089781084906],[26.502848133329707,67.14294402140018],[26.523971319666796,67.14016990640819],[26.55387631075982,67.1351623047962],[26.567910997935932,67.13186620371553],[26.587823513259032,67.12779351678753],[26.63395425690371,67.12553534083554],[26.741586231507405,67.1232080908307]],[[26.741586231507405,67.1232080908307],[26.799444560644073,67.10630170119471],[26.81924377603081,67.08600635134326]],[[26.81924377603081,67.08600635134326],[26.81945157653878,67.08560162066145],[26.826403546046063,67.06159705070186],[26.80511837486401,66.98971897806558],[26.649404034503284,67.002330561846],[26.592574744773987,67.00689207478916]],[[25.59437501895845,67.1245214287162],[25.58868576593552,67.14142133076717],[25.594397499206412,67.16032006174497],[25.619803425711275,67.17881984998672]],[[25.619803425711275,67.17881984998672],[25.62187093015631,67.1792614820667],[25.62199063283628,67.17932484051144],[25.661011834889642,67.18283677667486]],[[25.661011834889642,67.18283677667486],[25.69793289936012,67.16709119493196],[25.752777119436583,67.17425640051796],[25.78169013689048,67.19010938191258],[25.779046771912004,67.20407949605769]],[[25.779046771912004,67.20407949605769],[25.84103523054106,67.21140636613383],[25.950732841122495,67.1978691261322]],[[25.950732841122495,67.1978691261322],[25.96874407760684,67.12596355728212],[25.922604310903854,67.11412834409141],[25.851028854177617,67.09571938466294],[25.801436441808434,67.1144579108058],[25.743838756443637,67.12807322033616],[25.59437501895845,67.1245214287162]],[[25.491250108557836,67.1095746012034],[25.530297366501287,67.14136116278884],[25.54199921050042,67.1508690511692],[25.549383436961815,67.16050285947067],[25.533278523896254,67.16917237963479],[25.514331429352875,67.17624218667056],[25.51250792172736,67.18110603556526],[25.50920760452461,67.1866584231869],[25.511133375422105,67.18737350617897],[25.535029672346678,67.19067242487314],[25.606569038276394,67.17912612481882],[25.619803425711275,67.17881984998672]],[[25.59437501895845,67.1245214287162],[25.491250108557836,67.1095746012034]],[[25.652125352589383,67.36559473067206],[25.70556437086196,67.33661433226101],[25.73566115933428,67.31953328067782]],[[25.73566115933428,67.31953328067782],[25.731226847895194,67.31134357860722],[25.674371138778618,67.2598908380766],[25.702678235103875,67.25401494229905]],[[25.702678235103875,67.25401494229905],[25.691348745247538,67.22982219725057],[25.67595628646157,67.21633040309717],[25.665154303164492,67.2128530343176],[25.66111185748969,67.20601914265218],[25.661011834889642,67.18283677667486]],[[25.491250108557836,67.1095746012034],[25.482415308556142,67.10857017420595],[25.423379152075224,67.12694449832753],[25.364047573654116,67.1418160960057],[25.352577099592555,67.14411348802872],[25.351580013259053,67.15120491267777],[25.351351664091215,67.15282836023343],[25.341461494783843,67.22292386985333],[25.46341558912109,67.27920417417913],[25.652125352589383,67.36559473067206]],[[26.391424571531196,67.15197116835736],[26.409753134074464,67.14426404211598],[26.442960515452498,67.13135519550451],[26.448832251770973,67.13089781084906]],[[26.592574744773987,67.00689207478916],[26.582524735395708,67.0053960723365],[26.376688405315203,66.98198967477494],[26.354918475038875,66.97866973796835],[26.338214927471412,66.97488844340877],[26.331568182723007,66.97338296070816],[26.328286385871966,66.96854013158882],[26.32881226857749,66.96090706894859],[26.325478314704785,66.96079853433461],[26.306876357552007,66.96178198539114],[26.2977014291864,66.9675560733689],[26.301217742635057,66.97119546913038],[26.29152895065083,66.97306632246239],[26.222462049349105,66.98873369119569],[26.10871815959229,67.05473829366812],[26.138733461026117,67.14342429140935]],[[26.324269673402792,67.21925346522637],[26.327748677641388,67.2242559205798],[26.36440715494018,67.24365333665519],[26.366427230582648,67.25002753647553],[26.36944824542344,67.30767767615785],[26.414034795196812,67.33610301118507]],[[26.414034795196812,67.33610301118507],[26.450614028426163,67.33044658914397],[26.485105723021032,67.32411110771702]],[[26.485105723021032,67.32411110771702],[26.53480841078601,67.30523833130036],[26.56246523609022,67.29356816963606],[26.592391848601473,67.27881830301779],[26.61351573788325,67.26401821318186],[26.620562574890464,67.25794857002514],[26.62896488808558,67.253737048016],[26.69292881292321,67.21113584757548],[26.695703714830277,67.20978025733595],[26.70002260752285,67.20791502044652],[26.714258012757014,67.20198465340357],[26.715743254154305,67.2014004074692]],[[26.715743254154305,67.2014004074692],[26.758069774848128,67.19084258629186],[26.83745875870818,67.14783914392274],[26.741586231507405,67.1232080908307]],[[26.485105723021032,67.32411110771702],[26.5617660249241,67.33060819178704],[26.601966184624512,67.32888790528341],[26.64988342748178,67.32682393640427],[26.678154481274394,67.32247271814488]],[[26.678154481274394,67.32247271814488],[26.726641714190446,67.3119946126827],[26.744985659336386,67.30819786852807],[26.78141837337524,67.29793335190269],[26.85650898092403,67.28538506800389],[26.885313349635897,67.28102426039261],[26.93517988880105,67.27669619900958]],[[26.93517988880105,67.27669619900958],[26.891802173012422,67.2405630154623],[26.88868096430068,67.23436925115686],[26.89359666197451,67.22523158960381],[26.898220648768728,67.21783393614186],[26.89480376679586,67.2160733436306],[26.854890553587172,67.21919390490083],[26.853583387774584,67.22426349718197],[26.839216013990477,67.22940321138782],[26.820675708066883,67.22892982195611],[26.772106000317546,67.2192829178895],[26.715743254154305,67.2014004074692]],[[26.93517988880105,67.27669619900958],[27.000013267369283,67.28123233593875]],[[27.000013267369283,67.28123233593875],[27.052961524712423,67.23356833314683],[27.03140165108125,67.22279354764134],[27.023969381675386,67.20914866631537],[27.04705606646933,67.15425493310221],[27.082789289082676,67.12597326099313],[26.94256539230854,67.13883205636262],[26.870102592905354,67.12973151356822],[26.81924377603081,67.08600635134326]],[[26.678154481274394,67.32247271814488],[26.68265546171051,67.33264239781897],[26.663518305929387,67.33829246010589],[26.650072171578465,67.34220228783553],[26.642278312346185,67.34734896112367],[26.643125023356895,67.35146437451935],[26.63546998453589,67.35860953023747],[26.64489090413871,67.36363883477549],[26.709478821173057,67.36869313177345],[26.75060187073362,67.3724257901392],[26.767691555615556,67.37672988268294],[26.820625843412646,67.38357519615518],[26.837695764260395,67.40195569190726],[26.87479008590169,67.41455580734778]],[[26.87479008590169,67.41455580734778],[27.125068142116188,67.37820282980036]],[[27.125068142116188,67.37820282980036],[27.135831322742575,67.36049377466803],[27.135934866738282,67.35315523075573],[27.136019415733017,67.3471595719904],[27.107365188800067,67.33145883443146],[27.094139586743722,67.32341955511666],[27.0812628290725,67.31920229064997],[27.057944734402376,67.31155897598632],[27.027697434086285,67.2996272946264],[27.000013267369283,67.28123233593875]],[[26.73912965001577,67.54836986468214],[26.667334749982384,67.51905378259555],[26.659801513774276,67.5105206301927],[26.646624807495858,67.49017860779963],[26.61587638477993,67.47865160024253],[26.596371524962766,67.47755195064761],[26.55386143845895,67.4832001945524],[26.54422282237709,67.4886965377896],[26.54447559140646,67.4911213099847],[26.541645951973575,67.49964695222947],[26.536220463433512,67.50373389742876],[26.53041487624321,67.5087361864786],[26.514957518093233,67.51624346810152],[26.508410119947712,67.51949708536023],[26.50045995743438,67.528911998721],[26.493582016571693,67.53813956469247]],[[26.493582016571693,67.53813956469247],[26.499019157944108,67.5393397602095],[26.50528793990274,67.54036610085947],[26.61021163606678,67.53624166779252],[26.618068606837866,67.55501509763592],[26.618530451999476,67.55531970990988]],[[26.618530451999476,67.55531970990988],[26.635911902887692,67.55468870013156],[26.672451749722956,67.54443770077513],[26.676333412835554,67.54550698368787],[26.68116182505898,67.54783068014012],[26.681568787163744,67.54805781068889],[26.689448259872265,67.5539229450325],[26.73912965001577,67.54836986468214]],[[27.050626472351077,67.8785806594639],[27.138853357307305,67.73922089836363],[27.12603997963856,67.69265081221225],[27.07437243382716,67.65457111681594],[27.06594847657034,67.6265203681359],[26.90902301159798,67.61062840521842],[26.820255207858843,67.58854404108227],[26.858838336441366,67.54624363016394]],[[26.858838336441366,67.54624363016394],[26.833444311143463,67.53403899814889],[26.82759862290155,67.52936972427871],[26.814778940687376,67.51896526112557],[26.813994268416096,67.51830579707756],[26.809645100209867,67.51461638428559]],[[26.809645100209867,67.51461638428559],[26.808924599459953,67.51444849312536],[26.777795297698965,67.48457257950315],[26.79798931634861,67.44431636863654],[26.87479008590169,67.41455580734778]],[[26.414034795196812,67.33610301118507],[26.413699105669835,67.33702115639468],[26.409663466528357,67.34074835750316],[26.403894783116307,67.3446317929477]],[[26.403894783116307,67.3446317929477],[26.404733752781418,67.35778248728295],[26.326160054237164,67.42430095272013],[26.36149259556685,67.47038374363503],[26.365200404469796,67.48985485576212],[26.31421750452086,67.49721330530444],[26.251396248655155,67.49907115816376]],[[26.251396248655155,67.49907115816376],[26.218632077741482,67.51916276900998],[26.19210383171784,67.5519287426449]],[[26.19210383171784,67.5519287426449],[26.29587727999138,67.56862063166786],[26.37870974649223,67.56189763832876],[26.43794837983023,67.55183946442047],[26.493582016571693,67.53813956469247]],[[26.73912965001577,67.54836986468214],[26.759907857672925,67.57167731638583],[26.76486684778371,67.59650377353893],[26.782549791579946,67.61193767338366],[26.758082821506346,67.61007662532013],[26.741586624253898,67.59883837961586]],[[26.741586624253898,67.59883837961586],[26.715538661681396,67.60641106941546],[26.693376524145517,67.64789520017032]],[[26.693376524145517,67.64789520017032],[26.72608644423429,67.66162119222301],[26.765769045151714,67.63642234699282],[26.970010645331854,67.68846218815057],[26.96410989381219,67.7163658077649],[26.767499968477907,67.74281966765399],[26.649226155324634,67.78953790602587],[26.62053691446228,67.79407978690426],[26.601163091872383,67.79415224910731],[26.317551223068683,67.789253985098]],[[26.317551223068683,67.789253985098],[26.305633836887424,67.79283171698465],[26.29009693386109,67.79822804151432],[26.18264996783718,67.83871598845198]],[[26.18264996783718,67.83871598845198],[26.05814268697224,67.94922987228982],[25.90045661282998,68.05752180891209],[25.893078674697485,68.12883261889915],[25.974914491132573,68.14860041370487],[26.25238211754131,68.18428392816081]],[[26.25238211754131,68.18428392816081],[26.88395642240444,68.07983504404648],[27.07047373960476,68.04733204056342],[27.072857984243736,67.93436587569951],[27.050626472351077,67.8785806594639]],[[26.809645100209867,67.51461638428559],[26.88695170833709,67.46882978486016],[26.890297769356636,67.46728173779466],[26.890460263315344,67.46720302829037],[26.893086347095913,67.46570791196412],[26.896495417111584,67.46350486379389],[26.898621875288544,67.4620440261016],[26.87479008590169,67.41455580734778]],[[27.23359283264297,67.53414173245264],[27.256625752294497,67.52052136549712],[27.28810520544399,67.47511009725669],[27.31709748394051,67.43312737380127],[27.229339750531867,67.42373644185305],[27.224584647360725,67.42322602510505],[27.20078723026117,67.42066915658559],[27.125068142116188,67.37820282980036]],[[26.858838336441366,67.54624363016394],[26.927300855507557,67.53600174143023],[27.015890140778108,67.55983728502831],[27.23359283264297,67.53414173245264]],[[28.27811141084658,68.06317479564768],[28.106873422874315,67.8747878271341],[28.106871935789297,67.87478617580149],[28.11915171864514,67.86741217848656],[28.164734396351484,67.83998153605663],[28.283687583815688,67.78434642020812],[28.283687548834983,67.78434634422779],[28.283701662255766,67.78433972304269],[28.247359925985293,67.73550322209124],[28.244547987114537,67.73171560872373],[28.24279687088231,67.72935625237224],[28.23790779698348,67.72276635174656],[28.23790381153803,67.72276097957584],[28.202128855490685,67.69775916022452],[28.060804097541038,67.68771940437823],[28.01312315623031,67.68501021151663],[27.830697621276165,67.67331670190447],[27.795582778037105,67.6710410316477],[27.790727851442604,67.67050729782265],[27.66475115338295,67.66389633004322],[27.571822840400063,67.67108843785302],[27.527316020205276,67.68002071082803]],[[27.527316020205276,67.68002071082803],[27.458474885583023,67.7781570393399],[27.333023919964205,67.8697273009673]],[[27.333023919964205,67.8697273009673],[27.448128718244785,67.90456581134124],[27.451462679507912,67.90973342842265],[27.685868436910205,67.99013431154529],[27.883772207933315,68.01939078954078],[28.057231724016564,68.0706417034569],[28.27811141084658,68.06317479564768]],[[26.741586624253898,67.59883837961586],[26.63698113730599,67.60312666938992],[26.612603550992656,67.59332165272596],[26.6143704148795,67.57123378633368],[26.618530451999476,67.55531970990988]],[[26.19210383171784,67.5519287426449],[25.9986930497437,67.60300320233571],[25.896257959394216,67.61258306377881],[25.840446253803368,67.60802123700134]],[[25.840446253803368,67.60802123700134],[25.867295707690687,67.64852901231811],[25.809916258465634,67.65822299569194],[25.813081829065048,67.6632787933381],[25.797684722947203,67.70399741125316],[25.792421116403883,67.71958819215399],[25.873857217391993,67.7437614427641],[26.165135426721104,67.82948813699842],[26.166163309963515,67.8297886307173],[26.18264996783718,67.83871598845198]],[[26.317551223068683,67.789253985098],[26.330496536079266,67.7824081332947],[26.407693535665206,67.74147929699016],[26.45490902631668,67.7169722892642],[26.473583200792195,67.70818524310359],[26.693376524145517,67.64789520017032]],[[27.050626472351077,67.8785806594639],[27.051175107332256,67.87868801428485],[27.197293148136914,67.87421420781648],[27.333023919964205,67.8697273009673]],[[27.527316020205276,67.68002071082803],[27.525195283743383,67.67968965414103],[27.260308885212204,67.53908372524464],[27.23359283264297,67.53414173245264]],[[27.940252559086968,68.35707845189887],[28.155152629442,68.30929836952015],[28.420296303551677,68.2171675913138]],[[28.420296303551677,68.2171675913138],[28.420222922924893,68.21707087089361],[28.27811141084658,68.06317479564768]],[[26.25238211754131,68.18428392816081],[26.376970436841106,68.23295396675566]],[[26.376970436841106,68.23295396675566],[26.37702625567118,68.23298290873754],[26.56815503291191,68.33154870142567],[26.568161045957922,68.33154951076148],[26.56822269867764,68.33158113771316],[26.88076998326699,68.37327425112902]],[[26.88076998326699,68.37327425112902],[26.88077923937346,68.3732649443943],[26.880820885633575,68.37322307304603],[27.086563038480445,68.33522529570064],[27.115474226887624,68.3298552493479],[27.33153733654945,68.30686827985663],[27.488083908349775,68.3361478495413],[27.545715907947972,68.3566033360033],[27.940252559086968,68.35707845189887]],[[27.16495816293271,68.20198189612807],[27.116393956269068,68.19718936053664],[27.088326850551613,68.19736676233605],[27.088759520048388,68.18105972407136],[27.09915888772552,68.15627569297416],[27.11563745088812,68.1564318732844],[27.243075929579604,68.15660526962672],[27.282920657344604,68.166140645],[27.16495816293271,68.20198189612807]],[[26.403894783116307,67.3446317929477],[26.33017188404269,67.35867311987093],[26.14902272117917,67.3763331819333],[26.131316231247414,67.37967407497597],[26.12468595791315,67.38109682065203],[25.99790570099387,67.37266204636983],[25.980931395496476,67.37369364790855],[25.96831245995553,67.37450574846801],[25.95960084848086,67.37531662715226],[25.95681902984441,67.3758036395148],[25.89193217467218,67.39050257080441],[25.88859786432955,67.39188937519292],[25.78207516104892,67.43822066041935]],[[25.78207516104892,67.43822066041935],[25.788584422499135,67.44130984080802]],[[25.788584422499135,67.44130984080802],[25.855600604637786,67.45018912675697],[25.923789127149792,67.45195876349561],[25.949091444957762,67.45231143929863],[25.949634409406855,67.45243534558396],[25.97670976214007,67.45580570607498],[26.035285211137072,67.47541660398957],[26.059958543600995,67.48638921082566],[26.138584610642024,67.4881875137612],[26.251396248655155,67.49907115816376]],[[26.077588527386443,67.19800815531339],[26.006588759555033,67.21277945579128]],[[26.006588759555033,67.21277945579128],[26.063455028453387,67.25641227269922],[26.06307027435285,67.25834387389366],[26.033496672933396,67.27998300437389],[26.012110531820536,67.30373742698045],[26.00959086467341,67.30442525337178],[26.00280457622767,67.30681548355084],[25.99890098689467,67.30709564002889],[25.99478349317049,67.3074366449853],[25.984744877187754,67.30832205558383],[25.96725345671704,67.31017217490826],[25.952054361107354,67.31300922775873],[25.932542324989164,67.31824358708475],[25.92536056669404,67.3211627297151],[25.924136677134953,67.32171289312144],[25.912746992964262,67.32631077895711],[25.902806066978084,67.32776232273334],[25.857277836877476,67.33170521045272],[25.744046949609416,67.31887870536683]],[[25.744046949609416,67.31887870536683],[25.73566115933428,67.31953328067782]],[[25.652125352589383,67.36559473067206],[25.651405933374434,67.36667356167119],[25.6477723245365,67.3729354234168],[25.632355294914078,67.39946614041781],[25.677141203357802,67.41182081822762],[25.730292125783198,67.42628844408932],[25.757925462772775,67.43265946330176],[25.78207516104892,67.43822066041935]],[[25.987445368168885,67.2097909178317],[25.940198240883053,67.23649495927188],[25.890590824684153,67.25383793394515],[25.89011176533142,67.25410543331802],[25.869047775058448,67.2648311895706],[25.868048787271107,67.2657059485595],[25.8604177897867,67.2696377977607],[25.853046490968747,67.27518000452983],[25.84672700141472,67.28689977895411],[25.808467383699046,67.30337994921548],[25.789275441109552,67.30797587345236],[25.786094559623752,67.30876979330841],[25.744046949609416,67.31887870536683]],[[26.006588759555033,67.21277945579128],[25.987445368168885,67.2097909178317]],[[25.779046771912004,67.20407949605769],[25.77548315209843,67.24094142272237],[25.738488029888163,67.24757874083092],[25.728313344424706,67.24954843342545],[25.717826215288195,67.25132586042459],[25.702678235103875,67.25401494229905]],[[25.987445368168885,67.2097909178317],[25.950732841122495,67.1978691261322]],[[25.788584422499135,67.44130984080802],[25.767048735560767,67.48353571405467],[25.747620149073278,67.4945083709298],[25.70824712469376,67.51670668266291],[25.74398898418675,67.5585147181913],[25.840446253803368,67.60802123700134]],[[28.743899557069074,68.787278466168],[28.739185465531104,68.78042619009584],[28.736947062660338,68.77714370394975],[28.727018922331574,68.7624704558872],[28.724368733273327,68.75856463828733],[28.71623345516227,68.74666930017334],[28.713106774841084,68.74209748810208],[28.70641020648856,68.73223644824047],[28.685038690497137,68.71727000902087],[28.67303413794965,68.70889658924783],[28.670066938772067,68.70682072617913],[28.660580378924926,68.70016666074203],[28.64879407833472,68.69190939773965],[28.641620978756205,68.68688469237027],[28.639650691712987,68.685504827109],[28.62465087070873,68.67499071226713],[28.604117465529868,68.6605836676998],[28.572273262827398,68.63808379996495],[28.567512735860067,68.63472743293306],[28.564107247524586,68.63231853026424],[28.56142923709253,68.63042078510718],[28.55498128798826,68.62582420131181],[28.540986705961622,68.61591706122813],[28.53559310431438,68.61217950517747],[28.52815691437889,68.60683556670693],[28.522484554791898,68.60281533753768],[28.50892479515883,68.59319409102865],[28.49871617028671,68.58590007160925],[28.489807995429736,68.57959771089395],[28.485139714324678,68.57625811330723],[28.47261479677863,68.56719885779015],[28.468503676704405,68.56437425594959],[28.453050454887098,68.55331005080878],[28.451322138550957,68.55207079874103],[28.447247414030734,68.54915215557013],[28.442195637195066,68.54558424372746],[28.437584069001684,68.54228435641195],[28.433934280157033,68.53967190941505],[28.433933214992276,68.53967114701344],[28.433974164770774,68.53960459588396],[28.441478154724447,68.52740219815377],[28.444597581120387,68.52232567615661],[28.44888536520156,68.51534104838653],[28.462432595379788,68.49323995324315],[28.470247257880633,68.48047092353625],[28.47176105556597,68.47784683437916],[28.47194276495672,68.47753182077653],[28.47248385607694,68.47676309353906],[28.47298048237941,68.4760574978055],[28.47303891484082,68.4759382088123],[28.473176058261203,68.47568169903045],[28.473798293743833,68.47467655932182],[28.475514832656437,68.47186713584333],[28.475864472194864,68.47129481338152],[28.47776637203673,68.46818108444097],[28.478114175312797,68.4676115354578],[28.478982785098367,68.46619039422421],[28.47899800712604,68.46616550892115],[28.487534639660897,68.45218887636162],[28.508723314878292,68.41786525123608],[28.511033256413995,68.4141151809114],[28.51779008756938,68.40314674351613],[28.51903137883535,68.40112983838208],[28.527923831988392,68.38792971877817],[28.55586969868559,68.34333654273503],[28.58167508987559,68.30198329687484],[28.590374546399342,68.28765553214991],[28.595163645684085,68.27974769022335],[28.608499850650173,68.25797480010732],[28.610876157741174,68.25413044880858],[28.6122783362056,68.25180024317521],[28.614080310290277,68.24886438771757],[28.62193637031292,68.235992060425],[28.630091894588325,68.2227212081569],[28.630091444197074,68.22271487944428],[28.479304671900017,68.22057464706293],[28.431548043452633,68.21781894671584],[28.420296303551677,68.2171675913138]],[[27.940252559086968,68.35707845189887],[27.919687257118905,68.40914835846246],[27.08492967450728,68.45685357456489],[26.946155441601316,68.41402109079888],[26.880884489745657,68.37326452886319],[26.88086027789419,68.37327168854003],[26.880826389069796,68.37328170957593],[26.88078693464351,68.37327649290164],[26.88076998326699,68.37327425112902]],[[26.376970436841106,68.23295396675566],[26.376793035769637,68.23297179489316],[25.973127353167925,68.27297836757376],[25.88515599085551,68.28154863719321],[25.728388097456104,68.27180108096208],[25.728311908021674,68.27179630592397],[25.72830893821482,68.27179611996544],[25.260630617841244,68.20974522818072],[25.2605948413952,68.20974041844816],[25.24296229740835,68.21399039273473],[25.19513901850917,68.22785468340048],[24.91032520412314,68.32496559292736],[24.834096063252332,68.35279041545817],[25.032359197558936,68.40786583517698],[25.25508367679661,68.57253187743824],[25.269129447535132,68.58438977633632]],[[25.269129447535132,68.58438977633632],[25.26967686939208,68.5843899281465],[25.59190991659223,68.58954370570825]],[[25.59190991659223,68.58954370570825],[25.73702695281643,68.5838695321655],[26.278727183930542,68.6117379978222],[26.312927022452577,68.66372799299833],[26.299130017361637,68.72962592373611],[26.30534398835769,68.7618436813923],[26.306751314037026,68.76777881515154],[26.319588158641793,68.7790144352252],[26.318449470237695,68.78694845917077],[26.332860022439398,68.83181179146078]],[[26.332860022439398,68.83181179146078],[26.36930730701897,68.83168048880879],[26.408223105012702,68.84330841279271],[26.446198285748086,68.84079002793375],[26.53287597526056,68.84311500673397],[26.60613500157732,68.8501135667918],[26.639679161619256,68.8488427916637],[26.70057868987453,68.83319929144588],[26.76826222570206,68.82617158337705],[26.78770672498542,68.82318875708859],[26.79578809011244,68.82515957190225],[26.79373490675008,68.83355784015883],[26.812208466396175,68.83623489001943],[26.815207055305446,68.82566944356118],[26.88460180242186,68.7940114829256],[27.05277410682362,68.77203233569118],[27.26061589639501,68.78442456323421],[27.38868237794926,68.82207564464787],[27.44115472456058,68.83798841575313],[27.481151894030962,68.85652209698208],[27.445012114290613,68.89323413871223],[27.473973462645308,68.91610108491192],[27.50636879495717,68.94244545433683],[27.820979602301847,69.05122033497463],[28.142544281412388,69.17766385826704],[28.214268512239343,69.22315759369152],[28.19773380708465,69.24182730527131]],[[28.19773380708465,69.24182730527131],[28.488834271544818,69.25660637377064]],[[28.488834271544818,69.25660637377064],[28.4886696752724,69.25650153213225],[28.446171622098465,69.22939233725751],[28.383692033128234,69.2031130647989],[28.057781666591197,68.98963917201546],[28.032659220996475,68.95189969142703],[27.91457651067627,68.9463938657059],[27.827306681013297,68.91737766541313],[27.898373290166138,68.88503256045767],[28.066311931954786,68.83607662542899],[28.06362989676239,68.82316812258517],[28.02132959130534,68.80696787736939],[28.045357155062494,68.79153917685232],[28.064663281281344,68.77984743275476],[28.144374716707684,68.80006793575612],[28.187627351598632,68.81065087869283],[28.237127399562194,68.7729602901256],[28.344179550001982,68.72422021266301],[28.395691604184286,68.71950259308015],[28.56068430947626,68.74374897517578],[28.743899557069074,68.787278466168]],[[28.8628030275061,69.40444646209423],[28.812346346563317,69.3992642544779],[28.770234802087472,69.39140488308394],[28.65052513998213,69.38003565365874],[28.4951050280461,69.3485444076247],[28.54667138357315,69.29612779655453],[28.488834271544818,69.25660637377064]],[[28.19773380708465,69.24182730527131],[28.19141910571681,69.24894853836352],[28.21166200654424,69.30217329853325],[28.06593500673533,69.29335862480035],[27.93635576398288,69.26733202713045],[27.70768826651303,69.19289447136602]],[[27.70768826651303,69.19289447136602],[27.653639443956358,69.24457477928983],[27.656904437980106,69.41387831974009],[27.627789599792546,69.43443811308909],[27.506606271519082,69.40302068735525],[27.30186846446917,69.38054197029709],[27.175931622224077,69.37714726117918]],[[27.175931622224077,69.37714726117918],[27.227116241554704,69.4853537410043],[27.589165482558027,69.52051177763568],[27.652307288320277,69.54052835922735],[27.94248295563846,69.63037488497422],[28.0007623157726,69.72591769562256]],[[28.0007623157726,69.72591769562256],[28.204621899368384,69.75494641406975],[28.517908155527547,69.798943806824],[28.51795958657794,69.79895096940271],[28.51976141949617,69.79920187754203],[28.502240342495934,69.80216128519699]],[[28.502240342495934,69.80216128519699],[28.515224720527428,69.80000131406217],[28.603596491245106,69.78504030678734],[28.644449507799052,69.77811714676905],[28.688589388851735,69.77063876593816],[28.699516483472088,69.76869173618718],[28.76545813027254,69.75692004078438],[28.801560585360246,69.75045921030947],[28.85793654049705,69.7403765262206],[28.894408270441104,69.73383894097474],[28.917003374975128,69.72976055508137],[28.989936481528808,69.71823319325483],[29.026845002187095,69.71237839774778],[29.033076145833892,69.71138887050417],[29.10053453978468,69.70062019799049],[29.10744954126993,69.6995142495475],[29.10877866459807,69.69930163228976],[29.133909557790115,69.69534037805124]],[[29.133909557790115,69.69534037805124],[29.107885209888853,69.68345155487167],[29.1053592833003,69.66644414950132],[29.0979603956618,69.66402892175738],[29.090760164242923,69.65376582960697],[29.10399001341239,69.64990846706426],[29.05540702033848,69.56796478083457],[28.928460552852634,69.50501406087855],[28.90129319461563,69.4849767018273],[28.862846209777516,69.40453715934206],[28.8628030275061,69.40444646209423]],[[28.8628030275061,69.40444646209423],[28.863653024949343,69.40429266944778],[28.87762815710682,69.40176318814342],[29.126022515352357,69.35651716081738],[29.12616953203476,69.35649021946726],[29.075423415221604,69.33375806980666],[29.075423356907603,69.33375804448536],[29.075422573839734,69.33375769317671],[28.98266544283728,69.29204319010962],[28.919547305203963,69.26349261535438],[28.83338335247823,69.22519394739544],[28.831818566801207,69.22449676772884],[28.831818171993483,69.2244849699874]],[[28.831818171993483,69.2244849699874],[28.831538927721468,69.22436168620615],[28.831044340788292,69.2013541039982],[28.830956962076694,69.19728294955105],[28.830728641136012,69.18973758023472],[28.83031210190017,69.17190200556885],[28.82546227231915,69.16009390585899],[28.822066308663903,69.15239324246596],[28.810205322907187,69.12284513673735],[28.80543324921653,69.1111639670791],[28.805429928336235,69.11115583436977],[28.810402826488108,69.10748343971257],[28.835370513775423,69.09014359590813],[28.854576903362027,69.07663881089697],[28.867455682545533,69.0723572746542],[28.877588683690732,69.06903726809172],[28.89210202281926,69.06426268803696],[28.895267070656654,69.06322102258841],[28.92929337415963,69.0519147131855],[28.91294949481359,69.04735302616454],[28.894239176143152,69.04215093968355],[28.872961634890686,69.03622130702617],[28.869555202003344,69.03527161841524],[28.858726336469683,69.03224889567875],[28.846645342023102,69.02887356077463],[28.844038153668638,69.02814643033282],[28.823916802988347,69.02252748708138],[28.80556375596579,69.01739267774536],[28.7854306114703,69.01175546664565],[28.777157487079734,69.00943747700256],[28.7647586091453,69.00596535132077],[28.747410482072862,69.00110018768025],[28.727825449283976,68.9956038464233],[28.70473020317921,68.98911270567982],[28.69431030032505,68.98618388422466],[28.680421518376377,68.98227822022973],[28.674160301365898,68.98051631378362],[28.655055887501355,68.97513795283463],[28.647281124048067,68.97294401203253],[28.630152650780015,68.96812087593662],[28.6254322510086,68.96679062880926],[28.60768312552956,68.9617767212597],[28.592364127609457,68.95745839103354],[28.579313298286166,68.95377703480895],[28.572334148282163,68.95180336465486],[28.557799125897194,68.94769228526778],[28.544067397825604,68.94380745399141],[28.52247980976757,68.93769067820449],[28.504687925722166,68.93264892561258],[28.495791117087723,68.93012428377365],[28.492468336200183,68.92951578231856],[28.485866279122206,68.92830829321916],[28.460109668524357,68.92358681008477],[28.446675166039444,68.92111984242086],[28.425964231748942,68.9173216724579],[28.41864240306813,68.91597603498609],[28.415788043941856,68.91545069139897],[28.42912333048971,68.90779838046144],[28.432008538401536,68.90614420525144],[28.438962190903347,68.90214874818334],[28.439343210224965,68.9019297554758],[28.439940923029393,68.901586233257],[28.44031156936832,68.90137341681402],[28.44769574370554,68.89712833730243],[28.45609883195964,68.89229460721428],[28.46436346808979,68.88753869860562],[28.4680151384127,68.88543478982244],[28.469830031319187,68.88544517271741],[28.47531753941308,68.88547644802863],[28.48639120426118,68.88553789293208],[28.493901486895638,68.88558051076625],[28.516799628566645,68.88570562858928],[28.550370062656057,68.8858800815349],[28.5631705787243,68.88594672566296],[28.569228043333162,68.88597690729777],[28.585747118502457,68.88606031024192],[28.600336019460304,68.88613254874603],[28.613721641640343,68.88619844360377],[28.623545878998886,68.88624613625795],[28.649741054759176,68.8863671617384],[28.658248449895623,68.88640765085219],[28.661278661496127,68.88642000581784],[28.66165093998091,68.88637439883672],[28.679232109646343,68.88421941296701],[28.707048123979447,68.8808086372427],[28.717648009195425,68.87950648632108],[28.722877207608636,68.878864411502],[28.726472835158262,68.87842436503026],[28.7326844420164,68.87766121318441],[28.740835049773402,68.87665860871435],[28.74761782357113,68.87582597414543],[28.75664074758007,68.87471739692337],[28.75963248506016,68.87434828040226],[28.774682668432046,68.87249746079985],[28.79006907626073,68.8706049503008],[28.80078698888829,68.86928320454707],[28.800727713217356,68.8691979441961],[28.779263582658697,68.83827994804881],[28.764575505633424,68.81732388948086],[28.75080048193972,68.79730367911769],[28.749592989458268,68.79554409695089],[28.74812295840004,68.79322153808134],[28.744710552648332,68.78845686488769],[28.743899557069074,68.787278466168]],[[26.332860022439398,68.83181179146078],[26.15877670104516,68.80684112552045],[25.684734727116723,68.73403549116392],[25.567771342964168,68.67910904897036],[25.59190991659223,68.58954370570825]],[[25.269129447535132,68.58438977633632],[25.113438031067446,68.68966094115947],[25.112956004698074,68.68998510030407],[25.113063352753827,68.69009212986688],[25.113267176221232,68.69042976740988],[25.113313718568055,68.69074001385393],[25.1134205603211,68.69088070728809],[25.113485443128713,68.69096614566381],[25.113752891154107,68.69147349025357],[25.1139774265278,68.69199722401633],[25.11404751010529,68.69240522594315],[25.11430966150966,68.69283707235556],[25.114246983889664,68.69358021824169],[25.114145512066663,68.69448430439104],[25.113902264602462,68.69518892890261],[25.113480924767924,68.69611267378681],[25.113337266228765,68.69669446141575],[25.11326497006175,68.69698722785803],[25.113126262521536,68.69756065024802],[25.113116328844836,68.69760171527325],[25.11316571457763,68.69839640846845],[25.11315233472485,68.69859028188206],[25.11336102421213,68.69877178450889],[25.11328668711687,68.69894470155127],[25.112819613156095,68.69899377843905],[25.112232018652193,68.69887862891072],[25.111776592563945,68.6988702281575],[25.111661616930064,68.69886810697886],[25.11148654685026,68.69886487665877],[25.111280440785233,68.69895486828368],[25.111219363566025,68.69898153491759],[25.111198944661513,68.69899043059937],[25.111103758763857,68.69903199573558],[25.110787469859563,68.6993620108528],[25.11091145865611,68.69966201650396],[25.110924036644246,68.69969737454329],[25.11102005119401,68.69996728624737],[25.11121879272326,68.70022262082439],[25.11135683615911,68.700399972169],[25.11170683857796,68.70074968596245],[25.112065543366928,68.70097039220738],[25.112141021736075,68.70101683319498],[25.11213536563191,68.70103205141278],[25.112034090515184,68.70130457037176],[25.111851896816756,68.70161085503298],[25.11178448231394,68.70205531834853],[25.111668680764602,68.70214348025324],[25.111624533979853,68.70217708860777],[25.111505551554945,68.70225010219653],[25.111450953078165,68.70239561379653],[25.111525089446996,68.7025194849535],[25.11174151492557,68.70261960944212],[25.11180334415708,68.70264821131175],[25.11224623999553,68.7029146323998],[25.112934969453395,68.7031106260676],[25.113352316671765,68.70341681865472],[25.11365275070532,68.70380818040412],[25.113722983956265,68.7041583121154],[25.113984792311644,68.70461013527418],[25.11398789045765,68.70461548133306],[25.114317181956093,68.70496120722446],[25.114418401261066,68.70497982341355],[25.115008491753773,68.70508835926393],[25.115486809062908,68.70519452779624],[25.11567849839215,68.70549016913003],[25.11586421244516,68.70592317874001],[25.11548242395169,68.70602208739534],[25.1149524165321,68.70646139511766],[25.115025029963316,68.70666309950998],[25.114962854022394,68.70686872076097],[25.11496358807623,68.70687230882417],[25.11500486741993,68.70707090951852],[25.115015972171076,68.70712449733438],[25.1151645901068,68.70731075709143],[25.115394478780836,68.70742432389513],[25.115548359155515,68.70750034299756],[25.116103952228613,68.70768550850055],[25.11637828827159,68.70772460143708],[25.116648917532356,68.70776316545681],[25.11731556535504,68.70779921931071],[25.117915720801076,68.70781375835956],[25.11845277934124,68.70792883386451],[25.118794119589033,68.70806337249697],[25.119396353062914,68.70850348578199],[25.11989413560042,68.70933430261141],[25.120330097183867,68.7100123954639],[25.120722932211645,68.7103153791375],[25.12071001822051,68.71064643389961],[25.12076216207728,68.71109222629686],[25.12094649781135,68.71138747269562],[25.12127710709703,68.7117519680113],[25.121765835983986,68.71248246773267],[25.12231165174581,68.7130377165467],[25.12315677432695,68.71335575392348],[25.124121108716675,68.71361620518725],[25.124697695400034,68.71374568138728],[25.125294724608466,68.71387974432366],[25.12628158016358,68.71386818343242],[25.127397179111487,68.7139294067501],[25.1275300058685,68.7139339849004],[25.12890586512088,68.71398140583571],[25.129021255271617,68.71398538262463],[25.130201959294876,68.71416131453225],[25.13078590573152,68.7145043995218],[25.130962231639195,68.71489726056558],[25.131022305649708,68.71525084134376],[25.130783705652323,68.71544829946842],[25.130620900029403,68.7155830294847],[25.130351601126435,68.71594382528932],[25.130836590238985,68.71616743767879],[25.13118846738666,68.71647973142082],[25.131304626982306,68.7168773643085],[25.131168788360377,68.71725049156679],[25.131057352403843,68.71768904611116],[25.13056999578476,68.71814908799949],[25.13030612462406,68.71850248811218],[25.13032083650524,68.71881023012084],[25.130004673426228,68.71904322291603],[25.12959953297124,68.7192279300226],[25.12929170181356,68.7192410356286],[25.129149691801256,68.71917344099415],[25.128857358467,68.7191371913291],[25.128714607359953,68.71921402858605],[25.12869530997358,68.71930872084097],[25.128537419703143,68.71938493385744],[25.1279956310956,68.71950063617808],[25.127375693853526,68.71960832481973],[25.12666017612034,68.71968731730301],[25.125828857226395,68.71979756508351],[25.12509627691342,68.71982664865794],[25.124681798749315,68.71980220938285],[25.12462708904746,68.71979898139978],[25.12454084579936,68.71979389928002],[25.124327648899055,68.719826438486],[25.124117246908806,68.71992301259381],[25.12401049386052,68.72003679832791],[25.124168985354824,68.72017886984905],[25.124121422051253,68.72033928387447],[25.1237491031939,68.72053464053411],[25.123554419074626,68.72073883354773],[25.123503224905225,68.72079252724919],[25.123368970493928,68.7211445755182],[25.123311472697868,68.72129534187003],[25.12343255635674,68.7216333075573],[25.123521036033043,68.72209266281016],[25.123323375507393,68.72233386662508],[25.1229180892209,68.72276071292869],[25.122507697788407,68.72331739339447],[25.1221752479023,68.72378571759837],[25.121795922544074,68.72434943270916],[25.121930628502717,68.72473858385084],[25.122452710240314,68.72510815076372],[25.12269235245123,68.7254582890805],[25.122599648261676,68.72602735529512],[25.12249243690084,68.72659083243207],[25.122532909410445,68.72699848851322],[25.123029602708396,68.72749264571833],[25.123257430685847,68.72791463483347],[25.12327962354595,68.72819137267865],[25.123342737027016,68.728391980298],[25.123151632297812,68.72853102727063],[25.123247874019633,68.72880899167933],[25.123114396002,68.72903931443334],[25.12315003766611,68.72931890198424],[25.123430479622005,68.72950098718428],[25.123476412885495,68.72964765966219],[25.123362714545383,68.7297549882982],[25.123381662615994,68.72981933976641],[25.123409229417373,68.72991296398415],[25.123450752571912,68.73013060247808],[25.123264012354365,68.73030808152714],[25.123054394711108,68.73045608376971],[25.12303755075703,68.7306563431728],[25.123034392207817,68.73092834165121],[25.12312228123877,68.73119112950363],[25.123271504480424,68.7314507589968],[25.12329187431517,68.73148620112711],[25.12340856571878,68.73169924476021],[25.123004010319814,68.73206395990373],[25.12300741981844,68.7323789087376],[25.12322129402254,68.73269147066708],[25.123632231455062,68.73312966508719],[25.124028051600018,68.73375842816216],[25.124213750846998,68.73425592273801],[25.124088551899547,68.73464732577473],[25.124006507757894,68.73490381473798],[25.124426191580064,68.7350713443323],[25.124670233585622,68.73513922879118],[25.125134416518918,68.73526834652242],[25.125300230112398,68.7353634651692],[25.125508021526034,68.73548261711294],[25.125567136886122,68.73551653192962],[25.126209063115535,68.73574804664061],[25.126644322662877,68.73593710347777],[25.126670865848805,68.73594862030987],[25.126675213960574,68.73602252823004],[25.1266886720158,68.73625198419916],[25.12661233198838,68.73654941487702],[25.126600724584236,68.73659462407423],[25.126585967634917,68.73661228828638],[25.126406408461712,68.73682722712269],[25.126381457773448,68.73685707114545],[25.126310070950623,68.73692358782505],[25.12614608316296,68.73707638954954],[25.126147659752117,68.73709558119383],[25.12615592896658,68.73719518096323],[25.126165671419923,68.7373128497222],[25.12609351637855,68.73742232593366],[25.126070085986527,68.73745789387324],[25.126028149650413,68.73748423738562],[25.125929088624197,68.73754646584767],[25.12586768259907,68.73766596789852],[25.125854858806957,68.73769091185316],[25.125736561279528,68.73781143413113],[25.125674094858116,68.73805735782013],[25.125647169677897,68.73816336079736],[25.12567174355036,68.73821184329871],[25.125788306980315,68.73844182781743],[25.126167363954085,68.73870166206596],[25.12623914914507,68.73883617781824],[25.126239939613246,68.73883765618879],[25.126194345430466,68.7390761314898],[25.126051861179345,68.7394003231351],[25.125919560819078,68.73977273379354],[25.125833926220807,68.73999779947451],[25.12579759043737,68.74009335532543],[25.125767674057492,68.74017194247861],[25.125812441913496,68.7403237966278],[25.12589047197172,68.74058851056824],[25.125678698362112,68.74099244865012],[25.125901718196737,68.74154328828102],[25.12574094187155,68.74213314550582],[25.125783150919514,68.74236138541305],[25.125659403718885,68.74261587303309],[25.125117305766885,68.74297714306587],[25.1243482737073,68.74333178115405],[25.12354915118817,68.74354242274994],[25.122918487923634,68.74379134456132],[25.122398184852685,68.74406174567255],[25.121857022380496,68.74444666859026],[25.121183543451302,68.74518238113168],[25.121011294430243,68.74560461621331],[25.121062654690302,68.7457854403267],[25.121086260299446,68.74586854672829],[25.121148297850105,68.74587615684989],[25.121535407238813,68.74592364648208],[25.121891264777016,68.74614950785804],[25.122408279987145,68.7465704482537],[25.12278996161678,68.74687311655391],[25.122779947408954,68.74731191996331],[25.122970908742648,68.74762185784411],[25.12362732068952,68.74779378559917],[25.123886174694217,68.74791221290621],[25.123700255959474,68.74833031442635],[25.123942906806896,68.74849883345837],[25.12411899035083,68.74875134530309],[25.12412306129994,68.74893751666099],[25.124015588073004,68.74910962184089],[25.123895691149162,68.74938290277508],[25.123469595328437,68.74964423183711],[25.123636042120776,68.75015644042858],[25.123516185262407,68.75051344977004],[25.123763996985076,68.75085924029403],[25.123875520975588,68.75117546731659],[25.123815615772244,68.75141819611456],[25.123484496429032,68.75160065509873],[25.123240715985503,68.75182975777835],[25.12315185149742,68.7520455831847],[25.123193440204904,68.75216651175576],[25.123312312541863,68.75229143662472],[25.1232895169128,68.75239883985755],[25.123292816844632,68.75257440578206],[25.123312310055944,68.75270835742845],[25.12343708456604,68.75286722783396],[25.12386608053975,68.75292924752188],[25.124420988680477,68.75301386906226],[25.12464831389172,68.75324613282491],[25.124938186882762,68.75353710174697],[25.12486686298379,68.75385122245997],[25.124953207510476,68.7541257188415],[25.125322079510195,68.7543123261878],[25.125597209261326,68.754450598607],[25.125800638267727,68.75473759303952],[25.12581391832533,68.75498534332691],[25.125958322550314,68.75529123648118],[25.125929585855296,68.75563297792358],[25.125837450325392,68.75600785083043],[25.125918504094248,68.75645258545214],[25.125717683555326,68.75690654796846],[25.125800076914736,68.75704442564509],[25.126051370563587,68.75722003514463],[25.126011797647337,68.75745584041526],[25.126046444109004,68.75763314330395],[25.126133104243145,68.75772825066419],[25.126199881595415,68.75780154061346],[25.126476777335284,68.75802796927577],[25.1266895961337,68.75805348158501],[25.126874109182943,68.75807559884899],[25.12709400336367,68.75789645228484],[25.12748609683261,68.757834751184],[25.127790591631726,68.75800318224162],[25.128052031969787,68.75814225791723],[25.12822996758797,68.7583676818137],[25.128391709386445,68.75858121723192],[25.128706045647117,68.75875610826017],[25.12907428346049,68.7588330799469],[25.129238769163663,68.75901406818552],[25.129890545923327,68.75922394822751],[25.130583781116137,68.75943204176848],[25.131036179857258,68.75968758434576],[25.131284117579504,68.76002677830584],[25.13149883872876,68.76034227744917],[25.131547083844307,68.76041316794633],[25.131778431619,68.76055203657353],[25.132302689718568,68.7608667152435],[25.133032222893835,68.76107689376406],[25.133468419157808,68.76129971643249],[25.133678860358728,68.76143758400028],[25.133954370495424,68.76156557985148],[25.13418547285247,68.76173544320629],[25.134411312663538,68.76182900415445],[25.13462103161255,68.76197533027411],[25.134619655794147,68.76239726146329],[25.134821057157524,68.76282184413806],[25.134826631160678,68.76309341542365],[25.135079581435093,68.76347082577887],[25.13545314341156,68.76383870547168],[25.135303877902125,68.76436627611258],[25.135312782412882,68.7649677045924],[25.135418470111937,68.76568432152307],[25.13552771010342,68.76616874609083],[25.13540974603042,68.76668323988528],[25.134645612542034,68.76686486005477],[25.13396086495358,68.76699306208111],[25.133336484897313,68.7671129514689],[25.133255704468954,68.76712846365436],[25.133102620935425,68.76718748063084],[25.13278631492737,68.76730941838426],[25.132695387099876,68.76745159303809],[25.13270252898009,68.76760200669943],[25.13302656859921,68.76774159137817],[25.133283640888592,68.76797350462147],[25.133683748240216,68.7682130123828],[25.134131115048042,68.76835771173917],[25.134006814692142,68.76858981307522],[25.134225804069377,68.76898609337414],[25.13446852492868,68.76938965144502],[25.134583885436296,68.76966295188619],[25.134614337846305,68.77000690558995],[25.13449828282013,68.77021322275706],[25.13442169804115,68.77041998405743],[25.134587345607947,68.77056498100427],[25.134623765493526,68.77083741273822],[25.13486042380182,68.77109672410106],[25.13487666642412,68.77135561751918],[25.135113437650542,68.77159446545082],[25.135448599772428,68.77176558612516],[25.135674357137834,68.7719728813547],[25.136072641882475,68.7721705448652],[25.13658514914193,68.77241957848318],[25.13708032300367,68.77263978140807],[25.13742839012998,68.7727295040293],[25.13755277456671,68.77313175754034],[25.13767060887431,68.77337645280573],[25.1379265736606,68.77362265416768],[25.138473964386375,68.77374797581953],[25.138652694191034,68.77393996447061],[25.13868996801175,68.77400113996403],[25.138740139757903,68.77414615842628],[25.139315348927816,68.77456780040131],[25.139318024250848,68.77498316144867],[25.13988086996772,68.77544677277513],[25.140145529946086,68.77591283595348],[25.140177397559583,68.77617990428789],[25.13996917924759,68.77628596699472],[25.139454261754423,68.77633449017435],[25.13904273949306,68.77648797919785],[25.138933283607262,68.77703427586121],[25.1387688220708,68.77747247552732],[25.13859236160509,68.77785093265769],[25.138806636157877,68.7781196345883],[25.13929595988562,68.77837781636079],[25.1400252824473,68.77849942788205],[25.14063522736538,68.7786046841119],[25.141296771232863,68.77877389683714],[25.141349023828067,68.77886080673485],[25.14112455216212,68.77892254004054],[25.141059309407428,68.7790472350797],[25.140975405675867,68.77912640993571],[25.140943169820986,68.77937212983146],[25.140924812226345,68.77959192931309],[25.1410641893813,68.7798366161826],[25.14125340485951,68.78005869246752],[25.14159675950059,68.7803713598179],[25.14166999344713,68.780688171846],[25.141818707861397,68.78113595088006],[25.141876887656625,68.78149401149147],[25.142020294786604,68.78171679694687],[25.142047139071714,68.78199247546866],[25.14202797088457,68.78245825118175],[25.142044923888086,68.78263791286852],[25.1418097752085,68.78277428481691],[25.141395590815822,68.78294922293712],[25.140891379091446,68.78305369361497],[25.1402439161291,68.78315080535734],[25.139881973489004,68.78327421161488],[25.13981391907506,68.78331999303074],[25.13976029946871,68.78335606356234],[25.139729540266806,68.78337674844532],[25.139591158183745,68.78350259680936],[25.139711191636547,68.78359654794247],[25.140004441516986,68.7837213446942],[25.14034713950953,68.78384284033129],[25.14062261498625,68.78397677910337],[25.140910387416692,68.78416548244917],[25.141197878227658,68.784359690956],[25.14138710817548,68.78458176677306],[25.14140649742357,68.78473251076787],[25.141356672126562,68.78494617040138],[25.141376544434806,68.785091131874],[25.141461765074478,68.78541049030042],[25.141642336249987,68.78573667923732],[25.14172806254903,68.78598805977191],[25.141755178028884,68.78626673062716],[25.14193720380764,68.78650146595108],[25.141970142578234,68.78678816670659],[25.14211392166117,68.78698080006508],[25.142055860785426,68.78710174227803],[25.14220495578799,68.78723074183705],[25.14267108145109,68.78739216399939],[25.143071374028604,68.78757601995598],[25.143796013240056,68.78789658651876],[25.14457098171378,68.78818874774599],[25.145267082525752,68.78846846117271],[25.145509155783465,68.7886332124418],[25.145576955516816,68.78877869695667],[25.145678723481634,68.78909243564425],[25.145793003155095,68.78925578963891],[25.146005059378744,68.78939705724035],[25.146350706458026,68.7894703117353],[25.146715670985554,68.78950324220577],[25.147251547528217,68.78959594410173],[25.147662366268218,68.78966143801718],[25.1479176449114,68.78959531235392],[25.148046191192652,68.78955149610628],[25.148146292332655,68.78956335593517],[25.148225884806706,68.78960728902106],[25.14837736227834,68.78971662332607],[25.148441158610737,68.78980776556651],[25.148599694208627,68.79004638231136],[25.1487184677172,68.7901706376927],[25.14902749335901,68.7905416438023],[25.149160630932638,68.7909042969287],[25.149461588841145,68.79128164602436],[25.149537134132427,68.79156348762197],[25.149803221626563,68.79179213273714],[25.14995460809986,68.79199817185125],[25.15008147914348,68.79219481190617],[25.150100701120234,68.79236890626235],[25.15012119072997,68.79252776126827],[25.149816919326003,68.7926403700472],[25.149540686622206,68.7927197281927],[25.149250938580987,68.79275927541704],[25.149071149015573,68.79289459377216],[25.14940295712646,68.7931394229355],[25.14953384833843,68.7934882252385],[25.14945704234525,68.79383475354528],[25.149518652639824,68.79405542589247],[25.149800547160567,68.79431902628349],[25.150165715266716,68.7945430086493],[25.150670982423897,68.79464303486121],[25.151083531712775,68.79472561281207],[25.15164208516715,68.79486594424368],[25.151904316597946,68.79494279071648],[25.151905830913858,68.79506862121701],[25.1519632542712,68.79524278126821],[25.152040909531173,68.79545502306466],[25.15219938569775,68.79566516436512],[25.15237429103983,68.79586970106205],[25.152693494157,68.79607001875536],[25.15302773787483,68.79628208310949],[25.153299014571832,68.79648186897765],[25.153507800357744,68.7966636165173],[25.153703548345845,68.79681048899991],[25.15399705036506,68.79693526089554],[25.15444178213061,68.79700072896522],[25.154718153565675,68.7971109941115],[25.154606033708685,68.79733223234636],[25.154835805344206,68.79745185873624],[25.15525312120379,68.79756920883271],[25.15526913134778,68.79757370551486],[25.15554567009645,68.79773946309041],[25.1556904997339,68.79784845659881],[25.15575642963291,68.7978980698607],[25.156051421235787,68.79800548455209],[25.15641815130208,68.79821209872696],[25.156563567029323,68.79838736416818],[25.15675690437449,68.79856314273191],[25.15693237833308,68.79876189068621],[25.156809640690806,68.7990847740783],[25.156816680316776,68.79938590225977],[25.15687315387386,68.79962145519552],[25.1568867496122,68.79963602245209],[25.15712653969715,68.79989295047378],[25.157548446792898,68.80001332018584],[25.157947011338912,68.80002922076758],[25.158301677634096,68.80006875154197],[25.15871909449689,68.80023747282894],[25.159178611129416,68.80036244785879],[25.159835659672773,68.8005079555659],[25.160321930288404,68.80054490457958],[25.16027125039705,68.80074337927549],[25.160783732163278,68.8008872713161],[25.161970390260848,68.80117776871336],[25.163024570178425,68.80130003603223],[25.163588551806594,68.80117792980893],[25.16404132507771,68.80106570187978],[25.164431703324066,68.80098315523479],[25.164698394834186,68.80094699440579],[25.164888228111703,68.80097073992017],[25.165162414849434,68.80113422040151],[25.165225322976738,68.80124335219854],[25.165442130608945,68.80137585118253],[25.16577659266061,68.80148611411128],[25.16608437674774,68.80158234144982],[25.166642794308128,68.80178793635054],[25.167347886965068,68.80202413507548],[25.168005469326555,68.80227118441333],[25.168153627742996,68.80235738244255],[25.168165148461007,68.80236408582128],[25.168335526715214,68.80246320875044],[25.167917005621348,68.8026172866222],[25.168323695652447,68.80277351582758],[25.168778790930503,68.8029079882084],[25.169406703452186,68.80305370758293],[25.169843284740743,68.8031915750482],[25.17029629964326,68.80332382356114],[25.170509915287514,68.80337982051357],[25.170687842788112,68.80342646436584],[25.17076110536129,68.80343818063324],[25.171105540198514,68.80349330040686],[25.17115606261591,68.80351021830286],[25.17156053097963,68.80364569769658],[25.172012190828084,68.80398461085632],[25.17333843733389,68.80447609718773],[25.173666560313247,68.80494641431302],[25.17414210107588,68.80520055130307],[25.17453844766027,68.80562996197133],[25.174631908784022,68.8057699493024],[25.174723578217474,68.80590725177959],[25.17494628086388,68.80611806214827],[25.17570678831815,68.80640412785662],[25.176390717697696,68.80664884268413],[25.177354468130375,68.80679814799936],[25.178440452590987,68.80701820813636],[25.1794169213696,68.80720815366205],[25.18056262660194,68.80748095916603],[25.181818848370757,68.8077723068955],[25.183032812170296,68.80799372697643],[25.184998629598134,68.80841422109873],[25.185936692581222,68.80848792779027],[25.18682632422318,68.80856689974406],[25.188228004098814,68.8088423835344],[25.188986488566872,68.80885183000316],[25.189885700772315,68.80885274297451],[25.190615080873854,68.80902536327591],[25.19145611368347,68.80909100708688],[25.192179789721717,68.8092434477561],[25.19304815684289,68.80933325558404],[25.19336479711906,68.80942974447937],[25.193740969847063,68.80952636992329],[25.194180674299794,68.80962946772244],[25.19446571277218,68.8096495532836],[25.194841813788365,68.80956702956011],[25.19518522358202,68.8096024310687],[25.195557917425706,68.80967361732216],[25.196196533228882,68.80969036130816],[25.196287560460583,68.80969550283365],[25.19690206595287,68.80973021590444],[25.197119180002137,68.8098494041163],[25.19721614935259,68.810132415152],[25.19722376794513,68.81038548176699],[25.197371461553693,68.8105375684436],[25.197697378705403,68.81066260303369],[25.19808912840976,68.81076518043882],[25.198283685696868,68.81086822076698],[25.198416966942577,68.81106391937735],[25.198416561614962,68.811266540575],[25.198451368309552,68.81131176129622],[25.19854685506753,68.81143581073896],[25.198711484591925,68.81157650223136],[25.19915739168198,68.81180122813558],[25.199604689094716,68.81200859737719],[25.199709994228517,68.81215658443517],[25.19979147999353,68.8122710975304],[25.200165410546607,68.8123966368861],[25.200326390882232,68.81245838889926],[25.200662108720273,68.81258716733959],[25.201121230294504,68.81284675632179],[25.201124666130323,68.8128492285373],[25.20174127814554,68.81329331392732],[25.202061643365724,68.8134877576437],[25.202593651403493,68.81363812081466],[25.20328893916997,68.81394652379099],[25.203357571704554,68.81397082304007],[25.203693483545152,68.81408974891836],[25.204234488928574,68.81432704614139],[25.204641969041976,68.81463239968043],[25.205128284573718,68.81491016388131],[25.205821504500516,68.81528748048841],[25.206242674821375,68.81562191710337],[25.20661683360691,68.81594428266688],[25.207144548070666,68.81638041619782],[25.20704116504825,68.81676976374015],[25.20698668582963,68.81699911503866],[25.207036200464323,68.81715986220932],[25.207210366003572,68.81737261694353],[25.207203501651257,68.81756588343391],[25.207193688347562,68.81772191410903],[25.20682431821055,68.81782165498262],[25.206672809751606,68.81791549800614],[25.206695104187812,68.81808492148028],[25.207100249361652,68.81843946209344],[25.20719324221765,68.81852083712592],[25.207575840121134,68.8187390739083],[25.208027554237393,68.81889436869608],[25.20882204995147,68.8189316185516],[25.209357262721042,68.81901117831869],[25.209450294887027,68.81902500736665],[25.209518891627145,68.81905590489391],[25.2097665158593,68.81916743642535],[25.210372178694726,68.81939960070329],[25.211402530964477,68.81957712250677],[25.211445886814555,68.81958459217533],[25.212578963170447,68.81982808659718],[25.212994410716778,68.81998407339401],[25.213340424127495,68.82011398567803],[25.214610549972228,68.82044575316122],[25.215594889190875,68.82054872839095],[25.216049484675217,68.82066928315137],[25.216405336199,68.82082354440959],[25.217177245296426,68.8209500022886],[25.217907557254808,68.82111817795894],[25.21826037427949,68.82116551426058],[25.21874220220411,68.82123015870087],[25.218762597199028,68.82123253830986],[25.21961461704357,68.8213319374085],[25.220308064297747,68.82166918940418],[25.22079821689825,68.82194642435107],[25.221111982650175,68.82226800578024],[25.221197700210716,68.8223558554891],[25.221585157576488,68.82251622473927],[25.221744457149335,68.82272630412302],[25.221827021840816,68.82289505353023],[25.222084149464475,68.82308300876407],[25.222257073054287,68.82328511890621],[25.222405688962535,68.82335461431434],[25.222627161487353,68.82345817808228],[25.22307059231594,68.82361465150368],[25.223349993410295,68.82372169107259],[25.223960724606677,68.82373675229506],[25.224532740950817,68.8236991201368],[25.224954243444312,68.82363405644975],[25.225459422623356,68.8236005765139],[25.22562195740674,68.82358464671623],[25.2259794211408,68.82354961074765],[25.22653181004044,68.82352895837819],[25.226912809521117,68.82358104093944],[25.22718911480327,68.82372708437052],[25.227570186336525,68.8239132638761],[25.227700572311818,68.8240838106475],[25.227658946898973,68.82425279712471],[25.22743722568234,68.82436741273634],[25.227387932302435,68.82439289546531],[25.227411412715377,68.82454547025758],[25.22766678495889,68.8247565538202],[25.227791587584147,68.82482228436754],[25.228081701085365,68.82497507865467],[25.228610905043247,68.82516586058527],[25.22879052572744,68.82525006649858],[25.229027683195454,68.82536124666314],[25.22918733085498,68.8253893051176],[25.229833083825067,68.82550279627183],[25.23045526778166,68.8256525717776],[25.230783752418947,68.8258311082491],[25.231121467123984,68.8260140922482],[25.231376431618763,68.82623094319983],[25.231784040850997,68.8265420238609],[25.231897301413586,68.82672845683587],[25.231909707158245,68.82697783370445],[25.231952730146347,68.82719084522736],[25.23211451719354,68.82741963538982],[25.2320234420538,68.82755763164899],[25.232008242595118,68.82774852255464],[25.232065697126142,68.8280327929649],[25.232060020669756,68.82816125009008],[25.23205071280247,68.8283718437809],[25.231919318454004,68.82866547228633],[25.231893675635433,68.82898623575285],[25.231950210136226,68.82928207889357],[25.232143950788657,68.82946355231796],[25.232454344262756,68.82958836411349],[25.23285846564802,68.82974308427869],[25.233401543993327,68.82996293462708],[25.23365150246298,68.83012374857445],[25.233455827664514,68.83016943258937],[25.23309710681246,68.83015268626896],[25.23285997692528,68.83032781388219],[25.233222302857552,68.83054007992486],[25.233734103910134,68.830744955911],[25.23420870071504,68.83106755359717],[25.234243501255644,68.83145952358636],[25.23434716137287,68.83158821230383],[25.23438928651818,68.83164050566843],[25.234511497385974,68.83164410703347],[25.23499654011594,68.83165839677635],[25.235606093968485,68.83164735653476],[25.23589952234599,68.83173919434509],[25.2359402569166,68.83183071539624],[25.235820871361085,68.83196799714574],[25.235600414418155,68.83212201835099],[25.23548552776533,68.8323581774209],[25.235597008787806,68.83256775429108],[25.23556528426732,68.83296688406975],[25.235561996546334,68.8332099974119],[25.23583161335519,68.83364699330647],[25.235933910415483,68.83397225168987],[25.236181198235293,68.83428743332385],[25.23625793841777,68.8345313860447],[25.2365129645047,68.83495085030735],[25.236763302069498,68.83523341142838],[25.23688050894192,68.83536570451133],[25.237366116296325,68.83570652063658],[25.23749313587701,68.83576243603618],[25.237709106695856,68.83585750681732],[25.238508495684208,68.83604834546179],[25.239071915149864,68.83621628149746],[25.239376476971806,68.83641627145516],[25.239358121458643,68.8366476559382],[25.239114273206084,68.83689406453223],[25.239273929968633,68.83731831352301],[25.239432024105195,68.83760509207258],[25.239504834372784,68.83773716545997],[25.239641822392127,68.83812901616632],[25.239540180750698,68.83839210303289],[25.23949304798694,68.83838809895099],[25.238779622556773,68.83870573016007],[25.238563641659816,68.83885532686983],[25.238615056269637,68.83914670031508],[25.238934716373834,68.83932335062956],[25.239363183269543,68.83937117613524],[25.239882145147853,68.83933750517274],[25.240442584344404,68.83938668355762],[25.240793900034003,68.83949877744841],[25.241206252602325,68.83975031876908],[25.241676780337354,68.8401759784015],[25.241927591076784,68.84041410041597],[25.242191575593306,68.84080165718304],[25.24258884416009,68.8410920811315],[25.243289810165937,68.84142392399991],[25.244486549187727,68.84189363643755],[25.2452876159009,68.84209874244476],[25.245886475471515,68.84242911725131],[25.246301805651456,68.84257935149988],[25.24673470117874,68.84264628313309],[25.247353702941833,68.84272213272689],[25.24793014878843,68.84272807413882],[25.248456751935148,68.84275665559123],[25.248430699276813,68.84288375667637],[25.24858406795637,68.84302800973666],[25.248585823093194,68.84331000248396],[25.248684704396563,68.84352318028272],[25.248772709462862,68.84368066566577],[25.248968509560687,68.84378679667341],[25.249171102085022,68.84385817895027],[25.24954721248123,68.8439662565177],[25.250067002661208,68.8440816067535],[25.25069707040258,68.84422123555385],[25.251374709692755,68.8443671476852],[25.2518462179421,68.8444095966456],[25.252526135292495,68.8444583293822],[25.252858841970607,68.8445139266903],[25.253270746516755,68.84466426941458],[25.254278673659684,68.84484145390292],[25.25539003082179,68.845276782284],[25.256348382552158,68.8457265912282],[25.2572511587701,68.84612771167332],[25.258380148626458,68.84679525628063],[25.259306374833375,68.84718122814097],[25.26014002386165,68.84745008490708],[25.26109341514947,68.84776087262406],[25.261424028991623,68.84804213700863],[25.261756440380996,68.84830025293391],[25.2625102972011,68.84849900329698],[25.263069141410252,68.84867295483281],[25.263417095362655,68.848791934276],[25.2640601965111,68.8489721786113],[25.26458804311774,68.84919176926185],[25.265235437581094,68.84952256676831],[25.2660421289915,68.84986656711843],[25.266654829974176,68.85023174253658],[25.26736545218012,68.85057474893092],[25.267701806520584,68.85098921075225],[25.26854741261929,68.85124675303504],[25.26974138964007,68.85155993971296],[25.271758494081066,68.85200885297192],[25.27326572826944,68.85241781696365],[25.274404760413066,68.85261463762602],[25.275652805630045,68.85285307059522],[25.277420999661015,68.85320676033288],[25.27934095734709,68.85367195583694],[25.280243366474267,68.85382002230102],[25.28051779282078,68.85381619739125],[25.281206433704988,68.8538066008903],[25.28228610202647,68.85373646015601],[25.283173415727944,68.85387277728108],[25.28450567712,68.85426830125466],[25.285203731148584,68.85477899301624],[25.285911738534708,68.85495401937459],[25.28691996142939,68.8551096101942],[25.287780383133985,68.85546490891355],[25.288305511062056,68.85568316511332],[25.288901780853454,68.85589738848631],[25.28922223420923,68.85610450460848],[25.28958607995777,68.8562166101117],[25.289847079024817,68.85631933662549],[25.28964172781023,68.85642973696895],[25.28903562724821,68.85665273357718],[25.288685091568905,68.85683656631473],[25.288558405560863,68.85701844212859],[25.288459519731926,68.85726058815489],[25.288216159243195,68.85739237797416],[25.287840310496104,68.857595915682],[25.28776275009283,68.85797721638649],[25.28906963215111,68.85839344813542],[25.29025873715806,68.85909066891647],[25.29141471949606,68.85949016044039],[25.29275011340988,68.85985090988324],[25.293769299743705,68.8600977694676],[25.29481238915343,68.86044225782479],[25.296015849202693,68.86097199694807],[25.2985329446805,68.8614024312136],[25.301125828672056,68.86189146705237],[25.302580385262825,68.86216649315807],[25.304173455726733,68.86251814734337],[25.30534443974955,68.8627266363125],[25.306757645765074,68.86291437990783],[25.307745184871994,68.86300525188531],[25.30813250367495,68.86297436669722],[25.308987382558986,68.86273103995946],[25.309307910547798,68.86262578118412],[25.309987863171425,68.8626932627377],[25.310439302224,68.8627628236816],[25.311056891846473,68.86286004941242],[25.311301885348172,68.86284955345026],[25.311811964617164,68.86268093833817],[25.312227373040056,68.86270242956793],[25.31245809000146,68.86283207413254],[25.313035714046023,68.86304041627909],[25.313218523559474,68.8633779972148],[25.314224537579467,68.86364847373184],[25.315434621882364,68.86393155237214],[25.316537962739428,68.86428083260915],[25.317646055007398,68.86442912273235],[25.318764051182303,68.86460302836286],[25.31969551243856,68.86485805790949],[25.320403590663865,68.86506478501758],[25.32100155467813,68.86522688341213],[25.32152266411522,68.86537286282518],[25.321968516209214,68.86548225122432],[25.322519449107514,68.86551585271185],[25.322977423816987,68.86555877250612],[25.32341969168602,68.86562202749612],[25.323907699695127,68.86573694769368],[25.324190957557356,68.8658536091972],[25.32491106862276,68.86595012340547],[25.32602849435909,68.86616095392756],[25.32654247381915,68.86634544155041],[25.326934709044266,68.86653894172517],[25.327202841161505,68.8668046137281],[25.32752039876135,68.8670891332784],[25.327964869628175,68.86726477924944],[25.328715658445674,68.86742508723627],[25.329221550603236,68.86746064642956],[25.32978057834618,68.86746613377562],[25.330216883432968,68.8675254625428],[25.330847711861317,68.8677029389525],[25.331511057238746,68.86789907694468],[25.332136846021687,68.86814378209145],[25.332945787838312,68.86843310654692],[25.33407887993307,68.86892134358062],[25.335924930756097,68.8693981998078],[25.337951013691313,68.86996243146551],[25.338954825415698,68.87015640024049],[25.339970144216263,68.87017146351673],[25.340531933792988,68.86993417305818],[25.341445233904228,68.86994146055585],[25.342406769512866,68.87013323033466],[25.34328950578659,68.87038976008044],[25.343499872660257,68.87063973457226],[25.343745041531246,68.87080741317521],[25.344204798432703,68.87097717188588],[25.34474872539918,68.87111142275171],[25.34537751508741,68.8713194053628],[25.34612899932117,68.8714735227156],[25.346988519523112,68.87166021677811],[25.3474941952355,68.87181099950678],[25.348725249634942,68.87212879800657],[25.350480109897948,68.87245338031661],[25.35246521069245,68.87290648530576],[25.353506053469737,68.87335043569442],[25.35385975121626,68.87379289513098],[25.354298455981574,68.87405539579348],[25.355580446861254,68.87414526919939],[25.35732875637362,68.87409614853142],[25.357808357782847,68.87425982559324],[25.358464009540665,68.87456589015248],[25.358625321242762,68.87467754887018],[25.359011451303445,68.87473020795991],[25.35948069109067,68.87503447489394],[25.359718891043933,68.8753008785344],[25.36029218907461,68.87548718795557],[25.36160868488729,68.87561163224737],[25.3622944610299,68.87574057858708],[25.36290837971054,68.87592387771313],[25.36441715467987,68.8763910527546],[25.366817447982434,68.87695852382915],[25.368602048354365,68.87736713157656],[25.36913853398103,68.87745180092878],[25.370274003092746,68.87761295633456],[25.370661936144877,68.87772329939878],[25.371224093030463,68.87774085209597],[25.371761455964283,68.8778338017049],[25.37211126085462,68.87794561489713],[25.37258708229079,68.87829837442794],[25.37308411395405,68.87892096287008],[25.373428232866605,68.87931574743129],[25.373315655893677,68.87969393121247],[25.373754881891628,68.87994893146059],[25.37482717774844,68.88016160045493],[25.375443281364863,68.88035342181452],[25.375246129852815,68.88089297998819],[25.375596283075907,68.8809758401132],[25.37650221207794,68.88111294547011],[25.377475073751427,68.88126291213322],[25.379290422553744,68.8818001784322],[25.380261077499437,68.88204184548563],[25.38214970780228,68.88226640962506],[25.383482409256803,68.8826509606537],[25.384966240934123,68.88297963552358],[25.38728075811977,68.88334412955658],[25.38922681296459,68.88364393256875],[25.391098925505354,68.88402866037349],[25.39362384101008,68.88453574507716],[25.395618300030176,68.88487263838053],[25.39696400059084,68.88518536359649],[25.397836390375236,68.88560161740148],[25.399292794054894,68.88606467585889],[25.401060496616722,68.88656931977366],[25.401553463177283,68.88698083368455],[25.401601883572493,68.88702125280861],[25.401454763021373,68.8872729596497],[25.400862591911974,68.88742996424807],[25.400563736300917,68.8875739676793],[25.400298353579807,68.88772440409524],[25.399834781069497,68.88779957608361],[25.39949222407406,68.88786136366711],[25.39931902617652,68.88789260293996],[25.398970627117613,68.88801778260368],[25.398549495462344,68.88820957160637],[25.398579532259614,68.88830290800468],[25.398609044911577,68.88839461841415],[25.398428596131286,68.88859048473059],[25.398389785858395,68.88863261164815],[25.398102650114282,68.8888047186789],[25.39828821072387,68.88893156110463],[25.398293391864435,68.88893510311863],[25.39828777557012,68.88894414327102],[25.39806290745035,68.8893060728494],[25.397514631606366,68.8897414875705],[25.396798275312666,68.89013221599654],[25.39665875979928,68.89041840341122],[25.397538065296384,68.89069583446253],[25.398559344222413,68.89102358420035],[25.399982221218117,68.8911592391588],[25.40220842452486,68.89135141743877],[25.403547951392987,68.89160253909348],[25.404877840602893,68.89198813633239],[25.406028227641148,68.89227417760101],[25.407641412341185,68.89249724653028],[25.40956475113596,68.89265590494826],[25.41042455632351,68.89268743291747],[25.410781849807087,68.8927005268218],[25.411099946143985,68.89271218684446],[25.41248210085366,68.89256412645561],[25.41423168893954,68.8921855665443],[25.415222474210218,68.89185835992492],[25.416037711727665,68.89175798733388],[25.416675396464463,68.89171282452965],[25.41782247753094,68.89147950276553],[25.418116878247762,68.89142239207429],[25.418135781909836,68.89141871820776],[25.41899944119969,68.89125116770686],[25.419705541490128,68.89115831237007],[25.42059250526991,68.89121630090332],[25.421149849252917,68.89133409706618],[25.421486531297642,68.89153265696189],[25.421953238682647,68.89195142684731],[25.42211153464703,68.8921119370233],[25.421888971640062,68.89239547235921],[25.421665699692195,68.89265222368583],[25.42175671742306,68.89284211841087],[25.422218221145595,68.89288258278417],[25.42271327639735,68.89295554226183],[25.42314423583201,68.89310022303619],[25.423702144868283,68.89337132603505],[25.42467214566707,68.89367434754243],[25.426016918867045,68.8938270180384],[25.427203537937338,68.89401248645704],[25.42807381255628,68.8941856820392],[25.428393459306,68.8942253299616],[25.428854031738993,68.89419287922082],[25.429235855569207,68.89407405553281],[25.42958637409704,68.89391824357497],[25.42986859707955,68.89376791872816],[25.430244336940806,68.89373468154349],[25.43069969490235,68.89377557648217],[25.431017172968616,68.89384579101636],[25.431780008561095,68.89385893290584],[25.432613708238428,68.89382990550986],[25.43340568821331,68.89391058868249],[25.433921533969002,68.8940560202495],[25.4342312654073,68.89423626646551],[25.43481541543124,68.8943762066464],[25.43534954239327,68.8945034572119],[25.43602066715859,68.89461359955644],[25.436609062692607,68.89473884048792],[25.437190287219078,68.89487513110406],[25.437911895878834,68.89499185599358],[25.438632217859805,68.895126921181],[25.43912771123769,68.89532108669914],[25.439567083245073,68.89551239531947],[25.44010393758152,68.89567869742545],[25.440603764550865,68.89581172520764],[25.441084477636412,68.89597516886829],[25.442563199650984,68.89642911272031],[25.44469879525397,68.89697528864244],[25.44610318787523,68.89726276147638],[25.447500469907727,68.89748036486505],[25.449404479907606,68.89771937192113],[25.451662332223975,68.89792537331512],[25.453391356615438,68.89814875058363],[25.455007158528584,68.89834691530257],[25.455516446771732,68.89859009294445],[25.455729629238956,68.89894069019574],[25.4562265431893,68.89936115119187],[25.456727381379306,68.8996770882664],[25.457221218029463,68.89989155754812],[25.457977441383775,68.90005839599104],[25.458729293839035,68.90015519352815],[25.45933044566955,68.9002906339252],[25.460083891123634,68.90049743736213],[25.46101826755887,68.90076246074497],[25.462697511685015,68.90102840311577],[25.464163889378074,68.90142699831611],[25.4660120678713,68.9019513542307],[25.46869304383442,68.90246481859265],[25.471386341337176,68.90287381456825],[25.472319787849152,68.90305254645995],[25.472944830259166,68.90329545126741],[25.473591009165002,68.90366202298243],[25.47432299872132,68.90423070953308],[25.474802899229466,68.9045168356266],[25.475241760622684,68.90457918048341],[25.475887254118547,68.90452566666178],[25.476364210840938,68.90452993117914],[25.477951683523923,68.90467021724527],[25.479428564604156,68.90478904588902],[25.48026746664936,68.9049976070201],[25.481195168515793,68.90507481616412],[25.481587033973653,68.90505819541694],[25.481740733248856,68.90491019381133],[25.48173426446281,68.90477225770377],[25.48200256760531,68.90469708705227],[25.482526365739805,68.90473334621088],[25.482979868534752,68.90474887389084],[25.48363264111035,68.90477856366732],[25.484215118045988,68.90475407891734],[25.48484536220592,68.90468261490605],[25.485321028658678,68.90456286907308],[25.48626051855098,68.90446781004052],[25.486883389048582,68.9044602267878],[25.487803064755287,68.90459616549873],[25.488866929974535,68.90459952103649],[25.48908734658485,68.90456842546578],[25.489522143481892,68.90450708243462],[25.48963768202416,68.90449077504087],[25.49004371042932,68.90443349692357],[25.4907445475142,68.904221528308],[25.49158208551866,68.90414896153477],[25.49244020159508,68.90390994199177],[25.493121164090855,68.90363931919484],[25.49369558149456,68.90338884931104],[25.494085971542663,68.9031124070507],[25.49420777211989,68.90295322177731],[25.494247532027128,68.90290125626676],[25.494406841422595,68.9026163117715],[25.494593106224315,68.90242732293903],[25.49480463269912,68.9019786487626],[25.4947958046226,68.90162793429573],[25.494536535005082,68.90117425195488],[25.494257002111848,68.90082492323447],[25.493707729863747,68.90056348153502],[25.493357801592477,68.90028005524127],[25.493239309521837,68.89988937450015],[25.493313942200725,68.89975203976954],[25.49334801483945,68.8996893213077],[25.493848302488104,68.89946711841206],[25.49452522023742,68.8993143923922],[25.494725437108553,68.89926661358658],[25.495138964351764,68.89916793251832],[25.495411618515487,68.89910287107206],[25.495457120900628,68.89908430889538],[25.496202728118867,68.89877994027322],[25.4972436876575,68.89853214182959],[25.497904091055112,68.89838610171574],[25.498049495128395,68.89835395076885],[25.4984295964141,68.89826989803584],[25.500327747596685,68.89784222917127],[25.5017488979201,68.89759958861644],[25.502908637623364,68.89747935749733],[25.503959679264238,68.89750636965799],[25.504983142452133,68.89744124640374],[25.505967607606582,68.89731209091026],[25.507221050649417,68.89710450978319],[25.50810939590028,68.89703150909384],[25.508960467375513,68.89692492539565],[25.50972917110009,68.89667031797916],[25.510181286971385,68.89641768563828],[25.510554994589988,68.89615486778366],[25.51089233337676,68.89584422120845],[25.51118078242745,68.89547612249679],[25.511324315328384,68.89510675539303],[25.511534968064556,68.89471897486433],[25.511848674561858,68.89443942125907],[25.51231523870575,68.89410559143224],[25.513079010536497,68.89371563132414],[25.513642068773372,68.89345321372883],[25.514072717459364,68.89324915582775],[25.514561566962875,68.89298697616262],[25.514991156718107,68.89272499357679],[25.51543289415204,68.89250252543933],[25.515851456537007,68.89228110033193],[25.516430525191502,68.89209623594097],[25.517060432127707,68.89194476207123],[25.517526302424844,68.89187754554607],[25.51844426602121,68.89175248966231],[25.519122514556948,68.8916633607551],[25.51951308376546,68.89150059437091],[25.51980602039822,68.8912986816192],[25.52040411100577,68.89102829142874],[25.521182804698682,68.89081648596576],[25.522261959741954,68.89064529211473],[25.523070320304953,68.89058103058034],[25.52342822851047,68.89055087046673],[25.52397949156618,68.89062047917184],[25.524410417906555,68.8905708627822],[25.525395898966845,68.89049664393795],[25.525967682228657,68.89040056529001],[25.526442124317953,68.89022535754964],[25.526857557407634,68.88992485774355],[25.527254135397875,68.8897097201856],[25.527682258302256,68.88934831945375],[25.528283090455627,68.88896818054697],[25.528828729267975,68.88867648089781],[25.5296228254568,68.88835729393838],[25.530541805554567,68.88803708086759],[25.531385311071585,68.88791157467574],[25.532064275980773,68.88784881181647],[25.532729696871613,68.88772979283405],[25.53350338066339,68.88754307792355],[25.53408518287776,68.88737966340327],[25.534871611995285,68.88726167765726],[25.53556562365192,68.88720608043177],[25.536411791008465,68.88716583759336],[25.537248201729895,68.88707324356716],[25.538020950845507,68.88694683632666],[25.53898093032958,68.88677926930495],[25.539847747346936,68.88662515069136],[25.540749997071938,68.88653310414298],[25.541571100278382,68.88646222098895],[25.54266078305355,68.88639448174179],[25.543864326003593,68.8863454886114],[25.544950126542744,68.88633699041044],[25.5460812976505,68.88638814791713],[25.547052291409475,68.88649195189437],[25.548215223601748,68.8866444079953],[25.549440934723727,68.88684491011989],[25.550572567116298,68.88707311001889],[25.5516396387077,68.8872817537489],[25.552620417624613,68.88739936943462],[25.553647213180067,68.88741760044319],[25.554506822344145,68.88737262678603],[25.555288635436135,68.88730798948994],[25.556041320778082,68.88728586396695],[25.556796147017284,68.88723049075028],[25.5572469639975,68.88712925681565],[25.5579650204031,68.8868887833786],[25.558384793989365,68.8867165344844],[25.558868555661395,68.88657333418246],[25.559346773169114,68.8865156172689],[25.560007193939676,68.88649269489635],[25.56071817193929,68.8865034489255],[25.56136543605236,68.88648041011947],[25.56189631494741,68.88642312283896],[25.56244622918873,68.88627572396504],[25.5628769536653,68.8861368102388],[25.563403733563824,68.88600753172854],[25.56405154860104,68.88590629023916],[25.564804067034345,68.88588698746005],[25.565659287129,68.88590844507632],[25.566608253307308,68.8859069246662],[25.56746470451962,68.88590938684979],[25.568242743434276,68.88590167511411],[25.569009137421727,68.88587009929296],[25.569805237588135,68.8857865068237],[25.570512216360434,68.88565465615737],[25.57101511150099,68.88552024720171],[25.571646465758153,68.88541884085375],[25.57252618945696,68.88528192618433],[25.57280048488892,68.88524840603333],[25.572869873619613,68.88523992645607],[25.57373648870243,68.88513401689634],[25.575192113003258,68.88499799939186],[25.576234218376033,68.8849000111938],[25.5773672175729,68.88479977894437],[25.578509967015805,68.88465252773139],[25.579388691881615,68.88451256469844],[25.580363572680525,68.88434759269182],[25.581195828722347,68.8841885486797],[25.58234859942164,68.88390174022993],[25.58275781802282,68.88380342896957],[25.582965482904346,68.88375354309642],[25.58304241927644,68.88373505654738],[25.583156294383883,68.88370770325136],[25.584382826564912,68.8834850852818],[25.58557905985961,68.88332396907195],[25.586914400227432,68.88325428319189],[25.588139488813564,68.88325969065988],[25.588841654233832,68.88326551043966],[25.589377478325154,68.88326994957814],[25.590357677026326,68.88339685254404],[25.591270208151624,68.88355169702615],[25.59237197955582,68.88363207684594],[25.59346389879906,68.88366010582774],[25.594231901431197,68.88380898619813],[25.59449515591667,68.88388154949634],[25.594995996831134,68.88401960164349],[25.595751747240833,68.88415411910813],[25.59654656019939,68.88426831515166],[25.59747641734879,68.88438690274702],[25.598243752185933,68.88453417139586],[25.598839963124185,68.8847143403597],[25.599609320336437,68.88480792370693],[25.60007718078617,68.88485001156734],[25.600328710632503,68.88487263714923],[25.601032060002105,68.88504717430372],[25.60121548147188,68.88513484822172],[25.601657120398574,68.885345944605],[25.60172263609214,68.88537725886128],[25.602054006440277,68.88556011348136],[25.602555118835262,68.88576377922186],[25.60288076647901,68.88602174768799],[25.602945620655706,68.88617593625982],[25.603039804373147,68.88639985052667],[25.603080932982817,68.88649763178228],[25.603373197039414,68.88679204187082],[25.603719855529125,68.88714648458473],[25.604070685053486,68.88748980337866],[25.604718261695,68.88782460683791],[25.6055083593493,68.88804488594167],[25.606314618505706,68.88821778393589],[25.606984371325396,68.88846558794826],[25.607635581826372,68.88879875087885],[25.60817872693528,68.8889647372322],[25.60881646453404,68.88909348620857],[25.609650350951288,68.88923678610075],[25.610168861074488,68.88935957817948],[25.610785794611186,68.88966117922195],[25.610873798835883,68.88970419194865],[25.61101285170488,68.88975378259548],[25.611582871794017,68.88995704221345],[25.612400942118633,68.89015376020379],[25.6133261322517,68.89041085789553],[25.614138720104314,68.89056567799203],[25.614914136428645,68.89064460004273],[25.615610608335476,68.89067876731825],[25.616544516665147,68.89071011846566],[25.617466588546378,68.89073498784091],[25.61851930370372,68.8907316703591],[25.61958365541589,68.89080551251625],[25.620879405412126,68.8909495741555],[25.621871805743627,68.89110014323461],[25.622790967087955,68.89136889973283],[25.623219327203064,68.89155383096752],[25.623621300717218,68.89172737989072],[25.623810147282846,68.89193779641512],[25.62391985469545,68.89221589021598],[25.624159806967313,68.89232453776224],[25.625110464515817,68.89243768598196],[25.62603974447484,68.89254496030028],[25.626834416263257,68.89268993829829],[25.627346773109327,68.89292585174698],[25.62746285326862,68.8929792989188],[25.62814491847968,68.89330515568186],[25.628269317012293,68.89357970554347],[25.628235846570472,68.89390728127353],[25.62802223896494,68.89422300188566],[25.62792546061235,68.89433249219901],[25.62775689632916,68.89452319786574],[25.627561365178366,68.89475874380034],[25.62741109541985,68.89505985723176],[25.627239979951415,68.89550996106642],[25.62705945996418,68.89586961355093],[25.627000185570424,68.89618747359303],[25.626718561670543,68.89668883778594],[25.626807767287005,68.89695088835639],[25.627200976129092,68.89720112474626],[25.627602696347846,68.89741922816236],[25.62769843446563,68.89747120865967],[25.628227284216912,68.8976607656548],[25.62908061525037,68.89793370899493],[25.629863974025245,68.89824342040008],[25.629865704057313,68.89824410528574],[25.62986774175424,68.89824536943262],[25.630284731835843,68.89850405019529],[25.630542415871773,68.8986833564463],[25.63087303742798,68.89892313102007],[25.63128519490748,68.89917541220656],[25.63164235940015,68.89936544573193],[25.63211268907988,68.899649542007],[25.63255665390208,68.89993343340774],[25.633034326316345,68.90031262561814],[25.633305112969598,68.90044677130176],[25.633648495650963,68.90061687992711],[25.634312178319945,68.90104330777362],[25.63431755211569,68.90104780814967],[25.634460732249092,68.901167641621],[25.63446127698382,68.90116809360077],[25.634562509244557,68.90125279350076],[25.634696466030913,68.90158504883767],[25.634742483121283,68.90177463748662],[25.634801614134798,68.90201825754227],[25.635097743984726,68.90234847364685],[25.635660167220788,68.90263805014159],[25.63637549930314,68.90280057562704],[25.63718604895149,68.90291633426462],[25.638364535511585,68.90305404581343],[25.639635002388154,68.90319721868266],[25.640534362883002,68.90337069460726],[25.641275552339067,68.903542902126],[25.642197772985824,68.90377356511681],[25.642701415209036,68.90394862249676],[25.643099297680237,68.9041275888142],[25.6434511472171,68.90419690190117],[25.644276722007813,68.9042842483285],[25.645165909801698,68.90435475696972],[25.645953065492062,68.9044076841807],[25.646165589668218,68.90442197464485],[25.6466875588399,68.90449725358116],[25.647275817390785,68.90463116597375],[25.647449520579894,68.90468419578663],[25.648026809508053,68.90486043764335],[25.648691588979716,68.90509410044734],[25.64920817956989,68.90525824949844],[25.65002571167753,68.9053894219744],[25.650902626342535,68.90550088472884],[25.6515171384537,68.90553587022491],[25.65167814330321,68.90554503587848],[25.65250927418182,68.90554210178935],[25.653354086101782,68.90554595093565],[25.653691875556408,68.90563820093621],[25.653823503566226,68.90567414801346],[25.6542301682943,68.90587404033387],[25.654306544581175,68.90613596262047],[25.653948457445882,68.90638495333246],[25.653679743077717,68.90668215802515],[25.65347809486415,68.9070229929507],[25.653401331555035,68.9072312653058],[25.653362972950486,68.90733534110556],[25.65346229933664,68.90782314378397],[25.653529694344858,68.90806360065598],[25.653980172425342,68.90824771092136],[25.654277714913015,68.90843248388262],[25.654502949834107,68.90857234959297],[25.6548640041466,68.90885974370774],[25.655154705661364,68.90910745947649],[25.655357506629525,68.90946065506749],[25.65549515263979,68.90984875883451],[25.655515962556926,68.90992637950116],[25.655589061463967,68.91019925543957],[25.655793458248535,68.91062767693144],[25.65597197305057,68.91107142950506],[25.65613773472892,68.91160013016739],[25.656254812178084,68.91206193129057],[25.656211180537564,68.91242120954294],[25.65607218838369,68.91263887668276],[25.656001949308077,68.91274887227418],[25.656025634803758,68.91301037883154],[25.656231346638986,68.91331608086189],[25.656502156022977,68.91363654824744],[25.656527962635156,68.91372150620917],[25.656582242047325,68.91390019351863],[25.656488344616182,68.91406009230737],[25.656398597023113,68.91421292565886],[25.6563186001971,68.9144855794569],[25.656366547355315,68.91474025432356],[25.656793203301998,68.91503408682895],[25.65691557175874,68.91521868434602],[25.656959112175564,68.91528437045218],[25.65706112002579,68.91551296130724],[25.657079886251385,68.91566425994029],[25.65708724103185,68.9157235541285],[25.657138026144267,68.91613347608921],[25.657015146898946,68.91652968114288],[25.657129888364317,68.91680918992765],[25.657463379728746,68.91714581078622],[25.657579549070107,68.91726287993687],[25.6576149471961,68.917298551256],[25.658047877763224,68.91773482626792],[25.658629871758045,68.91814801281393],[25.65922940802197,68.91849006814975],[25.659965593556127,68.91871644402826],[25.660291802612566,68.91881675112509],[25.660824382059644,68.91915013681148],[25.661047194004308,68.91954905847237],[25.661099705960908,68.92007742763646],[25.661561936788306,68.92050867166425],[25.662071764340187,68.92102580904037],[25.66212829231259,68.9213487560531],[25.66216002408529,68.92153013906804],[25.662125914185584,68.92166284132394],[25.662056427478316,68.92193318022227],[25.66234637667506,68.92215876527264],[25.66275673889189,68.9223732353337],[25.662909371848382,68.92245300499245],[25.663254967361834,68.9226315106674],[25.66371529106907,68.92287743791536],[25.664111386977215,68.92309434296367],[25.664326801150445,68.92324331870121],[25.664417332849553,68.92338947476796],[25.664507202895123,68.92353455725272],[25.664697757446856,68.92399398343878],[25.664790796526276,68.92436224503963],[25.665067427376986,68.92469044760544],[25.66587169838209,68.92498486946741],[25.666791655904426,68.92527238848155],[25.66731061988739,68.92564229032509],[25.66759320022955,68.92599133659004],[25.66814201325427,68.92630445381685],[25.668740375466378,68.92660422259169],[25.669387816788067,68.92704935599575],[25.669606377816855,68.92719961652983],[25.67042871919843,68.927795184821],[25.671344106093592,68.92860052283052],[25.67205155305766,68.92935197536931],[25.67276216149223,68.93005119114206],[25.672645455783503,68.93023557870681],[25.67261245848562,68.93025674439669],[25.671800358253524,68.93077761278266],[25.671856598680243,68.93093810511671],[25.672363612014,68.93127400692457],[25.672776913134122,68.93179887794717],[25.673744886850454,68.93237744137487],[25.674925738721026,68.93316582216262],[25.67632025816503,68.93413639190751],[25.67733650022495,68.93480944901454],[25.677927833884606,68.93511534562198],[25.67839642694719,68.93535774112111],[25.679403986404065,68.93586940790492],[25.680164157033836,68.93638508720207],[25.68063079874125,68.93694968245876],[25.680927859728957,68.93725688248071],[25.68109181364882,68.93742642827243],[25.681565462082254,68.93802562837904],[25.68160378909765,68.93807413053743],[25.682118446029452,68.93867782481864],[25.682498597828612,68.93897237776964],[25.683019972527013,68.93920748955327],[25.683465256031283,68.93943650421929],[25.683858753345074,68.9397641649048],[25.684988645243774,68.94057067240797],[25.686468075477293,68.9414183785853],[25.686891261626332,68.94176276505215],[25.68738969488921,68.94208321925117],[25.68802594191734,68.94249226096778],[25.689062479329362,68.94307243404329],[25.689522411439555,68.94382974385302],[25.691048739653052,68.94466677108906],[25.691341552619544,68.94514769333747],[25.691305813988414,68.94544932942912],[25.691280330233074,68.94566441864434],[25.691833496254993,68.94614182791311],[25.69211744920466,68.94632497851683],[25.692437806984678,68.94653160485544],[25.692494388623135,68.94660993400501],[25.692805527979864,68.9470406080291],[25.69294025303583,68.94734975125868],[25.692719575197476,68.94771670408493],[25.692329332130324,68.94784576344891],[25.69153617866186,68.94805976563221],[25.690991319347216,68.94821514900795],[25.690395368100734,68.94845817885452],[25.690561295959515,68.9487565562724],[25.690796237835126,68.94918201289875],[25.691172118893768,68.94955353720854],[25.69130846692831,68.94983518302608],[25.691499801127275,68.95022179496601],[25.691741913516942,68.95078486132975],[25.69193337971747,68.95117889725067],[25.692069304700546,68.95145862214352],[25.69259661424914,68.95185880475852],[25.693270729573186,68.95236465387707],[25.694224528878575,68.95305969989947],[25.694475507220858,68.95321567992234],[25.694922167257538,68.95342816560795],[25.69539583369794,68.9534427920151],[25.69578093159,68.9534017185866],[25.696259953109994,68.9533862810055],[25.69647107005833,68.95337947609474],[25.697192462805678,68.953346473821],[25.697848677196177,68.95337663890082],[25.697909958976123,68.95337945632438],[25.698530796126644,68.9534942232907],[25.69886160443009,68.95364557280264],[25.69900775834967,68.95371243920772],[25.69922936031119,68.95385752371587],[25.699449908032587,68.95400191368059],[25.69969026260924,68.95433936678079],[25.699696060834928,68.95463769874036],[25.69969785646348,68.95473006942582],[25.699680057698785,68.95490255994449],[25.69966211770304,68.95507642538387],[25.69984159198803,68.95540791506464],[25.700264929698914,68.95575776540102],[25.700754360663442,68.95602558348378],[25.701254239335206,68.9563760143284],[25.7017847452886,68.9567266755041],[25.70196580576205,68.95683995784239],[25.702579385292918,68.95722384739729],[25.702976710111766,68.95754452870561],[25.703161718106195,68.95773034863484],[25.703280297574043,68.95784944660411],[25.703828665747654,68.95822885710926],[25.703971775245535,68.95832787030848],[25.704042656839743,68.95838879952503],[25.70420382730159,68.95852733589798],[25.70438748084499,68.95868519448136],[25.704620742819696,68.95900954347785],[25.704758088989728,68.95928191025963],[25.70479903160696,68.95936302151233],[25.705257780151232,68.95989469646271],[25.7056767709203,68.96032152623108],[25.706279107224802,68.96075524933188],[25.706712969220177,68.9609290989975],[25.70710640553744,68.96100910165772],[25.707487126297497,68.96104500223882],[25.707849949940485,68.96112477151925],[25.70810307439547,68.96124772789184],[25.708419344958614,68.96133815090622],[25.70872466979278,68.96161555769586],[25.709058019769135,68.9619372039123],[25.709168107590294,68.96241120212133],[25.709146253402672,68.96254417207206],[25.709096758195344,68.96284532024413],[25.709342649981295,68.96335336198625],[25.709482532134892,68.96358000464616],[25.709772602837603,68.96385729576994],[25.709726212889077,68.96412654784392],[25.709742675169768,68.96436876279404],[25.709987135320198,68.96464020140719],[25.710386002004245,68.96489080278226],[25.710949384454903,68.96520867067882],[25.711395718987653,68.96544238830083],[25.711930195576894,68.96572225324176],[25.71249460974912,68.96602361967409],[25.71290752047312,68.96629633110707],[25.71334788245846,68.96662426186892],[25.71360902031632,68.96687381795964],[25.713655486154153,68.96712726420493],[25.713545983469736,68.96742904945587],[25.713372014940294,68.96778536288565],[25.71327716404509,68.96809826535453],[25.71291377490132,68.96828809466301],[25.712726248796493,68.96846940907665],[25.712654031237623,68.96853923524154],[25.712460998883785,68.96869733938685],[25.71223506154829,68.96889371056936],[25.712158964835982,68.96897833375667],[25.712038488725348,68.96911230792665],[25.712147484527136,68.9693442136238],[25.712403501190707,68.96968176216959],[25.712742076541677,68.97017950062838],[25.713154663994178,68.97072180048055],[25.71333643254151,68.97090933529024],[25.713573690600278,68.9711541140861],[25.714031931843344,68.97170225465919],[25.714224838450125,68.97207234530426],[25.71410287669971,68.97232452386251],[25.71383290477319,68.97248754657932],[25.713577294575426,68.97266719337945],[25.713283634795765,68.97291195239262],[25.71315858205167,68.97301616649543],[25.713152153018086,68.97301932843278],[25.71308764025581,68.97305099096867],[25.71271695573144,68.97323291843347],[25.71240928386928,68.97351670552146],[25.71252686332724,68.9738642182763],[25.71239277996651,68.97406128182429],[25.712215324135244,68.97421399571564],[25.71178540849875,68.97449136294712],[25.71195409360339,68.97475122832762],[25.711984932352525,68.9747751396311],[25.712276559963062,68.97500124789109],[25.712865837242738,68.97514323113707],[25.71331664879458,68.97529518684526],[25.713578851328045,68.97552824359154],[25.71356312065951,68.97579771710379],[25.71345386846336,68.9760940064883],[25.7129483360869,68.9763542929456],[25.712711232871243,68.97644369860623],[25.712619301527464,68.97647836396665],[25.7123447928716,68.97671838714206],[25.712241532034625,68.97717426956604],[25.712301124499593,68.97737439328662],[25.712369614999538,68.9776043911604],[25.712094125283723,68.97786091043805],[25.71196185238416,68.97795625195751],[25.711822165684204,68.97805693652461],[25.71188541602668,68.97819386591614],[25.7119037762387,68.97823361469361],[25.711865601738886,68.97827040252942],[25.71166017644686,68.97846836137816],[25.711520513089123,68.97864658128873],[25.711585622958317,68.97877046364961],[25.711643212061137,68.97886830244174],[25.711676542942314,68.97897466731068],[25.711516602045936,68.97908900467051],[25.711593126665917,68.97926081789039],[25.711905232772065,68.97967499668378],[25.712129536171695,68.98013900789346],[25.712407642973965,68.98062527478052],[25.71304957591492,68.98118031628903],[25.713979803851448,68.98152293519668],[25.714619648534164,68.98185236145211],[25.71508647582819,68.98225751605123],[25.71563633954811,68.9825532534492],[25.716309084816313,68.98266576423882],[25.71653192085677,68.98270303089043],[25.717011638267543,68.98288820104075],[25.717498965949275,68.98320547417956],[25.717633421702256,68.98333384324852],[25.718090404378763,68.98377012785551],[25.718137902578828,68.9838154753692],[25.718213863647005,68.9838603653091],[25.718864041928082,68.98424457597257],[25.71925630306104,68.98461614389242],[25.719486822483972,68.98492760211006],[25.719497905289938,68.98494257519225],[25.71954116877694,68.98498580056747],[25.719758688867994,68.98520312208942],[25.719943821023108,68.98544659752885],[25.719890606966676,68.9856075806542],[25.71986943832188,68.9856716172348],[25.71986691136184,68.98592020787538],[25.71986634813881,68.9859767689052],[25.71986621287728,68.98599070625957],[25.720184458314016,68.9863177110721],[25.720999461329786,68.9868024802306],[25.72149689805725,68.98703241901106],[25.721701165724298,68.9871268413728],[25.722086188640922,68.98736080141849],[25.72225117115627,68.98765033644935],[25.722250858001267,68.98793747820669],[25.72212060772724,68.98821193517026],[25.72219475385161,68.9886227032802],[25.72232954366416,68.9889656382576],[25.72235697429162,68.98903542732711],[25.722537381912332,68.98936138828272],[25.722843270198766,68.98963876956444],[25.72357543050598,68.98996885803689],[25.72394456864006,68.99021370179477],[25.72475305540102,68.99054985303547],[25.725291122118694,68.99079044579435],[25.725974174191247,68.99117516716996],[25.726522204368088,68.99150937001804],[25.72710054403856,68.99184929333768],[25.72757323925494,68.99216092601087],[25.728015261918923,68.99247232109128],[25.728773785495083,68.99287960487825],[25.729187106554964,68.9931577741651],[25.729673591908384,68.99349700746576],[25.730221076491993,68.99384219696518],[25.73069922390094,68.99406032464486],[25.7313316267123,68.99426308070113],[25.73208474003272,68.99439828807775],[25.73300931688857,68.99451062432189],[25.73377744524214,68.99466634272122],[25.73479369393261,68.99501022528477],[25.73611607931348,68.99530715431216],[25.737126739042765,68.99547980922513],[25.73826820434499,68.9958488028601],[25.738793462381842,68.99610696417996],[25.739249171343264,68.9964009292934],[25.74008772554655,68.99678853232749],[25.740520168071892,68.99699742004303],[25.74059684871424,68.99703445965578],[25.74074226202474,68.99724582676451],[25.740547430162255,68.99749481476466],[25.740478176976605,68.99762375161967],[25.740444410482468,68.99768662121431],[25.740658444650578,68.99785467673676],[25.740947434958766,68.99800943599739],[25.741400480855738,68.99813380730801],[25.74148266918005,68.9981523301658],[25.74193048232914,68.99825324841827],[25.74250053673649,68.9984775241382],[25.742996113985214,68.99866272333432],[25.74332401587645,68.9988301965236],[25.743385667239085,68.99889178611512],[25.7435126618207,68.99901864845106],[25.74357085696523,68.99910654537476],[25.74361149587704,68.99916792314185],[25.743941526440864,68.99932573940261],[25.74397758094129,68.99934297955814],[25.744149037157083,68.99942496425025],[25.744656860879882,68.99966527113533],[25.745311759845315,69.00001669721854],[25.745806454573984,69.00021839757886],[25.746911984597904,69.00049665055202],[25.747522922711397,69.00067106773827],[25.74868976923372,69.00103728815772],[25.749797485827997,69.00143292706939],[25.75005797984809,69.00152595581098],[25.751018444246355,69.0019016013526],[25.75208856650934,69.00256210117085],[25.75319773536239,69.00317378295625],[25.75445704723573,69.0037588091893],[25.75538045595955,69.00416245282518],[25.756037587748462,69.0043899160972],[25.75667995244675,69.00430082254569],[25.757373607277447,69.00417108105536],[25.757935930790985,69.00405209898429],[25.75866323968896,69.00390501492946],[25.759253908010688,69.00386242288351],[25.759736267553198,69.00373113159876],[25.759958113062652,69.00360619082045],[25.76035901087798,69.00357059020986],[25.760565861050345,69.00358034541526],[25.760615602884073,69.00358269164104],[25.76104756328101,69.0036030787891],[25.761593438924248,69.00371707299004],[25.76201511283276,69.00385767541162],[25.762159195061468,69.00402377198907],[25.76241699639389,69.00435025381435],[25.762737993821823,69.00464417254331],[25.763373675324825,69.00507241305174],[25.76439329639802,69.00576751961636],[25.765399813998314,69.00642400884577],[25.76559994938162,69.00651352071759],[25.76646257811757,69.0068993290018],[25.76710361102628,69.00723406534183],[25.767317668420713,69.00752170668383],[25.767462046024622,69.00795739622731],[25.76747010179672,69.00796667877023],[25.76780799447215,69.00835601900734],[25.768244776968654,69.00877730842093],[25.768833720609297,69.0092217022277],[25.769469674202618,69.00958123423379],[25.769651871983363,69.00968423717234],[25.77031664973448,69.0101456741332],[25.77060102713838,69.01054935748658],[25.77065080479378,69.01061050138549],[25.77083080105774,69.01083159930226],[25.771200957335957,69.01111771274374],[25.771448696939853,69.01130919912313],[25.772020598769426,69.0117864683385],[25.772579623340135,69.0122196275894],[25.772848124071867,69.01243262034716],[25.77302056187453,69.01256940761654],[25.773343903745555,69.01273737964082],[25.773557522313887,69.01284834957428],[25.774032245330357,69.01314334925407],[25.774278648916287,69.01340370221038],[25.77451923597734,69.013768548484],[25.774557221041167,69.01381495279199],[25.774702098926962,69.01399194159428],[25.774887589590946,69.01421854203636],[25.775207319133383,69.01464276738788],[25.775326411451665,69.01498473925567],[25.77532938843344,69.01540911427408],[25.775329847658195,69.01547443262156],[25.775392198383543,69.0160085593149],[25.775634082092147,69.01635140202703],[25.775928182744966,69.01662939416289],[25.776173672920933,69.01686143243653],[25.776774045011347,69.01738290114967],[25.777265469171947,69.01790983240801],[25.77744106924335,69.01828027138878],[25.777396418723825,69.01861426395132],[25.77731213074706,69.01930140025466],[25.777127790556587,69.01985576842087],[25.77677704588895,69.02036494117333],[25.776172400559712,69.02074575525498],[25.77598551583408,69.0210690255361],[25.77596775656185,69.02138800540686],[25.776046302198917,69.02167002050238],[25.776082916056005,69.0218014728367],[25.77599060916457,69.02235649865051],[25.77597948687667,69.02236382725707],[25.77578133221311,69.02283342906433],[25.77537889220698,69.02330521331729],[25.7749546774075,69.02358701237426],[25.774264916485606,69.02392428305866],[25.77383669439128,69.0241422651198],[25.77365949941327,69.02423246256436],[25.77350708684207,69.0244297863569],[25.773460864112405,69.02448962885822],[25.773114564386145,69.0249162977684],[25.77256584307237,69.02564669942153],[25.772310471807582,69.02611545073803],[25.772043958260117,69.02648765842343],[25.771816110407034,69.02671710418957],[25.771228723805397,69.02705950888752],[25.77096925314283,69.02730523733507],[25.77090067021166,69.02746554771433],[25.7708925953911,69.02753149279789],[25.77085001794997,69.02787920020371],[25.77064921399968,69.02832525097558],[25.770506667652658,69.02860620897448],[25.770133618560592,69.02887954067158],[25.76956614474399,69.02910853405751],[25.769006576551604,69.02930615421717],[25.768524062354334,69.02941643019403],[25.768103031844504,69.02945993756596],[25.767377932410763,69.02949788326366],[25.76732127248903,69.02950084901727],[25.766637611534982,69.02959416326759],[25.76581975228112,69.02976406045784],[25.764727415692736,69.02993715273989],[25.764719052400853,69.02993803066082],[25.763517329395693,69.03006411593597],[25.762868059406536,69.03009057779448],[25.762466051259878,69.03010695957956],[25.761297598043434,69.03009334668596],[25.760362564023865,69.03002380156589],[25.76021952276193,69.03001316050798],[25.75886366445027,69.02973964822357],[25.758056813818246,69.02971312425028],[25.757287425055736,69.02979026209495],[25.75658169113151,69.03001780746557],[25.75593989242718,69.03039058678672],[25.755696624324855,69.03050667016544],[25.754346250623797,69.03115100654125],[25.752714792778384,69.03177003468043],[25.751015293097296,69.03213223880363],[25.75030562111834,69.03251151827158],[25.74993675936965,69.03308464320044],[25.74985581193712,69.03387563735723],[25.75021292529973,69.03454755067274],[25.750743878350484,69.03532369690878],[25.750666564702573,69.0363290768975],[25.75041189503269,69.03705246433715],[25.750046024292985,69.03716274219823],[25.749369554772507,69.03736664035304],[25.748143430168064,69.0376641667582],[25.74774751230648,69.03776023547317],[25.746898824727506,69.03819424316258],[25.74539826182883,69.03965132214253],[25.745266512165276,69.03977924454007],[25.745119284734056,69.04075864863198],[25.745081494706437,69.04101003590361],[25.74525138546362,69.04118528527391],[25.745995927975716,69.04195327734878],[25.746094169087467,69.04279368534485],[25.74540790660539,69.04324196126778],[25.74497369630554,69.04352558230698],[25.744806912309894,69.04371847538962],[25.744586248703985,69.04397363846765],[25.745253575167624,69.04434326392104],[25.74576659396656,69.04444285085533],[25.746097935466498,69.0445071689133],[25.74643416473637,69.04466055897649],[25.74658106618062,69.04472757402137],[25.7468475526741,69.04478993801544],[25.747885545387813,69.04503283670188],[25.747870020592394,69.04504888594694],[25.749164644926164,69.04538393515361],[25.749989569663832,69.04580723652528],[25.750612065384882,69.04617320419067],[25.750674756365303,69.04646270804055],[25.750683252296508,69.04650194550806],[25.750857908768637,69.04682180377742],[25.75089494063743,69.04688961973532],[25.750888405849597,69.04732075950005],[25.75087958079112,69.04736059367929],[25.75081580255649,69.0476484526908],[25.750233330707974,69.04808826377284],[25.749963756670358,69.04840164062176],[25.749541584453148,69.04918370448651],[25.749411747109153,69.0498842384139],[25.749382794270794,69.05039244445258],[25.749348336769764,69.05068179869403],[25.749718591684992,69.05104955280021],[25.750022177282748,69.05119421321557],[25.75097915717483,69.05165020064939],[25.752626976105184,69.05222408365698],[25.753459942436365,69.05259488137173],[25.753963006952784,69.05295340877028],[25.753803179955774,69.05330779078056],[25.753406784999378,69.05348209949632],[25.753212881615013,69.05356736253107],[25.75231481409841,69.05383846940893],[25.751728071408383,69.05398206676965],[25.75094431503448,69.05423945893602],[25.750431523311516,69.05449508328246],[25.74992317593936,69.05479835015426],[25.749690575275523,69.0550926925983],[25.749820104743044,69.05534462862121],[25.750071896466416,69.05548808022284],[25.75077091569977,69.0557055164157],[25.751034532450234,69.0557656911914],[25.751498988640645,69.05587171061453],[25.75213255718488,69.0560748420478],[25.752606554119296,69.05632382973212],[25.752756678449224,69.0565308597205],[25.752727954683795,69.05674949342095],[25.752569268927306,69.05699826817195],[25.752546449829605,69.05703404133016],[25.752603514860244,69.0571143807338],[25.752750558594325,69.05732139992485],[25.752534226044972,69.05777567968632],[25.752393250106525,69.05804443773307],[25.752136905404775,69.0583528366873],[25.75188666482039,69.05855335634763],[25.75156717724133,69.05868931927645],[25.751564630702415,69.05869040222358],[25.751163616671292,69.05888982217766],[25.75121119217007,69.05908388881761],[25.751216202286134,69.05910433063737],[25.750931762970502,69.0592599842883],[25.75092974782656,69.05926032032745],[25.750383403716334,69.05935168751344],[25.749726829084786,69.05950779234185],[25.748922333790055,69.05973360503764],[25.748326843977456,69.05992054886559],[25.748143407723312,69.06012408672008],[25.7479778748225,69.0603482438795],[25.747765948126244,69.06045944654534],[25.7475867730551,69.06055346167693],[25.747387406188672,69.06065807314047],[25.746757208813356,69.06099493028046],[25.746352728427098,69.06126710211741],[25.745809605233607,69.06160815348326],[25.74512474544253,69.06201716261141],[25.744561745805104,69.06265885844849],[25.74356991220449,69.06330719660113],[25.74300887761295,69.06376746845146],[25.7424357596249,69.06410472890472],[25.740384993476212,69.0653636062735],[25.739742035769737,69.06592178166649],[25.739625610401802,69.06602285891151],[25.739211329168953,69.06638249882673],[25.737821235818867,69.06730787975744],[25.737107629886413,69.06806038595597],[25.736968517826025,69.06820707723999],[25.73616574551674,69.06885958183025],[25.735790598674658,69.06912310303981],[25.73558847821131,69.06926507812933],[25.73558270982454,69.06930246838436],[25.735557955299317,69.06946290545302],[25.735115626230467,69.06974108185777],[25.734748311018617,69.07002235251458],[25.733355973949752,69.07108845867803],[25.733113264006207,69.0714281191626],[25.732395975299646,69.07243187189034],[25.731991858837272,69.07274433572023],[25.731106182209082,69.07311781138827],[25.730497868738578,69.07346690116988],[25.7302367454886,69.07361674608472],[25.729490397236393,69.07403690031238],[25.729333726458986,69.07436105005013],[25.72893571942964,69.07501848650148],[25.728876256305753,69.0751167040559],[25.728724983153874,69.07522886844946],[25.72780998789998,69.07590727640633],[25.726739570768814,69.07718409958075],[25.726298741378944,69.07770988748752],[25.725643691227372,69.07830954221998],[25.725016906816062,69.07888328991926],[25.724290925163814,69.07960285330915],[25.72414651994351,69.08011397353025],[25.724181547016737,69.08018653157774],[25.724368203602765,69.0805731809227],[25.72479728718348,69.08077184453857],[25.72490787731764,69.08082304611793],[25.72505660174317,69.08085032408104],[25.726596359823244,69.08113272595006],[25.72842320182895,69.08150114461986],[25.73000848638414,69.08184427049603],[25.73114295885721,69.08217188066159],[25.731514157339102,69.08243092759228],[25.731409735443478,69.08272877652536],[25.731260275347847,69.0828994693956],[25.73104136987148,69.08314946378424],[25.73084881102641,69.08347924176607],[25.730693166676435,69.08374578547848],[25.730432385598686,69.08409421799917],[25.729992716527427,69.08448306132061],[25.729929900924706,69.08453861292978],[25.729207873940332,69.08509516406795],[25.729286387234442,69.08578859787237],[25.729317347550325,69.08606203104131],[25.729307783154702,69.0867027089334],[25.72893412356548,69.08730180714552],[25.728905756852956,69.08734728926352],[25.72877544844299,69.08779296655611],[25.72849749574049,69.08830351506397],[25.72799826529436,69.08882226990588],[25.727639220607347,69.08930264197073],[25.72763815181335,69.08932104366977],[25.72761060496744,69.08979531328616],[25.72756184298953,69.0901596908952],[25.727258368632995,69.09036726296912],[25.72692710239912,69.09047692757913],[25.72665506063035,69.09056698601972],[25.726145661116497,69.09076193313528],[25.72578974037163,69.0909641622611],[25.72556283728113,69.0912493046465],[25.72556250309373,69.09158394046257],[25.72557774084272,69.091631861731],[25.725581046178448,69.09164225535973],[25.725666225466938,69.0919101518872],[25.72562143921882,69.0922055547991],[25.725334130747516,69.09287979730094],[25.725181713130656,69.09352744264953],[25.725227998790412,69.09422346717778],[25.72533211469092,69.09480584208436],[25.72561446996707,69.09564584282849],[25.72615031863325,69.09639900413302],[25.726708010104996,69.09686181974311],[25.72693285659189,69.09718356494847],[25.72721520046869,69.097550387597],[25.72735957835697,69.09791619632043],[25.727829954507786,69.09837312955005],[25.72789499472398,69.09867920406145],[25.727910568818007,69.09888633413014],[25.72799061497873,69.09940938144689],[25.728147135997848,69.10004142990476],[25.728568099018094,69.1003994274825],[25.72942950924725,69.10078039928379],[25.72963092765004,69.10087071249491],[25.73042065208279,69.10122480817658],[25.73069215465909,69.10148146695337],[25.731005089726775,69.10177728846048],[25.731164828005035,69.10203179219253],[25.731162501962377,69.10227263062892],[25.730956406112675,69.10241645434634],[25.730501810905437,69.10263319641189],[25.73050453229163,69.10278686976311],[25.730587207013983,69.10296605116524],[25.730796351290927,69.10317107433804],[25.73106748266053,69.10348364893484],[25.731409749071478,69.10377205282282],[25.73121459917144,69.10418329209078],[25.73101708952535,69.10458049486712],[25.730945625943008,69.10510926451052],[25.730700222960078,69.10553133615875],[25.730316785282472,69.10595237836012],[25.72958306297625,69.10622297186717],[25.729012354630626,69.10645223647313],[25.72877741049048,69.10654661645854],[25.728455183845007,69.1067427590146],[25.7277221456624,69.10697089504441],[25.726830969659122,69.10710442955632],[25.726244512716196,69.10712128330073],[25.725700289617578,69.10713692166945],[25.725139580599876,69.10721450244202],[25.724753599471544,69.10738096852079],[25.724468705879424,69.1075814775097],[25.724406372031783,69.10762534878354],[25.724092358163997,69.10782235174214],[25.723811970009585,69.10810244177256],[25.72308417927169,69.10835057328474],[25.72237013053389,69.10842416297764],[25.721645657740876,69.10847691695479],[25.720848726220463,69.10857479995677],[25.72021894787944,69.10879851775196],[25.72006116397165,69.1091088016546],[25.720129431718178,69.10973222611263],[25.720470314209745,69.11027046842433],[25.7207058350378,69.1106210585678],[25.720845852044103,69.11101246571967],[25.72109132160873,69.11139219052401],[25.721383790709652,69.11176396669758],[25.7214303026769,69.11216297712946],[25.721355631578277,69.1126441434072],[25.721414505667717,69.11303079391597],[25.721460044865854,69.11316938867319],[25.721503416259605,69.11330138435231],[25.72155127281153,69.11336403113806],[25.721698028891122,69.11355614812014],[25.722057039913448,69.11403358949416],[25.72207006204894,69.11440581066987],[25.72207773778339,69.11462520065844],[25.722098435903376,69.1152168243336],[25.72225419543906,69.11559099031231],[25.72255209741964,69.11587144784161],[25.72281701561494,69.11611842750894],[25.723117572207336,69.11635322055817],[25.72367972286749,69.11665366747157],[25.724518684487904,69.11700182413286],[25.725121798132182,69.11729026444151],[25.725861507544852,69.11772536739295],[25.72634971700713,69.11801790974302],[25.726914293037396,69.11838012213093],[25.727500965373075,69.11876521656121],[25.728023335741387,69.11907880854476],[25.728135936281035,69.11914640381974],[25.7283734106766,69.11938473054619],[25.72853260487702,69.11954449378058],[25.72893486290253,69.11993664928926],[25.72951224105897,69.12047786616611],[25.72990297524298,69.12095127178964],[25.72990431482295,69.1209528863787],[25.729941576002638,69.12099802038698],[25.72999598741313,69.12106393757055],[25.730582597417577,69.12159393288475],[25.731276302561746,69.1223378397339],[25.731539331186575,69.12268588975242],[25.731549841711832,69.1226997897071],[25.731613554170085,69.12278409656795],[25.731788493869356,69.12301559072668],[25.731962290171484,69.12368404328775],[25.73205795498214,69.12447827624295],[25.731987611383907,69.12495791644416],[25.73184177958381,69.12551787198639],[25.73165238648747,69.12615526574623],[25.73163827290379,69.12658283051971],[25.731742730283166,69.12722549278818],[25.731769062842492,69.1272807496517],[25.732020705166384,69.12780879285407],[25.732512117834087,69.12837849714616],[25.733033943589056,69.1289130481525],[25.73377146214678,69.12943580933234],[25.734332196372105,69.1300079745724],[25.73471773470458,69.1303502808451],[25.735076769480518,69.1306621452352],[25.735276986995938,69.13094932122448],[25.73564592101801,69.1317418924607],[25.735933586533974,69.13214734948029],[25.73638321085687,69.1325237331034],[25.737329099090154,69.13291813753912],[25.738245043344552,69.13328877130277],[25.7388890952215,69.1335370218463],[25.73917755171339,69.13370602855679],[25.73924275475391,69.133744224281],[25.739305069085646,69.13394198817869],[25.739222336072352,69.13413438417567],[25.73924121320481,69.13430744095079],[25.740001469757235,69.13468460142748],[25.740553043251005,69.13492868930753],[25.740580701074467,69.13494092742049],[25.74107300381515,69.13523359184937],[25.741432223408687,69.13549844175206],[25.74201872403128,69.13594737952651],[25.742304611852177,69.13624505750808],[25.74272326055879,69.13670786025067],[25.74309148896096,69.1372469144764],[25.743036198149273,69.13745796603381]],[[25.743036198149273,69.13745796603381],[25.743155769293697,69.13761165591792],[25.743224383585105,69.13779860890823],[25.74685367589988,69.13741106721504],[25.784024501529057,69.1573960957185],[25.821773206855088,69.17764631574033],[25.87389499129307,69.1766062755208],[26.29631467387423,69.16759140649806]],[[26.29631467387423,69.16759140649806],[26.61014731756031,69.0982763213842],[26.816365214479056,69.04772094640245],[26.974926574598936,69.00615159305725],[26.99001287052306,69.01172278467098],[27.001655541949628,69.02872843653248],[26.98822320910696,69.03797952485428],[27.00203288587331,69.04331301104747],[27.084349983046668,69.02732534236038],[27.169827048168077,69.04550104543488],[27.282297956311535,69.02708543696087],[27.458644861611557,68.99431185306275],[27.550755881751716,69.03113033722124],[27.566992706805127,69.12136546731223],[27.70768826651303,69.19289447136602]],[[26.29631467387423,69.16759140649806],[26.296305383522245,69.16787946879595],[26.34003523820314,69.19125019510791],[26.404965345828007,69.22150631109989],[26.44404851424361,69.23966605250072],[26.593774268936496,69.3253776951385],[26.67765328197107,69.37304368854899],[26.788453546339486,69.40142004039748],[26.873714742625673,69.4231569755727]],[[26.873714742625673,69.4231569755727],[26.991930374835757,69.4052457006409],[27.175931622224077,69.37714726117918]],[[29.133909557790115,69.69534037805124],[29.146092571839347,69.67665956044426],[29.146194715797062,69.67649493579354],[29.146248764869807,69.67640607765374],[29.158192916963483,69.65804711329832],[29.170536700565837,69.63904140788105],[29.180226574910723,69.62973996488101],[29.19363329470367,69.61682703605223],[29.203370002335742,69.60742929529084],[29.21993964050224,69.59135699674952],[29.221557137927427,69.58975044956436],[29.225474477766415,69.58585857193744],[29.232427754250363,69.57924695462582],[29.233238329845612,69.57847592325531],[29.254161610828994,69.55822361642718],[29.254922176636235,69.55747776068205],[29.27121324032879,69.5418092075355],[29.286889928111616,69.52669178328132],[29.289395638008514,69.52426289583563],[29.29657511856316,69.51704243208857],[29.30000621303264,69.5135899365856],[29.305969599037365,69.50790027409057],[29.315819388319838,69.49849557060105],[29.336495555257663,69.47832270432342],[29.322410098897357,69.46885522968027],[29.295041195035367,69.44984884203836],[29.283698569771584,69.4420358668814],[29.266414062010394,69.43013545838231],[29.257000441605502,69.42376527978388],[29.231924364465304,69.40638768908124],[29.21933955499717,69.39763623466447],[29.17613533086785,69.37857691265383],[29.15815148052477,69.3703475815878],[29.107736577451927,69.34772201546292],[29.07558584760306,69.33324546756396],[29.057814260652194,69.32530987465002],[28.992956776150166,69.29623464540543],[28.98266684345696,69.29174479687467],[28.973964209601142,69.28784721381744],[28.93085385124592,69.26832092340243],[28.89104976577713,69.25073757460096],[28.872327087490024,69.24238679281163],[28.858913530654846,69.23643854557247],[28.831818171993483,69.2244849699874]],[[25.743036198149273,69.13745796603381],[25.74301277859642,69.13754735388397],[25.742891493708864,69.13778728635322],[25.742999484450845,69.13804530902371],[25.743391896796535,69.13843129065592],[25.743419044219607,69.13851355466628],[25.74350957910275,69.13878789806795],[25.74346051519801,69.1392725857375],[25.74305077933334,69.13955625514731],[25.7424363954356,69.13974059227958],[25.742285064337572,69.13978599651539],[25.741842018644654,69.14001262340598],[25.741701579759336,69.14031809128669],[25.741709255971706,69.14036293232206],[25.741747551921996,69.14058661303368],[25.741698558739856,69.14090369282668],[25.741538983946885,69.14127468789121],[25.741308919966297,69.1415357186381],[25.741304660160633,69.14160965442031],[25.741292845124608,69.14181472057082],[25.74164366280518,69.14212378216905],[25.74220734175071,69.1425215042742],[25.742620541454773,69.14283173735957],[25.742667646205586,69.143195884054],[25.74277395246687,69.14371407856804],[25.74286974072122,69.14392404539616],[25.74295527957118,69.14411154170304],[25.742798271685682,69.14447419680367],[25.74234735120087,69.144818540159],[25.741432107944494,69.14534542855972],[25.74029231911516,69.14583024198029],[25.739281107625725,69.1464453515252],[25.738592073533418,69.14698196462719],[25.73857640017526,69.14702143307778],[25.738519258696503,69.1471651216031],[25.73840622911089,69.1474495029391],[25.738374212963503,69.14758010046123],[25.738287493593987,69.147933705566],[25.73775487048674,69.14829082136043],[25.736602406166213,69.14881872580796],[25.73641137714935,69.14890088415223],[25.736183029724575,69.14899909130737],[25.73568902653062,69.14921154655401],[25.73501125859612,69.149507589328],[25.73424039086378,69.14963408074287],[25.732881808143926,69.14997172190061],[25.73213175316147,69.15014864159454],[25.731397236588585,69.15036215253515],[25.730756250654526,69.15061899240014],[25.730274080456816,69.15098296576754],[25.730257751544467,69.15099529079195],[25.729741727982063,69.1512825235701],[25.729651569969356,69.15166183393322],[25.7299887091818,69.15210896984524],[25.730217606435804,69.15246638047998],[25.73053768335735,69.15275753479303],[25.73069646692802,69.15290196687965],[25.730962831796898,69.1533126727578],[25.731270395327197,69.15371362678565],[25.731391403993157,69.15425194893729],[25.731359328061266,69.15480394268542],[25.73101669498375,69.15522051836241],[25.730903633323535,69.15537453273511],[25.73076108958205,69.15556870417403],[25.730763511216065,69.15562755447014],[25.730763811249567,69.15563495670727],[25.730777067852063,69.15595884365513],[25.730780894928007,69.15605200454526],[25.730735037564646,69.15622471035601],[25.73063505846528,69.1566013204947],[25.73070751498575,69.15679105593343],[25.730781778484694,69.15698551734734],[25.730890673553105,69.15722713046792],[25.730824649359285,69.15783416312834],[25.73067344150628,69.1583201490911],[25.73032820826189,69.15870618948769],[25.729770138320983,69.15898732765064],[25.72890548758473,69.15940942923814],[25.728083470448684,69.15977328727986],[25.72738573832412,69.16014030279698],[25.72690533896484,69.16047061322517],[25.72617428895242,69.16088115895094],[25.72518679184162,69.16120770297769],[25.7246554310714,69.16161973008337],[25.72420644096937,69.1619800922338],[25.724155439017572,69.16202102710231],[25.724081173442936,69.16223940112089],[25.724140639162606,69.16246248863082],[25.724601252142246,69.1627407789794],[25.725104898181062,69.16305980429193],[25.72563103137218,69.16334002995241],[25.7257694867677,69.16342680443866],[25.726203050288937,69.1636985313813],[25.72636906809011,69.16396654622149],[25.726283985807562,69.16425696662968],[25.72631382930624,69.16452397406653],[25.72620888194024,69.16476573919219],[25.725722617372174,69.1650233460088],[25.725574264239118,69.16510193781666],[25.725081484750575,69.16540415767409],[25.725024383908124,69.16545207276096],[25.725003028151367,69.16546997966958],[25.724997357343543,69.16547474545523],[25.724991316103758,69.16547981346868],[25.72474712204851,69.16568464082602],[25.724751459620357,69.16571993296863],[25.724808639116436,69.16618634298258],[25.724535780811046,69.1665804613399],[25.72355391710301,69.16705826902874],[25.723259723281494,69.1674279732247],[25.723068642282776,69.16797631144175],[25.72278140333926,69.16842530512201],[25.722561067258624,69.16877394793606],[25.722484239585036,69.16894050481412],[25.7224201700718,69.16907939856867],[25.722359011617346,69.16933617890918],[25.72210473705505,69.16947658816287],[25.72161060481502,69.16951123055935],[25.72096341890309,69.16953379180984],[25.720493263107297,69.16956539164495],[25.72037673601364,69.16957322380141],[25.71996682529713,69.16974531171628],[25.719658484775934,69.16996405200808],[25.71940565867609,69.17039791329546],[25.71933798757536,69.17102681685812],[25.719467604186825,69.17143826287783],[25.71924587393502,69.17207149239539],[25.718807851973498,69.17284391989178],[25.718131153002403,69.17353415654554],[25.717900758242816,69.17408236137989],[25.717863291821466,69.17417150813355],[25.717746064003812,69.1742489171248],[25.71696835911644,69.17476244448663],[25.716520081044465,69.17543012245494],[25.716454343685445,69.17569218870388],[25.716431016756626,69.1757851809261],[25.716041933899177,69.17621884769983],[25.71593969923329,69.17628794202612],[25.715190015755766,69.17679458743862],[25.715074258077497,69.17760217623093],[25.715014662506494,69.17791439910775],[25.715007451332625,69.17795214113622],[25.715000991974275,69.1779859384963],[25.714975635902984,69.17811886038523],[25.71479615941764,69.17846515300434],[25.714418293434363,69.17872901497068],[25.71410884141116,69.17894509907931],[25.713604044712934,69.1793305548038],[25.712912094881982,69.17984533620064],[25.71254931223633,69.18034017760397],[25.712336066898725,69.18087215850812],[25.7119201302158,69.18133359278086],[25.711786850643737,69.18148144933872],[25.711728021831114,69.18154672187313],[25.711394839174837,69.18208890949154],[25.711231411355907,69.18264251111776],[25.710952364377157,69.18313358961873],[25.710318154400685,69.18386453397272],[25.70988456256659,69.1842697079336],[25.70978301292618,69.18436460104907],[25.709383719812983,69.18467408120539],[25.70888600845773,69.18501799352893],[25.708073992696672,69.18529486747934],[25.70751866604245,69.18540945022905],[25.707015355718827,69.18551329723059],[25.706590526400372,69.18577690563976],[25.706617894786753,69.18609774408786],[25.707053677208304,69.18635282049414],[25.707056382954992,69.18635440332669],[25.707876629444126,69.18667090906321],[25.708067687010058,69.18708282439225],[25.707706538890516,69.18746323279193],[25.707015838301356,69.18795063523038],[25.706309335103313,69.18821633651427],[25.70538568529405,69.1883915827072],[25.705366574264964,69.18839520913663],[25.704595044125544,69.18875321627367],[25.704241081010803,69.18910458207415],[25.703992897118823,69.18935093712986],[25.70322574931745,69.18982679824721],[25.702598541252296,69.1902095988076],[25.701680424285076,69.19073626084977],[25.70083141083916,69.19124728458084],[25.699841993381458,69.19184825264378],[25.699158373175663,69.19222907303555],[25.698358065082413,69.19268385353652],[25.697381695586092,69.19304028301123],[25.69649611299849,69.19347126342127],[25.696351120785454,69.19354182291325],[25.69569405148248,69.19402257498811],[25.694853140643456,69.19472613262722],[25.69483890222753,69.19473805330371],[25.69481884724855,69.19475482744124],[25.69456683045025,69.19496327850389],[25.693992691394293,69.19543817634286],[25.693400949198107,69.19606310215813],[25.69302134204874,69.19674436811184],[25.69291517238284,69.19723066737234],[25.69301763272683,69.19757625164279],[25.69319116115657,69.19776365419607],[25.69313086273816,69.19799853734578],[25.692827276812867,69.19818232299617],[25.692742108672608,69.19831851130277],[25.69298146730927,69.19853685660247],[25.693938752389496,69.19888366203172],[25.694210978893306,69.19901661460023],[25.694712228718366,69.19926141550907],[25.695363325290973,69.19978375603307],[25.695673411382213,69.20030351455779],[25.695733381591033,69.20082138962171],[25.69582143430403,69.20125053275198],[25.69575317198538,69.201778425763],[25.69556253859188,69.20213273391542],[25.695510932578305,69.20216415930318],[25.695240041103613,69.20232906416744],[25.695003095729223,69.20247330802215],[25.69436963638693,69.20276406697533],[25.693771148921915,69.20324116663294],[25.693639760970825,69.20363423157008],[25.693879165095737,69.20400821894953],[25.694510323073114,69.20452746853027],[25.695157272587572,69.20478412839941],[25.695398493030098,69.20483727303979],[25.695826157082433,69.2049314935222],[25.69641943118144,69.2049416390275],[25.69720427324732,69.20481055668893],[25.697267940246064,69.20480185799046],[25.697887568056945,69.20471719338704],[25.698537809514992,69.20466190576595],[25.699138513710356,69.20466993900887],[25.69926001359772,69.20467156408836],[25.69947661494871,69.20467445973573],[25.69977417793577,69.20470328987079],[25.70021168932602,69.204745678187],[25.70095435224754,69.20494830374128],[25.70181692702472,69.20520656213218],[25.70225935278804,69.20534237162384],[25.702694262602975,69.20547587020351],[25.703538025065203,69.2057552544323],[25.703983350739712,69.20593257699487],[25.70413815334482,69.2059942160648],[25.70430344795886,69.20626202986936],[25.70420454477127,69.20659403745027],[25.704353076485415,69.20697944414103],[25.70490978908978,69.20737728956229],[25.705774064532775,69.20792741528858],[25.70651864377287,69.20838558695867],[25.707666506172703,69.20900512001998],[25.70827759979406,69.20920536333269],[25.708959787843316,69.20942888379203],[25.709188139790484,69.20950378583314],[25.71059048228991,69.20996376556957],[25.7116212935665,69.21030408337897],[25.71192760662886,69.21041757136031],[25.712556231331266,69.2106504693408],[25.712924979107704,69.21090677717437],[25.712958213739935,69.21092987999333],[25.71316649770508,69.21107466238668],[25.713328492101375,69.2115883465941],[25.712840903554728,69.21197628202022],[25.712249808597964,69.21247997810183],[25.710958845617295,69.21316502327616],[25.709898880496823,69.21373790724978],[25.70873592832649,69.214491157838],[25.70814767629446,69.21506374057816],[25.707531063418806,69.2158156470835],[25.707169300931128,69.21650762412783],[25.70709124729823,69.21728144964288],[25.707034198579834,69.21804217523851],[25.70668478796692,69.21845363505066],[25.706045919264028,69.21891043645667],[25.70564158267171,69.21954825511985],[25.70568664463635,69.22012960729128],[25.706006385684304,69.22053929369129],[25.7064912644278,69.2210656128425],[25.706843618457114,69.22157057613938],[25.707231207815877,69.2218042800806],[25.70815097304861,69.22211805786125],[25.709570101989762,69.22252727167535],[25.710574100222985,69.2228203538944],[25.71154216470365,69.22326202311618],[25.71224793555712,69.22389109814534],[25.713045213183612,69.22451201719707],[25.713505496702638,69.224980492044],[25.713857248918416,69.22549900602716],[25.713788709951196,69.22604359298259],[25.713222840993264,69.22652607121086],[25.71224583313036,69.2268785595108],[25.71117221912993,69.22711795763675],[25.71113565113249,69.22712611610794],[25.711056523889557,69.22714375168317],[25.711035704757883,69.22714839500716],[25.71077299476202,69.2272069695315],[25.709047615910332,69.22760136145043],[25.708267269966388,69.22786025556044],[25.707048880866942,69.22824813309066],[25.705672115839967,69.22873890839927],[25.70442288349306,69.22924201290598],[25.703434946512452,69.22966734857931],[25.70267112164093,69.22998370372459],[25.701763368246336,69.23045205065485],[25.700994280399858,69.23083997343176],[25.700596885368956,69.23115022360643],[25.700516612854504,69.23121289185926],[25.70069709698488,69.23165231402633],[25.700707562275518,69.23166785211988],[25.700784925648332,69.23178273023633],[25.700995759965153,69.23209579151506],[25.7019712968984,69.23268565894996],[25.70215569191624,69.23284473300127],[25.702244561983782,69.23292138359135],[25.70253059754209,69.23316811988238],[25.70270379902612,69.2333175205321],[25.70310581931311,69.2336409223135],[25.703346869359315,69.23383482748592],[25.703767463240784,69.23431630499313],[25.704046198871062,69.23502447568625],[25.704252191120375,69.23561571780255],[25.704292862076112,69.23573240508185],[25.704258782316373,69.23586393240907],[25.70421415077096,69.23603633626814],[25.704147583553706,69.23629342003832],[25.7041263104065,69.23637547680264],[25.703612695910067,69.23691168804238],[25.70306956719943,69.23741290958652],[25.70255492988621,69.23796286084031],[25.702502624960765,69.23809397018913],[25.70232843849889,69.23853057462455],[25.702326226599855,69.23879269533789],[25.702325206474875,69.23891344609402],[25.702323153306544,69.23915689931518],[25.702446882287877,69.23977280184549],[25.70261682082244,69.23992181883273],[25.702850214725437,69.24012651190897],[25.703469793021732,69.24038406569824],[25.704600539982696,69.24080252975187],[25.705611576120557,69.24111614794944],[25.70576681845429,69.24116431268178],[25.7067884254384,69.24147294406568],[25.70701065779819,69.24152323905096],[25.70722270648161,69.24157122943959],[25.707345286664346,69.241762214963],[25.707286610631773,69.24190936415667],[25.707277822119813,69.24193140779313],[25.707290950997795,69.24196290450584],[25.70744529423969,69.2423331673999],[25.707344050025405,69.24271355021368],[25.70736186425158,69.24296233442092],[25.707379134903665,69.24320351362434],[25.70776248050581,69.24377579665975],[25.707985680131568,69.24408189979127],[25.70802966694268,69.24414222533868],[25.70812686660298,69.24438827360295],[25.707879940601863,69.24467831847222],[25.70747959223449,69.24497399611973],[25.70743716171163,69.24500849718295],[25.70702713693095,69.2453418836064],[25.70666578986781,69.2456494313191],[25.70635065597827,69.24591762454445],[25.706287889173485,69.2459795387247],[25.706006792855046,69.24625682593656],[25.70592412367466,69.24633837357862],[25.70535523776313,69.24689948906254],[25.70492758638194,69.24733072200318],[25.704386326098625,69.24774074070424],[25.704303829736453,69.24780676685573],[25.70400368117542,69.24804699334398],[25.703394767807673,69.24841812917563],[25.70274245644386,69.24869645044193],[25.70219307618206,69.24888885040383],[25.70168772536572,69.24916249533189],[25.701522651861364,69.24934401251923],[25.70132077734515,69.24956603819491],[25.70131117575986,69.24970209931098],[25.701289186490833,69.25001362246937],[25.701602166872096,69.25068788689818],[25.702236225147775,69.25136456265437],[25.7022492707845,69.25139043778749],[25.702440258715555,69.25176924751018],[25.7025116634487,69.25191088618732],[25.702544616486183,69.2519762806185],[25.70272189881564,69.25253423578523],[25.702306309290456,69.25308094882568],[25.702041769118264,69.25366274603861],[25.70226996128612,69.25418129975225],[25.702311504090762,69.25427569855678],[25.7028532318506,69.25482281881322],[25.703736854228378,69.2552820338829],[25.704246981442296,69.25553244585225],[25.704962567280713,69.25573466815516],[25.705980063433838,69.25591380913038],[25.707215000397934,69.25611129933951],[25.70769849531137,69.25618860178822],[25.708039781642164,69.25624690033537],[25.708325514239444,69.2562957083237],[25.70877139048052,69.25637187081557],[25.709511253931442,69.25649824703342],[25.711233830677575,69.25670470388951],[25.71315483574879,69.25675977788909],[25.714331280657582,69.25661919846772],[25.716056102780968,69.25664949527638],[25.717296381660738,69.25686369862119],[25.718579266436485,69.25699694374356],[25.71924845178487,69.25704946978117],[25.719661115568588,69.25708185933748],[25.72038610579306,69.25720718037302],[25.72095518319192,69.25747161181624],[25.72077341489628,69.25778826923002],[25.720740365666547,69.25784584116373],[25.720368394057186,69.2581573838608],[25.72049836059135,69.258552051045],[25.721061799866114,69.25906532994418],[25.722101069679876,69.259629637998],[25.723075271353768,69.2602090927848],[25.723996296500086,69.26062112547514],[25.72495218368065,69.26107706542525],[25.726359524881502,69.26147348585106],[25.727847749290294,69.26189851989523],[25.72885735302692,69.26209725013743],[25.729173252273103,69.26215942914234],[25.729501197033343,69.26244693949288],[25.72963802115949,69.26281980777904],[25.730144137395385,69.2635068235044],[25.731027462222446,69.26418909944539],[25.732251371548582,69.26484332704307],[25.732501279752903,69.26551706437444],[25.732273947968967,69.26610758021134],[25.73179291277489,69.26663930469549],[25.731308527310777,69.26722793351222],[25.7312564131678,69.26728144050392],[25.73107951681723,69.26746310439644],[25.730658814366578,69.26789506925938],[25.729739362806683,69.2687766041753],[25.728774333285596,69.269885556022],[25.728396988585796,69.27083939101776],[25.72858812133089,69.2714954889269],[25.729188582729233,69.27214347297982],[25.73007654746449,69.27290162326769],[25.731101313945572,69.27348594848695],[25.731264001790233,69.27357871023838],[25.732480997321975,69.27406958081869],[25.733763455236673,69.2744251669018],[25.735287671078392,69.27457887467871],[25.73597206485415,69.27456873699415],[25.736515289840153,69.27456068845338],[25.73759626309796,69.27461935983982],[25.737821080985608,69.27463976256209],[25.73861465295622,69.27471177796016],[25.739736659813225,69.27486251197244],[25.740569322004838,69.27504506356118],[25.74122406998697,69.27532134883063],[25.74145778690293,69.27558778700264],[25.74161564281162,69.27584009289254],[25.741927549005652,69.27607993938315],[25.742217034383486,69.27624101013905],[25.74241527342207,69.27635130925367],[25.742837195256428,69.27658886840882],[25.743153715894824,69.2769260838744],[25.7432393200623,69.27725701946584],[25.74318105819646,69.27756402820957],[25.74269805463922,69.27812992410301],[25.74216096543379,69.27852955109881],[25.742131846662424,69.27855122509254],[25.741925051591647,69.27870510096943],[25.74128258514623,69.27924705949575],[25.74066862024398,69.27960733822862],[25.73988977840579,69.28014470213122],[25.73958001658364,69.28034543933101],[25.739112895176596,69.28064814509037],[25.738503868136664,69.28112864494366],[25.738379605995064,69.28160604160794],[25.73834715545115,69.2821638205129],[25.738700360729805,69.28279693977049],[25.73946592639291,69.28339052065732],[25.740723599987323,69.2838893652374],[25.742184162682715,69.2842188590765],[25.74310752900911,69.28441022303258],[25.74355091873727,69.28450211157781],[25.744857930967076,69.28481618929857],[25.744890716081503,69.284824067427],[25.746180223527393,69.28520447950953],[25.746808853887273,69.28545957190015],[25.74727500178864,69.28570342163098],[25.747551143344143,69.28590227570656],[25.747731432490696,69.28619509123224],[25.747619610262138,69.28653392021485],[25.74760247484555,69.28658584021264],[25.747536459792457,69.2867858677178],[25.74724236875943,69.28742147375469],[25.74701717698191,69.28797786589858],[25.74673095165569,69.28847686802746],[25.746535264910964,69.28902363014501],[25.746525372578457,69.28905126901984],[25.74639389163344,69.28933541373854],[25.746318748449372,69.28938598859379],[25.746034678877205,69.28957717742416],[25.745752187076633,69.28981949653519],[25.745558032862068,69.29019142886978],[25.74524921175938,69.29088835762052],[25.745031075369685,69.29167417707745],[25.745050308654108,69.2919584451212],[25.74507242861431,69.29228540225016],[25.744960061669847,69.29256968462406],[25.74461680141884,69.29287307460422],[25.744087981047123,69.29308504783421],[25.74384021450863,69.29318436068537],[25.742545103561163,69.2935256200879],[25.741551112019046,69.29380071186846],[25.740380959451308,69.29413159832818],[25.7395042893699,69.29436279233641],[25.738511780612026,69.29460671763587],[25.737541591899923,69.29479649841251],[25.736628902666464,69.29498668462374],[25.73601202344584,69.29518625622009],[25.735569914932853,69.29559299919207],[25.735439124105255,69.29616753154536],[25.735464222059985,69.29625359679683],[25.735705554652878,69.29708112744962],[25.735731894307808,69.2972800290681],[25.735813464827107,69.29789596710741],[25.73653739902025,69.29867124561808],[25.73684992105804,69.29876558117446],[25.738077518794146,69.29883750408008],[25.73820371981387,69.29884489740539],[25.7400351058692,69.29894587919595],[25.741510022083357,69.29916774305555],[25.741703423354096,69.2993225732779],[25.741710180971808,69.2996827912918],[25.741710751562614,69.29971325963524],[25.7418105333143,69.30011945362172],[25.742256700919512,69.30042148967055],[25.74267997759068,69.30054759986567],[25.743304938660604,69.3006224412577],[25.743826530404927,69.30076684258776],[25.745372704214834,69.3010784454705],[25.74579112159943,69.30117024270763],[25.7468295366659,69.30139805211918],[25.74751264186876,69.30172434736087],[25.74781743489474,69.30205661325503],[25.747820430423626,69.30247152980185],[25.747891122669973,69.30303441305453],[25.748006063540693,69.30354648986226],[25.748004337015338,69.30356455906194],[25.747953782229448,69.30409387228971],[25.747908250418483,69.30452444840704],[25.747579716852858,69.30501309143872],[25.747151149909232,69.30525134310028],[25.746760489903096,69.30546851166851],[25.74564019943635,69.30582224832808],[25.744160873751813,69.30619146581647],[25.74303104584852,69.30637341289581],[25.741599248799382,69.306697541186],[25.740888638231475,69.30699324985187],[25.740402221594863,69.30754478378812],[25.739585484682106,69.30809390347018],[25.738997947495516,69.30860817368074],[25.73849698655961,69.30940790990171],[25.737928147958986,69.30999981892172],[25.737766548824982,69.31057758999074],[25.738570935545418,69.31132926923365],[25.738666758815782,69.31181199979338],[25.738737880716894,69.31234867262462],[25.73902040689782,69.31318763363993],[25.739104918691183,69.3133762318096],[25.739429081991968,69.31409960935686],[25.739703062237446,69.31494544004838],[25.739826189589223,69.3156693887926],[25.740092616836638,69.31641628331762],[25.74049273288924,69.31699616780229],[25.740705789931138,69.31766403702288],[25.74084449810632,69.31798271948495],[25.741030354690608,69.31840964800139],[25.74182714882925,69.31906529768288],[25.743173406619057,69.3196811591492],[25.743937487092705,69.32004438758361],[25.7442942057006,69.3202139592228],[25.74505425319603,69.32053192889835],[25.745056681490944,69.32053294210547],[25.745768534051415,69.3208307367401],[25.747453900026663,69.32134046890617],[25.748192453838975,69.32163376054547],[25.7487299922205,69.32184721986081],[25.749901688009484,69.32238939978888],[25.750451780311124,69.32265176155371],[25.75046837900336,69.32265967576492],[25.750817273284916,69.32282606449358],[25.751699256241082,69.32329984001561],[25.75225146256373,69.32358749602453],[25.753370569204684,69.32388121204595],[25.754302063117553,69.3240191530693],[25.75548586815523,69.32432875672464],[25.756011412167624,69.32468766870016],[25.75602737918365,69.32494503735991],[25.756136126393837,69.32525665579098],[25.7562084529119,69.32574971666882],[25.756637823395106,69.32619100251927],[25.757558890223876,69.32670885174764],[25.758653255359544,69.32708917036041],[25.758951018012674,69.32730309947465],[25.759020844572103,69.32788788059285],[25.75894599137902,69.3284881742933],[25.75884211993848,69.32920122178156],[25.758763334222113,69.32936747374393],[25.758583415089774,69.32974712613395],[25.758399322202855,69.33042916529317],[25.758496109896384,69.33090774360838],[25.758906644210455,69.33131968312026],[25.759259371971094,69.33168862604796],[25.759511282582128,69.33195210827984],[25.75992350535766,69.33233483462769],[25.75998127975984,69.33261928613256],[25.76002754585448,69.33284708120772],[25.760112342901586,69.33300809788479],[25.760319142580823,69.33311578996158],[25.76045364042791,69.33318582933683],[25.76125341162361,69.33330109094705],[25.76218013557201,69.33336613844523],[25.762732155388356,69.33354986363085],[25.76303962826988,69.33388351573356],[25.76304898958282,69.33419844666953],[25.762757817936436,69.33481150361513],[25.76240223519938,69.33520698539095],[25.761958241089612,69.33550037787379],[25.76163026568289,69.33571710012247],[25.7609899079715,69.33616482786695],[25.760817915523752,69.3363354678971],[25.76066400533205,69.33648816176623],[25.760271934349902,69.33707726271314],[25.760264186133575,69.33709324471694],[25.76013680919855,69.33735605414057],[25.759981082932615,69.33767735692452],[25.7596557371364,69.33844590172355],[25.75949399109554,69.33910205416277],[25.759423749616335,69.33936788832047],[25.759309079495587,69.33980185655426],[25.759379347278976,69.34037932944953],[25.7599673506245,69.34094590346265],[25.761080708054095,69.34128556211053],[25.762403560905824,69.3414487905765],[25.76245090612971,69.34145411372603],[25.763778166899286,69.3416033365998],[25.765201968717022,69.3417944047232],[25.76596199333583,69.34195363973178],[25.766343928976234,69.34203365802126],[25.768822394727472,69.34255288091742],[25.769513545196027,69.34282651042311],[25.770451060141838,69.34319766158117],[25.771050549409278,69.34330231518861],[25.772125479742964,69.34348994660006],[25.772239677367182,69.34349615478483],[25.774212427291797,69.3436033842096],[25.774961359472165,69.34363341255927],[25.775760365058186,69.3436654451439],[25.777008095865277,69.34391525784486],[25.77753933223092,69.3442609268799],[25.777929470139426,69.34455990608862],[25.778002798281236,69.34461609958987],[25.778681934202464,69.34504448252143],[25.779157722039844,69.34554782369977],[25.779570714257382,69.34594874826435],[25.77988072950003,69.3463580063893],[25.7797551466079,69.34692170241492],[25.78000462205096,69.34726671685858],[25.77973583634259,69.3476299975137],[25.77905876583523,69.3478954538952],[25.77877961212252,69.34801371452059],[25.77855002325778,69.34811097658113],[25.77822113360246,69.34851736930815],[25.778407143090245,69.34864429525098],[25.7786899723005,69.34883728260529],[25.779075344130945,69.34927420495728],[25.779052352976237,69.34968111082993],[25.779006107829552,69.3497899501902],[25.778845420615333,69.35016813711805],[25.778773350282282,69.35074907170761],[25.77917646230002,69.35135121831865],[25.77923031058738,69.35138709283132],[25.77977530325125,69.3517501755223],[25.780127769291106,69.35211085673785],[25.781113891143917,69.35262218300717],[25.78186392304067,69.35291255283573],[25.782362209238865,69.35325962393985],[25.78250894051014,69.35359691652124],[25.78275671506833,69.35442714945256],[25.78333607684056,69.35499167695986],[25.783551096486683,69.35520118320468],[25.78420957999121,69.35563669759806],[25.784856851886456,69.35590416103436],[25.784970903480716,69.35592006426641],[25.78576388477709,69.35603067440641],[25.785904228521183,69.356050250118],[25.786550722091864,69.35605477302968],[25.78672335419369,69.35605598036747],[25.7867318155557,69.35605603953931],[25.787404758150505,69.35623603287299],[25.7880995996417,69.35639425532815],[25.78896409088537,69.35648063052085],[25.79069759072317,69.35657305169123],[25.79223997484153,69.35675177384198],[25.793365310600937,69.35698600865099],[25.79465770935117,69.35708132214654],[25.795872153015836,69.35694499833276],[25.796536359583037,69.35691131660013],[25.797116719148978,69.35688189449468],[25.79728433128613,69.3568733964796],[25.798895348236503,69.35694788034523],[25.800216348171887,69.35704281483147],[25.800427474812416,69.35705798611768],[25.801470436840866,69.35714443811469],[25.80246004705703,69.35722633584354],[25.803570807035356,69.3573415144186],[25.804449164150423,69.35758327436257],[25.80553668142374,69.35785309973366],[25.806679504605817,69.3580509249504],[25.80744476272416,69.35820135592465],[25.8074732237638,69.35820695017964],[25.807871583599397,69.35828526321734],[25.808435757075298,69.35836015499923],[25.809093317897457,69.35844744111958],[25.810648755455528,69.35860283900405],[25.811798102459377,69.35866883466522],[25.8129711675762,69.35879371602073],[25.81414101415423,69.35897699347976],[25.81553447238698,69.35927852507984],[25.816845960715096,69.35967644456005],[25.817086344480597,69.35979844258077],[25.81789376736297,69.36020825431955],[25.818516415213935,69.36073041827579],[25.818589553496636,69.36128596349863],[25.81858953234209,69.3612866755171],[25.8185819777244,69.36153681914332],[25.81857169449807,69.36187731347637],[25.818449653479714,69.36232938740403],[25.818280804619192,69.36276643287202],[25.81814367430535,69.36301278175262],[25.81803755018762,69.36320342888895],[25.817574000752277,69.36370683935762],[25.817005931172513,69.3642457274001],[25.816622750818155,69.36468636006416],[25.81628287010963,69.36527202491108],[25.816268453500822,69.3653049156801],[25.816253217904958,69.36533975617017],[25.816208281878673,69.36544227376663],[25.815995633548887,69.36592779359363],[25.816002988335256,69.3665486271143],[25.816077681930885,69.36707497089384],[25.816233367426094,69.36757840327702],[25.81659206355994,69.36826892000434],[25.817058938892213,69.36889568381083],[25.817333438188736,69.36950362753025],[25.817425245624428,69.37007121111922],[25.817472910910816,69.3702177191874],[25.81758480033539,69.37056161784732],[25.81773000934525,69.37116173771742],[25.817795964212074,69.37162203355005],[25.81812995083767,69.37195295143235],[25.81855657488486,69.37221911561352],[25.818650715014606,69.37227784763785],[25.818689661891096,69.37270169632191],[25.818215331205586,69.37304172288233],[25.81766455878192,69.37326437573645],[25.817072021191553,69.37336694847217],[25.816974450202103,69.37338383654814],[25.816911911614586,69.37338490826558],[25.815751157313095,69.37340470961114],[25.814250661201683,69.3735697460958],[25.813019556191506,69.3737800410799],[25.8124421561797,69.37406130744704],[25.81214261697501,69.37445644062899],[25.8120400777968,69.37459170114977],[25.812120691102304,69.37519410190808],[25.812594352033532,69.37591197091734],[25.813638364846398,69.37652518080291],[25.81464057364516,69.37696622902462],[25.815878136380963,69.37732747102118],[25.81656029440437,69.37752369211464],[25.817166573947077,69.37769808257082],[25.818185955573686,69.37811731454349],[25.81872237808959,69.37853724689874],[25.818847113695785,69.37893585168517],[25.81889873214237,69.37910080256245],[25.81909105466906,69.37937232807948],[25.819510027353502,69.37966731513362],[25.820555598853158,69.3798716091106],[25.821701314540753,69.37991732312373],[25.821878850484392,69.37992440609129],[25.82286788850432,69.38002605270704],[25.823880272262414,69.38023130329627],[25.8251411902289,69.38051616336229],[25.82542021520095,69.38059024438695],[25.82628597451053,69.38082010511427],[25.82669359861197,69.38092833805327],[25.8280772162329,69.38139945361941],[25.82886681421927,69.38198371854536],[25.829850256572897,69.38270972627137],[25.830406271370244,69.3835387322165],[25.83053519493843,69.38416380628811],[25.83053604035306,69.38480823457533],[25.830580184550968,69.3854146018246],[25.8306651690548,69.38575155751379],[25.8307564625203,69.38611351522067],[25.830876479800466,69.3863424477551],[25.83095935731229,69.38650053151271],[25.83093598231296,69.38660608752339],[25.83089346262527,69.38679808225491],[25.8308928441926,69.38703910863002],[25.830686646818307,69.38735237086563],[25.83039473919584,69.38763029102276],[25.83040119880738,69.38789278362059],[25.830504333679013,69.38827986410097],[25.830428853461292,69.38852722103427],[25.830602755574002,69.3887543897987],[25.83132768213222,69.38894805270075],[25.831856803406716,69.38913582437021],[25.832230283868807,69.38926835967641],[25.83299347495702,69.38953598183531],[25.833982599758468,69.39015496208577],[25.83447781923247,69.39067806114579],[25.83470449945816,69.39101988335845],[25.834914264738163,69.39110709881272],[25.835558268254598,69.39121634731734],[25.836415499722765,69.3913890348159],[25.8369474757022,69.39155992667392],[25.837684646383813,69.39193494798464],[25.83832647317864,69.39226629423115],[25.838904898536764,69.3924027526288],[25.840109548683802,69.39254390191172],[25.84167247444921,69.39265934811182],[25.841677698958854,69.39265973363803],[25.842682847501603,69.39270525042805],[25.843562079532372,69.39257577718166],[25.844358193525093,69.39262931770823],[25.844619453960338,69.39264688765256],[25.845292617569573,69.39286474007693],[25.846101433647352,69.39324816530618],[25.84642716935735,69.39354246409316],[25.8466479349316,69.39383519546787],[25.84655133959045,69.39450741475883],[25.845793554690445,69.39506843818668],[25.845249653177124,69.39559883298455],[25.844752452584498,69.3961611172404],[25.84436825527103,69.39676365207438],[25.844144570855224,69.39754597416199],[25.84406264580316,69.39766269261477],[25.843816207135127,69.39801372233036],[25.84362763187126,69.39826020603958],[25.843596106635744,69.39830140708489],[25.843569038567505,69.39835019882298],[25.843490284823826,69.39840437793538],[25.843244819911025,69.39857321297617],[25.842564040486234,69.39893341310848],[25.841876922396064,69.39925757502317],[25.84132719751773,69.399668413922],[25.84119972544797,69.39976348075922],[25.840671784422597,69.4001571523762],[25.84000773094162,69.4005943296314],[25.839288512827032,69.40099538481705],[25.838530552310736,69.40127067207749],[25.838422263035707,69.40131000491262],[25.837749413604296,69.40165985367908],[25.837454087961298,69.40182686761447],[25.836792556064356,69.40228169248796],[25.836602145839674,69.40236888150702],[25.835735067901442,69.40276590130794],[25.83492531231804,69.40315565042883],[25.83437970359788,69.40354541842834],[25.834204989723425,69.40377293498352],[25.834523932352436,69.40404204256491],[25.834571831247445,69.40408246509016],[25.83498368420137,69.40432019247822],[25.835012821233803,69.40460020942302],[25.834494144094847,69.40495772570996],[25.833835342186152,69.40535916461921],[25.833505049871906,69.40569569811106],[25.833471126478695,69.40573028002093],[25.833450040614633,69.40575174537835],[25.833240452476808,69.40595978537364],[25.83309734560638,69.40610183278784],[25.83241161075706,69.40652662105734],[25.831847417759498,69.40682298594702],[25.83027435057924,69.40724701262562],[25.828780666871957,69.40737579985708],[25.827389495253257,69.4074147214069],[25.8258742837204,69.40726007217845],[25.824344906819036,69.40702968518033],[25.822738163881017,69.40671150781968],[25.821579851767325,69.40645134610217],[25.819514134450035,69.40594604027947],[25.817079886933357,69.40552364312299],[25.815670543856935,69.4053444644223],[25.815526166162336,69.40532610816346],[25.814131500155312,69.4052165474985],[25.81287919633525,69.40522799253695],[25.812171609236835,69.40541756797273],[25.81196928223075,69.40577351221198],[25.811829788854816,69.40609415212437],[25.8117261603585,69.406500801273],[25.81199887834936,69.40688811961192],[25.811823089895125,69.4073248070666],[25.81176745863979,69.40778368044765],[25.811528039866133,69.40827334474362],[25.810875781572687,69.4085465734065],[25.80990887982348,69.40867217984142],[25.809469927850426,69.40872919968315],[25.809087073345335,69.40906834292187],[25.8090348950491,69.40946316285151],[25.80907990561866,69.4099345016539],[25.809359088856006,69.4103937929051],[25.80969149204029,69.41075997915961],[25.810432145023274,69.41108545723648],[25.811316077517493,69.41135768337736],[25.812649819419928,69.41159191572386],[25.814319647771335,69.41175696265945],[25.81630396814431,69.41191588286888],[25.818487033990603,69.41204260376394],[25.820714413158882,69.4121577761752],[25.82167318264714,69.4123177414663],[25.82214313860679,69.4123961487061],[25.823163168374727,69.41268177422536],[25.823481563205036,69.41283017218659],[25.824034508847753,69.41308787641874],[25.824181298469668,69.41337472755293],[25.823840514989293,69.41366543889713],[25.823416543723056,69.41392932486418],[25.823173576849356,69.41427202772995],[25.823054824089642,69.41443953178744],[25.822773593333377,69.41514252953955],[25.82243982339068,69.41569565396415],[25.82196191715452,69.41610894875853],[25.821311306474275,69.41635018100821],[25.820453533047182,69.41649389159123],[25.819557231081607,69.41678686275546],[25.819225671523924,69.41693261798105],[25.81862411254424,69.41719705852502],[25.817766742365663,69.41750564054955],[25.816313746084916,69.41781148426605],[25.815940425454176,69.41786828009447],[25.813558679766217,69.4182306090337],[25.811532848438002,69.41873222344306],[25.810140058828882,69.41902761637671],[25.80893251298377,69.4192837061739],[25.806487137094653,69.41939628030948],[25.806420938112733,69.41939933303267],[25.806208688143567,69.4193986208372],[25.804370394017717,69.41939246982943],[25.804260229086587,69.41939209819314],[25.803385740104822,69.419389160613],[25.802293577315222,69.41934461192606],[25.800235708465166,69.41926065444373],[25.79775746734926,69.4190619767574],[25.79665609715224,69.41921456101055],[25.79526663467785,69.41963215923302],[25.794030837736834,69.42020466617468],[25.79392645925314,69.42025301889281],[25.793039616934408,69.42090905318321],[25.793134671693956,69.42137964145348],[25.79321059812902,69.42144289953104],[25.793758062760823,69.42189902226838],[25.794323967484917,69.42237048465692],[25.794535896757743,69.42268195480415],[25.794856994415316,69.42315385240865],[25.796005412095482,69.42370889561833],[25.797309935590842,69.42435634442214],[25.799431630405106,69.42496910714578],[25.801030279442113,69.42516169708976],[25.802667632948037,69.42520501174664],[25.804280564161083,69.42514134597972],[25.805642913217238,69.42523990343877],[25.806182646792212,69.42532244062973],[25.807185200748098,69.4254757476968],[25.80850166386089,69.42593527670564],[25.809343088162993,69.42639361699754],[25.81013698934073,69.4274136864064],[25.810800656540177,69.42859306141102],[25.81092382449278,69.42966193477851],[25.810469524560055,69.43073754369497],[25.810071529611,69.43134360161207],[25.809041170085603,69.43184920861606],[25.807811237217326,69.4321184750585],[25.806651460308547,69.43237899727072],[25.806242538144367,69.43247085064057],[25.80564324081819,69.43273001333793],[25.805530938853558,69.432922198287],[25.805777130340353,69.43319391645002],[25.806177962258246,69.43363456374541],[25.806359118904723,69.43420186520471],[25.806481340669297,69.43473671507978],[25.80681672956148,69.43526235291282],[25.807732709916845,69.43572788280963],[25.808291517645372,69.43590901315135],[25.809231044047262,69.43621353742645],[25.810550145173472,69.43662276479027],[25.812107234891926,69.43714080658786],[25.813255200276096,69.43770607547576],[25.814620075069627,69.43839429298635],[25.815928319717262,69.43916949226589],[25.81715765928221,69.44002159422497],[25.817484584769378,69.440707350993],[25.81771805874736,69.4414352017187],[25.817955756006157,69.44206886794912],[25.818192041562295,69.44294950060286],[25.818240538024572,69.44339966309325],[25.8182859069537,69.44382076197586],[25.818753106056548,69.44472106944721],[25.819434017329893,69.44525095278813],[25.819744442163675,69.44549251470846],[25.81986073114842,69.44558300584201],[25.82135819480684,69.44640131067399],[25.82305350247026,69.44701308690165],[25.823938314756344,69.44738315921917],[25.824425530603385,69.44758693053882],[25.825011326334582,69.44797376148662],[25.82515772898828,69.44807044167416],[25.82528932539202,69.44815733511405],[25.825990089748103,69.44873378450927],[25.82585486110008,69.44934747794386],[25.82584324792577,69.45030503162617],[25.826344777822484,69.45096696635467],[25.82678980412609,69.45121507495324],[25.82691854915083,69.45128685262517],[25.82771824479325,69.45173267834532],[25.828713736394775,69.45250405312062],[25.829338082443076,69.45299421015464],[25.829666805534533,69.45368249002222],[25.829664170680182,69.45421473943611],[25.82942402678097,69.45552466217323],[25.829659369728308,69.45643385280657],[25.830197528999282,69.45738794935065],[25.830362345029734,69.45813457398854],[25.83041922976561,69.45839237932336],[25.83044238340092,69.45849730460375],[25.83075678320559,69.46028202936472],[25.831110205646592,69.46228802402095],[25.831598037717228,69.46306058792362],[25.83214646279291,69.46392904744043],[25.8324035513311,69.46479586422393],[25.832813653553554,69.46579855405182],[25.833021178141966,69.4663059149639],[25.833726826425316,69.46734526741942],[25.83490218068476,69.46819640933104],[25.83614949323267,69.46884793045913],[25.837521328717685,69.46945739129845],[25.839021938547813,69.46994621165165],[25.840366350759666,69.47031248352246],[25.842724668578267,69.47075695487796],[25.84522596595197,69.47119518372766],[25.848534287185178,69.47177449282512],[25.85141480712052,69.47221775161847],[25.852259858627978,69.47234777702512],[25.8541244905168,69.47276715896135],[25.855671206001464,69.47311500930627],[25.858998190363927,69.47373712015896],[25.86186311541981,69.47433588903957],[25.862097517906456,69.47439859473592],[25.863663728249247,69.47481756198833],[25.864428232682897,69.4753245072121],[25.864583663733324,69.475838165174],[25.864259079795318,69.47622053726185],[25.86360108765435,69.47655455401767],[25.863317714566918,69.47706951392279],[25.86283044279428,69.4776833012856],[25.862655282809943,69.47806443880135],[25.862810558166732,69.47843345297062],[25.863053187326003,69.47880303661542],[25.863379436991703,69.47924472926856],[25.863553560093063,69.479808090806],[25.863849077501165,69.4802802383745],[25.864116038097528,69.48074198354136],[25.86412567585595,69.48111004738786],[25.863996706464107,69.4814246225843],[25.86386179649776,69.4816910040374],[25.86413418445624,69.4820505548865],[25.86417079730217,69.48245968437854],[25.864268393155967,69.48281810526451],[25.86411082397336,69.48304196942895],[25.86374989454134,69.48325428377257],[25.86338351867653,69.48356879138846],[25.862840176549483,69.48392302542473],[25.862113868230526,69.4844294083609],[25.861393517197584,69.4848233730637],[25.860588427294328,69.48516567550189],[25.859161918979577,69.48566929125938],[25.857595861786425,69.48603134642919],[25.855856021556754,69.48646358795085],[25.854733061938408,69.48682100817787],[25.853408815625897,69.48719526061001],[25.852278563129804,69.48741121076726],[25.851164750376228,69.48752653905436],[25.850071853278273,69.48779534288684],[25.849103998605166,69.4881128861797],[25.849033382009743,69.4881360546742],[25.848998726509887,69.48815298835495],[25.848241873143653,69.48852279745715],[25.848211366954605,69.48853830987731],[25.847296088193875,69.48900369742847],[25.84668693003897,69.48949034347639],[25.84652473149605,69.48979594259445],[25.846861794345994,69.49003328735421],[25.84737370523445,69.49027178688718],[25.847416075473266,69.49034641534436],[25.84774654907162,69.49092847445012],[25.847662546886838,69.49140171233194],[25.847391933127167,69.4919211548276],[25.846709868738362,69.49219321808005],[25.846357389607064,69.49254192017156],[25.846691016312956,69.49310791497636],[25.84688273362942,69.4934921270817],[25.84751475438841,69.49415720057777],[25.848119758356443,69.49483586967011],[25.848626655718817,69.49548220116974],[25.849097226536013,69.49618145116766],[25.84984535866355,69.49691217242179],[25.850767347237568,69.49766447586757],[25.85186704409963,69.49836682861469],[25.852753471839627,69.4988814392325],[25.853816295493875,69.4995449873477],[25.854742357640532,69.50022573961228],[25.855578029238103,69.50085829494215],[25.856463550731174,69.50144239880896],[25.856890863334783,69.50204917552743],[25.85731622138795,69.50264313936572],[25.857552969579068,69.50301737200566],[25.858154834172655,69.50350902173005],[25.85923950182383,69.50395567071293],[25.859953312688393,69.50424655556338],[25.859968865849236,69.50450221256466],[25.85959720062173,69.5049086838993],[25.859280426492166,69.5052362536807],[25.859279152321033,69.50523759071206],[25.859164981779976,69.50535563968975],[25.85853080982456,69.5057603839076],[25.857872345312988,69.5060729623369],[25.85737627477137,69.50633179159402],[25.85686853106402,69.50684329128298],[25.856868801082552,69.50686404567196],[25.856874262519703,69.50728288470296],[25.856678564014707,69.50767005312821],[25.856480651885004,69.5080980878487],[25.857038440875233,69.50853996942507],[25.857780902584597,69.50888350097587],[25.857812779594607,69.50889993189432],[25.858604427448796,69.50930799378503],[25.85907687009351,69.50975064670382],[25.85947753631157,69.5102651198711],[25.859925799978154,69.51072361304935],[25.85992944243347,69.51072733208653],[25.860075634354118,69.51127007132322],[25.859896942141575,69.51163549562858],[25.859846428577157,69.51173879506909],[25.859626196761706,69.51229655913085],[25.85980521584935,69.51306878875221],[25.859963975251052,69.51353246704234],[25.86067424748311,69.51397403956729],[25.862378767163342,69.51460732758476],[25.863632647058964,69.51517771703504],[25.864654802079887,69.51571592537206],[25.86612402420812,69.51638417966359],[25.86613682029602,69.5163899993491],[25.86770484086468,69.51709529194521],[25.869475060327154,69.51784275979784],[25.87121947298179,69.51852871199593],[25.872241440019014,69.51907709723274],[25.87328673397068,69.51973807117999],[25.874374441076124,69.52066832830604],[25.87547547066561,69.52141839576572],[25.87627814268466,69.52169956526068],[25.876878686517173,69.52193854158453],[25.87704041489774,69.52219513528006],[25.87684652546779,69.52255166203831],[25.876741281548533,69.52288831835705],[25.876396636334675,69.52333587909948],[25.876156431450703,69.52377689119423],[25.876595680321167,69.52449937154363],[25.876559794395106,69.52518323508289],[25.876552535441327,69.52532156033124],[25.87613837074924,69.52621846890851],[25.87567057415265,69.52715432462213],[25.875613228978686,69.52780728976148],[25.875597896809182,69.52798185695983],[25.876267433997253,69.52857905163178],[25.87607025324784,69.52899689546787],[25.875230795649887,69.52941060527941],[25.874437197215236,69.52994715908795],[25.873744772928223,69.53054668729413],[25.873129061363784,69.53108246275619],[25.872258421345908,69.53157803319554],[25.87135263398727,69.53206382047033],[25.871106096178668,69.5321882037331],[25.869672157865423,69.53291162322753],[25.868618296742927,69.53350791479599],[25.866861361594868,69.53414053219495],[25.865041025775295,69.5348647158982],[25.863942325725485,69.53536662209696],[25.863838108397697,69.53541746706874],[25.86288360442958,69.53588313223018],[25.862397126602932,69.5360952404919],[25.861307469487674,69.53657031842755],[25.860109294238697,69.53699944225804],[25.858429659130085,69.53750252058153],[25.856237972200045,69.53796367491753],[25.854565086090112,69.53839352536897],[25.854189590405475,69.53849000502801],[25.852026825647133,69.53909266726656],[25.849889091444066,69.53958034140386],[25.848307872709377,69.54013854906964],[25.8482014238167,69.54018314042278],[25.84690541002525,69.54072602229404],[25.845362197010445,69.5411656148774],[25.84332896522945,69.54147928233522],[25.84142103627245,69.54204063508618],[25.84128605181323,69.54208034777129],[25.839945513139646,69.5429799869921],[25.83926788084058,69.54361949472914],[25.839394912614335,69.54450967516297],[25.840025859922783,69.54527031404623],[25.84100412100986,69.54609458366583],[25.841357695365044,69.54633433930746],[25.841765332644467,69.5466107483547],[25.841914069792395,69.54710239507028],[25.84182630903997,69.54764359872604],[25.841912587804124,69.54815021351938],[25.841903378873038,69.54899832047566],[25.841680030073757,69.54972935288431],[25.841638004609266,69.54978832586153],[25.841242497566537,69.55034330976704],[25.84146347492218,69.55101302262392],[25.842601302801366,69.5516865368576],[25.84417720320031,69.552279625816],[25.8451273406863,69.55243814399049],[25.8453983789319,69.5524833619077],[25.84681089234871,69.55271901638376],[25.849059135772084,69.55283316017048],[25.85156333198564,69.55302340794893],[25.85406480866237,69.5532647072935],[25.85666169871006,69.55336348471529],[25.85873796956294,69.55335659776773],[25.860784638194797,69.55328609141512],[25.86163338569538,69.5532443912966],[25.862400688584447,69.55320668841972],[25.864364347676585,69.55311722281905],[25.866592698989848,69.55299879498966],[25.868143357410812,69.5529781734545],[25.870066960231192,69.55309283286596],[25.872075052355676,69.55326935484152],[25.87422214803032,69.55357872696901],[25.875145233096976,69.55382068549551],[25.876502320657263,69.55414629200257],[25.87756716157516,69.55447002126198],[25.87910025864982,69.55478652105975],[25.880184843605413,69.55515072801019],[25.88065191013621,69.55530756439705],[25.88165091011196,69.55577395536312],[25.882826964334434,69.55621079758212],[25.88459252780286,69.55655939763618],[25.885932944743253,69.55664971980171],[25.886807897276118,69.55675975215331],[25.887559867456236,69.55685429780578],[25.8885612162689,69.5572797735385],[25.88955566208005,69.55771195308472],[25.89097283439202,69.55814351597093],[25.89276949546059,69.55846156421069],[25.894106893917474,69.55861313328532],[25.89554418564034,69.55853022043566],[25.896699874059387,69.55880329001099],[25.89744471180128,69.55910442727567],[25.898666066704585,69.55984405678454],[25.90049866773761,69.56037398040647],[25.901604249684706,69.56069365302274],[25.906314782236436,69.56222533197766],[25.90861693180612,69.56319385568187],[25.91111783988327,69.56436786027646],[25.913609110448593,69.56586089816108],[25.91524010620953,69.56648982492945],[25.916672269114123,69.5670537453348],[25.918098250994294,69.56750551354388],[25.919990323155062,69.56792769786864],[25.92065028997273,69.56807495785587],[25.922208243745605,69.56860661097873],[25.922959418081412,69.56897508444055],[25.923798770958964,69.56939155999666],[25.92446104795975,69.56972783786102],[25.925942190171238,69.56999005364251],[25.927925272649937,69.57017622726183],[25.929900491616053,69.57052052242996],[25.931197194666755,69.57086049983837],[25.932940939471848,69.57129842474477],[25.934569887414554,69.5716951298445],[25.93631862659147,69.57211540907547],[25.937491902045682,69.57253217775671],[25.93797275999949,69.57315328083784],[25.93869181353747,69.57370134994318],[25.93920934718604,69.57430492233908],[25.9395912130424,69.57498470422296],[25.940267614831132,69.57532313999447]],[[25.940267614831132,69.57532313999447],[25.944876808033467,69.5745061974626],[25.975617513109416,69.58318357379903],[25.998370749604398,69.57782359677616],[26.020836330436754,69.57137280947984],[26.055006092928945,69.57493688783136],[26.420050987772797,69.70563098753112],[26.517041212184715,69.72147521006542],[26.796281085945118,69.5898763452458],[26.873714742625673,69.4231569755727]],[[27.513600778875958,70.02214625292352],[27.514392062933037,70.02100646039317],[27.530090424351634,69.98675179964992],[27.64656190573818,69.8828885613011],[27.811781506573308,69.78927102453088],[28.0007623157726,69.72591769562256]],[[25.940267614831132,69.57532313999447],[25.941010774617858,69.57569496419653],[25.941897411472976,69.57644232415497],[25.94185031764077,69.5767241602968],[25.941806899167403,69.57698399485405],[25.94214559418817,69.57749228594794],[25.943212355792596,69.57786972364822],[25.944485722237904,69.57827259831691],[25.945388174132813,69.57876157191558],[25.94598129883701,69.5793220073062],[25.946390930257852,69.57991322926995],[25.94663498911643,69.5805841013113],[25.946830079579282,69.58131113682671],[25.947677044571822,69.58203683558483],[25.94833159229142,69.58271541819255],[25.948566161279103,69.58311201836655],[25.94845511297018,69.58349041697068],[25.948161691973798,69.5838193245027],[25.94719405151956,69.58433951008236],[25.94648977569876,69.58493031697277],[25.94590919393613,69.58545912023233],[25.94555757682808,69.58602962422756],[25.945760646088978,69.58659540491038],[25.94584968876934,69.58667307248422],[25.94649680619668,69.5872374438596],[25.947213440422164,69.58758809200225],[25.94825807750611,69.58795729054748],[25.949003257297985,69.58830856887128],[25.949695502607725,69.58879662307734],[25.949717891323093,69.58881734067995],[25.950336431995908,69.58938922069343],[25.950927060288862,69.59013392072328],[25.95135836055552,69.59069382283647],[25.95185561760366,69.5913903988418],[25.952207567078908,69.59222320950505],[25.952022887932802,69.59268987945772],[25.951842929193923,69.59305979555664],[25.951708394448442,69.59344610917825],[25.95171802091195,69.59372037774831],[25.95188543014538,69.59407624655756],[25.952327737659928,69.59448214598675],[25.95309278655392,69.59495149901834],[25.95435850373345,69.59552336403287],[25.955969742854386,69.59597303495823],[25.95780163949927,69.59638086388978],[25.958538566648425,69.59652480641275],[25.960238742060806,69.59685687714882],[25.96126402179493,69.5970694376536],[25.962255471973705,69.59727498439021],[25.963826697101005,69.59760735626183],[25.964998089967253,69.59800196286795],[25.96561770910483,69.59833132167621],[25.965823459259568,69.59844067227475],[25.966732220157947,69.59879680109475],[25.967184626200446,69.59928868562994],[25.967276010858047,69.5997596787052],[25.967641891197044,69.60078673563517],[25.968316055706048,69.60150343270047],[25.96906167587849,69.60246782380335],[25.969685088236876,69.60337330377047],[25.970982660590487,69.60413729557274],[25.972123352163816,69.60469671365202],[25.97240503090606,69.60577472701775],[25.97232778825677,69.60650806671515],[25.972611587248707,69.60702929578689],[25.973049022444663,69.60783264904182],[25.97339661169529,69.6080354623185],[25.974082045842042,69.60843539551546],[25.974937192223855,69.60900837759839],[25.975980130363673,69.60961256038077],[25.976576541769752,69.61024288367479],[25.97672071616536,69.6106750298319],[25.97657115421107,69.61104220488943],[25.975669624867088,69.61161202056503],[25.975053884944284,69.61206848850026],[25.974596123327203,69.61266964672215],[25.974404112161952,69.61323209831325],[25.974036787611716,69.61366701138947],[25.97352598338364,69.6139975670209],[25.972986102255533,69.61424743890554],[25.971837249412502,69.6148100289083],[25.97107262720767,69.6152713593223],[25.97052934606697,69.61559021811131],[25.96928239799643,69.61599186452256],[25.9676176643806,69.61644146477484],[25.96633238335032,69.61675018234824],[25.96542733118844,69.61710587780759],[25.965424154756978,69.61710712544625],[25.965419676196234,69.6171094371622],[25.964222689787707,69.61772687306868],[25.963333957892814,69.61835995992296],[25.962676296382334,69.61865855462098],[25.961760183584474,69.61907447739223],[25.96084956367325,69.61957017433983],[25.960051858382943,69.62002551352164],[25.959405651328275,69.62041848296901],[25.95895679564077,69.62082412873647],[25.958888211785915,69.62121477569322],[25.95918029244593,69.62165357314905],[25.959446400978447,69.62194843841283],[25.960209413935704,69.62220599858755],[25.960772500115624,69.62250263125722],[25.961051155841943,69.62260484762635],[25.961487725704135,69.62276498774226],[25.962218649719045,69.62296550516113],[25.963013315595358,69.62325199373544],[25.963537607024183,69.62366915140424],[25.96383324588226,69.62400419342512],[25.96427917550263,69.6243693784113],[25.96437409033962,69.62476859783034],[25.964372342345026,69.6247728386746],[25.96420704179964,69.6251740730488],[25.963922636351615,69.6255922003385],[25.96345607884055,69.62604956514706],[25.962731569709938,69.62667406899543],[25.961967036255576,69.62716935418702],[25.961778392624073,69.62733587808258],[25.961360412056283,69.62770483631182],[25.9609933857517,69.62812246995385],[25.96074498601331,69.62847754944143],[25.96070257296033,69.62869785215078],[25.960678633715847,69.6288222094394],[25.9608265347882,69.6291738787583],[25.96092399393663,69.62934072695002],[25.961072395513703,69.6295947745939],[25.961503008680246,69.63019577920159],[25.961954971137413,69.6307447828114],[25.962439985415223,69.63129398058672],[25.96300611858025,69.63187240105438],[25.963329590835148,69.63244956516576],[25.963432304654017,69.63319182065516],[25.963329414913215,69.63370881423566],[25.962989188161828,69.63425313187406],[25.962636085264204,69.63472260971149],[25.962264502366022,69.63523223808446],[25.961966204200436,69.63580074830648],[25.961656199999815,69.63638975402205],[25.961230105107802,69.63696197322228],[25.96049145779763,69.63765870919134],[25.959707988467446,69.63824123815787],[25.959321974861265,69.63868148303695],[25.95892765258403,69.6392790606161],[25.958927373600105,69.63927949842744],[25.958217156941405,69.6399062767791],[25.957329045642194,69.64056705426722],[25.95628474522,69.64133205677666],[25.9558758952263,69.64196938060712],[25.955291329471198,69.64259689530648],[25.95534249688141,69.64334956665853],[25.955898806135394,69.64410972784044],[25.955909230280305,69.64497594234271],[25.955909526416583,69.6449998277592],[25.95562622478234,69.64578402496478],[25.955433132338918,69.64622351734953],[25.955299579180323,69.64652748804892],[25.955084776797303,69.64666208629677],[25.954037356440214,69.64731840154592],[25.952205745965998,69.648283336797],[25.951839079257272,69.64849604267224],[25.95063142609305,69.64919657145533],[25.94964221722416,69.64965436517126],[25.948701068878652,69.65008991189939],[25.946633980862952,69.65088557635069],[25.94419138613672,69.65158874316194],[25.941455604361412,69.65226424364042],[25.939129210383502,69.65290669600833],[25.937469752289292,69.65346443656125],[25.93534966267303,69.65405485886274],[25.934110257976034,69.65436670766492],[25.932562317866836,69.65472991108027],[25.93111358482265,69.65514692556195],[25.929358028527645,69.65557980711696],[25.927069781365134,69.65591707532441],[25.927046125337124,69.65592056313326],[25.92515093422506,69.65608640223498],[25.921875686434955,69.6563147236234],[25.91910656048112,69.6566170791022],[25.916189831411636,69.65690153841913],[25.91180487927793,69.65694820143592],[25.91144471595076,69.65695202950361],[25.908440740532317,69.6568869249645],[25.907660768149643,69.65687001209635],[25.90429588643852,69.65728061958806],[25.902070720853764,69.65772164706009],[25.90096156507644,69.65794146331264],[25.90091355402387,69.65795097921415],[25.900900766064026,69.65795509479246],[25.897525737504637,69.65904141159028],[25.897101574176002,69.65917792659191],[25.894740909758262,69.66044054288002],[25.89267338958718,69.66194449858963],[25.892314738527197,69.66234970895849],[25.891291241809856,69.6635059885231],[25.891316794474598,69.66375857746839],[25.89133243323021,69.66391354092193],[25.89149313598661,69.66550328407821],[25.892536536239252,69.66642318703651],[25.893208991759035,69.66722586510622],[25.894194960455675,69.66788857329284],[25.895064172842556,69.6688344312131],[25.895643097636555,69.66947682090927],[25.896429489039065,69.66989035403137],[25.896735858351448,69.67005146541332],[25.898599403170248,69.67052448520833],[25.90054117971797,69.67145928448826],[25.900992553534657,69.67162196801931],[25.902306444807465,69.67209549972594],[25.90284574140065,69.67228986720033],[25.90611622838812,69.67319741301151],[25.906466391138906,69.67331949604277],[25.906723798738064,69.67340924285655],[25.90851100690225,69.67403230132501],[25.91089926107897,69.67484621824748],[25.911887906597958,69.67524149722635],[25.91194097643468,69.675262723032],[25.912194153208894,69.67536394230102],[25.912781122039718,69.67559860096253],[25.913698084847137,69.67611587643967],[25.914021396533442,69.67629825429646],[25.91505670888506,69.67701436451704],[25.916236154997186,69.67790879490866],[25.91691801565958,69.67855174376895],[25.91852760371947,69.67902297139001],[25.920247409407903,69.67933518138351],[25.92203002386384,69.67941709237428],[25.924472519278975,69.67957400271058],[25.925352843744594,69.6795502852556],[25.926619617197215,69.67951614863975],[25.92865117215303,69.67972372017356],[25.931225428917863,69.68030716518862],[25.934135750003197,69.68131844430904],[25.934319589792207,69.68139540820542],[25.936286016789627,69.68221860880396],[25.937362304116654,69.68265784729859],[25.938722526630485,69.68321292356491],[25.94110291202963,69.68391552611305],[25.9422771514894,69.68440629428063],[25.942653515493415,69.68456359996513],[25.94363388591288,69.68538567091288],[25.943956443608872,69.68630384082982],[25.944349459250088,69.68750579228657],[25.944412733988052,69.68769929216562],[25.945067348625326,69.68907310640267],[25.946010925700676,69.68992352457468],[25.94781556883979,69.69064210372072],[25.9501616007462,69.69129313991306],[25.950492022463884,69.6913848284113],[25.951160608674403,69.691886136879],[25.95157015072885,69.69219320137833],[25.95214178058451,69.69303052350615],[25.952159550070984,69.69370485754956],[25.95125454853388,69.69444466071789],[25.950146921014206,69.69514777012259],[25.94979833311656,69.69599734459982],[25.950537268680982,69.69655178515113],[25.95157386122214,69.69689050673033],[25.95274962339858,69.69727467866899],[25.955852023877455,69.69829282119007],[25.95804578199276,69.698672332608],[25.9600718932427,69.69921476394808],[25.960214471332346,69.69925293331464],[25.961010294831798,69.69968310749304],[25.96150879058959,69.6999525449544],[25.96274251941377,69.70084696473135],[25.964163432718827,69.70209733014129],[25.965545487570118,69.70309905958848],[25.96602184207692,69.70381156466391],[25.96587588792855,69.70404970902673],[25.9655775946487,69.70453640743206],[25.966051363632204,69.70530213467724],[25.967266742375976,69.70583062945686],[25.968069931302377,69.70617986819086],[25.970418534363994,69.70694233400106],[25.973004979108094,69.7073655281688],[25.97492889063581,69.70774933706046],[25.975654925891533,69.70801834459307],[25.9756889926411,69.70803097336032],[25.975752483799102,69.70805449982164],[25.97648572166438,69.70832616456256],[25.977937311464533,69.70893940066992],[25.979040849301857,69.70940556915033],[25.979971746931298,69.70976098762694],[25.981400300761948,69.71030637736202],[25.98175182626712,69.71047394819824],[25.983849455474672,69.71147381328637],[25.984729567613886,69.71231279931794],[25.986423360763858,69.7132451759912],[25.988127493577267,69.71396469020026],[25.99024670223853,69.71470366283282],[25.990562127418098,69.7148252864838],[25.99283134216264,69.71570020383726],[25.994050964844718,69.71628743376048],[25.994529386973174,69.71698213535363],[25.994568571930863,69.71707849840399],[25.99480417538111,69.71765792411755],[25.99585266276041,69.71819618170392],[25.99631407961236,69.71833121006668],[25.99776958106892,69.71875712725185],[25.999303235035924,69.71939007014065],[26.001854388577055,69.71998682458657],[26.003924178502114,69.72056630774189],[26.005072824993924,69.72115831213588],[26.005549220107575,69.72190618884716],[26.00585439756965,69.72230750094687],[26.00598283693457,69.7224763983449],[26.007141597612566,69.72285553284162],[26.008670837447895,69.72297060490878],[26.01051194397159,69.72298096012071],[26.01264830104873,69.7232413435352],[26.01417845273429,69.72333863290459],[26.016029453317145,69.72313607350674],[26.016915322358255,69.72278617384119],[26.018410738375888,69.72252837618244],[26.019963176957464,69.72236014676264],[26.022433336229252,69.72189237745539],[26.02453983261666,69.7215480736302],[26.026594166827362,69.7213010425762],[26.029572286180162,69.72121989522552],[26.032663227662383,69.72130616592582],[26.033102730322238,69.72131842817846],[26.036230784920335,69.72107188675743],[26.038414739695092,69.72068829144222],[26.039721085682597,69.72037899590981],[26.04109441393138,69.72026781896791],[26.043105997349674,69.72033149725382],[26.045505285171036,69.72022585879594],[26.048661563836085,69.72019020649738],[26.050687369905766,69.720381666125],[26.05110884819782,69.72042148888035],[26.052232694422855,69.72052768338816],[26.054508251705695,69.72115634416616],[26.05614172226527,69.72206310674348],[26.056174232844345,69.72209163017745],[26.057127954990012,69.7229283539661],[26.058675948635457,69.72364438708775],[26.06089531784552,69.7240671871351],[26.06443819889231,69.724444924506],[26.06673115369621,69.72436886005224],[26.067010676289012,69.72433038877891],[26.06848014925962,69.72412813535439],[26.0701352969414,69.7240927673247],[26.071909232272343,69.7242491799674],[26.073160330820713,69.72472633119487],[26.073186332376423,69.72473963362587],[26.074172140759558,69.72524398118738],[26.07561200842433,69.72587150194587],[26.077284678336017,69.7264096587482],[26.07760594969196,69.72671593541368],[26.077936117467104,69.72703068649292],[26.078957359598736,69.72728822965632],[26.079705624150773,69.72747692539755],[26.08242206105862,69.7278712942853],[26.085543229436198,69.72798677091092],[26.087986627745998,69.72781679956113],[26.090313028694254,69.72781064282808],[26.092285456411567,69.7279905630863],[26.094763167194916,69.72820614297817],[26.097337661100337,69.72855260132653],[26.099174875532647,69.72879196421512],[26.101439783210722,69.72900063917017],[26.103844745207105,69.72925926937911],[26.105827660915004,69.72941717164859],[26.107729374756655,69.7297515132107],[26.1095854819554,69.7301753492995],[26.11135979806259,69.73079203779815],[26.114076682177462,69.7315284424032],[26.1163005223869,69.73210435148482],[26.117310712110374,69.73236593985494],[26.121880877252067,69.73346660653712],[26.122321392202657,69.73367144905107],[26.124941279663517,69.73488961193195],[26.128832711823904,69.73615345066916],[26.130654373813496,69.7368241072888],[26.132427831851494,69.73747695989314],[26.132605949072147,69.73754047563364],[26.13561892591247,69.73861477823594],[26.136758144020156,69.73930395893404],[26.13699189611378,69.73944535836696],[26.13728499704499,69.73962266096484],[26.138145015867902,69.74017529743737],[26.138948741700368,69.7406917330313],[26.140674955824114,69.74153171247202],[26.142523554849834,69.74239747150438],[26.14290771749308,69.74257737677934],[26.14485038618796,69.74376941882254],[26.14651019484347,69.74492722722782],[26.147277543003796,69.74588359115091],[26.14740506588374,69.74613885271714],[26.147672368056334,69.74667390637048],[26.148025125619668,69.74733262376658],[26.148331103844093,69.74853127922191],[26.14840532492053,69.74989664569291],[26.148166713351973,69.75088112705191],[26.148076962022873,69.75193190305954],[26.148369187841343,69.75291882325536],[26.148758234847104,69.75385692987426],[26.149481246940972,69.75474737526966],[26.150073261877928,69.75535795178439],[26.151183664598882,69.75605316208542],[26.153428340886435,69.756852356773],[26.153529169021656,69.7568742120302],[26.156061217900596,69.7574228797412],[26.158929864539193,69.7578854341917],[26.16233129645474,69.75828926512136],[26.165508452473087,69.75840634119388],[26.16822881732671,69.75815396815402],[26.169726406585077,69.75814146308767],[26.17069086710789,69.75813340367075],[26.173246755330794,69.75827680622895],[26.176364138201485,69.75861989718226],[26.177163786481568,69.7587449414537],[26.179287442390237,69.75907700128502],[26.180994779931286,69.75946752889499],[26.18127100942233,69.75953071863854],[26.18177954004859,69.75964702804018],[26.183416758552607,69.76024591322769],[26.184387471246804,69.76090741142855],[26.184974965381414,69.76166567552193],[26.18551285734739,69.76260310709696],[26.18570748481291,69.76315317974394],[26.185850932755212,69.76355859115458],[26.185957823972526,69.76447887486594],[26.18565501044292,69.76500964567164],[26.18549985665005,69.76528158858068],[26.185427717135582,69.76592183172494],[26.18559851159052,69.7664153657017],[26.185537837152122,69.76671028081824],[26.185485020528162,69.76707294163104],[26.184540760171277,69.76739115437935],[26.183289973323852,69.76760042436894],[26.182349290781605,69.76782455737842],[26.18171711501225,69.76810388066532],[26.181162070516276,69.76839700300135],[26.180955440626768,69.7687186279781],[26.181173829322624,69.76909598085865],[26.181934310069604,69.76951616856158],[26.182613507333052,69.77003007001443],[26.183525726837598,69.77054503819244],[26.184712413338694,69.77099407165375],[26.185329124732732,69.77157686252337],[26.185130246921048,69.77214720530522],[26.185386028762537,69.7725228417589],[26.185872998989876,69.77276269987722],[26.186645883866948,69.77323416732068],[26.187796485305682,69.7738244938828],[26.18834556939894,69.77449197991288],[26.189174774119056,69.7751543929207],[26.190181553509618,69.7757151200661],[26.191264223506018,69.77638708876678],[26.192442668251417,69.77706451988308],[26.19386043560508,69.77758174455988],[26.19543877725805,69.77796529351275],[26.1968203789947,69.77841513094047],[26.19836355505463,69.77870439986667],[26.20014138324813,69.77895439808759],[26.201556627652916,69.7791077482782],[26.20316937632267,69.77926018517432],[26.204696518292046,69.77929817428753],[26.20646845473703,69.77920246946604],[26.2089544110381,69.77914196453013],[26.21120763309678,69.77915204863838],[26.21329394455936,69.77947048978379],[26.21491011346154,69.77989435167558],[26.215880607625476,69.78035129334958],[26.217080518329084,69.78113981032406],[26.2174379421519,69.78196933647389],[26.217535806161422,69.78282008673554],[26.218215909175527,69.78367341623677],[26.218673878599166,69.78423894319626],[26.21951037793171,69.78473994943302],[26.221413914879488,69.78517866011516],[26.222900861556457,69.78550661765733],[26.22375397246276,69.7858092356111],[26.224232626888192,69.78597901968313],[26.225044442143638,69.78644441275826],[26.2258334392731,69.78718711061008],[26.226236801872613,69.78784746545291],[26.226599841727154,69.78854797192828],[26.226886167039513,69.78922125543731],[26.227240890837255,69.79015021177348],[26.227561706527155,69.7909446147856],[26.227659503685405,69.79145909261352],[26.227692113240867,69.79163065758831],[26.228013930688874,69.79239817768847],[26.22888690964105,69.79297993705278],[26.22996116200503,69.79337440221644],[26.230196088126107,69.79342217676988],[26.231312013979203,69.79364910393149],[26.232708599161363,69.79373581763157],[26.23527632236674,69.79369319135203],[26.238350911263446,69.79361239420945],[26.24021839612536,69.79358011795178],[26.240479694503396,69.79359013816665],[26.24240394829366,69.79366391811776],[26.2425869018495,69.79367093202515],[26.244559457276072,69.79396163992891],[26.24578860288037,69.79438354709767],[26.246384430202987,69.79477091682953],[26.24651528979986,69.79485598071611],[26.24666263619826,69.79495178675585],[26.24710182254699,69.79571976959002],[26.24743066186305,69.79631255733665],[26.24757401996304,69.79684658514223],[26.248051229972265,69.79798982292287],[26.248185820616733,69.79897155822997],[26.248472788473563,69.80007182598115],[26.248853383874284,69.80083432577892],[26.248752288715693,69.8013834190949],[26.248405531007535,69.80195965381766],[26.24802868587202,69.80256772178598],[26.247333767493576,69.80333132941219],[26.247260200075154,69.80340509167658],[26.247249838034755,69.80341551318531],[26.24679883315182,69.80386785619686],[26.24617793044909,69.80450662653949],[26.245263523479547,69.80515697454466],[26.244455636056358,69.80574514992205],[26.2438826287283,69.8061878256711],[26.243879823105633,69.8061899839222],[26.243706501826185,69.80632386086556],[26.243238413557616,69.80662974090063],[26.24305271308912,69.80675108612773],[26.24229400142816,69.80719682650516],[26.241644819438807,69.80769435769909],[26.241181251308454,69.80819268372981],[26.24093676456729,69.80879457064921],[26.24091460099916,69.80941024555446],[26.240969473378694,69.80994927892489],[26.24091249808246,69.81050066507723],[26.24077883249078,69.81095574618753],[26.240743168463368,69.8110772170337],[26.240533475575365,69.8117434009627],[26.240546109833513,69.81242336434606],[26.240670180823823,69.81310380645112],[26.240835083114575,69.81368180293819],[26.241287463569435,69.81453042311925],[26.242098489855987,69.81554330431841],[26.242626057913462,69.81621226421842],[26.243589886659144,69.81668202722871],[26.244802711653225,69.81704701743055],[26.24589450133532,69.81736915396786],[26.247122080141985,69.81758290094177],[26.248858402805514,69.8178596852877],[26.25060163820125,69.81794405574983],[26.252565028512016,69.81810631205715],[26.252657498207917,69.8181175928018],[26.254525722077215,69.81834549822823],[26.256524530422723,69.81855917438237],[26.258472607035884,69.81881109655326],[26.26019558517145,69.81903849643936],[26.261557941415738,69.81923555047005],[26.262099104917464,69.81931382243994],[26.264449382809804,69.81963790738195],[26.266639041300422,69.82013379322575],[26.268310679245815,69.82054285107763],[26.270921545180805,69.82127325158528],[26.272644633592336,69.8219359678081],[26.27510713295183,69.8227286139257],[26.277055753141223,69.82333952397161],[26.27892489903892,69.8241040405126],[26.280044591710467,69.82467662608124],[26.28023984055666,69.82477646808385],[26.281796771822695,69.82559805449206],[26.28345956696121,69.82604169005472],[26.284542378636335,69.82622895689776],[26.285657750204756,69.82632490269557],[26.28795437615956,69.8263471142978],[26.289821254811912,69.82644954649567],[26.290477176154884,69.8264855309722],[26.292811159777994,69.82671297019333],[26.295102868669535,69.82709413504318],[26.296997078136556,69.82746867721507],[26.299151015057095,69.82808570685451],[26.301248321099404,69.82864163890234],[26.304095655680328,69.82941319870511],[26.305626824245095,69.82976414836824],[26.306608095330663,69.82998904466554],[26.30671519828597,69.83001359080424],[26.306804065978046,69.83003063462266],[26.308968702498007,69.83044574718963],[26.31103136249764,69.83103106488272],[26.31210949552806,69.83143216303573],[26.312390394341946,69.83153666197623],[26.313856401488863,69.83218377282772],[26.31516323243708,69.83269174626939],[26.316502518125162,69.83313048670337],[26.318086540144588,69.83358559406231],[26.319562817491043,69.83392481137163],[26.32111473651963,69.83422582540207],[26.32314835957872,69.83457998340353],[26.32536796079666,69.83493482709767],[26.32795858968366,69.83531670054842],[26.330025956366534,69.8357863679066],[26.331648046705794,69.83622866324978],[26.332856333955913,69.83682332553244],[26.334136191468794,69.83750804362795],[26.33489802290953,69.83811384365042],[26.33565865825336,69.83875810772761],[26.336086663492413,69.8393369916018],[26.336330405338,69.83986386040557],[26.337131557424666,69.84040565074706],[26.338194298563838,69.84090993487341],[26.33935192529155,69.84128002776858],[26.339777742268335,69.8414161559114],[26.34055867022435,69.8417499087936],[26.3409889635088,69.84193380071484],[26.34136371908248,69.84219942386525],[26.34144163433722,69.84225465072267],[26.341935098408666,69.84260439308392],[26.342441093700646,69.84295390435616],[26.342663310263013,69.84310739628316],[26.343838696606685,69.84358640692817],[26.345316477556047,69.84412355480306],[26.345540830487504,69.84418850447773],[26.346948624626243,69.84459608166878],[26.34823052640753,69.8449861809273],[26.349808305385395,69.84541721984421],[26.351399873496046,69.84567962850974],[26.3527142936669,69.84580779264257],[26.35300409098383,69.84576517994151],[26.35397531765543,69.84562236325021],[26.354936645691428,69.84522467704134],[26.3563005896719,69.84485757792311],[26.357584552222825,69.84473809291902],[26.358057024348323,69.84473980728103],[26.359023358697144,69.8447433096902],[26.36064390430705,69.84481251989519],[26.361496283775423,69.84497395934821],[26.361555748074213,69.84500604540325],[26.362337071427422,69.84542768047741],[26.362520477260887,69.84552665058123],[26.363552415413025,69.8458259786458],[26.364736515219843,69.84615752102367],[26.36542568076221,69.84665620776494],[26.36636141143291,69.84710298119064],[26.366550343387395,69.84718537189396],[26.36737786867285,69.84754623572533],[26.368099155615898,69.8483056750021],[26.368417442819982,69.84885842809952],[26.36876554784027,69.84932499979705],[26.36881089841145,69.84938578279943],[26.369466754074033,69.84984993383108],[26.3694917769294,69.84985785182892],[26.369599021782197,69.84989178223567],[26.370892869375297,69.85030104703439],[26.372877218366362,69.85083543777127],[26.37490294494326,69.85133502257294],[26.375213459411757,69.85141160043726],[26.376424784689554,69.85171636955901],[26.377257487916072,69.8519258668759],[26.378893381641625,69.85231697648155],[26.38039307262387,69.85282617483678],[26.382010755559676,69.85349888668252],[26.383591688046927,69.85415864051888],[26.385022383610316,69.85486916264236],[26.385938893517164,69.85534698873762],[26.386997206785697,69.8560690264002],[26.38771613254328,69.85694383354846],[26.38839716235229,69.85784415438067],[26.388469131987563,69.85798415806829],[26.388819951753394,69.85866662006701],[26.389354798123126,69.85947663816074],[26.389968974775144,69.86012016361734],[26.39076783553434,69.86081597638012],[26.39194235774524,69.86154298557933],[26.3924136754448,69.86183470669965],[26.393874646326076,69.86281464880227],[26.395004007695732,69.86367799541007],[26.39588132678048,69.86424542776261],[26.397094481458563,69.86478834234522],[26.398498312372055,69.86517796499658],[26.399748105844843,69.86574664205592],[26.400660667281137,69.86639113934038],[26.401231930433077,69.8672525554288],[26.401582028607926,69.8680362525833],[26.401855477747663,69.86889666004076],[26.401651372618176,69.86952454498132],[26.401604216023273,69.86964022708531],[26.40141115055638,69.87011382718542],[26.401237698406753,69.87097272490861],[26.401348972665748,69.87164224492402],[26.40183103303022,69.87237299301354],[26.402298072870643,69.872977486353],[26.40231908145003,69.87299362825564],[26.40313652643794,69.87362171922084],[26.404236497327805,69.87424117075427],[26.405558245448926,69.87492549636913],[26.407182067383346,69.87571830950233],[26.409270012959478,69.87673384336479],[26.410767525428746,69.87780356350886],[26.41140958371251,69.87832285329822],[26.411869903148677,69.87869513465564],[26.41310888475366,69.87989743312342],[26.413715134539995,69.88153780069614],[26.414478046594976,69.88268025910773],[26.41477205313543,69.88353846014807],[26.414925734167735,69.88468439196652],[26.415270840634655,69.88534748917668],[26.415541509138656,69.88596248866318],[26.416063484781105,69.88651298599369],[26.416508596117524,69.88697515713213],[26.416952403694218,69.88748582896449],[26.41746532122013,69.88804521491241],[26.417914720140967,69.88858069814185],[26.417927125355803,69.88860181918632],[26.418090637169307,69.8888801323862],[26.41821574094117,69.8890930589229],[26.41830302323318,69.88959982169942],[26.41811140915046,69.8901568927314],[26.41772334449852,69.89061006474725],[26.416899008298003,69.89110323251789],[26.416211888226755,69.89151936760737],[26.41557020646534,69.89192015370573],[26.41481068812657,69.89227984442857],[26.413846152303638,69.89274949763073],[26.412986601972175,69.89324373286789],[26.41191388952012,69.89379787879818],[26.411055611346296,69.89424361187703],[26.41030822780796,69.89470059730888],[26.41026675654222,69.89472595362928],[26.409476845043837,69.89524465237847],[26.408614017730898,69.89584797470951],[26.408238518914708,69.89637422816674],[26.407950285201,69.89688841470254],[26.407906141645864,69.89737840939519],[26.407898966827414,69.89745806777006],[26.407782844634887,69.89815476478601],[26.40767394362409,69.89882073563466],[26.407657323262388,69.89940953382003],[26.40773342887259,69.89990566469918],[26.40764221360232,69.90028744598908],[26.40760297339209,69.90045169248772],[26.40747000922036,69.90084522719049],[26.407410664008594,69.90102087435405],[26.40753862872099,69.90148201618972],[26.407904852292855,69.90168676838127],[26.408302160842624,69.90190889701026],[26.409453842673717,69.90232495160524],[26.41060795680764,69.90265613660604],[26.41211359349793,69.90302484307786],[26.413956593432093,69.90341265123017],[26.414032921425946,69.90342871154927],[26.416215886460712,69.90383857415436],[26.416676243649587,69.90391655292711],[26.41707595134125,69.90398425696246],[26.418040691991227,69.90414766724373],[26.419865551593077,69.90445673261024],[26.42130130362122,69.90481301637948],[26.422664585196937,69.90524179819323],[26.423781812608894,69.90564551294227],[26.424829224686892,69.90602475465404],[26.42625920250572,69.90659920672536],[26.427228437411188,69.90702040982771],[26.428210189467507,69.90737998630962],[26.42968126556415,69.90783475284167],[26.4309763917336,69.9081905050454],[26.43227153576737,69.9085462477175],[26.433565086896866,69.90896258798132],[26.434682392672716,69.9093783662528],[26.436043991495115,69.90989189882434],[26.437090514858067,69.91031956090707],[26.438310516406208,69.91085687498898],[26.439319942682975,69.9113571426418],[26.440302758216813,69.9119433827909],[26.4410881803938,69.9125023619506],[26.442025899497093,69.9130508848066],[26.44301091245749,69.91351700400081],[26.443254440053988,69.91363587164805],[26.444257157462665,69.91412525644834],[26.445437439264243,69.91475891431301],[26.446480583273214,69.91529440741164],[26.447634078413603,69.91573567413622],[26.44882286855483,69.91613945954441],[26.450328584991762,69.91656845796601],[26.451586443325773,69.91703305945474],[26.452528143075146,69.91744817130252],[26.45344794930022,69.91784184979377],[26.454376379577646,69.91827828951863],[26.455094132715722,69.91869919150717],[26.455621522544487,69.91923988795628],[26.45592552583419,69.91976214242942],[26.45623265777813,69.92016317290525],[26.456818956316802,69.92068629010005],[26.457336885860915,69.92112433591386],[26.457746814937682,69.92164691069502],[26.458114155009135,69.92224152568271],[26.458142028464923,69.92290793898444],[26.458080499970325,69.92354308738715],[26.458036002023235,69.92410893233976],[26.457916332114337,69.92465829850346],[26.457710987859656,69.92507628776447],[26.457692387043643,69.92511415491248],[26.45757412686852,69.9256799896288],[26.457525799188755,69.92609567826098],[26.457404538682933,69.92668937494047],[26.457423508539385,69.92731987255921],[26.45751589896729,69.92784147676727],[26.45767794310436,69.92839966614359],[26.457802787010962,69.92903048683732],[26.457790040125342,69.92953915236446],[26.457775490208856,69.9300851713328],[26.457718052341903,69.9305771641258],[26.45768072886341,69.93101841691205],[26.457600940041843,69.93161503796524],[26.457667564155614,69.93185592336675],[26.457724339916247,69.9320611934894],[26.457725422778932,69.93206475692722],[26.45788704915552,69.93259514495435],[26.458190674423236,69.93314164129725],[26.458563957751043,69.93372472189776],[26.45893979337598,69.93421081601628],[26.459485899262994,69.93493991084007],[26.459804118363937,69.93531894842006],[26.459965515298503,69.93551118752214],[26.46044731770708,69.93599760027108],[26.461244440141694,69.93658196145833],[26.462150029765755,69.93706965400943],[26.462913796164706,69.93758117041978],[26.463149792982296,69.93801833554834],[26.46338608134002,69.93844338600447],[26.463726801422098,69.93892936316178],[26.464135655001105,69.93923252771036],[26.46435065095996,69.93939194506058],[26.46537871642715,69.93980498491536],[26.466632702200602,69.94019615253175],[26.467710508496452,69.9404163279633],[26.470003417352352,69.94070614448496],[26.470343016445483,69.94073988869957],[26.472211898246748,69.94092562590221],[26.47414863477275,69.94110182334408],[26.476204529867264,69.94130647313806],[26.477116067062624,69.94140569172956],[26.478494145796084,69.94155568130255],[26.480357848565887,69.94188848373372],[26.481656241140026,69.94223174249515],[26.482846292467407,69.94267166041855],[26.483250418149805,69.94287851303005],[26.483822992813078,69.94317158022331],[26.48448425407288,69.94357357780805],[26.485252380535364,69.9439395190267],[26.48669105975746,69.94433164315035],[26.48848451771758,69.9446641563946],[26.490489365585393,69.94502149680312],[26.490562641141526,69.94503180072307],[26.491174912456575,69.94511789442886],[26.492073661329254,69.9452442657338],[26.493693882272474,69.94544286562214],[26.4952446462751,69.94559275699687],[26.496746313535102,69.94566107059174],[26.498456001361948,69.94573521360235],[26.500255845013843,69.94581302822769],[26.5016682662253,69.9458412423425],[26.50332797588787,69.9458701364612],[26.505271161276045,69.94586343212303],[26.506855706147448,69.9458143804774],[26.507427730194387,69.94579667763553],[26.509341834610925,69.945758273582],[26.511068189702858,69.9457218613635],[26.512955695207506,69.94569073447553],[26.51515019623679,69.94565845426816],[26.51562065153954,69.9456515300171],[26.51756176817743,69.94567230564657],[26.51972935015617,69.94566268048602],[26.5218969302196,69.94565302888887],[26.52427925917591,69.94578196256997],[26.526360689238036,69.94590876232908],[26.528231035191304,69.94599859633067],[26.530240745380052,69.94607817047462],[26.532448643664893,69.94628543826671],[26.5347034839727,69.94641532230195],[26.53695801478045,69.9465606726797],[26.53870780807304,69.94670502586814],[26.540564100733608,69.94684895557154],[26.54226999975175,69.94698095536212],[26.544351922468284,69.9470954211254],[26.546187120710613,69.94718497563568],[26.54788154501091,69.94724991403432],[26.549628573540303,69.94739901274156],[26.551265998900732,69.94758583066609],[26.552919703693185,69.94790521362799],[26.55429029514973,69.94824811942165],[26.5556607002682,69.9486031380882],[26.557136349269637,69.94899477139853],[26.55924549187921,69.94950921333631],[26.560999694058925,69.94995327387464],[26.56279472451147,69.95043936712274],[26.564516977805766,69.95088004984287],[26.566301929814866,69.95125243801633],[26.5678946785664,69.95156356769758],[26.568551126519612,69.95169179242573],[26.570218459561566,69.95199717347367],[26.572647749982714,69.95235250932957],[26.573180099454362,69.95240324551075],[26.574315713958807,69.95251146858759],[26.576568663779245,69.95278027664128],[26.578506445364546,69.95300182184992],[26.580758164547227,69.95330744777954],[26.583258724271484,69.95373764819938],[26.58561874652708,69.9541311227642],[26.58769663038977,69.95449966380355],[26.59070905989863,69.95495180332415],[26.594221580986144,69.95551770031173],[26.598770013699642,69.95625632091513],[26.601789561914487,69.95663500594584],[26.60486181918807,69.95695122680875],[26.607471693319056,69.9571744941399],[26.60950113840827,69.95736491092298],[26.610616417984627,69.95760574369594],[26.6108060602161,69.95764669426812],[26.611387317966177,69.95797337496029],[26.61246584046382,69.95828563346456],[26.614896342166386,69.95878677554579],[26.617157115272303,69.95916036999881],[26.619380102209984,69.9593833637131],[26.619782470301693,69.95941367521925],[26.621533506885847,69.95954557080569],[26.623545351885394,69.95971956710022],[26.62562855636018,69.95985732801122],[26.627358522532962,69.95998219173671],[26.628608898087496,69.96005559606081],[26.631508608492624,69.96021044210032],[26.633834873065734,69.96029507483976],[26.63404415152985,69.96030987765948],[26.63654722957273,69.96048690054539],[26.637285313138694,69.96054844233252],[26.639491492753855,69.96073237649196],[26.640787360801745,69.96091974387478],[26.641618979848587,69.96103998036789],[26.643723676912597,69.96124596637989],[26.645843969436456,69.96133054909548],[26.648092807065698,69.96141484079757],[26.651170744246766,69.9615633693056],[26.652659455982743,69.96165980651038],[26.654219463718032,69.96176084816817],[26.656114078110654,69.96207030014143],[26.657730898315172,69.96231864347119],[26.65925080609474,69.9625520834835],[26.662119967978178,69.96270510645036],[26.666146142866385,69.96266109349173],[26.6673842683234,69.96274322552901],[26.66880816368774,69.9628376699746],[26.672027654339924,69.96345251079104],[26.6742729270136,69.96411234805474],[26.676079382077557,69.96462005190723],[26.677407554245615,69.96469747495229],[26.678691366688163,69.96477230245766],[26.68063638747824,69.96445649585719],[26.682041354257912,69.9639268274788],[26.683410044874226,69.96301918133845],[26.683961605023978,69.96221312742033],[26.684660440538014,69.9613905191931],[26.685960142828126,69.95972830775523],[26.68709801040556,69.95904097506885],[26.6872211082759,69.95897126419776],[26.687387446492643,69.95887705871144],[26.688645926490985,69.95816430846293],[26.690448011509798,69.95697003496579],[26.69162303129064,69.95620040895648],[26.693110603765884,69.95527166021968],[26.693897614303154,69.95450134915568],[26.695120943287673,69.95347292275085],[26.696313767230933,69.95233166242085],[26.697207808574586,69.9515093385522],[26.69805008315505,69.95087187400489],[26.699187316046565,69.95016764074015],[26.700127259387184,69.94954714546883],[26.701311884402113,69.94894386141077],[26.70278876509941,69.94845875497151],[26.704559322414973,69.94799093850189],[26.706484151804155,69.94752434571856],[26.708508387515117,69.94694227019144],[26.710455355512174,69.9463334397377],[26.713488795939654,69.94564651549737],[26.7152140638173,69.94531769009882],[26.715473776836973,69.94526818841514],[26.718074103664804,69.94498650703461],[26.72047433707125,69.94500711212933],[26.723186629533462,69.94520952673393],[26.725808262612066,69.94546937521561],[26.727909243142026,69.94574900453432],[26.7303876884614,69.94612924849567],[26.73130555171825,69.94627331425407],[26.732309259827694,69.94643084617564],[26.732377061348103,69.94644149387193],[26.73534455987961,69.94714874352098],[26.73573128512774,69.94726827066263],[26.73686786924327,69.94761954852942],[26.73830953532347,69.94807147845813],[26.740214606790033,69.94859904137802],[26.74137224128149,69.94880641590552],[26.741849568887638,69.94889192010868],[26.74366502426432,69.94918793158959],[26.745576508801168,69.94940539154511],[26.746098960648396,69.94950268083021],[26.747498050562093,69.94976319283194],[26.748037285023038,69.9498635939605],[26.750753907105146,69.95048632176899],[26.753249664526603,69.95112132738224],[26.755707566785958,69.95185728052866],[26.757664521973787,69.95252029448511],[26.757991487331694,69.95263106481471],[26.760695382773214,69.95351866044108],[26.763079762495597,69.95429230772413],[26.7635266286785,69.95444382434998],[26.76498708896299,69.9549389882165],[26.767567621637607,69.95553402577654],[26.76763137601959,69.95554872582694],[26.77002096176488,69.95589285953223],[26.7728883705871,69.95632598068008],[26.775019437246844,69.95675812528165],[26.775951402225797,69.9569515252223],[26.776133453988283,69.95698930063182],[26.777407672742864,69.95725371410784],[26.779759606103525,69.95771133888806],[26.782222136947627,69.95816906790886],[26.782700243245767,69.95824105943024],[26.782817088077305,69.95825865254699],[26.784759176477944,69.95855107023041],[26.787113864305557,69.95876861780866],[26.78935924691098,69.95887233523331],[26.79205730172796,69.9588208729387],[26.794589256050063,69.95881530570591],[26.797177603831088,69.95885339264473],[26.799277389810857,69.95888851477308],[26.8017606666723,69.95899037109182],[26.80505280422544,69.95909308127273],[26.809387037932364,69.95895907387309],[26.814295278735106,69.95880719982691],[26.818055338854315,69.95869076006782],[26.818762684984033,69.95874589499024],[26.82434881482363,69.95918120473283],[26.824752567166488,69.95921265678581],[26.827224814035507,69.95949797579175],[26.828562046627194,69.95965227871004],[26.829962180920518,69.95975801110814],[26.830524348454176,69.95980046081573],[26.832809824316126,69.9600218024535],[26.83302676112997,69.96004281036193],[26.83384880132445,69.960094550309],[26.833995289162154,69.96010377993296],[26.834315571079806,69.96012393217507],[26.83608205885771,69.96023510449359],[26.838585857822057,69.96031317716042],[26.839627662604066,69.96030806678776],[26.84075886784975,69.96030251028455],[26.843153072253383,69.96026674229643],[26.84595253361994,69.96020604173923],[26.848677981404073,69.96019574682208],[26.85129331142417,69.96013480543701],[26.853419089139397,69.95994640133219],[26.8556070875189,69.95944368357118],[26.85704681198155,69.95893963056845],[26.857933920603386,69.95846038610594],[26.858631212662505,69.9579283395495],[26.858935816002088,69.95733708209977],[26.85882933666452,69.95674337295905],[26.85831869232306,69.95602302906963],[26.857882236287377,69.95522696945396],[26.857559052233086,69.95445051225339],[26.857556194900994,69.95444362309469],[26.85752435141145,69.95371103370606],[26.857785780016474,69.9531681397654],[26.858378697936757,69.95260023999714],[26.85893440994154,69.9520828393411],[26.858901185215384,69.95155233557452],[26.858684142598015,69.95098379897668],[26.85824546500724,69.9505287547342],[26.858323025328346,69.94994781739358],[26.857921434407235,69.94945490609476],[26.85741090762067,69.94874719385436],[26.856373190776658,69.94781509691582],[26.855372308283567,69.9467765282383],[26.85514631941887,69.9458184227356],[26.855696215893847,69.94478111273588],[26.856400575245683,69.94382376160432],[26.857414984711447,69.94286664769407],[26.85858487110586,69.94182983389742],[26.859523515444813,69.9405799551668],[26.86067962405892,69.93990999539686],[26.86316857541739,69.93895939686979],[26.866487217712802,69.93762820727085],[26.868862043875833,69.93671978684978],[26.870854624288373,69.93585688013398],[26.873555485511663,69.93476725231058],[26.876341240503745,69.93398079091303],[26.87830097217761,69.93341496297448],[26.87871162126468,69.9333379905965],[26.881801267668433,69.93275889403667],[26.884269403098376,69.93246975471789],[26.884504287065738,69.93244224349398],[26.885539718675115,69.93232092624174],[26.885582148270228,69.93231595520787],[26.890389502923593,69.93210871268712],[26.894014748721386,69.93217587178773],[26.897765084411816,69.93244872959828],[26.902334035711743,69.9329817963029],[26.90740474912348,69.93372758610509],[26.909099481650593,69.93395385413822],[26.910875969000084,69.9342646816187],[26.912433729016964,69.93456598590511],[26.914210163913783,69.93491434390657],[26.916314747653438,69.93530040293761],[26.918173199307482,69.93568632379257],[26.92078689022516,69.93640311545217],[26.922326281207102,69.93692787892637],[26.923555176044978,69.93749190687447],[26.924401739319425,69.93789611055031],[26.925548968902515,69.93838496197556],[26.926532475720997,69.93876102860395],[26.927789679532626,69.93911843268889],[26.92888331818549,69.93931609111674],[26.929709968516743,69.93938454804851],[26.93025080865208,69.93942933392469],[26.931345038425068,69.9394579352752],[26.932466686709652,69.93946775386429],[26.934224062570507,69.93946067434759],[26.935817661266928,69.93941749681737],[26.9370657676081,69.93937104441493],[26.937446178122798,69.93935688490785],[26.939306551317614,69.93934813241086],[26.939306979689192,69.93934814152446],[26.941057363941223,69.93938629471603],[26.94286280535232,69.93945262355501],[26.944777705491287,69.93950957936036],[26.946780322916485,69.93955239942763],[26.948173648863595,69.93956284297956],[26.94874448451051,69.93956711826317],[26.950495307865168,69.93961456733338],[26.952325293973086,69.9396852635822],[26.954051577645227,69.93974700969112],[26.954316766109194,69.93975424919796],[26.955830690035626,69.93979557027343],[26.957360578346368,69.9397303035428],[26.958635545001208,69.9396430843318],[26.95880352882445,69.93961926144306],[26.959879456035903,69.93946666942723],[26.961001360365504,69.93934482977583],[26.96206851887779,69.93924174883418],[26.96305355026805,69.93914804212872],[26.96444903382066,69.93899806221269],[26.966391693315007,69.93882938924015],[26.968197856287066,69.9386823086828],[26.96972781187982,69.93848565460225],[26.97090639678149,69.93828547775882],[26.972277885725564,69.93798281838636],[26.97410800021857,69.93755342755311],[26.975831777973315,69.93722496597323],[26.977719586740672,69.93693407222496],[26.979197006291145,69.93666189727627],[26.981084859169815,69.93624887830843],[26.98260453019226,69.93590548830038],[26.984325489854587,69.93548991658317],[26.985954598270897,69.93508476781979],[26.9870489755424,69.93463405699299],[26.98781515584755,69.9340706164506],[26.988499204362558,69.93357290638846],[26.989511444564055,69.93302825170842],[26.99074241728929,69.93246482528066],[26.990933494281574,69.93238353778176],[26.992000678968306,69.93192956671356],[26.993121010531002,69.93153011234219],[26.99440759835064,69.93087779681845],[26.995542438912416,69.93017360142935],[26.996431498439385,69.92955363261581],[26.99730662629777,69.92884927696689],[26.997963619277243,69.92835756474395],[26.998947322853905,69.92779743192416],[27.00006586987571,69.92724166965635],[27.000888631540857,69.92682070723056],[27.00170882974657,69.92645443247079],[27.00261375668094,69.92599447144633],[27.003234089047286,69.92564202895883],[27.00327577460218,69.92561835455926],[27.003622541504352,69.92542132757696],[27.004223901412924,69.92484842124664],[27.004606510071465,69.92429430511875],[27.004820132832513,69.92389970829865],[27.004825137175857,69.92389046647577],[27.005071012805832,69.92330817772823],[27.00575426667407,69.92268831099145],[27.006561790521566,69.92214340357441],[27.00770792775181,69.92155258348062],[27.007744737711846,69.92152877013586],[27.008579714491084,69.92098857264838],[27.008790249677865,69.92085235816609],[27.009662108943886,69.92001153063607],[27.010381552694696,69.91934251208126],[27.010495431359868,69.91927933080837],[27.011718415610982,69.91860084449556],[27.011765924174348,69.91857448468426],[27.01190819738549,69.91852078173453],[27.013159458498446,69.91804845507599],[27.014716879088617,69.91749422574232],[27.014845331338098,69.91744496666439],[27.016137596936016,69.91694939290973],[27.017503549489504,69.91637636986472],[27.017638900825677,69.91630588876514],[27.01845958589949,69.91587851634371],[27.019388264713474,69.91539005835891],[27.020565722956096,69.9150530513909],[27.021184086306288,69.9149460579955],[27.022202252907647,69.91476988219488],[27.023677328612376,69.91431888755376],[27.024906443408383,69.91388671076605],[27.026080803300893,69.91339817401753],[27.027391464479088,69.91272177941605],[27.028138097531798,69.91231694145142],[27.029220769585717,69.91174476031303],[27.02952466403389,69.91161643098044],[27.030422192076077,69.91123741270266],[27.031248214122606,69.91092867742339],[27.03161261870496,69.91079248923951],[27.031847059147324,69.91074142337422],[27.032118729954515,69.91069637649201],[27.032175452856972,69.91068697117451],[27.03288003833987,69.91057013886976],[27.034191171729308,69.91041026415645],[27.035611690889642,69.91034423653075],[27.037496854135323,69.91039081000251],[27.03976475851568,69.91055936793859],[27.041814305449336,69.91082186304423],[27.04361937400815,69.91107479972474],[27.04375462301932,69.91109375021254],[27.046087279513674,69.91150361118525],[27.0476794052835,69.911928886399],[27.048896139244235,69.9124021365338],[27.049710716006746,69.91271894025083],[27.051516813491858,69.913571036252],[27.053683876655686,69.91440750056177],[27.0554103750765,69.91495751741145],[27.05557982551644,69.91501150138548],[27.05668921645471,69.91543841549758],[27.05764703736022,69.9159358638972],[27.058741662359676,69.91648960343629],[27.05969000911692,69.91697892850996],[27.060826818209385,69.91744924240346],[27.060935956783535,69.91749439388093],[27.062161428502083,69.91775630731239],[27.063628753656655,69.9178611245149],[27.063993407168397,69.91788717077836],[27.065687661996826,69.91798043957357],[27.066379477215985,69.91802083907724],[27.067765154080135,69.91810174848264],[27.06965111715552,69.91815736906632],[27.072192843119122,69.91816575138],[27.0745158743346,69.91815539377384],[27.076538421732543,69.9181827085591],[27.0789980763204,69.91816285354932],[27.081375375214627,69.91804907872039],[27.083506232963877,69.91783207586039],[27.085762020939125,69.91755158826447],[27.087411062001056,69.91735527881889],[27.090538885716906,69.91708000213427],[27.09292718612318,69.91696149627137],[27.093325902289546,69.91694170878921],[27.0936888624511,69.9169578111926],[27.094535991765845,69.91699539062665],[27.09581527159153,69.91705213316041],[27.097770219179807,69.9172325654704],[27.099937127056418,69.91755804669947],[27.10232420571523,69.91813299759662],[27.105066793694537,69.9188799952068],[27.107250201036276,69.91961536265026],[27.10885570724209,69.92022897764805],[27.110610489744516,69.92086810478622],[27.11191778485371,69.92143066536839],[27.11322531194024,69.92201881783028],[27.114346831458214,69.92265830178303],[27.11528190943468,69.9232722981379],[27.11612900875831,69.9239955957555],[27.116968056504398,69.92488450272963],[27.118128995020726,69.9258568478059],[27.119475612637903,69.9266882110478],[27.120709019418662,69.92726356187177],[27.121756264531864,69.92786463349606],[27.122542115108086,69.9283762603021],[27.123401842203112,69.9287725935528],[27.124075692898728,69.92924587543955],[27.12426329914588,69.92941239076293],[27.124637866967003,69.92974483480222],[27.1250310899607,69.9301793020044],[27.125537766218187,69.93060207552382],[27.12624805389373,69.93092167770696],[27.127032710366997,69.93120280797832],[27.12822807163897,69.93157326691058],[27.129199192949585,69.93185425291738],[27.130835864531125,69.93220772948263],[27.131843411153042,69.93234526920091],[27.132979818544115,69.93250037236568],[27.135217963857617,69.932629461818],[27.135923632061672,69.93262110645534],[27.13740683588053,69.93260353454816],[27.139793067387302,69.93258886736929],[27.141656941847504,69.93252336424591],[27.143297441181748,69.93250925208395],[27.145165961519396,69.93249083154775],[27.146690220018783,69.9324680667886],[27.14862909529808,69.93246645507004],[27.15090398272041,69.93252855462968],[27.153105552046068,69.93275714832862],[27.155009532194153,69.93307559393739],[27.157025827842,69.9334451411644],[27.159302793978906,69.93376321970146],[27.160944859237638,69.93394099599227],[27.162661335836123,69.93409307837965],[27.164191270849347,69.93423252036534],[27.16553499259762,69.93439772446246],[27.16717746706362,69.93461385876945],[27.168510083347204,69.9348404858619],[27.170388991894267,69.93517418753812],[27.172181882776666,69.93553097184531],[27.1739006974556,69.93593902291249],[27.1755460622088,69.93647518312811],[27.177266186024053,69.93702404991764],[27.17905436594021,69.93752736727471],[27.180134829736655,69.93780504090499],[27.18111644589606,69.93805729857458],[27.183096714590864,69.9384649941807],[27.185187470250064,69.9387061104304],[27.18665594602452,69.93885891287226],[27.18701563379777,69.93889633813401],[27.18729175851498,69.9389250744662],[27.187502077588146,69.93894695706258],[27.189780104281965,69.93926464457151],[27.192357455719268,69.93957314633587],[27.194746107156174,69.9398354477259],[27.19739831156297,69.94025506084068],[27.199844577164942,69.94072549562868],[27.201657947979037,69.94111576689345],[27.203854904306706,69.9417671296951],[27.205430519868077,69.94212850932946],[27.205471419798364,69.94213788668964],[27.20633692873463,69.94233639759109],[27.206545405301696,69.94237839144967],[27.206588130002892,69.94238699524364],[27.208464164681956,69.94276483020207],[27.21033258994158,69.94308272585141],[27.21234949971284,69.94332361051863],[27.214254813781487,69.94359020860016],[27.21634792114683,69.94397179676379],[27.21836752336947,69.94445588433196],[27.218878040403336,69.94462537528908],[27.219827622595663,69.9449406329875],[27.221700073386906,69.94560412143719],[27.223833538284808,69.9462416510564],[27.22585383767461,69.9467512636341],[27.228210022306417,69.9472604134178],[27.230415107705202,69.94759048026089],[27.231872867534552,69.94781905362485],[27.233629001283273,69.94803442676728],[27.235310559659073,69.9482498813367],[27.237140820284278,69.94841390036574],[27.238634425767053,69.94850152981486],[27.2402392344387,69.94852497874564],[27.24206837027908,69.94858651488335],[27.24389769482059,69.94866083729168],[27.24621239365546,69.94876007991918],[27.249012686554845,69.94889702885719],[27.251408221488788,69.94903125151669],[27.253377304979118,69.94924814621537],[27.253570617484506,69.94927460934],[27.255700354484155,69.94956614604514],[27.255947832011618,69.9495864093615],[27.257682061303623,69.94972839982809],[27.259696068830255,69.94986669539558],[27.262350519748217,69.95001971695773],[27.264592844751878,69.9501262433037],[27.266635521482826,69.95023334585711],[27.269166948220647,69.950303107811],[27.2694474552651,69.95031084312568],[27.272927693147878,69.95048534690672],[27.275837131246487,69.95072605909057],[27.280687517726502,69.9512185932803],[27.282967451200843,69.95147106818474],[27.285471709190926,69.95174874663681],[27.288124417197466,69.95196214044606],[27.289915404019457,69.95208457430789],[27.29177197195054,69.95225220351016],[27.293314132278198,69.95257549441146],[27.2943731362413,69.95286896710081],[27.295039460498288,69.95305362118502],[27.296889033418495,69.95360186375927],[27.29909026393263,69.95425203762133],[27.300666841561366,69.95473267382982],[27.302092233128786,69.9552168171934],[27.302464846212914,69.95538692656574],[27.30325771588142,69.95574888378125],[27.3044590758705,69.95643338910665],[27.305038338197615,69.95693915031232],[27.3054834790833,69.95804996103193],[27.305209458824887,69.95886776965851],[27.304635973189903,69.95984874973972],[27.304240769823057,69.96067174104402],[27.303619322211148,69.96149512670462],[27.302996929163122,69.96225644866212],[27.3021495981412,69.96311124057641],[27.301389556521542,69.96374866445002],[27.300085149651714,69.96429391424614],[27.298686168981366,69.96456003435529],[27.29710636879634,69.96484195902158],[27.297063686764417,69.96485106311056],[27.29573765183582,69.9651339002422],[27.295346828688604,69.96521725805029],[27.294089817762874,69.96593306002349],[27.293260596399534,69.96670160246876],[27.293116001493782,69.96687190538324],[27.29251006125938,69.96758555561026],[27.291904579535764,69.96861639446116],[27.291761148503998,69.96893199733954],[27.291514438946734,69.96947482215558],[27.29120960266793,69.9700723931222],[27.290852366192013,69.97068611862579],[27.289731298852423,69.97144820681392],[27.287567756359394,69.97211887692133],[27.286077330944853,69.97236953096393],[27.2852981682081,69.97248450562739],[27.2842702196538,69.97263618320733],[27.283237087579128,69.9728227100899],[27.282102612205385,69.9730275235724],[27.279980571645403,69.97344979263333],[27.27945421170579,69.97359440476914],[27.27844699825732,69.97387111635396],[27.27686847700936,69.97432353257939],[27.275516457304207,69.9747910886193],[27.27488978292321,69.97533510046621],[27.274868970248164,69.97540398006971],[27.274739629938708,69.97583200140043],[27.27471623087253,69.9759094379979],[27.27490549817227,69.97652976452441],[27.275132771388474,69.97691849963344],[27.2753223892248,69.97724282848783],[27.27569260218128,69.97784736065071],[27.276180959432754,69.97840142901111],[27.276169873914746,69.97845611363864],[27.27610324963356,69.97878481249896],[27.276458357442365,69.9793041770049],[27.277526611052235,69.97978821992156],[27.279440322083158,69.98041823712188],[27.280775434101606,69.98095023807033],[27.282342909152764,69.98158077008812],[27.28306066468028,69.98183994402169],[27.285070182371154,69.9825655087963],[27.287104215139838,69.98351175266447],[27.288792767404356,69.98451787993203],[27.290999011170893,69.98536489963921],[27.29156325974391,69.98549969133198],[27.29354864064282,69.98597394354906],[27.295519481867405,69.98648500331399],[27.296024542625894,69.98656700967237],[27.29696668058477,69.98671997797062],[27.29835446103547,69.98683634908254],[27.300498195746446,69.98730750034528],[27.302701510237746,69.98789721605483],[27.305079380895204,69.98856573325367],[27.305750474241005,69.98884675583164],[27.307055371014698,69.98939315867769],[27.307824352107176,69.98973345888567],[27.309202791654087,69.99008180032259],[27.311922690021614,69.99041334885719],[27.313424215683295,69.99046657410778],[27.31458130659344,69.99050758125277],[27.316949643014688,69.99050338132965],[27.318930356372885,69.99047380349701],[27.32047957818033,69.99012974601287],[27.320697936524635,69.99008124942475],[27.322365120613735,69.98956391767419],[27.323585865707752,69.98908590572348],[27.323622706180817,69.98906523452939],[27.32429654521546,69.98868712677402],[27.32490604703958,69.98837036547019],[27.326303923520975,69.9882625953247],[27.328286999558447,69.98846937733758],[27.33014760511093,69.9885803601579],[27.33303490095895,69.98853541897819],[27.335693817101856,69.98843218839369],[27.338644112339743,69.98865909759556],[27.338697491817967,69.98866320174305],[27.341356975320213,69.98881637842425],[27.344479913902713,69.98904774723358],[27.347432241245453,69.98943764115677],[27.35019423075239,69.99004096083108],[27.35328418187473,69.99049433491429],[27.356124385383794,69.99106235448333],[27.357331281153055,69.99133440039508],[27.357587806355784,69.99139221806273],[27.358212090287477,69.99153292546892],[27.359957027262254,69.99222176713977],[27.362165279713494,69.99296898718117],[27.364259521119994,69.99379555020793],[27.36664764894583,69.99489842288789],[27.369091039963816,69.99584290238892],[27.37223012157653,69.99690457906675],[27.373052101128206,69.99717432815488],[27.3745692122967,69.99767216840822],[27.378375274679748,69.99851754748207],[27.381801900392983,69.99914153782302],[27.384246589069907,69.99990566294983],[27.386285343010737,70.00077165290335],[27.387921904711973,70.0017571791171],[27.388345916116485,70.00196611856421],[27.390080285966683,70.00282067670284],[27.391832047702344,70.00376636008494],[27.393294948872086,70.0047126553658],[27.39534579312329,70.00617196752755],[27.396637119010784,70.00719774439709],[27.39795096283135,70.00781579622877],[27.39867736814732,70.00828180278656],[27.39892704486092,70.0088307105209],[27.401172678838968,70.01011165257258],[27.401975188324307,70.01120146886188],[27.40280300105678,70.01214912746963],[27.40408967768459,70.01289792235528],[27.405115972285547,70.01327714506586],[27.40605130043982,70.01348497857956],[27.406994870552563,70.01360345545663],[27.409491146038956,70.01409227924313],[27.411523750255736,70.01452279335005],[27.411990759055794,70.01466286990603],[27.41309456268306,70.01499391933702],[27.414203983002363,70.01552545046195],[27.416299395436308,70.01619314891923],[27.418680130765566,70.01666234166663],[27.421410826248664,70.0172691411212],[27.42419909204951,70.01785598000043],[27.42646898617123,70.01854291767219],[27.42855993750702,70.01921345208484],[27.431372486927728,70.01966261533244],[27.434730449183288,70.02002855994017],[27.437345261263395,70.02020454332674],[27.43960734416118,70.02033765149937],[27.442993604590544,70.0203818900874],[27.445480544038798,70.02035591107656],[27.44842900367042,70.02026939980361],[27.45092082862039,70.0202856318089],[27.453510988836822,70.02039922494853],[27.453915145325116,70.02041694723816],[27.456498303633236,70.02032195090197],[27.4593010481233,70.0201379507627],[27.461294870132626,70.02016330106787],[27.462577272014578,70.02027721821318],[27.462947204619937,70.02031007409208],[27.46298835008323,70.02031586780143],[27.46498550595196,70.02059679338242],[27.46742008542577,70.02101188668378],[27.47032319564847,70.02147901391734],[27.473083528963645,70.02186374948187],[27.47310890933613,70.02186728614195],[27.473903370823876,70.0218939706018],[27.476930173769244,70.02199558015784],[27.480746928122418,70.02192598303598],[27.481760712016747,70.02184883393085],[27.483172483809856,70.0217413868227],[27.48640792560431,70.02155454980651],[27.490337443057534,70.0213657553563],[27.49312494644729,70.02128648903489],[27.494781836017562,70.02131108754861],[27.4959825608931,70.02132891441603],[27.499109762034085,70.02156186902603],[27.501974673893923,70.02190626461683],[27.504130495919828,70.02215193420471],[27.5072275041099,70.0223445504846],[27.510436671876775,70.02230518047416],[27.512759926047302,70.02216760706052],[27.512856664528755,70.02216514972571],[27.513337305825857,70.02215294278788],[27.51340547799009,70.02215121305792],[27.513600778875958,70.02214625292352]],[[27.513600778875958,70.02214625292352],[27.515425079259344,70.02209991200935],[27.51808187794856,70.02223478544367],[27.518495230938743,70.0222557693655],[27.52121691129597,70.02248748037341],[27.523709144782927,70.0228425708741],[27.525989992221174,70.02346382227567],[27.528400831460832,70.02437770784854],[27.53026034383727,70.02527227152487],[27.53200292000702,70.0263764929246],[27.533011456040768,70.02750381423593],[27.533467541997855,70.02875691122827],[27.533589492076686,70.02925985334022],[27.533663515710213,70.02956512874762],[27.533917960433538,70.02978371621333],[27.53451486914546,70.03029648669995],[27.535669922312522,70.03090711433474],[27.53784414495279,70.03194902214432],[27.54015858061578,70.03331998052278],[27.54121679982082,70.03457512591133],[27.54137475920697,70.03494903897139],[27.541753365384775,70.03584522063923],[27.542447691134583,70.0370724717532],[27.543167730564562,70.0382429226148],[27.543510146880138,70.03915115543948],[27.543176664562946,70.03981119106601],[27.54210449315976,70.04072810330635],[27.541610796259388,70.04136330719824],[27.541469136844682,70.04154560649702],[27.540628670807198,70.0425360593891],[27.540493083476765,70.0426958328849],[27.540404515558226,70.04280020003709],[27.540212110051566,70.04383424791338],[27.540320779137666,70.0446427220646],[27.540697628377092,70.04564509447975],[27.5415976305668,70.04652605594954],[27.542759260307275,70.04734630590056],[27.543832891586124,70.04815184092692],[27.54543640370514,70.04909055025719],[27.546532014106997,70.05038367133132],[27.547424054724303,70.05128619529663],[27.54855298160621,70.05251091481455],[27.549769763603724,70.05373534788616],[27.550636942500866,70.05500579643086],[27.551417261852226,70.05630645153134],[27.55259454413292,70.0576807715404],[27.554301191331565,70.05898378221326],[27.556777618528287,70.05985523108575],[27.55951687576868,70.06054993470273],[27.56105292443458,70.06085546187828],[27.561837885985845,70.06101158387763],[27.562429093791785,70.06110033927338],[27.56497868858192,70.06148311216185],[27.567200801698405,70.06199937490786],[27.569801172890468,70.06270417380664],[27.571309343008906,70.06328349784647],[27.572954633830708,70.06405707165212],[27.573370688703175,70.06481960518178],[27.573746193921817,70.06570209160701],[27.574558181295966,70.06649331058016],[27.57642082995119,70.06717629073559],[27.57911890671514,70.06790147242353],[27.581630657444244,70.0682378070926],[27.584984035031844,70.06838914193901],[27.587928211174376,70.06835854613992],[27.59063411455334,70.06857987859888],[27.59328711856821,70.06909439516822],[27.595148032193848,70.06979990273383],[27.59527908110036,70.06985164805197],[27.596061795250833,70.07016066731667],[27.59652993955439,70.07034548641099],[27.59865577039598,70.07098242230198],[27.599137245577783,70.07108324150585],[27.60090869130488,70.07145415460651],[27.601678655119127,70.07164817603129],[27.603606872026,70.07213404253086],[27.606175657385535,70.07288921699993],[27.607463548626672,70.07324691560895],[27.609318981310988,70.07376222071512],[27.612460362736282,70.0745602886606],[27.615986541238694,70.07499750344448],[27.619759854367913,70.07507689307762],[27.623836813459285,70.07501883662589],[27.62690487968633,70.0747935592398],[27.627172844213057,70.07477387671786],[27.62895766147831,70.07467521943347],[27.63137624780511,70.0746993046632],[27.634582053327662,70.07516938934201],[27.63743329044443,70.0755064198191],[27.640115174261222,70.07560168136014],[27.642788308224677,70.07541234846141],[27.645329395607053,70.07538208868286],[27.648400485352223,70.07545470125848],[27.651312923191384,70.07556121679974],[27.65430510383923,70.0757449984477],[27.65701339600365,70.07609308289666],[27.6597740654025,70.07647379044306],[27.662748300115638,70.07693013037631],[27.665683545083333,70.07723072755519],[27.667839288191438,70.07734250916828],[27.669817456477116,70.07739501798025],[27.672102063238224,70.07741639189561],[27.675437267929116,70.07732892843445],[27.67820105100879,70.0772285962877],[27.68031279540299,70.07721997746035],[27.683688075687407,70.077132790113],[27.686871548896814,70.07694370456223],[27.689781902737906,70.07679483202695],[27.69293635074843,70.07658536666885],[27.69574827447194,70.07623951711678],[27.697790139229152,70.07592496951627],[27.69997267513303,70.07552700423868],[27.701976952117867,70.07505482354586],[27.704111834597626,70.07455214447992],[27.70615425561279,70.07391500313324],[27.70819091236896,70.07311309795838],[27.709347448997107,70.07263034072804],[27.709966011968934,70.07237213046069],[27.711347418351473,70.07167764082344],[27.712937453947895,70.07066776661229],[27.714060375130796,70.07012406459971],[27.715106269114017,70.06989521384664],[27.71593072136591,70.06995215385103],[27.717404001087694,70.07005389420681],[27.71826230270637,70.0700032933104],[27.721324791880576,70.06936750254381],[27.722960041914707,70.06883702668428],[27.724243738641462,70.06838855385077],[27.72508919298831,70.067794099315],[27.725419578952714,70.06763724644114],[27.72617359385769,70.0672792619934],[27.727950443704096,70.06678656058143],[27.72843510732126,70.06665216140316],[27.729226534600873,70.06642163676403],[27.729253655014027,70.06641373848872],[27.73015755014753,70.06615046132593],[27.732224185879332,70.06594826291948],[27.734584028156483,70.06532466175126],[27.737078890525147,70.06474920225516],[27.739328149739368,70.06442260990178],[27.739895914851196,70.06433169532617],[27.740162740879185,70.06428896876362],[27.74110495526054,70.06413808955936],[27.74379140816189,70.06416125032001],[27.746093201023342,70.0643205746439],[27.746823474759324,70.06445920634448],[27.74784738475279,70.06465357243738],[27.749182384782582,70.06515723717588],[27.749422677096323,70.065228574484],[27.750824153064006,70.06564462673612],[27.75210950977279,70.06597679139601],[27.754092686945146,70.06620003043047],[27.758420843438458,70.06691563431026],[27.761758632797175,70.06766499898626],[27.765108567752144,70.06810566068826],[27.767810874831984,70.06873185269225],[27.769655935398394,70.06952746890771],[27.771456386573966,70.07044044092902],[27.77404148567781,70.07133325460865],[27.77678762879939,70.0718459015701],[27.777876853353895,70.07204921827311],[27.78049071295355,70.07264975344204],[27.780920705728526,70.07274853688614],[27.781782294705685,70.07309340468241],[27.78224504462011,70.07327862285966],[27.783455430117847,70.07376306690298],[27.78537785823968,70.0747865405873],[27.786254507518255,70.07502666264132],[27.78677831220696,70.07517013455144],[27.78866600218452,70.07568714822145],[27.79041633496291,70.07603237199012],[27.791369500843853,70.07622035622336],[27.794189594787728,70.07676771284567],[27.794619457008974,70.07683381090091],[27.79769288720437,70.07730635424632],[27.800782504010805,70.07764884448065],[27.803057381880148,70.07793555104732],[27.805619456930664,70.07814175759128],[27.805873378990675,70.07815992756838],[27.810043397524495,70.07845826751479],[27.81388635477237,70.0787575233619],[27.817675231119335,70.07915591343755],[27.817930615004705,70.07918570172208],[27.819537294178993,70.07937310351195],[27.820124632431533,70.07944160567338],[27.823396309712276,70.07963524341353],[27.823848682238363,70.07966201711925],[27.827507655665453,70.0797044883824],[27.831976912719274,70.07946266273645],[27.836146037573286,70.07948214362483],[27.8410214832545,70.08002391031623],[27.84105450150965,70.080032624157],[27.844427043176605,70.08092295169203],[27.848709618653313,70.0815898122611],[27.849121296544872,70.08165391162854],[27.849416931379334,70.08169994068083],[27.85198073813432,70.08192527013105],[27.855380762314873,70.0820585520712],[27.859368949894495,70.08234497502575],[27.85937158828062,70.0823451686018],[27.86229125022634,70.08274679601371],[27.862851598717274,70.08284276568308],[27.86571324071298,70.08333279033914],[27.866349968983055,70.08347397567104],[27.869082130764525,70.08407974597189],[27.870937979889387,70.08468171534456],[27.875594657298436,70.08499474367625],[27.875813535468914,70.08500945405505],[27.87901060731997,70.08543662463387],[27.881018253552433,70.08556674574041],[27.881281533777187,70.0855838080057],[27.88494688585065,70.08571133943033],[27.889352385949838,70.08588417873605],[27.892650602585523,70.08597211185138],[27.893610055158597,70.08599768008993],[27.89768267162367,70.08617522482503],[27.90171013808871,70.08634797244281],[27.90565734690754,70.08648378323659],[27.909549206469848,70.08665872774004],[27.913456522526,70.0870058827036],[27.91725144564231,70.08746153122564],[27.92041249370337,70.08818023952783],[27.92364453102416,70.0889229280869],[27.927503358399548,70.08962336051792],[27.927683704669032,70.08964426285762],[27.93071929647333,70.08999605765307],[27.934101365851067,70.09022476251648],[27.937485349140886,70.09030174592591],[27.938345787176278,70.09032130955399],[27.94080009623136,70.09056635968811],[27.943138951495676,70.09098891613374],[27.945308293151378,70.09143274999586],[27.948290784498653,70.09187223821051],[27.951440119949996,70.09210664941922],[27.955582003505675,70.0922932130507],[27.95769745555178,70.09221086777083],[27.9588537572868,70.09213450983371],[27.959191562725216,70.09211220054353],[27.959381624380157,70.09209971964434],[27.960136873980026,70.09046829906049],[27.96018962784047,70.09035432732992],[27.96038723515611,70.08992727289018],[27.960436498716426,70.08982096062621],[27.960771494293517,70.0890973731193],[27.960819217187257,70.0889942437048],[27.96099571137033,70.08861300326086],[27.961006811578386,70.08858904363433],[27.961123133404033,70.08833820860916],[27.962571029719292,70.08520791649194],[27.962591089805738,70.08516449256437],[27.964658555669118,70.08069380575117],[27.969328077734907,70.07068868286655],[27.969472122722546,70.07037984613841],[27.971267945090137,70.06652939989239],[27.97128041693614,70.06650266981512],[27.974456344680334,70.05968948351645],[27.976994467504436,70.05424757675782],[27.977241171841694,70.0530638018645],[27.977258963295643,70.05297840832026],[27.978917417917597,70.04501699849087],[27.978967732117468,70.04477534420998],[27.982414113138145,70.02821163757541],[27.983788560414002,70.01775276340318],[27.983890170848746,70.01697915933036],[27.983892526689033,70.01696129062681],[27.984281194337242,70.01396924256564],[27.984397520402684,70.01390528450514],[27.9847314485294,70.01372236256543],[27.98660763593239,70.01267816670874],[27.98846615252931,70.0116436826572],[28.002643002991885,70.00374858217653],[28.012211926337088,69.99841562719759],[28.01225378703485,69.99839229595308],[28.012615579021084,69.99819060529288],[28.016691230006245,69.99590493803815],[28.017879613394033,69.99523836789358],[28.02138143835759,69.99343287078507],[28.022047748036712,69.99308929212081],[28.024674016383464,69.99173491485033],[28.02543260704529,69.99134367226621],[28.028020306025297,69.99000891762584],[28.028663514316236,69.98967711416945],[28.030252760139508,69.98885723146734],[28.032459086796845,69.98771887065209],[28.032465725527853,69.98771544211819],[28.042193838125968,69.98276997712068],[28.05087825690966,69.97821763604642],[28.050879276942844,69.97821710088782],[28.051727251590933,69.97777247868493],[28.05618111818512,69.97543672700652],[28.05619310095078,69.9754304497432],[28.060278266085028,69.97328749152155],[28.060666565258586,69.97308378232685],[28.064575308786953,69.97103282835161],[28.0646224532056,69.97100808036001],[28.06496630158534,69.97082661788345],[28.06634076812763,69.97010119702652],[28.069026917758297,69.96871126297742],[28.069127388631752,69.9686592610231],[28.069796613964932,69.96831171036655],[28.070558627742514,69.96791596723747],[28.070702658408678,69.96784116447905],[28.071764253596257,69.96728979459365],[28.071990071192985,69.96717250764928],[28.072808109348163,69.96674760111307],[28.072985375778934,69.9666555289885],[28.074577567167413,69.96582845139143],[28.074604114847006,69.9658146499788],[28.07630103790211,69.96493308572711],[28.07642594592437,69.96486818737355],[28.078436853483247,69.96382336746275],[28.078526595874525,69.96377674328154],[28.08088223813949,69.96255262234291],[28.08102973521869,69.9624759691217],[28.08356304907874,69.96115935095114],[28.083614084449827,69.96113282510214],[28.08554021714404,69.9601316205023],[28.085839980203477,69.95997579241146],[28.098297616980467,69.95349738574501],[28.09865126730762,69.9533134175134],[28.10708940147832,69.94892240924592],[28.160712769569965,69.9209936835257],[28.248820012635058,69.90186127815764],[28.296496736808557,69.89148244775853],[28.345269564793153,69.8808318125044],[28.33840683987872,69.86614969899189],[28.33047604239754,69.84919258370715],[28.384043713428017,69.82682917496106],[28.4042255949713,69.81842501859295],[28.44390029004684,69.81185154642198],[28.481922347857004,69.80553880411804],[28.488852656868602,69.8043868883276],[28.502240250186812,69.80216130123063],[28.502240342495934,69.80216128519699]]],"bbox":[24.834096063252332,66.96079853433461,29.336495555257663,70.0922932130507]}
