{"type":"Topology","objects":{"neighborhoods":{"type":"GeometryCollection","geometries":[{"type":"MultiPolygon","arcs":[[[0]],[[1]],[[2]],[[3]],[[4]],[[5]],[[6]],[[7]],[[8]],[[9]],[[10]],[[11]],[[12]],[[13]],[[14]],[[15,16]],[[17,18,19,20,21,22]],[[23,24,25,26,27,28]]],"properties":{"id":783,"postinumeroalue":"26100","nimi":"Rauma Keskus","namn":"Raumo centrum","euref_x":203881,"euref_y":6790399,"pinta_ala":28774962,"vuosi":2026,"kunta":"684","he_vakiy":16603,"he_naiset":8512,"he_miehet":8091,"he_kika":47,"he_0_2":264,"he_3_6":450,"he_7_12":799,"he_13_15":456,"he_16_17":317,"he_18_19":400,"he_20_24":1283,"he_25_29":1077,"he_30_34":964,"he_35_39":1055,"he_40_44":985,"he_45_49":972,"he_50_54":837,"he_55_59":857,"he_60_64":1000,"he_65_69":1006,"he_70_74":1112,"he_75_79":1138,"he_80_84":751,"he_85_":880,"ko_ika18y":14317,"ko_perus":3865,"ko_koul":10452,"ko_yliop":1075,"ko_ammat":4744,"ko_al_kork":3290,"ko_yl_kork":1343,"hr_tuy":14317,"hr_ktu":28030,"hr_mtu":24647,"hr_pi_tul":3137,"hr_ke_tul":8712,"hr_hy_tul":2468,"hr_ovy":401307156,"te_taly":9613,"te_takk":1.7,"te_as_valj":42.7,"te_yks":5408,"te_nuor":1699,"te_eil_np":357,"te_laps":1354,"te_plap":247,"te_aklap":525,"te_klap":609,"te_teini":565,"te_yhlap":350,"te_aik":4720,"te_elak":3560,"te_omis_as":5090,"te_vuok_as":4406,"te_muu_as":117,"tr_kuty":9613,"tr_ktu":41253,"tr_mtu":31875,"tr_pi_tul":3019,"tr_ke_tul":5203,"tr_hy_tul":1391,"tr_ovy":396567630,"ra_ke":99,"ra_raky":3519,"ra_muut":910,"ra_asrak":2609,"ra_asunn":11429,"ra_as_kpa":70.4,"ra_pt_as":3114,"ra_kt_as":7968,"ra_muu_as":347,"tp_tyopy":11787,"tp_alku_a":6,"tp_jalo_bf":3554,"tp_palv_gu":8227,"tp_a_maat":6,"tp_b_kaiv":0,"tp_c_teol":2984,"tp_d_ener":28,"tp_e_vesi":29,"tp_f_rake":513,"tp_g_kaup":1245,"tp_h_kulj":779,"tp_i_majo":523,"tp_j_info":236,"tp_k_raho":134,"tp_l_kiin":80,"tp_m_erik":609,"tp_n_hall":777,"tp_o_julk":395,"tp_p_koul":796,"tp_q_terv":2137,"tp_r_taid":238,"tp_s_muup":278,"tp_t_koti":0,"tp_u_kans":0,"tp_x_tunt":0,"pt_vakiy":16603,"pt_tyoll":6732,"pt_tyott":835,"pt_0_14":1814,"pt_opisk":1343,"pt_elakel":5219,"pt_muut":660,"city":"rauma","pno":"26100","unemployment_rate":5,"higher_education_rate":32.4,"pensioner_share":31.4,"ownership_rate":52.9,"rental_rate":45.8,"population_density":577,"child_ratio":4.3,"student_share":8.1,"detached_house_share":27.2,"youth_ratio_pct":16.6,"gender_ratio":1.05,"single_parent_hh_pct":3.7,"families_with_children_pct":14.1,"tech_sector_pct":2,"healthcare_workers_pct":18.1,"employment_rate":40.5,"elderly_ratio_pct":29.4,"avg_household_size":1.73,"manufacturing_jobs_pct":30.2,"public_sector_jobs_pct":3.4,"service_sector_jobs_pct":69.8,"new_construction_pct":30.8,"foreign_language_pct":9.3,"crime_index":92.8,"property_price_sqm":1534,"transit_stop_density":null,"air_quality_index":21.4,"green_space_pct":51.6,"daycare_density":0.3,"school_density":0.5,"healthcare_density":0.5,"restaurant_density":1.9,"grocery_density":0.4,"cycling_density":19,"single_person_hh_pct":56.3,"rental_price_sqm":11.62,"price_to_rent_ratio":11,"walkability_index":93,"traffic_accident_rate":0.3,"property_price_change_pct":-3.2,"school_quality_score":57.4,"light_pollution":23.9,"noise_pollution":42,"voter_turnout_pct":49.6,"party_diversity_index":0.826,"broadband_coverage_pct":89,"ev_charging_density":0.1,"tree_canopy_pct":14.2,"transit_reachability_score":null,"sports_facility_density":1.7,"water_proximity_m":0,"avg_construction_year":1973,"income_history":[[2021,21239],[2022,21230],[2023,21923],[2024,22594],[2025,23696],[2026,24647]],"population_history":[[2021,16119],[2022,16167],[2023,16146],[2024,16144],[2025,16432],[2026,16603]],"unemployment_history":[[2021,4.4],[2022,4.7],[2023,4.4],[2024,4.2],[2025,4.5],[2026,5]],"income_change_pct":16,"population_change_pct":3,"unemployment_change_pct":13.6,"schools":[{"name":"Rauman Lyseon lukio","score":57.4}],"property_price_history":[[2020,1584],[2021,1615],[2022,1715],[2023,1567],[2024,1649],[2025,1534]],"crime_index_history":[[2020,128.7],[2021,87.9],[2022,76.1],[2023,79.9],[2024,84.4],[2025,92.8]],"crime_index_change_pct":-27.9}},{"type":"MultiPolygon","arcs":[[[29]],[[30]],[[31]],[[32]],[[33]],[[34]],[[35]],[[36]],[[37]],[[38]],[[39]],[[40]],[[41]],[[42]],[[43]],[[44]],[[45]],[[46]],[[-20,47]],[[48]],[[49,-28,50]]],"properties":{"id":784,"postinumeroalue":"26200","nimi":"Merirauma-Kappelinluhta","namn":"Merirauma-Kappelinluhta","euref_x":203252,"euref_y":6794103,"pinta_ala":22736094,"vuosi":2026,"kunta":"684","he_vakiy":5021,"he_naiset":2475,"he_miehet":2546,"he_kika":45,"he_0_2":145,"he_3_6":181,"he_7_12":331,"he_13_15":186,"he_16_17":106,"he_18_19":103,"he_20_24":146,"he_25_29":251,"he_30_34":295,"he_35_39":310,"he_40_44":356,"he_45_49":322,"he_50_54":296,"he_55_59":344,"he_60_64":364,"he_65_69":370,"he_70_74":372,"he_75_79":274,"he_80_84":131,"he_85_":138,"ko_ika18y":4072,"ko_perus":735,"ko_koul":3337,"ko_yliop":188,"ko_ammat":1457,"ko_al_kork":1142,"ko_yl_kork":550,"hr_tuy":4072,"hr_ktu":33661,"hr_mtu":29363,"hr_pi_tul":601,"hr_ke_tul":2437,"hr_hy_tul":1034,"hr_ovy":137066327,"te_taly":2436,"te_takk":2.1,"te_as_valj":48.3,"te_yks":901,"te_nuor":185,"te_eil_np":84,"te_laps":551,"te_plap":130,"te_aklap":235,"te_klap":240,"te_teini":228,"te_yhlap":95,"te_aik":1013,"te_elak":879,"te_omis_as":2011,"te_vuok_as":405,"te_muu_as":20,"tr_kuty":2436,"tr_ktu":56475,"tr_mtu":47070,"tr_pi_tul":378,"tr_ke_tul":1480,"tr_hy_tul":578,"tr_ovy":137572773,"ra_ke":396,"ra_raky":1491,"ra_muut":83,"ra_asrak":1408,"ra_asunn":2718,"ra_as_kpa":96.7,"ra_pt_as":1963,"ra_kt_as":749,"ra_muu_as":6,"tp_tyopy":373,"tp_alku_a":4,"tp_jalo_bf":37,"tp_palv_gu":332,"tp_a_maat":4,"tp_b_kaiv":0,"tp_c_teol":14,"tp_d_ener":0,"tp_e_vesi":0,"tp_f_rake":23,"tp_g_kaup":37,"tp_h_kulj":21,"tp_i_majo":9,"tp_j_info":4,"tp_k_raho":2,"tp_l_kiin":2,"tp_m_erik":9,"tp_n_hall":10,"tp_o_julk":0,"tp_p_koul":116,"tp_q_terv":114,"tp_r_taid":1,"tp_s_muup":7,"tp_t_koti":0,"tp_u_kans":0,"tp_x_tunt":0,"pt_vakiy":5021,"pt_tyoll":2251,"pt_tyott":211,"pt_0_14":774,"pt_opisk":298,"pt_elakel":1347,"pt_muut":140,"city":"rauma","pno":"26200","unemployment_rate":4.2,"higher_education_rate":41.6,"pensioner_share":26.8,"ownership_rate":82.6,"rental_rate":16.6,"population_density":221,"child_ratio":6.5,"student_share":5.9,"detached_house_share":72.2,"youth_ratio_pct":10,"gender_ratio":0.97,"single_parent_hh_pct":3.4,"families_with_children_pct":22.6,"tech_sector_pct":1.1,"healthcare_workers_pct":30.6,"employment_rate":44.8,"elderly_ratio_pct":25.6,"avg_household_size":2.06,"manufacturing_jobs_pct":9.9,"public_sector_jobs_pct":0,"service_sector_jobs_pct":89,"new_construction_pct":54.9,"foreign_language_pct":7.1,"crime_index":74.6,"property_price_sqm":1119,"transit_stop_density":null,"air_quality_index":21.4,"green_space_pct":57.7,"daycare_density":0.1,"school_density":0,"healthcare_density":0,"restaurant_density":0,"grocery_density":0,"cycling_density":4,"single_person_hh_pct":37,"rental_price_sqm":11.43,"price_to_rent_ratio":8.2,"walkability_index":82,"traffic_accident_rate":null,"property_price_change_pct":-34.3,"school_quality_score":null,"light_pollution":2.7,"noise_pollution":40,"voter_turnout_pct":49.6,"party_diversity_index":0.826,"broadband_coverage_pct":89,"ev_charging_density":0,"tree_canopy_pct":32.2,"transit_reachability_score":null,"sports_facility_density":0.4,"water_proximity_m":0,"avg_construction_year":1977,"income_history":[[2021,25023],[2022,25279],[2023,26063],[2024,26870],[2025,28321],[2026,29363]],"population_history":[[2021,5035],[2022,4951],[2023,4983],[2024,4950],[2025,5021],[2026,5021]],"unemployment_history":[[2021,4],[2022,4.3],[2023,3.8],[2024,4.2],[2025,3.9],[2026,4.2]],"income_change_pct":17.3,"population_change_pct":-0.3,"unemployment_change_pct":5,"schools":null,"property_price_history":[[2020,1704],[2021,1446],[2022,1542],[2023,1598],[2024,1501],[2025,1119]],"crime_index_history":[[2020,103.4],[2021,70.6],[2022,61.2],[2023,64.2],[2024,67.9],[2025,74.6]],"crime_index_change_pct":-27.9}},{"type":"MultiPolygon","arcs":[[[-22,51]],[[52]],[[53]],[[54]],[[55]],[[56]],[[57]],[[58]],[[59]],[[60]],[[61]],[[62]],[[63]],[[-16,64]],[[-18,65]],[[66,-29,-50,67,68]]],"properties":{"id":785,"postinumeroalue":"26410","nimi":"Kaaro","namn":"Kaaro","euref_x":206959,"euref_y":6794931,"pinta_ala":22451868,"vuosi":2026,"kunta":"684","he_vakiy":1495,"he_naiset":744,"he_miehet":751,"he_kika":41,"he_0_2":34,"he_3_6":63,"he_7_12":148,"he_13_15":87,"he_16_17":41,"he_18_19":49,"he_20_24":33,"he_25_29":50,"he_30_34":73,"he_35_39":97,"he_40_44":124,"he_45_49":147,"he_50_54":111,"he_55_59":103,"he_60_64":94,"he_65_69":70,"he_70_74":74,"he_75_79":53,"he_80_84":19,"he_85_":25,"ko_ika18y":1122,"ko_perus":186,"ko_koul":936,"ko_yliop":51,"ko_ammat":467,"ko_al_kork":310,"ko_yl_kork":108,"hr_tuy":1122,"hr_ktu":33024,"hr_mtu":31024,"hr_pi_tul":160,"hr_ke_tul":640,"hr_hy_tul":322,"hr_ovy":37053029,"te_taly":597,"te_takk":2.5,"te_as_valj":46,"te_yks":136,"te_nuor":8,"te_eil_np":22,"te_laps":206,"te_plap":29,"te_aklap":66,"te_klap":106,"te_teini":102,"te_yhlap":29,"te_aik":227,"te_elak":165,"te_omis_as":580,"te_vuok_as":10,"te_muu_as":7,"tr_kuty":597,"tr_ktu":62378,"tr_mtu":58918,"tr_pi_tul":54,"tr_ke_tul":393,"tr_hy_tul":150,"tr_ovy":37239402,"ra_ke":345,"ra_raky":660,"ra_muut":51,"ra_asrak":609,"ra_asunn":619,"ra_as_kpa":114.6,"ra_pt_as":609,"ra_kt_as":0,"ra_muu_as":10,"tp_tyopy":105,"tp_alku_a":3,"tp_jalo_bf":57,"tp_palv_gu":45,"tp_a_maat":3,"tp_b_kaiv":0,"tp_c_teol":37,"tp_d_ener":0,"tp_e_vesi":3,"tp_f_rake":17,"tp_g_kaup":10,"tp_h_kulj":5,"tp_i_majo":0,"tp_j_info":0,"tp_k_raho":0,"tp_l_kiin":0,"tp_m_erik":0,"tp_n_hall":1,"tp_o_julk":0,"tp_p_koul":26,"tp_q_terv":1,"tp_r_taid":1,"tp_s_muup":1,"tp_t_koti":0,"tp_u_kans":0,"tp_x_tunt":0,"pt_vakiy":1495,"pt_tyoll":758,"pt_tyott":40,"pt_0_14":301,"pt_opisk":107,"pt_elakel":261,"pt_muut":28,"city":"rauma","pno":"26410","unemployment_rate":2.7,"higher_education_rate":37.3,"pensioner_share":17.5,"ownership_rate":97.2,"rental_rate":1.7,"population_density":67,"child_ratio":6.5,"student_share":7.2,"detached_house_share":98.4,"youth_ratio_pct":8.8,"gender_ratio":0.99,"single_parent_hh_pct":3.7,"families_with_children_pct":34.5,"tech_sector_pct":0,"healthcare_workers_pct":1,"employment_rate":50.7,"elderly_ratio_pct":16.1,"avg_household_size":2.5,"manufacturing_jobs_pct":54.3,"public_sector_jobs_pct":0,"service_sector_jobs_pct":42.9,"new_construction_pct":106.6,"foreign_language_pct":3.8,"crime_index":56.5,"property_price_sqm":null,"transit_stop_density":null,"air_quality_index":21.7,"green_space_pct":65.6,"daycare_density":0,"school_density":0,"healthcare_density":0,"restaurant_density":0,"grocery_density":0,"cycling_density":1.1,"single_person_hh_pct":22.8,"rental_price_sqm":null,"price_to_rent_ratio":null,"walkability_index":81,"traffic_accident_rate":0.9,"property_price_change_pct":null,"school_quality_score":null,"light_pollution":0.89,"noise_pollution":40,"voter_turnout_pct":49.6,"party_diversity_index":0.826,"broadband_coverage_pct":89,"ev_charging_density":0,"tree_canopy_pct":53.7,"transit_reachability_score":null,"sports_facility_density":0.2,"water_proximity_m":0,"avg_construction_year":1979,"income_history":[[2021,26809],[2022,27217],[2023,27806],[2024,28403],[2025,29804],[2026,31024]],"population_history":[[2021,1606],[2022,1586],[2023,1570],[2024,1557],[2025,1519],[2026,1495]],"unemployment_history":[[2021,2.7],[2022,2.6],[2023,2.6],[2024,3],[2025,3.2],[2026,2.7]],"income_change_pct":15.7,"population_change_pct":-6.9,"unemployment_change_pct":0,"schools":null,"crime_index_history":[[2020,78.3],[2021,53.5],[2022,46.3],[2023,48.7],[2024,51.4],[2025,56.5]],"crime_index_change_pct":-27.8}},{"type":"MultiPolygon","arcs":[[[69,70,71,-24,-67,72]]],"properties":{"id":786,"postinumeroalue":"26510","nimi":"Uotila","namn":"Uotila","euref_x":209119,"euref_y":6790999,"pinta_ala":21148286,"vuosi":2026,"kunta":"684","he_vakiy":2467,"he_naiset":1188,"he_miehet":1279,"he_kika":46,"he_0_2":51,"he_3_6":94,"he_7_12":170,"he_13_15":92,"he_16_17":50,"he_18_19":38,"he_20_24":66,"he_25_29":97,"he_30_34":142,"he_35_39":178,"he_40_44":156,"he_45_49":155,"he_50_54":155,"he_55_59":184,"he_60_64":179,"he_65_69":158,"he_70_74":166,"he_75_79":170,"he_80_84":96,"he_85_":70,"ko_ika18y":2010,"ko_perus":478,"ko_koul":1532,"ko_yliop":65,"ko_ammat":900,"ko_al_kork":426,"ko_yl_kork":141,"hr_tuy":2010,"hr_ktu":29269,"hr_mtu":27650,"hr_pi_tul":312,"hr_ke_tul":1289,"hr_hy_tul":409,"hr_ovy":58830298,"te_taly":1162,"te_takk":2.1,"te_as_valj":48.4,"te_yks":376,"te_nuor":51,"te_eil_np":35,"te_laps":255,"te_plap":46,"te_aklap":110,"te_klap":124,"te_teini":113,"te_yhlap":46,"te_aik":458,"te_elak":454,"te_omis_as":975,"te_vuok_as":182,"te_muu_as":5,"tr_kuty":1162,"tr_ktu":51009,"tr_mtu":46753,"tr_pi_tul":192,"tr_ke_tul":756,"tr_hy_tul":214,"tr_ovy":59272693,"ra_ke":5,"ra_raky":1189,"ra_muut":182,"ra_asrak":1007,"ra_asunn":1296,"ra_as_kpa":100.4,"ra_pt_as":1117,"ra_kt_as":162,"ra_muu_as":17,"tp_tyopy":1078,"tp_alku_a":2,"tp_jalo_bf":857,"tp_palv_gu":219,"tp_a_maat":2,"tp_b_kaiv":0,"tp_c_teol":750,"tp_d_ener":0,"tp_e_vesi":13,"tp_f_rake":94,"tp_g_kaup":41,"tp_h_kulj":25,"tp_i_majo":1,"tp_j_info":0,"tp_k_raho":0,"tp_l_kiin":0,"tp_m_erik":10,"tp_n_hall":59,"tp_o_julk":6,"tp_p_koul":25,"tp_q_terv":40,"tp_r_taid":7,"tp_s_muup":5,"tp_t_koti":0,"tp_u_kans":0,"tp_x_tunt":0,"pt_vakiy":2467,"pt_tyoll":1088,"pt_tyott":108,"pt_0_14":375,"pt_opisk":137,"pt_elakel":705,"pt_muut":54,"city":"rauma","pno":"26510","unemployment_rate":4.4,"higher_education_rate":28.2,"pensioner_share":28.6,"ownership_rate":83.9,"rental_rate":15.7,"population_density":117,"child_ratio":5.9,"student_share":5.6,"detached_house_share":86.2,"youth_ratio_pct":8.1,"gender_ratio":0.93,"single_parent_hh_pct":3,"families_with_children_pct":21.9,"tech_sector_pct":0,"healthcare_workers_pct":3.7,"employment_rate":44.1,"elderly_ratio_pct":26.8,"avg_household_size":2.12,"manufacturing_jobs_pct":79.5,"public_sector_jobs_pct":0.6,"service_sector_jobs_pct":20.3,"new_construction_pct":91.7,"foreign_language_pct":4.3,"crime_index":69.1,"property_price_sqm":null,"transit_stop_density":null,"air_quality_index":21.7,"green_space_pct":62.4,"daycare_density":0.1,"school_density":0,"healthcare_density":0,"restaurant_density":0,"grocery_density":0,"cycling_density":5,"single_person_hh_pct":32.4,"rental_price_sqm":null,"price_to_rent_ratio":null,"walkability_index":82,"traffic_accident_rate":2.3,"property_price_change_pct":null,"school_quality_score":null,"light_pollution":4.52,"noise_pollution":44,"voter_turnout_pct":49.6,"party_diversity_index":0.826,"broadband_coverage_pct":89,"ev_charging_density":0,"tree_canopy_pct":31.8,"transit_reachability_score":null,"sports_facility_density":0.4,"water_proximity_m":0,"avg_construction_year":1978,"income_history":[[2021,23459],[2022,23307],[2023,24096],[2024,25011],[2025,26379],[2026,27650]],"population_history":[[2021,2521],[2022,2551],[2023,2531],[2024,2519],[2025,2486],[2026,2467]],"unemployment_history":[[2021,3.5],[2022,4.1],[2023,4.5],[2024,4.5],[2025,4],[2026,4.4]],"income_change_pct":17.9,"population_change_pct":-2.1,"unemployment_change_pct":25.7,"schools":null,"crime_index_history":[[2020,95.8],[2021,65.4],[2022,56.7],[2023,59.5],[2024,62.9],[2025,69.1]],"crime_index_change_pct":-27.9}},{"type":"MultiPolygon","arcs":[[[73,74,75,-71,76,77]]],"properties":{"id":787,"postinumeroalue":"26560","nimi":"Kolla","namn":"Kolla","euref_x":212556,"euref_y":6785322,"pinta_ala":36741811,"vuosi":2026,"kunta":"684","he_vakiy":622,"he_naiset":298,"he_miehet":324,"he_kika":47,"he_0_2":11,"he_3_6":19,"he_7_12":44,"he_13_15":27,"he_16_17":16,"he_18_19":12,"he_20_24":15,"he_25_29":14,"he_30_34":28,"he_35_39":37,"he_40_44":51,"he_45_49":44,"he_50_54":45,"he_55_59":33,"he_60_64":53,"he_65_69":63,"he_70_74":48,"he_75_79":24,"he_80_84":21,"he_85_":17,"ko_ika18y":505,"ko_perus":97,"ko_koul":408,"ko_yliop":20,"ko_ammat":247,"ko_al_kork":115,"ko_yl_kork":26,"hr_tuy":505,"hr_ktu":32557,"hr_mtu":28763,"hr_pi_tul":84,"hr_ke_tul":302,"hr_hy_tul":119,"hr_ovy":16441517,"te_taly":278,"te_takk":2.2,"te_as_valj":53.7,"te_yks":73,"te_nuor":9,"te_eil_np":5,"te_laps":64,"te_plap":10,"te_aklap":22,"te_klap":29,"te_teini":30,"te_yhlap":4,"te_aik":102,"te_elak":113,"te_omis_as":268,"te_vuok_as":7,"te_muu_as":3,"tr_kuty":278,"tr_ktu":59510,"tr_mtu":52052,"tr_pi_tul":35,"tr_ke_tul":182,"tr_hy_tul":61,"tr_ovy":16543708,"ra_ke":19,"ra_raky":348,"ra_muut":48,"ra_asrak":300,"ra_asunn":293,"ra_as_kpa":119.9,"ra_pt_as":289,"ra_kt_as":0,"ra_muu_as":4,"tp_tyopy":82,"tp_alku_a":9,"tp_jalo_bf":36,"tp_palv_gu":37,"tp_a_maat":9,"tp_b_kaiv":0,"tp_c_teol":15,"tp_d_ener":0,"tp_e_vesi":0,"tp_f_rake":21,"tp_g_kaup":13,"tp_h_kulj":6,"tp_i_majo":0,"tp_j_info":0,"tp_k_raho":0,"tp_l_kiin":0,"tp_m_erik":1,"tp_n_hall":5,"tp_o_julk":0,"tp_p_koul":0,"tp_q_terv":9,"tp_r_taid":0,"tp_s_muup":3,"tp_t_koti":0,"tp_u_kans":0,"tp_x_tunt":0,"pt_vakiy":622,"pt_tyoll":285,"pt_tyott":12,"pt_0_14":93,"pt_opisk":39,"pt_elakel":180,"pt_muut":13,"city":"rauma","pno":"26560","unemployment_rate":1.9,"higher_education_rate":27.9,"pensioner_share":28.9,"ownership_rate":96.4,"rental_rate":2.5,"population_density":17,"child_ratio":4.8,"student_share":6.3,"detached_house_share":98.6,"youth_ratio_pct":6.6,"gender_ratio":0.92,"single_parent_hh_pct":1.8,"families_with_children_pct":23,"tech_sector_pct":0,"healthcare_workers_pct":11,"employment_rate":45.8,"elderly_ratio_pct":27.8,"avg_household_size":2.24,"manufacturing_jobs_pct":43.9,"public_sector_jobs_pct":0,"service_sector_jobs_pct":45.1,"new_construction_pct":118.8,"foreign_language_pct":2.9,"crime_index":42.4,"property_price_sqm":null,"transit_stop_density":null,"air_quality_index":21.6,"green_space_pct":72.2,"daycare_density":0,"school_density":0,"healthcare_density":0,"restaurant_density":0,"grocery_density":0,"cycling_density":0.1,"single_person_hh_pct":26.3,"rental_price_sqm":null,"price_to_rent_ratio":null,"walkability_index":78,"traffic_accident_rate":4.8,"property_price_change_pct":null,"school_quality_score":null,"light_pollution":0.16,"noise_pollution":40,"voter_turnout_pct":49.6,"party_diversity_index":0.826,"broadband_coverage_pct":89,"ev_charging_density":0,"tree_canopy_pct":44.2,"transit_reachability_score":null,"sports_facility_density":0,"water_proximity_m":0,"avg_construction_year":1980,"income_history":[[2021,23623],[2022,25339],[2023,25929],[2024,26799],[2025,27963],[2026,28763]],"population_history":[[2021,637],[2022,629],[2023,650],[2024,637],[2025,625],[2026,622]],"unemployment_history":[[2021,2],[2022,2.5],[2023,2.8],[2024,3.1],[2025,2.6],[2026,1.9]],"income_change_pct":21.8,"population_change_pct":-2.4,"unemployment_change_pct":-5,"schools":null,"crime_index_history":[[2020,58.8],[2021,40.1],[2022,34.8],[2023,36.5],[2024,38.6],[2025,42.4]],"crime_index_change_pct":-27.9}},{"type":"MultiPolygon","arcs":[[[-72,-76,78,79,80,81,-25]]],"properties":{"id":788,"postinumeroalue":"26660","nimi":"Paroalho","namn":"Paroalho","euref_x":207014,"euref_y":6787584,"pinta_ala":9448354,"vuosi":2026,"kunta":"684","he_vakiy":4643,"he_naiset":2346,"he_miehet":2297,"he_kika":47,"he_0_2":106,"he_3_6":141,"he_7_12":269,"he_13_15":146,"he_16_17":97,"he_18_19":109,"he_20_24":193,"he_25_29":236,"he_30_34":297,"he_35_39":285,"he_40_44":300,"he_45_49":287,"he_50_54":238,"he_55_59":325,"he_60_64":326,"he_65_69":286,"he_70_74":370,"he_75_79":343,"he_80_84":150,"he_85_":139,"ko_ika18y":3884,"ko_perus":933,"ko_koul":2951,"ko_yliop":177,"ko_ammat":1732,"ko_al_kork":830,"ko_yl_kork":212,"hr_tuy":3884,"hr_ktu":27414,"hr_mtu":25971,"hr_pi_tul":688,"hr_ke_tul":2590,"hr_hy_tul":606,"hr_ovy":106475778,"te_taly":2566,"te_takk":1.8,"te_as_valj":45.3,"te_yks":1275,"te_nuor":306,"te_eil_np":83,"te_laps":440,"te_plap":94,"te_aklap":179,"te_klap":209,"te_teini":172,"te_yhlap":133,"te_aik":1196,"te_elak":937,"te_omis_as":1762,"te_vuok_as":788,"te_muu_as":16,"tr_kuty":2566,"tr_ktu":41742,"tr_mtu":35497,"tr_pi_tul":631,"tr_ke_tul":1625,"tr_hy_tul":310,"tr_ovy":107109681,"ra_ke":41,"ra_raky":1082,"ra_muut":64,"ra_asrak":1018,"ra_asunn":2850,"ra_as_kpa":80.1,"ra_pt_as":1499,"ra_kt_as":1332,"ra_muu_as":19,"tp_tyopy":248,"tp_alku_a":4,"tp_jalo_bf":85,"tp_palv_gu":159,"tp_a_maat":4,"tp_b_kaiv":0,"tp_c_teol":5,"tp_d_ener":0,"tp_e_vesi":26,"tp_f_rake":54,"tp_g_kaup":54,"tp_h_kulj":6,"tp_i_majo":4,"tp_j_info":3,"tp_k_raho":1,"tp_l_kiin":0,"tp_m_erik":7,"tp_n_hall":3,"tp_o_julk":0,"tp_p_koul":22,"tp_q_terv":51,"tp_r_taid":1,"tp_s_muup":7,"tp_t_koti":0,"tp_u_kans":0,"tp_x_tunt":0,"pt_vakiy":4643,"pt_tyoll":1964,"pt_tyott":263,"pt_0_14":611,"pt_opisk":273,"pt_elakel":1399,"pt_muut":133,"city":"rauma","pno":"26660","unemployment_rate":5.7,"higher_education_rate":26.8,"pensioner_share":30.1,"ownership_rate":68.7,"rental_rate":30.7,"population_density":491,"child_ratio":5.3,"student_share":5.9,"detached_house_share":52.6,"youth_ratio_pct":11.6,"gender_ratio":1.02,"single_parent_hh_pct":3.2,"families_with_children_pct":17.1,"tech_sector_pct":1.2,"healthcare_workers_pct":20.6,"employment_rate":42.3,"elderly_ratio_pct":27.7,"avg_household_size":1.81,"manufacturing_jobs_pct":34.3,"public_sector_jobs_pct":0,"service_sector_jobs_pct":64.1,"new_construction_pct":38,"foreign_language_pct":6.5,"crime_index":89,"property_price_sqm":957,"transit_stop_density":null,"air_quality_index":21.7,"green_space_pct":62.1,"daycare_density":0.3,"school_density":0.1,"healthcare_density":0.1,"restaurant_density":0.1,"grocery_density":0.1,"cycling_density":9.9,"single_person_hh_pct":49.7,"rental_price_sqm":11.1,"price_to_rent_ratio":7.2,"walkability_index":87,"traffic_accident_rate":0.3,"property_price_change_pct":-6.2,"school_quality_score":null,"light_pollution":4.41,"noise_pollution":41,"voter_turnout_pct":49.6,"party_diversity_index":0.826,"broadband_coverage_pct":89,"ev_charging_density":0.1,"tree_canopy_pct":54,"transit_reachability_score":null,"sports_facility_density":1.3,"water_proximity_m":0,"avg_construction_year":1976,"income_history":[[2021,21990],[2022,22045],[2023,22750],[2024,23754],[2025,24750],[2026,25971]],"population_history":[[2021,4709],[2022,4668],[2023,4635],[2024,4604],[2025,4587],[2026,4643]],"unemployment_history":[[2021,4.7],[2022,5.2],[2023,4.9],[2024,4.7],[2025,5.1],[2026,5.7]],"income_change_pct":18.1,"population_change_pct":-1.4,"unemployment_change_pct":21.3,"schools":null,"property_price_history":[[2020,1020],[2021,1078],[2022,1059],[2023,1004],[2024,1065],[2025,957]],"crime_index_history":[[2020,123.4],[2021,84.3],[2022,73],[2023,76.7],[2024,81],[2025,89]],"crime_index_change_pct":-27.9}},{"type":"MultiPolygon","arcs":[[[82,83,-80,84]]],"properties":{"id":789,"postinumeroalue":"26720","nimi":"Monnanummi","namn":"Monnanummi","euref_x":206284,"euref_y":6785670,"pinta_ala":2384498,"vuosi":2026,"kunta":"684","he_vakiy":309,"he_naiset":140,"he_miehet":169,"he_kika":43,"he_0_2":6,"he_3_6":10,"he_7_12":15,"he_13_15":15,"he_16_17":11,"he_18_19":15,"he_20_24":9,"he_25_29":7,"he_30_34":14,"he_35_39":14,"he_40_44":15,"he_45_49":39,"he_50_54":36,"he_55_59":34,"he_60_64":25,"he_65_69":19,"he_70_74":10,"he_75_79":8,"he_80_84":3,"he_85_":4,"ko_ika18y":252,"ko_perus":33,"ko_koul":219,"ko_yliop":10,"ko_ammat":96,"ko_al_kork":82,"ko_yl_kork":31,"hr_tuy":252,"hr_ktu":33029,"hr_mtu":31623,"hr_pi_tul":37,"hr_ke_tul":131,"hr_hy_tul":84,"hr_ovy":8323305,"te_taly":138,"te_takk":2.2,"te_as_valj":52.6,"te_yks":44,"te_nuor":5,"te_eil_np":4,"te_laps":36,"te_plap":5,"te_aklap":10,"te_klap":11,"te_teini":20,"te_yhlap":4,"te_aik":73,"te_elak":29,"te_omis_as":120,"te_vuok_as":18,"te_muu_as":0,"tr_kuty":138,"tr_ktu":60101,"tr_mtu":58698,"tr_pi_tul":17,"tr_ke_tul":78,"tr_hy_tul":43,"tr_ovy":8293991,"ra_ke":2,"ra_raky":133,"ra_muut":11,"ra_asrak":122,"ra_asunn":149,"ra_as_kpa":115.2,"ra_pt_as":148,"ra_kt_as":0,"ra_muu_as":1,"tp_tyopy":32,"tp_alku_a":0,"tp_jalo_bf":2,"tp_palv_gu":30,"tp_a_maat":0,"tp_b_kaiv":0,"tp_c_teol":0,"tp_d_ener":0,"tp_e_vesi":0,"tp_f_rake":2,"tp_g_kaup":0,"tp_h_kulj":13,"tp_i_majo":0,"tp_j_info":0,"tp_k_raho":0,"tp_l_kiin":0,"tp_m_erik":0,"tp_n_hall":11,"tp_o_julk":0,"tp_p_koul":0,"tp_q_terv":6,"tp_r_taid":0,"tp_s_muup":0,"tp_t_koti":0,"tp_u_kans":0,"tp_x_tunt":0,"pt_vakiy":309,"pt_tyoll":164,"pt_tyott":17,"pt_0_14":38,"pt_opisk":35,"pt_elakel":50,"pt_muut":5,"city":"rauma","pno":"26720","unemployment_rate":5.5,"higher_education_rate":44.8,"pensioner_share":16.2,"ownership_rate":87,"rental_rate":13,"population_density":130,"child_ratio":5.2,"student_share":11.3,"detached_house_share":99.3,"youth_ratio_pct":10,"gender_ratio":0.83,"single_parent_hh_pct":2.9,"families_with_children_pct":26.1,"tech_sector_pct":0,"healthcare_workers_pct":18.8,"employment_rate":53.1,"elderly_ratio_pct":14.2,"avg_household_size":2.24,"manufacturing_jobs_pct":6.2,"public_sector_jobs_pct":0,"service_sector_jobs_pct":93.8,"new_construction_pct":89.3,"foreign_language_pct":2.2,"crime_index":71.8,"property_price_sqm":null,"transit_stop_density":null,"air_quality_index":21.3,"green_space_pct":70.7,"daycare_density":0,"school_density":0,"healthcare_density":0,"restaurant_density":0,"grocery_density":0,"cycling_density":1.7,"single_person_hh_pct":31.9,"rental_price_sqm":null,"price_to_rent_ratio":null,"walkability_index":81,"traffic_accident_rate":null,"property_price_change_pct":null,"school_quality_score":null,"light_pollution":1.66,"noise_pollution":40.4,"voter_turnout_pct":49.6,"party_diversity_index":0.826,"broadband_coverage_pct":89,"ev_charging_density":0,"tree_canopy_pct":30.6,"transit_reachability_score":null,"sports_facility_density":0,"water_proximity_m":0,"avg_construction_year":1978,"income_history":[[2021,26357],[2022,27435],[2023,27941],[2024,29519],[2025,31227],[2026,31623]],"population_history":[[2021,371],[2022,357],[2023,334],[2024,317],[2025,314],[2026,309]],"unemployment_history":[[2021,1.6],[2022,3.6],[2023,5.1],[2024,3.5],[2025,4.5],[2026,5.5]],"income_change_pct":20,"population_change_pct":-16.7,"unemployment_change_pct":243.8,"schools":null,"crime_index_history":[[2020,99.5],[2021,68],[2022,58.9],[2023,61.8],[2024,65.3],[2025,71.8]],"crime_index_change_pct":-27.8}},{"type":"MultiPolygon","arcs":[[[85,86,-85,-79,-75,87]]],"properties":{"id":790,"postinumeroalue":"26740","nimi":"Vasarainen","namn":"Vasarainen","euref_x":208803,"euref_y":6783161,"pinta_ala":26784649,"vuosi":2026,"kunta":"684","he_vakiy":496,"he_naiset":228,"he_miehet":268,"he_kika":45,"he_0_2":13,"he_3_6":27,"he_7_12":28,"he_13_15":19,"he_16_17":10,"he_18_19":11,"he_20_24":11,"he_25_29":19,"he_30_34":29,"he_35_39":23,"he_40_44":36,"he_45_49":39,"he_50_54":27,"he_55_59":44,"he_60_64":46,"he_65_69":32,"he_70_74":43,"he_75_79":23,"he_80_84":11,"he_85_":5,"ko_ika18y":399,"ko_perus":70,"ko_koul":329,"ko_yliop":9,"ko_ammat":214,"ko_al_kork":90,"ko_yl_kork":16,"hr_tuy":399,"hr_ktu":33255,"hr_mtu":28742,"hr_pi_tul":56,"hr_ke_tul":260,"hr_hy_tul":83,"hr_ovy":13268901,"te_taly":219,"te_takk":2.3,"te_as_valj":51.4,"te_yks":57,"te_nuor":5,"te_eil_np":3,"te_laps":55,"te_plap":12,"te_aklap":28,"te_klap":22,"te_teini":22,"te_yhlap":9,"te_aik":86,"te_elak":80,"te_omis_as":210,"te_vuok_as":6,"te_muu_as":3,"tr_kuty":219,"tr_ktu":61057,"tr_mtu":52113,"tr_pi_tul":25,"tr_ke_tul":144,"tr_hy_tul":50,"tr_ovy":13371412,"ra_ke":89,"ra_raky":273,"ra_muut":26,"ra_asrak":247,"ra_asunn":242,"ra_as_kpa":113.5,"ra_pt_as":241,"ra_kt_as":0,"ra_muu_as":1,"tp_tyopy":54,"tp_alku_a":6,"tp_jalo_bf":6,"tp_palv_gu":42,"tp_a_maat":6,"tp_b_kaiv":0,"tp_c_teol":5,"tp_d_ener":0,"tp_e_vesi":0,"tp_f_rake":1,"tp_g_kaup":6,"tp_h_kulj":26,"tp_i_majo":0,"tp_j_info":0,"tp_k_raho":0,"tp_l_kiin":0,"tp_m_erik":1,"tp_n_hall":1,"tp_o_julk":0,"tp_p_koul":7,"tp_q_terv":0,"tp_r_taid":0,"tp_s_muup":1,"tp_t_koti":0,"tp_u_kans":0,"tp_x_tunt":0,"pt_vakiy":496,"pt_tyoll":234,"pt_tyott":22,"pt_0_14":79,"pt_opisk":27,"pt_elakel":127,"pt_muut":7,"city":"rauma","pno":"26740","unemployment_rate":4.4,"higher_education_rate":26.6,"pensioner_share":25.6,"ownership_rate":95.9,"rental_rate":2.7,"population_density":19,"child_ratio":8.1,"student_share":5.4,"detached_house_share":99.6,"youth_ratio_pct":8.3,"gender_ratio":0.85,"single_parent_hh_pct":1.4,"families_with_children_pct":25.1,"tech_sector_pct":0,"healthcare_workers_pct":0,"employment_rate":47.2,"elderly_ratio_pct":23,"avg_household_size":2.26,"manufacturing_jobs_pct":11.1,"public_sector_jobs_pct":0,"service_sector_jobs_pct":77.8,"new_construction_pct":112.8,"foreign_language_pct":0.4,"crime_index":49.2,"property_price_sqm":null,"transit_stop_density":null,"air_quality_index":21.3,"green_space_pct":75.4,"daycare_density":0,"school_density":0,"healthcare_density":0,"restaurant_density":0,"grocery_density":0,"cycling_density":0,"single_person_hh_pct":26,"rental_price_sqm":null,"price_to_rent_ratio":null,"walkability_index":76,"traffic_accident_rate":2,"property_price_change_pct":null,"school_quality_score":null,"light_pollution":0.14,"noise_pollution":40,"voter_turnout_pct":49.6,"party_diversity_index":0.826,"broadband_coverage_pct":89,"ev_charging_density":0,"tree_canopy_pct":47.8,"transit_reachability_score":null,"sports_facility_density":0.1,"water_proximity_m":0,"avg_construction_year":1979,"income_history":[[2021,24172],[2022,24452],[2023,25530],[2024,25841],[2025,28252],[2026,28742]],"population_history":[[2021,542],[2022,523],[2023,516],[2024,495],[2025,502],[2026,496]],"unemployment_history":[[2021,4.2],[2022,5.5],[2023,5.4],[2024,4.2],[2025,4.8],[2026,4.4]],"income_change_pct":18.9,"population_change_pct":-8.5,"unemployment_change_pct":4.8,"schools":null,"crime_index_history":[[2020,68.2],[2021,46.6],[2022,40.3],[2023,42.4],[2024,44.8],[2025,49.2]],"crime_index_change_pct":-27.9}},{"type":"MultiPolygon","arcs":[[[-82,88,89,-26]]],"properties":{"id":791,"postinumeroalue":"26820","nimi":"Sampaanala","namn":"Sampaanala","euref_x":202914,"euref_y":6787340,"pinta_ala":5408884,"vuosi":2026,"kunta":"684","he_vakiy":1448,"he_naiset":648,"he_miehet":800,"he_kika":47,"he_0_2":29,"he_3_6":45,"he_7_12":59,"he_13_15":41,"he_16_17":28,"he_18_19":31,"he_20_24":58,"he_25_29":99,"he_30_34":82,"he_35_39":102,"he_40_44":88,"he_45_49":101,"he_50_54":102,"he_55_59":97,"he_60_64":99,"he_65_69":108,"he_70_74":109,"he_75_79":89,"he_80_84":52,"he_85_":29,"ko_ika18y":1246,"ko_perus":336,"ko_koul":910,"ko_yliop":43,"ko_ammat":610,"ko_al_kork":219,"ko_yl_kork":38,"hr_tuy":1246,"hr_ktu":25628,"hr_mtu":24168,"hr_pi_tul":284,"hr_ke_tul":812,"hr_hy_tul":150,"hr_ovy":31932264,"te_taly":799,"te_takk":1.8,"te_as_valj":44.4,"te_yks":389,"te_nuor":91,"te_eil_np":22,"te_laps":123,"te_plap":27,"te_aklap":53,"te_klap":46,"te_teini":57,"te_yhlap":32,"te_aik":398,"te_elak":281,"te_omis_as":551,"te_vuok_as":243,"te_muu_as":5,"tr_kuty":799,"tr_ktu":40083,"tr_mtu":34358,"tr_pi_tul":214,"tr_ke_tul":505,"tr_hy_tul":80,"tr_ovy":32026432,"ra_ke":59,"ra_raky":509,"ra_muut":150,"ra_asrak":359,"ra_asunn":896,"ra_as_kpa":78.6,"ra_pt_as":499,"ra_kt_as":385,"ra_muu_as":12,"tp_tyopy":863,"tp_alku_a":16,"tp_jalo_bf":641,"tp_palv_gu":206,"tp_a_maat":16,"tp_b_kaiv":0,"tp_c_teol":499,"tp_d_ener":0,"tp_e_vesi":3,"tp_f_rake":139,"tp_g_kaup":34,"tp_h_kulj":60,"tp_i_majo":4,"tp_j_info":0,"tp_k_raho":0,"tp_l_kiin":0,"tp_m_erik":39,"tp_n_hall":33,"tp_o_julk":0,"tp_p_koul":0,"tp_q_terv":35,"tp_r_taid":0,"tp_s_muup":1,"tp_t_koti":0,"tp_u_kans":0,"tp_x_tunt":0,"pt_vakiy":1448,"pt_tyoll":590,"pt_tyott":103,"pt_0_14":162,"pt_opisk":84,"pt_elakel":439,"pt_muut":70,"city":"rauma","pno":"26820","unemployment_rate":7.1,"higher_education_rate":20.6,"pensioner_share":30.3,"ownership_rate":69,"rental_rate":30.4,"population_density":268,"child_ratio":5.1,"student_share":5.8,"detached_house_share":55.7,"youth_ratio_pct":13,"gender_ratio":0.81,"single_parent_hh_pct":2.8,"families_with_children_pct":15.4,"tech_sector_pct":0,"healthcare_workers_pct":4.1,"employment_rate":40.7,"elderly_ratio_pct":26.7,"avg_household_size":1.81,"manufacturing_jobs_pct":74.3,"public_sector_jobs_pct":0,"service_sector_jobs_pct":23.9,"new_construction_pct":56.8,"foreign_language_pct":6.5,"crime_index":86.6,"property_price_sqm":1072,"transit_stop_density":null,"air_quality_index":21.4,"green_space_pct":43.1,"daycare_density":0.2,"school_density":0,"healthcare_density":0,"restaurant_density":0.4,"grocery_density":0,"cycling_density":8.7,"single_person_hh_pct":48.7,"rental_price_sqm":null,"price_to_rent_ratio":null,"walkability_index":85,"traffic_accident_rate":0.7,"property_price_change_pct":41.4,"school_quality_score":null,"light_pollution":26.36,"noise_pollution":42.1,"voter_turnout_pct":49.6,"party_diversity_index":0.826,"broadband_coverage_pct":89,"ev_charging_density":0,"tree_canopy_pct":14.8,"transit_reachability_score":null,"sports_facility_density":0,"water_proximity_m":0,"avg_construction_year":1977,"income_history":[[2021,20456],[2022,20746],[2023,21155],[2024,22161],[2025,23070],[2026,24168]],"population_history":[[2021,1528],[2022,1509],[2023,1478],[2024,1460],[2025,1457],[2026,1448]],"unemployment_history":[[2021,7],[2022,7.4],[2023,7],[2024,5.1],[2025,6.2],[2026,7.1]],"income_change_pct":18.1,"population_change_pct":-5.2,"unemployment_change_pct":1.4,"schools":null,"property_price_history":[[2020,758],[2021,1332],[2022,751],[2023,1072]],"crime_index_history":[[2020,120.1],[2021,82],[2022,71],[2023,74.6],[2024,78.8],[2025,86.6]],"crime_index_change_pct":-27.9}},{"type":"MultiPolygon","arcs":[[[-81,-84,90,91,-89]]],"properties":{"id":792,"postinumeroalue":"26840","nimi":"Kortela","namn":"Kortela","euref_x":204071,"euref_y":6785359,"pinta_ala":7153022,"vuosi":2026,"kunta":"684","he_vakiy":742,"he_naiset":358,"he_miehet":384,"he_kika":47,"he_0_2":15,"he_3_6":32,"he_7_12":42,"he_13_15":22,"he_16_17":13,"he_18_19":15,"he_20_24":33,"he_25_29":33,"he_30_34":32,"he_35_39":38,"he_40_44":49,"he_45_49":58,"he_50_54":54,"he_55_59":61,"he_60_64":33,"he_65_69":59,"he_70_74":62,"he_75_79":47,"he_80_84":21,"he_85_":23,"ko_ika18y":618,"ko_perus":129,"ko_koul":489,"ko_yliop":19,"ko_ammat":283,"ko_al_kork":137,"ko_yl_kork":50,"hr_tuy":618,"hr_ktu":29103,"hr_mtu":27899,"hr_pi_tul":102,"hr_ke_tul":413,"hr_hy_tul":103,"hr_ovy":17985614,"te_taly":345,"te_takk":2.2,"te_as_valj":48.8,"te_yks":112,"te_nuor":13,"te_eil_np":13,"te_laps":67,"te_plap":12,"te_aklap":36,"te_klap":30,"te_teini":27,"te_yhlap":2,"te_aik":131,"te_elak":149,"te_omis_as":300,"te_vuok_as":42,"te_muu_as":3,"tr_kuty":345,"tr_ktu":52424,"tr_mtu":49612,"tr_pi_tul":42,"tr_ke_tul":243,"tr_hy_tul":60,"tr_ovy":18086174,"ra_ke":77,"ra_raky":303,"ra_muut":22,"ra_asrak":281,"ra_asunn":365,"ra_as_kpa":104.2,"ra_pt_as":362,"ra_kt_as":0,"ra_muu_as":3,"tp_tyopy":81,"tp_alku_a":3,"tp_jalo_bf":2,"tp_palv_gu":76,"tp_a_maat":3,"tp_b_kaiv":0,"tp_c_teol":0,"tp_d_ener":0,"tp_e_vesi":0,"tp_f_rake":2,"tp_g_kaup":23,"tp_h_kulj":6,"tp_i_majo":17,"tp_j_info":1,"tp_k_raho":0,"tp_l_kiin":0,"tp_m_erik":6,"tp_n_hall":0,"tp_o_julk":0,"tp_p_koul":9,"tp_q_terv":13,"tp_r_taid":0,"tp_s_muup":1,"tp_t_koti":0,"tp_u_kans":0,"tp_x_tunt":0,"pt_vakiy":742,"pt_tyoll":336,"pt_tyott":38,"pt_0_14":103,"pt_opisk":38,"pt_elakel":213,"pt_muut":14,"city":"rauma","pno":"26840","unemployment_rate":5.1,"higher_education_rate":30.3,"pensioner_share":28.7,"ownership_rate":87,"rental_rate":12.2,"population_density":104,"child_ratio":6.3,"student_share":5.1,"detached_house_share":99.2,"youth_ratio_pct":10.9,"gender_ratio":0.93,"single_parent_hh_pct":3.8,"families_with_children_pct":19.4,"tech_sector_pct":1.2,"healthcare_workers_pct":16,"employment_rate":45.3,"elderly_ratio_pct":28.6,"avg_household_size":2.15,"manufacturing_jobs_pct":2.5,"public_sector_jobs_pct":0,"service_sector_jobs_pct":93.8,"new_construction_pct":83,"foreign_language_pct":4.7,"crime_index":68.7,"property_price_sqm":null,"transit_stop_density":null,"air_quality_index":21.4,"green_space_pct":57.1,"daycare_density":0.1,"school_density":0.1,"healthcare_density":0,"restaurant_density":0.1,"grocery_density":0.1,"cycling_density":1.5,"single_person_hh_pct":32.5,"rental_price_sqm":null,"price_to_rent_ratio":null,"walkability_index":85,"traffic_accident_rate":2.7,"property_price_change_pct":null,"school_quality_score":null,"light_pollution":2.25,"noise_pollution":43.3,"voter_turnout_pct":49.6,"party_diversity_index":0.826,"broadband_coverage_pct":89,"ev_charging_density":0.1,"tree_canopy_pct":47.8,"transit_reachability_score":null,"sports_facility_density":0.3,"water_proximity_m":0,"avg_construction_year":1978,"income_history":[[2021,23759],[2022,23967],[2023,24277],[2024,25531],[2025,26852],[2026,27899]],"population_history":[[2021,794],[2022,787],[2023,781],[2024,760],[2025,751],[2026,742]],"unemployment_history":[[2021,3],[2022,4.4],[2023,4.5],[2024,4.3],[2025,5.1],[2026,5.1]],"income_change_pct":17.4,"population_change_pct":-6.5,"unemployment_change_pct":70,"schools":null,"crime_index_history":[[2020,95.2],[2021,65],[2022,56.3],[2023,59.2],[2024,62.5],[2025,68.7]],"crime_index_change_pct":-27.8}},{"type":"MultiPolygon","arcs":[[[-87,92,93,94,-91,-83]]],"properties":{"id":793,"postinumeroalue":"26910","nimi":"Unaja","namn":"Unaja","euref_x":204286,"euref_y":6782727,"pinta_ala":11409105,"vuosi":2026,"kunta":"684","he_vakiy":608,"he_naiset":292,"he_miehet":316,"he_kika":45,"he_0_2":14,"he_3_6":22,"he_7_12":36,"he_13_15":35,"he_16_17":21,"he_18_19":10,"he_20_24":16,"he_25_29":21,"he_30_34":39,"he_35_39":38,"he_40_44":26,"he_45_49":45,"he_50_54":54,"he_55_59":42,"he_60_64":50,"he_65_69":43,"he_70_74":34,"he_75_79":35,"he_80_84":15,"he_85_":12,"ko_ika18y":480,"ko_perus":104,"ko_koul":376,"ko_yliop":12,"ko_ammat":229,"ko_al_kork":112,"ko_yl_kork":23,"hr_tuy":480,"hr_ktu":30890,"hr_mtu":29059,"hr_pi_tul":81,"hr_ke_tul":284,"hr_hy_tul":115,"hr_ovy":14826992,"te_taly":266,"te_takk":2.3,"te_as_valj":49.6,"te_yks":75,"te_nuor":8,"te_eil_np":7,"te_laps":74,"te_plap":13,"te_aklap":26,"te_klap":27,"te_teini":41,"te_yhlap":11,"te_aik":97,"te_elak":97,"te_omis_as":253,"te_vuok_as":7,"te_muu_as":6,"tr_kuty":266,"tr_ktu":56138,"tr_mtu":52184,"tr_pi_tul":37,"tr_ke_tul":173,"tr_hy_tul":56,"tr_ovy":14932780,"ra_ke":16,"ra_raky":327,"ra_muut":34,"ra_asrak":293,"ra_asunn":291,"ra_as_kpa":110.5,"ra_pt_as":287,"ra_kt_as":0,"ra_muu_as":4,"tp_tyopy":56,"tp_alku_a":0,"tp_jalo_bf":28,"tp_palv_gu":28,"tp_a_maat":0,"tp_b_kaiv":0,"tp_c_teol":14,"tp_d_ener":0,"tp_e_vesi":0,"tp_f_rake":14,"tp_g_kaup":1,"tp_h_kulj":5,"tp_i_majo":0,"tp_j_info":0,"tp_k_raho":0,"tp_l_kiin":0,"tp_m_erik":1,"tp_n_hall":1,"tp_o_julk":0,"tp_p_koul":13,"tp_q_terv":1,"tp_r_taid":0,"tp_s_muup":6,"tp_t_koti":0,"tp_u_kans":0,"tp_x_tunt":0,"pt_vakiy":608,"pt_tyoll":276,"pt_tyott":26,"pt_0_14":95,"pt_opisk":42,"pt_elakel":155,"pt_muut":14,"city":"rauma","pno":"26910","unemployment_rate":4.3,"higher_education_rate":28.1,"pensioner_share":25.5,"ownership_rate":95.1,"rental_rate":2.6,"population_density":53,"child_ratio":5.9,"student_share":6.9,"detached_house_share":98.6,"youth_ratio_pct":7.7,"gender_ratio":0.92,"single_parent_hh_pct":2.6,"families_with_children_pct":27.8,"tech_sector_pct":0,"healthcare_workers_pct":1.8,"employment_rate":45.4,"elderly_ratio_pct":22.9,"avg_household_size":2.29,"manufacturing_jobs_pct":50,"public_sector_jobs_pct":0,"service_sector_jobs_pct":50,"new_construction_pct":112.4,"foreign_language_pct":4.2,"crime_index":58.2,"property_price_sqm":null,"transit_stop_density":null,"air_quality_index":21.3,"green_space_pct":66.4,"daycare_density":0,"school_density":0.1,"healthcare_density":0,"restaurant_density":0,"grocery_density":0,"cycling_density":1,"single_person_hh_pct":28.2,"rental_price_sqm":null,"price_to_rent_ratio":null,"walkability_index":82,"traffic_accident_rate":3.8,"property_price_change_pct":null,"school_quality_score":null,"light_pollution":0.48,"noise_pollution":42.1,"voter_turnout_pct":49.6,"party_diversity_index":0.826,"broadband_coverage_pct":89,"ev_charging_density":0,"tree_canopy_pct":29.6,"transit_reachability_score":null,"sports_facility_density":0.5,"water_proximity_m":0,"avg_construction_year":1979,"income_history":[[2021,25076],[2022,24982],[2023,25924],[2024,26233],[2025,27682],[2026,29059]],"population_history":[[2021,673],[2022,647],[2023,645],[2024,634],[2025,618],[2026,608]],"unemployment_history":[[2021,3.6],[2022,5.1],[2023,3.4],[2024,3.9],[2025,3.9],[2026,4.3]],"income_change_pct":15.9,"population_change_pct":-9.7,"unemployment_change_pct":19.4,"schools":null,"crime_index_history":[[2020,80.7],[2021,55.1],[2022,47.7],[2023,50.1],[2024,52.9],[2025,58.2]],"crime_index_change_pct":-27.9}},{"type":"MultiPolygon","arcs":[[[-86,95,96,97,-93]]],"properties":{"id":794,"postinumeroalue":"26930","nimi":"Vermuntila","namn":"Vermuntila","euref_x":205041,"euref_y":6778133,"pinta_ala":44685513,"vuosi":2026,"kunta":"684","he_vakiy":560,"he_naiset":261,"he_miehet":299,"he_kika":46,"he_0_2":13,"he_3_6":23,"he_7_12":52,"he_13_15":24,"he_16_17":7,"he_18_19":6,"he_20_24":16,"he_25_29":14,"he_30_34":30,"he_35_39":40,"he_40_44":33,"he_45_49":35,"he_50_54":29,"he_55_59":57,"he_60_64":43,"he_65_69":30,"he_70_74":36,"he_75_79":31,"he_80_84":23,"he_85_":18,"ko_ika18y":441,"ko_perus":116,"ko_koul":325,"ko_yliop":13,"ko_ammat":198,"ko_al_kork":83,"ko_yl_kork":31,"hr_tuy":441,"hr_ktu":30902,"hr_mtu":27050,"hr_pi_tul":83,"hr_ke_tul":255,"hr_hy_tul":103,"hr_ovy":13627973,"te_taly":254,"te_takk":2.2,"te_as_valj":50.9,"te_yks":88,"te_nuor":9,"te_eil_np":5,"te_laps":57,"te_plap":12,"te_aklap":25,"te_klap":32,"te_teini":23,"te_yhlap":8,"te_aik":109,"te_elak":91,"te_omis_as":239,"te_vuok_as":9,"te_muu_as":6,"tr_kuty":254,"tr_ktu":54151,"tr_mtu":46936,"tr_pi_tul":48,"tr_ke_tul":154,"tr_hy_tul":52,"tr_ovy":13754258,"ra_ke":107,"ra_raky":329,"ra_muut":29,"ra_asrak":300,"ra_asunn":288,"ra_as_kpa":109.9,"ra_pt_as":284,"ra_kt_as":0,"ra_muu_as":4,"tp_tyopy":34,"tp_alku_a":7,"tp_jalo_bf":8,"tp_palv_gu":19,"tp_a_maat":7,"tp_b_kaiv":0,"tp_c_teol":1,"tp_d_ener":0,"tp_e_vesi":0,"tp_f_rake":7,"tp_g_kaup":4,"tp_h_kulj":6,"tp_i_majo":1,"tp_j_info":1,"tp_k_raho":0,"tp_l_kiin":0,"tp_m_erik":2,"tp_n_hall":5,"tp_o_julk":0,"tp_p_koul":0,"tp_q_terv":0,"tp_r_taid":0,"tp_s_muup":0,"tp_t_koti":0,"tp_u_kans":0,"tp_x_tunt":0,"pt_vakiy":560,"pt_tyoll":234,"pt_tyott":36,"pt_0_14":101,"pt_opisk":25,"pt_elakel":150,"pt_muut":14,"city":"rauma","pno":"26930","unemployment_rate":6.4,"higher_education_rate":25.9,"pensioner_share":26.8,"ownership_rate":94.1,"rental_rate":3.5,"population_density":13,"child_ratio":6.4,"student_share":4.5,"detached_house_share":98.6,"youth_ratio_pct":6.4,"gender_ratio":0.87,"single_parent_hh_pct":2,"families_with_children_pct":22.4,"tech_sector_pct":2.9,"healthcare_workers_pct":0,"employment_rate":41.8,"elderly_ratio_pct":24.6,"avg_household_size":2.2,"manufacturing_jobs_pct":23.5,"public_sector_jobs_pct":0,"service_sector_jobs_pct":55.9,"new_construction_pct":114.2,"foreign_language_pct":3.7,"crime_index":50.5,"property_price_sqm":null,"transit_stop_density":null,"air_quality_index":21.3,"green_space_pct":75.4,"daycare_density":0,"school_density":0,"healthcare_density":0,"restaurant_density":0,"grocery_density":0,"cycling_density":0.1,"single_person_hh_pct":34.6,"rental_price_sqm":null,"price_to_rent_ratio":null,"walkability_index":78,"traffic_accident_rate":3.6,"property_price_change_pct":null,"school_quality_score":null,"light_pollution":0.13,"noise_pollution":40,"voter_turnout_pct":49.6,"party_diversity_index":0.826,"broadband_coverage_pct":89,"ev_charging_density":0,"tree_canopy_pct":12.2,"transit_reachability_score":null,"sports_facility_density":0.1,"water_proximity_m":0,"avg_construction_year":1979,"income_history":[[2021,22765],[2022,23405],[2023,24643],[2024,25814],[2025,26119],[2026,27050]],"population_history":[[2021,582],[2022,592],[2023,583],[2024,567],[2025,556],[2026,560]],"unemployment_history":[[2021,3.6],[2022,4.2],[2023,3.3],[2024,3.5],[2025,5.4],[2026,6.4]],"income_change_pct":18.8,"population_change_pct":-3.8,"unemployment_change_pct":77.8,"schools":null,"crime_index_history":[[2020,70],[2021,47.8],[2022,41.4],[2023,43.5],[2024,45.9],[2025,50.5]],"crime_index_change_pct":-27.9}},{"type":"MultiPolygon","arcs":[[[98]],[[99]],[[100]],[[101]],[[-94,-98,102]]],"properties":{"id":795,"postinumeroalue":"26950","nimi":"Voiluoto","namn":"Voiluoto","euref_x":200063,"euref_y":6781895,"pinta_ala":24904217,"vuosi":2026,"kunta":"684","he_vakiy":374,"he_naiset":168,"he_miehet":206,"he_kika":47,"he_0_2":7,"he_3_6":15,"he_7_12":31,"he_13_15":11,"he_16_17":5,"he_18_19":7,"he_20_24":2,"he_25_29":11,"he_30_34":17,"he_35_39":27,"he_40_44":22,"he_45_49":32,"he_50_54":14,"he_55_59":42,"he_60_64":36,"he_65_69":27,"he_70_74":26,"he_75_79":24,"he_80_84":11,"he_85_":7,"ko_ika18y":305,"ko_perus":58,"ko_koul":247,"ko_yliop":9,"ko_ammat":152,"ko_al_kork":68,"ko_yl_kork":18,"hr_tuy":305,"hr_ktu":31847,"hr_mtu":28882,"hr_pi_tul":43,"hr_ke_tul":186,"hr_hy_tul":76,"hr_ovy":9713185,"te_taly":177,"te_takk":2.1,"te_as_valj":54.9,"te_yks":55,"te_nuor":8,"te_eil_np":4,"te_laps":35,"te_plap":7,"te_aklap":17,"te_klap":22,"te_teini":13,"te_yhlap":5,"te_aik":74,"te_elak":68,"te_omis_as":172,"te_vuok_as":4,"te_muu_as":1,"tr_kuty":177,"tr_ktu":55216,"tr_mtu":50551,"tr_pi_tul":17,"tr_ke_tul":120,"tr_hy_tul":40,"tr_ovy":9773294,"ra_ke":338,"ra_raky":207,"ra_muut":17,"ra_asrak":190,"ra_asunn":190,"ra_as_kpa":113.6,"ra_pt_as":188,"ra_kt_as":0,"ra_muu_as":2,"tp_tyopy":42,"tp_alku_a":2,"tp_jalo_bf":33,"tp_palv_gu":7,"tp_a_maat":2,"tp_b_kaiv":0,"tp_c_teol":9,"tp_d_ener":0,"tp_e_vesi":0,"tp_f_rake":24,"tp_g_kaup":0,"tp_h_kulj":2,"tp_i_majo":0,"tp_j_info":1,"tp_k_raho":0,"tp_l_kiin":0,"tp_m_erik":1,"tp_n_hall":1,"tp_o_julk":0,"tp_p_koul":0,"tp_q_terv":1,"tp_r_taid":1,"tp_s_muup":0,"tp_t_koti":0,"tp_u_kans":0,"tp_x_tunt":0,"pt_vakiy":374,"pt_tyoll":176,"pt_tyott":14,"pt_0_14":59,"pt_opisk":18,"pt_elakel":106,"pt_muut":1,"city":"rauma","pno":"26950","unemployment_rate":3.7,"higher_education_rate":28.2,"pensioner_share":28.3,"ownership_rate":97.2,"rental_rate":2.3,"population_density":15,"child_ratio":5.9,"student_share":4.8,"detached_house_share":98.9,"youth_ratio_pct":5.3,"gender_ratio":0.82,"single_parent_hh_pct":2.3,"families_with_children_pct":19.8,"tech_sector_pct":2.4,"healthcare_workers_pct":2.4,"employment_rate":47.1,"elderly_ratio_pct":25.4,"avg_household_size":2.11,"manufacturing_jobs_pct":78.6,"public_sector_jobs_pct":0,"service_sector_jobs_pct":16.7,"new_construction_pct":108.9,"foreign_language_pct":3,"crime_index":45.3,"property_price_sqm":null,"transit_stop_density":null,"air_quality_index":21.4,"green_space_pct":74.1,"daycare_density":0,"school_density":0,"healthcare_density":0,"restaurant_density":0,"grocery_density":0,"cycling_density":0,"single_person_hh_pct":31.1,"rental_price_sqm":null,"price_to_rent_ratio":null,"walkability_index":76,"traffic_accident_rate":0.9,"property_price_change_pct":null,"school_quality_score":null,"light_pollution":0.03,"noise_pollution":40,"voter_turnout_pct":49.6,"party_diversity_index":0.826,"broadband_coverage_pct":89,"ev_charging_density":0,"tree_canopy_pct":58.8,"transit_reachability_score":null,"sports_facility_density":0,"water_proximity_m":0,"avg_construction_year":1979,"income_history":[[2021,24211],[2022,24673],[2023,24808],[2024,25211],[2025,27078],[2026,28882]],"population_history":[[2021,391],[2022,396],[2023,401],[2024,385],[2025,388],[2026,374]],"unemployment_history":[[2021,4.6],[2022,4.3],[2023,5.2],[2024,5.5],[2025,4.6],[2026,3.7]],"income_change_pct":19.3,"population_change_pct":-4.3,"unemployment_change_pct":-19.6,"schools":null,"crime_index_history":[[2020,62.8],[2021,42.9],[2022,37.1],[2023,39],[2024,41.2],[2025,45.3]],"crime_index_change_pct":-27.9}},{"type":"MultiPolygon","arcs":[[[103,104,105,106,107,108]]],"properties":{"id":798,"postinumeroalue":"27130","nimi":"Eurajoki asemanseutu","namn":"Eurajoki asemanseutu","euref_x":224659,"euref_y":6795607,"pinta_ala":46421207,"vuosi":2026,"kunta":"051","he_vakiy":274,"he_naiset":139,"he_miehet":135,"he_kika":47,"he_0_2":4,"he_3_6":6,"he_7_12":18,"he_13_15":12,"he_16_17":9,"he_18_19":5,"he_20_24":6,"he_25_29":13,"he_30_34":9,"he_35_39":14,"he_40_44":20,"he_45_49":31,"he_50_54":20,"he_55_59":16,"he_60_64":22,"he_65_69":18,"he_70_74":20,"he_75_79":20,"he_80_84":6,"he_85_":5,"ko_ika18y":225,"ko_perus":44,"ko_koul":181,"ko_yliop":8,"ko_ammat":103,"ko_al_kork":56,"ko_yl_kork":14,"hr_tuy":225,"hr_ktu":28767,"hr_mtu":26106,"hr_pi_tul":39,"hr_ke_tul":140,"hr_hy_tul":46,"hr_ovy":6472601,"te_taly":127,"te_takk":2.1,"te_as_valj":51.5,"te_yks":40,"te_nuor":2,"te_eil_np":3,"te_laps":31,"te_plap":4,"te_aklap":8,"te_klap":17,"te_teini":17,"te_yhlap":7,"te_aik":47,"te_elak":50,"te_omis_as":122,"te_vuok_as":2,"te_muu_as":3,"tr_kuty":127,"tr_ktu":50967,"tr_mtu":43047,"tr_pi_tul":21,"tr_ke_tul":83,"tr_hy_tul":23,"tr_ovy":6472786,"ra_ke":31,"ra_raky":187,"ra_muut":27,"ra_asrak":160,"ra_asunn":153,"ra_as_kpa":105.6,"ra_pt_as":148,"ra_kt_as":2,"ra_muu_as":3,"tp_tyopy":56,"tp_alku_a":22,"tp_jalo_bf":28,"tp_palv_gu":6,"tp_a_maat":22,"tp_b_kaiv":26,"tp_c_teol":1,"tp_d_ener":0,"tp_e_vesi":0,"tp_f_rake":1,"tp_g_kaup":1,"tp_h_kulj":0,"tp_i_majo":0,"tp_j_info":0,"tp_k_raho":0,"tp_l_kiin":0,"tp_m_erik":0,"tp_n_hall":0,"tp_o_julk":0,"tp_p_koul":4,"tp_q_terv":1,"tp_r_taid":0,"tp_s_muup":0,"tp_t_koti":0,"tp_u_kans":0,"tp_x_tunt":0,"pt_vakiy":274,"pt_tyoll":124,"pt_tyott":13,"pt_0_14":34,"pt_opisk":20,"pt_elakel":76,"pt_muut":7,"city":"rauma","pno":"27130","unemployment_rate":4.7,"higher_education_rate":31.1,"pensioner_share":27.7,"ownership_rate":96.1,"rental_rate":1.6,"population_density":6,"child_ratio":3.6,"student_share":7.3,"detached_house_share":96.7,"youth_ratio_pct":8.8,"gender_ratio":1.03,"single_parent_hh_pct":2.4,"families_with_children_pct":24.4,"tech_sector_pct":0,"healthcare_workers_pct":1.8,"employment_rate":45.3,"elderly_ratio_pct":25.2,"avg_household_size":2.16,"manufacturing_jobs_pct":50,"public_sector_jobs_pct":0,"service_sector_jobs_pct":10.7,"new_construction_pct":122.2,"foreign_language_pct":3.6,"crime_index":55.4,"property_price_sqm":null,"transit_stop_density":null,"air_quality_index":21.4,"green_space_pct":68.6,"daycare_density":0,"school_density":0,"healthcare_density":0,"restaurant_density":0,"grocery_density":0,"cycling_density":0,"single_person_hh_pct":31.5,"rental_price_sqm":null,"price_to_rent_ratio":null,"walkability_index":76,"traffic_accident_rate":null,"property_price_change_pct":null,"school_quality_score":null,"light_pollution":0.41,"noise_pollution":40,"voter_turnout_pct":59.9,"party_diversity_index":0.756,"broadband_coverage_pct":59,"ev_charging_density":0,"tree_canopy_pct":41.5,"transit_reachability_score":null,"sports_facility_density":0,"water_proximity_m":0,"avg_construction_year":1976,"income_history":[[2021,22138],[2022,22876],[2023,23255],[2024,23664],[2025,25364],[2026,26106]],"population_history":[[2021,318],[2022,313],[2023,297],[2024,292],[2025,287],[2026,274]],"unemployment_history":[[2021,5.3],[2022,3.8],[2023,5.1],[2024,3.1],[2025,4.9],[2026,4.7]],"income_change_pct":17.9,"population_change_pct":-13.8,"unemployment_change_pct":-11.3,"schools":null,"crime_index_history":[[2020,59.6],[2021,35],[2022,41.9],[2023,39],[2024,39.2],[2025,55.4]],"crime_index_change_pct":-7}},{"type":"MultiPolygon","arcs":[[[109]],[[110]],[[111]],[[112]],[[113]],[[114]],[[115]],[[116]],[[117]],[[118]],[[119,120]],[[121,122,-73,-69,123]]],"properties":{"id":799,"postinumeroalue":"27150","nimi":"Lapijoki","namn":"Lapijoki","euref_x":210869,"euref_y":6795539,"pinta_ala":50869182,"vuosi":2026,"kunta":"051","he_vakiy":1296,"he_naiset":600,"he_miehet":696,"he_kika":44,"he_0_2":36,"he_3_6":46,"he_7_12":91,"he_13_15":60,"he_16_17":29,"he_18_19":21,"he_20_24":46,"he_25_29":54,"he_30_34":78,"he_35_39":83,"he_40_44":100,"he_45_49":107,"he_50_54":81,"he_55_59":73,"he_60_64":79,"he_65_69":86,"he_70_74":94,"he_75_79":75,"he_80_84":38,"he_85_":19,"ko_ika18y":1034,"ko_perus":271,"ko_koul":763,"ko_yliop":51,"ko_ammat":479,"ko_al_kork":181,"ko_yl_kork":52,"hr_tuy":1034,"hr_ktu":28162,"hr_mtu":26975,"hr_pi_tul":215,"hr_ke_tul":614,"hr_hy_tul":205,"hr_ovy":29119699,"te_taly":551,"te_takk":2.2,"te_as_valj":48.1,"te_yks":173,"te_nuor":22,"te_eil_np":16,"te_laps":134,"te_plap":31,"te_aklap":54,"te_klap":70,"te_teini":67,"te_yhlap":26,"te_aik":204,"te_elak":217,"te_omis_as":502,"te_vuok_as":34,"te_muu_as":15,"tr_kuty":551,"tr_ktu":53235,"tr_mtu":47660,"tr_pi_tul":91,"tr_ke_tul":349,"tr_hy_tul":111,"tr_ovy":29332285,"ra_ke":309,"ra_raky":708,"ra_muut":166,"ra_asrak":542,"ra_asunn":609,"ra_as_kpa":105.7,"ra_pt_as":588,"ra_kt_as":0,"ra_muu_as":21,"tp_tyopy":177,"tp_alku_a":9,"tp_jalo_bf":98,"tp_palv_gu":70,"tp_a_maat":9,"tp_b_kaiv":0,"tp_c_teol":51,"tp_d_ener":0,"tp_e_vesi":0,"tp_f_rake":47,"tp_g_kaup":5,"tp_h_kulj":8,"tp_i_majo":0,"tp_j_info":0,"tp_k_raho":0,"tp_l_kiin":0,"tp_m_erik":1,"tp_n_hall":0,"tp_o_julk":0,"tp_p_koul":22,"tp_q_terv":30,"tp_r_taid":2,"tp_s_muup":2,"tp_t_koti":0,"tp_u_kans":0,"tp_x_tunt":0,"pt_vakiy":1296,"pt_tyoll":534,"pt_tyott":47,"pt_0_14":214,"pt_opisk":72,"pt_elakel":329,"pt_muut":100,"city":"rauma","pno":"27150","unemployment_rate":3.6,"higher_education_rate":22.5,"pensioner_share":25.4,"ownership_rate":91.1,"rental_rate":6.2,"population_density":25,"child_ratio":6.3,"student_share":5.6,"detached_house_share":96.6,"youth_ratio_pct":9.3,"gender_ratio":0.86,"single_parent_hh_pct":2.9,"families_with_children_pct":24.3,"tech_sector_pct":0,"healthcare_workers_pct":16.9,"employment_rate":41.2,"elderly_ratio_pct":24.1,"avg_household_size":2.35,"manufacturing_jobs_pct":55.4,"public_sector_jobs_pct":0,"service_sector_jobs_pct":39.5,"new_construction_pct":116.3,"foreign_language_pct":11,"crime_index":72,"property_price_sqm":null,"transit_stop_density":null,"air_quality_index":21.2,"green_space_pct":66.2,"daycare_density":0,"school_density":0,"healthcare_density":0,"restaurant_density":0,"grocery_density":0,"cycling_density":0.7,"single_person_hh_pct":31.4,"rental_price_sqm":null,"price_to_rent_ratio":null,"walkability_index":80,"traffic_accident_rate":3.9,"property_price_change_pct":null,"school_quality_score":null,"light_pollution":0.92,"noise_pollution":40,"voter_turnout_pct":59.9,"party_diversity_index":0.756,"broadband_coverage_pct":59,"ev_charging_density":0,"tree_canopy_pct":40.9,"transit_reachability_score":null,"sports_facility_density":0.1,"water_proximity_m":0,"avg_construction_year":1976,"income_history":[[2021,23647],[2022,23418],[2023,24787],[2024,24947],[2025,25756],[2026,26975]],"population_history":[[2021,1359],[2022,1361],[2023,1304],[2024,1292],[2025,1291],[2026,1296]],"unemployment_history":[[2021,2.8],[2022,2.5],[2023,2.8],[2024,3.3],[2025,3.2],[2026,3.6]],"income_change_pct":14.1,"population_change_pct":-4.6,"unemployment_change_pct":28.6,"schools":null,"crime_index_history":[[2020,77.5],[2021,45.5],[2022,54.5],[2023,50.6],[2024,50.9],[2025,72]],"crime_index_change_pct":-7.1}},{"type":"MultiPolygon","arcs":[[[124,125,-78,126,127]]],"properties":{"id":802,"postinumeroalue":"27220","nimi":"Ala-Kieri","namn":"Ala-Kieri","euref_x":218171,"euref_y":6782805,"pinta_ala":51979601,"vuosi":2026,"kunta":"684","he_vakiy":521,"he_naiset":245,"he_miehet":276,"he_kika":50,"he_0_2":4,"he_3_6":11,"he_7_12":25,"he_13_15":26,"he_16_17":16,"he_18_19":11,"he_20_24":11,"he_25_29":13,"he_30_34":18,"he_35_39":21,"he_40_44":44,"he_45_49":42,"he_50_54":37,"he_55_59":40,"he_60_64":47,"he_65_69":38,"he_70_74":46,"he_75_79":38,"he_80_84":17,"he_85_":16,"ko_ika18y":439,"ko_perus":97,"ko_koul":342,"ko_yliop":17,"ko_ammat":221,"ko_al_kork":76,"ko_yl_kork":28,"hr_tuy":439,"hr_ktu":28584,"hr_mtu":27545,"hr_pi_tul":92,"hr_ke_tul":249,"hr_hy_tul":98,"hr_ovy":12548232,"te_taly":251,"te_takk":2.1,"te_as_valj":53.6,"te_yks":86,"te_nuor":6,"te_eil_np":5,"te_laps":46,"te_plap":4,"te_aklap":9,"te_klap":17,"te_teini":31,"te_yhlap":5,"te_aik":99,"te_elak":107,"te_omis_as":238,"te_vuok_as":8,"te_muu_as":5,"tr_kuty":251,"tr_ktu":50364,"tr_mtu":44882,"tr_pi_tul":54,"tr_ke_tul":150,"tr_hy_tul":47,"tr_ovy":12641373,"ra_ke":80,"ra_raky":302,"ra_muut":20,"ra_asrak":282,"ra_asunn":284,"ra_as_kpa":109.4,"ra_pt_as":278,"ra_kt_as":2,"ra_muu_as":4,"tp_tyopy":35,"tp_alku_a":11,"tp_jalo_bf":16,"tp_palv_gu":8,"tp_a_maat":11,"tp_b_kaiv":0,"tp_c_teol":4,"tp_d_ener":0,"tp_e_vesi":0,"tp_f_rake":12,"tp_g_kaup":1,"tp_h_kulj":1,"tp_i_majo":0,"tp_j_info":0,"tp_k_raho":0,"tp_l_kiin":0,"tp_m_erik":3,"tp_n_hall":0,"tp_o_julk":0,"tp_p_koul":0,"tp_q_terv":1,"tp_r_taid":1,"tp_s_muup":1,"tp_t_koti":0,"tp_u_kans":0,"tp_x_tunt":0,"pt_vakiy":521,"pt_tyoll":239,"pt_tyott":18,"pt_0_14":60,"pt_opisk":31,"pt_elakel":162,"pt_muut":11,"city":"rauma","pno":"27220","unemployment_rate":3.5,"higher_education_rate":23.7,"pensioner_share":31.1,"ownership_rate":94.8,"rental_rate":3.2,"population_density":10,"child_ratio":2.9,"student_share":6,"detached_house_share":97.9,"youth_ratio_pct":6.7,"gender_ratio":0.89,"single_parent_hh_pct":2,"families_with_children_pct":18.3,"tech_sector_pct":0,"healthcare_workers_pct":2.9,"employment_rate":45.9,"elderly_ratio_pct":29.8,"avg_household_size":2.08,"manufacturing_jobs_pct":45.7,"public_sector_jobs_pct":0,"service_sector_jobs_pct":22.9,"new_construction_pct":106.3,"foreign_language_pct":1.7,"crime_index":41.4,"property_price_sqm":null,"transit_stop_density":null,"air_quality_index":21.7,"green_space_pct":72.4,"daycare_density":0,"school_density":0,"healthcare_density":0,"restaurant_density":0,"grocery_density":0,"cycling_density":0,"single_person_hh_pct":34.3,"rental_price_sqm":null,"price_to_rent_ratio":null,"walkability_index":76,"traffic_accident_rate":3.2,"property_price_change_pct":null,"school_quality_score":null,"light_pollution":0.02,"noise_pollution":40,"voter_turnout_pct":49.6,"party_diversity_index":0.826,"broadband_coverage_pct":89,"ev_charging_density":0,"tree_canopy_pct":41.8,"transit_reachability_score":null,"sports_facility_density":0.1,"water_proximity_m":0,"avg_construction_year":1979,"income_history":[[2021,23305],[2022,22993],[2023,23215],[2024,24707],[2025,26075],[2026,27545]],"population_history":[[2021,593],[2022,593],[2023,591],[2024,560],[2025,533],[2026,521]],"unemployment_history":[[2021,2.7],[2022,1.9],[2023,3.9],[2024,2.5],[2025,3],[2026,3.5]],"income_change_pct":18.2,"population_change_pct":-12.1,"unemployment_change_pct":29.6,"schools":null,"crime_index_history":[[2020,57.4],[2021,39.2],[2022,33.9],[2023,35.7],[2024,37.7],[2025,41.4]],"crime_index_change_pct":-27.9}},{"type":"MultiPolygon","arcs":[[[128,-108,129,-122,130,131]]],"properties":{"id":796,"postinumeroalue":"27100","nimi":"Eurajoki Keskus","namn":"Eurajoki centrum","euref_x":215912,"euref_y":6797333,"pinta_ala":98452336,"vuosi":2026,"kunta":"051","he_vakiy":3353,"he_naiset":1680,"he_miehet":1673,"he_kika":47,"he_0_2":75,"he_3_6":117,"he_7_12":238,"he_13_15":127,"he_16_17":96,"he_18_19":69,"he_20_24":112,"he_25_29":127,"he_30_34":175,"he_35_39":179,"he_40_44":226,"he_45_49":234,"he_50_54":210,"he_55_59":204,"he_60_64":217,"he_65_69":175,"he_70_74":247,"he_75_79":256,"he_80_84":134,"he_85_":135,"ko_ika18y":2700,"ko_perus":631,"ko_koul":2069,"ko_yliop":110,"ko_ammat":1148,"ko_al_kork":590,"ko_yl_kork":221,"hr_tuy":2700,"hr_ktu":30997,"hr_mtu":28607,"hr_pi_tul":384,"hr_ke_tul":1690,"hr_hy_tul":626,"hr_ovy":83691720,"te_taly":1558,"te_takk":2.1,"te_as_valj":48.3,"te_yks":581,"te_nuor":98,"te_eil_np":29,"te_laps":356,"te_plap":67,"te_aklap":138,"te_klap":176,"te_teini":178,"te_yhlap":68,"te_aik":589,"te_elak":619,"te_omis_as":1259,"te_vuok_as":285,"te_muu_as":14,"tr_kuty":1558,"tr_ktu":52936,"tr_mtu":45662,"tr_pi_tul":265,"tr_ke_tul":945,"tr_hy_tul":348,"tr_ovy":82474467,"ra_ke":131,"ra_raky":1503,"ra_muut":262,"ra_asrak":1241,"ra_asunn":1756,"ra_as_kpa":98.9,"ra_pt_as":1554,"ra_kt_as":145,"ra_muu_as":57,"tp_tyopy":1112,"tp_alku_a":39,"tp_jalo_bf":205,"tp_palv_gu":868,"tp_a_maat":39,"tp_b_kaiv":10,"tp_c_teol":54,"tp_d_ener":0,"tp_e_vesi":8,"tp_f_rake":133,"tp_g_kaup":132,"tp_h_kulj":26,"tp_i_majo":44,"tp_j_info":8,"tp_k_raho":8,"tp_l_kiin":8,"tp_m_erik":20,"tp_n_hall":101,"tp_o_julk":29,"tp_p_koul":106,"tp_q_terv":319,"tp_r_taid":18,"tp_s_muup":49,"tp_t_koti":0,"tp_u_kans":0,"tp_x_tunt":0,"pt_vakiy":3353,"pt_tyoll":1449,"pt_tyott":81,"pt_0_14":512,"pt_opisk":197,"pt_elakel":1043,"pt_muut":71,"city":"rauma","pno":"27100","unemployment_rate":2.4,"higher_education_rate":30,"pensioner_share":31.1,"ownership_rate":80.8,"rental_rate":18.3,"population_density":34,"child_ratio":5.7,"student_share":5.9,"detached_house_share":88.5,"youth_ratio_pct":9.2,"gender_ratio":1,"single_parent_hh_pct":1.9,"families_with_children_pct":22.8,"tech_sector_pct":0.7,"healthcare_workers_pct":28.7,"employment_rate":43.2,"elderly_ratio_pct":28.2,"avg_household_size":2.15,"manufacturing_jobs_pct":18.4,"public_sector_jobs_pct":2.6,"service_sector_jobs_pct":78.1,"new_construction_pct":85.6,"foreign_language_pct":3.2,"crime_index":76.5,"property_price_sqm":1219,"transit_stop_density":null,"air_quality_index":21.3,"green_space_pct":61.3,"daycare_density":0,"school_density":0,"healthcare_density":0,"restaurant_density":0,"grocery_density":0,"cycling_density":0.9,"single_person_hh_pct":37.3,"rental_price_sqm":null,"price_to_rent_ratio":null,"walkability_index":81,"traffic_accident_rate":2,"property_price_change_pct":-10,"school_quality_score":58.7,"light_pollution":1.19,"noise_pollution":40,"voter_turnout_pct":59.9,"party_diversity_index":0.756,"broadband_coverage_pct":59,"ev_charging_density":0,"tree_canopy_pct":40.2,"transit_reachability_score":null,"sports_facility_density":0.1,"water_proximity_m":0,"avg_construction_year":1975,"income_history":[[2021,24222],[2022,24475],[2023,25313],[2024,26216],[2025,27464],[2026,28607]],"population_history":[[2021,3420],[2022,3440],[2023,3436],[2024,3404],[2025,3393],[2026,3353]],"unemployment_history":[[2021,2.1],[2022,2.8],[2023,2.6],[2024,2.5],[2025,2.5],[2026,2.4]],"income_change_pct":18.1,"population_change_pct":-2,"unemployment_change_pct":14.3,"schools":[{"name":"Eurajoen lukio","score":58.7}],"property_price_history":[[2020,1354],[2021,1258],[2022,1456],[2023,1428],[2024,1414],[2025,1219]],"crime_index_history":[[2020,82.3],[2021,48.3],[2022,57.9],[2023,53.8],[2024,54.1],[2025,76.5]],"crime_index_change_pct":-7}},{"type":"MultiPolygon","arcs":[[[-109,-129,132,133,134,135]]],"properties":{"id":797,"postinumeroalue":"27110","nimi":"Irjanne","namn":"Irjanne","euref_x":220214,"euref_y":6803123,"pinta_ala":60757536,"vuosi":2026,"kunta":"051","he_vakiy":537,"he_naiset":270,"he_miehet":267,"he_kika":43,"he_0_2":16,"he_3_6":25,"he_7_12":31,"he_13_15":24,"he_16_17":16,"he_18_19":13,"he_20_24":14,"he_25_29":27,"he_30_34":26,"he_35_39":29,"he_40_44":41,"he_45_49":42,"he_50_54":42,"he_55_59":42,"he_60_64":46,"he_65_69":26,"he_70_74":34,"he_75_79":19,"he_80_84":16,"he_85_":8,"ko_ika18y":425,"ko_perus":99,"ko_koul":326,"ko_yliop":25,"ko_ammat":188,"ko_al_kork":95,"ko_yl_kork":18,"hr_tuy":425,"hr_ktu":31238,"hr_mtu":28688,"hr_pi_tul":69,"hr_ke_tul":248,"hr_hy_tul":108,"hr_ovy":13276096,"te_taly":237,"te_takk":2.3,"te_as_valj":44.7,"te_yks":77,"te_nuor":10,"te_eil_np":6,"te_laps":58,"te_plap":15,"te_aklap":28,"te_klap":25,"te_teini":29,"te_yhlap":9,"te_aik":106,"te_elak":75,"te_omis_as":217,"te_vuok_as":13,"te_muu_as":7,"tr_kuty":237,"tr_ktu":56442,"tr_mtu":51565,"tr_pi_tul":42,"tr_ke_tul":138,"tr_hy_tul":57,"tr_ovy":13376652,"ra_ke":34,"ra_raky":319,"ra_muut":34,"ra_asrak":285,"ra_asunn":292,"ra_as_kpa":96.2,"ra_pt_as":270,"ra_kt_as":6,"ra_muu_as":16,"tp_tyopy":54,"tp_alku_a":13,"tp_jalo_bf":4,"tp_palv_gu":36,"tp_a_maat":13,"tp_b_kaiv":0,"tp_c_teol":1,"tp_d_ener":0,"tp_e_vesi":0,"tp_f_rake":3,"tp_g_kaup":3,"tp_h_kulj":6,"tp_i_majo":0,"tp_j_info":0,"tp_k_raho":1,"tp_l_kiin":1,"tp_m_erik":0,"tp_n_hall":5,"tp_o_julk":0,"tp_p_koul":9,"tp_q_terv":6,"tp_r_taid":2,"tp_s_muup":3,"tp_t_koti":0,"tp_u_kans":0,"tp_x_tunt":1,"pt_vakiy":537,"pt_tyoll":257,"pt_tyott":26,"pt_0_14":87,"pt_opisk":40,"pt_elakel":113,"pt_muut":14,"city":"rauma","pno":"27110","unemployment_rate":4.8,"higher_education_rate":26.6,"pensioner_share":21,"ownership_rate":91.6,"rental_rate":5.5,"population_density":9,"child_ratio":7.6,"student_share":7.4,"detached_house_share":92.5,"youth_ratio_pct":10.1,"gender_ratio":1.01,"single_parent_hh_pct":2.5,"families_with_children_pct":24.5,"tech_sector_pct":0,"healthcare_workers_pct":11.1,"employment_rate":47.9,"elderly_ratio_pct":19.2,"avg_household_size":2.27,"manufacturing_jobs_pct":7.4,"public_sector_jobs_pct":0,"service_sector_jobs_pct":66.7,"new_construction_pct":109.2,"foreign_language_pct":2.1,"crime_index":62.4,"property_price_sqm":null,"transit_stop_density":null,"air_quality_index":21.4,"green_space_pct":70,"daycare_density":0,"school_density":0,"healthcare_density":0,"restaurant_density":0,"grocery_density":0,"cycling_density":0.1,"single_person_hh_pct":32.5,"rental_price_sqm":null,"price_to_rent_ratio":null,"walkability_index":78,"traffic_accident_rate":5,"property_price_change_pct":null,"school_quality_score":null,"light_pollution":0.36,"noise_pollution":40,"voter_turnout_pct":59.9,"party_diversity_index":0.756,"broadband_coverage_pct":59,"ev_charging_density":0,"tree_canopy_pct":45.8,"transit_reachability_score":null,"sports_facility_density":0,"water_proximity_m":0,"avg_construction_year":1976,"income_history":[[2021,24928],[2022,25188],[2023,26150],[2024,26735],[2025,27876],[2026,28688]],"population_history":[[2021,556],[2022,568],[2023,561],[2024,551],[2025,541],[2026,537]],"unemployment_history":[[2021,3.6],[2022,3.3],[2023,5.2],[2024,4.9],[2025,4.6],[2026,4.8]],"income_change_pct":15.1,"population_change_pct":-3.4,"unemployment_change_pct":33.3,"schools":null,"crime_index_history":[[2020,67.1],[2021,39.4],[2022,47.2],[2023,43.9],[2024,44.1],[2025,62.4]],"crime_index_change_pct":-7}},{"type":"MultiPolygon","arcs":[[[-120,136]]],"properties":{"id":800,"postinumeroalue":"27160","nimi":"Olkiluoto","namn":"Olkiluoto","euref_x":202872,"euref_y":6801959,"pinta_ala":6307725,"vuosi":2026,"kunta":"051","he_vakiy":0,"he_naiset":0,"he_miehet":0,"he_kika":0,"he_0_2":0,"he_3_6":0,"he_7_12":0,"he_13_15":0,"he_16_17":0,"he_18_19":0,"he_20_24":0,"he_25_29":0,"he_30_34":0,"he_35_39":0,"he_40_44":0,"he_45_49":0,"he_50_54":0,"he_55_59":0,"he_60_64":0,"he_65_69":0,"he_70_74":0,"he_75_79":0,"he_80_84":0,"he_85_":0,"ko_ika18y":0,"ko_perus":0,"ko_koul":0,"ko_yliop":0,"ko_ammat":0,"ko_al_kork":0,"ko_yl_kork":0,"hr_tuy":0,"hr_ktu":0,"hr_mtu":0,"hr_pi_tul":0,"hr_ke_tul":0,"hr_hy_tul":0,"hr_ovy":0,"te_taly":0,"te_takk":0,"te_as_valj":0,"te_yks":0,"te_nuor":0,"te_eil_np":0,"te_laps":0,"te_plap":0,"te_aklap":0,"te_klap":0,"te_teini":0,"te_yhlap":0,"te_aik":0,"te_elak":0,"te_omis_as":0,"te_vuok_as":0,"te_muu_as":0,"tr_kuty":0,"tr_ktu":0,"tr_mtu":0,"tr_pi_tul":0,"tr_ke_tul":0,"tr_hy_tul":0,"tr_ovy":0,"ra_ke":15,"ra_raky":79,"ra_muut":79,"ra_asrak":0,"ra_asunn":0,"ra_as_kpa":0,"ra_pt_as":0,"ra_kt_as":0,"ra_muu_as":0,"tp_tyopy":1490,"tp_alku_a":0,"tp_jalo_bf":1184,"tp_palv_gu":306,"tp_a_maat":0,"tp_b_kaiv":11,"tp_c_teol":15,"tp_d_ener":1020,"tp_e_vesi":80,"tp_f_rake":58,"tp_g_kaup":2,"tp_h_kulj":34,"tp_i_majo":18,"tp_j_info":0,"tp_k_raho":0,"tp_l_kiin":0,"tp_m_erik":15,"tp_n_hall":235,"tp_o_julk":0,"tp_p_koul":0,"tp_q_terv":2,"tp_r_taid":0,"tp_s_muup":0,"tp_t_koti":0,"tp_u_kans":0,"tp_x_tunt":0,"pt_vakiy":0,"pt_tyoll":0,"pt_tyott":0,"pt_0_14":0,"pt_opisk":0,"pt_elakel":0,"pt_muut":0,"city":"rauma","pno":"27160","unemployment_rate":null,"higher_education_rate":null,"pensioner_share":null,"ownership_rate":null,"rental_rate":null,"population_density":0,"child_ratio":null,"student_share":null,"detached_house_share":null,"youth_ratio_pct":null,"gender_ratio":null,"single_parent_hh_pct":null,"families_with_children_pct":null,"tech_sector_pct":0,"healthcare_workers_pct":0.1,"employment_rate":null,"elderly_ratio_pct":null,"avg_household_size":null,"manufacturing_jobs_pct":79.5,"public_sector_jobs_pct":0,"service_sector_jobs_pct":20.5,"new_construction_pct":null,"foreign_language_pct":null,"crime_index":129,"property_price_sqm":null,"transit_stop_density":null,"air_quality_index":21.7,"green_space_pct":61.6,"daycare_density":0,"school_density":0,"healthcare_density":0,"restaurant_density":0,"grocery_density":0,"cycling_density":0,"single_person_hh_pct":null,"rental_price_sqm":null,"price_to_rent_ratio":null,"walkability_index":76,"traffic_accident_rate":null,"property_price_change_pct":null,"school_quality_score":null,"light_pollution":25.43,"noise_pollution":40,"voter_turnout_pct":59.9,"party_diversity_index":0.756,"broadband_coverage_pct":59,"ev_charging_density":0,"tree_canopy_pct":39.1,"transit_reachability_score":null,"sports_facility_density":0,"water_proximity_m":0,"avg_construction_year":1971,"income_history":[[2021,0],[2022,0],[2023,0],[2024,0],[2025,0],[2026,0]],"population_history":[[2021,0],[2022,0],[2023,0],[2024,0],[2025,0],[2026,0]],"unemployment_history":null,"income_change_pct":null,"population_change_pct":null,"unemployment_change_pct":null,"schools":null,"crime_index_history":[[2020,138.8],[2021,81.5],[2022,97.6],[2023,90.7],[2024,91.2],[2025,129]],"crime_index_change_pct":-7.1}},{"type":"MultiPolygon","arcs":[[[137,138]],[[139,140]],[[141]],[[142,143,-133,-132,144]]],"properties":{"id":801,"postinumeroalue":"27170","nimi":"Kuivalahti","namn":"Kuivalahti","euref_x":211590,"euref_y":6806208,"pinta_ala":51387699,"vuosi":2026,"kunta":"051","he_vakiy":331,"he_naiset":154,"he_miehet":177,"he_kika":53,"he_0_2":8,"he_3_6":10,"he_7_12":11,"he_13_15":6,"he_16_17":3,"he_18_19":5,"he_20_24":6,"he_25_29":10,"he_30_34":18,"he_35_39":7,"he_40_44":19,"he_45_49":14,"he_50_54":26,"he_55_59":31,"he_60_64":44,"he_65_69":28,"he_70_74":39,"he_75_79":19,"he_80_84":13,"he_85_":14,"ko_ika18y":293,"ko_perus":71,"ko_koul":222,"ko_yliop":10,"ko_ammat":126,"ko_al_kork":69,"ko_yl_kork":17,"hr_tuy":293,"hr_ktu":33247,"hr_mtu":27490,"hr_pi_tul":62,"hr_ke_tul":156,"hr_hy_tul":75,"hr_ovy":9741363,"te_taly":166,"te_takk":2,"te_as_valj":51.1,"te_yks":58,"te_nuor":3,"te_eil_np":2,"te_laps":24,"te_plap":7,"te_aklap":11,"te_klap":7,"te_teini":8,"te_yhlap":4,"te_aik":62,"te_elak":81,"te_omis_as":153,"te_vuok_as":5,"te_muu_as":8,"tr_kuty":166,"tr_ktu":58689,"tr_mtu":44904,"tr_pi_tul":35,"tr_ke_tul":85,"tr_hy_tul":46,"tr_ovy":9742323,"ra_ke":538,"ra_raky":250,"ra_muut":44,"ra_asrak":206,"ra_asunn":196,"ra_as_kpa":97.1,"ra_pt_as":188,"ra_kt_as":0,"ra_muu_as":8,"tp_tyopy":31,"tp_alku_a":5,"tp_jalo_bf":3,"tp_palv_gu":23,"tp_a_maat":5,"tp_b_kaiv":0,"tp_c_teol":1,"tp_d_ener":0,"tp_e_vesi":0,"tp_f_rake":2,"tp_g_kaup":1,"tp_h_kulj":1,"tp_i_majo":1,"tp_j_info":0,"tp_k_raho":0,"tp_l_kiin":0,"tp_m_erik":3,"tp_n_hall":1,"tp_o_julk":0,"tp_p_koul":9,"tp_q_terv":5,"tp_r_taid":1,"tp_s_muup":1,"tp_t_koti":0,"tp_u_kans":0,"tp_x_tunt":0,"pt_vakiy":331,"pt_tyoll":143,"pt_tyott":12,"pt_0_14":33,"pt_opisk":10,"pt_elakel":122,"pt_muut":11,"city":"rauma","pno":"27170","unemployment_rate":3.6,"higher_education_rate":29.4,"pensioner_share":36.9,"ownership_rate":92.2,"rental_rate":3,"population_density":6,"child_ratio":5.4,"student_share":3,"detached_house_share":95.9,"youth_ratio_pct":6.3,"gender_ratio":0.87,"single_parent_hh_pct":1.2,"families_with_children_pct":14.5,"tech_sector_pct":0,"healthcare_workers_pct":16.1,"employment_rate":43.2,"elderly_ratio_pct":34.1,"avg_household_size":1.99,"manufacturing_jobs_pct":9.7,"public_sector_jobs_pct":0,"service_sector_jobs_pct":74.2,"new_construction_pct":127.6,"foreign_language_pct":2.8,"crime_index":52.4,"property_price_sqm":null,"transit_stop_density":null,"air_quality_index":21.2,"green_space_pct":63.1,"daycare_density":0,"school_density":0,"healthcare_density":0,"restaurant_density":0,"grocery_density":0,"cycling_density":0,"single_person_hh_pct":34.9,"rental_price_sqm":null,"price_to_rent_ratio":null,"walkability_index":76,"traffic_accident_rate":3,"property_price_change_pct":null,"school_quality_score":null,"light_pollution":0.16,"noise_pollution":40,"voter_turnout_pct":59.9,"party_diversity_index":0.756,"broadband_coverage_pct":59,"ev_charging_density":0,"tree_canopy_pct":57,"transit_reachability_score":null,"sports_facility_density":0.1,"water_proximity_m":0,"avg_construction_year":1977,"income_history":[[2021,22962],[2022,23153],[2023,23860],[2024,25365],[2025,26446],[2026,27490]],"population_history":[[2021,346],[2022,350],[2023,355],[2024,346],[2025,333],[2026,331]],"unemployment_history":[[2021,4],[2022,5.1],[2023,3.1],[2024,2.9],[2025,3.9],[2026,3.6]],"income_change_pct":19.7,"population_change_pct":-4.3,"unemployment_change_pct":-10,"schools":null,"crime_index_history":[[2020,56.4],[2021,33.1],[2022,39.7],[2023,36.8],[2024,37],[2025,52.4]],"crime_index_change_pct":-7.1}},{"type":"MultiPolygon","arcs":[[[-127,-77,-70,-123,-130,-107,145,146,147,148]]],"properties":{"id":803,"postinumeroalue":"27230","nimi":"Lappi","namn":"Lappi","euref_x":221307,"euref_y":6786362,"pinta_ala":94244562,"vuosi":2026,"kunta":"684","he_vakiy":1959,"he_naiset":968,"he_miehet":991,"he_kika":47,"he_0_2":40,"he_3_6":63,"he_7_12":155,"he_13_15":71,"he_16_17":50,"he_18_19":36,"he_20_24":67,"he_25_29":79,"he_30_34":88,"he_35_39":96,"he_40_44":157,"he_45_49":128,"he_50_54":108,"he_55_59":133,"he_60_64":141,"he_65_69":114,"he_70_74":137,"he_75_79":140,"he_80_84":69,"he_85_":87,"ko_ika18y":1580,"ko_perus":421,"ko_koul":1159,"ko_yliop":50,"ko_ammat":728,"ko_al_kork":302,"ko_yl_kork":79,"hr_tuy":1580,"hr_ktu":29544,"hr_mtu":26173,"hr_pi_tul":250,"hr_ke_tul":1059,"hr_hy_tul":271,"hr_ovy":46679611,"te_taly":917,"te_takk":2.1,"te_as_valj":49.9,"te_yks":353,"te_nuor":50,"te_eil_np":26,"te_laps":194,"te_plap":35,"te_aklap":73,"te_klap":107,"te_teini":90,"te_yhlap":32,"te_aik":357,"te_elak":372,"te_omis_as":756,"te_vuok_as":149,"te_muu_as":12,"tr_kuty":917,"tr_ktu":50444,"tr_mtu":41331,"tr_pi_tul":177,"tr_ke_tul":598,"tr_hy_tul":142,"tr_ovy":46256841,"ra_ke":404,"ra_raky":960,"ra_muut":158,"ra_asrak":802,"ra_asunn":1076,"ra_as_kpa":100.1,"ra_pt_as":916,"ra_kt_as":125,"ra_muu_as":35,"tp_tyopy":686,"tp_alku_a":31,"tp_jalo_bf":457,"tp_palv_gu":198,"tp_a_maat":31,"tp_b_kaiv":0,"tp_c_teol":414,"tp_d_ener":0,"tp_e_vesi":0,"tp_f_rake":43,"tp_g_kaup":37,"tp_h_kulj":43,"tp_i_majo":4,"tp_j_info":0,"tp_k_raho":9,"tp_l_kiin":2,"tp_m_erik":4,"tp_n_hall":2,"tp_o_julk":0,"tp_p_koul":21,"tp_q_terv":73,"tp_r_taid":0,"tp_s_muup":3,"tp_t_koti":0,"tp_u_kans":0,"tp_x_tunt":0,"pt_vakiy":1959,"pt_tyoll":851,"pt_tyott":69,"pt_0_14":314,"pt_opisk":95,"pt_elakel":591,"pt_muut":39,"city":"rauma","pno":"27230","unemployment_rate":3.5,"higher_education_rate":24.1,"pensioner_share":30.2,"ownership_rate":82.4,"rental_rate":16.2,"population_density":21,"child_ratio":5.3,"student_share":4.8,"detached_house_share":85.1,"youth_ratio_pct":9.3,"gender_ratio":0.98,"single_parent_hh_pct":2.8,"families_with_children_pct":21.2,"tech_sector_pct":0,"healthcare_workers_pct":10.6,"employment_rate":43.4,"elderly_ratio_pct":27.9,"avg_household_size":2.14,"manufacturing_jobs_pct":66.6,"public_sector_jobs_pct":0,"service_sector_jobs_pct":28.9,"new_construction_pct":89.2,"foreign_language_pct":3.1,"crime_index":51.5,"property_price_sqm":865,"transit_stop_density":null,"air_quality_index":21.8,"green_space_pct":75.4,"daycare_density":0,"school_density":0,"healthcare_density":0,"restaurant_density":0,"grocery_density":0,"cycling_density":0.5,"single_person_hh_pct":38.5,"rental_price_sqm":null,"price_to_rent_ratio":null,"walkability_index":80,"traffic_accident_rate":1.7,"property_price_change_pct":-23.7,"school_quality_score":null,"light_pollution":0.21,"noise_pollution":40,"voter_turnout_pct":49.6,"party_diversity_index":0.826,"broadband_coverage_pct":89,"ev_charging_density":0,"tree_canopy_pct":45.5,"transit_reachability_score":null,"sports_facility_density":0.1,"water_proximity_m":0,"avg_construction_year":1978,"income_history":[[2021,21525],[2022,21726],[2023,22332],[2024,23658],[2025,24641],[2026,26173]],"population_history":[[2021,2027],[2022,2011],[2023,2028],[2024,1997],[2025,1969],[2026,1959]],"unemployment_history":[[2021,3.5],[2022,3.6],[2023,3.6],[2024,3.8],[2025,3.9],[2026,3.5]],"income_change_pct":21.6,"population_change_pct":-3.4,"unemployment_change_pct":0,"schools":null,"property_price_history":[[2021,1134],[2024,865]],"crime_index_history":[[2020,71.4],[2021,48.8],[2022,42.2],[2023,44.4],[2024,46.9],[2025,51.5]],"crime_index_change_pct":-27.9}},{"type":"MultiPolygon","arcs":[[[-148,149]]],"properties":{"id":804,"postinumeroalue":"27250","nimi":"Kodiksami","namn":"Kodiksami","euref_x":229289,"euref_y":6779316,"pinta_ala":15333601,"vuosi":2026,"kunta":"684","he_vakiy":126,"he_naiset":59,"he_miehet":67,"he_kika":46,"he_0_2":4,"he_3_6":4,"he_7_12":6,"he_13_15":1,"he_16_17":3,"he_18_19":3,"he_20_24":7,"he_25_29":8,"he_30_34":10,"he_35_39":5,"he_40_44":2,"he_45_49":10,"he_50_54":12,"he_55_59":12,"he_60_64":12,"he_65_69":7,"he_70_74":6,"he_75_79":9,"he_80_84":1,"he_85_":4,"ko_ika18y":108,"ko_perus":25,"ko_koul":83,"ko_yliop":5,"ko_ammat":58,"ko_al_kork":16,"ko_yl_kork":4,"hr_tuy":108,"hr_ktu":29246,"hr_mtu":27655,"hr_pi_tul":17,"hr_ke_tul":72,"hr_hy_tul":19,"hr_ovy":3158593,"te_taly":59,"te_takk":2.1,"te_as_valj":50.9,"te_yks":24,"te_nuor":4,"te_eil_np":0,"te_laps":11,"te_plap":4,"te_aklap":5,"te_klap":4,"te_teini":4,"te_yhlap":1,"te_aik":27,"te_elak":21,"te_omis_as":53,"te_vuok_as":3,"te_muu_as":3,"tr_kuty":59,"tr_ktu":53678,"tr_mtu":45937,"tr_pi_tul":13,"tr_ke_tul":33,"tr_hy_tul":13,"tr_ovy":3166979,"ra_ke":14,"ra_raky":88,"ra_muut":13,"ra_asrak":75,"ra_asunn":72,"ra_as_kpa":105.1,"ra_pt_as":70,"ra_kt_as":0,"ra_muu_as":2,"tp_tyopy":16,"tp_alku_a":9,"tp_jalo_bf":5,"tp_palv_gu":2,"tp_a_maat":9,"tp_b_kaiv":0,"tp_c_teol":5,"tp_d_ener":0,"tp_e_vesi":0,"tp_f_rake":0,"tp_g_kaup":0,"tp_h_kulj":0,"tp_i_majo":0,"tp_j_info":0,"tp_k_raho":0,"tp_l_kiin":0,"tp_m_erik":0,"tp_n_hall":0,"tp_o_julk":0,"tp_p_koul":0,"tp_q_terv":0,"tp_r_taid":1,"tp_s_muup":1,"tp_t_koti":0,"tp_u_kans":0,"tp_x_tunt":0,"pt_vakiy":126,"pt_tyoll":66,"pt_tyott":8,"pt_0_14":15,"pt_opisk":5,"pt_elakel":31,"pt_muut":1,"city":"rauma","pno":"27250","unemployment_rate":6.3,"higher_education_rate":18.5,"pensioner_share":24.6,"ownership_rate":89.8,"rental_rate":5.1,"population_density":8,"child_ratio":6.3,"student_share":4,"detached_house_share":97.2,"youth_ratio_pct":14.3,"gender_ratio":0.88,"single_parent_hh_pct":0,"families_with_children_pct":18.6,"tech_sector_pct":0,"healthcare_workers_pct":0,"employment_rate":52.4,"elderly_ratio_pct":21.4,"avg_household_size":2.14,"manufacturing_jobs_pct":31.2,"public_sector_jobs_pct":0,"service_sector_jobs_pct":12.5,"new_construction_pct":122.2,"foreign_language_pct":3.2,"crime_index":46.2,"property_price_sqm":null,"transit_stop_density":null,"air_quality_index":22.2,"green_space_pct":59.9,"daycare_density":0,"school_density":0,"healthcare_density":0,"restaurant_density":0,"grocery_density":0,"cycling_density":0,"single_person_hh_pct":40.7,"rental_price_sqm":null,"price_to_rent_ratio":null,"walkability_index":76,"traffic_accident_rate":null,"property_price_change_pct":null,"school_quality_score":null,"light_pollution":0,"noise_pollution":40,"voter_turnout_pct":49.6,"party_diversity_index":0.826,"broadband_coverage_pct":89,"ev_charging_density":0,"tree_canopy_pct":35.3,"transit_reachability_score":null,"sports_facility_density":0.1,"water_proximity_m":270,"avg_construction_year":1980,"income_history":[[2021,18923],[2022,19682],[2023,23531],[2024,24452],[2025,26320],[2026,27655]],"population_history":[[2021,129],[2022,126],[2023,117],[2024,113],[2025,113],[2026,126]],"unemployment_history":[[2021,3.9],[2022,4],[2023,4.3],[2024,2.7],[2025,1.8],[2026,6.3]],"income_change_pct":46.1,"population_change_pct":-2.3,"unemployment_change_pct":61.5,"schools":null,"crime_index_history":[[2020,64],[2021,43.7],[2022,37.9],[2023,39.8],[2024,42],[2025,46.2]],"crime_index_change_pct":-27.8}},{"type":"MultiPolygon","arcs":[[[150,-128,-149,-150,-147,151,152]]],"properties":{"id":805,"postinumeroalue":"27260","nimi":"Kuolimaa","namn":"Kuolimaa","euref_x":222819,"euref_y":6778818,"pinta_ala":42221889,"vuosi":2026,"kunta":"684","he_vakiy":165,"he_naiset":77,"he_miehet":88,"he_kika":50,"he_0_2":0,"he_3_6":6,"he_7_12":5,"he_13_15":6,"he_16_17":5,"he_18_19":6,"he_20_24":5,"he_25_29":11,"he_30_34":4,"he_35_39":5,"he_40_44":6,"he_45_49":15,"he_50_54":9,"he_55_59":17,"he_60_64":14,"he_65_69":13,"he_70_74":14,"he_75_79":11,"he_80_84":7,"he_85_":6,"ko_ika18y":143,"ko_perus":26,"ko_koul":117,"ko_yliop":11,"ko_ammat":65,"ko_al_kork":28,"ko_yl_kork":13,"hr_tuy":143,"hr_ktu":29591,"hr_mtu":25620,"hr_pi_tul":29,"hr_ke_tul":82,"hr_hy_tul":32,"hr_ovy":4231451,"te_taly":82,"te_takk":2,"te_as_valj":55.4,"te_yks":39,"te_nuor":5,"te_eil_np":2,"te_laps":14,"te_plap":0,"te_aklap":4,"te_klap":3,"te_teini":8,"te_yhlap":2,"te_aik":31,"te_elak":39,"te_omis_as":77,"te_vuok_as":1,"te_muu_as":4,"tr_kuty":82,"tr_ktu":51951,"tr_mtu":41904,"tr_pi_tul":24,"tr_ke_tul":41,"tr_hy_tul":17,"tr_ovy":4259969,"ra_ke":151,"ra_raky":122,"ra_muut":16,"ra_asrak":106,"ra_asunn":98,"ra_as_kpa":106.8,"ra_pt_as":95,"ra_kt_as":0,"ra_muu_as":3,"tp_tyopy":18,"tp_alku_a":11,"tp_jalo_bf":2,"tp_palv_gu":5,"tp_a_maat":11,"tp_b_kaiv":0,"tp_c_teol":1,"tp_d_ener":0,"tp_e_vesi":0,"tp_f_rake":1,"tp_g_kaup":0,"tp_h_kulj":0,"tp_i_majo":0,"tp_j_info":0,"tp_k_raho":0,"tp_l_kiin":0,"tp_m_erik":1,"tp_n_hall":0,"tp_o_julk":0,"tp_p_koul":0,"tp_q_terv":0,"tp_r_taid":3,"tp_s_muup":1,"tp_t_koti":0,"tp_u_kans":0,"tp_x_tunt":0,"pt_vakiy":165,"pt_tyoll":75,"pt_tyott":6,"pt_0_14":15,"pt_opisk":11,"pt_elakel":53,"pt_muut":5,"city":"rauma","pno":"27260","unemployment_rate":3.6,"higher_education_rate":28.7,"pensioner_share":32.1,"ownership_rate":93.9,"rental_rate":1.2,"population_density":4,"child_ratio":3.6,"student_share":6.7,"detached_house_share":96.9,"youth_ratio_pct":13.3,"gender_ratio":0.88,"single_parent_hh_pct":2.4,"families_with_children_pct":17.1,"tech_sector_pct":0,"healthcare_workers_pct":0,"employment_rate":45.5,"elderly_ratio_pct":30.9,"avg_household_size":2.01,"manufacturing_jobs_pct":11.1,"public_sector_jobs_pct":0,"service_sector_jobs_pct":27.8,"new_construction_pct":124.5,"foreign_language_pct":1.8,"crime_index":32.8,"property_price_sqm":null,"transit_stop_density":null,"air_quality_index":22.2,"green_space_pct":67.3,"daycare_density":0,"school_density":0,"healthcare_density":0,"restaurant_density":0,"grocery_density":0,"cycling_density":0,"single_person_hh_pct":47.6,"rental_price_sqm":null,"price_to_rent_ratio":null,"walkability_index":76,"traffic_accident_rate":2,"property_price_change_pct":null,"school_quality_score":null,"light_pollution":0,"noise_pollution":40,"voter_turnout_pct":49.6,"party_diversity_index":0.826,"broadband_coverage_pct":89,"ev_charging_density":0,"tree_canopy_pct":39.5,"transit_reachability_score":null,"sports_facility_density":0,"water_proximity_m":0,"avg_construction_year":1980,"income_history":[[2021,20463],[2022,20167],[2023,20234],[2024,21961],[2025,23901],[2026,25620]],"population_history":[[2021,178],[2022,171],[2023,171],[2024,170],[2025,166],[2026,165]],"unemployment_history":[[2021,2.2],[2022,1.8],[2023,2.9],[2024,3.5],[2025,3.6],[2026,3.6]],"income_change_pct":25.2,"population_change_pct":-7.3,"unemployment_change_pct":63.6,"schools":null,"crime_index_history":[[2020,45.5],[2021,31.1],[2022,26.9],[2023,28.2],[2024,29.8],[2025,32.8]],"crime_index_change_pct":-27.9}},{"type":"MultiPolygon","arcs":[[[-126,153,-96,-88,-74]]],"properties":{"id":806,"postinumeroalue":"27310","nimi":"Kodisjoki","namn":"Kodisjoki","euref_x":213505,"euref_y":6777626,"pinta_ala":44493946,"vuosi":2026,"kunta":"684","he_vakiy":476,"he_naiset":220,"he_miehet":256,"he_kika":46,"he_0_2":11,"he_3_6":18,"he_7_12":27,"he_13_15":28,"he_16_17":12,"he_18_19":10,"he_20_24":11,"he_25_29":16,"he_30_34":26,"he_35_39":21,"he_40_44":30,"he_45_49":40,"he_50_54":33,"he_55_59":31,"he_60_64":26,"he_65_69":31,"he_70_74":44,"he_75_79":34,"he_80_84":14,"he_85_":13,"ko_ika18y":380,"ko_perus":85,"ko_koul":295,"ko_yliop":9,"ko_ammat":196,"ko_al_kork":70,"ko_yl_kork":20,"hr_tuy":380,"hr_ktu":28947,"hr_mtu":27831,"hr_pi_tul":67,"hr_ke_tul":245,"hr_hy_tul":68,"hr_ovy":10999949,"te_taly":218,"te_takk":2.2,"te_as_valj":47.2,"te_yks":68,"te_nuor":5,"te_eil_np":6,"te_laps":50,"te_plap":10,"te_aklap":22,"te_klap":20,"te_teini":25,"te_yhlap":8,"te_aik":77,"te_elak":92,"te_omis_as":191,"te_vuok_as":23,"te_muu_as":4,"tr_kuty":218,"tr_ktu":50768,"tr_mtu":46328,"tr_pi_tul":41,"tr_ke_tul":136,"tr_hy_tul":41,"tr_ovy":11067396,"ra_ke":145,"ra_raky":258,"ra_muut":29,"ra_asrak":229,"ra_asunn":255,"ra_as_kpa":100,"ra_pt_as":238,"ra_kt_as":14,"ra_muu_as":3,"tp_tyopy":34,"tp_alku_a":9,"tp_jalo_bf":10,"tp_palv_gu":15,"tp_a_maat":9,"tp_b_kaiv":0,"tp_c_teol":1,"tp_d_ener":0,"tp_e_vesi":0,"tp_f_rake":9,"tp_g_kaup":1,"tp_h_kulj":2,"tp_i_majo":0,"tp_j_info":1,"tp_k_raho":0,"tp_l_kiin":0,"tp_m_erik":1,"tp_n_hall":3,"tp_o_julk":0,"tp_p_koul":5,"tp_q_terv":1,"tp_r_taid":0,"tp_s_muup":1,"tp_t_koti":0,"tp_u_kans":0,"tp_x_tunt":0,"pt_vakiy":476,"pt_tyoll":204,"pt_tyott":19,"pt_0_14":75,"pt_opisk":27,"pt_elakel":143,"pt_muut":8,"city":"rauma","pno":"27310","unemployment_rate":4,"higher_education_rate":23.7,"pensioner_share":30,"ownership_rate":87.6,"rental_rate":10.6,"population_density":11,"child_ratio":6.1,"student_share":5.7,"detached_house_share":93.3,"youth_ratio_pct":7.8,"gender_ratio":0.86,"single_parent_hh_pct":2.8,"families_with_children_pct":22.9,"tech_sector_pct":2.9,"healthcare_workers_pct":2.9,"employment_rate":42.9,"elderly_ratio_pct":28.6,"avg_household_size":2.18,"manufacturing_jobs_pct":29.4,"public_sector_jobs_pct":0,"service_sector_jobs_pct":44.1,"new_construction_pct":101.2,"foreign_language_pct":2.4,"crime_index":45.3,"property_price_sqm":null,"transit_stop_density":null,"air_quality_index":21.5,"green_space_pct":67.1,"daycare_density":0,"school_density":0,"healthcare_density":0,"restaurant_density":0,"grocery_density":0,"cycling_density":0,"single_person_hh_pct":31.2,"rental_price_sqm":null,"price_to_rent_ratio":null,"walkability_index":76,"traffic_accident_rate":2.1,"property_price_change_pct":null,"school_quality_score":null,"light_pollution":0.01,"noise_pollution":40,"voter_turnout_pct":49.6,"party_diversity_index":0.826,"broadband_coverage_pct":89,"ev_charging_density":0,"tree_canopy_pct":44.1,"transit_reachability_score":null,"sports_facility_density":0.2,"water_proximity_m":0,"avg_construction_year":1979,"income_history":[[2021,23066],[2022,23736],[2023,23645],[2024,24850],[2025,25877],[2026,27831]],"population_history":[[2021,512],[2022,505],[2023,501],[2024,499],[2025,485],[2026,476]],"unemployment_history":[[2021,3.3],[2022,3],[2023,2.8],[2024,1.8],[2025,2.7],[2026,4]],"income_change_pct":20.7,"population_change_pct":-7,"unemployment_change_pct":21.2,"schools":null,"crime_index_history":[[2020,62.8],[2021,42.9],[2022,37.1],[2023,39],[2024,41.2],[2025,45.3]],"crime_index_change_pct":-27.9}},{"type":"MultiPolygon","arcs":[[[154,155,156,157,158,159]]],"properties":{"id":809,"postinumeroalue":"27400","nimi":"Kiukainen Keskus","namn":"Kiukainen centrum","euref_x":236448,"euref_y":6795851,"pinta_ala":50974591,"vuosi":2026,"kunta":"050","he_vakiy":1186,"he_naiset":587,"he_miehet":599,"he_kika":50,"he_0_2":20,"he_3_6":26,"he_7_12":81,"he_13_15":43,"he_16_17":28,"he_18_19":15,"he_20_24":31,"he_25_29":47,"he_30_34":57,"he_35_39":50,"he_40_44":78,"he_45_49":60,"he_50_54":72,"he_55_59":102,"he_60_64":110,"he_65_69":95,"he_70_74":81,"he_75_79":85,"he_80_84":43,"he_85_":62,"ko_ika18y":988,"ko_perus":271,"ko_koul":717,"ko_yliop":30,"ko_ammat":453,"ko_al_kork":185,"ko_yl_kork":49,"hr_tuy":988,"hr_ktu":27042,"hr_mtu":24478,"hr_pi_tul":198,"hr_ke_tul":646,"hr_hy_tul":144,"hr_ovy":26717708,"te_taly":565,"te_takk":2,"te_as_valj":51.6,"te_yks":224,"te_nuor":26,"te_eil_np":19,"te_laps":109,"te_plap":17,"te_aklap":38,"te_klap":59,"te_teini":52,"te_yhlap":28,"te_aik":220,"te_elak":242,"te_omis_as":455,"te_vuok_as":95,"te_muu_as":15,"tr_kuty":565,"tr_ktu":45506,"tr_mtu":37719,"tr_pi_tul":149,"tr_ke_tul":326,"tr_hy_tul":90,"tr_ovy":25710801,"ra_ke":10,"ra_raky":662,"ra_muut":95,"ra_asrak":567,"ra_asunn":699,"ra_as_kpa":97.6,"ra_pt_as":648,"ra_kt_as":26,"ra_muu_as":25,"tp_tyopy":348,"tp_alku_a":66,"tp_jalo_bf":119,"tp_palv_gu":163,"tp_a_maat":66,"tp_b_kaiv":0,"tp_c_teol":21,"tp_d_ener":1,"tp_e_vesi":7,"tp_f_rake":90,"tp_g_kaup":14,"tp_h_kulj":8,"tp_i_majo":2,"tp_j_info":0,"tp_k_raho":0,"tp_l_kiin":0,"tp_m_erik":7,"tp_n_hall":3,"tp_o_julk":4,"tp_p_koul":21,"tp_q_terv":96,"tp_r_taid":0,"tp_s_muup":8,"tp_t_koti":0,"tp_u_kans":0,"tp_x_tunt":0,"pt_vakiy":1186,"pt_tyoll":477,"pt_tyott":43,"pt_0_14":154,"pt_opisk":62,"pt_elakel":425,"pt_muut":25,"city":"rauma","pno":"27400","unemployment_rate":3.6,"higher_education_rate":23.7,"pensioner_share":35.8,"ownership_rate":80.5,"rental_rate":16.8,"population_density":23,"child_ratio":3.9,"student_share":5.2,"detached_house_share":92.7,"youth_ratio_pct":7.8,"gender_ratio":0.98,"single_parent_hh_pct":3.4,"families_with_children_pct":19.3,"tech_sector_pct":0,"healthcare_workers_pct":27.6,"employment_rate":40.2,"elderly_ratio_pct":30.9,"avg_household_size":2.1,"manufacturing_jobs_pct":34.2,"public_sector_jobs_pct":1.1,"service_sector_jobs_pct":46.8,"new_construction_pct":94.7,"foreign_language_pct":3.4,"crime_index":73,"property_price_sqm":null,"transit_stop_density":null,"air_quality_index":21.9,"green_space_pct":41.3,"daycare_density":0,"school_density":0,"healthcare_density":0.1,"restaurant_density":0,"grocery_density":0,"cycling_density":0.3,"single_person_hh_pct":39.6,"rental_price_sqm":null,"price_to_rent_ratio":null,"walkability_index":80,"traffic_accident_rate":3.9,"property_price_change_pct":null,"school_quality_score":null,"light_pollution":0.29,"noise_pollution":40,"voter_turnout_pct":57.9,"party_diversity_index":0.816,"broadband_coverage_pct":61,"ev_charging_density":0,"tree_canopy_pct":26.1,"transit_reachability_score":null,"sports_facility_density":0.1,"water_proximity_m":0,"avg_construction_year":1972,"income_history":[[2021,20117],[2022,20702],[2023,21407],[2024,22244],[2025,24117],[2026,24478]],"population_history":[[2021,1255],[2022,1251],[2023,1236],[2024,1224],[2025,1186],[2026,1186]],"unemployment_history":[[2021,4],[2022,3.8],[2023,4.7],[2024,4.1],[2025,3.8],[2026,3.6]],"income_change_pct":21.7,"population_change_pct":-5.5,"unemployment_change_pct":-10,"schools":null,"crime_index_history":[[2020,108.6],[2021,69.9],[2022,60.5],[2023,76.6],[2024,73.2],[2025,73]],"crime_index_change_pct":-32.8}},{"type":"MultiPolygon","arcs":[[[-105,160,-158,161]]],"properties":{"id":810,"postinumeroalue":"27420","nimi":"Panelia Asemanseutu","namn":"Panelia stationsamhälle","euref_x":229761,"euref_y":6795743,"pinta_ala":13108285,"vuosi":2026,"kunta":"050","he_vakiy":232,"he_naiset":116,"he_miehet":116,"he_kika":48,"he_0_2":5,"he_3_6":10,"he_7_12":15,"he_13_15":7,"he_16_17":5,"he_18_19":7,"he_20_24":3,"he_25_29":8,"he_30_34":11,"he_35_39":16,"he_40_44":11,"he_45_49":9,"he_50_54":24,"he_55_59":17,"he_60_64":15,"he_65_69":17,"he_70_74":20,"he_75_79":12,"he_80_84":11,"he_85_":9,"ko_ika18y":190,"ko_perus":51,"ko_koul":139,"ko_yliop":5,"ko_ammat":89,"ko_al_kork":30,"ko_yl_kork":15,"hr_tuy":190,"hr_ktu":28396,"hr_mtu":25971,"hr_pi_tul":33,"hr_ke_tul":122,"hr_hy_tul":35,"hr_ovy":5395167,"te_taly":109,"te_takk":2.1,"te_as_valj":54.9,"te_yks":39,"te_nuor":4,"te_eil_np":4,"te_laps":23,"te_plap":5,"te_aklap":10,"te_klap":11,"te_teini":10,"te_yhlap":2,"te_aik":38,"te_elak":49,"te_omis_as":104,"te_vuok_as":4,"te_muu_as":1,"tr_kuty":109,"tr_ktu":49890,"tr_mtu":43160,"tr_pi_tul":22,"tr_ke_tul":66,"tr_hy_tul":21,"tr_ovy":5438031,"ra_ke":2,"ra_raky":162,"ra_muut":25,"ra_asrak":137,"ra_asunn":134,"ra_as_kpa":112,"ra_pt_as":132,"ra_kt_as":0,"ra_muu_as":2,"tp_tyopy":54,"tp_alku_a":22,"tp_jalo_bf":16,"tp_palv_gu":16,"tp_a_maat":22,"tp_b_kaiv":0,"tp_c_teol":9,"tp_d_ener":0,"tp_e_vesi":0,"tp_f_rake":7,"tp_g_kaup":0,"tp_h_kulj":15,"tp_i_majo":0,"tp_j_info":0,"tp_k_raho":0,"tp_l_kiin":0,"tp_m_erik":0,"tp_n_hall":0,"tp_o_julk":0,"tp_p_koul":0,"tp_q_terv":0,"tp_r_taid":0,"tp_s_muup":1,"tp_t_koti":0,"tp_u_kans":0,"tp_x_tunt":0,"pt_vakiy":232,"pt_tyoll":104,"pt_tyott":7,"pt_0_14":36,"pt_opisk":11,"pt_elakel":70,"pt_muut":4,"city":"rauma","pno":"27420","unemployment_rate":3,"higher_education_rate":23.7,"pensioner_share":30.2,"ownership_rate":95.4,"rental_rate":3.7,"population_density":18,"child_ratio":6.5,"student_share":4.7,"detached_house_share":98.5,"youth_ratio_pct":7.8,"gender_ratio":1,"single_parent_hh_pct":3.7,"families_with_children_pct":21.1,"tech_sector_pct":0,"healthcare_workers_pct":0,"employment_rate":44.8,"elderly_ratio_pct":29.7,"avg_household_size":2.13,"manufacturing_jobs_pct":29.6,"public_sector_jobs_pct":0,"service_sector_jobs_pct":29.6,"new_construction_pct":120.9,"foreign_language_pct":4.9,"crime_index":63.3,"property_price_sqm":null,"transit_stop_density":null,"air_quality_index":21.7,"green_space_pct":38.6,"daycare_density":0,"school_density":0,"healthcare_density":0,"restaurant_density":0,"grocery_density":0,"cycling_density":0,"single_person_hh_pct":35.8,"rental_price_sqm":null,"price_to_rent_ratio":null,"walkability_index":76,"traffic_accident_rate":null,"property_price_change_pct":null,"school_quality_score":null,"light_pollution":0.04,"noise_pollution":40,"voter_turnout_pct":57.9,"party_diversity_index":0.816,"broadband_coverage_pct":61,"ev_charging_density":0,"tree_canopy_pct":23.9,"transit_reachability_score":null,"sports_facility_density":0,"water_proximity_m":0,"avg_construction_year":1974,"income_history":[[2021,22768],[2022,23268],[2023,23189],[2024,24572],[2025,24954],[2026,25971]],"population_history":[[2021,247],[2022,247],[2023,243],[2024,245],[2025,239],[2026,232]],"unemployment_history":[[2021,2.8],[2022,2.8],[2023,2.1],[2024,3.7],[2025,3.8],[2026,3]],"income_change_pct":14.1,"population_change_pct":-6.1,"unemployment_change_pct":7.1,"schools":null,"crime_index_history":[[2020,94.2],[2021,60.6],[2022,52.5],[2023,66.4],[2024,63.5],[2025,63.3]],"crime_index_change_pct":-32.8}},{"type":"MultiPolygon","arcs":[[[-159,-161,-104,-136,162]]],"properties":{"id":811,"postinumeroalue":"27430","nimi":"Panelia","namn":"Panelia","euref_x":228987,"euref_y":6801695,"pinta_ala":75795036,"vuosi":2026,"kunta":"050","he_vakiy":1133,"he_naiset":555,"he_miehet":578,"he_kika":48,"he_0_2":31,"he_3_6":28,"he_7_12":69,"he_13_15":48,"he_16_17":17,"he_18_19":25,"he_20_24":33,"he_25_29":41,"he_30_34":66,"he_35_39":61,"he_40_44":55,"he_45_49":77,"he_50_54":65,"he_55_59":90,"he_60_64":83,"he_65_69":69,"he_70_74":101,"he_75_79":97,"he_80_84":41,"he_85_":36,"ko_ika18y":940,"ko_perus":267,"ko_koul":673,"ko_yliop":34,"ko_ammat":442,"ko_al_kork":164,"ko_yl_kork":33,"hr_tuy":940,"hr_ktu":27050,"hr_mtu":24421,"hr_pi_tul":189,"hr_ke_tul":616,"hr_hy_tul":135,"hr_ovy":25426611,"te_taly":577,"te_takk":2,"te_as_valj":51.1,"te_yks":249,"te_nuor":45,"te_eil_np":7,"te_laps":104,"te_plap":25,"te_aklap":42,"te_klap":52,"te_teini":46,"te_yhlap":21,"te_aik":227,"te_elak":250,"te_omis_as":464,"te_vuok_as":105,"te_muu_as":8,"tr_kuty":577,"tr_ktu":44420,"tr_mtu":37592,"tr_pi_tul":149,"tr_ke_tul":351,"tr_hy_tul":77,"tr_ovy":25630597,"ra_ke":25,"ra_raky":634,"ra_muut":81,"ra_asrak":553,"ra_asunn":693,"ra_as_kpa":96.7,"ra_pt_as":631,"ra_kt_as":39,"ra_muu_as":23,"tp_tyopy":387,"tp_alku_a":43,"tp_jalo_bf":235,"tp_palv_gu":109,"tp_a_maat":43,"tp_b_kaiv":0,"tp_c_teol":199,"tp_d_ener":23,"tp_e_vesi":0,"tp_f_rake":13,"tp_g_kaup":48,"tp_h_kulj":15,"tp_i_majo":2,"tp_j_info":0,"tp_k_raho":0,"tp_l_kiin":5,"tp_m_erik":3,"tp_n_hall":8,"tp_o_julk":0,"tp_p_koul":13,"tp_q_terv":9,"tp_r_taid":0,"tp_s_muup":6,"tp_t_koti":0,"tp_u_kans":0,"tp_x_tunt":0,"pt_vakiy":1133,"pt_tyoll":479,"pt_tyott":52,"pt_0_14":160,"pt_opisk":54,"pt_elakel":369,"pt_muut":19,"city":"rauma","pno":"27430","unemployment_rate":4.6,"higher_education_rate":21,"pensioner_share":32.6,"ownership_rate":80.4,"rental_rate":18.2,"population_density":15,"child_ratio":5.2,"student_share":4.8,"detached_house_share":91.1,"youth_ratio_pct":8.7,"gender_ratio":0.96,"single_parent_hh_pct":1.2,"families_with_children_pct":18,"tech_sector_pct":0,"healthcare_workers_pct":2.3,"employment_rate":42.3,"elderly_ratio_pct":30.4,"avg_household_size":1.96,"manufacturing_jobs_pct":60.7,"public_sector_jobs_pct":0,"service_sector_jobs_pct":28.2,"new_construction_pct":91.5,"foreign_language_pct":3.2,"crime_index":71.2,"property_price_sqm":null,"transit_stop_density":null,"air_quality_index":21.7,"green_space_pct":57.7,"daycare_density":0,"school_density":0,"healthcare_density":0,"restaurant_density":0,"grocery_density":0,"cycling_density":0.3,"single_person_hh_pct":43.2,"rental_price_sqm":null,"price_to_rent_ratio":null,"walkability_index":79,"traffic_accident_rate":1.5,"property_price_change_pct":null,"school_quality_score":null,"light_pollution":0.09,"noise_pollution":40,"voter_turnout_pct":57.9,"party_diversity_index":0.816,"broadband_coverage_pct":61,"ev_charging_density":0,"tree_canopy_pct":32.3,"transit_reachability_score":null,"sports_facility_density":0.1,"water_proximity_m":0,"avg_construction_year":1972,"income_history":[[2021,21058],[2022,21319],[2023,21799],[2024,22700],[2025,23728],[2026,24421]],"population_history":[[2021,1147],[2022,1135],[2023,1120],[2024,1113],[2025,1135],[2026,1133]],"unemployment_history":[[2021,3.1],[2022,3.2],[2023,2.2],[2024,3.3],[2025,4.4],[2026,4.6]],"income_change_pct":16,"population_change_pct":-1.2,"unemployment_change_pct":48.4,"schools":null,"crime_index_history":[[2020,105.9],[2021,68.2],[2022,59],[2023,74.7],[2024,71.4],[2025,71.2]],"crime_index_change_pct":-32.8}},{"type":"MultiPolygon","arcs":[[[163,-155,164]]],"properties":{"id":812,"postinumeroalue":"27450","nimi":"Harola","namn":"Harola","euref_x":238810,"euref_y":6799120,"pinta_ala":21485909,"vuosi":2026,"kunta":"050","he_vakiy":184,"he_naiset":88,"he_miehet":96,"he_kika":49,"he_0_2":4,"he_3_6":6,"he_7_12":11,"he_13_15":8,"he_16_17":5,"he_18_19":4,"he_20_24":2,"he_25_29":1,"he_30_34":9,"he_35_39":10,"he_40_44":20,"he_45_49":8,"he_50_54":13,"he_55_59":12,"he_60_64":12,"he_65_69":17,"he_70_74":11,"he_75_79":18,"he_80_84":8,"he_85_":5,"ko_ika18y":150,"ko_perus":39,"ko_koul":111,"ko_yliop":3,"ko_ammat":62,"ko_al_kork":36,"ko_yl_kork":10,"hr_tuy":150,"hr_ktu":28462,"hr_mtu":25733,"hr_pi_tul":29,"hr_ke_tul":93,"hr_hy_tul":28,"hr_ovy":4269302,"te_taly":93,"te_takk":2,"te_as_valj":57.9,"te_yks":34,"te_nuor":4,"te_eil_np":1,"te_laps":20,"te_plap":4,"te_aklap":7,"te_klap":9,"te_teini":11,"te_yhlap":5,"te_aik":31,"te_elak":42,"te_omis_as":85,"te_vuok_as":7,"te_muu_as":1,"tr_kuty":93,"tr_ktu":46264,"tr_mtu":42658,"tr_pi_tul":19,"tr_ke_tul":59,"tr_hy_tul":15,"tr_ovy":4302571,"ra_ke":10,"ra_raky":123,"ra_muut":10,"ra_asrak":113,"ra_asunn":115,"ra_as_kpa":107.3,"ra_pt_as":115,"ra_kt_as":0,"ra_muu_as":0,"tp_tyopy":8,"tp_alku_a":-1,"tp_jalo_bf":-1,"tp_palv_gu":-1,"tp_a_maat":-1,"tp_b_kaiv":-1,"tp_c_teol":-1,"tp_d_ener":-1,"tp_e_vesi":-1,"tp_f_rake":-1,"tp_g_kaup":-1,"tp_h_kulj":-1,"tp_i_majo":-1,"tp_j_info":-1,"tp_k_raho":-1,"tp_l_kiin":-1,"tp_m_erik":-1,"tp_n_hall":-1,"tp_o_julk":-1,"tp_p_koul":-1,"tp_q_terv":-1,"tp_r_taid":-1,"tp_s_muup":-1,"tp_t_koti":-1,"tp_u_kans":-1,"tp_x_tunt":-1,"pt_vakiy":184,"pt_tyoll":76,"pt_tyott":4,"pt_0_14":26,"pt_opisk":16,"pt_elakel":60,"pt_muut":2,"city":"rauma","pno":"27450","unemployment_rate":2.2,"higher_education_rate":30.7,"pensioner_share":32.6,"ownership_rate":91.4,"rental_rate":7.5,"population_density":9,"child_ratio":5.4,"student_share":8.7,"detached_house_share":100,"youth_ratio_pct":3.8,"gender_ratio":0.92,"single_parent_hh_pct":1.1,"families_with_children_pct":21.5,"tech_sector_pct":null,"healthcare_workers_pct":null,"employment_rate":41.3,"elderly_ratio_pct":32.1,"avg_household_size":1.98,"manufacturing_jobs_pct":null,"public_sector_jobs_pct":null,"service_sector_jobs_pct":null,"new_construction_pct":107,"foreign_language_pct":2.4,"crime_index":53.4,"property_price_sqm":null,"transit_stop_density":null,"air_quality_index":22.2,"green_space_pct":60.5,"daycare_density":0,"school_density":0,"healthcare_density":0,"restaurant_density":0,"grocery_density":0,"cycling_density":0,"single_person_hh_pct":36.6,"rental_price_sqm":null,"price_to_rent_ratio":null,"walkability_index":76,"traffic_accident_rate":3.6,"property_price_change_pct":null,"school_quality_score":null,"light_pollution":0.05,"noise_pollution":40,"voter_turnout_pct":57.9,"party_diversity_index":0.816,"broadband_coverage_pct":61,"ev_charging_density":0,"tree_canopy_pct":38.1,"transit_reachability_score":null,"sports_facility_density":0.1,"water_proximity_m":0,"avg_construction_year":1973,"income_history":[[2021,21535],[2022,21881],[2023,22997],[2024,23374],[2025,25161],[2026,25733]],"population_history":[[2021,216],[2022,210],[2023,219],[2024,203],[2025,204],[2026,184]],"unemployment_history":[[2021,1.9],[2022,1.4],[2023,3.2],[2024,2.5],[2025,2],[2026,2.2]],"income_change_pct":19.5,"population_change_pct":-14.8,"unemployment_change_pct":15.8,"schools":null,"crime_index_history":[[2020,79.4],[2021,51.1],[2022,44.3],[2023,56],[2024,53.6],[2025,53.4]],"crime_index_change_pct":-32.7}},{"type":"MultiPolygon","arcs":[[[165,166,167,168]]],"properties":{"id":816,"postinumeroalue":"27640","nimi":"Honkilahti kk","namn":"Honkilahti kb","euref_x":234653,"euref_y":6769763,"pinta_ala":42061864,"vuosi":2026,"kunta":"050","he_vakiy":283,"he_naiset":136,"he_miehet":147,"he_kika":45,"he_0_2":8,"he_3_6":14,"he_7_12":32,"he_13_15":7,"he_16_17":8,"he_18_19":5,"he_20_24":2,"he_25_29":8,"he_30_34":14,"he_35_39":22,"he_40_44":23,"he_45_49":9,"he_50_54":11,"he_55_59":18,"he_60_64":22,"he_65_69":23,"he_70_74":18,"he_75_79":14,"he_80_84":12,"he_85_":13,"ko_ika18y":214,"ko_perus":78,"ko_koul":136,"ko_yliop":2,"ko_ammat":95,"ko_al_kork":31,"ko_yl_kork":8,"hr_tuy":214,"hr_ktu":30173,"hr_mtu":25824,"hr_pi_tul":46,"hr_ke_tul":129,"hr_hy_tul":39,"hr_ovy":6457075,"te_taly":124,"te_takk":2.3,"te_as_valj":46.5,"te_yks":42,"te_nuor":3,"te_eil_np":3,"te_laps":29,"te_plap":7,"te_aklap":14,"te_klap":16,"te_teini":12,"te_yhlap":1,"te_aik":38,"te_elak":57,"te_omis_as":118,"te_vuok_as":4,"te_muu_as":2,"tr_kuty":124,"tr_ktu":52501,"tr_mtu":45143,"tr_pi_tul":33,"tr_ke_tul":75,"tr_hy_tul":16,"tr_ovy":6510081,"ra_ke":76,"ra_raky":197,"ra_muut":25,"ra_asrak":172,"ra_asunn":167,"ra_as_kpa":98.7,"ra_pt_as":163,"ra_kt_as":0,"ra_muu_as":4,"tp_tyopy":28,"tp_alku_a":20,"tp_jalo_bf":4,"tp_palv_gu":4,"tp_a_maat":20,"tp_b_kaiv":0,"tp_c_teol":4,"tp_d_ener":0,"tp_e_vesi":0,"tp_f_rake":0,"tp_g_kaup":2,"tp_h_kulj":0,"tp_i_majo":0,"tp_j_info":0,"tp_k_raho":0,"tp_l_kiin":0,"tp_m_erik":1,"tp_n_hall":0,"tp_o_julk":0,"tp_p_koul":0,"tp_q_terv":0,"tp_r_taid":0,"tp_s_muup":1,"tp_t_koti":0,"tp_u_kans":0,"tp_x_tunt":0,"pt_vakiy":283,"pt_tyoll":116,"pt_tyott":7,"pt_0_14":58,"pt_opisk":15,"pt_elakel":81,"pt_muut":6,"city":"rauma","pno":"27640","unemployment_rate":2.5,"higher_education_rate":18.2,"pensioner_share":28.6,"ownership_rate":95.2,"rental_rate":3.2,"population_density":7,"child_ratio":7.8,"student_share":5.3,"detached_house_share":97.6,"youth_ratio_pct":5.3,"gender_ratio":0.93,"single_parent_hh_pct":2.4,"families_with_children_pct":23.4,"tech_sector_pct":0,"healthcare_workers_pct":0,"employment_rate":41,"elderly_ratio_pct":28.3,"avg_household_size":2.28,"manufacturing_jobs_pct":14.3,"public_sector_jobs_pct":0,"service_sector_jobs_pct":14.3,"new_construction_pct":118,"foreign_language_pct":0.3,"crime_index":49.6,"property_price_sqm":null,"transit_stop_density":null,"air_quality_index":21.7,"green_space_pct":73.9,"daycare_density":0,"school_density":0,"healthcare_density":0,"restaurant_density":0,"grocery_density":0,"cycling_density":0,"single_person_hh_pct":33.9,"rental_price_sqm":null,"price_to_rent_ratio":null,"walkability_index":76,"traffic_accident_rate":1.2,"property_price_change_pct":null,"school_quality_score":null,"light_pollution":0.01,"noise_pollution":40,"voter_turnout_pct":57.9,"party_diversity_index":0.816,"broadband_coverage_pct":61,"ev_charging_density":0,"tree_canopy_pct":40.1,"transit_reachability_score":null,"sports_facility_density":0,"water_proximity_m":0,"avg_construction_year":1974,"income_history":[[2021,19122],[2022,20885],[2023,21819],[2024,23811],[2025,25487],[2026,25824]],"population_history":[[2021,295],[2022,287],[2023,292],[2024,285],[2025,284],[2026,283]],"unemployment_history":[[2021,2.4],[2022,3.1],[2023,3.1],[2024,2.8],[2025,2.8],[2026,2.5]],"income_change_pct":35,"population_change_pct":-4.1,"unemployment_change_pct":4.2,"schools":null,"crime_index_history":[[2020,73.8],[2021,47.5],[2022,41.1],[2023,52],[2024,49.7],[2025,49.6]],"crime_index_change_pct":-32.8}},{"type":"MultiPolygon","arcs":[[[169,170,171,-167,172,-153,173]]],"properties":{"id":813,"postinumeroalue":"27500","nimi":"Kauttua","namn":"Kauttua","euref_x":238432,"euref_y":6781595,"pinta_ala":76171455,"vuosi":2026,"kunta":"050","he_vakiy":3009,"he_naiset":1506,"he_miehet":1503,"he_kika":45,"he_0_2":66,"he_3_6":88,"he_7_12":232,"he_13_15":123,"he_16_17":68,"he_18_19":68,"he_20_24":115,"he_25_29":133,"he_30_34":151,"he_35_39":189,"he_40_44":202,"he_45_49":194,"he_50_54":181,"he_55_59":223,"he_60_64":220,"he_65_69":185,"he_70_74":192,"he_75_79":182,"he_80_84":101,"he_85_":96,"ko_ika18y":2432,"ko_perus":584,"ko_koul":1848,"ko_yliop":87,"ko_ammat":1117,"ko_al_kork":498,"ko_yl_kork":146,"hr_tuy":2432,"hr_ktu":30461,"hr_mtu":27682,"hr_pi_tul":352,"hr_ke_tul":1644,"hr_hy_tul":436,"hr_ovy":74081935,"te_taly":1529,"te_takk":2,"te_as_valj":48.7,"te_yks":678,"te_nuor":128,"te_eil_np":44,"te_laps":313,"te_plap":57,"te_aklap":109,"te_klap":165,"te_teini":148,"te_yhlap":63,"te_aik":674,"te_elak":555,"te_omis_as":1161,"te_vuok_as":351,"te_muu_as":17,"tr_kuty":1529,"tr_ktu":48746,"tr_mtu":41596,"tr_pi_tul":290,"tr_ke_tul":1003,"tr_hy_tul":236,"tr_ovy":74532195,"ra_ke":312,"ra_raky":1355,"ra_muut":171,"ra_asrak":1184,"ra_asunn":1728,"ra_as_kpa":93.3,"ra_pt_as":1390,"ra_kt_as":298,"ra_muu_as":40,"tp_tyopy":693,"tp_alku_a":8,"tp_jalo_bf":474,"tp_palv_gu":211,"tp_a_maat":8,"tp_b_kaiv":0,"tp_c_teol":387,"tp_d_ener":21,"tp_e_vesi":0,"tp_f_rake":66,"tp_g_kaup":40,"tp_h_kulj":31,"tp_i_majo":10,"tp_j_info":1,"tp_k_raho":0,"tp_l_kiin":1,"tp_m_erik":23,"tp_n_hall":14,"tp_o_julk":1,"tp_p_koul":27,"tp_q_terv":45,"tp_r_taid":1,"tp_s_muup":17,"tp_t_koti":0,"tp_u_kans":0,"tp_x_tunt":0,"pt_vakiy":3009,"pt_tyoll":1365,"pt_tyott":108,"pt_0_14":466,"pt_opisk":172,"pt_elakel":835,"pt_muut":63,"city":"rauma","pno":"27500","unemployment_rate":3.6,"higher_education_rate":26.5,"pensioner_share":27.8,"ownership_rate":75.9,"rental_rate":23,"population_density":40,"child_ratio":5.1,"student_share":5.7,"detached_house_share":80.4,"youth_ratio_pct":10.5,"gender_ratio":1,"single_parent_hh_pct":2.9,"families_with_children_pct":20.5,"tech_sector_pct":0.1,"healthcare_workers_pct":6.5,"employment_rate":45.4,"elderly_ratio_pct":25.1,"avg_household_size":1.97,"manufacturing_jobs_pct":68.4,"public_sector_jobs_pct":0.1,"service_sector_jobs_pct":30.4,"new_construction_pct":78.4,"foreign_language_pct":3.4,"crime_index":82.1,"property_price_sqm":994,"transit_stop_density":null,"air_quality_index":22.3,"green_space_pct":70.4,"daycare_density":0,"school_density":0,"healthcare_density":0,"restaurant_density":0.1,"grocery_density":0,"cycling_density":0.8,"single_person_hh_pct":44.3,"rental_price_sqm":null,"price_to_rent_ratio":null,"walkability_index":82,"traffic_accident_rate":1.6,"property_price_change_pct":-17.2,"school_quality_score":null,"light_pollution":0.48,"noise_pollution":40,"voter_turnout_pct":57.9,"party_diversity_index":0.816,"broadband_coverage_pct":61,"ev_charging_density":0,"tree_canopy_pct":42.8,"transit_reachability_score":null,"sports_facility_density":0.5,"water_proximity_m":0,"avg_construction_year":1972,"income_history":[[2021,23933],[2022,24302],[2023,24912],[2024,25332],[2025,26569],[2026,27682]],"population_history":[[2021,3108],[2022,3090],[2023,3045],[2024,3017],[2025,2999],[2026,3009]],"unemployment_history":[[2021,3.5],[2022,3.7],[2023,4],[2024,4.4],[2025,3.4],[2026,3.6]],"income_change_pct":15.7,"population_change_pct":-3.2,"unemployment_change_pct":2.9,"schools":null,"property_price_history":[[2020,1201],[2021,1548],[2022,1203],[2023,1095],[2024,994]],"crime_index_history":[[2020,122.1],[2021,78.6],[2022,68.1],[2023,86.1],[2024,82.3],[2025,82.1]],"crime_index_change_pct":-32.8}},{"type":"MultiPolygon","arcs":[[[174,175,176,-174,-152,-146,-106,-162,-157]]],"properties":{"id":814,"postinumeroalue":"27510","nimi":"Eura Keskus","namn":"Eura centrum","euref_x":234408,"euref_y":6788306,"pinta_ala":158390823,"vuosi":2026,"kunta":"050","he_vakiy":3923,"he_naiset":1990,"he_miehet":1933,"he_kika":49,"he_0_2":89,"he_3_6":109,"he_7_12":218,"he_13_15":132,"he_16_17":90,"he_18_19":79,"he_20_24":151,"he_25_29":146,"he_30_34":189,"he_35_39":197,"he_40_44":252,"he_45_49":221,"he_50_54":231,"he_55_59":256,"he_60_64":277,"he_65_69":272,"he_70_74":327,"he_75_79":310,"he_80_84":170,"he_85_":207,"ko_ika18y":3285,"ko_perus":909,"ko_koul":2376,"ko_yliop":105,"ko_ammat":1438,"ko_al_kork":650,"ko_yl_kork":183,"hr_tuy":3285,"hr_ktu":29015,"hr_mtu":26186,"hr_pi_tul":534,"hr_ke_tul":2222,"hr_hy_tul":529,"hr_ovy":95314126,"te_taly":1997,"te_takk":1.9,"te_as_valj":49.8,"te_yks":869,"te_nuor":135,"te_eil_np":48,"te_laps":353,"te_plap":80,"te_aklap":141,"te_klap":165,"te_teini":163,"te_yhlap":80,"te_aik":772,"te_elak":877,"te_omis_as":1548,"te_vuok_as":416,"te_muu_as":33,"tr_kuty":1997,"tr_ktu":46960,"tr_mtu":39914,"tr_pi_tul":440,"tr_ke_tul":1250,"tr_hy_tul":307,"tr_ovy":93778785,"ra_ke":244,"ra_raky":1894,"ra_muut":326,"ra_asrak":1568,"ra_asunn":2332,"ra_as_kpa":92.2,"ra_pt_as":1864,"ra_kt_as":421,"ra_muu_as":47,"tp_tyopy":2041,"tp_alku_a":54,"tp_jalo_bf":591,"tp_palv_gu":1396,"tp_a_maat":54,"tp_b_kaiv":2,"tp_c_teol":478,"tp_d_ener":0,"tp_e_vesi":26,"tp_f_rake":85,"tp_g_kaup":230,"tp_h_kulj":115,"tp_i_majo":57,"tp_j_info":9,"tp_k_raho":32,"tp_l_kiin":27,"tp_m_erik":44,"tp_n_hall":115,"tp_o_julk":56,"tp_p_koul":113,"tp_q_terv":494,"tp_r_taid":22,"tp_s_muup":82,"tp_t_koti":0,"tp_u_kans":0,"tp_x_tunt":0,"pt_vakiy":3923,"pt_tyoll":1634,"pt_tyott":114,"pt_0_14":499,"pt_opisk":199,"pt_elakel":1384,"pt_muut":93,"city":"rauma","pno":"27510","unemployment_rate":2.9,"higher_education_rate":25.4,"pensioner_share":35.3,"ownership_rate":77.5,"rental_rate":20.8,"population_density":25,"child_ratio":5,"student_share":5.1,"detached_house_share":79.9,"youth_ratio_pct":9.6,"gender_ratio":1.03,"single_parent_hh_pct":2.4,"families_with_children_pct":17.7,"tech_sector_pct":0.4,"healthcare_workers_pct":24.2,"employment_rate":41.7,"elderly_ratio_pct":32.8,"avg_household_size":1.96,"manufacturing_jobs_pct":29,"public_sector_jobs_pct":2.7,"service_sector_jobs_pct":68.4,"new_construction_pct":81.2,"foreign_language_pct":3.8,"crime_index":73.2,"property_price_sqm":760,"transit_stop_density":null,"air_quality_index":22.1,"green_space_pct":67.7,"daycare_density":0,"school_density":0,"healthcare_density":0.1,"restaurant_density":0.1,"grocery_density":0,"cycling_density":0.7,"single_person_hh_pct":43.5,"rental_price_sqm":null,"price_to_rent_ratio":null,"walkability_index":82,"traffic_accident_rate":3.1,"property_price_change_pct":-30.8,"school_quality_score":62.5,"light_pollution":0.47,"noise_pollution":40,"voter_turnout_pct":57.9,"party_diversity_index":0.816,"broadband_coverage_pct":61,"ev_charging_density":0,"tree_canopy_pct":42.1,"transit_reachability_score":null,"sports_facility_density":0.1,"water_proximity_m":0,"avg_construction_year":1972,"income_history":[[2021,22359],[2022,22308],[2023,22568],[2024,23410],[2025,25046],[2026,26186]],"population_history":[[2021,4130],[2022,4078],[2023,4068],[2024,4041],[2025,4017],[2026,3923]],"unemployment_history":[[2021,2.6],[2022,3.1],[2023,2.5],[2024,2.8],[2025,2.7],[2026,2.9]],"income_change_pct":17.1,"population_change_pct":-5,"unemployment_change_pct":11.5,"schools":[{"name":"Euran lukio","score":62.5}],"property_price_history":[[2020,1099],[2021,1176],[2022,992],[2023,1228],[2024,1101],[2025,760]],"crime_index_history":[[2020,108.9],[2021,70.1],[2022,60.7],[2023,76.8],[2024,73.4],[2025,73.2]],"crime_index_change_pct":-32.8}},{"type":"MultiPolygon","arcs":[[[-166,177,178,-151,-173]]],"properties":{"id":815,"postinumeroalue":"27600","nimi":"Hinnerjoki","namn":"Hinnerjoki","euref_x":228658,"euref_y":6768732,"pinta_ala":116648056,"vuosi":2026,"kunta":"050","he_vakiy":653,"he_naiset":317,"he_miehet":336,"he_kika":48,"he_0_2":18,"he_3_6":21,"he_7_12":34,"he_13_15":29,"he_16_17":14,"he_18_19":20,"he_20_24":13,"he_25_29":27,"he_30_34":26,"he_35_39":39,"he_40_44":41,"he_45_49":36,"he_50_54":30,"he_55_59":49,"he_60_64":49,"he_65_69":56,"he_70_74":39,"he_75_79":49,"he_80_84":35,"he_85_":28,"ko_ika18y":537,"ko_perus":144,"ko_koul":393,"ko_yliop":17,"ko_ammat":255,"ko_al_kork":94,"ko_yl_kork":27,"hr_tuy":537,"hr_ktu":28166,"hr_mtu":25844,"hr_pi_tul":136,"hr_ke_tul":304,"hr_hy_tul":97,"hr_ovy":15125266,"te_taly":331,"te_takk":2,"te_as_valj":51.9,"te_yks":148,"te_nuor":17,"te_eil_np":7,"te_laps":58,"te_plap":17,"te_aklap":28,"te_klap":26,"te_teini":30,"te_yhlap":11,"te_aik":122,"te_elak":153,"te_omis_as":289,"te_vuok_as":36,"te_muu_as":6,"tr_kuty":331,"tr_ktu":45922,"tr_mtu":37924,"tr_pi_tul":95,"tr_ke_tul":180,"tr_hy_tul":56,"tr_ovy":15200314,"ra_ke":123,"ra_raky":462,"ra_muut":72,"ra_asrak":390,"ra_asunn":414,"ra_as_kpa":95.4,"ra_pt_as":397,"ra_kt_as":3,"ra_muu_as":14,"tp_tyopy":145,"tp_alku_a":28,"tp_jalo_bf":58,"tp_palv_gu":59,"tp_a_maat":28,"tp_b_kaiv":0,"tp_c_teol":49,"tp_d_ener":0,"tp_e_vesi":0,"tp_f_rake":9,"tp_g_kaup":21,"tp_h_kulj":25,"tp_i_majo":0,"tp_j_info":0,"tp_k_raho":1,"tp_l_kiin":0,"tp_m_erik":0,"tp_n_hall":0,"tp_o_julk":0,"tp_p_koul":5,"tp_q_terv":4,"tp_r_taid":0,"tp_s_muup":3,"tp_t_koti":0,"tp_u_kans":0,"tp_x_tunt":0,"pt_vakiy":653,"pt_tyoll":268,"pt_tyott":26,"pt_0_14":91,"pt_opisk":36,"pt_elakel":213,"pt_muut":19,"city":"rauma","pno":"27600","unemployment_rate":4,"higher_education_rate":22.5,"pensioner_share":32.6,"ownership_rate":87.3,"rental_rate":10.9,"population_density":6,"child_ratio":6,"student_share":5.5,"detached_house_share":95.9,"youth_ratio_pct":9.2,"gender_ratio":0.94,"single_parent_hh_pct":2.1,"families_with_children_pct":17.5,"tech_sector_pct":0,"healthcare_workers_pct":2.8,"employment_rate":41,"elderly_ratio_pct":31.7,"avg_household_size":1.97,"manufacturing_jobs_pct":40,"public_sector_jobs_pct":0,"service_sector_jobs_pct":40.7,"new_construction_pct":111.6,"foreign_language_pct":3,"crime_index":55.2,"property_price_sqm":null,"transit_stop_density":null,"air_quality_index":21.6,"green_space_pct":78.5,"daycare_density":0,"school_density":0,"healthcare_density":0,"restaurant_density":0,"grocery_density":0,"cycling_density":0.1,"single_person_hh_pct":44.7,"rental_price_sqm":null,"price_to_rent_ratio":null,"walkability_index":78,"traffic_accident_rate":3.1,"property_price_change_pct":null,"school_quality_score":null,"light_pollution":0.11,"noise_pollution":40,"voter_turnout_pct":57.9,"party_diversity_index":0.816,"broadband_coverage_pct":61,"ev_charging_density":0,"tree_canopy_pct":41.3,"transit_reachability_score":null,"sports_facility_density":0.1,"water_proximity_m":0,"avg_construction_year":1973,"income_history":[[2021,21874],[2022,21960],[2023,22067],[2024,23691],[2025,24698],[2026,25844]],"population_history":[[2021,716],[2022,699],[2023,692],[2024,666],[2025,649],[2026,653]],"unemployment_history":[[2021,2.4],[2022,3.4],[2023,2.9],[2024,2.9],[2025,2.8],[2026,4]],"income_change_pct":18.1,"population_change_pct":-8.8,"unemployment_change_pct":66.7,"schools":null,"crime_index_history":[[2020,82.1],[2021,52.9],[2022,45.8],[2023,57.9],[2024,55.4],[2025,55.2]],"crime_index_change_pct":-32.8}},{"type":"MultiPolygon","arcs":[[[179,180,-178,-169,181,182]]],"properties":{"id":817,"postinumeroalue":"27650","nimi":"Honkilahti","namn":"Honkilahti","euref_x":241995,"euref_y":6767142,"pinta_ala":100662045,"vuosi":2026,"kunta":"050","he_vakiy":265,"he_naiset":123,"he_miehet":142,"he_kika":52,"he_0_2":4,"he_3_6":10,"he_7_12":13,"he_13_15":9,"he_16_17":3,"he_18_19":5,"he_20_24":4,"he_25_29":11,"he_30_34":11,"he_35_39":12,"he_40_44":9,"he_45_49":15,"he_50_54":18,"he_55_59":21,"he_60_64":16,"he_65_69":29,"he_70_74":35,"he_75_79":19,"he_80_84":10,"he_85_":11,"ko_ika18y":226,"ko_perus":66,"ko_koul":160,"ko_yliop":8,"ko_ammat":106,"ko_al_kork":38,"ko_yl_kork":8,"hr_tuy":226,"hr_ktu":27575,"hr_mtu":23179,"hr_pi_tul":55,"hr_ke_tul":138,"hr_hy_tul":33,"hr_ovy":6231855,"te_taly":143,"te_takk":1.9,"te_as_valj":54.6,"te_yks":73,"te_nuor":6,"te_eil_np":4,"te_laps":17,"te_plap":4,"te_aklap":7,"te_klap":8,"te_teini":9,"te_yhlap":2,"te_aik":48,"te_elak":79,"te_omis_as":122,"te_vuok_as":17,"te_muu_as":4,"tr_kuty":143,"tr_ktu":43652,"tr_mtu":33150,"tr_pi_tul":41,"tr_ke_tul":87,"tr_hy_tul":15,"tr_ovy":6242176,"ra_ke":335,"ra_raky":208,"ra_muut":28,"ra_asrak":180,"ra_asunn":206,"ra_as_kpa":94.2,"ra_pt_as":199,"ra_kt_as":0,"ra_muu_as":7,"tp_tyopy":64,"tp_alku_a":4,"tp_jalo_bf":2,"tp_palv_gu":58,"tp_a_maat":4,"tp_b_kaiv":0,"tp_c_teol":1,"tp_d_ener":1,"tp_e_vesi":0,"tp_f_rake":0,"tp_g_kaup":0,"tp_h_kulj":6,"tp_i_majo":1,"tp_j_info":1,"tp_k_raho":0,"tp_l_kiin":0,"tp_m_erik":1,"tp_n_hall":0,"tp_o_julk":0,"tp_p_koul":10,"tp_q_terv":37,"tp_r_taid":1,"tp_s_muup":1,"tp_t_koti":0,"tp_u_kans":0,"tp_x_tunt":0,"pt_vakiy":265,"pt_tyoll":92,"pt_tyott":9,"pt_0_14":35,"pt_opisk":6,"pt_elakel":117,"pt_muut":6,"city":"rauma","pno":"27650","unemployment_rate":3.4,"higher_education_rate":20.4,"pensioner_share":44.2,"ownership_rate":85.3,"rental_rate":11.9,"population_density":3,"child_ratio":5.3,"student_share":2.3,"detached_house_share":96.6,"youth_ratio_pct":7.5,"gender_ratio":0.87,"single_parent_hh_pct":2.8,"families_with_children_pct":11.9,"tech_sector_pct":1.6,"healthcare_workers_pct":57.8,"employment_rate":34.7,"elderly_ratio_pct":39.2,"avg_household_size":1.85,"manufacturing_jobs_pct":3.1,"public_sector_jobs_pct":0,"service_sector_jobs_pct":90.6,"new_construction_pct":101,"foreign_language_pct":0,"crime_index":44.9,"property_price_sqm":null,"transit_stop_density":null,"air_quality_index":22.1,"green_space_pct":66.2,"daycare_density":0,"school_density":0,"healthcare_density":0,"restaurant_density":0,"grocery_density":0,"cycling_density":0,"single_person_hh_pct":51,"rental_price_sqm":null,"price_to_rent_ratio":null,"walkability_index":76,"traffic_accident_rate":2.5,"property_price_change_pct":null,"school_quality_score":null,"light_pollution":0,"noise_pollution":40,"voter_turnout_pct":57.9,"party_diversity_index":0.816,"broadband_coverage_pct":61,"ev_charging_density":0,"tree_canopy_pct":33.7,"transit_reachability_score":null,"sports_facility_density":0.1,"water_proximity_m":0,"avg_construction_year":1973,"income_history":[[2021,19073],[2022,18450],[2023,19992],[2024,20173],[2025,21763],[2026,23179]],"population_history":[[2021,292],[2022,288],[2023,292],[2024,279],[2025,273],[2026,265]],"unemployment_history":[[2021,2.4],[2022,4.5],[2023,4.8],[2024,2.9],[2025,3.3],[2026,3.4]],"income_change_pct":21.5,"population_change_pct":-9.2,"unemployment_change_pct":41.7,"schools":null,"crime_index_history":[[2020,66.8],[2021,43],[2022,37.2],[2023,47.1],[2024,45],[2025,44.9]],"crime_index_change_pct":-32.8}},{"type":"MultiPolygon","arcs":[[[-168,-172,183,184,-182]]],"properties":{"id":818,"postinumeroalue":"27670","nimi":"Mannila","namn":"Mannila","euref_x":240046,"euref_y":6774628,"pinta_ala":35791800,"vuosi":2026,"kunta":"050","he_vakiy":153,"he_naiset":74,"he_miehet":79,"he_kika":46,"he_0_2":4,"he_3_6":7,"he_7_12":14,"he_13_15":6,"he_16_17":3,"he_18_19":3,"he_20_24":3,"he_25_29":9,"he_30_34":5,"he_35_39":11,"he_40_44":11,"he_45_49":7,"he_50_54":7,"he_55_59":7,"he_60_64":15,"he_65_69":6,"he_70_74":11,"he_75_79":13,"he_80_84":2,"he_85_":9,"ko_ika18y":119,"ko_perus":30,"ko_koul":89,"ko_yliop":5,"ko_ammat":49,"ko_al_kork":27,"ko_yl_kork":8,"hr_tuy":119,"hr_ktu":29720,"hr_mtu":25921,"hr_pi_tul":19,"hr_ke_tul":76,"hr_hy_tul":24,"hr_ovy":3536638,"te_taly":69,"te_takk":2.2,"te_as_valj":52.7,"te_yks":27,"te_nuor":4,"te_eil_np":3,"te_laps":16,"te_plap":3,"te_aklap":8,"te_klap":9,"te_teini":8,"te_yhlap":1,"te_aik":23,"te_elak":30,"te_omis_as":64,"te_vuok_as":2,"te_muu_as":3,"tr_kuty":69,"tr_ktu":51521,"tr_mtu":44441,"tr_pi_tul":15,"tr_ke_tul":41,"tr_hy_tul":13,"tr_ovy":3554980,"ra_ke":211,"ra_raky":123,"ra_muut":21,"ra_asrak":102,"ra_asunn":97,"ra_as_kpa":107.8,"ra_pt_as":94,"ra_kt_as":0,"ra_muu_as":3,"tp_tyopy":17,"tp_alku_a":10,"tp_jalo_bf":1,"tp_palv_gu":6,"tp_a_maat":10,"tp_b_kaiv":0,"tp_c_teol":0,"tp_d_ener":0,"tp_e_vesi":0,"tp_f_rake":1,"tp_g_kaup":0,"tp_h_kulj":6,"tp_i_majo":0,"tp_j_info":0,"tp_k_raho":0,"tp_l_kiin":0,"tp_m_erik":0,"tp_n_hall":0,"tp_o_julk":0,"tp_p_koul":0,"tp_q_terv":0,"tp_r_taid":0,"tp_s_muup":0,"tp_t_koti":0,"tp_u_kans":0,"tp_x_tunt":0,"pt_vakiy":153,"pt_tyoll":67,"pt_tyott":3,"pt_0_14":29,"pt_opisk":7,"pt_elakel":42,"pt_muut":5,"city":"rauma","pno":"27670","unemployment_rate":2,"higher_education_rate":29.4,"pensioner_share":27.5,"ownership_rate":92.8,"rental_rate":2.9,"population_density":4,"child_ratio":7.2,"student_share":4.6,"detached_house_share":96.9,"youth_ratio_pct":9.8,"gender_ratio":0.94,"single_parent_hh_pct":4.3,"families_with_children_pct":23.2,"tech_sector_pct":0,"healthcare_workers_pct":0,"employment_rate":43.8,"elderly_ratio_pct":26.8,"avg_household_size":2.22,"manufacturing_jobs_pct":5.9,"public_sector_jobs_pct":0,"service_sector_jobs_pct":35.3,"new_construction_pct":126.8,"foreign_language_pct":3.3,"crime_index":40.9,"property_price_sqm":null,"transit_stop_density":null,"air_quality_index":22.3,"green_space_pct":39.8,"daycare_density":0,"school_density":0,"healthcare_density":0,"restaurant_density":0,"grocery_density":0,"cycling_density":0,"single_person_hh_pct":39.1,"rental_price_sqm":null,"price_to_rent_ratio":null,"walkability_index":76,"traffic_accident_rate":2.2,"property_price_change_pct":null,"school_quality_score":null,"light_pollution":0,"noise_pollution":40,"voter_turnout_pct":57.9,"party_diversity_index":0.816,"broadband_coverage_pct":61,"ev_charging_density":0,"tree_canopy_pct":25,"transit_reachability_score":null,"sports_facility_density":0,"water_proximity_m":0,"avg_construction_year":1974,"income_history":[[2021,22381],[2022,21311],[2023,23524],[2024,22451],[2025,24809],[2026,25921]],"population_history":[[2021,163],[2022,153],[2023,157],[2024,150],[2025,154],[2026,153]],"unemployment_history":[[2021,3.7],[2022,3.3],[2023,1.9],[2024,2.7],[2025,3.2],[2026,2]],"income_change_pct":15.8,"population_change_pct":-6.1,"unemployment_change_pct":-45.9,"schools":null,"crime_index_history":[[2020,60.8],[2021,39.2],[2022,33.9],[2023,42.9],[2024,41],[2025,40.9]],"crime_index_change_pct":-32.7}},{"type":"MultiPolygon","arcs":[[[185,186,187,-170,-177,188,189,190]]],"properties":{"id":819,"postinumeroalue":"27710","nimi":"Köyliö Keskus","namn":"Kjulo centrum","euref_x":246987,"euref_y":6786591,"pinta_ala":52583443,"vuosi":2026,"kunta":"783","he_vakiy":967,"he_naiset":485,"he_miehet":482,"he_kika":50,"he_0_2":19,"he_3_6":34,"he_7_12":52,"he_13_15":31,"he_16_17":20,"he_18_19":23,"he_20_24":20,"he_25_29":45,"he_30_34":38,"he_35_39":47,"he_40_44":54,"he_45_49":54,"he_50_54":68,"he_55_59":73,"he_60_64":74,"he_65_69":68,"he_70_74":88,"he_75_79":70,"he_80_84":43,"he_85_":46,"ko_ika18y":811,"ko_perus":235,"ko_koul":576,"ko_yliop":26,"ko_ammat":367,"ko_al_kork":150,"ko_yl_kork":33,"hr_tuy":811,"hr_ktu":26579,"hr_mtu":24401,"hr_pi_tul":150,"hr_ke_tul":553,"hr_hy_tul":108,"hr_ovy":21555488,"te_taly":509,"te_takk":1.9,"te_as_valj":50.4,"te_yks":229,"te_nuor":27,"te_eil_np":8,"te_laps":87,"te_plap":16,"te_aklap":37,"te_klap":33,"te_teini":36,"te_yhlap":18,"te_aik":198,"te_elak":225,"te_omis_as":410,"te_vuok_as":91,"te_muu_as":8,"tr_kuty":509,"tr_ktu":42547,"tr_mtu":37283,"tr_pi_tul":128,"tr_ke_tul":316,"tr_hy_tul":65,"tr_ovy":21656275,"ra_ke":81,"ra_raky":576,"ra_muut":87,"ra_asrak":489,"ra_asunn":621,"ra_as_kpa":91.8,"ra_pt_as":526,"ra_kt_as":48,"ra_muu_as":47,"tp_tyopy":232,"tp_alku_a":33,"tp_jalo_bf":101,"tp_palv_gu":98,"tp_a_maat":33,"tp_b_kaiv":0,"tp_c_teol":70,"tp_d_ener":0,"tp_e_vesi":4,"tp_f_rake":27,"tp_g_kaup":14,"tp_h_kulj":9,"tp_i_majo":1,"tp_j_info":0,"tp_k_raho":4,"tp_l_kiin":1,"tp_m_erik":15,"tp_n_hall":1,"tp_o_julk":0,"tp_p_koul":15,"tp_q_terv":35,"tp_r_taid":0,"tp_s_muup":3,"tp_t_koti":0,"tp_u_kans":0,"tp_x_tunt":0,"pt_vakiy":967,"pt_tyoll":388,"pt_tyott":38,"pt_0_14":123,"pt_opisk":59,"pt_elakel":329,"pt_muut":30,"city":"rauma","pno":"27710","unemployment_rate":3.9,"higher_education_rate":22.6,"pensioner_share":34,"ownership_rate":80.6,"rental_rate":17.9,"population_density":18,"child_ratio":5.5,"student_share":6.1,"detached_house_share":84.7,"youth_ratio_pct":9.1,"gender_ratio":1.01,"single_parent_hh_pct":1.6,"families_with_children_pct":17.1,"tech_sector_pct":0,"healthcare_workers_pct":15.1,"employment_rate":40.1,"elderly_ratio_pct":32.6,"avg_household_size":1.9,"manufacturing_jobs_pct":43.5,"public_sector_jobs_pct":0,"service_sector_jobs_pct":42.2,"new_construction_pct":92.8,"foreign_language_pct":3,"crime_index":72.4,"property_price_sqm":null,"transit_stop_density":null,"air_quality_index":22.8,"green_space_pct":49.4,"daycare_density":0,"school_density":0,"healthcare_density":0,"restaurant_density":0,"grocery_density":0,"cycling_density":0.4,"single_person_hh_pct":45,"rental_price_sqm":null,"price_to_rent_ratio":null,"walkability_index":80,"traffic_accident_rate":2.1,"property_price_change_pct":null,"school_quality_score":null,"light_pollution":0.34,"noise_pollution":40,"voter_turnout_pct":58,"party_diversity_index":0.829,"broadband_coverage_pct":83,"ev_charging_density":0,"tree_canopy_pct":30.5,"transit_reachability_score":null,"sports_facility_density":0.2,"water_proximity_m":0,"avg_construction_year":1976,"income_history":[[2021,20979],[2022,21059],[2023,21666],[2024,22063],[2025,23552],[2026,24401]],"population_history":[[2021,1025],[2022,1017],[2023,1012],[2024,961],[2025,986],[2026,967]],"unemployment_history":[[2021,2],[2022,3.2],[2023,3.4],[2024,3.4],[2025,3.4],[2026,3.9]],"income_change_pct":16.3,"population_change_pct":-5.7,"unemployment_change_pct":95,"schools":null,"crime_index_history":[[2020,75.1],[2021,62.5],[2022,68.6],[2023,56.9],[2024,59.2],[2025,72.4]],"crime_index_change_pct":-3.6}},{"type":"MultiPolygon","arcs":[[[191,-189,-176,192]]],"properties":{"id":820,"postinumeroalue":"27730","nimi":"Tuiskula","namn":"Tuiskula","euref_x":243546,"euref_y":6791612,"pinta_ala":14081847,"vuosi":2026,"kunta":"783","he_vakiy":171,"he_naiset":89,"he_miehet":82,"he_kika":51,"he_0_2":4,"he_3_6":4,"he_7_12":11,"he_13_15":4,"he_16_17":2,"he_18_19":1,"he_20_24":6,"he_25_29":3,"he_30_34":8,"he_35_39":9,"he_40_44":8,"he_45_49":4,"he_50_54":11,"he_55_59":18,"he_60_64":19,"he_65_69":20,"he_70_74":15,"he_75_79":12,"he_80_84":8,"he_85_":4,"ko_ika18y":146,"ko_perus":41,"ko_koul":105,"ko_yliop":5,"ko_ammat":65,"ko_al_kork":30,"ko_yl_kork":5,"hr_tuy":146,"hr_ktu":26056,"hr_mtu":24528,"hr_pi_tul":32,"hr_ke_tul":91,"hr_hy_tul":23,"hr_ovy":3804242,"te_taly":78,"te_takk":2.2,"te_as_valj":52.3,"te_yks":17,"te_nuor":0,"te_eil_np":1,"te_laps":14,"te_plap":4,"te_aklap":5,"te_klap":7,"te_teini":5,"te_yhlap":2,"te_aik":26,"te_elak":38,"te_omis_as":74,"te_vuok_as":3,"te_muu_as":1,"tr_kuty":78,"tr_ktu":49077,"tr_mtu":47863,"tr_pi_tul":14,"tr_ke_tul":50,"tr_hy_tul":14,"tr_ovy":3828014,"ra_ke":12,"ra_raky":105,"ra_muut":12,"ra_asrak":93,"ra_asunn":95,"ra_as_kpa":109.3,"ra_pt_as":94,"ra_kt_as":0,"ra_muu_as":1,"tp_tyopy":36,"tp_alku_a":21,"tp_jalo_bf":6,"tp_palv_gu":9,"tp_a_maat":21,"tp_b_kaiv":0,"tp_c_teol":5,"tp_d_ener":0,"tp_e_vesi":0,"tp_f_rake":1,"tp_g_kaup":0,"tp_h_kulj":0,"tp_i_majo":0,"tp_j_info":0,"tp_k_raho":0,"tp_l_kiin":0,"tp_m_erik":3,"tp_n_hall":0,"tp_o_julk":0,"tp_p_koul":0,"tp_q_terv":5,"tp_r_taid":0,"tp_s_muup":1,"tp_t_koti":0,"tp_u_kans":0,"tp_x_tunt":0,"pt_vakiy":171,"pt_tyoll":69,"pt_tyott":4,"pt_0_14":21,"pt_opisk":8,"pt_elakel":64,"pt_muut":5,"city":"rauma","pno":"27730","unemployment_rate":2.3,"higher_education_rate":24,"pensioner_share":37.4,"ownership_rate":94.9,"rental_rate":3.8,"population_density":12,"child_ratio":4.7,"student_share":4.7,"detached_house_share":98.9,"youth_ratio_pct":5.8,"gender_ratio":1.09,"single_parent_hh_pct":1.3,"families_with_children_pct":17.9,"tech_sector_pct":0,"healthcare_workers_pct":13.9,"employment_rate":40.4,"elderly_ratio_pct":34.5,"avg_household_size":2.19,"manufacturing_jobs_pct":16.7,"public_sector_jobs_pct":0,"service_sector_jobs_pct":25,"new_construction_pct":110.5,"foreign_language_pct":3.2,"crime_index":57,"property_price_sqm":null,"transit_stop_density":null,"air_quality_index":22.6,"green_space_pct":61.8,"daycare_density":0,"school_density":0,"healthcare_density":0,"restaurant_density":0,"grocery_density":0,"cycling_density":0,"single_person_hh_pct":21.8,"rental_price_sqm":null,"price_to_rent_ratio":null,"walkability_index":76,"traffic_accident_rate":1.9,"property_price_change_pct":null,"school_quality_score":null,"light_pollution":12.45,"noise_pollution":40,"voter_turnout_pct":58,"party_diversity_index":0.829,"broadband_coverage_pct":83,"ev_charging_density":0,"tree_canopy_pct":37.4,"transit_reachability_score":null,"sports_facility_density":0.1,"water_proximity_m":430,"avg_construction_year":1977,"income_history":[[2021,21338],[2022,22060],[2023,21923],[2024,23818],[2025,24731],[2026,24528]],"population_history":[[2021,193],[2022,196],[2023,189],[2024,180],[2025,183],[2026,171]],"unemployment_history":[[2021,1.6],[2022,1.5],[2023,3.2],[2024,1.1],[2025,2.7],[2026,2.3]],"income_change_pct":14.9,"population_change_pct":-11.4,"unemployment_change_pct":43.7,"schools":null,"crime_index_history":[[2020,59.1],[2021,49.2],[2022,54],[2023,44.8],[2024,46.6],[2025,57]],"crime_index_change_pct":-3.6}},{"type":"MultiPolygon","arcs":[[[-193,-175,-156,-164,193]]],"properties":{"id":821,"postinumeroalue":"27740","nimi":"Voitoinen","namn":"Voitoinen","euref_x":242268,"euref_y":6796738,"pinta_ala":24051712,"vuosi":2026,"kunta":"783","he_vakiy":153,"he_naiset":71,"he_miehet":82,"he_kika":45,"he_0_2":3,"he_3_6":7,"he_7_12":11,"he_13_15":8,"he_16_17":4,"he_18_19":3,"he_20_24":4,"he_25_29":3,"he_30_34":8,"he_35_39":14,"he_40_44":8,"he_45_49":10,"he_50_54":7,"he_55_59":12,"he_60_64":12,"he_65_69":9,"he_70_74":11,"he_75_79":7,"he_80_84":8,"he_85_":4,"ko_ika18y":120,"ko_perus":28,"ko_koul":92,"ko_yliop":6,"ko_ammat":68,"ko_al_kork":14,"ko_yl_kork":4,"hr_tuy":120,"hr_ktu":24418,"hr_mtu":21572,"hr_pi_tul":40,"hr_ke_tul":67,"hr_hy_tul":13,"hr_ovy":2930186,"te_taly":75,"te_takk":2,"te_as_valj":47.2,"te_yks":32,"te_nuor":2,"te_eil_np":2,"te_laps":18,"te_plap":3,"te_aklap":6,"te_klap":7,"te_teini":9,"te_yhlap":2,"te_aik":30,"te_elak":28,"te_omis_as":66,"te_vuok_as":7,"te_muu_as":2,"tr_kuty":75,"tr_ktu":39717,"tr_mtu":33888,"tr_pi_tul":32,"tr_ke_tul":34,"tr_hy_tul":9,"tr_ovy":2978794,"ra_ke":13,"ra_raky":99,"ra_muut":6,"ra_asrak":93,"ra_asunn":92,"ra_as_kpa":91,"ra_pt_as":91,"ra_kt_as":0,"ra_muu_as":1,"tp_tyopy":16,"tp_alku_a":12,"tp_jalo_bf":1,"tp_palv_gu":3,"tp_a_maat":12,"tp_b_kaiv":0,"tp_c_teol":0,"tp_d_ener":0,"tp_e_vesi":0,"tp_f_rake":1,"tp_g_kaup":0,"tp_h_kulj":0,"tp_i_majo":0,"tp_j_info":0,"tp_k_raho":0,"tp_l_kiin":0,"tp_m_erik":0,"tp_n_hall":0,"tp_o_julk":0,"tp_p_koul":0,"tp_q_terv":0,"tp_r_taid":0,"tp_s_muup":3,"tp_t_koti":0,"tp_u_kans":0,"tp_x_tunt":0,"pt_vakiy":153,"pt_tyoll":59,"pt_tyott":9,"pt_0_14":25,"pt_opisk":14,"pt_elakel":43,"pt_muut":3,"city":"rauma","pno":"27740","unemployment_rate":5.9,"higher_education_rate":15,"pensioner_share":28.1,"ownership_rate":88,"rental_rate":9.3,"population_density":6,"child_ratio":6.5,"student_share":9.2,"detached_house_share":98.9,"youth_ratio_pct":6.5,"gender_ratio":0.87,"single_parent_hh_pct":2.7,"families_with_children_pct":24,"tech_sector_pct":0,"healthcare_workers_pct":0,"employment_rate":38.6,"elderly_ratio_pct":25.5,"avg_household_size":2.04,"manufacturing_jobs_pct":6.2,"public_sector_jobs_pct":0,"service_sector_jobs_pct":18.8,"new_construction_pct":107.6,"foreign_language_pct":0.7,"crime_index":61.6,"property_price_sqm":null,"transit_stop_density":null,"air_quality_index":22.2,"green_space_pct":56.7,"daycare_density":0,"school_density":0,"healthcare_density":0,"restaurant_density":0,"grocery_density":0,"cycling_density":0,"single_person_hh_pct":42.7,"rental_price_sqm":null,"price_to_rent_ratio":null,"walkability_index":76,"traffic_accident_rate":null,"property_price_change_pct":null,"school_quality_score":null,"light_pollution":0.01,"noise_pollution":40,"voter_turnout_pct":58,"party_diversity_index":0.829,"broadband_coverage_pct":83,"ev_charging_density":0,"tree_canopy_pct":33.5,"transit_reachability_score":null,"sports_facility_density":0,"water_proximity_m":240,"avg_construction_year":1977,"income_history":[[2021,17344],[2022,18477],[2023,19362],[2024,20065],[2025,22134],[2026,21572]],"population_history":[[2021,147],[2022,143],[2023,148],[2024,153],[2025,153],[2026,153]],"unemployment_history":[[2021,2.7],[2022,3.5],[2023,4.7],[2024,7.8],[2025,5.2],[2026,5.9]],"income_change_pct":24.4,"population_change_pct":4.1,"unemployment_change_pct":118.5,"schools":null,"crime_index_history":[[2020,63.9],[2021,53.2],[2022,58.4],[2023,48.4],[2024,50.4],[2025,61.6]],"crime_index_change_pct":-3.6}},{"type":"MultiPolygon","arcs":[[[194,-191,195,196]]],"properties":{"id":822,"postinumeroalue":"27750","nimi":"Yttilä","namn":"Yttilä","euref_x":253683,"euref_y":6786047,"pinta_ala":70725445,"vuosi":2026,"kunta":"783","he_vakiy":269,"he_naiset":128,"he_miehet":141,"he_kika":55,"he_0_2":4,"he_3_6":1,"he_7_12":9,"he_13_15":8,"he_16_17":2,"he_18_19":4,"he_20_24":6,"he_25_29":5,"he_30_34":7,"he_35_39":5,"he_40_44":8,"he_45_49":26,"he_50_54":21,"he_55_59":33,"he_60_64":34,"he_65_69":23,"he_70_74":34,"he_75_79":19,"he_80_84":13,"he_85_":7,"ko_ika18y":245,"ko_perus":57,"ko_koul":188,"ko_yliop":8,"ko_ammat":129,"ko_al_kork":41,"ko_yl_kork":10,"hr_tuy":245,"hr_ktu":27985,"hr_mtu":25988,"hr_pi_tul":41,"hr_ke_tul":166,"hr_hy_tul":38,"hr_ovy":6856381,"te_taly":148,"te_takk":1.8,"te_as_valj":56,"te_yks":64,"te_nuor":3,"te_eil_np":1,"te_laps":14,"te_plap":2,"te_aklap":3,"te_klap":6,"te_teini":8,"te_yhlap":1,"te_aik":63,"te_elak":71,"te_omis_as":141,"te_vuok_as":6,"te_muu_as":1,"tr_kuty":148,"tr_ktu":46397,"tr_mtu":38858,"tr_pi_tul":27,"tr_ke_tul":98,"tr_hy_tul":23,"tr_ovy":6866766,"ra_ke":206,"ra_raky":236,"ra_muut":35,"ra_asrak":201,"ra_asunn":185,"ra_as_kpa":99.3,"ra_pt_as":181,"ra_kt_as":0,"ra_muu_as":4,"tp_tyopy":70,"tp_alku_a":6,"tp_jalo_bf":4,"tp_palv_gu":60,"tp_a_maat":6,"tp_b_kaiv":0,"tp_c_teol":0,"tp_d_ener":0,"tp_e_vesi":0,"tp_f_rake":4,"tp_g_kaup":2,"tp_h_kulj":3,"tp_i_majo":2,"tp_j_info":0,"tp_k_raho":0,"tp_l_kiin":0,"tp_m_erik":0,"tp_n_hall":0,"tp_o_julk":49,"tp_p_koul":0,"tp_q_terv":1,"tp_r_taid":0,"tp_s_muup":3,"tp_t_koti":0,"tp_u_kans":0,"tp_x_tunt":0,"pt_vakiy":269,"pt_tyoll":112,"pt_tyott":16,"pt_0_14":20,"pt_opisk":11,"pt_elakel":103,"pt_muut":7,"city":"rauma","pno":"27750","unemployment_rate":5.9,"higher_education_rate":20.8,"pensioner_share":38.3,"ownership_rate":95.3,"rental_rate":4.1,"population_density":4,"child_ratio":1.9,"student_share":4.1,"detached_house_share":97.8,"youth_ratio_pct":5.6,"gender_ratio":0.91,"single_parent_hh_pct":0.7,"families_with_children_pct":9.5,"tech_sector_pct":0,"healthcare_workers_pct":1.4,"employment_rate":41.6,"elderly_ratio_pct":35.7,"avg_household_size":1.82,"manufacturing_jobs_pct":5.7,"public_sector_jobs_pct":70,"service_sector_jobs_pct":85.7,"new_construction_pct":127.6,"foreign_language_pct":3.6,"crime_index":54.6,"property_price_sqm":null,"transit_stop_density":null,"air_quality_index":22.8,"green_space_pct":71.5,"daycare_density":0,"school_density":0,"healthcare_density":0,"restaurant_density":0,"grocery_density":0,"cycling_density":0,"single_person_hh_pct":43.2,"rental_price_sqm":null,"price_to_rent_ratio":null,"walkability_index":76,"traffic_accident_rate":7.4,"property_price_change_pct":null,"school_quality_score":null,"light_pollution":0.05,"noise_pollution":40,"voter_turnout_pct":58,"party_diversity_index":0.829,"broadband_coverage_pct":83,"ev_charging_density":0,"tree_canopy_pct":43.7,"transit_reachability_score":null,"sports_facility_density":0,"water_proximity_m":0,"avg_construction_year":1978,"income_history":[[2021,20919],[2022,21170],[2023,21796],[2024,22849],[2025,24167],[2026,25988]],"population_history":[[2021,315],[2022,306],[2023,297],[2024,295],[2025,287],[2026,269]],"unemployment_history":[[2021,3.2],[2022,4.9],[2023,4.7],[2024,5.4],[2025,3.5],[2026,5.9]],"income_change_pct":24.2,"population_change_pct":-14.6,"unemployment_change_pct":84.4,"schools":null,"crime_index_history":[[2020,56.6],[2021,47.1],[2022,51.7],[2023,42.9],[2024,44.7],[2025,54.6]],"crime_index_change_pct":-3.5}},{"type":"MultiPolygon","arcs":[[[197,198,199,200,201,202,-183,-185,203,-187]]],"properties":{"id":823,"postinumeroalue":"27800","nimi":"Säkylä Keskus","namn":"Säkylä centrum","euref_x":256019,"euref_y":6772768,"pinta_ala":126353823,"vuosi":2026,"kunta":"783","he_vakiy":2848,"he_naiset":1482,"he_miehet":1366,"he_kika":51,"he_0_2":47,"he_3_6":65,"he_7_12":160,"he_13_15":109,"he_16_17":66,"he_18_19":47,"he_20_24":65,"he_25_29":90,"he_30_34":124,"he_35_39":163,"he_40_44":153,"he_45_49":167,"he_50_54":155,"he_55_59":207,"he_60_64":211,"he_65_69":249,"he_70_74":215,"he_75_79":277,"he_80_84":134,"he_85_":144,"ko_ika18y":2401,"ko_perus":622,"ko_koul":1779,"ko_yliop":74,"ko_ammat":980,"ko_al_kork":538,"ko_yl_kork":187,"hr_tuy":2401,"hr_ktu":29037,"hr_mtu":26039,"hr_pi_tul":380,"hr_ke_tul":1605,"hr_hy_tul":416,"hr_ovy":69717819,"te_taly":1488,"te_takk":1.9,"te_as_valj":55,"te_yks":675,"te_nuor":72,"te_eil_np":27,"te_laps":258,"te_plap":40,"te_aklap":81,"te_klap":114,"te_teini":128,"te_yhlap":57,"te_aik":510,"te_elak":721,"te_omis_as":1161,"te_vuok_as":300,"te_muu_as":27,"tr_kuty":1488,"tr_ktu":46381,"tr_mtu":37899,"tr_pi_tul":324,"tr_ke_tul":938,"tr_hy_tul":226,"tr_ovy":69015341,"ra_ke":261,"ra_raky":1452,"ra_muut":222,"ra_asrak":1230,"ra_asunn":1768,"ra_as_kpa":98.8,"ra_pt_as":1460,"ra_kt_as":278,"ra_muu_as":30,"tp_tyopy":1301,"tp_alku_a":58,"tp_jalo_bf":441,"tp_palv_gu":802,"tp_a_maat":58,"tp_b_kaiv":5,"tp_c_teol":317,"tp_d_ener":22,"tp_e_vesi":0,"tp_f_rake":97,"tp_g_kaup":94,"tp_h_kulj":61,"tp_i_majo":35,"tp_j_info":7,"tp_k_raho":9,"tp_l_kiin":3,"tp_m_erik":46,"tp_n_hall":38,"tp_o_julk":60,"tp_p_koul":95,"tp_q_terv":296,"tp_r_taid":6,"tp_s_muup":52,"tp_t_koti":0,"tp_u_kans":0,"tp_x_tunt":0,"pt_vakiy":2848,"pt_tyoll":1114,"pt_tyott":93,"pt_0_14":344,"pt_opisk":145,"pt_elakel":1084,"pt_muut":68,"city":"rauma","pno":"27800","unemployment_rate":3.3,"higher_education_rate":30.2,"pensioner_share":38.1,"ownership_rate":78,"rental_rate":20.2,"population_density":23,"child_ratio":3.9,"student_share":5.1,"detached_house_share":82.6,"youth_ratio_pct":7.1,"gender_ratio":1.08,"single_parent_hh_pct":1.8,"families_with_children_pct":17.3,"tech_sector_pct":0.5,"healthcare_workers_pct":22.8,"employment_rate":39.1,"elderly_ratio_pct":35.8,"avg_household_size":1.91,"manufacturing_jobs_pct":33.9,"public_sector_jobs_pct":4.6,"service_sector_jobs_pct":61.6,"new_construction_pct":82.1,"foreign_language_pct":2.6,"crime_index":74.5,"property_price_sqm":1071,"transit_stop_density":null,"air_quality_index":22.8,"green_space_pct":55.8,"daycare_density":0,"school_density":0,"healthcare_density":0,"restaurant_density":0,"grocery_density":0,"cycling_density":0.7,"single_person_hh_pct":45.4,"rental_price_sqm":null,"price_to_rent_ratio":null,"walkability_index":80,"traffic_accident_rate":2.5,"property_price_change_pct":-15.1,"school_quality_score":59.3,"light_pollution":0.35,"noise_pollution":40,"voter_turnout_pct":58,"party_diversity_index":0.829,"broadband_coverage_pct":83,"ev_charging_density":0,"tree_canopy_pct":31.1,"transit_reachability_score":null,"sports_facility_density":0.2,"water_proximity_m":0,"avg_construction_year":1976,"income_history":[[2021,22026],[2022,22164],[2023,22824],[2024,23577],[2025,24960],[2026,26039]],"population_history":[[2021,3061],[2022,3033],[2023,3005],[2024,2924],[2025,2886],[2026,2848]],"unemployment_history":[[2021,2.5],[2022,2.6],[2023,2.9],[2024,2.7],[2025,2.8],[2026,3.3]],"income_change_pct":18.2,"population_change_pct":-7,"unemployment_change_pct":32,"schools":[{"name":"Säkylän seudun lukio","score":59.3}],"property_price_history":[[2020,1261],[2021,877],[2023,1231],[2025,1071]],"crime_index_history":[[2020,77.3],[2021,64.3],[2022,70.6],[2023,58.6],[2024,61],[2025,74.5]],"crime_index_change_pct":-3.6}},{"type":"MultiPolygon","arcs":[[[-188,-204,-184,-171]]],"properties":{"id":824,"postinumeroalue":"27820","nimi":"Iso-Vimma","namn":"Iso-Vimma","euref_x":243848,"euref_y":6781048,"pinta_ala":27619823,"vuosi":2026,"kunta":"783","he_vakiy":646,"he_naiset":327,"he_miehet":319,"he_kika":50,"he_0_2":8,"he_3_6":17,"he_7_12":46,"he_13_15":19,"he_16_17":14,"he_18_19":10,"he_20_24":15,"he_25_29":16,"he_30_34":30,"he_35_39":34,"he_40_44":51,"he_45_49":34,"he_50_54":33,"he_55_59":42,"he_60_64":62,"he_65_69":52,"he_70_74":61,"he_75_79":42,"he_80_84":24,"he_85_":36,"ko_ika18y":542,"ko_perus":136,"ko_koul":406,"ko_yliop":11,"ko_ammat":260,"ko_al_kork":117,"ko_yl_kork":18,"hr_tuy":542,"hr_ktu":27616,"hr_mtu":24878,"hr_pi_tul":87,"hr_ke_tul":385,"hr_hy_tul":70,"hr_ovy":14967891,"te_taly":351,"te_takk":1.8,"te_as_valj":55.5,"te_yks":157,"te_nuor":18,"te_eil_np":8,"te_laps":57,"te_plap":7,"te_aklap":19,"te_klap":29,"te_teini":27,"te_yhlap":17,"te_aik":136,"te_elak":159,"te_omis_as":306,"te_vuok_as":37,"te_muu_as":8,"tr_kuty":351,"tr_ktu":43098,"tr_mtu":37708,"tr_pi_tul":71,"tr_ke_tul":236,"tr_hy_tul":44,"tr_ovy":15127473,"ra_ke":72,"ra_raky":407,"ra_muut":85,"ra_asrak":322,"ra_asunn":424,"ra_as_kpa":97.7,"ra_pt_as":368,"ra_kt_as":55,"ra_muu_as":1,"tp_tyopy":537,"tp_alku_a":2,"tp_jalo_bf":424,"tp_palv_gu":111,"tp_a_maat":2,"tp_b_kaiv":0,"tp_c_teol":419,"tp_d_ener":0,"tp_e_vesi":0,"tp_f_rake":5,"tp_g_kaup":4,"tp_h_kulj":56,"tp_i_majo":3,"tp_j_info":1,"tp_k_raho":0,"tp_l_kiin":1,"tp_m_erik":7,"tp_n_hall":2,"tp_o_julk":0,"tp_p_koul":0,"tp_q_terv":34,"tp_r_taid":0,"tp_s_muup":3,"tp_t_koti":0,"tp_u_kans":0,"tp_x_tunt":0,"pt_vakiy":646,"pt_tyoll":258,"pt_tyott":23,"pt_0_14":84,"pt_opisk":33,"pt_elakel":231,"pt_muut":17,"city":"rauma","pno":"27820","unemployment_rate":3.6,"higher_education_rate":24.9,"pensioner_share":35.8,"ownership_rate":87.2,"rental_rate":10.5,"population_density":23,"child_ratio":3.9,"student_share":5.1,"detached_house_share":86.8,"youth_ratio_pct":6.3,"gender_ratio":1.03,"single_parent_hh_pct":2.3,"families_with_children_pct":16.2,"tech_sector_pct":0.2,"healthcare_workers_pct":6.3,"employment_rate":39.9,"elderly_ratio_pct":33.3,"avg_household_size":1.84,"manufacturing_jobs_pct":79,"public_sector_jobs_pct":0,"service_sector_jobs_pct":20.7,"new_construction_pct":96,"foreign_language_pct":2.8,"crime_index":71.9,"property_price_sqm":null,"transit_stop_density":null,"air_quality_index":22.6,"green_space_pct":30.9,"daycare_density":0,"school_density":0,"healthcare_density":0,"restaurant_density":0,"grocery_density":0,"cycling_density":0.4,"single_person_hh_pct":44.7,"rental_price_sqm":null,"price_to_rent_ratio":null,"walkability_index":80,"traffic_accident_rate":4.1,"property_price_change_pct":null,"school_quality_score":null,"light_pollution":0.98,"noise_pollution":40,"voter_turnout_pct":58,"party_diversity_index":0.829,"broadband_coverage_pct":83,"ev_charging_density":0,"tree_canopy_pct":20.9,"transit_reachability_score":null,"sports_facility_density":0.4,"water_proximity_m":0,"avg_construction_year":1976,"income_history":[[2021,22393],[2022,21874],[2023,22634],[2024,23112],[2025,24815],[2026,24878]],"population_history":[[2021,694],[2022,683],[2023,672],[2024,656],[2025,645],[2026,646]],"unemployment_history":[[2021,3.3],[2022,3.1],[2023,3.9],[2024,3.2],[2025,3.3],[2026,3.6]],"income_change_pct":11.1,"population_change_pct":-6.9,"unemployment_change_pct":9.1,"schools":null,"crime_index_history":[[2020,74.6],[2021,62.1],[2022,68.1],[2023,56.5],[2024,58.8],[2025,71.9]],"crime_index_change_pct":-3.6}},{"type":"MultiPolygon","arcs":[[[-198,-186,-195,204]]],"properties":{"id":825,"postinumeroalue":"27840","nimi":"Kakkuri","namn":"Kakkuri","euref_x":251701,"euref_y":6780576,"pinta_ala":13840179,"vuosi":2026,"kunta":"783","he_vakiy":388,"he_naiset":203,"he_miehet":185,"he_kika":50,"he_0_2":3,"he_3_6":15,"he_7_12":28,"he_13_15":3,"he_16_17":9,"he_18_19":8,"he_20_24":9,"he_25_29":19,"he_30_34":19,"he_35_39":20,"he_40_44":29,"he_45_49":8,"he_50_54":11,"he_55_59":33,"he_60_64":43,"he_65_69":33,"he_70_74":36,"he_75_79":32,"he_80_84":15,"he_85_":15,"ko_ika18y":330,"ko_perus":80,"ko_koul":250,"ko_yliop":9,"ko_ammat":148,"ko_al_kork":73,"ko_yl_kork":20,"hr_tuy":330,"hr_ktu":30127,"hr_mtu":26922,"hr_pi_tul":51,"hr_ke_tul":228,"hr_hy_tul":51,"hr_ovy":9942027,"te_taly":203,"te_takk":1.9,"te_as_valj":59,"te_yks":85,"te_nuor":14,"te_eil_np":9,"te_laps":31,"te_plap":3,"te_aklap":14,"te_klap":20,"te_teini":10,"te_yhlap":7,"te_aik":78,"te_elak":95,"te_omis_as":181,"te_vuok_as":21,"te_muu_as":1,"tr_kuty":203,"tr_ktu":49098,"tr_mtu":42546,"tr_pi_tul":28,"tr_ke_tul":139,"tr_hy_tul":36,"tr_ovy":9966983,"ra_ke":38,"ra_raky":244,"ra_muut":27,"ra_asrak":217,"ra_asunn":245,"ra_as_kpa":106.1,"ra_pt_as":228,"ra_kt_as":13,"ra_muu_as":4,"tp_tyopy":63,"tp_alku_a":9,"tp_jalo_bf":18,"tp_palv_gu":36,"tp_a_maat":9,"tp_b_kaiv":5,"tp_c_teol":2,"tp_d_ener":0,"tp_e_vesi":0,"tp_f_rake":11,"tp_g_kaup":0,"tp_h_kulj":12,"tp_i_majo":0,"tp_j_info":0,"tp_k_raho":0,"tp_l_kiin":1,"tp_m_erik":2,"tp_n_hall":0,"tp_o_julk":0,"tp_p_koul":7,"tp_q_terv":12,"tp_r_taid":0,"tp_s_muup":2,"tp_t_koti":0,"tp_u_kans":0,"tp_x_tunt":0,"pt_vakiy":388,"pt_tyoll":170,"pt_tyott":7,"pt_0_14":49,"pt_opisk":15,"pt_elakel":140,"pt_muut":7,"city":"rauma","pno":"27840","unemployment_rate":1.8,"higher_education_rate":28.2,"pensioner_share":36.1,"ownership_rate":89.2,"rental_rate":10.3,"population_density":28,"child_ratio":4.6,"student_share":3.9,"detached_house_share":93.1,"youth_ratio_pct":9.3,"gender_ratio":1.1,"single_parent_hh_pct":4.4,"families_with_children_pct":15.3,"tech_sector_pct":0,"healthcare_workers_pct":19,"employment_rate":43.8,"elderly_ratio_pct":33.8,"avg_household_size":1.91,"manufacturing_jobs_pct":28.6,"public_sector_jobs_pct":0,"service_sector_jobs_pct":57.1,"new_construction_pct":99.6,"foreign_language_pct":1.2,"crime_index":68.6,"property_price_sqm":null,"transit_stop_density":null,"air_quality_index":22.8,"green_space_pct":42.5,"daycare_density":0,"school_density":0.1,"healthcare_density":0,"restaurant_density":0,"grocery_density":0,"cycling_density":0.3,"single_person_hh_pct":41.9,"rental_price_sqm":null,"price_to_rent_ratio":null,"walkability_index":80,"traffic_accident_rate":0.9,"property_price_change_pct":null,"school_quality_score":null,"light_pollution":0.14,"noise_pollution":40,"voter_turnout_pct":58,"party_diversity_index":0.829,"broadband_coverage_pct":83,"ev_charging_density":0,"tree_canopy_pct":25.9,"transit_reachability_score":null,"sports_facility_density":0.5,"water_proximity_m":0,"avg_construction_year":1977,"income_history":[[2021,22955],[2022,23460],[2023,24970],[2024,25330],[2025,26007],[2026,26922]],"population_history":[[2021,419],[2022,422],[2023,412],[2024,401],[2025,400],[2026,388]],"unemployment_history":[[2021,1.7],[2022,3.1],[2023,2.9],[2024,2],[2025,0.8],[2026,1.8]],"income_change_pct":17.3,"population_change_pct":-7.4,"unemployment_change_pct":5.9,"schools":null,"crime_index_history":[[2020,71.2],[2021,59.2],[2022,65],[2023,53.9],[2024,56.1],[2025,68.6]],"crime_index_change_pct":-3.7}},{"type":"MultiPolygon","arcs":[[[-201,205,-199,-205,-197,206]]],"properties":{"id":826,"postinumeroalue":"27860","nimi":"Vuori","namn":"Vuori","euref_x":258255,"euref_y":6778008,"pinta_ala":69980776,"vuosi":2026,"kunta":"783","he_vakiy":289,"he_naiset":132,"he_miehet":157,"he_kika":49,"he_0_2":3,"he_3_6":10,"he_7_12":15,"he_13_15":12,"he_16_17":7,"he_18_19":6,"he_20_24":11,"he_25_29":10,"he_30_34":11,"he_35_39":10,"he_40_44":22,"he_45_49":14,"he_50_54":19,"he_55_59":27,"he_60_64":27,"he_65_69":18,"he_70_74":26,"he_75_79":13,"he_80_84":14,"he_85_":14,"ko_ika18y":242,"ko_perus":66,"ko_koul":176,"ko_yliop":16,"ko_ammat":115,"ko_al_kork":39,"ko_yl_kork":6,"hr_tuy":242,"hr_ktu":29104,"hr_mtu":24605,"hr_pi_tul":53,"hr_ke_tul":147,"hr_hy_tul":42,"hr_ovy":7043047,"te_taly":139,"te_takk":2.1,"te_as_valj":56.1,"te_yks":55,"te_nuor":5,"te_eil_np":1,"te_laps":24,"te_plap":3,"te_aklap":8,"te_klap":12,"te_teini":12,"te_yhlap":2,"te_aik":53,"te_elak":62,"te_omis_as":135,"te_vuok_as":4,"te_muu_as":0,"tr_kuty":139,"tr_ktu":51009,"tr_mtu":38216,"tr_pi_tul":36,"tr_ke_tul":81,"tr_hy_tul":22,"tr_ovy":7090243,"ra_ke":11,"ra_raky":225,"ra_muut":54,"ra_asrak":171,"ra_asunn":169,"ra_as_kpa":109.9,"ra_pt_as":164,"ra_kt_as":0,"ra_muu_as":5,"tp_tyopy":85,"tp_alku_a":28,"tp_jalo_bf":36,"tp_palv_gu":21,"tp_a_maat":28,"tp_b_kaiv":0,"tp_c_teol":27,"tp_d_ener":0,"tp_e_vesi":0,"tp_f_rake":9,"tp_g_kaup":0,"tp_h_kulj":6,"tp_i_majo":0,"tp_j_info":0,"tp_k_raho":0,"tp_l_kiin":0,"tp_m_erik":0,"tp_n_hall":11,"tp_o_julk":0,"tp_p_koul":0,"tp_q_terv":0,"tp_r_taid":1,"tp_s_muup":3,"tp_t_koti":0,"tp_u_kans":0,"tp_x_tunt":0,"pt_vakiy":289,"pt_tyoll":137,"pt_tyott":10,"pt_0_14":34,"pt_opisk":20,"pt_elakel":86,"pt_muut":2,"city":"rauma","pno":"27860","unemployment_rate":3.5,"higher_education_rate":18.6,"pensioner_share":29.8,"ownership_rate":97.1,"rental_rate":2.9,"population_density":4,"child_ratio":4.5,"student_share":6.9,"detached_house_share":97,"youth_ratio_pct":9.3,"gender_ratio":0.84,"single_parent_hh_pct":0.7,"families_with_children_pct":17.3,"tech_sector_pct":0,"healthcare_workers_pct":0,"employment_rate":47.4,"elderly_ratio_pct":29.4,"avg_household_size":2.08,"manufacturing_jobs_pct":42.4,"public_sector_jobs_pct":0,"service_sector_jobs_pct":24.7,"new_construction_pct":133.1,"foreign_language_pct":0.6,"crime_index":46.4,"property_price_sqm":null,"transit_stop_density":null,"air_quality_index":22.8,"green_space_pct":68.6,"daycare_density":0,"school_density":0,"healthcare_density":0,"restaurant_density":0,"grocery_density":0,"cycling_density":0.1,"single_person_hh_pct":39.6,"rental_price_sqm":null,"price_to_rent_ratio":null,"walkability_index":78,"traffic_accident_rate":2.3,"property_price_change_pct":null,"school_quality_score":null,"light_pollution":0.17,"noise_pollution":40,"voter_turnout_pct":58,"party_diversity_index":0.829,"broadband_coverage_pct":83,"ev_charging_density":0,"tree_canopy_pct":36.7,"transit_reachability_score":null,"sports_facility_density":0.1,"water_proximity_m":0,"avg_construction_year":1978,"income_history":[[2021,20879],[2022,21721],[2023,21468],[2024,23498],[2025,24913],[2026,24605]],"population_history":[[2021,314],[2022,310],[2023,301],[2024,296],[2025,288],[2026,289]],"unemployment_history":[[2021,2.2],[2022,1.9],[2023,2.3],[2024,1.4],[2025,1],[2026,3.5]],"income_change_pct":17.8,"population_change_pct":-8,"unemployment_change_pct":59.1,"schools":null,"crime_index_history":[[2020,48.1],[2021,40.1],[2022,44],[2023,36.5],[2024,38],[2025,46.4]],"crime_index_change_pct":-3.5}},{"type":"MultiPolygon","arcs":[[[-206,-200]]],"properties":{"id":827,"postinumeroalue":"27910","nimi":"Huovinrinne","namn":"Huovinrinne","euref_x":253303,"euref_y":6775375,"pinta_ala":2721588,"vuosi":2026,"kunta":"783","he_vakiy":164,"he_naiset":70,"he_miehet":94,"he_kika":43,"he_0_2":2,"he_3_6":4,"he_7_12":4,"he_13_15":2,"he_16_17":2,"he_18_19":4,"he_20_24":20,"he_25_29":20,"he_30_34":17,"he_35_39":10,"he_40_44":9,"he_45_49":9,"he_50_54":9,"he_55_59":10,"he_60_64":8,"he_65_69":13,"he_70_74":8,"he_75_79":8,"he_80_84":3,"he_85_":2,"ko_ika18y":150,"ko_perus":22,"ko_koul":128,"ko_yliop":17,"ko_ammat":72,"ko_al_kork":26,"ko_yl_kork":13,"hr_tuy":150,"hr_ktu":27766,"hr_mtu":26843,"hr_pi_tul":19,"hr_ke_tul":116,"hr_hy_tul":15,"hr_ovy":4164848,"te_taly":127,"te_takk":1.3,"te_as_valj":44,"te_yks":100,"te_nuor":44,"te_eil_np":6,"te_laps":9,"te_plap":1,"te_aklap":4,"te_klap":4,"te_teini":4,"te_yhlap":4,"te_aik":88,"te_elak":30,"te_omis_as":44,"te_vuok_as":82,"te_muu_as":1,"tr_kuty":127,"tr_ktu":32920,"tr_mtu":29429,"tr_pi_tul":34,"tr_ke_tul":84,"tr_hy_tul":9,"tr_ovy":4180884,"ra_ke":0,"ra_raky":37,"ra_muut":15,"ra_asrak":22,"ra_asunn":234,"ra_as_kpa":58.1,"ra_pt_as":126,"ra_kt_as":105,"ra_muu_as":3,"tp_tyopy":630,"tp_alku_a":3,"tp_jalo_bf":0,"tp_palv_gu":627,"tp_a_maat":3,"tp_b_kaiv":0,"tp_c_teol":0,"tp_d_ener":0,"tp_e_vesi":0,"tp_f_rake":0,"tp_g_kaup":0,"tp_h_kulj":0,"tp_i_majo":44,"tp_j_info":0,"tp_k_raho":0,"tp_l_kiin":25,"tp_m_erik":0,"tp_n_hall":2,"tp_o_julk":554,"tp_p_koul":0,"tp_q_terv":0,"tp_r_taid":0,"tp_s_muup":2,"tp_t_koti":0,"tp_u_kans":0,"tp_x_tunt":0,"pt_vakiy":164,"pt_tyoll":102,"pt_tyott":6,"pt_0_14":12,"pt_opisk":5,"pt_elakel":37,"pt_muut":2,"city":"rauma","pno":"27910","unemployment_rate":3.7,"higher_education_rate":26,"pensioner_share":22.6,"ownership_rate":34.6,"rental_rate":64.6,"population_density":60,"child_ratio":3.7,"student_share":3,"detached_house_share":53.8,"youth_ratio_pct":26.8,"gender_ratio":0.74,"single_parent_hh_pct":4.7,"families_with_children_pct":7.1,"tech_sector_pct":0,"healthcare_workers_pct":0,"employment_rate":62.2,"elderly_ratio_pct":20.7,"avg_household_size":1.29,"manufacturing_jobs_pct":0,"public_sector_jobs_pct":87.9,"service_sector_jobs_pct":99.5,"new_construction_pct":15.8,"foreign_language_pct":1.4,"crime_index":104.3,"property_price_sqm":null,"transit_stop_density":null,"air_quality_index":22.8,"green_space_pct":100,"daycare_density":0,"school_density":0,"healthcare_density":0,"restaurant_density":0,"grocery_density":0,"cycling_density":4.8,"single_person_hh_pct":78.7,"rental_price_sqm":null,"price_to_rent_ratio":null,"walkability_index":82,"traffic_accident_rate":null,"property_price_change_pct":null,"school_quality_score":null,"light_pollution":2.69,"noise_pollution":40,"voter_turnout_pct":58,"party_diversity_index":0.829,"broadband_coverage_pct":83,"ev_charging_density":0,"tree_canopy_pct":47,"transit_reachability_score":null,"sports_facility_density":0.4,"water_proximity_m":0,"avg_construction_year":1973,"income_history":[[2021,21728],[2022,23487],[2023,23687],[2024,25057],[2025,25115],[2026,26843]],"population_history":[[2021,150],[2022,145],[2023,156],[2024,162],[2025,165],[2026,164]],"unemployment_history":[[2021,6.7],[2022,5.5],[2023,6.4],[2024,4.9],[2025,4.2],[2026,3.7]],"income_change_pct":23.5,"population_change_pct":9.3,"unemployment_change_pct":-44.8,"schools":null,"crime_index_history":[[2020,108.2],[2021,90],[2022,98.8],[2023,82],[2024,85.3],[2025,104.3]],"crime_index_change_pct":-3.6}},{"type":"MultiPolygon","arcs":[[[207,-180,-203]]],"properties":{"id":828,"postinumeroalue":"27920","nimi":"Otajoki","namn":"Otajoki","euref_x":249430,"euref_y":6769678,"pinta_ala":44491302,"vuosi":2026,"kunta":"783","he_vakiy":245,"he_naiset":115,"he_miehet":130,"he_kika":53,"he_0_2":5,"he_3_6":6,"he_7_12":7,"he_13_15":7,"he_16_17":4,"he_18_19":3,"he_20_24":8,"he_25_29":10,"he_30_34":6,"he_35_39":9,"he_40_44":9,"he_45_49":17,"he_50_54":20,"he_55_59":35,"he_60_64":24,"he_65_69":16,"he_70_74":16,"he_75_79":22,"he_80_84":9,"he_85_":12,"ko_ika18y":216,"ko_perus":53,"ko_koul":163,"ko_yliop":9,"ko_ammat":101,"ko_al_kork":44,"ko_yl_kork":9,"hr_tuy":216,"hr_ktu":30215,"hr_mtu":26202,"hr_pi_tul":30,"hr_ke_tul":152,"hr_hy_tul":34,"hr_ovy":6526492,"te_taly":125,"te_takk":2,"te_as_valj":54.5,"te_yks":45,"te_nuor":2,"te_eil_np":0,"te_laps":18,"te_plap":3,"te_aklap":8,"te_klap":4,"te_teini":9,"te_yhlap":4,"te_aik":54,"te_elak":53,"te_omis_as":120,"te_vuok_as":4,"te_muu_as":1,"tr_kuty":125,"tr_ktu":52491,"tr_mtu":42072,"tr_pi_tul":18,"tr_ke_tul":90,"tr_hy_tul":17,"tr_ovy":6561410,"ra_ke":248,"ra_raky":184,"ra_muut":39,"ra_asrak":145,"ra_asunn":149,"ra_as_kpa":103.6,"ra_pt_as":146,"ra_kt_as":0,"ra_muu_as":3,"tp_tyopy":22,"tp_alku_a":6,"tp_jalo_bf":5,"tp_palv_gu":11,"tp_a_maat":6,"tp_b_kaiv":0,"tp_c_teol":1,"tp_d_ener":0,"tp_e_vesi":0,"tp_f_rake":4,"tp_g_kaup":0,"tp_h_kulj":6,"tp_i_majo":0,"tp_j_info":0,"tp_k_raho":0,"tp_l_kiin":0,"tp_m_erik":0,"tp_n_hall":5,"tp_o_julk":0,"tp_p_koul":0,"tp_q_terv":0,"tp_r_taid":0,"tp_s_muup":0,"tp_t_koti":0,"tp_u_kans":0,"tp_x_tunt":0,"pt_vakiy":245,"pt_tyoll":115,"pt_tyott":10,"pt_0_14":22,"pt_opisk":9,"pt_elakel":83,"pt_muut":6,"city":"rauma","pno":"27920","unemployment_rate":4.1,"higher_education_rate":24.5,"pensioner_share":33.9,"ownership_rate":96,"rental_rate":3.2,"population_density":6,"child_ratio":4.5,"student_share":3.7,"detached_house_share":98,"youth_ratio_pct":8.6,"gender_ratio":0.88,"single_parent_hh_pct":0,"families_with_children_pct":14.4,"tech_sector_pct":0,"healthcare_workers_pct":0,"employment_rate":46.9,"elderly_ratio_pct":30.6,"avg_household_size":1.96,"manufacturing_jobs_pct":22.7,"public_sector_jobs_pct":0,"service_sector_jobs_pct":50,"new_construction_pct":123.5,"foreign_language_pct":1.6,"crime_index":53.7,"property_price_sqm":null,"transit_stop_density":null,"air_quality_index":22.4,"green_space_pct":17.5,"daycare_density":0,"school_density":0,"healthcare_density":0,"restaurant_density":0,"grocery_density":0,"cycling_density":0,"single_person_hh_pct":36,"rental_price_sqm":null,"price_to_rent_ratio":null,"walkability_index":76,"traffic_accident_rate":1.4,"property_price_change_pct":null,"school_quality_score":null,"light_pollution":0,"noise_pollution":40,"voter_turnout_pct":58,"party_diversity_index":0.829,"broadband_coverage_pct":83,"ev_charging_density":0,"tree_canopy_pct":11.5,"transit_reachability_score":null,"sports_facility_density":0,"water_proximity_m":0,"avg_construction_year":1978,"income_history":[[2021,21827],[2022,22524],[2023,23158],[2024,23688],[2025,26206],[2026,26202]],"population_history":[[2021,253],[2022,247],[2023,254],[2024,253],[2025,253],[2026,245]],"unemployment_history":[[2021,3.6],[2022,3.6],[2023,3.5],[2024,2.8],[2025,3.2],[2026,4.1]],"income_change_pct":20,"population_change_pct":-3.2,"unemployment_change_pct":13.9,"schools":null,"crime_index_history":[[2020,55.7],[2021,46.4],[2022,50.9],[2023,42.2],[2024,43.9],[2025,53.7]],"crime_index_change_pct":-3.6}},{"type":"MultiPolygon","arcs":[[[208]],[[209]],[[210]],[[211]],[[212]],[[213]],[[214]],[[215]],[[216]],[[217]],[[218]],[[219]],[[220]],[[221]],[[222]],[[223]],[[224]],[[225]],[[226]],[[227]],[[228]],[[229]],[[230]],[[231]],[[232]],[[233]],[[234]],[[235]],[[236]],[[237]],[[238]],[[239]],[[240]],[[241]],[[242]],[[243]],[[244]],[[245]],[[246]],[[247]],[[248]],[[249]],[[250]],[[251]],[[252]],[[253]],[[254]],[[255]],[[256]],[[257]],[[258]],[[259]],[[260]],[[261]],[[262]],[[263]],[[264]],[[265]],[[266]],[[267]],[[268]],[[269]],[[270]],[[271]],[[-138,272]],[[273]],[[274]],[[275]],[[-140,276]],[[277]],[[278]],[[279]],[[280]],[[281]],[[282]],[[283]],[[284]],[[285]],[[286]],[[287]],[[288,-143,289]]],"properties":{"id":856,"postinumeroalue":"29100","nimi":"Luvia Keskus","namn":"Luvia centrum","euref_x":212063,"euref_y":6814623,"pinta_ala":136330275,"vuosi":2026,"kunta":"051","he_vakiy":2925,"he_naiset":1448,"he_miehet":1477,"he_kika":47,"he_0_2":42,"he_3_6":104,"he_7_12":229,"he_13_15":136,"he_16_17":80,"he_18_19":71,"he_20_24":76,"he_25_29":77,"he_30_34":128,"he_35_39":168,"he_40_44":180,"he_45_49":229,"he_50_54":154,"he_55_59":197,"he_60_64":214,"he_65_69":206,"he_70_74":207,"he_75_79":225,"he_80_84":107,"he_85_":95,"ko_ika18y":2334,"ko_perus":448,"ko_koul":1886,"ko_yliop":70,"ko_ammat":981,"ko_al_kork":611,"ko_yl_kork":224,"hr_tuy":2334,"hr_ktu":32742,"hr_mtu":28885,"hr_pi_tul":379,"hr_ke_tul":1412,"hr_hy_tul":543,"hr_ovy":76420991,"te_taly":1328,"te_takk":2.2,"te_as_valj":50.3,"te_yks":435,"te_nuor":53,"te_eil_np":30,"te_laps":316,"te_plap":40,"te_aklap":108,"te_klap":166,"te_teini":160,"te_yhlap":58,"te_aik":458,"te_elak":565,"te_omis_as":1160,"te_vuok_as":150,"te_muu_as":18,"tr_kuty":1328,"tr_ktu":57511,"tr_mtu":48894,"tr_pi_tul":209,"tr_ke_tul":824,"tr_hy_tul":295,"tr_ovy":76374114,"ra_ke":1289,"ra_raky":1496,"ra_muut":199,"ra_asrak":1297,"ra_asunn":1483,"ra_as_kpa":106.9,"ra_pt_as":1414,"ra_kt_as":35,"ra_muu_as":34,"tp_tyopy":637,"tp_alku_a":30,"tp_jalo_bf":307,"tp_palv_gu":300,"tp_a_maat":30,"tp_b_kaiv":0,"tp_c_teol":190,"tp_d_ener":0,"tp_e_vesi":7,"tp_f_rake":110,"tp_g_kaup":36,"tp_h_kulj":3,"tp_i_majo":8,"tp_j_info":2,"tp_k_raho":5,"tp_l_kiin":5,"tp_m_erik":18,"tp_n_hall":4,"tp_o_julk":0,"tp_p_koul":63,"tp_q_terv":140,"tp_r_taid":9,"tp_s_muup":7,"tp_t_koti":0,"tp_u_kans":0,"tp_x_tunt":0,"pt_vakiy":2925,"pt_tyoll":1225,"pt_tyott":117,"pt_0_14":458,"pt_opisk":193,"pt_elakel":879,"pt_muut":53,"city":"rauma","pno":"29100","unemployment_rate":4,"higher_education_rate":35.8,"pensioner_share":30.1,"ownership_rate":87.3,"rental_rate":11.3,"population_density":21,"child_ratio":5,"student_share":6.6,"detached_house_share":95.3,"youth_ratio_pct":7.7,"gender_ratio":0.98,"single_parent_hh_pct":2.3,"families_with_children_pct":23.8,"tech_sector_pct":0.3,"healthcare_workers_pct":22,"employment_rate":41.9,"elderly_ratio_pct":28.7,"avg_household_size":2.2,"manufacturing_jobs_pct":48.2,"public_sector_jobs_pct":0,"service_sector_jobs_pct":47.1,"new_construction_pct":100.9,"foreign_language_pct":1.4,"crime_index":72.9,"property_price_sqm":1087,"transit_stop_density":null,"air_quality_index":21.1,"green_space_pct":53.3,"daycare_density":0,"school_density":0,"healthcare_density":0,"restaurant_density":0,"grocery_density":0,"cycling_density":0.4,"single_person_hh_pct":32.8,"rental_price_sqm":null,"price_to_rent_ratio":null,"walkability_index":80,"traffic_accident_rate":2.5,"property_price_change_pct":3.9,"school_quality_score":null,"light_pollution":0.68,"noise_pollution":40.9,"voter_turnout_pct":59.9,"party_diversity_index":0.756,"broadband_coverage_pct":59,"ev_charging_density":0,"tree_canopy_pct":78.3,"transit_reachability_score":null,"sports_facility_density":0,"water_proximity_m":0,"avg_construction_year":1975,"income_history":[[2021,23995],[2022,24398],[2023,25312],[2024,26336],[2025,27698],[2026,28885]],"population_history":[[2021,3066],[2022,3064],[2023,3030],[2024,2990],[2025,2963],[2026,2925]],"unemployment_history":[[2021,2.9],[2022,3.1],[2023,2.7],[2024,3.2],[2025,3.8],[2026,4]],"income_change_pct":20.4,"population_change_pct":-4.6,"unemployment_change_pct":37.9,"schools":null,"property_price_history":[[2022,1046],[2025,1087]],"crime_index_history":[[2020,78.4],[2021,46.1],[2022,55.2],[2023,51.3],[2024,51.5],[2025,72.9]],"crime_index_change_pct":-7}},{"type":"MultiPolygon","arcs":[[[-134,-144,-289,290]]],"properties":{"id":857,"postinumeroalue":"29180","nimi":"Peränkylä","namn":"Peränkylä","euref_x":218610,"euref_y":6810043,"pinta_ala":51771246,"vuosi":2026,"kunta":"051","he_vakiy":241,"he_naiset":110,"he_miehet":131,"he_kika":52,"he_0_2":3,"he_3_6":3,"he_7_12":14,"he_13_15":6,"he_16_17":4,"he_18_19":5,"he_20_24":11,"he_25_29":5,"he_30_34":9,"he_35_39":9,"he_40_44":16,"he_45_49":9,"he_50_54":15,"he_55_59":30,"he_60_64":17,"he_65_69":15,"he_70_74":30,"he_75_79":19,"he_80_84":10,"he_85_":11,"ko_ika18y":211,"ko_perus":55,"ko_koul":156,"ko_yliop":7,"ko_ammat":91,"ko_al_kork":49,"ko_yl_kork":9,"hr_tuy":211,"hr_ktu":28418,"hr_mtu":25931,"hr_pi_tul":44,"hr_ke_tul":131,"hr_hy_tul":36,"hr_ovy":5996205,"te_taly":121,"te_takk":2,"te_as_valj":52.5,"te_yks":48,"te_nuor":4,"te_eil_np":4,"te_laps":14,"te_plap":2,"te_aklap":5,"te_klap":9,"te_teini":6,"te_yhlap":0,"te_aik":49,"te_elak":59,"te_omis_as":112,"te_vuok_as":6,"te_muu_as":3,"tr_kuty":121,"tr_ktu":49644,"tr_mtu":42405,"tr_pi_tul":31,"tr_ke_tul":66,"tr_hy_tul":24,"tr_ovy":6006920,"ra_ke":47,"ra_raky":163,"ra_muut":18,"ra_asrak":145,"ra_asunn":141,"ra_as_kpa":100.5,"ra_pt_as":135,"ra_kt_as":0,"ra_muu_as":6,"tp_tyopy":36,"tp_alku_a":10,"tp_jalo_bf":17,"tp_palv_gu":9,"tp_a_maat":10,"tp_b_kaiv":0,"tp_c_teol":16,"tp_d_ener":0,"tp_e_vesi":0,"tp_f_rake":1,"tp_g_kaup":3,"tp_h_kulj":2,"tp_i_majo":0,"tp_j_info":0,"tp_k_raho":0,"tp_l_kiin":1,"tp_m_erik":1,"tp_n_hall":1,"tp_o_julk":0,"tp_p_koul":0,"tp_q_terv":0,"tp_r_taid":0,"tp_s_muup":1,"tp_t_koti":0,"tp_u_kans":0,"tp_x_tunt":0,"pt_vakiy":241,"pt_tyoll":96,"pt_tyott":14,"pt_0_14":24,"pt_opisk":10,"pt_elakel":91,"pt_muut":6,"city":"rauma","pno":"29180","unemployment_rate":5.8,"higher_education_rate":27.5,"pensioner_share":37.8,"ownership_rate":92.6,"rental_rate":5,"population_density":5,"child_ratio":2.5,"student_share":4.1,"detached_house_share":95.7,"youth_ratio_pct":8.7,"gender_ratio":0.84,"single_parent_hh_pct":3.3,"families_with_children_pct":11.6,"tech_sector_pct":0,"healthcare_workers_pct":0,"employment_rate":39.8,"elderly_ratio_pct":35.3,"avg_household_size":1.99,"manufacturing_jobs_pct":47.2,"public_sector_jobs_pct":0,"service_sector_jobs_pct":25,"new_construction_pct":115.6,"foreign_language_pct":0.8,"crime_index":57.9,"property_price_sqm":null,"transit_stop_density":null,"air_quality_index":21.3,"green_space_pct":80.3,"daycare_density":0,"school_density":0,"healthcare_density":0,"restaurant_density":0,"grocery_density":0,"cycling_density":0.1,"single_person_hh_pct":39.7,"rental_price_sqm":null,"price_to_rent_ratio":null,"walkability_index":78,"traffic_accident_rate":6.9,"property_price_change_pct":null,"school_quality_score":null,"light_pollution":0.18,"noise_pollution":40,"voter_turnout_pct":59.9,"party_diversity_index":0.756,"broadband_coverage_pct":59,"ev_charging_density":0,"tree_canopy_pct":58.4,"transit_reachability_score":null,"sports_facility_density":0.1,"water_proximity_m":0,"avg_construction_year":1976,"income_history":[[2021,22136],[2022,20234],[2023,23225],[2024,23986],[2025,24236],[2026,25931]],"population_history":[[2021,237],[2022,249],[2023,245],[2024,238],[2025,242],[2026,241]],"unemployment_history":[[2021,4.2],[2022,2.4],[2023,2.4],[2024,5.5],[2025,5.8],[2026,5.8]],"income_change_pct":17.1,"population_change_pct":1.7,"unemployment_change_pct":38.1,"schools":null,"crime_index_history":[[2020,62.3],[2021,36.6],[2022,43.8],[2023,40.7],[2024,40.9],[2025,57.9]],"crime_index_change_pct":-7.1}}]}},"arcs":[[[21.357494953552056,61.155395161520914],[21.356533466287893,61.15525968967734],[21.355912534593433,61.15542424226684],[21.355283127442107,61.15563606883295],[21.354807039471392,61.15609246229149],[21.355032800288377,61.15648295491303],[21.35624082783514,61.15634296222921],[21.357180715486166,61.156048852832086],[21.35743568027103,61.15572609884236],[21.357494953552056,61.155395161520914]],[[21.36643914072397,61.148646628860455],[21.36478261568379,61.148381516709335],[21.3638632559937,61.14870034291857],[21.363645847322417,61.1492271043896],[21.3645606836903,61.14962254940892],[21.366416054789934,61.14958095753798],[21.36643914072397,61.148646628860455]],[[21.415968640801673,61.14983166858105],[21.41561416455102,61.14960743300816],[21.41454079391002,61.149658260806724],[21.41384199553123,61.14981984489486],[21.413332155817482,61.15002735192648],[21.41318793002595,61.150173791522796],[21.41293860785752,61.15046828972714],[21.412936402446476,61.150925431649696],[21.413624071929092,61.151049161589825],[21.41442019065868,61.1510059144631],[21.415119014684805,61.15084432776541],[21.4157205319131,61.15056440269358],[21.41597653189262,61.15023207324486],[21.415968640801673,61.14983166858105]],[[21.349969880916902,61.128644941353514],[21.349825182576048,61.12835309098197],[21.34863514835391,61.12839848759477],[21.347589791698464,61.12873572558209],[21.346876128995586,61.12942028134754],[21.346685147304804,61.12993622004],[21.347718166210043,61.130217677852265],[21.348861334142825,61.12988453625644],[21.349468734326194,61.12924314995496],[21.349969880916902,61.128644941353514]],[[21.333509956471822,61.13857622297368],[21.332982726792636,61.13822064887685],[21.331792303716092,61.13826589105538],[21.330355295429584,61.1385865516986],[21.328892747085042,61.13904901935106],[21.32848031143514,61.13969852856875],[21.32828896093694,61.14021443629047],[21.32847175938003,61.14084134096072],[21.329211577687147,61.141110606655694],[21.329789836707068,61.141182548232266],[21.330852800227305,61.140750906168385],[21.33157557625949,61.140019169260036],[21.332821256539653,61.13911887181568],[21.333509956471822,61.13857622297368]],[[21.452917157381837,61.14626844660868],[21.452875509214987,61.14605717742969],[21.45161330294296,61.146062429484864],[21.450699953649462,61.14610106963796],[21.449835724482945,61.14608457127785],[21.448853261060304,61.14629181327772],[21.448141378538395,61.14652923202495],[21.447304572047308,61.147028218170625],[21.446210468386305,61.14742135569269],[21.44494980440117,61.14786477919432],[21.444146253792383,61.14817460901718],[21.44476819148922,61.148447877644145],[21.445181131339847,61.14878874253078],[21.44587222494524,61.14889339550525],[21.446753191159157,61.14881535158109],[21.449016390950312,61.148051194427055],[21.44966668762637,61.14771598183691],[21.45067500406848,61.147586000058226],[21.45149179777199,61.14720047516736],[21.452308569518667,61.14681494589513],[21.452917157381837,61.14626844660868]],[[21.33380563241961,61.13570647811861],[21.33189078064902,61.13467882207569],[21.32936672173268,61.13570398315547],[21.32485499905672,61.136824102010436],[21.324174606196394,61.13786720019714],[21.326220591686265,61.13813190371172],[21.33084405844233,61.13707597121396],[21.33380563241961,61.13570647811861]],[[21.34284110895589,61.12610739020881],[21.34179130681129,61.12592044823436],[21.340061715084676,61.12622891561565],[21.33816644953147,61.12691145865105],[21.337036152684473,61.12772136849485],[21.335744245334595,61.128333955007456],[21.335111112961815,61.12911710151338],[21.33629706320669,61.12964323337305],[21.33723221489338,61.12992066431271],[21.33791653954052,61.129949398304085],[21.339408407875386,61.12986913310421],[21.339650418017357,61.12906955263888],[21.339777689701794,61.12836041900544],[21.340597714664483,61.12763272997851],[21.342420661548392,61.12680422353134],[21.34284110895589,61.12610739020881]],[[21.307833531307782,61.14299595391908],[21.306511952579562,61.142243324659816],[21.304013737438982,61.142435561738715],[21.300908995909257,61.14325708747432],[21.29965317368932,61.14475211060268],[21.301438222507272,61.14578019952737],[21.305314807584853,61.14481432095289],[21.307833531307782,61.14299595391908]],[[21.46001826283096,61.14108609815525],[21.461071463777344,61.14042196245548],[21.460956355253614,61.14007769404954],[21.45839947080221,61.13997268669989],[21.45774922598569,61.14034210856441],[21.45453710743019,61.1406345383209],[21.45308432071164,61.140574811769454],[21.450686928929144,61.14056110287025],[21.4506292497639,61.141413246503866],[21.450057610447637,61.141808512010556],[21.45161678585107,61.141929236516894],[21.45305599158258,61.14234744824401],[21.453778243693716,61.14295186097674],[21.456428045954954,61.14286270019407],[21.45806632075147,61.142533872947254],[21.458983631669902,61.1419773506013],[21.46001826283096,61.14108609815525]],[[21.43468889487393,61.13822414493766],[21.434205173789984,61.138198274105086],[21.43369399504135,61.13818667190135],[21.433164281040632,61.13818686029398],[21.432623018172766,61.13819771074858],[21.432075972882533,61.13821933155127],[21.431571140396397,61.13824922794728],[21.43106893915427,61.13828733514577],[21.430572879391384,61.13833240213842],[21.43008721712486,61.13838387839575],[21.429617375580083,61.138441878178824],[21.429170454732866,61.138507183597355],[21.428755814974473,61.13858128133513],[21.42838579806401,61.13866643384698],[21.428076589870898,61.13876578070629],[21.427903361208735,61.138845438881674],[21.427784551169466,61.13891609681801],[21.427692165005134,61.13899105936978],[21.427620420797695,61.13909346568648],[21.427602633014775,61.139200046759875],[21.42764128111194,61.13930652086588],[21.427786722431886,61.13944521878748],[21.42802084644498,61.13957240742011],[21.428324468003353,61.139684168904196],[21.42869978520272,61.13978245754754],[21.429540634094476,61.13995808820963],[21.429966014030253,61.14005836026105],[21.430345968718413,61.140171897850884],[21.430703033203468,61.14030301409515],[21.43103267746453,61.14044821268004],[21.4313286106633,61.14060475178899],[21.431582297711508,61.140770461245836],[21.432020843224006,61.141125121087214],[21.432306379007024,61.141298730012764],[21.432669650744238,61.141448284782236],[21.43310381708184,61.14155855536625],[21.43359150196879,61.14163705956988],[21.434097625590443,61.141689463498444],[21.43458771015917,61.14172109227648],[21.435028024239724,61.141736883784425],[21.43538540730531,61.14174148662855],[21.435627050700276,61.14173937243993],[21.4357208809939,61.14173462553035],[21.43662209481619,61.14131846473188],[21.437010079423146,61.14112999689672],[21.437398071232256,61.14093038133451],[21.43775273519692,61.14073116463253],[21.437920012274965,61.140622075729254],[21.438039504921907,61.14054414802019],[21.438222796227542,61.14038132586158],[21.438266900214984,61.14025468556078],[21.43825619039815,61.14024596182148],[21.43817967540314,61.14018363570974],[21.438004988758323,61.14013997454674],[21.437785932057025,61.14010831286227],[21.43721065768155,61.14005314635146],[21.436929842143382,61.140014651418674],[21.436680632449125,61.13995426697288],[21.436548021710912,61.139899801416675],[21.43644183166183,61.13983204445124],[21.436326604531594,61.13968573500947],[21.43627520511801,61.13951236636207],[21.436236661674542,61.138930285746],[21.436180463054633,61.13874467557353],[21.436058798204296,61.138578106634164],[21.435838417031842,61.13843737784696],[21.435523422296434,61.13833669414915],[21.43513346025517,61.13826832302569],[21.43468889487393,61.13822414493766]],[[21.328571292042554,61.14378591327717],[21.32810053392699,61.143758920126174],[21.32752787161224,61.14375628156349],[21.326886606967474,61.14377717173124],[21.326211235150954,61.14381964887913],[21.326048598234497,61.14383457074421],[21.325537142968063,61.14388149525196],[21.324900512013812,61.14396057042538],[21.32433821487747,61.14405487170957],[21.323866691688167,61.14416324922427],[21.323439926932,61.14428952842924],[21.323125733511983,61.14440986184621],[21.322849707057134,61.14454248371417],[21.322616016849757,61.14468464698357],[21.322431609573908,61.14483426336828],[21.322306476737545,61.14498975257501],[21.32224837388952,61.145170072250316],[21.32227863021236,61.145348815346466],[21.3223994512579,61.145518564725855],[21.32260557050231,61.14566889628433],[21.322882837045103,61.145804812946814],[21.323214169511736,61.145926824144944],[21.323581779488403,61.14603504060176],[21.324378467034727,61.14623939043067],[21.324795980307368,61.146351858700946],[21.32520613334457,61.14647228643241],[21.32560179855071,61.14660092476359],[21.325975189157834,61.146738416655616],[21.32629983771109,61.14687648226752],[21.326593762604702,61.14702068555621],[21.32685237935201,61.14716856919919],[21.32688430768174,61.14719053667155],[21.327069196571827,61.147317746025],[21.32723557360051,61.14746573489767],[21.327351202838422,61.14761275082541],[21.327444154379478,61.147752181782586],[21.327547554347746,61.147876106989266],[21.32768122175694,61.147978666330104],[21.32786000156519,61.14804832664703],[21.328120353262214,61.14807655982004],[21.328437187592314,61.14806257528578],[21.328795765126067,61.148016879629715],[21.329183898440096,61.14794755653539],[21.3295912327875,61.14786071451834],[21.33000850620968,61.14776085188162],[21.330426822243506,61.14765116189555],[21.330836878830656,61.14753376053219],[21.33122812443114,61.147409863441105],[21.33158780470345,61.14727988812255],[21.331899843666566,61.147143523942965],[21.33214350720039,61.14699973898631],[21.33229181338877,61.14684675553192],[21.33232422768072,61.14671618607015],[21.332284856448585,61.146581415243276],[21.332182828223672,61.14644571410454],[21.332004971386613,61.14629715412473],[21.331771840269447,61.14615232119188],[21.331494707284964,61.14601221433466],[21.331182108059277,61.145878074978995],[21.330769349063683,61.14572557827653],[21.330328044084617,61.14557454484639],[21.329867539751643,61.14540049748551],[21.32942792519353,61.14520471786762],[21.32905167019718,61.144991665848366],[21.32877839276328,61.14476657298114],[21.328656428899354,61.14458869989848],[21.328616373940335,61.144417197556756],[21.32863850141774,61.14429362943016],[21.328698248337812,61.144183841513524],[21.328831410812754,61.14405417314918],[21.328977902521146,61.14397162265493],[21.329101429568396,61.143944687201824],[21.32908645515821,61.14389505172454],[21.32890899180896,61.14383533843477],[21.328571292042554,61.14378591327717]],[[21.431856196134447,61.122715807857794],[21.43193347925103,61.12270730286973],[21.432166031545737,61.122722772457564],[21.43413616371822,61.12293301194597],[21.43476224110141,61.12299261950275],[21.43541426962825,61.12304605319156],[21.43604331139206,61.123097600076306],[21.43712903912089,61.12319712020987],[21.43760511861518,61.123223537739065],[21.43805723757785,61.123224283425884],[21.43851369651934,61.12320285761878],[21.438970543136552,61.12316154543072],[21.439459501163444,61.12309621875218],[21.439941172242527,61.123011842939405],[21.440411679739725,61.12290981083999],[21.440865995713185,61.12278983431244],[21.441305586135442,61.12264936654943],[21.441724564831553,61.1224939946559],[21.442008843197858,61.12237549046508],[21.442123371568016,61.12232774843541],[21.442499959837736,61.12215352015819],[21.442849538315674,61.1219733491531],[21.443164142182724,61.12178863728155],[21.443432005379954,61.12160033279942],[21.443636714578066,61.121409075508694],[21.443756159523033,61.12121533618734],[21.44377111412786,61.12102266280453],[21.443693333316574,61.12083488424815],[21.44353441498943,61.1206594130196],[21.443298992681505,61.120504651694326],[21.443056309821372,61.12040111252114],[21.442774100458585,61.12031710200769],[21.44236061565246,61.120234292005556],[21.440987261563773,61.120031809761265],[21.44065745903916,61.119987229854665],[21.44016119201333,61.11993598259771],[21.439648912248842,61.11989973839102],[21.439127551056448,61.11987655801517],[21.43860307728357,61.119865825321426],[21.438081035593324,61.11986825412076],[21.437567046946803,61.119885951125966],[21.437128909197174,61.11991623580231],[21.436706233430627,61.11996127600705],[21.436304516796323,61.120022435475796],[21.435930461032612,61.12010218165928],[21.435592281381442,61.12020418038065],[21.435250037345995,61.120353465484975],[21.434944333914526,61.12052554216055],[21.434350065820457,61.12088946589931],[21.43401582143231,61.12105843483379],[21.433629738351534,61.12120641527131],[21.433199675325238,61.12133565819944],[21.43273690982165,61.1214509535259],[21.432250413665994,61.12155613293737],[21.431747445359623,61.1216542770496],[21.42968794096565,61.12202272681321],[21.429191962467097,61.122119075047564],[21.42872057443632,61.12222173431638],[21.428287387859573,61.12233382611533],[21.427911157421047,61.12245929126689],[21.42767705746324,61.12256563526897],[21.427495767826912,61.12267850492572],[21.427375722208723,61.122793864808365],[21.427329274087807,61.12290751740351],[21.42736115515114,61.123006027014036],[21.427460808921477,61.123095455700884],[21.42764971437712,61.12316835999365],[21.428060146586688,61.12323234365989],[21.428596230998743,61.12325329005366],[21.429206829142853,61.12323587423307],[21.429842227037703,61.123184901935],[21.430454919929822,61.12310554823262],[21.431000168395016,61.12300436329616],[21.431381116798203,61.12290938555169],[21.431664952848777,61.12282021268268],[21.43183185717433,61.12275128541434],[21.431856196134447,61.122715807857794]],[[21.457484248516042,61.143531887061506],[21.45731151681615,61.14349489194188],[21.457024544238795,61.14348675515894],[21.45665682110137,61.14349805351856],[21.454771584238273,61.143611422084255],[21.454251342853247,61.14363323423565],[21.45373915225225,61.14364471450551],[21.453222669090117,61.143647211358605],[21.45270453724308,61.14364180727528],[21.451426878376537,61.14361459340617],[21.45090437884961,61.14361315279779],[21.45038153167927,61.143620221873654],[21.449859132636934,61.143635053949765],[21.44933792903706,61.1436575267829],[21.448818686629274,61.14368816422409],[21.448302275721865,61.14372816496532],[21.447763772715646,61.14378129423697],[21.447228319707573,61.14384356529588],[21.446163078349652,61.14398625232641],[21.44521566890431,61.144126916328354],[21.445187337477442,61.14412756522143],[21.445148871432796,61.14413683410878],[21.44510211803642,61.14414377538507],[21.444045347570764,61.14431144616027],[21.442998652283933,61.144490910348736],[21.442483453782646,61.14458738528738],[21.442014392607227,61.1446824936829],[21.441556111431247,61.14478388591649],[21.441112461491247,61.14489260372355],[21.440688880955282,61.14501029880078],[21.440565987518987,61.145050331402075],[21.440292792564247,61.14513932211453],[21.43993410045293,61.14528283169567],[21.439642404765735,61.14543179178057],[21.439393004537667,61.14559255068347],[21.439187380038575,61.14576140656356],[21.43903004019538,61.14593509738873],[21.438928732097867,61.1461106268689],[21.438886573006236,61.14628688153226],[21.438878553991838,61.146463149211584],[21.43888294614291,61.14675474235041],[21.43889508163231,61.14689279241055],[21.438917456498405,61.147007333277934],[21.438963329388006,61.14711356500986],[21.439069804319466,61.14723256936351],[21.439230745327823,61.14733191587958],[21.4394438123236,61.147404402985124],[21.439776330956985,61.14744951980341],[21.440168040147626,61.147453990787966],[21.440602404590436,61.14742857906569],[21.44106698714351,61.1473815085389],[21.441552556797692,61.14731898153017],[21.44205235791529,61.14724561576551],[21.44256150978769,61.147164807526735],[21.443595040375655,61.14699002488786],[21.448854765753676,61.14605777630529],[21.453407325974972,61.14526077328346],[21.453465735670147,61.145236222211864],[21.45505980529495,61.14466819293724],[21.45561246910582,61.1444647355627],[21.456156132427097,61.144258321407015],[21.456654242225472,61.14405999510245],[21.45706889701043,61.143881077554994],[21.45712273082329,61.143853831379104],[21.457361265336086,61.143733102886024],[21.45749924855088,61.14362502517105],[21.457517902166135,61.1435725179851],[21.457484248516042,61.143531887061506]],[[21.368515113593308,61.13378183397448],[21.368434014679735,61.13377760702352],[21.367814927759063,61.13378260750618],[21.36716626984452,61.1338236631519],[21.36651593185891,61.13389534623593],[21.36589184431657,61.13399065692148],[21.36532216700637,61.13410219318225],[21.364831936244435,61.134222828831284],[21.3643758575678,61.13435063160867],[21.36393406394963,61.13448683199782],[21.36351185775583,61.13463300909282],[21.3631163433543,61.13479175256733],[21.36275686939533,61.13496675048308],[21.362450851734756,61.13515428456029],[21.362179675250097,61.13535665179365],[21.361936359755926,61.135570183403175],[21.36171671413908,61.135792281242814],[21.36151901495295,61.13602119557287],[21.361343809453558,61.13625585662873],[21.361193285741773,61.13649366104365],[21.361062870283277,61.13673508645808],[21.360949900518456,61.136978939673874],[21.360853676399575,61.13722424454352],[21.36077542797976,61.13747014251059],[21.360718400066265,61.13771579444017],[21.360688053142333,61.13796028820584],[21.360692384965393,61.13820253781395],[21.360732490064485,61.138416111449025],[21.360807044229816,61.13862545461169],[21.36091631769969,61.13882887282072],[21.361062892104307,61.139024219131706],[21.36125175704732,61.139208781143125],[21.361461770037156,61.139363214585615],[21.361706849535903,61.13950605377836],[21.362043802279167,61.13966353380844],[21.362413266133718,61.139807266107276],[21.362803913988472,61.1399404008587],[21.3632061643028,61.14006503077836],[21.363611565626925,61.14018224909227],[21.363993784833056,61.14028625248438],[21.36437060050599,61.140378594942185],[21.364740736122815,61.14045308268876],[21.36510258011417,61.14050206150628],[21.365171507382428,61.14050480131239],[21.36545397781898,61.14051602820785],[21.36578052653918,61.14048856216591],[21.36608888141754,61.14042457078528],[21.366372147806302,61.14032908047328],[21.366621966524594,61.1402051878968],[21.366853485891845,61.14003712780185],[21.367046391529257,61.13984459590439],[21.36721367071375,61.13963468653442],[21.367366578432605,61.13941293463479],[21.36779274852021,61.13874773217352],[21.367944854835184,61.13852281944645],[21.36810875138591,61.138299054164726],[21.368309006727053,61.13805257609307],[21.368524953409104,61.13780884027094],[21.36875247789153,61.1375673913637],[21.369229069185238,61.1370896539805],[21.369804021156074,61.13652760887461],[21.369954908120892,61.13638010625965],[21.370186369356556,61.13613838062512],[21.370397791360713,61.13586489719134],[21.370570455842902,61.13556736813811],[21.37067542400378,61.13530056022565],[21.37073252928753,61.135035498166005],[21.370737631048737,61.13478204526819],[21.37068817574602,61.13454981959057],[21.370645179202,61.13446563807332],[21.37058507156453,61.13434795264604],[21.370441115475106,61.134185839906],[21.370285348669622,61.13406606249586],[21.370150449196768,61.13399332830728],[21.37006420336084,61.133973102475714],[21.36998976015301,61.13394864194363],[21.369763556932174,61.133904066621774],[21.369412080784496,61.133851771441556],[21.368960601589542,61.13380505450557],[21.368515113593308,61.13378183397448]],[[21.41351632490063,61.20465858468904],[21.423756804028297,61.20573119617337],[21.443270283646847,61.20203173893815],[21.451907511363146,61.19951235891089],[21.456488710302597,61.19642439349943]],[[21.456488710302597,61.19642439349943],[21.45626148056933,61.196400470956654],[21.455182159995953,61.196297163541296],[21.450793271038386,61.19589102359976],[21.446078989426262,61.19544015655491],[21.445295090408184,61.195387036421614],[21.439703425941754,61.194982868798384],[21.438643247428615,61.19491246083183],[21.43758822888205,61.19485410056562],[21.437064272638043,61.19483319372687],[21.436544042084332,61.194820929311135],[21.436028982847407,61.19482065658794],[21.435521008730035,61.194836788194465],[21.43502261498479,61.19487507662619],[21.434525061601764,61.19494176911334],[21.434037237194648,61.19503099918068],[21.433556380801683,61.19513643115445],[21.43308044193948,61.1952533444747],[21.43260791662224,61.195378263334476],[21.43213772552542,61.19550866455509],[21.431201643993766,61.19577926934821],[21.43006192934078,61.19611972739873],[21.42980420432383,61.19619671348773],[21.428878487328667,61.19647966002228],[21.427963365701274,61.196768764799806],[21.427512951136954,61.196917486391015],[21.42706993445722,61.19707060076843],[21.42663710316297,61.197229828719166],[21.426218144723943,61.19739598044767],[21.425809307467176,61.197568238820665],[21.42501160503952,61.19792476152851],[21.424229021755277,61.19829033495735],[21.421709467291432,61.19949429642245],[21.4176394996376,61.20143882075636],[21.416874613203827,61.20181191299809],[21.416132176597856,61.20219136848635],[21.415776388952807,61.20238546892925],[21.415436687944297,61.202584122764385],[21.415119240466737,61.202789067469254],[21.414832117462513,61.20300257022105],[21.414583524651803,61.203224838173725],[21.41436534106933,61.20345537102403],[21.414170062218204,61.20369172005056],[21.413991986072244,61.20393189623753],[21.41382679237675,61.20417422869065],[21.41351632490063,61.20465858468904]],[[21.366385446951902,61.2051696268577],[21.37978946561789,61.20421365190462],[21.387030818798006,61.20369661883347]],[[21.387030818798006,61.20369661883347],[21.38650374520159,61.20310389828278],[21.385722577573375,61.20227012146454],[21.385677965207048,61.20222250327869],[21.385281411781598,61.20177984067546],[21.385100129501698,61.20155696772449],[21.384936480672263,61.2013326321574],[21.384786350596077,61.20109514908926],[21.384516613866214,61.20062580493332],[21.384491084608538,61.20058550430912],[21.38437395958014,61.200400604966084],[21.384209556837376,61.200187267413845],[21.384008851496702,61.1999912149491],[21.383754488425197,61.19981928651578],[21.38349451842438,61.19970056438513],[21.383193826019514,61.19960068560815],[21.382860180240677,61.199517333045726],[21.38265030212728,61.199478540913404],[21.382401592984273,61.19943257091194],[21.381911892965135,61.19936515299696],[21.38140000427923,61.199309907450406],[21.380872635037935,61.199262832274364],[21.378693676085305,61.1991002138225],[21.378146448718837,61.199054421027284],[21.377603500792926,61.19900166456791],[21.37709647438097,61.19894313843862],[21.37659758125435,61.19887620186027],[21.37610916607662,61.19880086793012],[21.375634715980656,61.19871642507131],[21.375179181514277,61.19862135320477],[21.374749363469004,61.19851321566565],[21.374354390103953,61.19838850448132],[21.37400628863729,61.19824245897158],[21.373703234277386,61.198063623571265],[21.373449564778905,61.197863671709236],[21.373230980093407,61.19764993328422],[21.373036798578255,61.19742863497898],[21.37285946378543,61.19720532171279],[21.37269579162914,61.1969817538012],[21.37256414671773,61.196762468786645],[21.372488182666693,61.196548690878004],[21.372497005323513,61.196342088401785],[21.372607935595656,61.196151907002694],[21.372803680754224,61.1959701531998],[21.37306377725645,61.19579728013053],[21.37337314648749,61.195634588165895],[21.37372121801309,61.19548436032346],[21.374101234776607,61.195350034032884],[21.374509735824944,61.19523642348583],[21.374946190166824,61.19514999417736],[21.375422625305717,61.195094855187925],[21.375921331352345,61.19506709214541],[21.376435129765664,61.19505867675841],[21.37695853838902,61.19506314833408],[21.3785478415708,61.195103721194776],[21.378772562883203,61.195107114128916],[21.379074078217133,61.195111665882806],[21.379594074610285,61.19510927410348],[21.38010490981483,61.195091136368],[21.380603196077008,61.195050748208764],[21.3810538704384,61.194988856251285],[21.381495690115432,61.19490916604459],[21.382818796223553,61.19463387322655],[21.38329622225422,61.194546472915555],[21.38378347957862,61.19446682633491],[21.38427815301354,61.19439320018662],[21.384778341815444,61.19432417602592],[21.385789621575316,61.194195539486316],[21.38833974310569,61.193892391590204],[21.389353736046868,61.19376297241143],[21.38985590981966,61.19369233834619],[21.390352996092698,61.19361548671404],[21.39084308609349,61.193530098899245],[21.3913455307116,61.1934298697702],[21.391840125425308,61.19332022747645],[21.392328629662323,61.19320349897092],[21.392812184115513,61.193081329329175],[21.393766116115923,61.19282437981807],[21.393982520197376,61.19276117566019],[21.394699556926778,61.19255174653912],[21.39515508525197,61.192408116271146],[21.39542173692605,61.19231794620027]],[[21.39542173692605,61.19231794620027],[21.40017065732265,61.183283157914175],[21.402487766547175,61.18134886608964]],[[21.402487766547175,61.18134886608964],[21.402095874189133,61.18123097272342],[21.40166012847259,61.181129495302244],[21.40120406811714,61.181046966615575],[21.40073298721949,61.180979518791546],[21.400251128200733,61.18092450140829],[21.39976191033286,61.18088037034994],[21.399268133491095,61.180846621541896],[21.398772167125898,61.180823776280434],[21.398276113249434,61.180813407791355],[21.397781962202195,61.18081821879653],[21.397291729298733,61.18084217409502],[21.39680943767631,61.18088817964859],[21.39633176881048,61.18095233551841],[21.395857547216803,61.18102981627434],[21.39538578347295,61.18111683657399],[21.394915618380185,61.181210409429575],[21.39335208755362,61.181540821787],[21.393035755945863,61.181607667743926],[21.392561993876168,61.18170404560047],[21.392084736949755,61.181795745714396],[21.391602646825255,61.181880612562445],[21.391111410123,61.181957377802775],[21.390845378340465,61.18199449770131],[21.3906151293039,61.18202662400052],[21.38961202309536,61.182147975520806],[21.388600440119845,61.18225031867983],[21.388093126057193,61.18229385449518],[21.38758562343038,61.182330880194804],[21.387078624911037,61.182359468678115],[21.386572979932268,61.1823768460877],[21.386069775385245,61.182379211548124],[21.38561933445796,61.18236523368035],[21.385173723383733,61.18233576483993],[21.38473504507427,61.18229061078579],[21.384515659224583,61.182258889084146],[21.384325095954182,61.182266844520534],[21.384113243967146,61.18219122590345],[21.38384955528615,61.182140129365955],[21.383406084966442,61.18203391208378],[21.382974118392543,61.18191374162003],[21.3825533863468,61.18178225673244],[21.38214479654283,61.181641047939024],[21.38175054560522,61.18149077200488],[21.38137428950995,61.181331210356426],[21.381021386525912,61.1811612972104],[21.380675881081466,61.18096735877713],[21.3803614142748,61.180763306198834],[21.380077003325493,61.18055211499722],[21.379824863818428,61.180336033320145],[21.379610645389306,61.18011675469952],[21.379443864842337,61.17989556031367],[21.37933851458851,61.1796734397295],[21.379313839798325,61.17945118533587],[21.379378649425092,61.179241614017975],[21.379512157686342,61.1790321051854],[21.37969297182357,61.17882219835291],[21.37990299287518,61.178611395562115],[21.380347845779117,61.17818487059823],[21.380552780799082,61.177967912942165],[21.380707786104903,61.17777463653465],[21.380832564527267,61.17758023331771],[21.38092050877214,61.17738624653587],[21.380962955811594,61.17719437508033],[21.38094879127616,61.1769890690631],[21.380877030954064,61.17679204354511],[21.380870420347815,61.17678211673],[21.380754105873855,61.17660745987657],[21.380582697319085,61.17644051771431],[21.380361803106045,61.17629775210313],[21.380086727131136,61.17618738405007],[21.379707200385877,61.176109306956064],[21.379269502986155,61.17607134693204],[21.378790089445946,61.17606252070804],[21.378281213875894,61.17607446055827],[21.37775188985986,61.17610083047132],[21.3766561289926,61.17617871770722],[21.37590048349148,61.176238456041936],[21.37497164218868,61.17631188031643],[21.37440711675627,61.17635034759836],[21.373843228504327,61.17638113159012],[21.373281269167094,61.17640049131996],[21.372734377735103,61.17640489973462],[21.372193624314892,61.17639474261207],[21.371662589983224,61.17636965804924],[21.37114606818947,61.1763278414857],[21.370650513900518,61.17626587992914],[21.37018457147592,61.17617852106251],[21.369795671382796,61.17607340941977],[21.36943995122265,61.17594677113113],[21.36911944557427,61.17580248973518],[21.36883892809802,61.17564316067257],[21.368606207173354,61.17547024135237],[21.368432498251686,61.17528415760191],[21.368337359796254,61.17511123535268],[21.368290643709695,61.17493121327672],[21.36828662655554,61.174747030931684],[21.36832161951633,61.174561372469945],[21.368402504723715,61.174349809129076],[21.368614347126208,61.17389917773397],[21.36869776978928,61.173662237438926],[21.368732881722085,61.17343164913626],[21.368694221691786,61.173212247236975],[21.368579654949396,61.17303012379543],[21.3683989039717,61.1728628792587],[21.368164943802377,61.172712909776415],[21.36788707213825,61.17258396306667],[21.367660627849308,61.17251038630903],[21.367571322888125,61.172481368997715],[21.367220791709503,61.172412303386565],[21.366806647427325,61.17238131087664],[21.366362954822804,61.17238557402557],[21.365897343572886,61.172413164238534],[21.36441362612287,61.17254246716864],[21.363921966025945,61.17257523418558],[21.362921747573232,61.172632058924776],[21.361857074987785,61.17270700909545],[21.36025463082109,61.17284233353666],[21.358119559873447,61.173037353667766],[21.35652408517063,61.17319111364956],[21.3554682858367,61.173303847060176],[21.354945256856006,61.17336662295498],[21.354427469856628,61.173436168931836],[21.35399961219789,61.173501164546465],[21.353577635312693,61.17357285144948],[21.353264898433462,61.173632312458615],[21.35316264931934,61.17365175230106],[21.35275625520221,61.17373884326425],[21.352288855597916,61.17385340401734],[21.351835243361066,61.17397877083373],[21.351395449399973,61.17411317012855],[21.350970902123056,61.174255683393625],[21.350564574253593,61.17440619755629],[21.35018117231441,61.17456538772772],[21.349827428554573,61.17473474204174],[21.349512423887216,61.174916611191094],[21.349271375481962,61.17508858772987],[21.348830848173527,61.17545017962078],[21.34856438459684,61.17565648018206],[21.348274798249705,61.17585788594403],[21.34795061916993,61.176058808675414],[21.347274031860707,61.17644710429765],[21.346950357932734,61.17664037803174],[21.346658219741894,61.17683698981116],[21.346417707359883,61.17704011698955],[21.346255343978033,61.17723939679801],[21.346156325735787,61.17744241676459],[21.34612102583396,61.17764412765395],[21.346154795320746,61.17783936367087],[21.346268220840958,61.17802258049651],[21.34645644906351,61.17818170928104],[21.34670328528678,61.17833057963749],[21.347278929104547,61.17861999640886],[21.347565405926826,61.17877153559112],[21.34782341464245,61.17893536507941],[21.348055678954346,61.17913422892138],[21.34824093666584,61.17934548760364],[21.348244167626504,61.17934917202477],[21.34840288241038,61.17957464193265],[21.348543442406047,61.17980581445718],[21.348796830581314,61.18025649101658],[21.348903081717953,61.18047098610678],[21.34897762095623,61.18068050104922],[21.349000893426414,61.18088341001973],[21.348988047035338,61.180931839563264],[21.348949377051866,61.18107762678347],[21.348797289076916,61.18126810738068],[21.348561540549948,61.18144921987908],[21.348263650422183,61.18162311674642],[21.347920166112658,61.181791346339764],[21.347543691280126,61.181954942759624],[21.34714380261803,61.182114490330186],[21.346727836024495,61.182270168200354],[21.34630156369838,61.182421779576465],[21.345437020706274,61.182710157238034],[21.344249460694705,61.18307936867089],[21.343916356692475,61.18319892508912],[21.34363665423587,61.183327273553054],[21.34343183599565,61.18347046580243],[21.343313387019982,61.18364860958259],[21.343288000852855,61.1838447851029],[21.343335595992528,61.18405233355855],[21.343442467407186,61.18426532224155],[21.34360050740433,61.18447814920946],[21.343806659387322,61.18468513876135],[21.343952638004176,61.18479636194317],[21.344062591907182,61.18488013531158],[21.344374599405857,61.18505608063242],[21.34468266362062,61.18518381244933],[21.345026533729744,61.18529517932655],[21.345397226027092,61.18539214057782],[21.345477175011055,61.185409235355195],[21.345851408298046,61.185489255704205],[21.34631804895185,61.185574759072914],[21.34723693612168,61.18573204701551],[21.347661477249684,61.1858136083417],[21.348040804669886,61.18590380345967],[21.348354007525657,61.1860082923545],[21.348574966898706,61.18613366840008],[21.348679071991416,61.18627613236104],[21.34869424870713,61.18643692085381],[21.34863765180469,61.18660960320847],[21.348521195191104,61.18678845101051],[21.34835212245225,61.186968127186034],[21.348133394288432,61.1871433871898],[21.347863948970538,61.18730878115326],[21.34750422020506,61.18747601294859],[21.347094877730715,61.18762846260138],[21.3466503654566,61.187769868605905],[21.34618142645581,61.18790313595974],[21.34569595489757,61.188030503222],[21.344697002844622,61.18827404415997],[21.342676776720282,61.1887466528625],[21.341694414775393,61.18899070594307],[21.341221051949855,61.18911904707772],[21.340766308151395,61.18925426892262],[21.34033738854841,61.18939919490437],[21.33994384992022,61.18955754010694],[21.339866975540293,61.189596821710694],[21.339598217697873,61.18973415137942],[21.33931201231677,61.18993101522985],[21.3390685137783,61.19014467850931],[21.338850568027016,61.19036907284217],[21.338600024275454,61.19064508793198],[21.338432444103955,61.19082970329108],[21.338204738158275,61.19105665896457],[21.33794569219281,61.19127511279416],[21.337650723888615,61.19147779928043],[21.337324698378747,61.191670771227095],[21.33698071103138,61.19185694311264],[21.336289482561604,61.192218253004754],[21.33596952916982,61.192397307903846],[21.33568831317705,61.19257762782896],[21.335466463146574,61.19276090100918],[21.33532978904199,61.19294886925309],[21.335300899522064,61.19314730042808],[21.33537154388048,61.19334655013652],[21.335525544422698,61.193540329098774],[21.33575433471924,61.19372172565559],[21.33605641811488,61.19388277440703],[21.336386511965088,61.19400350843589],[21.33676263041617,61.194106730698294],[21.33717223931135,61.19419744470965],[21.337605515162192,61.194279853231585],[21.34007692453007,61.194698314014175],[21.34112001035526,61.19488396326889],[21.34215228089182,61.19507866889312],[21.343163795904033,61.19528714544766],[21.34365716254805,61.19539934946384],[21.344138545184652,61.19551922549199],[21.34460399577082,61.19564927088454],[21.344966833485785,61.19576377364811],[21.345316469913353,61.19588566077961],[21.34565292457287,61.196013838651055],[21.345975601669785,61.19614747140989],[21.34669960738743,61.19647546592315],[21.347058354988896,61.19663143171789],[21.347098793489128,61.196646672886196],[21.347429942332308,61.196771481483744],[21.34782653594784,61.196886370623346],[21.34823233134013,61.19696502861116],[21.34866476418236,61.19701963176382],[21.34911753982639,61.19705678346869],[21.349225902356366,61.19706261621455],[21.349585605882563,61.19708197800087],[21.351044197062702,61.197130142778555],[21.35153884456774,61.19715015134494],[21.352079828170893,61.197180727868925],[21.35261881643514,61.197219927357644],[21.353153329206776,61.197266782018374],[21.353680090664465,61.197320983922936],[21.354194643982467,61.19738293282067],[21.35469087102357,61.19745381419297],[21.355160413761567,61.197535715512856],[21.355591938584414,61.19763178634907],[21.355970263341778,61.19774644584116],[21.356275290344797,61.197885631561185],[21.356484504425715,61.198048750673614],[21.356614958829585,61.198232003944156],[21.356675928678108,61.19842632891791],[21.35667092084716,61.19862347602382],[21.35659793465047,61.19881548123164],[21.35644954397644,61.19899415640952],[21.35621340347019,61.199157790137996],[21.355920690322005,61.1993035181948],[21.35529747779235,61.199558716700686],[21.355031292722746,61.19967478590315],[21.35484193944769,61.199786560721805],[21.35477076636509,61.199896114381744],[21.354840051640142,61.19999793335018],[21.355017544332622,61.200101264708316],[21.355272471577905,61.20020803445329],[21.35591538062025,61.200441147923],[21.356261435485855,61.200573357647734],[21.35661210357528,61.2007249908989],[21.356945906036724,61.200889258149836],[21.3572545397323,61.20106310152032],[21.357527693405153,61.20124422452089],[21.357752133087853,61.20143095933682],[21.357910706898355,61.20162215683842],[21.357981230173067,61.20181709856846],[21.357942806474785,61.20202263660688],[21.357810846683055,61.202230675488494],[21.357609900414385,61.202440332251484],[21.357358715814854,61.20265091092944],[21.357071484958915,61.202861823211634],[21.35675892909156,61.20307252847858],[21.356429243263236,61.20328247784952],[21.355743373356255,61.20369748597365],[21.355103868009873,61.20407413159432],[21.35482475784256,61.20424622081168],[21.354628684165576,61.204380525935555],[21.354572495001186,61.204419013916784],[21.354361003453633,61.20459434324557],[21.354206891610243,61.20477403456523],[21.354120934281305,61.20497530927748],[21.354115862464763,61.20517799339648],[21.354186576723944,61.20537586280673],[21.35433365625382,61.20556203229467],[21.354564036602422,61.205733524917974],[21.35485980002073,61.205883218660276],[21.355074586343225,61.20596083945704]],[[21.355074586343225,61.20596083945704],[21.358149149024594,61.20574934134995]],[[21.358149149024594,61.20574934134995],[21.35837441041338,61.20559822290482],[21.358639271086314,61.20539021842719],[21.35890377613218,61.20515634937275],[21.35940372232307,61.204714297068755],[21.359671399590063,61.204488055398315],[21.359958036487804,61.204269050597304],[21.360262686669685,61.20406622880916],[21.36058898641678,61.20387622049971],[21.360933178625668,61.20370106222703],[21.36129278366421,61.203544167955236],[21.361666461613275,61.20341062932593],[21.362053886787574,61.203307603751014],[21.36245565690956,61.2032447696581],[21.362867546335455,61.203230251299246],[21.363286400111168,61.20325693116222],[21.36370387714622,61.2033171567495],[21.364111270570643,61.20340603183825],[21.364498897534364,61.20352114709399],[21.364855485370995,61.2036624140487],[21.365189765683144,61.20384115052032],[21.365482922297044,61.204043080154804],[21.365740597656682,61.20426174450685],[21.365965054576616,61.20449250002784],[21.366155207832914,61.20473214407827],[21.366306520680144,61.20497862800632],[21.366385446951902,61.2051696268577]],[[21.554029021627873,61.1574454411117],[21.560307519878084,61.15475934661983],[21.556717368120967,61.149737265105635],[21.562354845191212,61.14767303375093],[21.553709839648164,61.14569563098096],[21.549297347664314,61.138346611351615],[21.54986938357181,61.137336811080594],[21.549693789801246,61.13701288367031],[21.549751027711373,61.13698432679693],[21.550627215870097,61.13626698932323],[21.550713634128588,61.136261452621085],[21.551391806944572,61.13603287391027],[21.551525093965815,61.13576204322525],[21.551291294806997,61.13547333489016],[21.550903330427396,61.135334161689414],[21.549847056387897,61.13551345637071],[21.54967179632426,61.135356559772504],[21.548895378939978,61.1350912850183],[21.548860288444356,61.13485469586886],[21.54688520905455,61.133880788058384],[21.54677750873581,61.133701264495656],[21.544951638216688,61.13179651891585],[21.544828041414608,61.131389495733146],[21.543912362776588,61.129891804166846],[21.543864906522526,61.129267428341905],[21.54464587428059,61.12456256227777]],[[21.54464587428059,61.12456256227777],[21.541704318215242,61.123550178513526],[21.53886717622822,61.1231052966433],[21.533601703437768,61.123869809127406],[21.529822558117786,61.124421589903854],[21.528940655579444,61.124973920497865],[21.528831308708334,61.12530601567217],[21.52699647893033,61.12575908124831],[21.52698822629504,61.12576475546753],[21.52685801041177,61.12574955095982],[21.526208456598358,61.12561695499562],[21.52585620659835,61.12547045344565],[21.52547253521012,61.12521537539785],[21.52545168244617,61.12517523258167],[21.525206377579735,61.12498854577651],[21.525189318220832,61.12495636595164],[21.525061652048358,61.124838190156865],[21.524886331604748,61.12474912420597],[21.524783926599675,61.124650035140526],[21.524524305313427,61.12450655833732],[21.524450479834528,61.12440236184606],[21.52437073922488,61.12434763604935],[21.524279593614843,61.12423911654669],[21.524150606718873,61.1241588829499],[21.52396991186888,61.124024025469204],[21.523929933327583,61.12400665536829],[21.52374681221054,61.12385426923571],[21.523605719435096,61.12378766765577],[21.523590148744017,61.123758211934216],[21.522448012805825,61.12298758443308],[21.522215785562103,61.12298107079258],[21.521990157040143,61.12293464270579],[21.52093843701337,61.12207504399215],[21.51872458914877,61.12015602893755],[21.51821598092747,61.11984653148003],[21.51771974701129,61.119592108670446],[21.516173495578112,61.1183755474084],[21.51593921619667,61.11811114107874],[21.514128280616863,61.117775892056095],[21.513467589083916,61.11752879895995],[21.51343896244483,61.11752159623119],[21.51181208095853,61.11610210276311],[21.511899454219442,61.11594116991805],[21.51126061560928,61.11550664486312],[21.511167011701637,61.1154690546175],[21.510769201456103,61.11511509473329],[21.510475584931527,61.11478496178897],[21.510437965150434,61.114753953908775],[21.510116257581704,61.114399158816816],[21.50991440071668,61.11406245366237],[21.509845702618527,61.11383374767099],[21.50983870592395,61.11357475225091],[21.510281722184057,61.11206484893448]],[[21.510281722184057,61.11206484893448],[21.508962823014684,61.11202101195039],[21.507809730845665,61.11229039394299],[21.507461160499016,61.11227902871559],[21.506894789854012,61.11221821605982],[21.506389751309534,61.11211387639586],[21.5059481196749,61.11195407647787],[21.505501339604994,61.11167417052896],[21.50403869588837,61.11107582274809],[21.50316707608213,61.11125286713403],[21.494533628549895,61.11451644830796],[21.488188472435354,61.11453958967921],[21.473518698554344,61.11497367793528],[21.472735282627657,61.1164113469764],[21.469408245831993,61.117193539300374],[21.468380720742882,61.116122538137496],[21.474460276931186,61.11089688227616],[21.47347623189277,61.11001142364129],[21.467104461877668,61.112138483787184],[21.465124215759836,61.11115854802244],[21.45629823301881,61.111807775701344],[21.454014677971248,61.11268681753105],[21.45308048947069,61.112237714313046],[21.447903920447644,61.11292919406318],[21.44585007284816,61.11238360976707]],[[21.44585007284816,61.11238360976707],[21.44570895824618,61.1124894755161],[21.445542632381,61.112628952101005],[21.445467305284755,61.112692118428804],[21.445272579846254,61.11289133472681],[21.445144379506214,61.11308555233695],[21.44510786991762,61.1132725753435],[21.445168133362138,61.11342690809823],[21.445304646247912,61.11357133444997],[21.445504745870704,61.11370291136055],[21.445759702317293,61.11381784615098],[21.446064327989394,61.113911326519556],[21.446463090101574,61.11398678674576],[21.446906397667195,61.11403586702533],[21.44738166669839,61.114065431680146],[21.447879396907037,61.11408082689651],[21.448392441334995,61.11408621513112],[21.448915411089306,61.11408487098284],[21.451034209487833,61.11406075068467],[21.45155620211406,61.11406104994119],[21.45206897715674,61.11406904206651],[21.452568401818123,61.11408833454285],[21.453049171940627,61.11412354874986],[21.45350441944955,61.11418064854183],[21.453925250073613,61.114267305560844],[21.454300848124674,61.11438825850679],[21.454642496979023,61.114538307927944],[21.45495862558316,61.11471005507097],[21.455255507664333,61.11489778911805],[21.45553755958812,61.11509715835741],[21.455807574276037,61.115304887317464],[21.456066856546148,61.1155185465437],[21.456315281967814,61.11573635522819],[21.456551242416733,61.1159570250805],[21.456771514993925,61.116179637948136],[21.456971003727325,61.11640353800658],[21.45714239897239,61.11662824756513],[21.45727569037001,61.116853390348815],[21.457351051393335,61.117060659458595],[21.457357584603418,61.1170786270572],[21.457377124371327,61.117287487813506],[21.457347371843937,61.11749374542417],[21.457275115149585,61.11769482403451],[21.45716241641559,61.11789031245184],[21.457011030638235,61.118073848441256],[21.456819192479013,61.11824109588232],[21.456582361547667,61.11838680439316],[21.456304907251603,61.11850550300324],[21.4560481316963,61.11858923647523],[21.45536957477538,61.118810507092284],[21.455084889020274,61.11892999060484],[21.454820341490873,61.11908777716797],[21.454598505268155,61.11927053877402],[21.454410898669703,61.119472355621646],[21.45425143979638,61.11968860176613],[21.454116229263445,61.11991572020859],[21.454003411897066,61.12015101472196],[21.45391342907022,61.12038782707964],[21.453840212181,61.12062871760808],[21.45378047402855,61.120872182176065],[21.453732358226492,61.12111694919938],[21.45369537713035,61.12136186728785],[21.453670419807306,61.121605796670806],[21.453659851745915,61.12184750799433],[21.45366770406457,61.12208556949682],[21.45369996436589,61.12231822756093],[21.45376495308115,61.122543277275355],[21.453873833054892,61.122757915964584],[21.454041199884802,61.122958571220096],[21.454298619231608,61.123155243296274],[21.454622006592707,61.12333611838939],[21.454993685802005,61.12350546975326],[21.455400263442204,61.12366655702697],[21.455831706068388,61.12382184838629],[21.45628054840845,61.12397319587109],[21.457209566252338,61.124269285075904],[21.45909666949701,61.12485815942052],[21.459555822703415,61.12500842201136],[21.46000090230688,61.12516129266371],[21.460424647241826,61.12531771349664],[21.46081715117654,61.125478864575406],[21.461164972146243,61.12564624256999],[21.461450038314542,61.12582172383481],[21.46164835975482,61.1260076401992],[21.46172335071383,61.12614665939061],[21.461747931465112,61.12628939826189],[21.46172880418249,61.12643295410444],[21.46164665741025,61.12661508099537],[21.461504699874336,61.12678673602165],[21.461303634876028,61.126940177993156],[21.46103934399535,61.127066342575525],[21.460718815367898,61.12715548924436],[21.46034745002838,61.12721509002867],[21.4599387462245,61.12724969238218],[21.45946469925506,61.127263170306676],[21.45896863422725,61.12725754612996],[21.45845764446715,61.127238136789664],[21.457936869541726,61.1272089424101],[21.457409982049864,61.12717293718197],[21.45634734929951,61.12708864536738],[21.45263019893392,61.126766003466436],[21.451575086011864,61.12668345681059],[21.450521530834234,61.126615036046104],[21.449994790634875,61.12658947923423],[21.449467713609785,61.12657235509277],[21.448914791714355,61.126565245395284],[21.44836135614101,61.126567145023806],[21.447807574052913,61.12657551556814],[21.44669939166721,61.12660420477585],[21.445036345433596,61.12665774856469],[21.44392723475097,61.126688523475345],[21.442817555337463,61.1267046132408],[21.442288173111038,61.12670390238876],[21.441228685192,61.12668907271794],[21.440168040684807,61.12666304538989],[21.435369832675843,61.12651107558643],[21.43429723913445,61.12648981084574],[21.43376118490483,61.12648619978148],[21.433226250809778,61.126489928599575],[21.432693626202084,61.12650380956924],[21.432171581532323,61.12652988437732],[21.431654632842232,61.12656690337689],[21.431144828383303,61.12661326542976],[21.430645338762016,61.12666825462019],[21.430160805890587,61.12673202408589],[21.429697756275043,61.126805626613105],[21.429265163947324,61.1268910937183],[21.428875132321743,61.12699154754428],[21.428543731226565,61.12711137226215],[21.428314937853184,61.12723541472368],[21.42814968962576,61.12737342109305],[21.42805401886474,61.1275207454372],[21.428038075013653,61.12767336275748],[21.428118133115703,61.1278403411331],[21.428278726075916,61.12800937038011],[21.428495991299116,61.12818086574437],[21.42875004362421,61.128355596761644],[21.429302062961007,61.12871972465523],[21.429570232281762,61.1289126599576],[21.429803075097624,61.12910324095519],[21.430015472571185,61.129300879523804],[21.430207979246514,61.129503740966236],[21.430380040830176,61.12971027240161],[21.43052984561524,61.129919116533095],[21.430654124360252,61.130129011584984],[21.430753211512577,61.13034900164574],[21.430819654444324,61.130566152258105],[21.430851966534707,61.13077755794978],[21.43084994516063,61.13084649294588],[21.430846033284197,61.13097983749551],[21.430794842888858,61.13116892027365],[21.43068813838043,61.13133981316739],[21.430511961478267,61.13148634856878],[21.430484984880458,61.13149848422521],[21.430233554423918,61.13161159361069],[21.429882453507343,61.131709742591866],[21.429482529180472,61.131788863314114],[21.429054243922977,61.13185562205111],[21.428185957520437,61.13197426518606],[21.427782676167816,61.13203623682526],[21.427427361237324,61.13210678558667],[21.427145027500433,61.132191651792205],[21.426966230013335,61.13229754103594],[21.426915216557497,61.13242778676201],[21.426968361237726,61.13257944535603],[21.427099512089267,61.132746993442595],[21.42728859595937,61.13292600389207],[21.427520524411314,61.13311288018193],[21.427784266063355,61.13330461828406],[21.428072121158767,61.13349857238023],[21.428379130037573,61.133692242298864],[21.428702685544966,61.13388305497094],[21.429042254764987,61.13406814860103],[21.42939925467731,61.13424413889385],[21.429777033054425,61.134406868925055],[21.430180954478757,61.13455113274787],[21.430630421563105,61.134676410001305],[21.431106011825317,61.134781432129],[21.431600056202473,61.13487102155079],[21.43210659873672,61.13494856481921],[21.432620951022987,61.13501617421591],[21.43313930800628,61.13507479698371],[21.43365840352306,61.135124247000896],[21.43417519213297,61.135163171844425],[21.434686565307707,61.13518894117273],[21.435189056201953,61.13519746264024],[21.4356785538521,61.1351829127022],[21.43615000210669,61.13513739569078],[21.436600382414518,61.135054273711994],[21.437032350604124,61.134940347477155],[21.437450638569082,61.134803894724485],[21.437858874661607,61.134651209816724],[21.438259823242706,61.134487017762886],[21.43904761928425,61.1341371878981],[21.439825060367184,61.133772526407036],[21.44176056757315,61.13284912989551],[21.44254443388502,61.13248798194177],[21.4429423505514,61.13231230482261],[21.44334661183215,61.13214172844622],[21.443759743334464,61.13197824057452],[21.44418508971492,61.13182449449998],[21.44462703180231,61.13168399257923],[21.445097091867584,61.13155758719982],[21.445584345039844,61.131444778655684],[21.446084338500306,61.13134190564908],[21.44659372245599,61.13124626140043],[21.44763152412285,61.131069681691486],[21.44868551572762,61.13090743760319],[21.449216706664014,61.13083186383671],[21.449750243612772,61.13076127177155],[21.450285988052773,61.130697497141085],[21.45082386701794,61.130643241505496],[21.451363795144104,61.13060227244883],[21.451910488795573,61.13057803214963],[21.452455853170047,61.13057017855399],[21.452996111591148,61.13057800911183],[21.45352655493745,61.13060249304809],[21.4540411112259,61.13064638058124],[21.454531802905866,61.13071440023501],[21.454988117281765,61.130813537187464],[21.455387272387938,61.13094422416628],[21.455750356574182,61.131102786977976],[21.45608282606593,61.13128128151338],[21.456386908859265,61.13147340756861],[21.456661561003603,61.13167406967804],[21.45690226201882,61.131878984429],[21.45710057680729,61.13208432407379],[21.4572435291268,61.132286373085385],[21.457312717915993,61.132481207422394],[21.457283200316482,61.13266436685924],[21.457146358381085,61.13282225423039],[21.456919888448702,61.132966158311106],[21.456624112577735,61.13309613804043],[21.456274104289218,61.13321121494887],[21.4558805147306,61.13330930003013],[21.455449533501767,61.13338876086539],[21.454992120265214,61.13345152727586],[21.454516250401195,61.1335001463405],[21.454027934878578,61.13353604673759],[21.453531666970772,61.1335596236876],[21.453030816293683,61.13357028483333],[21.45252792254471,61.13356646320005],[21.452073525781252,61.13354974070506],[21.450706521268778,61.13346510047079],[21.450152882647703,61.13343462928522],[21.449597508696808,61.13341040532172],[21.449041703697073,61.13339250384518],[21.44848676683164,61.13338154715354],[21.447934180590064,61.13337885003929],[21.44738577694225,61.13338657514137],[21.44684396180528,61.13340794830337],[21.446311947985546,61.1334475102873],[21.445811870002974,61.133507682950174],[21.44532903548987,61.13359182448294],[21.444856197618872,61.13370403152297],[21.44440240987843,61.13383752720337],[21.443964681007706,61.13398694039939],[21.443541973274485,61.13414834396479],[21.443135292922616,61.1343189839815],[21.442747890751434,61.134497060345424],[21.44238564399046,61.13468155622167],[21.44205758471388,61.13487210233748],[21.441776642548206,61.13506888250032],[21.441560589031933,61.13527254651065],[21.44142877740494,61.135479146259954],[21.441377998102425,61.135686200580935],[21.44141049096355,61.13588632428456],[21.441535644359657,61.13607147615959],[21.441741171359286,61.136222880601316],[21.44195714430716,61.136326218238125],[21.442018380030337,61.136355517568425],[21.442021377584407,61.136356550118514],[21.44235062040666,61.136469959768334],[21.442725444091597,61.136565499535266],[21.44313389047672,61.13664007981743],[21.44355468100929,61.13669025691572],[21.443993302525158,61.13672047971484],[21.444443440420574,61.13673243477746],[21.444900031319754,61.136726645222254],[21.445420212501663,61.13670003298526],[21.446997016881465,61.13657785456403],[21.44753855459516,61.13655080748403],[21.44808322339328,61.13653616629929],[21.44862914136242,61.136532813065436],[21.44917472819125,61.13654045411194],[21.449718559033567,61.136559668023615],[21.450259236190178,61.13659196875839],[21.450790981506472,61.13663814197158],[21.451319214503616,61.13669567097778],[21.45184481453188,61.13676144455887],[21.4523685295378,61.13683303370857],[21.45402951895322,61.13708007811736],[21.45445634391951,61.13714355682592],[21.455503546537425,61.13729397759939],[21.456030079023993,61.13736256812993],[21.456559618878632,61.13742379548996],[21.457076662400212,61.13747417491796],[21.457596281629844,61.13751644359364],[21.457696220461287,61.13752316785019],[21.458117392370273,61.13755150378501],[21.458638915221343,61.137579531651234],[21.459159682118287,61.13759994730456],[21.459678324370348,61.137611341813454],[21.46019315175169,61.137611359739736],[21.46070200447319,61.137596534663594],[21.461202075436276,61.13756207129008],[21.461637065906732,61.137511240292646],[21.46206180083193,61.13744290086573],[21.462475100952272,61.13735901536758],[21.462874952464297,61.137260521883206],[21.46325839499431,61.13714737823985],[21.463621374384925,61.13701858387749],[21.463976582764158,61.13686587743283],[21.464309319866516,61.13669858387178],[21.464623956689355,61.13652056201379],[21.46492353507152,61.1363349608718],[21.465209932419878,61.13614443703593],[21.465483978559817,61.135951369187715],[21.465745549235237,61.135758057252346],[21.46649090040746,61.13518214651422],[21.466740434700625,61.13501955822554],[21.467005096940575,61.13489129580122],[21.46729666990003,61.134811495710814],[21.467639633916686,61.13479195930878],[21.468013241853168,61.13482663588221],[21.46840599496095,61.13490180890913],[21.468807434843942,61.13500747403875],[21.469207364496434,61.13513670773483],[21.469595024261075,61.13528517627822],[21.46995820390751,61.13545077535974],[21.470282277867927,61.135633399730075],[21.47054913885795,61.13583482478391],[21.470736058654598,61.13604588141044],[21.470865477233627,61.136271310333754],[21.47094824710547,61.13650632927458],[21.470991441704726,61.136747049491134],[21.470998760999006,61.13699019003511],[21.470970814996537,61.13723281938523],[21.470905290274956,61.13747211657353],[21.470797037572712,61.13770515786399],[21.470686086204,61.13787466074619],[21.470433663006872,61.138207663223454],[21.470284910028663,61.13842571312538],[21.47016252679743,61.13864412564679],[21.470074250522444,61.13885972954241],[21.470030390410326,61.13906893518008],[21.47004460204788,61.13926750165542],[21.470134748455735,61.139450266033364],[21.47032152709767,61.139616816483766],[21.470587185266265,61.139761593646114],[21.470911536024456,61.139884569796614],[21.471279060446683,61.13998391599472],[21.471677961987638,61.14005588503354],[21.47209933408471,61.14009466391325],[21.47253104092746,61.14009671497428],[21.472972137853912,61.14007392825008],[21.473863067508177,61.14000884686311],[21.47430409902228,61.13999315246729],[21.474736076046018,61.14000750264359],[21.475123143550274,61.14005755626974],[21.475498540254677,61.1401386276596],[21.475861935728254,61.14024405496182],[21.47621191040155,61.140368619460894],[21.47654577431099,61.14050832666479],[21.4768593149105,61.14066019888991],[21.477146484669937,61.14082210318251],[21.477391980442558,61.14098610608619],[21.47760191069464,61.14115475561581],[21.477770341752212,61.14132499923924],[21.477862640976003,61.14145713942393]],[[21.477862640976003,61.14145713942393],[21.478857410687876,61.1414901796899],[21.479064434269272,61.141526689776654],[21.47990900260412,61.14145746174883],[21.480007262698813,61.14145427398015],[21.480542522490378,61.141462035124],[21.480745715301712,61.14147533304678],[21.481231174600055,61.14144739650386],[21.482805018810573,61.14144180826198],[21.48396529870637,61.14163227327854],[21.48848955121787,61.142105207529085],[21.498210655274935,61.14270153712629],[21.501102287078147,61.142494718310694],[21.501877586816327,61.14250176341455],[21.50220890642116,61.14256169168837],[21.502663642053943,61.1425584897555],[21.50373459470221,61.142703729945644],[21.504588506217353,61.142587436795665],[21.505358606140938,61.14277449240323],[21.50544741193236,61.14320420833586],[21.505807770096492,61.143559019114335],[21.50583250586554,61.143669853680116],[21.505778728509235,61.14384606207181],[21.50580211762929,61.14402907481548],[21.505799489985947,61.14403829708816],[21.50586294871717,61.14428831027276],[21.50597379136316,61.144443015481066],[21.506099511442713,61.14455203009406],[21.506065241027922,61.14462652340624],[21.506175714418536,61.14512021700074],[21.505989165584214,61.14537052247646],[21.50592139015358,61.14542056683495],[21.505953593079177,61.145615046023224],[21.505992561762138,61.14568789196824],[21.50606873780603,61.1457565370646],[21.506438099288637,61.14598452011896],[21.506548924875197,61.14602859569529],[21.507791105862182,61.14624336407352],[21.50859787811693,61.1465787926997],[21.50861327051427,61.14661907339036],[21.508968685557686,61.14677054936964],[21.509446453526074,61.14705160862355],[21.51173191319959,61.148328885697296],[21.51208097578329,61.148346793204254],[21.512758520715806,61.14848410733186],[21.514498687739128,61.14891272718589],[21.514579260637163,61.148920250486405],[21.514618175505184,61.148922429095606],[21.514907241661707,61.14899846241275],[21.515453008728457,61.149112006444746],[21.515661266132792,61.14937719445277],[21.515674321640635,61.14991359093304],[21.515571254595308,61.151076922321565],[21.515560117021394,61.151188436146974],[21.51542110292996,61.151447419980485],[21.51489023268211,61.151924822711905],[21.514368859074303,61.15221888688775],[21.51275937593311,61.15286299004196],[21.50803339022186,61.161573632372765]],[[21.50803339022186,61.161573632372765],[21.512776093756244,61.1617181308075],[21.514786879569993,61.16037646742192],[21.517503085205668,61.159900922087274],[21.51886907663372,61.1588087483346],[21.519877571148633,61.15818824953744],[21.522095903903313,61.157079009180485],[21.523701924328904,61.15653815568557],[21.5231721240147,61.15612647389607],[21.524632627596734,61.15519985191556],[21.524730429505084,61.15439089372007],[21.5269409704897,61.15288246325213],[21.53379568102439,61.15249789048554],[21.533936066930824,61.152499078647935],[21.548205525461707,61.1552951049806],[21.554029021627873,61.1574454411117]],[[21.413945257733815,61.192216740038354],[21.41381537859318,61.19205895765066],[21.41329924022988,61.1920757100931],[21.412687932411814,61.19218378066439],[21.412190822127943,61.19231562517687],[21.412349801328965,61.19253176825682],[21.412682328957956,61.19265983367573],[21.413332831685054,61.19255338420223],[21.413945257733815,61.192216740038354]],[[21.454381949413005,61.149394141888216],[21.454206239797582,61.149272616429165],[21.453566749412595,61.149322534147664],[21.452636661045663,61.14945575498057],[21.452401027176602,61.14967467522275],[21.452488471365577,61.14984972720178],[21.45296144024841,61.14985012065488],[21.4537250070212,61.14976720458935],[21.45410719293456,61.149611456836595],[21.454381949413005,61.149394141888216]],[[21.45496286009239,61.1474367474395],[21.454647263099115,61.14721421956711],[21.45390039972382,61.147202572734294],[21.45334839606113,61.14742754014083],[21.4534325115521,61.147621504743555],[21.453559091019432,61.14779816479726],[21.454028701110246,61.14781746825064],[21.45480219923833,61.147677803030035],[21.45496286009239,61.1474367474395]],[[21.442218938257643,61.15935262435059],[21.44188329569933,61.15924354790466],[21.440832085369877,61.159390759966165],[21.440378096146734,61.15950541512882],[21.439982371013233,61.15973677445049],[21.439962341485913,61.159850254532685],[21.44050373935918,61.159910659967956],[21.441388361861566,61.15981374134415],[21.441898186203503,61.159606127429136],[21.442218938257643,61.15935262435059]],[[21.44368820608255,61.18389441202556],[21.443345622409296,61.1838231617294],[21.44267625646137,61.18381466656652],[21.44234856822383,61.18410599361527],[21.442138409451623,61.18440215836085],[21.442108346127352,61.184572378481654],[21.442545092651272,61.184780862294026],[21.443146138905263,61.18472939367449],[21.443750524498505,61.18465900963116],[21.44439408543262,61.18459023380622],[21.44451251203433,61.18436649654631],[21.44431416931827,61.18414877702392],[21.44368820608255,61.18389441202556]],[[21.44206486289439,61.18236068786223],[21.441213011839547,61.182268469404384],[21.440768712519166,61.18232638164829],[21.440696126624363,61.182513902080125],[21.440829445747976,61.18265274721396],[21.440639329663544,61.18283542886201],[21.44019410284494,61.18312191168185],[21.440029791963934,61.183381858941495],[21.440283985127707,61.18350663039522],[21.441142549909074,61.183561028818254],[21.441495147522193,61.18357554372278],[21.44195525906085,61.18365163561219],[21.442327898963626,61.1835526682808],[21.442449674068875,61.183310019211525],[21.442411400683056,61.18307983314037],[21.442223100536207,61.18280537072886],[21.442191507452165,61.1825373581255],[21.44206486289439,61.18236068786223]],[[21.46261179028657,61.14428368045706],[21.461672663922762,61.14424513285067],[21.46052126971026,61.144293116629974],[21.459926908586702,61.14453541988104],[21.459404151811995,61.144818762088995],[21.459037908459624,61.14510853042047],[21.45894890521677,61.14539063426721],[21.459503393364095,61.14537530463029],[21.459940488901584,61.145355151542304],[21.460759681166984,61.1451792301483],[21.461716198839085,61.14489463814208],[21.462427945609633,61.14465714519897],[21.46295399553171,61.14435487648832],[21.46261179028657,61.14428368045706]],[[21.40954424919674,61.19054862242015],[21.40938865754946,61.19031356461455],[21.408472834016646,61.190580471774766],[21.40793202829519,61.19095816007853],[21.408061873249714,61.191115948602764],[21.40819392509223,61.19148339370671],[21.40833491296288,61.19202267227128],[21.40895401531263,61.192315024297606],[21.409267504518997,61.192328002004],[21.409584356879655,61.192322066489346],[21.410473341668563,61.19220645057233],[21.410392748017014,61.191993550032436],[21.409972925756662,61.191690401821546],[21.409422112493377,61.19145803551879],[21.40944006416336,61.19113490420745],[21.409497198433026,61.1908133949171],[21.40954424919674,61.19054862242015]],[[21.449616480071562,61.15205581031593],[21.45040925510289,61.15203126474361],[21.45103548069206,61.15205701784743],[21.45161923924396,61.15210007284966],[21.45199480220039,61.15198215959339],[21.452507759060957,61.1517555899167],[21.452974910757426,61.15156523654843],[21.45363109054734,61.15142075250012],[21.453804289202075,61.1513326185279],[21.452949901977057,61.15125939777667],[21.452163807245242,61.151246130406996],[21.451185352003264,61.1512058983152],[21.450539158626462,61.151293628376855],[21.44991544291119,61.15147753408905],[21.44872045884729,61.15177129194957],[21.448273272384984,61.15184814843055],[21.44842898168671,61.15208316339865],[21.448748756705193,61.15205821785767],[21.449616480071562,61.15205581031593]],[[21.443298603097617,61.15859694562409],[21.444009917285566,61.15858812985802],[21.444949441722486,61.158626805274565],[21.44573658336092,61.158411542409866],[21.446354656882644,61.15803691128326],[21.446753648232,61.15778661855322],[21.447746486485965,61.15752265670789],[21.448295378439624,61.15731662816437],[21.448247082981318,61.157143184815965],[21.447346743109573,61.15710614347888],[21.446331439498,61.15727392408093],[21.44598160090705,61.15746908513583],[21.44535106609252,61.15769079551593],[21.444727193046194,61.157874674339716],[21.443875107631666,61.158011054785064],[21.44320873880872,61.158212228579494],[21.44316203285467,61.1584770175363],[21.443298603097617,61.15859694562409]],[[21.391730236827044,61.17799315550429],[21.39238934351426,61.17761568350687],[21.392827335974513,61.177371914035604],[21.392856813894674,61.17720643539628],[21.392367233277035,61.17718610089731],[21.39140333578084,61.177336578132895],[21.390680008271474,61.17752085958783],[21.390035123456695,61.17754169361232],[21.38935391996672,61.17748957024458],[21.388468458614398,61.17747658413868],[21.387921490607678,61.17750147706248],[21.38781352406093,61.17783039635601],[21.3883225665092,61.17801825976525],[21.388876361302426,61.178231795461954],[21.389225895938086,61.17848446974876],[21.389519653977644,61.17849667759229],[21.390107172691934,61.178521091449106],[21.390585728352463,61.178326642603196],[21.391730236827044,61.17799315550429]],[[21.409237734162033,61.18849742890969],[21.40891534644798,61.18831261889958],[21.407968273566816,61.188311506661925],[21.407324565941025,61.18838010709016],[21.40682969247282,61.18872158902882],[21.406328083164745,61.189100893968885],[21.40553099023067,61.18914408113261],[21.404961084196714,61.18946339785425],[21.40449862391736,61.18984431895492],[21.403901782177133,61.19031492750999],[21.403776315879256,61.19057644996794],[21.404054962361634,61.19100713063267],[21.4045419928439,61.19093205254348],[21.405023473015326,61.19066622771853],[21.405377304472115,61.19045226866157],[21.40581958622536,61.19018481751708],[21.40625849775864,61.18993627729975],[21.406932499195616,61.18969747260755],[21.40786511883869,61.18933601493962],[21.408775339640425,61.18887836548884],[21.409237734162033,61.18849742890969]],[[21.42963592055982,61.190769190848506],[21.42936831805018,61.190720051213454],[21.428336094942765,61.190753674529276],[21.427663240006034,61.190764015533006],[21.42707210535319,61.19075867492781],[21.426421682963568,61.19086519156133],[21.425751149858584,61.19108518182103],[21.425312370476988,61.191333786930564],[21.42514453969293,61.1916126269503],[21.42477406919379,61.19192120373584],[21.42401842239663,61.19217577474262],[21.423631169367088,61.19257891237487],[21.423407364456725,61.19295069521574],[21.42333024963263,61.19338568923523],[21.42409726167562,61.19351261291018],[21.42483953101299,61.19333369227071],[21.425573798838567,61.192754364023244],[21.426029350443166,61.19241119360949],[21.42698864197773,61.1918982991768],[21.42766588638659,61.19164047665835],[21.42854240030884,61.19137182134014],[21.429272201687024,61.19103995509853],[21.42963592055982,61.190769190848506]],[[21.43210276305477,61.166613219072936],[21.431163021639644,61.166574451574],[21.430366526333792,61.16661779274075],[21.42910920341793,61.166813570281384],[21.428347510561917,61.16710600042092],[21.427990755890125,61.16733893840599],[21.42744155949561,61.167544880534294],[21.427202265925448,61.16778266592759],[21.427371275003335,61.16794205275385],[21.427928516059467,61.16813651642321],[21.4283950597655,61.168174825707354],[21.429267927664323,61.16859187318863],[21.430165223657912,61.16864795217693],[21.430889162601627,61.16879212787937],[21.431240611616897,61.169035239412516],[21.431817962972737,61.169116209294174],[21.432457883503467,61.16906640086202],[21.43281128233679,61.16885236344255],[21.43271245914182,61.168295808108745],[21.432721081771458,61.16780083625738],[21.432664763497392,61.16722698253602],[21.432575010355222,61.16684225998909],[21.43210276305477,61.166613219072936]],[[21.42413940254688,61.186047446226354],[21.42391625161266,61.18603164703004],[21.423571757626725,61.18602340673503],[21.423131972072447,61.18603127617311],[21.422822149327192,61.18604781957102],[21.42249077756915,61.186073609540266],[21.421998207461943,61.18612364445826],[21.42148623671277,61.186186121391955],[21.419943208228663,61.18640209007074],[21.419767629003797,61.18642833386058],[21.419470961497144,61.18647267520194],[21.419052336729973,61.18654158393317],[21.41865046295372,61.186615077421045],[21.41821992028198,61.186705129405915],[21.417802347043743,61.1868046295056],[21.417400648175207,61.18691288338629],[21.41701934046664,61.18702991772432],[21.416664890550813,61.18715645639587],[21.416346160122902,61.18729393350093],[21.416074956971364,61.18744451975751],[21.415873161901594,61.18760002693367],[21.41572479858786,61.18776493580233],[21.41563107656725,61.187934915039726],[21.415597154716192,61.18810598108607],[21.415632335360897,61.18827424514504],[21.415747263753488,61.18844009332718],[21.415927334225408,61.188599263598306],[21.416155660081774,61.18875170727929],[21.416419132110445,61.18889678758582],[21.416707632720886,61.18903317964098],[21.416946007812978,61.18913105888885],[21.417013404052163,61.18915873273733],[21.417267767610532,61.18924889729193],[21.417534517589747,61.18932538211076],[21.417910739009667,61.18939887138599],[21.41830653837413,61.18944126886387],[21.418711206889228,61.18945233433662],[21.419114835853858,61.189429261420045],[21.419518258523397,61.18936780751851],[21.419912270131405,61.189275284228685],[21.42029840579071,61.18915971609744],[21.420677849370392,61.189027209508666],[21.42105139088336,61.18888232895621],[21.4214193783429,61.18872841008356],[21.421781632234417,61.18856778927377],[21.42213730456726,61.1884019778474],[21.42248685316072,61.18822903444646],[21.422844015149398,61.18802405759424],[21.423194245488833,61.187787970395284],[21.423515962985967,61.18752943672204],[21.423788417966207,61.18725722244695],[21.42397332195273,61.187015876429136],[21.42410551701694,61.18678084225738],[21.4241899601812,61.18655315277837],[21.424230948477504,61.186355231212715],[21.424240990581566,61.18619933436835],[21.424231974510676,61.186097851817244],[21.424214117382114,61.18606364597282],[21.42413940254688,61.186047446226354]],[[21.442442928653396,61.15672540010826],[21.441839599487725,61.15668990959721],[21.44124183212952,61.15667029534259],[21.44079588320989,61.156663579331656],[21.440389286996652,61.156667420472715],[21.439998857285833,61.156680129428615],[21.43961828561436,61.15670509879104],[21.439161928801916,61.156760552764396],[21.43873494938393,61.15684666615159],[21.438465123002473,61.15692455262476],[21.43821321093677,61.15701597010956],[21.437962542339793,61.157124814644874],[21.437729072501302,61.15723597331415],[21.437444931264448,61.15737125590154],[21.4371589761144,61.15749965345943],[21.436855402060957,61.15762148739649],[21.436472641922016,61.15775237066888],[21.435245453696666,61.15812313170258],[21.43485212206974,61.15825650988312],[21.43411635477785,61.15852686613823],[21.43377618143776,61.15866139605815],[21.433452115421552,61.158802736900775],[21.433186285308903,61.15893466160504],[21.432942218270874,61.15907339149759],[21.432723550994016,61.15921839897788],[21.432509946091095,61.159391007046054],[21.432338803333725,61.15956864097901],[21.432199956798716,61.15977352132138],[21.432120203886914,61.15997480831937],[21.432101284972372,61.16016524475579],[21.432150333916248,61.16033651867668],[21.43228029372317,61.160478692777424],[21.43232622519049,61.16050127612679],[21.432457647070983,61.16056589293432],[21.43274537702533,61.16063043483762],[21.433096680666065,61.16066037514363],[21.433494548495297,61.16066575568577],[21.433886053158734,61.16065524241589],[21.43429583378504,61.160630704744506],[21.434715981946706,61.16059066255275],[21.435141229431434,61.16053353857145],[21.43556715354912,61.16046177495816],[21.435991330532804,61.16037796293342],[21.4364115332807,61.16028380270642],[21.4368255416207,61.16018019645702],[21.437230953347793,61.1600673053507],[21.437629997199924,61.15994418537977],[21.438797880091364,61.15955143664697],[21.43992872090302,61.15918169129326],[21.440297811246552,61.159055642433046],[21.440746591147576,61.15889091808026],[21.441344420353992,61.158660491208074],[21.442806238772906,61.15809702257077],[21.443271799794896,61.157903186711884],[21.44393796338994,61.157599485518574],[21.444092549730133,61.15752900898505],[21.444261806230745,61.157458620507875],[21.44437621915844,61.15741742863636],[21.44442557095038,61.1574082890122],[21.44446628106333,61.15735385294737],[21.444418731339194,61.15725404700405],[21.444246579050567,61.15711683970423],[21.44394439825158,61.15697895728075],[21.443527882687864,61.15686620195213],[21.44301696869015,61.15678249781482],[21.442442928653396,61.15672540010826]],[[21.427706642218006,61.17878362090455],[21.427292606544526,61.1787611176921],[21.426855365195557,61.1787602385164],[21.42640209900733,61.17877367056901],[21.424998712538027,61.17884270745948],[21.424530168257558,61.17885924844356],[21.42367364316917,61.17887604079157],[21.42320393926565,61.1788949819576],[21.42274050193685,61.17891949789297],[21.422337613311534,61.17894316631101],[21.421883911568617,61.17898224481426],[21.421441849770858,61.17903603895504],[21.421019952802,61.179104470893975],[21.4206284149806,61.17918867764783],[21.420279661800787,61.179291081113654],[21.42009512731283,61.17936198936726],[21.41991928764989,61.17943865258606],[21.419661104219312,61.17955871440462],[21.419408496086763,61.17968976462114],[21.419206454027297,61.17981046662107],[21.418380526515357,61.18035381029246],[21.417696524289433,61.18082229754393],[21.41714035527351,61.18114834527038],[21.41712466476922,61.18115995261431],[21.416978963800094,61.18126773166575],[21.41685005541316,61.18139402615481],[21.41676279676355,61.18152606426465],[21.416725518069807,61.1817074564211],[21.416782901154544,61.1818892256438],[21.416933436141775,61.18206182719968],[21.417159394160404,61.18222711357536],[21.417441782174354,61.182384696928914],[21.417766013635667,61.18253356072218],[21.418121003490455,61.18267193860961],[21.41849841320008,61.18279716711046],[21.418891970004328,61.18290548734072],[21.419291653133993,61.18299241674851],[21.41968985661721,61.183059114362145],[21.420253472620786,61.18313204766163],[21.420515587892936,61.18317244297829],[21.420711687089153,61.18321373725808],[21.420892154052385,61.1832649898134],[21.42116900495146,61.18338046693582],[21.42141178734542,61.183516813223314],[21.421684885999646,61.183660327507226],[21.42203986321589,61.18379123762774],[21.42247287968963,61.18388808992194],[21.422964076280277,61.18394734166916],[21.423478028308175,61.18396611621737],[21.423582588475757,61.18396246614281],[21.423918753030627,61.183950730213304],[21.424329433479166,61.18391540627764],[21.424632612131973,61.183877518155484],[21.424887324362956,61.18383449612122],[21.42508106251599,61.183788705122055],[21.42521549490051,61.183738632897985],[21.42524569439133,61.183702281771275],[21.42627617980756,61.183277704400744],[21.426749352886223,61.183069393339586],[21.4272487109345,61.182835649564964],[21.427744229388367,61.182583914789646],[21.428205347593178,61.18232149739429],[21.42858618793004,61.182069846639294],[21.428898234739506,61.18182741546709],[21.42913809454866,61.181603622824426],[21.429347872912167,61.181381536453905],[21.42953723560271,61.18115759142564],[21.42970365017826,61.18093313241893],[21.429842234578455,61.18070946658435],[21.42994552906265,61.180488004446424],[21.430004309116345,61.18027411504098],[21.430015720286985,61.18006732152428],[21.42997291229838,61.179871523812395],[21.429865054455853,61.17969139359214],[21.42969991464116,61.17954134592811],[21.429488533382948,61.179404671256925],[21.42925046068196,61.17927732200684],[21.429002766361375,61.1791560862419],[21.428704019348682,61.17901821113403],[21.42837642719693,61.17890100088818],[21.428059711392585,61.17882964620158],[21.427706642218006,61.17878362090455]],[[21.420501789143948,61.1692183118301],[21.420982690470677,61.16909039557495],[21.421503618562618,61.168941123754706],[21.42201413855618,61.168782387907655],[21.422096005963365,61.16875510328867],[21.422522882045186,61.168612830207664],[21.423014958829217,61.16843916553697],[21.42347573933938,61.16826836725165],[21.423962012065676,61.1680770084935],[21.424365375319177,61.16789831915543],[21.424694770451886,61.16773359179641],[21.425633043317337,61.167229049342765],[21.425953516815078,61.16707186142169],[21.426692573618286,61.16675099405383],[21.427034317598295,61.16659036636742],[21.427311386687226,61.16642939711367],[21.427528507942764,61.16625679445889],[21.42764220839397,61.16612174736961],[21.427721289243813,61.165982611361095],[21.42777282373106,61.16584213742558],[21.427865637259252,61.165407980669],[21.427892830991087,61.16523969655387],[21.427884205918886,61.16507442680443],[21.427804975197287,61.16489694289532],[21.427641979272604,61.16473361741306],[21.427410179115924,61.164600121075786],[21.427118373678244,61.164482720209925],[21.426785336281355,61.16437755613168],[21.42642664474676,61.16428175890627],[21.426055531605677,61.164193339349325],[21.425683635979656,61.16411113096189],[21.425293747741478,61.164032739815546],[21.42489548521606,61.1639776261866],[21.424511939646006,61.16395938245897],[21.42411071056121,61.16396830157324],[21.42369711461184,61.16399856369196],[21.423275545959793,61.16404571950162],[21.42284969917346,61.164106483400246],[21.422528748322318,61.16415914193689],[21.420386417357832,61.16452387228616],[21.419929136793524,61.16460645844401],[21.419475550172383,61.16469419837207],[21.419028181782807,61.1647893017269],[21.418574104390665,61.16489708529057],[21.418126508402572,61.16501223602405],[21.416348848693655,61.16549338047401],[21.415698203139193,61.16565501030241],[21.414545272709947,61.16594140278862],[21.414103757115704,61.166056564017495],[21.413674543818242,61.16617762893462],[21.413263893168654,61.16630760467326],[21.412879850415724,61.1664501402606],[21.41250742384671,61.166619374579234],[21.41217324035339,61.16680283528885],[21.411877097098774,61.16699625876543],[21.411622866925985,61.167196073923094],[21.411419037676485,61.16739913565381],[21.411279516561066,61.16760246652097],[21.411224777428867,61.167802977513496],[21.4112766045688,61.167999008157665],[21.411433625643003,61.16818094546775],[21.411695110533145,61.16834535205802],[21.412036348672867,61.168488329521686],[21.41243622892817,61.16861075758039],[21.412879257770346,61.16871155428865],[21.413354399744705,61.1687875002108],[21.41383195712992,61.16883426440889],[21.414321558334862,61.16886093992537],[21.41501553206728,61.16888786027594],[21.415573643026264,61.1689254897271],[21.416161552903276,61.16898434796299],[21.416657911773566,61.169049715291344],[21.417144375869633,61.16912546321431],[21.41841952451248,61.16935460224043],[21.418821244917332,61.16941917753876],[21.419145014017342,61.16945921092716],[21.419387438093946,61.169473740941434],[21.419473191192104,61.16946191582787],[21.42008557490567,61.16932223175683],[21.420501789143948,61.1692183118301]],[[21.39542173692605,61.19231794620027],[21.395599706951508,61.19225776383754],[21.39573081365284,61.192209190828734],[21.396029580132513,61.192098501155016],[21.396434196026437,61.19193167718728],[21.396824403178666,61.191756317440266],[21.397203743197448,61.19157463014705],[21.397574755431016,61.19138824187246],[21.398297843012916,61.19100556929032],[21.39899878672439,61.190613128999715],[21.399339725871915,61.19041342733041],[21.399672350492754,61.19021097242334],[21.399994284687637,61.190005115869575],[21.400302316402033,61.1897949306877],[21.400597394440386,61.18957766428115],[21.401451162296368,61.188918829311945],[21.401750599914706,61.1887057766143],[21.40207141207144,61.18850105752132],[21.402221087162907,61.188417834429245],[21.40241195383885,61.18831170526973],[21.402775476787998,61.188131077838875],[21.40315636592379,61.18795694416793],[21.403550281679795,61.18778756624255],[21.404364687348362,61.18745801991202],[21.404445005910134,61.187427266019064],[21.406891343668768,61.186490530064894],[21.407723001407167,61.18616160170811],[21.408487579371478,61.185837589360865],[21.40885127370673,61.18567254994211],[21.4091967254098,61.18550565176828],[21.409517126185168,61.18533684892016],[21.40980312216187,61.185165952339766],[21.409951812230105,61.18505813794253],[21.41004215366711,61.18499263130768],[21.410217654099064,61.18481640007277],[21.410308124776925,61.184636610118424],[21.410297047741718,61.184456358973314],[21.410201524442872,61.18427402603996],[21.410109525958518,61.184170318359016],[21.410039781887466,61.18409169686104],[21.409825095064605,61.183911528268474],[21.409566462427264,61.183735871785416],[21.409269153065406,61.18356741598744],[21.40893509140355,61.1834093302207],[21.408554620117734,61.183260113513256],[21.40814546492253,61.18312199725582],[21.407716464694584,61.18299181359944],[21.407274485904036,61.182866971048796],[21.405471781843886,61.182381504496654],[21.40503077141087,61.18225513528745],[21.404997172980803,61.182244843163105],[21.40460051299185,61.18212334074522],[21.404184933354916,61.18198413704219],[21.403763689107336,61.18182794144797],[21.402945899829408,61.18150978417897],[21.402530031998833,61.1813615811628],[21.402487766547175,61.18134886608964]],[[21.424870925610104,61.17348361046579],[21.42534396566387,61.173500210809095],[21.425821645026314,61.17352475859266],[21.426301335607338,61.17355780408962],[21.42676436564809,61.173597866296504],[21.42815628841434,61.17373169414944],[21.428622955505443,61.173768478850576],[21.429092071088203,61.1737948863601],[21.4296244720983,61.173808541446796],[21.429847655621558,61.173808181772536],[21.430159928282976,61.17380767846603],[21.430697479089076,61.17379551055282],[21.43123616923602,61.17377417911103],[21.431774931664613,61.17374487769489],[21.43231244297264,61.17370792075529],[21.432846955303376,61.17366276641597],[21.433376089453137,61.173607984551325],[21.433896572068317,61.17354117216065],[21.43434556202025,61.173470202564836],[21.434782790579856,61.17338846096555],[21.435205533614088,61.17329650033039],[21.435609682775638,61.17319414336694],[21.435989448654084,61.17308047480509],[21.436381495475548,61.172936717076034],[21.43672318324638,61.17277807181118],[21.437000752824364,61.172605137957866],[21.437194621714394,61.1724173843796],[21.43728351519127,61.17223269076014],[21.437298288891196,61.172039746991544],[21.437251644146915,61.171843590157465],[21.437151599499224,61.171649136307586],[21.43700185895598,61.17146149087335],[21.436802048049646,61.17128626890854],[21.4365477755399,61.17112993152405],[21.43621308259016,61.17099066866916],[21.43582407157632,61.17087928960837],[21.43539322427315,61.1707955847665],[21.43497117824628,61.17074323257314],[21.43452900303447,61.1707087601831],[21.43407242446595,61.17068665580811],[21.433083037660392,61.17066174683133],[21.432555385883646,61.170656483912246],[21.43202532739513,61.170657853811406],[21.43149472184931,61.170667952930344],[21.43094209157924,61.17068976813006],[21.430391268625502,61.17072136718439],[21.42984294731231,61.17076079237054],[21.429297838119272,61.1708069434871],[21.42875677312504,61.17085949760329],[21.428220823321503,61.1709188671026],[21.42769140337964,61.17098620761364],[21.427170386633893,61.17106345246644],[21.426741729125627,61.17113704709188],[21.426319582565817,61.171217276212396],[21.42495371297127,61.17150474865558],[21.424643449183627,61.171570046887865],[21.42418291144203,61.17165141391005],[21.42371326126399,61.17172298484291],[21.42323722661228,61.171787900060885],[21.42179367913012,61.17196982725717],[21.421314293507407,61.172034778351026],[21.420839339763678,61.17210642737425],[21.420391783000227,61.172182836194175],[21.41861814462106,61.172513435691094],[21.418168125036548,61.17258692114208],[21.417665971954012,61.1726572007715],[21.417157926478215,61.17271895886001],[21.415624209601916,61.17288699182544],[21.41511869093199,61.172948146730896],[21.41462133775203,61.17301788130829],[21.414136308293426,61.17310062591255],[21.413676781750112,61.17319736349302],[21.413229538398976,61.17330592711774],[21.411666282380054,61.173727911833645],[21.41123892072656,61.173850866165196],[21.41082139614591,61.173981791559356],[21.41041832208622,61.174119624439804],[21.410036035600882,61.17426394508906],[21.409691435289453,61.174414141154124],[21.40951573052272,61.174506341374105],[21.409350790591425,61.17460387275079],[21.409089181342377,61.17477758296637],[21.408850195229537,61.17495963545918],[21.40863868023291,61.175147586735285],[21.40846213702619,61.17533940200178],[21.408331175607675,61.17553331926943],[21.408260091590268,61.17572772199614],[21.408255769362565,61.17587109021362],[21.408297263879387,61.17601194847952],[21.408428075029697,61.17619583086679],[21.40862976031855,61.17637225264137],[21.408886225104915,61.17654151808755],[21.40918549788052,61.17670343623808],[21.409519090936968,61.176857289902344],[21.4098814500775,61.17700178586384],[21.410148334000883,61.17709643609398],[21.41086106265671,61.177330056214394],[21.411307555913346,61.17746957487441],[21.411762269578126,61.17760458984908],[21.412225754649235,61.17773217525259],[21.412688588849733,61.17784740114618],[21.413156817002985,61.177953910930206],[21.413626475285277,61.178052820436136],[21.41409405283603,61.17814439483042],[21.414461760564226,61.178210346892804],[21.414833170322183,61.178265045468876],[21.41533713730327,61.17831241018367],[21.415855156275942,61.1783356969927],[21.41638302456475,61.178340505849285],[21.416917197242476,61.1783307376442],[21.417189939526086,61.178319602594954],[21.41745450424269,61.17830880121579],[21.417991845152855,61.178275746537885],[21.41848754678589,61.178235352894454],[21.418978089738964,61.17818647088355],[21.419460441015087,61.17812948824091],[21.419930479622348,61.17806387471989],[21.42038255640403,61.17798809911416],[21.42080890693298,61.17789947090874],[21.42119890267661,61.17779390594718],[21.421538119042594,61.177665610725796],[21.421804631621335,61.177515518604906],[21.422016225127333,61.177343811247276],[21.422029921497238,61.17732540573561],[21.422167055412785,61.177141131685985],[21.422242787940515,61.176902015886746],[21.422239461202427,61.176640318636274],[21.42215347730325,61.17636976018484],[21.421982900961044,61.1761035991812],[21.42171607014961,61.175837162722026],[21.421400265635974,61.175599239066],[21.42107971768855,61.175399150412275],[21.420797700100344,61.175246527303685],[21.4205974484947,61.175151504905436],[21.42052320686018,61.17512569039622],[21.420841047370427,61.17479778346874],[21.42107371065295,61.174586618055756],[21.42136258336771,61.17435441230672],[21.421703547040977,61.174119212873826],[21.42209297730089,61.173899522406316],[21.42247817328128,61.173731505534235],[21.422890548199188,61.173602429025635],[21.423247499201896,61.17353091908224],[21.42360545133609,61.17349021796347],[21.42395319826821,61.17347581341708],[21.42440587364133,61.173475126531635],[21.424870925610104,61.17348361046579]],[[21.523667359489217,61.1876154706199],[21.523687311375127,61.17980310802626],[21.52461524985906,61.178411834026306],[21.524959654419284,61.17723048986511],[21.52481010515606,61.17337945425113],[21.523033625502922,61.16870933828683],[21.516696711309486,61.165143197544154],[21.50803339022186,61.161573632372765]],[[21.477862640976003,61.14145713942393],[21.47788832405219,61.141493909383776],[21.477943425149643,61.14165851130833],[21.47791917735373,61.14181562005517],[21.47778156281759,61.14198059960734],[21.47754737990803,61.14213337853714],[21.477240677643945,61.14227495253292],[21.476879428691884,61.14240543407683],[21.47647663137616,61.14252401028519],[21.47604117884452,61.14262889117918],[21.475578575136762,61.14271720756942],[21.47513548077593,61.14278145311727],[21.474677982647304,61.142833291096764],[21.474210757154474,61.14287678563944],[21.472783666055438,61.14299104253806],[21.47230753733955,61.14303398137245],[21.47177663445023,61.14309020664161],[21.471248999674547,61.14315379542567],[21.470201497384544,61.14329619951211],[21.469161441735814,61.14345100893481],[21.469001229040593,61.143476032499294],[21.46812664008246,61.14361263218258],[21.467097228357712,61.143779071525124],[21.466077176007857,61.14395182194231],[21.46571630392775,61.144018598245694],[21.46507704798979,61.14413688281124],[21.464590698211044,61.144237700839],[21.464118873018496,61.14434719896036],[21.463667434349283,61.14446878775509],[21.46324418963528,61.14460697113957],[21.46298618765732,61.14470886430209],[21.46274454206509,61.1448195861123],[21.462410035541954,61.14500184794923],[21.46210750743364,61.14519871588942],[21.461833197868284,61.14540697122964],[21.46158589757819,61.14562443683917],[21.461366854399866,61.145849831145895],[21.461179773075543,61.14608265294372],[21.46102224105283,61.1463313571371],[21.460891114826765,61.14658541498409],[21.46053727099851,61.147358442795856],[21.46039619256421,61.14761385315129],[21.460233491198846,61.147857832758106],[21.460048480009405,61.1480989278824],[21.45984640335508,61.14833783349068],[21.45940678632412,61.148811206950974],[21.458938814920977,61.14928115950331],[21.45798668353686,61.15021710463578],[21.4575444244109,61.15068341864123],[21.457347199965035,61.150915533906],[21.4571760181597,61.1511463480495],[21.457041677235452,61.151375134686816],[21.45695847545487,61.151600859402876],[21.456945117712998,61.15182208735618],[21.457012510487086,61.15202780558666],[21.457147886692283,61.15222615317009],[21.45733811298818,61.15241497127205],[21.4575742988094,61.15259126189885],[21.457851300679927,61.15275099923649],[21.45816735141985,61.152888908300724],[21.458523800818927,61.15299821305207],[21.45891177172742,61.153073012610975],[21.459328895476837,61.15312561723133],[21.460223649748816,61.15321252756894],[21.460625444622053,61.15325853161167],[21.460678262852817,61.153264578861354],[21.461113689833038,61.15333090027329],[21.461243090395577,61.153359368257874],[21.461514609735175,61.1534191010832],[21.461856329688686,61.15353129937305],[21.46214595622792,61.153665848574576],[21.462376931772518,61.153817467701586],[21.46250507793705,61.1539481903106],[21.46263434347082,61.154008501315765],[21.462572888498965,61.15406198799695],[21.462613756884927,61.15415631783531],[21.462583679976014,61.154355527745885],[21.46245811247559,61.154560830238005],[21.462263064481835,61.15477018736791],[21.462018029405428,61.15498203807532],[21.461737306718327,61.15519514731188],[21.46143107776022,61.155408471994605],[21.461106251406644,61.15562104359688],[21.460767106114645,61.15583186487619],[21.460415742300455,61.15603979431631],[21.46009135999267,61.15622159313184],[21.46005236822829,61.156243445336756],[21.45967545622241,61.15644106037899],[21.459281768658034,61.156630384145544],[21.45889161738102,61.15680000742495],[21.45848730903156,61.15696210827759],[21.45807290081153,61.157118624434816],[21.45754291811858,61.157307486701605],[21.457225386955464,61.157420638552296],[21.455076111389964,61.158152838269366],[21.45422766993942,61.15844995308691],[21.453400527234084,61.158758205910715],[21.452999904473923,61.15891937046628],[21.452587857768037,61.15909681665548],[21.452186175823847,61.159279981764826],[21.451403564181877,61.15965777244467],[21.448732608634238,61.16101741238053],[21.447954062277223,61.16139604389039],[21.447554479453775,61.161578825941696],[21.44714409051349,61.1617546920006],[21.44671874715546,61.16192092238218],[21.44630822811696,61.16206419769867],[21.445884064438125,61.162198381635214],[21.445449079823934,61.162325011423185],[21.445005228914624,61.16244498463437],[21.444553703833048,61.16255859955514],[21.444095014335705,61.16266556567339],[21.443629015315313,61.16276499579867],[21.443154944944503,61.162855359018],[21.442694870448378,61.162931777488524],[21.44222805678147,61.16299991559938],[21.441755921028257,61.16306119428868],[21.441279517332045,61.16311655694728],[21.440799616677822,61.16316653480083],[21.440316781008203,61.1632113021597],[21.43888514682067,61.16332675658111],[21.438409924600816,61.163369830155546],[21.437938574484978,61.16342084793034],[21.437423966949016,61.16348981118858],[21.436916221464156,61.16357069114502],[21.436415622859975,61.16366172474586],[21.43592346850578,61.16376197821664],[21.43544228603079,61.16387132725628],[21.434976112799337,61.16399045688103],[21.434590148906963,61.16410200808567],[21.434223347318856,61.1642219412346],[21.433880887399418,61.164350732890064],[21.43356983139196,61.16448937112634],[21.43329950535376,61.16463937214854],[21.433073996626366,61.16480573802485],[21.43290024307485,61.164981108324795],[21.432778140398742,61.16516077527928],[21.432711259219243,61.16534018713353],[21.43270705322084,61.16551469841997],[21.43277717847963,61.16567931309044],[21.432934639521378,61.16583234874535],[21.4331643882653,61.165970015362056],[21.433449245174565,61.16609202888755],[21.433775914288685,61.16619699372783],[21.434134312313994,61.166282287785094],[21.43451698076531,61.16634390950179],[21.434918624187993,61.166376285995305],[21.43539535491444,61.16637238163046],[21.435885631806013,61.166333105101],[21.4363847113396,61.1662680415689],[21.436889259649078,61.16618451673259],[21.437396974695694,61.16608811046193],[21.43790629276042,61.165983104610866],[21.43994235330035,61.16553754725958],[21.440448107986956,61.165432957047216],[21.4409511962621,61.165337234921374],[21.441450494692287,61.165254774532094],[21.441944395669005,61.16519131046021],[21.4424306182199,61.165154378453934],[21.442905978368394,61.165153836105084],[21.443353443816672,61.16519585050278],[21.44378682068276,61.165273074355504],[21.444204873126736,61.165377173844455],[21.444604698946254,61.16550207589013],[21.4449814482795,61.165643619980024],[21.44532793620197,61.16579928303433],[21.445634134263816,61.16596797759248],[21.44588654049079,61.1661499259961],[21.446067443464425,61.16634659590087],[21.44616409713192,61.16656185266543],[21.446192768587846,61.1667895489466],[21.44617733507649,61.167025239131405],[21.446094775723793,61.16750563510533],[21.44606477743517,61.16774330554919],[21.446067711267894,61.16797425495299],[21.446125195334236,61.168193932029446],[21.44624542907031,61.168386313169705],[21.446421882779713,61.16856146285438],[21.446643403158024,61.16871575207711],[21.446902016076425,61.16884387897783],[21.447192583934203,61.168938550534754],[21.44751252935503,61.16899009407269],[21.447845425064884,61.168991985332525],[21.448199410780052,61.16895612717479],[21.448570399369594,61.16889365581784],[21.448955688556044,61.16881403818787],[21.44976422015012,61.16863588453938],[21.45017597539424,61.16855358964807],[21.450596156898634,61.16847980596215],[21.451021558365266,61.16841760840749],[21.451449399135416,61.16837074556248],[21.451877155441316,61.16834387842377],[21.452302401909044,61.16834284569681],[21.452762913580173,61.1683764584644],[21.4532185765828,61.16844034272299],[21.453670230677066,61.16852715634252],[21.45411840194489,61.168631314664935],[21.454563292734758,61.168748688582696],[21.45500473209699,61.16887634689729],[21.455442123207625,61.16901235795721],[21.45587437184171,61.169155624720254],[21.456298438424604,61.169304710162514],[21.456716755914158,61.16945862433092],[21.45712959436913,61.16961586541898],[21.45793552031667,61.16993608658066],[21.45869836193328,61.17025920865817],[21.459051637473703,61.170420573903975],[21.459375532805392,61.170581234488054],[21.459658418162565,61.170740738543614],[21.459884776988513,61.17089856567038],[21.460034221721124,61.171054074829364],[21.46008033576134,61.171206454959695],[21.460001850662113,61.17135479200671],[21.45981914426003,61.171498582848265],[21.459557671383283,61.17163712303413],[21.45923680936186,61.17176934168209],[21.458871019256627,61.17189375738673],[21.458470824587064,61.17200842299478],[21.45708871122197,61.172339358251584],[21.45665829729498,61.17246196195496],[21.456248951069824,61.172598545619934],[21.455866629927048,61.17274853057284],[21.455518985714775,61.17291228980631],[21.45521590640578,61.17309118373199],[21.455056715936802,61.17320904290589],[21.454918119628918,61.173332440555264],[21.454751821591987,61.173516755457115],[21.454330139101664,61.174088872557725],[21.454165296698672,61.174272148705505],[21.45397480291999,61.17444791144681],[21.453756767620277,61.174613356841654],[21.45350787230094,61.1747651245219],[21.453223190244152,61.174899144476804],[21.452875064480917,61.17501971901591],[21.45249077196583,61.175121549450814],[21.45208076980831,61.17521084067825],[21.450758899425917,61.17545922319632],[21.450302985711502,61.175549137783406],[21.44985587944754,61.17564398063948],[21.4494239154088,61.175745223738666],[21.4490146822592,61.17585483890274],[21.448637578407443,61.17597546467073],[21.448304414267554,61.1761105849766],[21.448030068307936,61.17626473073101],[21.447824040000974,61.17644279220928],[21.44767199367671,61.17663907785905],[21.447552754457664,61.176847845130524],[21.447338981355458,61.177284339538964],[21.447209926318987,61.177504269303164],[21.447069326968283,61.177695925708946],[21.446435033956963,61.178455650994096],[21.446275534649015,61.17864461415706],[21.445858539957023,61.1791134267825],[21.445664201102787,61.179346471106186],[21.44549938715116,61.17958008450818],[21.44538234414049,61.17981546501734],[21.44533784586259,61.179988357633526],[21.445329477548416,61.18016169705674],[21.445357863301318,61.18033431640259],[21.445445836533644,61.18055305051373],[21.44557267748159,61.180771034323534],[21.445855688954083,61.1812144046275],[21.44598286108403,61.181461282775395],[21.446088044934612,61.18171411640488],[21.446176448786538,61.18197128912895],[21.446318970796536,61.18249384191576],[21.446486818274,61.18328540813473],[21.44661597989672,61.18399479822829],[21.446639852021757,61.184178479114536],[21.44664931548625,61.18436128751905],[21.446635280021223,61.18457056081046],[21.446594966377514,61.18477802078329],[21.446529628808943,61.184982727171274],[21.44643924850328,61.18518354783292],[21.44632257030684,61.185379108957825],[21.446159898089004,61.185592256980456],[21.445625686236518,61.186192782598816],[21.445489556872467,61.18638226269296],[21.445406333731363,61.1865664305637],[21.445399377416408,61.186744670294786],[21.445480438835958,61.18690996248978],[21.445627784402973,61.187071473652296],[21.44580956372446,61.18722187682941],[21.446214212056773,61.18755667622959],[21.44637842601346,61.18772618298347],[21.44648887479545,61.18790083899557],[21.44653990146161,61.188078260708906],[21.446524992925845,61.18825347679843],[21.44643360870566,61.18842134483025],[21.44624280769173,61.18858819803617],[21.44597375028126,61.188744329063184],[21.445647292330506,61.188893083841286],[21.445279957194042,61.189037318784266],[21.444884938167874,61.189179562644306],[21.444483836925905,61.18931912154635],[21.443226850459315,61.18975645929189],[21.442414173859685,61.19005729492425],[21.442027559600202,61.19021160723665],[21.44166305596176,61.19036916865823],[21.441329886653346,61.1905307586203],[21.441040112038166,61.19069744078954],[21.440809437105834,61.19087061342497],[21.44065816468969,61.19105206118995],[21.44060358341485,61.19123461612983],[21.44062541952538,61.191423096028366],[21.44070856921853,61.19161402866631],[21.440842385829463,61.1918039812296],[21.44102020498387,61.191989356286655],[21.441238985364862,61.192166177196626],[21.441499104316858,61.19232985197209],[21.441804269462928,61.19247493470204],[21.4422028448713,61.192610388809975],[21.442648764376315,61.19272234293518],[21.443128333750533,61.192817066283695],[21.443631343927375,61.192899352431475],[21.44373640469986,61.19291422482075],[21.444150293852157,61.19297281222921],[21.444679752434805,61.19304013913162],[21.44575587075623,61.193163762811615],[21.449549608338973,61.193567665637914],[21.45277689530751,61.1939172534646],[21.453849564929445,61.19402763403265],[21.45438574225336,61.19407849488093],[21.454921929605234,61.19412451450563],[21.455458206869675,61.194163555925826],[21.45599464846861,61.194192761017014],[21.456531316773223,61.19420834413628],[21.45707262426303,61.194206851173796],[21.457613194474284,61.194189694126614],[21.458151908507496,61.19415875227348],[21.458687473469283,61.19411467013363],[21.45921833110774,61.19405692032676],[21.45970996681312,61.19399003093805],[21.459771759674588,61.193980354974336],[21.4601973802301,61.19391370358742],[21.46212817169956,61.19357573676922],[21.46261092460616,61.19349693920575],[21.463095535464877,61.1934265260528],[21.463583060389208,61.1933684592646],[21.464074729444466,61.19332761062411],[21.464605457340344,61.19330720652686],[21.465140977364552,61.193306537080716],[21.465679973802516,61.1933203767738],[21.466221355949855,61.19334482697226],[21.466764165771583,61.1933770781251],[21.467307486905774,61.193415227828055],[21.468391644377988,61.19350538976575],[21.468929941660065,61.193557176528344],[21.469463403648188,61.19361439000765],[21.469989577911758,61.19367865517591],[21.47050518340375,61.193752449633486],[21.471005846106692,61.193839271003],[21.47148578435768,61.193943857168804],[21.471896652930635,61.19405718344369],[21.472286115818367,61.194186497722846],[21.472654395132295,61.19432927483157],[21.473000319626223,61.19448390278695],[21.47332132385466,61.194649560377805],[21.47357754519063,61.1948003488486],[21.474071285518207,61.195108729896326],[21.47433111691777,61.19525778878954],[21.474654460681275,61.195418034011425],[21.475003374103526,61.19556733789686],[21.475373352881984,61.19570630712841],[21.475761163757678,61.19583483090231],[21.47616473325123,61.195952024165365],[21.47658308521556,61.19605614764687],[21.4770162722797,61.196144498840226],[21.477522100384043,61.196222351621216],[21.47804217472008,61.19627994150097],[21.478571766982924,61.196320070296096],[21.479107059924637,61.19634386711117],[21.47964484221516,61.196350868556806],[21.480182242365316,61.19633903576905],[21.480707456365433,61.196307205156614],[21.481228077751823,61.19625875706084],[21.48174229184478,61.19619754595211],[21.48298056407422,61.19602632265821],[21.483387874703325,61.19597958159857],[21.483794106845917,61.19594709728073],[21.484218669637112,61.195933777088165],[21.484638927766433,61.19594235601024],[21.485050594083983,61.195973282727216],[21.48544884449202,61.19602824945508],[21.485881995295326,61.196121651419865],[21.486293410044233,61.19624116116764],[21.48668468951285,61.196379427290125],[21.48736270835402,61.19665420413285],[21.48770588977805,61.19678579618819],[21.488067426033254,61.19690165903343],[21.48848370477781,61.196999875219745],[21.488926451855903,61.197073542397156],[21.48938831960689,61.19712562128247],[21.4898632136692,61.19715742280545],[21.49034599101493,61.197168617380214],[21.490832155457127,61.197157194576455],[21.491337421805863,61.19711949775354],[21.49184129972629,61.19706036839388],[21.492343226038347,61.196985062067945],[21.492842562702133,61.19689729319674],[21.493338510143456,61.196799484422264],[21.49383002352198,61.196692956699444],[21.494315718035164,61.196578064942386],[21.494797397035153,61.19645414742276],[21.49527324740139,61.196323804192794],[21.496212783281628,61.19605086974144],[21.497141398259405,61.19576853746731],[21.498061359150483,61.195480456716886],[21.49897068928838,61.19518644367475],[21.499862688801063,61.19488313247662],[21.50029845501785,61.194726049727294],[21.50196035696435,61.19408574793486],[21.502376643442908,61.19393349380909],[21.502799713949514,61.193790833103385],[21.50323342950273,61.19366211772009],[21.50368238039774,61.19355273536727],[21.504109306858332,61.19347305597172],[21.504547494104457,61.19340803705167],[21.505875205221855,61.193240052942365],[21.506304362129967,61.19317405550358],[21.506717107960945,61.193093130834164],[21.50712059006659,61.192989781278484],[21.50750790070948,61.19287173861832],[21.508264305129398,61.192621882254],[21.508647760063713,61.192504786784816],[21.509044533331497,61.1924032191794],[21.509466962498777,61.19232239494588],[21.50990348427783,61.19226221010935],[21.510346831614534,61.19221941000749],[21.511059042667185,61.192171390092625],[21.511414239212286,61.19214074673911],[21.511814695026022,61.192089468023624],[21.51221441949807,61.192022606754676],[21.512614037042486,61.19194422384093],[21.51301417606827,61.19185779175238],[21.514197536188902,61.1915838291726],[21.51457533111161,61.191492696274366],[21.514948567934237,61.19139633468992],[21.515300047246207,61.191297125768585],[21.517133117672564,61.19073703975254],[21.517527175251352,61.19061239973649],[21.517937034504396,61.19047377089371],[21.518337455909176,61.190328425629254],[21.518727614803534,61.19017651595876],[21.5191059333875,61.19001770075374],[21.51947000343403,61.18985112911568],[21.519813807381134,61.18967836684855],[21.5201452410625,61.189499118877535],[21.52046831777226,61.18931539396494],[21.521420605336164,61.18875352204905],[21.522072105085,61.188384568695206],[21.522411540629697,61.18820629023836],[21.522760485565254,61.18803221707463],[21.523117735610544,61.18786202670259],[21.52348269239521,61.187695739791224],[21.523667359489217,61.1876154706199]],[[21.355074586343225,61.20596083945704],[21.35520503553925,61.20600798191275],[21.35558798526432,61.20610248851876],[21.355960816157943,61.20615731827101],[21.35634469757023,61.20618270425665],[21.356727464166028,61.206178754779785],[21.357097227398064,61.20614352679233],[21.357441730421026,61.206072950332995],[21.357784976984192,61.205949170914465],[21.358092498120715,61.205787346101644],[21.358149149024594,61.20574934134995]],[[21.461060756100736,61.21780264479256],[21.46034098464834,61.21768384189677],[21.45988074318762,61.21784357358601],[21.458189612728525,61.21798259912543],[21.457417724907668,61.21815930895812],[21.45804494274712,61.21845293126109],[21.458836431024217,61.21851515370659],[21.45975570264298,61.21855284361379],[21.460306034069905,61.21893260198318],[21.46036087968367,61.219321813714686],[21.46094769833967,61.219494699158325],[21.461800506382566,61.21955941657238],[21.46323093950404,61.21949896264066],[21.46383458682587,61.219226029355795],[21.46449430602546,61.21898515590553],[21.465485296292325,61.21896621110997],[21.465180040742588,61.21859651319268],[21.463908666362958,61.21845513769377],[21.461999630857594,61.21807925501225],[21.461060756100736,61.21780264479256]],[[21.464269031296812,61.20834933271282],[21.46501462415605,61.20832034633286],[21.465989669916194,61.208390053320805],[21.467132917006577,61.208555940127674],[21.467526518004718,61.208423226191336],[21.4682431786571,61.20785724419835],[21.46866276363681,61.207576759829834],[21.468725156066,61.207222119814524],[21.46847603227024,61.20688449143834],[21.469932981317665,61.20631904292993],[21.47025822692917,61.206153758008],[21.471233939377253,61.205657899026335],[21.47187947122738,61.204934206064856],[21.471635306225284,61.20463846026051],[21.470440425835186,61.204696718361774],[21.469686605936904,61.204773020616],[21.468915698529955,61.20508675022169],[21.467822289233798,61.20533964410989],[21.46714728488595,61.20566919789459],[21.466079849363044,61.20577430973284],[21.465384010684215,61.20622206754425],[21.465004867106277,61.206623264347655],[21.46493202859314,61.20703700950259],[21.463792868855965,61.20719870006783],[21.46288834212405,61.207429529525584],[21.4617427467873,61.20797790372076],[21.462032245772097,61.208436267087606],[21.46276743179683,61.208466399307206],[21.463569089568818,61.20846948490641],[21.464269031296812,61.20834933271282]],[[21.373786678527914,61.21877026993316],[21.373879465333342,61.218750569600004],[21.373933171977733,61.21876178775497],[21.37402804601664,61.218739519843936],[21.37408682358215,61.21865567395739],[21.37407789176549,61.21852798808403],[21.373992795500342,61.218365169618785],[21.373964699429262,61.2183325855955],[21.373832251315783,61.21817897645513],[21.373601106717626,61.21798153008664],[21.37330609866851,61.21778531234043],[21.372954708744178,61.21760316726654],[21.37257216301376,61.21745208390566],[21.37216355465626,61.21733050815226],[21.37174878415992,61.217242228229985],[21.371347864247273,61.21719061154507],[21.370957534697297,61.217166394552095],[21.370573922153323,61.21716094697673],[21.369809406524087,61.21716543161965],[21.369556968753038,61.217160210926714],[21.369305451284376,61.21714848978675],[21.368889095131546,61.217114491722455],[21.368066477305018,61.21703405987007],[21.367656228673326,61.217012537653495],[21.36730120387852,61.21701627694189],[21.36695204430159,61.21704406299562],[21.36665566827419,61.21708888155043],[21.366367576228235,61.21714887134312],[21.365964943961327,61.21725454085913],[21.365589105021634,61.21737727812038],[21.365254965458416,61.21751361489069],[21.3649817966823,61.21766138931303],[21.36478992586144,61.21781903989531],[21.364696502945826,61.217976632167286],[21.364721268965283,61.21812376439219],[21.36483221711252,61.21822354398826],[21.36501106834134,61.21831105866346],[21.365242478885232,61.21838614715281],[21.365569885708016,61.21845976005907],[21.36593261999268,61.218519187832264],[21.366895593615126,61.218638105293984],[21.3671712463789,61.21868320794388],[21.367407342009596,61.21873781427024],[21.36762069655214,61.21880671456997],[21.367852831047458,61.218913971965485],[21.36805768371251,61.2190371172458],[21.368058054487285,61.21903733972231],[21.368466886678004,61.219301035860354],[21.36869013724091,61.21941861187044],[21.368938616990746,61.21952686515907],[21.369281289135767,61.219647593829635],[21.37024620229733,61.21993018315753],[21.37049642760023,61.21999480084518],[21.370749917683852,61.22003922172314],[21.371006086566027,61.220046698456066],[21.371287638946935,61.22001780595354],[21.371580698240866,61.21995419474642],[21.37191551504065,61.219842083183025],[21.372236626417724,61.219697685151814],[21.372534373771,61.21953199556715],[21.373344117008504,61.21899114570398],[21.3735563022695,61.218869249079134],[21.373680724654225,61.21880999635771],[21.373786678527914,61.21877026993316]],[[21.42066380185242,61.2297687532079],[21.421550162291936,61.22939802084115],[21.4219897935173,61.22920566717071],[21.4224532414048,61.22899364054147],[21.422951976094463,61.228750057164966],[21.423405433663433,61.2285046239415],[21.423772917869265,61.22826871675257],[21.424012630552053,61.22805396511013],[21.424084854217824,61.22791724813063],[21.424072717810215,61.22779908432341],[21.423992592551233,61.22769250936409],[21.423989315245414,61.227690725262605],[21.42376243060839,61.22756722745458],[21.423426065689704,61.22746694562359],[21.423015382752173,61.22738783489192],[21.422552936952346,61.22732835828457],[21.422054332138924,61.227289051235935],[21.421545602756492,61.22727083847752],[21.421020670624273,61.22726789678762],[21.420485082782204,61.22727570088497],[21.419942638463812,61.22729095848979],[21.419395900508622,61.227311316389745],[21.418295714562163,61.22736128282546],[21.416088636561877,61.227480440662156],[21.414988796508897,61.22755081985312],[21.414442196847258,61.22759133131371],[21.413899682310248,61.22763739721056],[21.413363493500817,61.227691177656475],[21.41290596119243,61.22774567017228],[21.41245700194864,61.22780710315868],[21.412018918788988,61.22787493467742],[21.411595084388928,61.22794903336843],[21.41044163018107,61.22818308113109],[21.41011334520395,61.228257404102195],[21.40982336697437,61.228338233118016],[21.409586653222327,61.228431713490984],[21.4093929952758,61.2285663972685],[21.40930906350347,61.22871694045346],[21.4093239232602,61.22883131534082],[21.409404230816367,61.2289428699649],[21.409609711143364,61.229080879290954],[21.409904270949333,61.22920407155616],[21.410265052586094,61.22931127586823],[21.410675167312366,61.22940000848511],[21.41112255527699,61.22946621685608],[21.411427506236166,61.22949478208483],[21.411741515017006,61.22951205626311],[21.4122221246682,61.229519008793844],[21.413715023936245,61.22949140577353],[21.414207427623865,61.22949578565855],[21.414702475375854,61.22951140946305],[21.41519855007138,61.22953622299117],[21.41572726571517,61.2295701156289],[21.41888214957685,61.229809432586315],[21.4189346207908,61.22981193035047],[21.41947837831304,61.229837811071185],[21.41994085147655,61.22984151829118],[21.420302016698425,61.229830269217246],[21.42053622322799,61.229811892125156],[21.420617307751673,61.229792320963995],[21.42066380185242,61.2297687532079]],[[21.440835918922218,61.223577597551916],[21.44028073155438,61.22355297352523],[21.439721705193808,61.223535794596465],[21.43916079007079,61.22352436338981],[21.43803842933283,61.2235153606707],[21.43702249871048,61.22352364773784],[21.436568124421708,61.22353419496669],[21.43611636591629,61.22355058704092],[21.435668060405696,61.22357454604593],[21.435143607803912,61.22361458510546],[21.43462605809442,61.22366599857512],[21.43411676691804,61.223727422106286],[21.433618192614585,61.22379852773258],[21.433134263814924,61.22388008763441],[21.432670900853598,61.22397411804859],[21.432236729562202,61.22408411751347],[21.431844015465444,61.224215388901186],[21.431536174447725,61.224369102138176],[21.431287842577916,61.224564141586505],[21.4311071425243,61.22478811197682],[21.43100202350463,61.225028369602924],[21.430989453117625,61.22516652296473],[21.430979821117372,61.22527237676818],[21.431045746040287,61.22550786359001],[21.43121398163006,61.22574143019128],[21.431452003526896,61.22593529588273],[21.431730179441555,61.226083874263495],[21.431967389209824,61.226168650285736],[21.43209472857898,61.226181894848175],[21.4321733023567,61.22617426272442],[21.432406104362073,61.22616372858092],[21.43378714103873,61.2261200654405],[21.435040661681597,61.22609228012048],[21.43652757579031,61.22606574165375],[21.436845467989375,61.2260600659735],[21.437376982515826,61.22604066700002],[21.43784572217202,61.22601118616375],[21.438381291239246,61.22595818145535],[21.438912885616926,61.22588966272713],[21.439441970863633,61.22581082507729],[21.43996934547793,61.225725603074224],[21.44182872531913,61.22541224829972],[21.442957609879688,61.225221985967515],[21.443376634708883,61.225137292440365],[21.443758715860543,61.22503837311646],[21.444077164770587,61.224926676529996],[21.444346999972286,61.22480214093733],[21.44456292859528,61.22467055591225],[21.444715586711222,61.22453729885022],[21.444791031375882,61.224407620993844],[21.444770096265437,61.22428693411234],[21.444628133898142,61.22417433933114],[21.444384727381454,61.224074737282024],[21.444079317000394,61.223989380601346],[21.44406558431746,61.223985542640776],[21.443690486262895,61.223904922891755],[21.443274450292364,61.223831722805905],[21.44282870976228,61.22376542915223],[21.4423615108802,61.223706142222774],[21.44187874874156,61.223654589355796],[21.4413844747496,61.223612158374195],[21.440835918922218,61.223577597551916]],[[21.400994427381548,61.25555341359345],[21.40063315587249,61.25552625338206],[21.400302487599447,61.25555511617708],[21.399961062986847,61.25561974995263],[21.399579157351177,61.25570414455022],[21.398859701018488,61.25586312790047],[21.39842171843638,61.255945747791536],[21.397970665778917,61.25602010679874],[21.39751150207077,61.25608695295745],[21.39704823460934,61.25614665021008],[21.39658427097115,61.256199164173466],[21.396266666477388,61.25623174043057],[21.39587629075192,61.25627178014584],[21.395656298113224,61.25629434322131],[21.395189355992198,61.25633775712628],[21.39474629872529,61.25636847458903],[21.393987799271482,61.25640968683893],[21.39386426799745,61.25641639781601],[21.393433249570833,61.25644484953219],[21.393014875121573,61.256484025593565],[21.39261446346769,61.25654033200122],[21.39224794058267,61.25661480011656],[21.392011287803506,61.25667413064867],[21.391535316884596,61.256793457687046],[21.390541486588827,61.25703061900629],[21.39029413399867,61.25708964424108],[21.389899161612945,61.257195279750924],[21.3895330784727,61.2573120351171],[21.389289227099663,61.25740708206322],[21.38906649346817,61.257507607741196],[21.388699158239167,61.25770002228215],[21.388651308126878,61.25772508630661],[21.38842959014011,61.257834692733894],[21.388162703723676,61.25793924108211],[21.38785968312416,61.258035417427536],[21.387529565223712,61.25812430310402],[21.38718052489144,61.258206669211006],[21.386820218195147,61.2582830115639],[21.386327444873587,61.258380797123856],[21.38592894868534,61.25845987252266],[21.385525214588775,61.258557101916715],[21.38518210432126,61.25867271727355],[21.38496792616756,61.25878547854945],[21.384823472241667,61.258913111732475],[21.38476008040326,61.25904324351333],[21.38476723060404,61.259177454309075],[21.384845178696875,61.25930995544867],[21.38505196158923,61.25947285092194],[21.385353348813123,61.25962224583198],[21.385724849167644,61.259756473942346],[21.38614877374062,61.25987242874202],[21.386604209689544,61.25996497360268],[21.38708498783403,61.26003445706885],[21.387580451751887,61.26007808118503],[21.388036434307782,61.26009251463552],[21.388489442578678,61.26008457397976],[21.388931738995804,61.2600558518568],[21.389355164921252,61.260006304285604],[21.389750606958103,61.2599342456291],[21.390107470287962,61.259836283545425],[21.390414690445912,61.259712792037476],[21.3907145322303,61.259559381226204],[21.391305273199865,61.25925712667116],[21.391653886497267,61.25909857635945],[21.39202439348976,61.258946439728135],[21.392415843985667,61.25880404530336],[21.39282887417114,61.258675362524095],[21.393206157624046,61.25857658787261],[21.393540628370072,61.25850003095658],[21.39407661804822,61.25837734611825],[21.394086072159006,61.258375331167244],[21.39456665265425,61.25827290382229],[21.395065653784687,61.25817451091932],[21.39545478607376,61.25810483305946],[21.395848437190022,61.25804022968815],[21.39696406275689,61.25787639108287],[21.397207478549568,61.257840642212784],[21.39777637086616,61.25775086489918],[21.39835472792724,61.25764675476322],[21.398968896763392,61.25751603761403],[21.399542746040133,61.257372756446685],[21.400065211209903,61.257222099812395],[21.400502554495286,61.257080374130034],[21.400664348341895,61.25702250137152],[21.400836164649558,61.25696104343847],[21.401046956592786,61.256877192987865],[21.401114693242143,61.25684103209177],[21.40112689541317,61.25680524540176],[21.40135073668966,61.256396182306005],[21.401442560057856,61.25618767793878],[21.401479269454438,61.25602150236171],[21.401488200390805,61.25598107718298],[21.401449083912844,61.25579701324831],[21.401279129313412,61.25564587516819],[21.400994427381548,61.25555341359345]],[[21.501383188198936,61.21047819386857],[21.50113856970904,61.21046479855133],[21.5008235841152,61.210462721068915],[21.50045604543047,61.210476499243114],[21.499428879943213,61.21054309939898],[21.498091736772363,61.21064127008723],[21.497780690981422,61.2106688099544],[21.497443831428445,61.210698634190095],[21.496843161768947,61.210759250128916],[21.49578081705562,61.21088144633258],[21.494196797681532,61.21107349811592],[21.493142364232558,61.211206372571404],[21.49209577839704,61.211345838214584],[21.49106793587419,61.211498661049745],[21.49056685066292,61.21158385770052],[21.490079118369266,61.211678042655386],[21.489609834368586,61.21178452795846],[21.48916567269861,61.21190763600453],[21.488752163943506,61.21205100542868],[21.488367853397722,61.21221089438272],[21.487841064272075,61.21245889358869],[21.487462209410896,61.2126285068088],[21.48665469730839,61.212960743910976],[21.48540742593831,61.21345585767524],[21.48500841815339,61.21362373238106],[21.484651896228794,61.21378437786591],[21.48432101046784,61.21394544971865],[21.484023541375596,61.21410458550091],[21.483770537318943,61.21425910351099],[21.483577094013686,61.21440580420469],[21.48346332106938,61.21454074772797],[21.483455465473376,61.21465899820875],[21.483566115448166,61.214750774356546],[21.483776060549747,61.21481919769395],[21.484099928077836,61.21486543631922],[21.484494781306367,61.2148864490369],[21.48494040030027,61.21488893226256],[21.48542161323285,61.21487793369814],[21.485927144539506,61.21485716349925],[21.48644867487798,61.21482924657938],[21.486980089600397,61.2147959214101],[21.48805555829209,61.214716339814665],[21.4885934663013,61.21467011703807],[21.48912823878816,61.214618585689834],[21.48965761877311,61.21456014178096],[21.490179193159776,61.21449240009467],[21.490690153198425,61.21441205932405],[21.491201004962097,61.21431372940392],[21.4917005955609,61.2142022459326],[21.49219171453411,61.21408123904012],[21.492676528986397,61.21395345124294],[21.493633518366252,61.213685163463346],[21.494580601764998,61.21340797161472],[21.49573446617789,61.213061364160716],[21.498333018448715,61.21228072430303],[21.498832835504608,61.212117109420795],[21.49936154106694,61.21192737025281],[21.49989025033715,61.21171924971505],[21.50039001509588,61.211500466053664],[21.500832422713167,61.211278873088936],[21.501190991568535,61.21106284539941],[21.50144399742608,61.21086204746659],[21.50158259671058,61.210692427778724],[21.501629984357614,61.21057035180334],[21.501603992094022,61.210515500807176],[21.501542936342435,61.21049665628663],[21.501383188198936,61.21047819386857]],[[21.41581809174127,61.21579196444279],[21.415121680090127,61.21575291209046],[21.41457843010629,61.215747059417225],[21.414440692601826,61.21574557461252],[21.41387385482647,61.21577300223478],[21.41336876712767,61.21583128480639],[21.412937307765436,61.21591632746722],[21.412514562961647,61.21602695524754],[21.41210439831752,61.21615418616352],[21.41170257051639,61.216292744192955],[21.411305795797997,61.21643867553283],[21.409724636080778,61.21704500173269],[21.40848169065551,61.21749364940497],[21.40807162438715,61.21764817489891],[21.407679889690748,61.217811994153486],[21.40734485596825,61.21797301250426],[21.407029596172997,61.21814371872438],[21.406731613487153,61.218322086158885],[21.406449905008067,61.21850659819416],[21.406184966645757,61.21869616837228],[21.406123495583802,61.21874460545357],[21.405938887233336,61.21889007319578],[21.405715490348356,61.21908788960543],[21.405492814822402,61.21932015514127],[21.405314262982827,61.21955565127628],[21.405190708260506,61.219792859883114],[21.405138464560476,61.22003033143681],[21.405159229740622,61.22017221225097],[21.405173293879344,61.22026830360771],[21.405287653779297,61.22050166844318],[21.405472655167927,61.22072656812735],[21.405726168163863,61.220938303106585],[21.40602602673731,61.22112127530119],[21.4063740612557,61.221290504002596],[21.406692647421824,61.22142092241699],[21.40675848282313,61.221447872586886],[21.40717088108436,61.22159418386374],[21.40760560922972,61.22172916520053],[21.40805931175257,61.22185142644853],[21.408530563308055,61.22195837026463],[21.40901476168424,61.22204706087963],[21.409510237637562,61.22212078006917],[21.410011683497334,61.22218221359572],[21.410514305643787,61.22223280576546],[21.411013391865392,61.22227280903492],[21.411503882955106,61.22230125729514],[21.41197992117357,61.222315869802145],[21.41243434270465,61.22231288169336],[21.412858123749952,61.22228678888632],[21.413239730567092,61.222230003501416],[21.413459965032093,61.22217206199211],[21.413651578646874,61.22209675394421],[21.413862678054258,61.22196696386483],[21.41402802100459,61.22181181940305],[21.41416230566433,61.22163768503618],[21.41427853562536,61.221449704835265],[21.414666382900577,61.22076647156172],[21.414821497306953,61.22051868606799],[21.414991195912307,61.22027075705297],[21.415179535234067,61.220024727842755],[21.415388555527617,61.21978364118661],[21.415615895257528,61.21954589000891],[21.415857271442587,61.21931105872755],[21.416109423135307,61.21907886311917],[21.416637058945017,61.218622067389724],[21.417197295256948,61.2181598817408],[21.41750313905033,61.21789501419228],[21.417810250634197,61.217616034240656],[21.418020785829807,61.21741284920847],[21.418208552396752,61.217209324665184],[21.418384044017923,61.21697037152919],[21.41840717717316,61.216938871847745],[21.418539460397035,61.21668438003275],[21.418604943177932,61.21646037085314],[21.4186063181392,61.21628101179096],[21.418574291222477,61.21618776054661],[21.418527186245772,61.21612852613453],[21.41847399206454,61.21610759238932],[21.417951679305297,61.21603310406345],[21.417669772534172,61.215992899337316],[21.417124974453326,61.21592214829242],[21.416496821703312,61.21585184527103],[21.41581809174127,61.21579196444279]],[[21.47142267831187,61.19684206980972],[21.47139614353132,61.19684083885679],[21.470887896173288,61.19687580868712],[21.470358819628775,61.19695928442921],[21.469832961890365,61.19708015963871],[21.469334536021602,61.19722629995186],[21.468887706088108,61.19738551800645],[21.468208607713446,61.1976559531162],[21.466370537265714,61.19838788172444],[21.46551402986551,61.198717526665064],[21.46507918202872,61.19887843291445],[21.464395935260963,61.199120059148335],[21.464259014455326,61.199168479994185],[21.462598769202785,61.19973730677563],[21.46177973863298,61.20002866652],[21.461379216251057,61.200179501083085],[21.460988294470134,61.20033563065723],[21.460634864293127,61.20048679033197],[21.460289731152066,61.200642250435656],[21.459234226351565,61.20114430731026],[21.458865391714333,61.201331876967046],[21.458692369788565,61.20142872907633],[21.457702326276326,61.202187658664],[21.457515039637634,61.20241575385079],[21.457351571886132,61.20265687927288],[21.457219991347564,61.20289934168908],[21.457124852301618,61.203140210341196],[21.457074797713435,61.203376251497104],[21.457083177992704,61.20360363611285],[21.4571688763831,61.203817618139745],[21.457299951830027,61.2039704167419],[21.457483327681082,61.204110598653216],[21.457712631731194,61.204236448687304],[21.458068535462147,61.204375348016846],[21.45847648942696,61.20448773354034],[21.45892317951622,61.20457291111393],[21.459399216676676,61.204627739440426],[21.4594201400742,61.204628676744726],[21.459876741236503,61.20464913532205],[21.46036880510104,61.20464570809008],[21.46087034132677,61.20462378404293],[21.461377480518337,61.20458804029263],[21.46188717961965,61.20454177933821],[21.462396920370118,61.20448714709961],[21.46290443344914,61.20442528990861],[21.463407466551317,61.20435644220368],[21.463903548281277,61.204279974457286],[21.46438976279126,61.204194369546],[21.4648625196046,61.204097162926615],[21.465317297222246,61.203984830439886],[21.465537179093023,61.203918306950875],[21.465778461068663,61.20384530842355],[21.466219618394913,61.203689303311435],[21.46664615030271,61.20352147190787],[21.467062169658526,61.203345314673285],[21.46787439378734,61.20297776166066],[21.469865734382644,61.20203169865106],[21.47066560367581,61.201658680291956],[21.471475198852293,61.20129820866617],[21.471885529655786,61.20112598773744],[21.472300804858108,61.20096176663344],[21.47272214536839,61.20080833890755],[21.473150798154578,61.20066933126464],[21.47391949283929,61.200451329131035],[21.47428365996766,61.20033475817594],[21.474652163681377,61.20018411281592],[21.47498681083588,61.200013059171354],[21.47528985872242,61.199826935984554],[21.4755600547668,61.19963011399727],[21.4755806626192,61.19961200612489],[21.47579205606376,61.1994262530524],[21.475975477297574,61.199218561988296],[21.476093355208327,61.199009982454825],[21.476085577495976,61.198786494900496],[21.475951576270262,61.198592478066786],[21.475715594667573,61.1983948035259],[21.475341139015953,61.19816880283581],[21.474896079986717,61.19795305420633],[21.474817330059125,61.19792008141878],[21.47441964797735,61.197753568138864],[21.47394980928388,61.19757645066763],[21.47352364979091,61.197427928965155],[21.472884980512408,61.197217726687356],[21.47284012144804,61.197171689650546],[21.47270438256911,61.197096615580406],[21.472488744625274,61.19700797925674],[21.472203809978755,61.19692366183487],[21.47186004306875,61.196862356930914],[21.47142267831187,61.19684206980972]],[[21.490176616579443,61.20989885165765],[21.490847525144517,61.20990963997462],[21.491473968646474,61.209937520270266],[21.49255334048876,61.21001193693224],[21.493079047271102,61.210041278211314],[21.493543038919736,61.210057256523534],[21.494005760697288,61.210063100619855],[21.49446552421039,61.210058103634275],[21.494920414629522,61.21004078450276],[21.495368174570366,61.21000880493766],[21.495806068715627,61.20995886851957],[21.49626336417052,61.20988221264423],[21.49670763480011,61.209785395017306],[21.497140026904344,61.209672436846056],[21.497560618908505,61.209545914535376],[21.497968436102845,61.20940716280649],[21.49836676168607,61.209255362374236],[21.498753385694396,61.20909451472185],[21.499130636720917,61.208926932336816],[21.49949983344616,61.20875419536946],[21.49986134950641,61.20857727128797],[21.500214617153873,61.20839660054039],[21.50029411548969,61.208353909876365],[21.500558095016668,61.20821215285388],[21.50088913730696,61.20802343902322],[21.501203840385934,61.20782950287758],[21.50149680184997,61.20762889078708],[21.501769091177728,61.207415392375545],[21.50201618824032,61.20719491676525],[21.502240995278775,61.206968985261945],[21.502444308244527,61.206738606842045],[21.50262482659857,61.20650433976819],[21.502779090275165,61.206266343035665],[21.502901301697424,61.20602440243625],[21.502989617832867,61.205767668380226],[21.50304585920867,61.205507340650314],[21.503079130510336,61.20524440078883],[21.503096295169218,61.204979555536625],[21.503101408859315,61.204445984505696],[21.503020778227988,61.20201657404364],[21.502990653136543,61.201482741801584],[21.502966087927277,61.2012219729225],[21.502930194959383,61.2009685468993],[21.50287739358021,61.20072615608541],[21.50280007477819,61.200499896161276],[21.502687990575428,61.20029670746539],[21.50252752663684,61.20012590785759],[21.502300832367343,61.19999983585737],[21.501999978378702,61.19992984489285],[21.501638017217807,61.19990638136401],[21.50123542355525,61.199921019125696],[21.500809217733618,61.199968681770734],[21.500374021817393,61.20004731031642],[21.499936516566414,61.20015680411697],[21.499502891078087,61.200289283758984],[21.499072334634203,61.20043756315254],[21.498643731010038,61.200596130331405],[21.497973130781627,61.20085550096556],[21.49735452782252,61.20109475310357],[21.49691702501078,61.20125878837836],[21.496060998552732,61.20155958085728],[21.494748620935678,61.201987974971814],[21.493208505283818,61.20247307850162],[21.492471418765167,61.202705233257625],[21.492111021472805,61.202818742456515],[21.491253356236236,61.20310512295666],[21.490835318025134,61.203254326107626],[21.49042808185502,61.203409696199316],[21.490022306868976,61.203577633868434],[21.489628074517803,61.20375221523573],[21.489242482153095,61.20393175780403],[21.48848964630685,61.20430116457249],[21.48775549802856,61.204680211323115],[21.48704222198137,61.20506806770468],[21.48669726983452,61.20526628755542],[21.486364026103963,61.205468545781265],[21.48604697799292,61.205676223503225],[21.485752286562974,61.20588887028758],[21.485474970753295,61.20610694446694],[21.485212055641927,61.20632911330717],[21.48496208478889,61.20655439583134],[21.484725161320075,61.2067821096121],[21.484503093069304,61.207011820009534],[21.484299688975927,61.20724330998264],[21.484121229159204,61.20747655968936],[21.483977144032046,61.20771173641715],[21.48388092965561,61.20794918874894],[21.48384501007652,61.20819071999304],[21.48387818884358,61.2084433622072],[21.484003880646657,61.20872094395944],[21.484212501229,61.20900900478476],[21.484493192735947,61.2092920988324],[21.484834714094454,61.20955514080059],[21.4852236240327,61.2097841256471],[21.485605801990193,61.20995671115546],[21.485972753923857,61.210089930773535],[21.486285064039937,61.2101834740643],[21.486503554212284,61.21023664281128],[21.486589265798457,61.210247702042125],[21.486669258131396,61.210226611961865],[21.486899416595136,61.21018467229775],[21.487256307247648,61.21012838094437],[21.487716810044525,61.21006509534551],[21.488257924319864,61.210002505440855],[21.4888567265412,61.20994865279031],[21.489490363063148,61.20991193038952],[21.490176616579443,61.20989885165765]],[[21.476432926907542,61.21315346834531],[21.476946200202118,61.213172796038975],[21.477536135156075,61.21320184382742],[21.478637202431898,61.213265416567495],[21.479196020644416,61.21328771080489],[21.47985478919812,61.21328872362955],[21.480453947063335,61.213250549224234],[21.480917742757818,61.213177060551615],[21.481311692547948,61.213074774206575],[21.481684956978846,61.21295154488857],[21.482037365066688,61.21281214933471],[21.48236512148488,61.212659710562065],[21.48266219196555,61.212496022678046],[21.48291997223306,61.21232177857905],[21.483126855704008,61.21213673680566],[21.483279508149902,61.21192706696487],[21.483362728306037,61.21170953670276],[21.483376563169575,61.21148903235532],[21.483315021090636,61.21126995420535],[21.483167699300505,61.21104931415739],[21.482953218447648,61.21083334870586],[21.48269078730842,61.210620995030574],[21.482394554077874,61.21041147606196],[21.48207475703859,61.21020428356252],[21.481738626206788,61.20999918702661],[21.481391063065395,61.20979624161615],[21.480672480091567,61.20939872172283],[21.480303382834798,61.209206162469435],[21.47992702238945,61.20902000140092],[21.479541397286997,61.20884285940895],[21.479143260633627,61.20867833968418],[21.47872795056125,61.208531291671385],[21.478289155928525,61.208408135373986],[21.477887713420362,61.20832561048512],[21.47746831085916,61.20826256717351],[21.47703549249284,61.20821571340616],[21.476592938319612,61.208182790182356],[21.476069897059926,61.2081593532051],[21.475541682605545,61.20814661889686],[21.47395843585428,61.208124020039016],[21.47307782645763,61.20810037804926],[21.47264865338793,61.20809305539192],[21.472229098102552,61.20809561370802],[21.471821448980037,61.20811401932569],[21.47142861726911,61.20815518300837],[21.47098767340438,61.208239006697376],[21.470562671203766,61.20835237913431],[21.470145030504085,61.20848421663762],[21.46929953004693,61.208765699598175],[21.46894708198953,61.20887287416857],[21.4685831568911,61.208972581290645],[21.46820690207187,61.20906247831154],[21.467759325182264,61.20915138909972],[21.4672980261998,61.20922714171799],[21.46682656071372,61.20929237197282],[21.466347865471906,61.20934911796318],[21.46586445122102,61.20939892247163],[21.465378569890344,61.20944294330783],[21.463893339992975,61.20955949822204],[21.46340676611328,61.209610414799045],[21.46298192541902,61.20967112720903],[21.46297093903766,61.20967315114266],[21.462571662138657,61.20974671641476],[21.462179233481876,61.20983729986315],[21.461809090345245,61.2099439196807],[21.461467085821912,61.21006860883274],[21.461109733398622,61.21023838921929],[21.460788064816786,61.21042937909236],[21.460492261120347,61.21063578860589],[21.46038233667875,61.21072195929674],[21.46021486710852,61.21085323875569],[21.459950332175445,61.21107846538622],[21.459444932869012,61.21154333170148],[21.458718219446016,61.212257668238614],[21.458253157763508,61.212738462475876],[21.4580312977982,61.212979761217454],[21.457821299457116,61.21322177661014],[21.45762866724595,61.213464735379205],[21.457460960590225,61.21370896925997],[21.457328360773325,61.21395491755217],[21.45724433965051,61.21420313473878],[21.45722003723642,61.21445515696194],[21.45724586082221,61.21470904808908],[21.45730950530702,61.21496374261213],[21.457402345805445,61.21521810906259],[21.45751896100222,61.21547083866876],[21.457656798046425,61.215720303804666],[21.457816014153053,61.21596439847865],[21.457999491127367,61.216200340006736],[21.45821301942011,61.21642442993064],[21.458465655290524,61.21663176442278],[21.45877023761282,61.21681589631839],[21.45911683110958,61.216963959741506],[21.459510400707256,61.21708993282375],[21.459939278899604,61.217198414776604],[21.46039468361058,61.217292553566345],[21.460870185801312,61.21737420767088],[21.4613612556346,61.21744406425518],[21.461875105969135,61.217503595985896],[21.462397855858004,61.21755379084586],[21.462926279561792,61.217597065435825],[21.46399027627518,61.21766844599865],[21.465049728390078,61.217721770099374],[21.4655720514637,61.21773981683079],[21.465891754169945,61.21774586681882],[21.46608544631979,61.217749532543515],[21.46658579419751,61.21774772284033],[21.467067632532395,61.21772990984302],[21.46752368257388,61.21769001496711],[21.46794430763937,61.21761995875819],[21.46831741788997,61.21751366928796],[21.468644231581486,61.21737571492462],[21.468922269746486,61.21721224697085],[21.469145231762983,61.21702740173714],[21.46931380895365,61.216817391704396],[21.469438567839134,61.21659494912898],[21.4696498309039,61.216139682559614],[21.46978232074021,61.21591968563769],[21.469860530007637,61.21583243372359],[21.469966675036353,61.21571401621042],[21.470218507763956,61.21553202878453],[21.47053101152618,61.21536666282998],[21.470889242631348,61.215213816236954],[21.47128125079582,61.21507014127096],[21.472667838753274,61.214621089039554],[21.473212674059134,61.21443385599393],[21.473756594222007,61.21423214279918],[21.474269836083113,61.21402123409556],[21.47472467138125,61.21380732974515],[21.4750747818205,61.213614748459484],[21.47535065434926,61.21344009337527],[21.47554803613097,61.21329683790386],[21.47566172912436,61.213198110702535],[21.475683814958856,61.2131560803824],[21.475767426804275,61.213143513525296],[21.476028921660557,61.213143556573684],[21.476432926907542,61.21315346834531]],[[21.45596798693394,61.21884174589056],[21.455665768230194,61.21863371449639],[21.45530697021384,61.21840674367818],[21.45490438794317,61.21817935941825],[21.45447050853724,61.21797064131697],[21.454017432422795,61.217800202296715],[21.453556966139786,61.21768783151765],[21.453104414226893,61.21764597997055],[21.452664955624005,61.21765360170194],[21.451666303989235,61.21768865512107],[21.451138247836,61.21770145190871],[21.450600745157548,61.21770573052983],[21.450059351591836,61.217696983954454],[21.449519040486795,61.21766974528094],[21.449041491330142,61.217625797485915],[21.448570196931264,61.217564663158136],[21.448107183481024,61.21748801954638],[21.447655246823206,61.21739631370479],[21.447238117737555,61.21729497781697],[21.44683496797801,61.21718144442773],[21.446447506302647,61.2170569134221],[21.446078804854906,61.21692174430212],[21.445733501761406,61.21677550323065],[21.44540613211739,61.216611793302555],[21.445112529006384,61.21643706083217],[21.44485716946011,61.216252646642346],[21.44464759983314,61.21605918701521],[21.444474365398445,61.21582965147699],[21.44436710130063,61.21559421818168],[21.44432499526433,61.215358118249256],[21.444353878428316,61.2151264580264],[21.444466553043277,61.21490461325842],[21.44463971818516,61.2147254600186],[21.44487249402124,61.21455625907647],[21.445151723787273,61.214395834760296],[21.445467577468992,61.21424353430683],[21.44581302368223,61.2140992061535],[21.4462272714268,61.21394717103643],[21.446663160316373,61.2138027096382],[21.447113589770208,61.21366361377659],[21.447573247460994,61.213528126853845],[21.449435189607645,61.21299593806152],[21.449893732930658,61.212859404390436],[21.450344608196726,61.21271877960015],[21.450784788263515,61.212572247389105],[21.451210534886236,61.21241753747743],[21.45162451108025,61.21225047250669],[21.452023804466084,61.212074917448874],[21.452412335500856,61.211893092669136],[21.452793154368408,61.211706694038085],[21.453910235395146,61.21113129439987],[21.455584183546062,61.210245374625615],[21.458346981695644,61.20878303420981],[21.458999192195808,61.20842492731981],[21.45927774427649,61.208259511172],[21.45952512264921,61.208095253445435],[21.459728290680548,61.207931842020464],[21.45987092343965,61.20776912968304],[21.459932596105887,61.20760715570365],[21.45988803413536,61.207429744453],[21.459744363561214,61.20725609750505],[21.45952479061543,61.207089355912885],[21.459246118621596,61.20693350248455],[21.45891971044104,61.20679364969644],[21.458552279116567,61.20667639162119],[21.458146435715744,61.20659020977871],[21.457752150930098,61.20654546190786],[21.457334667317376,61.20652693831821],[21.4569005312836,61.20652897353518],[21.456454845714934,61.20654724426592],[21.45600160798398,61.2065785663464],[21.455543952417308,61.2066207255726],[21.45503213087496,61.20667829355211],[21.454006222114465,61.20681528075843],[21.451446378539732,61.20719552958673],[21.450422074773655,61.2073379439847],[21.44990813503653,61.20740293850015],[21.44936692058254,61.20746546232302],[21.44720099829634,61.20769286139834],[21.446665206136036,61.20775436628954],[21.44613485264036,61.20782266024528],[21.445612255796643,61.20790110666577],[21.445134934244507,61.207985790410554],[21.444665497325378,61.20808056484532],[21.444203128212312,61.208183831309036],[21.443747568765023,61.20829465222821],[21.443299103618546,61.20841270367147],[21.44283820541184,61.20854357550226],[21.441933603683644,61.20882142449915],[21.441776541088153,61.20887288161049],[21.44059878351055,61.20925873275455],[21.437944704737692,61.21014961421277],[21.436610182835572,61.210591213318956],[21.435713768851958,61.21088149813247],[21.434809260724638,61.211166368725166],[21.432625865430953,61.21183533980008],[21.43220000366847,61.21197343687442],[21.431784201132576,61.21211596147117],[21.431382949614193,61.212264871900764],[21.43100211645406,61.2124226728441],[21.430649311396678,61.21259256729299],[21.430311046373255,61.21278990873931],[21.430006941379684,61.21300123852717],[21.42973122086268,61.21322330361827],[21.429691854914704,61.21325956653598],[21.42948098159131,61.21345381806842],[21.429256063777732,61.21369131644071],[21.429059079603903,61.21393503529923],[21.428895550619846,61.214184833384714],[21.42877173346381,61.21443737126476],[21.428678491899294,61.21469438654134],[21.428608198702673,61.2149543875096],[21.42855572962997,61.215216121550164],[21.42851817125162,61.21547845508882],[21.428494674879822,61.21574025057295],[21.42848643309182,61.216000246698165],[21.428496813407264,61.216256915410085],[21.428531623563853,61.21650831352672],[21.428599557342103,61.21675189499536],[21.42871277838318,61.216984302724676],[21.428751244141644,61.21703198378477],[21.428887687657184,61.21720111396282],[21.4291076371969,61.21737801221274],[21.429379346899303,61.2175404090579],[21.429691774190445,61.217689785894294],[21.43003677756075,61.21782665020082],[21.430408725620627,61.2179505302145],[21.430804171804187,61.218059957004506],[21.431221611594538,61.218152391440945],[21.43169530427887,61.21823082819496],[21.432187685576473,61.218291285240824],[21.432693310232217,61.218338440616556],[21.433208135615857,61.21837579894662],[21.433729218194518,61.21840590843008],[21.43478230784157,61.21845079428188],[21.43584219873409,61.218479975183456],[21.436904047874677,61.21849218509921],[21.43743493670415,61.21848946052385],[21.437965507760953,61.21847851149672],[21.43850802499772,61.21845726053189],[21.43905014152179,61.21842790044448],[21.439591905703487,61.21839299295855],[21.441747458206503,61.21823931654718],[21.442277685075318,61.218207843591706],[21.44279965415356,61.21818447316053],[21.443309006849468,61.21817308438739],[21.443799649305824,61.218178705567084],[21.44426321342988,61.21820787093694],[21.444688393059984,61.21826902903164],[21.445061166305628,61.218368254171615],[21.445380326597757,61.21849919961797],[21.445640097481657,61.2186535873999],[21.445829181176045,61.21882496469384],[21.445930010102263,61.21900828154269],[21.445933061294728,61.21917149164308],[21.44586569482703,61.21933582632389],[21.44573636359972,61.21949673042852],[21.445549686687208,61.219649534358716],[21.445306679402762,61.21978922952453],[21.44493758395386,61.21993637258526],[21.44450606078946,61.2200629918041],[21.444030956624328,61.220174807111334],[21.443526830034045,61.2202764451954],[21.441428481612117,61.22065146379631],[21.44092947102639,61.22075304745541],[21.440462273351244,61.22086475577698],[21.440042243406733,61.220991175585034],[21.43968930022447,61.22113796817852],[21.43944508561838,61.22129083480326],[21.43926840080162,61.22145760327756],[21.439156505186567,61.22163070783255],[21.439111692045632,61.22180288152272],[21.439141495134553,61.221966748018204],[21.439259077384953,61.22211441814761],[21.439489797931017,61.222246063785654],[21.439809399188178,61.22235631213527],[21.440194245302784,61.22245023849049],[21.440626344378327,61.22253169780163],[21.441092184302242,61.2226035224953],[21.44158178950414,61.222667684358726],[21.442087920965292,61.222725427208665],[21.44260545751481,61.2227773665178],[21.44312829244856,61.222823747898246],[21.44562132325536,61.223014396156586],[21.44577661313373,61.22302627010739],[21.44682839756138,61.22311497639626],[21.447349206931563,61.223165206312075],[21.44786528003907,61.22322102412233],[21.4497248835802,61.22345087024477],[21.45018351188854,61.22349725371574],[21.450640489660536,61.22353061455933],[21.451095876184407,61.2235452022411],[21.45161882093395,61.223532626777185],[21.452136862773564,61.223491583477674],[21.452646713125215,61.223425550181524],[21.453144019669132,61.22333563633359],[21.45358928576746,61.22323096759889],[21.45360872976862,61.22322639686333],[21.454058952057355,61.22309938432974],[21.45449584994477,61.22295863285837],[21.45457112684449,61.22293162549686],[21.45491905768479,61.222806794368196],[21.455326487767227,61.222645288200795],[21.45571398661076,61.22247437972465],[21.456074815450418,61.222293170767024],[21.456398914198214,61.2220995190414],[21.456678930274244,61.22188886610164],[21.456911745931535,61.22166438113448],[21.45708854121988,61.22139978635883],[21.457194785872208,61.22109640309998],[21.457218213859093,61.220769959487406],[21.457173051216593,61.220529980877025],[21.457155454776803,61.22043647633576],[21.457029388488316,61.22011151190305],[21.456868091410087,61.21981088080048],[21.456698520097657,61.219550357235306],[21.45640769424699,61.2191701978288],[21.45596798693394,61.21884174589056]],[[21.41351632490063,61.20465858468904],[21.413425763752816,61.204799863169974],[21.413284698561693,61.204987031789464],[21.413092419444602,61.205197870018644],[21.41287236327208,61.20540356117901],[21.412630365322798,61.205605062040135],[21.412370876537402,61.205803057023914],[21.412097136305213,61.20599797254742],[21.411811329915377,61.206190004230756],[21.411514698285455,61.20637911872804],[21.411207631767645,61.20656506120013],[21.410889722049692,61.20674734665244],[21.410205225659332,61.207109909688626],[21.408435123405653,61.20799729455018],[21.408091738819003,61.20817966302047],[21.40775896340812,61.20836645717618],[21.407432886750055,61.20856292912968],[21.40711865426187,61.208764289362804],[21.406813615724566,61.208969430062815],[21.406516026777247,61.209177532014145],[21.405940537303234,61.20960051065319],[21.405396081668215,61.21003094504479],[21.40514135957001,61.21024899311611],[21.404904214240183,61.21046926011885],[21.404691387978517,61.21069218647213],[21.404512015275042,61.2109183818985],[21.404378208217906,61.21114862896303],[21.40430064887836,61.2113829714505],[21.404273265609806,61.21161996626663],[21.40428913687895,61.21185729349155],[21.404345163152986,61.21209250523348],[21.40444195343131,61.21232283551995],[21.40458388119202,61.21254500188638],[21.404779279898005,61.21275497762388],[21.405055458394393,61.21296233235924],[21.405388195246637,61.21315284871868],[21.405763407474364,61.21332780183261],[21.406171327021994,61.21348679594585],[21.406605801212958,61.21362766882045],[21.40706375035041,61.213746299131195],[21.40754481501963,61.213836322706484],[21.407996213583992,61.213887754035625],[21.408461560116542,61.21391446913543],[21.408935698269687,61.213920186018406],[21.409414335689654,61.21390699788788],[21.409893769515854,61.21387549948135],[21.410393362345843,61.21382334248443],[21.41089019712123,61.21375574689567],[21.411384385061965,61.213676890065294],[21.4118760326589,61.213589843859594],[21.412851819069143,61.21339919417919],[21.413816644893462,61.213193345216006],[21.414766978624296,61.21297356525613],[21.415026714826144,61.212907742352535],[21.41575885817232,61.2127221947016],[21.416737062874454,61.21246015986705],[21.41770814001146,61.21219357745622],[21.42493977072298,61.210191300163885],[21.427843381061347,61.20938717249116],[21.429298636633604,61.20899627675759],[21.43027981615451,61.20874799065684],[21.430776805562182,61.20863099742087],[21.431280288006022,61.20852125086101],[21.431772805627403,61.208423919501435],[21.432271426258275,61.208333397483656],[21.43277455270355,61.208247895327474],[21.43430015653457,61.20800938763227],[21.437375202989557,61.20755735766549],[21.438907910726726,61.20732359884506],[21.43992028866258,61.2071552256002],[21.44043867057784,61.20706140083881],[21.44146591656786,61.20686212151952],[21.442482134500043,61.20665123502585],[21.44298532296723,61.206541567993746],[21.4434605403284,61.206433717997754],[21.44348393242236,61.20642840951852],[21.443976282451015,61.206310710406285],[21.444459972334716,61.20618689414732],[21.444931699028288,61.206054736039455],[21.445387038925737,61.20591122552408],[21.445808162167122,61.20575934780593],[21.446213831155788,61.20559681528417],[21.446608114641577,61.20542644865866],[21.447373987024054,61.20507022149124],[21.448490778047514,61.20451489433794],[21.449582342552077,61.20394599867324],[21.45029038301757,61.20355835842791],[21.450634506985207,61.203360539001594],[21.451318887546595,61.20294261266537],[21.4526325961766,61.20209877886213],[21.452645236093783,61.20209065941927],[21.453317299559657,61.201669798524286],[21.453662798975092,61.201464083525025],[21.454018497336108,61.20126344593906],[21.454388274794592,61.201069852233765],[21.454777057909684,61.20088581940082],[21.45515786880735,61.20072512819193],[21.4563557097513,61.20026535727153],[21.456756032503904,61.20010536373032],[21.457540360298808,61.19977234925667],[21.45830385773827,61.19942696121293],[21.458675421976704,61.19925078472656],[21.45882610330857,61.19917652071329],[21.459727838487854,61.198700473793565],[21.460011731615616,61.198525640294044],[21.460272264443237,61.19833857005802],[21.460478976311656,61.19814853082444],[21.46061244234936,61.19795503493453],[21.460654752719183,61.19778103134273],[21.460630236622976,61.19760776317874],[21.46054520389975,61.197439292641015],[21.460402138118795,61.1972800667586],[21.460199768550225,61.19713513364737],[21.459972313242872,61.19702354414213],[21.459704501814066,61.19692619698541],[21.45929340149584,61.19681559776857],[21.458838879868257,61.19672329551489],[21.458353730654284,61.196644370426476],[21.457847424762182,61.1965750841608],[21.45732687033793,61.19651263107002],[21.456488710302597,61.19642439349943]],[[21.366385446951902,61.2051696268577],[21.366393785302456,61.20518980474722],[21.366410743423938,61.20523083923561],[21.366460002520153,61.20547892107569],[21.36646832680145,61.20573038495408],[21.366446780202327,61.20598404061836],[21.36640377557825,61.206239041781075],[21.366276894704015,61.20675088244578],[21.366120136874702,61.207263052299886],[21.365949099357174,61.20777421073938],[21.36593960203149,61.207801007645266],[21.365768579113105,61.208283544275716],[21.3656163427612,61.20868235013104],[21.365575221670724,61.20879006868295],[21.365357518802238,61.2092920032902],[21.365233186966112,61.20954029919071],[21.36509350927166,61.2097860404483],[21.364946019193326,61.21001371473494],[21.36478698381229,61.21023928356705],[21.364296411896966,61.210909903685405],[21.364146416276935,61.2111331695061],[21.364012952660882,61.21135704836367],[21.36390295018117,61.211581958072166],[21.363827557525987,61.2117851302784],[21.363704636218795,61.212191583047854],[21.36363354497361,61.21239304354948],[21.363539828470362,61.212591944465125],[21.36338467603187,61.21282620549554],[21.363188834917704,61.21305532686571],[21.362960940516334,61.213279178151176],[21.3627075993861,61.213497111349064],[21.36243386624568,61.21370790247094],[21.362143734264574,61.213909671184794],[21.36134009331527,61.214421418177075],[21.36112764932903,61.214582274311404],[21.360976815521507,61.21474063212059],[21.36091378422696,61.21489738242016],[21.36096561551241,61.21506246849932],[21.361120136850083,61.21522533247719],[21.361352513381405,61.215384446989034],[21.361644211618827,61.21553770694682],[21.361981953498866,61.21568226802178],[21.362356894560254,61.215814321527624],[21.362763979056588,61.215928819058746],[21.363201507263668,61.21601913756411],[21.363662369133994,61.21607921051158],[21.364145548190287,61.21611518801316],[21.36464449107595,61.21613312336607],[21.365154284929165,61.216137625288845],[21.36567127330924,61.21613211551377],[21.366192746249443,61.21611903726961],[21.367241547878585,61.21607599626102],[21.368289292694477,61.21601349157389],[21.368810070536043,61.21597375027895],[21.369306898286997,61.21592896031111],[21.369800286673648,61.21587810619025],[21.37028984647368,61.215821598391656],[21.370776640054796,61.21575903747554],[21.371309134117027,61.21568142800027],[21.371891995919647,61.21558639048612],[21.37364175852629,61.21527420338759],[21.374242596941215,61.21517122688511],[21.375260549731266,61.21500328079053],[21.375866393974313,61.214909749716185],[21.375952328607898,61.21490106738915],[21.376282237428395,61.21479114867323],[21.376644779444966,61.21467920032639],[21.377100590338614,61.21455196686906],[21.377620457751334,61.2144265307134],[21.378174863443462,61.21432050368061],[21.378733964153636,61.21425229183845],[21.379267719145595,61.21424097664696],[21.37974503728081,61.21429878801838],[21.380155994714094,61.21441278354874],[21.38050771121873,61.2145614507298],[21.381220579230757,61.21489118428608],[21.381601995879404,61.215053545107125],[21.38200510466867,61.21520338003605],[21.382429879606573,61.21534116755015],[21.382871891560256,61.21546638579106],[21.383328346585706,61.21557743511498],[21.38379783964648,61.21567147031855],[21.38428019016091,61.21574420296568],[21.384760410526557,61.21579066988269],[21.385249022456705,61.21581562245722],[21.385742198105657,61.21582144702229],[21.386236592089105,61.21580886414697],[21.38672909537306,61.215777010216236],[21.387251083314187,61.21572082317984],[21.387768664158823,61.21564673567495],[21.388282833425887,61.215559912398334],[21.3887943151892,61.215464113420296],[21.389810804013052,61.21525536724489],[21.390818537688293,61.215032319791604],[21.391812674099132,61.21479698811422],[21.39230113648245,61.21467306205433],[21.39278068971455,61.21454296990515],[21.39320463476143,61.21441844347175],[21.393618079965808,61.214287411802765],[21.394019823345744,61.21414977022333],[21.394148843368086,61.21410156850319],[21.394407707891173,61.214004856902704],[21.39477849803295,61.21385142343964],[21.395127718931615,61.21368757330272],[21.395487123296853,61.21349137654611],[21.395624282322895,61.213406523374516],[21.395822755738397,61.21328373587066],[21.396142934894527,61.21306839335837],[21.39707561492917,61.212404307881826],[21.397395981736658,61.21218473222756],[21.397730488780898,61.21196983850291],[21.39806216286636,61.21177351488973],[21.39840732292511,61.211582079967116],[21.398761779106042,61.21139428974582],[21.40019168988138,61.21066227123787],[21.400214815974618,61.21064980514666],[21.400527909971746,61.21048102704442],[21.400841895582204,61.21029960773227],[21.401123237285145,61.21011766397836],[21.401358357859174,61.20993487546274],[21.401529611889917,61.20975093604834],[21.401614213926276,61.20956555882739],[21.401591886956897,61.2093739199618],[21.401477633435416,61.20918312245178],[21.401294490546004,61.20899603424462],[21.401059589431817,61.20881596169369],[21.400785229386432,61.2086468840299],[21.400479723106532,61.20849370531192],[21.400148092690713,61.20836254787779],[21.399792583946905,61.2082610598619],[21.399443385397674,61.20819723772489],[21.398725598539862,61.20810089238487],[21.39852109828771,61.20806208462313],[21.398376458396967,61.20803463689017],[21.398012477888603,61.207926511015934],[21.397665009531604,61.207786647190126],[21.397491710650623,61.20770303425242],[21.39732792078127,61.20762400887172],[21.39699542869103,61.207445983528224],[21.396320900408295,61.20706789812104],[21.39596601005349,61.20687837392573],[21.395607238750493,61.20670163168769],[21.39523291667532,61.20653006671424],[21.39484651772943,61.20636325145975],[21.394450553384875,61.2062010911138],[21.39404671142125,61.206043861749166],[21.393635961095523,61.20589225877949],[21.39321862347097,61.20574746287372],[21.392794432195974,61.20561122797734],[21.392362539226113,61.20548598505073],[21.39192153088593,61.20537497143909],[21.391469412047744,61.205282371520035],[21.391052564871305,61.20521702903615],[21.389792334984875,61.20505595363915],[21.38937862009053,61.20498744607554],[21.388984096412063,61.204904142177675],[21.388616349950677,61.20480326362896],[21.38828464904534,61.20468098956658],[21.387987176477967,61.20452907469272],[21.387727696340765,61.20435570975755],[21.387495940563113,61.20416633601822],[21.387283544579148,61.203965283817865],[21.387083619596055,61.20375599516533],[21.387030818798006,61.20369661883347]],[[21.58955937442284,61.173146410992224],[21.583327817819146,61.16888922701186],[21.57950894075402,61.167858623093046],[21.575128822704023,61.1664188094181],[21.57217518370003,61.16637739216198],[21.57012197516617,61.16729834402237],[21.567347465874178,61.16792255085483],[21.566356705629403,61.167521333284604],[21.564784228596658,61.16502705589515],[21.562932354839738,61.1642090633693],[21.554029021627873,61.1574454411117]],[[21.523667359489217,61.1876154706199],[21.52385535585731,61.187533753162995],[21.524236344868793,61.18737688202047],[21.524626929552895,61.187226431445104],[21.525070778159066,61.18706940576575],[21.52552645445203,61.186922214289304],[21.525992714907822,61.18678562995962],[21.52646930555612,61.186661607899914],[21.526956927746323,61.18655345050104],[21.52745723394862,61.18646603582346],[21.52788477799653,61.18641208216304],[21.528319721232908,61.186371600711404],[21.528759197537493,61.18633991153027],[21.529188048074776,61.18631468696618],[21.529617127596833,61.1862963235886],[21.530044853533692,61.186287738882505],[21.530469490033372,61.18629258301373],[21.530889048942722,61.18631537971471],[21.53137835545114,61.186370336443716],[21.531857713228145,61.18645080846371],[21.532326577675367,61.18655115891597],[21.532783098159026,61.18666751421791],[21.53322386209949,61.186797531430656],[21.53364356134583,61.18694022638268],[21.534036230537165,61.18709539203526],[21.534396194175624,61.18726060392997],[21.53471617055314,61.187433935136106],[21.53498486270247,61.187614322253616],[21.535186157326315,61.18780146461262],[21.535298140172067,61.18799576011332],[21.53530416935947,61.188191077396596],[21.535225613590978,61.18839152911331],[21.53520236924503,61.18842458382308],[21.535082547966006,61.18859496927209],[21.534889862916998,61.18879953072713],[21.53465810453525,61.18900348823114],[21.53439415334322,61.18920513921767],[21.534101753736124,61.18940267492378],[21.533803819039942,61.189582860665105],[21.533487989866916,61.18975849764734],[21.53315894513697,61.18993019271538],[21.53282010976385,61.19009832289952],[21.53212198074263,61.190424322971396],[21.531141722721326,61.19085045482246],[21.530838309296072,61.19098766822227],[21.530487534789852,61.19116005170799],[21.530150405846264,61.191338569489176],[21.529178878405773,61.191886364199235],[21.52885520317307,61.19206479231414],[21.528524693385833,61.19223643432838],[21.528182454807503,61.192397748536585],[21.527822692253416,61.19254443400399],[21.527438410573165,61.19267119883927],[21.52706058535914,61.192766179046586],[21.526647438918914,61.19284751440189],[21.526218323350356,61.19291708497486],[21.524886457237507,61.19310293033355],[21.524442513256375,61.19317205550187],[21.523992362563597,61.19325379274376],[21.523550122328302,61.19334574627229],[21.523116565685925,61.19344678295885],[21.52269309772121,61.19355637128939],[21.522281881030846,61.19367459906597],[21.521885990454358,61.19380219499233],[21.521509604040492,61.19394057782902],[21.52115820264745,61.194091920298334],[21.520838718062315,61.19425626438176],[21.520541937286968,61.19443196490841],[21.520260508579035,61.19461541637574],[21.51944810365373,61.195183238399785],[21.51917006148632,61.19536989878261],[21.518879557353156,61.195551158046406],[21.518555062556608,61.19573566155207],[21.517890084680428,61.19609748294619],[21.517572164237123,61.19628465596191],[21.517269535935128,61.1964866416637],[21.51707963058173,61.196628420875214],[21.51698728133111,61.196697365471955],[21.516719966511367,61.19691435249224],[21.51646317215475,61.197135501959714],[21.515473765227743,61.198025026870624],[21.51522067928589,61.19823864371296],[21.514958467860755,61.198443455942574],[21.514682549926352,61.198635583073845],[21.514387172761758,61.19881002422311],[21.514065020198693,61.19896034878479],[21.513706793080587,61.19907833286698],[21.513301184349654,61.199158765025615],[21.512861068496434,61.19921052947094],[21.51192376797055,61.199279204100705],[21.51148140065108,61.199316770866815],[21.511446680673878,61.199319718853666],[21.510961222655652,61.19938018824547],[21.510491700115317,61.199461071627965],[21.510047937942797,61.199562904361926],[21.5096420978032,61.19968795576222],[21.509289570968534,61.19984045709092],[21.50901034012716,61.20001808634909],[21.508782323105855,61.20021946669197],[21.508591955837087,61.20043828709689],[21.508428824839804,61.20066974147469],[21.508299742793916,61.20088560612894],[21.508285028272475,61.200910213850285],[21.50815464033402,61.2011570235229],[21.508033267603963,61.20140820995101],[21.507805575275814,61.201918473689545],[21.50715897917422,61.20343406131112],[21.506704673073802,61.20449883665235],[21.506514780497763,61.20500291355379],[21.506439635622186,61.20524860266771],[21.50638640826854,61.20548745567721],[21.50636459615648,61.20571661342794],[21.506386909829548,61.20593223409872],[21.50643260768573,61.20604037789135],[21.50647015349156,61.206129224785535],[21.50653986573068,61.20620128800076],[21.506636250379138,61.206300924926836],[21.5068994730984,61.206440608374315],[21.50691713868822,61.206446502409925],[21.507243987611634,61.206555564210795],[21.50764837768384,61.206652386611935],[21.50809599336175,61.206736207676194],[21.508573867026467,61.20681102955422],[21.50907174306746,61.2068800143831],[21.51060609451669,61.2070761787268],[21.51110714952183,61.207145112158464],[21.511589705487616,61.207219631700646],[21.512043373302944,61.207302598706065],[21.512454939494322,61.20739756812641],[21.51280732946655,61.20750903081565],[21.51307843521432,61.20764268361442],[21.51322506373089,61.20777160778758],[21.513309579496546,61.20791436400739],[21.513339931186117,61.20806991711109],[21.513318213747635,61.20822949731477],[21.51324640078335,61.2083882267639],[21.51312338436106,61.2085412671103],[21.51294498819022,61.2086836157388],[21.51266225663155,61.20883279230328],[21.512320082426516,61.20896819461623],[21.51162832369672,61.20920003985898]],[[21.51162832369672,61.20920003985898],[21.512845867839623,61.209412305697654],[21.513258045160903,61.20938672709396],[21.513309467306765,61.209393892836545],[21.519731054330048,61.208002241818676],[21.523965338151232,61.206824841634486],[21.534435073816994,61.2038342962552],[21.55161179099255,61.19873495026931],[21.55081332099514,61.194859070781106],[21.559323659907424,61.19104300295718],[21.589607311384654,61.17350022836686],[21.58955937442284,61.173146410992224]],[[21.64548326145975,61.140626246081965],[21.644897567387936,61.14028396536668]],[[21.644897567387936,61.14028396536668],[21.63895255106591,61.1398242648923],[21.63607208828067,61.13920820269423],[21.625300306831495,61.13627389480225],[21.618710660738277,61.132121228426236],[21.618189068286654,61.13194095586444],[21.618068044606925,61.13188937535374],[21.61180226347312,61.129803530987864],[21.609348815757752,61.12836600105601],[21.607783591312007,61.125352429055354],[21.606385417567427,61.12355483671952],[21.599876128862018,61.11805664474667]],[[21.599876128862018,61.11805664474667],[21.582141229256013,61.11932517133566],[21.578423072446334,61.119407733426236],[21.578371822865158,61.11941996490032],[21.573333850156274,61.118698577321226],[21.56672769693828,61.11893285555436],[21.563404139550947,61.11970124340491],[21.552578464533806,61.122159740628256],[21.549891533135753,61.12301295781125],[21.548575147826366,61.12364249118807],[21.54485497973429,61.12450458806089],[21.54464587428059,61.12456256227777]],[[21.58955937442284,61.173146410992224],[21.60001469561581,61.17152606588013],[21.610092191985746,61.16925550061552],[21.61140329940407,61.168958770738904],[21.6162974525279,61.16757845237359],[21.61743492403405,61.16696728249901],[21.62202787883013,61.156983883540605],[21.63830111124957,61.15174904576744],[21.64548326145975,61.140626246081965]],[[21.7302906926712,61.055403755496286],[21.729638519105407,61.055219823780604],[21.7101094871395,61.06129345335011],[21.709571848569244,61.06155761979481],[21.699009872343105,61.06555894948351],[21.681900515848685,61.06408993382205],[21.6558275302618,61.066269200210776],[21.654843095161237,61.06690609525667]],[[21.654843095161237,61.06690609525667],[21.638432980473887,61.07679895036166],[21.631517273129106,61.0804128361148],[21.62747353274184,61.08256719214578],[21.625802566661186,61.083765291657414],[21.623284757299764,61.087166639372256],[21.62052156780028,61.09284983947733],[21.620780082570093,61.09349938902815],[21.626252714961847,61.09475259469747],[21.62760395275203,61.09576919487938],[21.62783897299899,61.09626992513572],[21.62231838167153,61.100801827914204],[21.61147493638134,61.10039802697427],[21.609285135187083,61.10068503070289],[21.607116314935286,61.10113483239249],[21.605203983693336,61.10107018065909]],[[21.605203983693336,61.10107018065909],[21.60080000947921,61.10748069539863],[21.601135444076775,61.10798094540627],[21.60288564120966,61.10888800192521],[21.60433370439485,61.11044720712625],[21.60535821746255,61.11504295293402],[21.599890553491026,61.117979253929725],[21.599876128862018,61.11805664474667]],[[21.644897567387936,61.14028396536668],[21.65681480065426,61.13001920753581],[21.678812088463697,61.12203150351106],[21.68689075279705,61.11905832079575],[21.688086965315826,61.11843335106562],[21.688103892291,61.11843000172184],[21.69202922407319,61.11652902404489]],[[21.69202922407319,61.11652902404489],[21.699559731670675,61.10914890053694],[21.710702217432768,61.099054542036455],[21.730926593258953,61.076377878617535],[21.730323802304614,61.05555609588111],[21.7302906926712,61.055403755496286]],[[21.605203983693336,61.10107018065909],[21.59588181823708,61.103905070774424],[21.586596331299397,61.104943074429464],[21.569481330882258,61.10300222781161]],[[21.569481330882258,61.10300222781161],[21.5512999639619,61.10399133750695],[21.542737503726716,61.102903442825706],[21.53138224129058,61.100016001007155]],[[21.53138224129058,61.100016001007155],[21.530032709404132,61.10019574007845],[21.528531385384614,61.100759430952735],[21.526208652974137,61.10188346280183],[21.52538826853535,61.10231578493256],[21.520626148372955,61.1024192142341]],[[21.520626148372955,61.1024192142341],[21.518961598974848,61.108814156294486],[21.51698213272683,61.11019366137498],[21.510281722184057,61.11206484893448]],[[21.549453506808614,61.08743034620742],[21.547031937884245,61.08769118562969],[21.544310404062536,61.087173903522554],[21.53925005023786,61.08575546393592],[21.536134195251403,61.08540014353451],[21.53161182627989,61.08598337897322],[21.530950095397646,61.08613089912919],[21.529573236387243,61.086869026800464],[21.52788101354239,61.088231115302136]],[[21.52788101354239,61.088231115302136],[21.531086661207787,61.089805414802534],[21.531482618738586,61.08988887121201],[21.537780161416023,61.09210714834872],[21.53801031160604,61.0922255675171],[21.539676261236863,61.09211308726652],[21.540807578586318,61.092133252426734],[21.54139116921484,61.09211063500531],[21.541721498245867,61.0923900649437],[21.542960882992652,61.092980434396296],[21.54296657924441,61.09331651328625],[21.54228369502021,61.09359373404222],[21.541827417143384,61.09403998042332],[21.54178768728705,61.09409982879794],[21.540920882960226,61.09413102198522],[21.54081469706313,61.094209328360876],[21.538370991239496,61.09524535730693],[21.537951551377205,61.09561123841798],[21.537603167672493,61.09582565010084],[21.53745165474549,61.09601237528095],[21.535182713335555,61.09721303053452],[21.532759953278497,61.09888558368028],[21.531733082225145,61.099789195773916],[21.53138224129058,61.100016001007155]],[[21.569481330882258,61.10300222781161],[21.565628437944994,61.100235921305334],[21.565264929418593,61.09962414518154],[21.56001276199482,61.096914275025455],[21.558752931632977,61.09676811527995],[21.556213084153057,61.0958072351787],[21.554526414051036,61.09309334940268],[21.553877041434703,61.09177363887117],[21.555329256074405,61.08959927776588],[21.55515619077375,61.08886527581029],[21.55420167422141,61.08833332599453],[21.553354530378588,61.08801634598352],[21.55216493908911,61.087784890498135],[21.549453506808614,61.08743034620742]],[[21.630575235920613,61.04585229181999],[21.5993504332767,61.04576679635641],[21.58714008937075,61.050301155824066],[21.58039102928506,61.049387869420535],[21.56643947854103,61.04570569279038],[21.565030510292235,61.04539359778478],[21.556466045031822,61.046429129129386]],[[21.556466045031822,61.046429129129386],[21.545288301344726,61.07102586838885],[21.545248625623717,61.071094904856245],[21.544046110032596,61.078174803894356],[21.545792948901084,61.08162696072235],[21.545691092454707,61.08224029861165],[21.549453506808614,61.08743034620742]],[[21.654843095161237,61.06690609525667],[21.64448369244609,61.06585402108534],[21.64206554324193,61.063668296424254],[21.63914715206707,61.06214281460111],[21.630566724169014,61.06036163012784],[21.629945458172056,61.06020559279849],[21.628887485872934,61.06010178200168],[21.625905252445655,61.06032096353066],[21.622209153348447,61.05989883907182],[21.622541012348155,61.055120406404924],[21.630575235920613,61.04585229181999]],[[21.520626148372955,61.1024192142341],[21.520269796072245,61.10240192723004],[21.519760676509474,61.10253606148499],[21.516557131943326,61.10254829767896],[21.510652966586527,61.101959265378056],[21.507512364123794,61.10121386938058],[21.506089921531974,61.10070576221193],[21.504154460081015,61.09910337159775],[21.502500069233637,61.09917346042436],[21.501047556389075,61.09953098058001],[21.50098828369068,61.099541446739316],[21.50052128432826,61.099770978940214],[21.500184947178223,61.10005341563371],[21.500089522504382,61.10019349300008],[21.499788080332223,61.10050523543075],[21.499785997970843,61.10050652654951],[21.49966067591028,61.10052409705565],[21.492824998886654,61.10054481416529],[21.492817217314894,61.100542095937485],[21.49035073600921,61.10061042742633],[21.485185380562328,61.101231372399965],[21.479114452774002,61.101306753355544],[21.46086864191208,61.09781472601156],[21.45300815336752,61.09673173158142]],[[21.45300815336752,61.09673173158142],[21.4529425465141,61.09672581913234],[21.45274995175247,61.096846268138925],[21.452089005724588,61.09725234401914],[21.451413664028408,61.09765286531096],[21.45106737331387,61.097849782322164],[21.450706098945627,61.09804786730145],[21.44996529244542,61.09843742458985],[21.449137518895164,61.098855869888176],[21.447298800292508,61.09978529579281],[21.446557139513065,61.10018002351251],[21.446202585346423,61.100381915611145],[21.445866264346307,61.100588118795386],[21.44555623822168,61.10079988705333],[21.44529778867451,61.101003246224586],[21.44506974229166,61.10120989118325],[21.444872950427598,61.10141698333573],[21.444711239933895,61.10162154569366],[21.444591776976743,61.1018202555694],[21.444525572460094,61.102009225094264],[21.44452814160923,61.102183740366904],[21.444620339127958,61.10233798529974],[21.444824565207046,61.102469874041496],[21.445120680934608,61.10257933663946],[21.44548510281455,61.10267104927648],[21.44589974966266,61.1027482283234],[21.446350954438575,61.102812791617126],[21.446828548190975,61.10286547100371],[21.447342262361047,61.102907679634484],[21.447868962889217,61.10293894392765],[21.448403080291083,61.102960318708746],[21.44894022134923,61.102971784986885],[21.44947669629379,61.10297226286683],[21.45000911774086,61.10295956532295],[21.450534037490325,61.102930305838775],[21.4510476013477,61.10287975639468],[21.451525675229547,61.10280817926104],[21.451992139221034,61.10271961604574],[21.453339122676862,61.1024223304451],[21.453772206301604,61.102335340763894],[21.454195840226443,61.10226700020074],[21.45460752842185,61.10222670864845],[21.45500342731472,61.102225877047516],[21.455375261636558,61.10227271266997],[21.45572723516258,61.102359126314894],[21.456058233463647,61.102475034249],[21.45636491309554,61.10261247515351],[21.45664135398377,61.10276518633425],[21.45687861591192,61.10292821738706],[21.45706410748913,61.103097605446365],[21.457180825852085,61.103270087402386],[21.45720643183863,61.10344285931895],[21.45711364592457,61.103625292964324],[21.456918725384572,61.103804905478924],[21.456665190165598,61.10397033766554],[21.45664816594508,61.10398144503444],[21.456321730963698,61.10415456026413],[21.455953750065515,61.10432373220936],[21.45555417620877,61.104488216088555],[21.45512408940748,61.104649622106535],[21.45489241157035,61.10473082660879],[21.454676328278328,61.10480656467082],[21.45421681269154,61.10496016288668],[21.453278185976757,61.10526065078191],[21.450915031502028,61.105998997807134],[21.44999752624912,61.10630080478681],[21.449555067205385,61.10645657746078],[21.449130024696313,61.106617657952555],[21.448729638857046,61.106786247250724],[21.448363704242944,61.106965260938885],[21.44804529163799,61.107158508342586],[21.447789766456186,61.10736525548713],[21.447584778482415,61.10758515242774],[21.447422618537296,61.10781381547611],[21.447299516786163,61.10804756854494],[21.44721546133818,61.108283195400276],[21.447174162390734,61.10851771049022],[21.447183177032194,61.10874813637352],[21.447254175401348,61.10897130225028],[21.447387840576294,61.10917715662121],[21.44792443545401,61.10977284040865],[21.44805467664974,61.109975975180745],[21.448116286356516,61.11017994836338],[21.448111719991243,61.1103880086299],[21.448040943209403,61.11059650495431],[21.447894989667553,61.11081369394735],[21.44769107947542,61.111028179135246],[21.447445330347506,61.11124064031206],[21.44742965191297,61.11125268328238],[21.447170700869037,61.111451584006815],[21.446877911228768,61.11166135351719],[21.445982183620583,61.112284497667865],[21.44585007284816,61.11238360976707]],[[21.52788101354239,61.088231115302136],[21.526416138007406,61.08848419420497],[21.52456059243436,61.088740211775566],[21.521818091917506,61.08867109976404],[21.516877751412167,61.08553347376671],[21.516161897670653,61.0853914982594],[21.514894290282193,61.08554847589513],[21.5132509970491,61.08598935082528],[21.5121444785252,61.08641403511812],[21.51101579457983,61.087221636229785],[21.510489605176495,61.08742439433051],[21.509803629040064,61.08736015976553],[21.508270938955455,61.08669693815487],[21.506207388311513,61.08614970016098],[21.504635678490647,61.08583782548563],[21.502515603271515,61.08554992077114],[21.498814986944936,61.08604270215515],[21.495242063158734,61.08405361387744],[21.491362023104152,61.08349310865151],[21.489693942088962,61.082811734309644],[21.4898138036904,61.07991584704437]],[[21.4898138036904,61.07991584704437],[21.489457936612695,61.0798539459309],[21.489016623142216,61.079798559482526],[21.488559162626128,61.07975395273908],[21.48762063894209,61.079673145918605],[21.48715031332746,61.07962510179457],[21.48668595932156,61.0795635491937],[21.486214663497524,61.07948071194216],[21.485750751100035,61.07938386508948],[21.484828090200025,61.0791775220531],[21.484360716884208,61.07908233569536],[21.483882999115767,61.0790026686106],[21.48338358683069,61.078944131901906],[21.482872226294685,61.07890566375871],[21.48235255335623,61.07888367434507],[21.481827617274245,61.07887587015959],[21.481300099600208,61.0788811279923],[21.480772512061613,61.07889940402669],[21.48026212281166,61.07892945634172],[21.47975497638107,61.078967968308504],[21.478268063054735,61.079093717307714],[21.477792111921094,61.07912574425857],[21.47733238940275,61.07914523882664],[21.47689465709696,61.079146411779824],[21.476486421727362,61.07912215497271],[21.476117313310343,61.079063663560284],[21.47578934759297,61.07896386448751],[21.475486121510702,61.078835624303096],[21.47494163291253,61.07857952729753],[21.47466214104222,61.07845656226523],[21.47437462769112,61.07834820332333],[21.474076345882732,61.0782639121079],[21.473764076270264,61.07821458528602],[21.473388333087527,61.07821124479568],[21.472997211838795,61.07825518377095],[21.472597641025352,61.078334981691796],[21.47219602370801,61.07844221519508],[21.471798631634712,61.078570967536145],[21.471535059780653,61.078670801733985],[21.47141201301228,61.07871740881516],[21.471384719775326,61.078729409232245],[21.47104338833173,61.07887947651823],[21.4701788602912,61.079321090758086],[21.469811504947454,61.07948931148708],[21.469424774943004,61.07965160138387],[21.46862873104608,61.079970362075805],[21.46823695764439,61.08013322935444],[21.467862036297806,61.08030330282025],[21.467515161681476,61.08048501589867],[21.467230910406535,61.0806644298927],[21.466974897756185,61.08085486009591],[21.46674265234836,61.08105384777526],[21.46653140560524,61.08125951439909],[21.46633997813377,61.081470457087704],[21.4661687450772,61.08168567070191],[21.46601962130278,61.08190447344245],[21.46589762781549,61.082118060598546],[21.46557578740618,61.08275996069083],[21.465200233053302,61.08340687746832],[21.465097233150853,61.08361384626912],[21.465026888282146,61.08381541352689],[21.46500558431337,61.08401039475472],[21.465053123138766,61.08419716073546],[21.46519908665616,61.08438839369693],[21.465425778465395,61.0845707021732],[21.465711164172962,61.084746619671265],[21.46603793449401,61.08491816284821],[21.466392420657556,61.085086966085434],[21.467520772265527,61.08558995079556],[21.467890970474734,61.085760409986456],[21.468245184673258,61.08593436543086],[21.46857476457064,61.08611333779505],[21.468869710375877,61.08629914523558],[21.46903534443826,61.08642163162831],[21.469601619015148,61.08690523894854],[21.46988461831886,61.08709727569595],[21.470211128995583,61.087282730803565],[21.47057031368555,61.0874633471706],[21.47095348919496,61.08764051606922],[21.47135362711843,61.08781534844574],[21.473012757773084,61.0885075119963],[21.473414561241963,61.0886821152127],[21.473796979191384,61.08885869325683],[21.47414941788787,61.08903805750672],[21.474457891794263,61.08922116476733],[21.47470389698695,61.08940916018705],[21.474863092141586,61.08960340415853],[21.474914255658728,61.0897925795863],[21.474893044728624,61.089911593518025],[21.47488030825514,61.08998305169179],[21.474775063548215,61.09016899223181],[21.47460648284922,61.0903440593036],[21.474522125419746,61.09040177797511],[21.474377084098755,61.0905010145263],[21.47408417484023,61.09063130506545],[21.473739172996837,61.090725350077044],[21.473344879766817,61.09079392829438],[21.47291458352644,61.090844365893844],[21.47245861413165,61.0908827941188],[21.471008782398034,61.09097631760899],[21.47045794338772,61.09101938885529],[21.46990769618892,61.0910703996298],[21.46936099365962,61.091129150732186],[21.46882086780403,61.09119605286979],[21.46829083059295,61.091272225913855],[21.467775279975683,61.09135961097811],[21.46730336571894,61.091454751905964],[21.466851806215637,61.091560584025274],[21.466424462022825,61.091675908839846],[21.46602725250271,61.09180031894684],[21.46566855244809,61.0919341729445],[21.46535965758983,61.092078591162995],[21.46511532928903,61.09223547713437],[21.464963530937812,61.09238204904242],[21.46474212313018,61.09268753250636],[21.464622853372827,61.09283596671449],[21.464464437654904,61.09297432550964],[21.464229094715876,61.09310674046337],[21.463934167907823,61.09322437621151],[21.463592949004614,61.09333004197541],[21.463215981029908,61.0934258122012],[21.462811492474067,61.09351311550289],[21.46238580208362,61.09359280078528],[21.461943664141078,61.09366520361783],[21.46147175047785,61.09373300177113],[21.46099061487177,61.09379547186427],[21.459528663099427,61.09397340379254],[21.459046011815488,61.09403682546753],[21.45857136495719,61.09410640587013],[21.458108838392306,61.09418527003249],[21.457663424180588,61.09427725949835],[21.457241293299916,61.09438716709026],[21.456829752208332,61.094525349581936],[21.45644366474435,61.094683133812104],[21.45607642896859,61.09485540357489],[21.45572295564921,61.09503822264486],[21.455379366211222,61.09522860637238],[21.455042735568185,61.09542431311675],[21.454382123610152,61.09582547024344],[21.45298695265684,61.09669804747076],[21.45300815336752,61.09673173158142]],[[21.556466045031822,61.046429129129386],[21.546046992285923,61.05389749666721],[21.53689490922145,61.05329991929852],[21.52798230252747,61.05122440580758],[21.52163722449988,61.04936984368124],[21.506465088079317,61.04953159804666],[21.505919076291466,61.049827002560356],[21.502916853899126,61.05130826961729]],[[21.502916853899126,61.05130826961729],[21.503473942974473,61.05289310790273],[21.502442727421123,61.05548910945814],[21.5017441297039,61.058202415311314],[21.50177598168503,61.05836431484154],[21.499767590189343,61.0640121397549],[21.49386312078478,61.06552955917132],[21.492989886070575,61.06670110570729],[21.492581622924014,61.0667900384827],[21.488320817679266,61.06708655189916],[21.489502634269506,61.06870083406031],[21.488992542326876,61.069066668051775],[21.489054220794767,61.070166333758614],[21.487430408852852,61.070588818406094],[21.485980225950374,61.07028833639317],[21.47902602557149,61.072808541833204],[21.480775078101164,61.07405003319642]],[[21.480775078101164,61.07405003319642],[21.48121854787158,61.07402819009065],[21.481292245782317,61.07402907446953],[21.481669358193106,61.074033598782535],[21.482121726029025,61.0740625914582],[21.48257169165898,61.07411301687728],[21.48300640801255,61.07418179377982],[21.483433502080217,61.074266761407635],[21.483851149809944,61.074365312508164],[21.484256849399372,61.07447580571146],[21.484647296062953,61.074597431709414],[21.48501821767672,61.07473010123429],[21.485036612929235,61.07473767004727],[21.48539744064401,61.07488613159746],[21.486114466804462,61.07520099171884],[21.486473589094075,61.07534016694184],[21.486846887852188,61.07545245585858],[21.48719047852063,61.075520311594985],[21.48754382380653,61.07555962775373],[21.487897826342376,61.07557096985781],[21.488243291545515,61.07555331914321],[21.48857054824639,61.075504042636915],[21.48889927576644,61.07541288003044],[21.489206532380642,61.07529418301521],[21.489802439933534,61.07502798381387],[21.490112975132302,61.07490602782918],[21.490446908702022,61.07480920216758],[21.49080262984029,61.07474962137323],[21.491179133678262,61.07472219424752],[21.49156391682437,61.074722918226556],[21.491944547113867,61.07474967390046],[21.492307970047527,61.07480217505866],[21.49261320293661,61.074872919790344],[21.49288360313266,61.074963240426676],[21.493108780015795,61.07507116262919],[21.49327603281493,61.07519578136686],[21.493384470806134,61.07535212733489],[21.493434840767648,61.07552205484506],[21.493474522504133,61.07587925993117],[21.49351704548427,61.076056239420296],[21.493610740942305,61.07622558777961],[21.49376898299837,61.076378121622476],[21.493773036358505,61.07638202948258],[21.493988874000177,61.07653011844001],[21.49449077343759,61.0768163210639],[21.494733631129296,61.07696186604696],[21.494941330463067,61.07711429255847],[21.495089032911434,61.07727806323045],[21.495161090724576,61.07747704943315],[21.49515695284876,61.077691715068276],[21.495103453605022,61.07791856934814],[21.49502315504749,61.0781550142593],[21.494685912420486,61.079053405616534],[21.49460395734873,61.07923822819731],[21.494501892770774,61.07941734292617],[21.49436186265609,61.07959792387232],[21.494187917820643,61.07976669680652],[21.494009314597033,61.07989865827669],[21.493980018665212,61.079920302996335],[21.493736262880834,61.08005446155365],[21.493435779363452,61.08017181846269],[21.493103666186293,61.08026342630021],[21.492751472525406,61.0803301483973],[21.49238930875335,61.08037116757296],[21.492026332581222,61.08038394750101],[21.49167120979343,61.080364148037425],[21.491312401807292,61.080305438441144],[21.49096271518444,61.080219169300044],[21.490254111742576,61.08001739482977],[21.489875525678528,61.079926582947856],[21.4898138036904,61.07991584704437]],[[21.630575235920613,61.04585229181999],[21.63603552175353,61.0350413698891],[21.63578117250034,61.03474250401891],[21.639702006938887,61.030524235678776],[21.63996157734081,61.03051460548454],[21.64354766423435,61.02641667770044],[21.645178173715465,61.02454018144296],[21.63926550158849,61.020467205053016],[21.63582696204904,61.01422037124223]],[[21.63582696204904,61.01422037124223],[21.60382028443128,61.00737105510956],[21.532586461038072,61.00476236261926],[21.510008773211155,61.00291316337208],[21.49980010687703,61.0006102483302],[21.48942629929635,60.99891012790672],[21.486272534932812,61.000199897153635],[21.482366426101784,61.00179709458374],[21.480020684384833,61.002280540572386],[21.46628015284702,61.005111271486605],[21.432509925438147,61.02499651154868],[21.432511661538552,61.025333566980514]],[[21.432511661538552,61.025333566980514],[21.455551877602478,61.027393826712895],[21.48111184108356,61.03080712254983],[21.48481004347441,61.042256131822306],[21.491452282452478,61.046614003590506],[21.494309791949004,61.049576708447226],[21.49606801430524,61.050175365247036],[21.502916853899126,61.05130826961729]],[[21.4019142384349,61.07227263085707],[21.401554542462073,61.072221958727354],[21.400546483011553,61.072501552345074],[21.39931662497331,61.07320057756051],[21.399142905507485,61.073764903092005],[21.39944607288997,61.0741347270267],[21.399370681743168,61.07456025419255],[21.399314136891796,61.07487939928982],[21.40013191201482,61.07484195527559],[21.400926730095012,61.07451777766216],[21.401606535497656,61.074010206904134],[21.40186596874898,61.07337799846601],[21.401905803796787,61.07273666234399],[21.4019142384349,61.07227263085707]],[[21.402805277459823,61.066186734042965],[21.402530252122485,61.06617005255378],[21.402295959863824,61.06618457873809],[21.402039851159294,61.06621651148727],[21.401706404327083,61.06626814031945],[21.40135105185786,61.06633152355378],[21.400983583818203,61.06640578183717],[21.400612408985594,61.0664908821606],[21.400245089789458,61.06658755387983],[21.39981137620942,61.066719792639695],[21.39895222335667,61.06699558951986],[21.398506433608794,61.06711773904972],[21.39812128393914,61.06720236330519],[21.397725958491733,61.06727524296548],[21.39654669003826,61.06747205296988],[21.396164026310377,61.06754749732233],[21.395838636811312,61.06762004314103],[21.395534812305343,61.0677053756492],[21.395191204830763,61.06784215657699],[21.394887096921625,61.06800796191964],[21.394619954605542,61.0681964309362],[21.39455304173974,61.068256646180615],[21.39396581390203,61.06905780623686],[21.393593194227243,61.069867498388035],[21.39333840529881,61.070356305546284],[21.392967963245198,61.07101577133179],[21.392895966736543,61.07120254896411],[21.39289886373346,61.07125250073833],[21.39290552123374,61.07136729156617],[21.392954967413385,61.071442323131905],[21.39303334117209,61.07150973359926],[21.393198476984704,61.07159579515568],[21.393408473827023,61.07165864762106],[21.393653232341258,61.071693000083975],[21.39392440606617,61.071693973073884],[21.394210496106524,61.07166323186595],[21.39450068069018,61.07160302355414],[21.39486355139815,61.07148693291275],[21.395217202556093,61.07133652294856],[21.39556280259662,61.07116134631207],[21.395901457861036,61.07096859393881],[21.396234084230745,61.07076362976112],[21.396876428815716,61.070336613323825],[21.396883466527733,61.070331934971186],[21.397200286654527,61.07011033395271],[21.397521437364965,61.06987475154259],[21.39785846217021,61.069606335121755],[21.398192252092446,61.06931804029975],[21.3985026107719,61.06902349407494],[21.398698325978962,61.06881649575951],[21.39886261342797,61.06861639352016],[21.398988154036232,61.06842672549717],[21.39907292467074,61.06825458664421],[21.39921330513614,61.067887535776585],[21.399253003420714,61.06780895751753],[21.399279386713673,61.06778346374598],[21.399318213868746,61.06776067643373],[21.39950051797973,61.0676930633434],[21.400181686700858,61.06746331322095],[21.400697842673537,61.06730151107228],[21.401817710325606,61.0669504468199],[21.40234109736338,61.06678177844373],[21.40273403207895,61.0666444455478],[21.402780354545246,61.066628255865474],[21.40308901532528,61.0664972411517],[21.403217115618347,61.06639243634148],[21.40317451646354,61.06630829411208],[21.403027327708163,61.06623648093103],[21.402805277459823,61.066186734042965]],[[21.41012395250841,61.06528328172186],[21.410409096937798,61.06515241396351],[21.41059941776252,61.065051833430125],[21.410668757762945,61.06500244710433],[21.411040719077803,61.06487845660817],[21.411047790758065,61.06487609938952],[21.411802242370026,61.06460910651473],[21.412716929823063,61.06429306625664],[21.41319778736933,61.06411806407879],[21.413717843138464,61.0639088313838],[21.41419229726608,61.06369543817595],[21.414599692296,61.063489792969946],[21.41491929645432,61.06330401363433],[21.41517790762444,61.063130472458155],[21.415391458354993,61.06296295669303],[21.415546827024578,61.06280524719704],[21.41562630082561,61.062661704882935],[21.415606698560932,61.062537536699224],[21.41547382993958,61.06243642490587],[21.415255887259583,61.06234606167274],[21.415129102438012,61.06230209563798],[21.41473376776755,61.06216500133281],[21.41423312195146,61.06198158387115],[21.413981426963694,61.06189697206814],[21.413691258410744,61.061816864389456],[21.41337972279088,61.06174945428608],[21.413051391597413,61.06169718503953],[21.4126254936501,61.06165525526386],[21.412189956348225,61.06163257074501],[21.411754449341377,61.061621668810005],[21.41141782075257,61.06161878516037],[21.411206451270502,61.06162317836255],[21.411087785170032,61.06162564478755],[21.41076538939282,61.06164903899211],[21.41039547057352,61.061703801927116],[21.410031334846366,61.06178022642937],[21.409295462723218,61.06195718220808],[21.40892418898903,61.06203825160521],[21.408547588773917,61.062112469869724],[21.408172578645836,61.06218006835055],[21.407456847979127,61.06229544291408],[21.407029368692495,61.06235438872654],[21.40649113894038,61.06241550702388],[21.406259983326397,61.06246572229994],[21.406058779073284,61.06254546606784],[21.405876763163587,61.06265215370178],[21.40571057858238,61.06277886920167],[21.405557787707583,61.062919621303145],[21.405246229386925,61.06324414590378],[21.405067006142964,61.06340476119125],[21.40486788877113,61.06354808654539],[21.404210092543373,61.06394334773348],[21.40420892477632,61.063944205582416],[21.404025317239956,61.06407908633789],[21.403871991341134,61.06424268191335],[21.40377491031306,61.064414238267375],[21.403732941548498,61.06458647365396],[21.403748866188117,61.06475184315642],[21.403829631783612,61.06490209734551],[21.403956200183234,61.06501260299213],[21.404128778038057,61.06510102345758],[21.40433920241495,61.06516231742205],[21.40465355997623,61.06519580570212],[21.404992912023122,61.06518608144244],[21.40528006102826,61.06515349865403],[21.405570045729558,61.0651118649498],[21.405866482465164,61.06507528072378],[21.40612623594996,61.06505663258014],[21.40638707785989,61.06504785341212],[21.406642196583757,61.06504479900283],[21.406935650521554,61.06504578799133],[21.407194525201806,61.06505920947572],[21.407401125224315,61.06509611251186],[21.407559187329646,61.06517729738101],[21.407663309178055,61.06528928460279],[21.407759742185398,61.06541568117238],[21.407930970264086,61.06553221248183],[21.408204564145503,61.06561423602854],[21.40855965129787,61.065649776869606],[21.408960508702723,61.06562737861284],[21.40937336287671,61.065544682144626],[21.40977000603175,61.06542184093305],[21.41012395250841,61.06528328172186]],[[21.375368518937034,61.078989358481934],[21.37499621378862,61.07895248597357],[21.37461671450461,61.078940322950515],[21.374434109203982,61.07894828790404],[21.374389742834552,61.07894260611581],[21.37436824519441,61.07895116115833],[21.374341976729667,61.07895230719187],[21.374067255631417,61.0789778506255],[21.373712293470966,61.07902516387657],[21.37337161833402,61.079091277430685],[21.37305889793755,61.07918262915677],[21.37280711110762,61.07929138258227],[21.37257441762954,61.07941887484233],[21.372122787251428,61.07969213435819],[21.371885868793655,61.07982637083977],[21.371630037524348,61.07995621457888],[21.371346514343124,61.080081457073945],[21.37034500125786,61.08048637435523],[21.369957191021577,61.08065537626653],[21.369582482501247,61.0808298618193],[21.36934729415783,61.08094904951928],[21.369228502041395,61.08100925068634],[21.368905091027045,61.08119346564116],[21.368625113925283,61.0813829141381],[21.36840538462073,61.081578494629326],[21.36826494995701,61.08177887128146],[21.368211783221057,61.0819815161981],[21.36824021461845,61.082159239786094],[21.368316104260384,61.08233676993484],[21.368501164727114,61.0826989944873],[21.368558509594056,61.08287607145476],[21.368578126580378,61.08305596382421],[21.3685475125177,61.08327009266868],[21.368423123975738,61.08370474541478],[21.368395375892604,61.08388755804685],[21.368396705309017,61.08407001638152],[21.36843315504958,61.0842488671044],[21.368508388346765,61.08441926503278],[21.368616023044567,61.08458066878673],[21.36874803056314,61.08473052125078],[21.36891977371243,61.08487881920452],[21.369133335744706,61.08499970235608],[21.36935183404807,61.08507217071126],[21.369603997109255,61.08511978605778],[21.3698813287097,61.08514245329954],[21.370254956701523,61.08513559805019],[21.370645579295015,61.08509469633364],[21.37103610859406,61.0850281773037],[21.37143777435773,61.084945343707915],[21.372375159353524,61.0847396458322],[21.37334661553582,61.08451850681042],[21.37431370859146,61.084284649643074],[21.374782138019892,61.0841605383242],[21.375230846647728,61.08402798553099],[21.375661154922387,61.083858532480505],[21.37599229168586,61.08367868267827],[21.376276003893256,61.08347027905721],[21.376496651804032,61.08323948460259],[21.376602726407157,61.08307871797504],[21.376682100211315,61.08291447405163],[21.37677195127035,61.08262482167494],[21.37680745151004,61.08235445525091],[21.376799908648938,61.08212273163935],[21.376762079942218,61.08194885845416],[21.376722852799755,61.08186514330464],[21.376689966248613,61.08183867416038],[21.376756378012793,61.081821590177015],[21.376878354651073,61.081761869350686],[21.377034724559813,61.081666766526304],[21.377201710011686,61.0815428823735],[21.377360488326804,61.08138677960016],[21.37748193861717,61.0811800897814],[21.377534483239966,61.08094406764364],[21.37751822359394,61.0806906436968],[21.377437233652955,61.08043329938516],[21.377327560928205,61.08022774273722],[21.377192025653066,61.08003419384245],[21.37704513118513,61.07985759014182],[21.376753981484665,61.079555677034804],[21.37659561097313,61.0794180591926],[21.376346300998176,61.079253208124],[21.376150466583795,61.07916808715788],[21.376050574596782,61.079124669130806],[21.375724784067934,61.07904332452218],[21.375368518937034,61.078989358481934]],[[21.432511661538552,61.025333566980514],[21.432274123505817,61.02554957962569],[21.43025905878882,61.026007323022284],[21.427320311526362,61.02667481304799],[21.42060208309171,61.046149371131335],[21.42122670282834,61.04654307236384],[21.420387138986083,61.04738527374395],[21.42038773942239,61.047385342732625],[21.420853041071304,61.047460901239305],[21.42129438164504,61.047560907971686],[21.421721264508083,61.047694095054716],[21.422122255076648,61.04785137528112],[21.422504437823903,61.048025986832094],[21.422873217435832,61.048212839825794],[21.4232326325913,61.04840815851996],[21.42358562887241,61.048609186617725],[21.42462318460745,61.0492296048786],[21.425636936429562,61.049859381686126],[21.426284782720717,61.05028246426126],[21.426590879425778,61.050496022643216],[21.426877617380526,61.05071193624696],[21.427136813362385,61.05093133896807],[21.427357518525948,61.0511557498153],[21.427525320925277,61.05138716375126],[21.427629809215023,61.05163138116006],[21.427679788482617,61.05188287490702],[21.427690263953444,61.05213962446243],[21.427672550635336,61.05240010274397],[21.427635031353777,61.05266316711627],[21.42752312027222,61.05319389287836],[21.42738394855513,61.05372731561162],[21.42714430791737,61.054526747951655],[21.426956151101074,61.055055808411005],[21.426846698228047,61.05531797369799],[21.42672160495519,61.05557775806792],[21.426575187318992,61.055834327680024],[21.426409001383956,61.05607907937528],[21.426224487234677,61.056320964328314],[21.425631297982257,61.05703834975401],[21.4254423660819,61.05727722670824],[21.425269939135838,61.05751719091744],[21.425123102753027,61.057759058718354],[21.4250130110155,61.05800378611008],[21.424947328116573,61.05825939404072],[21.424921421901445,61.05851817980987],[21.424924657161547,61.05877930617079],[21.424949050324507,61.059042124849654],[21.424988775873594,61.059306132721844],[21.42503977277688,61.05957092942049],[21.42516639739439,61.06010159907859],[21.425322378940926,61.060631703485114],[21.42541423537475,61.06089567930215],[21.4255192335704,61.06115831160631],[21.425635153517945,61.06140797247108],[21.42576566971639,61.06165576401839],[21.42591045126347,61.06190144748657],[21.42607057675604,61.06214456343423],[21.426248612228903,61.062384400754006],[21.426453170268545,61.06262690244463],[21.42667753098046,61.06286518117301],[21.42691999281221,61.06309914571309],[21.427180662664423,61.063328264850576],[21.42746145411953,61.06355152498957],[21.427766167667578,61.063767365046346],[21.42810124789745,61.0639763998056],[21.428458792274178,61.06417830209695],[21.42883280613853,61.064375113481645],[21.429613126102826,61.06475924797606],[21.432016279411254,61.065886746172566],[21.43239532511963,61.066073417401455],[21.432754599394762,61.06625928365134],[21.433084490001853,61.066443740769074],[21.43337187520433,61.06662589202568],[21.433599023718596,61.06680445495848],[21.433742262970572,61.06697764421032],[21.43377040095982,61.06714301892484],[21.43366456506442,61.067292730272754],[21.43345091009902,61.06743336816865],[21.43315791049915,61.06756522880798],[21.432807508338286,61.0676876273844],[21.432416470012424,61.06779879851325],[21.43199755375217,61.06789573208494],[21.431560485987184,61.06797393459302],[21.431112789080718,61.06802712760984],[21.430660468836155,61.06804685676299],[21.430275404186112,61.06803112255371],[21.42989616961813,61.0679871651489],[21.429528321618733,61.06791755991337],[21.42917775621307,61.0678234598393],[21.428825927275653,61.06769702708743],[21.428492651546552,61.06755095756246],[21.427526565820035,61.0670660182553],[21.427194269509744,61.066910770933035],[21.426849044161653,61.06676658127039],[21.426489080946205,61.06663822020464],[21.42611177695409,61.06653147435428],[21.4257029538975,61.06644956579237],[21.425280261407845,61.066395767465835],[21.42485126861008,61.06636952585026],[21.42442320857151,61.0663722564255],[21.424003372684638,61.066407434706484],[21.42362494851681,61.06647179874341],[21.423255850865186,61.06656069374453],[21.422892112405137,61.066667120496184],[21.42253018919379,61.06678525113795],[21.422126291907592,61.066925374312554],[21.421724133195475,61.06707215230383],[21.421624856668377,61.067110361991936],[21.42132785473431,61.06722467121759],[21.42094257754211,61.06738278411885],[21.420574806195035,61.06754704138301],[21.420232887994533,61.06771867822877],[21.41992758176805,61.0678996337941],[21.41967272878359,61.06809260233791],[21.41947413891108,61.06830721156945],[21.419333473606805,61.06853261014219],[21.4192403204094,61.06876359734997],[21.419188699826147,61.068995304596164],[21.419184344217715,61.0690786991129],[21.419176816940027,61.06922283501234],[21.419207014343584,61.06944087809403],[21.41928591557773,61.069643307909466],[21.41942479276208,61.06982275277357],[21.419640119217746,61.0699701266525],[21.4199355030477,61.07007584001375],[21.42029948581923,61.0701512075254],[21.42071206251552,61.07020491809287],[21.421156880183442,61.07024417755789],[21.42255381084912,61.070334358803365],[21.423000579017216,61.070373564113744],[21.42341672768612,61.07042729256221],[21.42378674713223,61.07050287591367],[21.424091852505036,61.07060919448547],[21.424324195620585,61.07075932925124],[21.424485548188674,61.07094310680438],[21.424594382613193,61.07115177487403],[21.424664773718153,61.07137855285418],[21.424707187996837,61.0716182127098],[21.42472914485896,61.07186670045888],[21.42473572648279,61.07212081527528],[21.424729942867167,61.07237791949113],[21.424712949619195,61.07263568300094],[21.424684137489837,61.072891838554995],[21.42464108843959,61.07314394592682],[21.42457939295089,61.0733891422342],[21.424492328004998,61.07362387118687],[21.424370395304294,61.07384358313978],[21.424200720481593,61.07404238077291],[21.423966298798412,61.074212629586775],[21.42368222168033,61.07433786824345],[21.423343515113068,61.07443669085262],[21.422965000671553,61.07451325505961],[21.422558786254278,61.074570230080155],[21.422134918516733,61.07460896322021],[21.421702015521703,61.07462961136868],[21.421305511605258,61.07463363303894],[21.420523137875545,61.074629834759605],[21.42014443810173,61.07463945708069],[21.419779469030395,61.07466894710698],[21.419380452709767,61.074736562519014],[21.4190065986232,61.07483534069228],[21.41866014954862,61.07495841462832],[21.418345473066907,61.0751005867712],[21.41806936289504,61.07525807419577],[21.41784140916005,61.075428284546355],[21.417674420538077,61.075609624712435],[21.41758919782253,61.075764939255315],[21.417426869049397,61.076251738652],[21.41731017113281,61.076458003528145],[21.417148057739972,61.07665813698136],[21.41694537288913,61.076846727750315],[21.416703969976005,61.07701735134192],[21.4164226157406,61.07716212500309],[21.416096829308724,61.07727122038228],[21.415750839495143,61.0773343619344],[21.415370157546096,61.07737104990306],[21.414535113923225,61.07741732617777],[21.414081076380047,61.07744989706451],[21.41361602334712,61.077492693397026],[21.41314462132481,61.077544478406594],[21.412670801847344,61.077604305325075],[21.412198047431325,61.07767148693195],[21.411185012162544,61.07782942929408],[21.410679068021658,61.07789928629841],[21.410564768501754,61.07791077925149],[21.410169613484587,61.07795051293642],[21.409687189635854,61.07797407888224],[21.409203256989976,61.077975053616825],[21.40872219964197,61.07795542459369],[21.408248755279995,61.07791556848736],[21.407788303563645,61.0778542496652],[21.407347208664415,61.07776857500881],[21.40694769800049,61.07766102736562],[21.40657182714604,61.077532250815516],[21.406219746333672,61.07738640740338],[21.405933884644966,61.0772495971601],[21.405385099201116,61.0769660580298],[21.405106121259955,61.07682975312204],[21.404741812082033,61.076675214084545],[21.404356721388815,61.076543777805625],[21.403950337936774,61.076443439823535],[21.403578889295,61.07638730354096],[21.403198173730583,61.0763589651332],[21.40281603507591,61.076356378778556],[21.40244035863208,61.076379143097796],[21.402079428552813,61.07642850790517],[21.401742321650506,61.07650741667627],[21.40138677159492,61.07663966696024],[21.40106482507848,61.0768058165573],[21.400765703886638,61.07699562041032],[21.400480274547913,61.07720095208043],[21.39966235556124,61.0778239198813],[21.399397285047296,61.078011409589685],[21.399121626859362,61.078192838591455],[21.398832885568446,61.078365458642004],[21.398527657596723,61.078525984166056],[21.39820142644019,61.07867038481101],[21.397848332093858,61.0787936769206],[21.39741582525334,61.078902329045164],[21.396951475437124,61.078985942002895],[21.396464124677244,61.07905192814238],[21.395960726333758,61.0791063396533],[21.394404705616626,61.0792482731187],[21.393952761630302,61.07929565196577],[21.393883872468088,61.07930287414934],[21.39339608972225,61.07936357685647],[21.39291294236016,61.07943275782776],[21.392435109771196,61.07950949761821],[21.39196367293807,61.07959341015461],[21.391500237837715,61.079684648780855],[21.391047065792048,61.07978393599642],[21.390607240341424,61.07989260731877],[21.39018484707975,61.08001267638877],[21.389785202614174,61.08014691652419],[21.389399131540223,61.08030288813854],[21.389035052533778,61.08047118689658],[21.387997018189495,61.08099032052325],[21.38764639632045,61.08114808300941],[21.387282178514262,61.08128662307296],[21.38689671718691,61.08139707203648],[21.386485349421957,61.081471515360256],[21.386055818947757,61.08151188661931],[21.385618972197967,61.08152062681653],[21.385185274450013,61.081497981197295],[21.384777175302133,61.0814474408303],[21.383617316989096,61.08124537173858],[21.383251668369546,61.08120490505461],[21.382898357781453,61.081201778930954],[21.382536263162958,61.08125266809452],[21.38218908013413,61.08135090899122],[21.381856149749375,61.08148491714421],[21.381538281091547,61.08164601805787],[21.38123784577272,61.08182794623052],[21.380958948373245,61.08202644003989],[21.380707661130664,61.082238904111726],[21.380492343776872,61.08246416794399],[21.380326407342487,61.082690143032885],[21.380189988554086,61.08292386505082],[21.379849443594743,61.0836403074668],[21.379725798832727,61.083874882544414],[21.37957970922693,61.084102406896505],[21.379392319437883,61.084328007444924],[21.379161739778954,61.084538250537825],[21.37887930304389,61.08472814157888],[21.378586745178815,61.08487274021707],[21.378256721454886,61.08500105396168],[21.37789790900413,61.08511602339216],[21.37751730581871,61.085219831410356],[21.37712058648461,61.085314024290135],[21.376676078128295,61.08540767420919],[21.375780078855957,61.08558640291594],[21.375345092175845,61.08568220042773],[21.374930657343434,61.08578990333929],[21.374547207225735,61.08591609781202],[21.37422099280081,61.08605691802216],[21.373923178698448,61.086215440234774],[21.37364523041481,61.086387014780975],[21.373379960282353,61.086567810536316],[21.37286650979442,61.08694390578998],[21.37261541572041,61.08713613223821],[21.37237106792141,61.087331289975594],[21.372137433989767,61.08752964557454],[21.37191953093118,61.087731752492076],[21.371723668494074,61.087938452236564],[21.371589402515138,61.08810519704023],[21.37147513248747,61.08827530184446],[21.371356133482827,61.08850426359688],[21.371266401490985,61.08873721664119],[21.371198715525907,61.08897267842726],[21.37114776543588,61.08920929121405],[21.37110993506862,61.08944572481252],[21.37106682723618,61.0899121913017],[21.37106365557094,61.09014599536371],[21.371085810453636,61.09037229841249],[21.37114907321805,61.090588388809756],[21.371272666983877,61.09079067611103],[21.371449504532258,61.0909526487082],[21.37148566181315,61.090985766018825],[21.371770167510604,61.09116245526367],[21.372109657518386,61.09132134115273],[21.372492475072033,61.091461311765606],[21.372754286875914,61.09153519494838],[21.37291107684144,61.09157944054096],[21.37336146378451,61.091670810359616],[21.37379883787472,61.091726995949195],[21.374254139500895,61.09176017951751],[21.374720988734744,61.09177414319895],[21.375194100203817,61.091771315249616],[21.375668906871702,61.09175294065014],[21.376190267496575,61.09171646766489],[21.377716246862512,61.09157977903711],[21.37820388039352,61.091552226014464],[21.37867513625597,61.09154881706485],[21.379124924138164,61.09158094757817],[21.37954011229797,61.091655163613936],[21.379937339238207,61.09176341682046],[21.380324249528055,61.09189486591142],[21.38149250856004,61.09234191498378],[21.381908473956337,61.09248309714097],[21.382353128652348,61.09261074217284],[21.382818757255034,61.09272525725437],[21.38329990758703,61.092829679543335],[21.38379230840433,61.09292626020348],[21.384152049688076,61.09299116827625],[21.38429261950382,61.09301653138187],[21.38479819348977,61.09310134937312],[21.385306881051665,61.093180912598015],[21.38581683469193,61.09325472551635],[21.3863263521741,61.09332152729488],[21.386833701806513,61.09337916571726],[21.387336973273197,61.09342441095622],[21.387833907554572,61.09345270907296],[21.38832171706826,61.093457864906156],[21.38879689476088,61.09343166149873],[21.38924620758487,61.09336931765008],[21.389683246024916,61.093276946695035],[21.390111150321513,61.09316240222782],[21.390532350835763,61.09303171707299],[21.390687242597206,61.09297880250576],[21.390948717087223,61.0928894776397],[21.39177234309849,61.09258326179956],[21.394229904780573,61.09161446815461],[21.395064536529777,61.091302500261605],[21.39548989379198,61.09115352399468],[21.39592330076669,61.091011594963156],[21.396367523780057,61.090879154825366],[21.396808297174925,61.090762388745205],[21.397259331487955,61.09065507033211],[21.397718213286854,61.09055556900272],[21.398183075077558,61.0904628547515],[21.398652471444535,61.09037645248939],[21.399125288614286,61.09029641757547],[21.399600633032872,61.090223324878984],[21.40007775963977,61.0901582855956],[21.400555965923807,61.09010297884405],[21.40103451118398,61.09005968791288],[21.401548900326503,61.0900276089593],[21.402555096152064,61.08997923230919],[21.402857397583574,61.08995766078341],[21.40303424507014,61.08994504120629],[21.403486492893215,61.089891185147685],[21.40390095397726,61.0898061171554],[21.40426569570542,61.0896821739],[21.404594110146434,61.089525591371874],[21.404897708358316,61.08934550291247],[21.405174631873628,61.089156904111384],[21.405185995497483,61.08914916550486],[21.40603671841317,61.08851628426798],[21.40633971668695,61.088303479438366],[21.406656873651553,61.08809442823917],[21.40698852869515,61.087890582973316],[21.407335901536744,61.08769366289125],[21.407680517907764,61.08751476851166],[21.408036705297533,61.08734312659639],[21.408400486682904,61.08717825068346],[21.409082685005355,61.08688083082145],[21.409404864685282,61.086730232137896],[21.40970014046967,61.0865725526812],[21.409955956302323,61.08640300717516],[21.41016187755351,61.08621927639263],[21.41032976984425,61.08602296078591],[21.410473042939948,61.085817889430864],[21.410733198871178,61.085394946303715],[21.410872572957942,61.085183452076066],[21.411039515657798,61.084965851325315],[21.41122808370053,61.08475525171107],[21.411437494712906,61.08455448830754],[21.411668426720276,61.08436731361607],[21.41192314355557,61.084198676373454],[21.412205673552844,61.08405505656788],[21.41252202256602,61.08394483787158],[21.41291415945007,61.08387048498196],[21.41333805641594,61.08384087153981],[21.41377700073998,61.08385083993333],[21.414215930491174,61.08389866743834],[21.41460596411413,61.08397347276583],[21.415771650482306,61.084265077306355],[21.416183048228092,61.08434615106996],[21.41662006984814,61.0844033167888],[21.417076798408434,61.084440058008944],[21.417548198467838,61.084462874966995],[21.419014953026924,61.084503781809794],[21.41952205276308,61.08452509855872],[21.420031150388738,61.084552848731256],[21.42105098548313,61.08462331517438],[21.422066413379024,61.08471057717017],[21.422569694679417,61.084760877919436],[21.4230680790628,61.084816744304824],[21.423559601512586,61.08487969714384],[21.424041731476475,61.08495192421753],[21.42451119579095,61.085036409758935],[21.42496379824557,61.08513709350675],[21.425397335336164,61.08525738745734],[21.425814560084987,61.08539343643682],[21.426220383122725,61.08554070044669],[21.42661890057282,61.085695473389336],[21.42780472739604,61.086175481485874],[21.428177704722653,61.086320424832714],[21.428207525576095,61.086332013990436],[21.428603118400257,61.08647708570276],[21.428663601803752,61.086497897271315],[21.42900717800365,61.086616112253424],[21.42941982393492,61.086748393772496],[21.429841767657503,61.08687275082968],[21.4302743678152,61.08698743220448],[21.430732374324304,61.08709397900867],[21.431200654717262,61.087190613511744],[21.431676715457566,61.087279501592754],[21.43215868735204,61.087362135623195],[21.43313543096128,61.08751164614468],[21.433628755178244,61.087578633767],[21.43412498075955,61.08763958664746],[21.434624177047006,61.087693107153555],[21.43512668288486,61.087737111249],[21.43564219756417,61.087770316361116],[21.436160496187068,61.08779356471632],[21.43668050838764,61.087808889406496],[21.43720128403329,61.08781754636162],[21.43772192235894,61.087820068126526],[21.43824149169078,61.087816286649534],[21.43875894765214,61.087805311907914],[21.439273049963056,61.08778547627552],[21.43978226373922,61.08775422965035],[21.440284655059497,61.08770800374658],[21.4407589094622,61.08764674642187],[21.441226422158163,61.087571586337575],[21.441688508518723,61.08748578828475],[21.442146039321766,61.087391764354635],[21.442599487431625,61.08729119917919],[21.4434940979888,61.08707414109532],[21.44393426399377,61.08695816521548],[21.444368296600217,61.08683674638074],[21.444794562693097,61.086708918186716],[21.445225408631845,61.08656928004326],[21.445648184723538,61.086423379429306],[21.446476802137045,61.0861190149869],[21.44769313523838,61.0856458827257],[21.449628738560968,61.08486929507309],[21.449980830769437,61.08473396813619],[21.450338928813817,61.08460715724413],[21.450707928121272,61.08449304301228],[21.451093306410804,61.08439653380245],[21.451517142076558,61.08431853415019],[21.451788663347678,61.08428223302006],[21.45195973191571,61.08425936190654],[21.452416141447138,61.08421340090624],[21.454301928245833,61.08407154593727],[21.45483282220665,61.084020147253206],[21.45535296271508,61.08395744874706],[21.4558562734835,61.08388166328114],[21.45633469845639,61.08378988371452],[21.456601627561234,61.08372234944008],[21.456777518255638,61.08367784779834],[21.457155587531805,61.083549121649426],[21.45748791660868,61.08340279217077],[21.45776996704176,61.08324364026469],[21.457992873943827,61.08307541112254],[21.45814290934229,61.08290104506653],[21.458200785014935,61.082722870249064],[21.45815074460281,61.082538411598804],[21.458019909424063,61.08235188422472],[21.457723615902893,61.08203825197334],[21.45766009810216,61.08197101622847],[21.457497525474096,61.08177525158142],[21.457442382422624,61.08167084346663],[21.45739155208332,61.08157459868433],[21.45736874605427,61.08138173494668],[21.457414057556978,61.081187790769114],[21.45751688255866,61.08099721343835],[21.457670567577576,61.08081484490231],[21.45787221877962,61.08064621544006],[21.45812258739087,61.080497879148616],[21.45842607796217,61.08037776976206],[21.458646399601275,61.080325679530524],[21.458796939222346,61.08029008656328],[21.459215256913822,61.08023205332455],[21.459667199793827,61.08019517606889],[21.460049052954503,61.080176861959806],[21.460141545045396,61.08017242547389],[21.46160977723257,61.080131316921104],[21.462087213413547,61.08010876670009],[21.462544106950343,61.080072052823574],[21.462969621146115,61.080013957471145],[21.463350474304217,61.079925710731764],[21.463617006417834,61.07982686999853],[21.463846711833053,61.07970613989362],[21.464041005488752,61.079567429943864],[21.46421866227569,61.07939343750655],[21.464356561509664,61.079205292900326],[21.464457807097848,61.079006877758204],[21.46452295377582,61.07880129841416],[21.46455005920068,61.07859105545796],[21.464534680908354,61.07837819931297],[21.464464895867998,61.07814032449958],[21.464355276171567,61.07790124123155],[21.464088716224072,61.077417656591145],[21.463964701101,61.07717162804497],[21.463863035099394,61.07691503886921],[21.463787622332845,61.07665541625308],[21.463736805766796,61.0763940385951],[21.463710941565015,61.07613212570769],[21.463712612633756,61.07587096640146],[21.46374374572279,61.075620995538415],[21.463804288248205,61.0753746165655],[21.463895866212248,61.07513379713177],[21.46402287419719,61.07490113974931],[21.464192762440994,61.074680098776284],[21.46442143573357,61.0744677446524],[21.46470043589781,61.07427513463184],[21.46502664033427,61.074106529515966],[21.465394032623085,61.073967483310284],[21.46579305058326,61.07385539777057],[21.46621090913625,61.073769742887485],[21.466636757687372,61.07371240740641],[21.467060946365123,61.0736878153727],[21.46747438610069,61.07370313293679],[21.467614523188132,61.073724126587955],[21.467862113602834,61.073761216123565],[21.46824304590956,61.07384906354479],[21.469033949916692,61.07405221432316],[21.469444673508963,61.074137662355206],[21.469877549570615,61.07421295095834],[21.470326781303747,61.0742808417334],[21.47059956736766,61.074318123243074],[21.47078768271368,61.07434383233596],[21.472696467765694,61.07458782541945],[21.473360657215796,61.074667658355466],[21.473665822503335,61.07470433669167],[21.474150485826705,61.07475460818024],[21.474634731050998,61.07479584169191],[21.47511825910994,61.074824398823665],[21.475316289311362,61.07482904270864],[21.475600724798774,61.074835713177734],[21.476062132065447,61.074826631112956],[21.476520709959647,61.07479960672096],[21.47697480461164,61.07475675387537],[21.47742246525088,61.07469920678375],[21.477861359531484,61.07462720022362],[21.478286574171616,61.074542098924944],[21.47952702349574,61.07425706678219],[21.479938256999407,61.074171029381894],[21.48035275929174,61.07409963647121],[21.480773221051756,61.074050124513256],[21.480775078101164,61.07405003319642]],[[21.862956740832473,61.2394786752332],[21.884197672553732,61.23547767604394],[21.895478697887466,61.22432001049219],[21.902885144378494,61.20543331228616]],[[21.902885144378494,61.20543331228616],[21.946620761456085,61.19162235385998]],[[21.946620761456085,61.19162235385998],[21.925454652632496,61.17423284193023],[21.883633002275104,61.15897819811632],[21.871662890514607,61.15021067920425],[21.871095376944606,61.149049667003794],[21.86895385125326,61.14695375705084]],[[21.86895385125326,61.14695375705084],[21.861871200915765,61.15020860062379],[21.858039112292467,61.1531380247386],[21.853286296553645,61.15920103112313],[21.823709951096323,61.15557677285297]],[[21.823709951096323,61.15557677285297],[21.82244219698511,61.15773762958815],[21.802702634944342,61.19134176093021],[21.810991784495663,61.196181555032716],[21.81470829805068,61.197587116159696],[21.818096981734307,61.19635892143151],[21.81973374450846,61.19756993852758],[21.829022714216332,61.20350247961945],[21.823810472784867,61.20551726764047],[21.821997796103062,61.2093787966972],[21.822965222619704,61.2127994080889],[21.82302624445694,61.213535564478576],[21.823030172239573,61.21354985875321],[21.825181469426852,61.21674429720714],[21.825023194295447,61.217134014680234],[21.824898520906952,61.21723394071893],[21.82352986822275,61.21802277533608],[21.81967377962155,61.22170944015143],[21.817182835430234,61.22303296719969],[21.816598183143903,61.22319818481317]],[[21.816598183143903,61.22319818481317],[21.814987761622366,61.22686459941923],[21.813706713393874,61.228356640241586],[21.80787086146226,61.232305101494376],[21.81109466133583,61.23423711345681],[21.813282194584424,61.234490793754404],[21.815147236732795,61.234595691651876],[21.816501271150962,61.23498347235311],[21.817242545435285,61.23514226729075],[21.822800602680054,61.23610751843626],[21.829792112458385,61.235968640573326],[21.852439705038897,61.239342071289144],[21.852500049410867,61.23933499006953],[21.86250718542434,61.23931437695847],[21.862956740832473,61.2394786752332]],[[21.48308970197224,61.22407349685163],[21.482952514103655,61.223800005094965],[21.482437169286623,61.223570607081726],[21.481598783647804,61.22377450647865],[21.480873600093506,61.223685364179296],[21.480555727503763,61.224089105984476],[21.481025344450487,61.22422734634962],[21.481673670014594,61.22440264727875],[21.48229703618858,61.22436856469446],[21.48308970197224,61.22407349685163]],[[21.480645992695937,61.22287238933996],[21.48041638622671,61.22277371489641],[21.479399315849946,61.222940537094445],[21.478198350007617,61.22309983904325],[21.477687208190474,61.22319801953299],[21.477630069734005,61.22352311118591],[21.47809447090325,61.223690915259446],[21.478784316107188,61.22362979918596],[21.479617520732432,61.22345547121262],[21.48021072548641,61.223241571097],[21.480645992695937,61.22287238933996]],[[21.484970563574382,61.22566831281757],[21.485410998345028,61.225269561382],[21.4842307234671,61.22531069945815],[21.48370918464484,61.22546801067206],[21.48336116474497,61.22569193388809],[21.482410507537185,61.225831724792876],[21.48189933318163,61.2259299207937],[21.48211339455408,61.2261172550256],[21.482695270415856,61.226319602964374],[21.482940479862123,61.226329611806506],[21.483763358403074,61.22621436709964],[21.48435658894123,61.22600044914402],[21.484970563574382,61.22566831281757]],[[21.48758096499892,61.22381025832537],[21.486759096299743,61.2235683759818],[21.485773154229882,61.22355792089127],[21.484996087077974,61.223764342409034],[21.48439771550364,61.22400781789536],[21.484366586111506,61.2241851417135],[21.48424821524352,61.22450773547488],[21.484661744074835,61.22461390783654],[21.485581233703112,61.22465142477253],[21.486316825366416,61.224681433765454],[21.487241505239144,61.22468938524252],[21.487901167933703,61.22444839696307],[21.487958202469404,61.22412330061724],[21.48758096499892,61.22381025832537]],[[21.49802703547776,61.21527648335515],[21.4977974271389,61.215177838364504],[21.497081927717588,61.21538682808789],[21.496284434898048,61.2157115370556],[21.495165811617575,61.21575527096172],[21.49421550513229,61.21589514922647],[21.493699350598988,61.21602294694411],[21.492446924518422,61.216477925511576],[21.493115873039667,61.216534952298595],[21.49385128650056,61.216564918192624],[21.49452541692005,61.2165923834314],[21.49550597081799,61.21663232682222],[21.496435595162897,61.21661065789169],[21.49701820836414,61.21645579051468],[21.497831234930022,61.21604241290987],[21.497908842384202,61.21559909141083],[21.49802703547776,61.21527648335515]],[[21.48731613746849,61.21757841559772],[21.48730669261623,61.217280373584444],[21.486443515686336,61.21727492468634],[21.48548275378032,61.21747384984284],[21.484654924714388,61.217618662119484],[21.483776179233466,61.217701859512566],[21.48323920240012,61.21794783285191],[21.48360595331,61.218319994221666],[21.48426454635799,61.21843617320535],[21.48471335012011,61.21869261656546],[21.48515697489596,61.21897861180692],[21.48565246776449,61.218969064554464],[21.48660290459717,61.21882924816022],[21.48701211114237,61.21860781541928],[21.487063956744763,61.21831227266273],[21.486988043440057,61.21804128394474],[21.487039888054763,61.21774574117533],[21.48731613746849,61.21757841559772]],[[21.494017234846712,61.22195924714347],[21.493772909500265,61.22159210651537],[21.492822417610153,61.22173197351868],[21.49208170434159,61.2217315550934],[21.49114674561627,61.221782746674336],[21.490273080432416,61.22183643057958],[21.48944515600458,61.221981270988735],[21.488668151344633,61.22218771439354],[21.488504089616967,61.222419150065214],[21.488447064727314,61.22274424679231],[21.488747450263332,61.2231434502359],[21.489237824914643,61.22316344498736],[21.489732483659434,61.223511035254816],[21.49063640027937,61.22363718063407],[21.491556749729238,61.22331750477041],[21.49249780226561,61.22287960430023],[21.493372353089317,61.22246875508561],[21.494017234846712,61.22195924714347]],[[21.507469001914817,61.24129626783534],[21.506974765885666,61.24101425722294],[21.50578061708462,61.2410609895098],[21.505461389619224,61.241190890796034],[21.504361228202324,61.241265241853434],[21.503342637245378,61.24143814854127],[21.502695876073318,61.24174522762768],[21.501975190362067,61.242192171536246],[21.501708525015385,61.24258613676772],[21.501351997605873,61.242928823621064],[21.501760493921353,61.24313593243797],[21.502140013380643,61.24350854787863],[21.502932806886633,61.24377890165857],[21.503565983910917,61.2441141991339],[21.504003485589404,61.24415579340368],[21.50517233473215,61.244536665080275],[21.506096429077722,61.244621836666724],[21.506661625569087,61.2442161789325],[21.507136938372817,61.243759244514195],[21.50769796921909,61.243377225852946],[21.50836126236984,61.24297554660252],[21.50891399149622,61.24264081100685],[21.50876320504796,61.24237275453408],[21.507925460754752,61.24207679786489],[21.506993732846684,61.241753204915256],[21.507469001914817,61.24129626783534]],[[21.502259964291724,61.2157761761453],[21.501851659797136,61.215640503244366],[21.500589792304243,61.215797515389795],[21.500282598680815,61.21614219792908],[21.49970439676564,61.216624678039764],[21.49938683950653,61.21702846901542],[21.499140906599813,61.2173756440083],[21.498236332078914,61.21760671024414],[21.496724045144585,61.217783258668284],[21.494624757241763,61.217787052188726],[21.49332737615289,61.21779372518372],[21.49197388822681,61.21776833334624],[21.490666148509497,61.21783408991362],[21.48955262630584,61.2178482219288],[21.48874981147342,61.218202439089694],[21.48922884201102,61.218638693415684],[21.489662143325422,61.21898378404372],[21.490044528526614,61.21926726488488],[21.490595245969946,61.2196469046679],[21.49097676193217,61.220287535824625],[21.491481758382804,61.2205760105224],[21.49282500716278,61.22066051785607],[21.49431156029279,61.220631787193426],[21.494843322105794,61.22041532411434],[21.495452732111303,61.219755538564556],[21.496363388347923,61.21913778546794],[21.497232608488957,61.21875646314587],[21.498224382734755,61.21838012506511],[21.49962007133624,61.2178118622711],[21.500713677009454,61.21755871461536],[21.50216464436089,61.21737962697316],[21.50283437923398,61.21707945240036],[21.503034491024785,61.21664111208671],[21.502672695486567,61.21623944572941],[21.502259964291724,61.2157761761453]],[[21.539157417773666,61.23830057338146],[21.54012936563879,61.238090532110625],[21.541091019879303,61.23786624347084],[21.541564311247598,61.23774772769706],[21.54202980603653,61.23762342120494],[21.542484663876667,61.23749147521624],[21.54287794181213,61.23736641006657],[21.5432614820505,61.2372349382614],[21.543636231727135,61.23709823925263],[21.544002610567073,61.236957153511646],[21.544360546061824,61.236812237954226],[21.545438199467394,61.236346062842024],[21.545854280746603,61.23618389744241],[21.546289927632678,61.23603160962094],[21.546743203868218,61.235888962697636],[21.54718746777389,61.235762513637745],[21.54764300955803,61.235642466703275],[21.548106667530135,61.235526619896255],[21.549520260878115,61.235186111029925],[21.550455874135093,61.23494817399618],[21.55091365631504,61.234820801327565],[21.551361926227486,61.23468824353822],[21.551798928058275,61.234551601706166],[21.552221410575736,61.23441177177917],[21.552624262747642,61.23426951090922],[21.553000029619433,61.234125505264544],[21.553338297325734,61.233980449668344],[21.553624909843993,61.23383513935279],[21.55384100791153,61.233690575232046],[21.55396189426674,61.23354810174031],[21.553961992678683,61.23340321594917],[21.55384037546701,61.23327627775575],[21.55368074740665,61.23320250612978],[21.55347043605046,61.233151158485576],[21.553155191608823,61.23312356149247],[21.552793602914555,61.23313089541286],[21.55240013964771,61.233167654789646],[21.551984410846693,61.23322656172241],[21.55155251578153,61.23330100511701],[21.549728517715508,61.23365867973251],[21.54878254166545,61.23383327915283],[21.547826416124355,61.233996096547564],[21.546307802461406,61.2342356522273],[21.54580830051529,61.23431971536293],[21.545315913178676,61.23441096191732],[21.544850353813946,61.23450779260057],[21.54439112037922,61.23461150789274],[21.54302781219405,61.23493732181898],[21.542570864442652,61.23504237896132],[21.54210888892228,61.23514111647304],[21.54161022044515,61.23523661981062],[21.5411054026371,61.235323319009865],[21.54059656095937,61.235402534558744],[21.540085639443884,61.235474879483725],[21.539574540745935,61.235540259602004],[21.539065289891383,61.23559782343574],[21.538560217681553,61.23564588502482],[21.538062153429046,61.23568179312269],[21.537574663489615,61.235701751847614],[21.537102323840227,61.2357005959158],[21.536839365146083,61.23568656535676],[21.53675947472222,61.23568230314709],[21.536432473586178,61.23564831830967],[21.536125872800547,61.235598204504555],[21.535746035386026,61.23550392984746],[21.535208973655163,61.235321021053174],[21.534931064663866,61.23523704113662],[21.53461782847588,61.23517006739048],[21.534275085472153,61.23512150302774],[21.533910773807108,61.2350903881227],[21.533532036877258,61.23507667025286],[21.533099530023165,61.23508196227812],[21.53266524450429,61.23510621165078],[21.532237312736683,61.23514690157527],[21.531824571769196,61.23520283170238],[21.53143715467415,61.2352740673575],[21.531087121769097,61.23536193897915],[21.530789174179358,61.235469094381486],[21.530568646964564,61.23559121570847],[21.530550934082676,61.235601024263296],[21.530380956031294,61.23574670573121],[21.53015196654009,61.23606341514611],[21.53006869505192,61.23615454187702],[21.529963025556306,61.23624464270597],[21.529731515768734,61.23638959353167],[21.529444588164527,61.23652852909566],[21.52911821774889,61.23666402049803],[21.5276483154915,61.2372260129327],[21.527028847005976,61.23747596616958],[21.52679250164331,61.23758096070683],[21.526587663135174,61.23768831658543],[21.526455804678363,61.237775187802555],[21.526347518294408,61.23786289438767],[21.526249358247338,61.23799072382911],[21.526258858301997,61.238108601301285],[21.52637875856497,61.23820208876152],[21.526590745512387,61.23827406782697],[21.526872812544095,61.238317983752836],[21.52720300833669,61.23832825696755],[21.527564363640145,61.238301749725586],[21.52798247019577,61.23823236707924],[21.52836426640201,61.23814014135021],[21.528675481912117,61.2380453204248],[21.528881073976727,61.23796737325741],[21.528943075898383,61.23792381904733],[21.529038517965986,61.23789309519557],[21.52928406811511,61.23786023001945],[21.529651013007854,61.23783421174831],[21.53010950491648,61.23782689942214],[21.53058703701848,61.23784622978724],[21.531092578830673,61.237892294513465],[21.531601814914968,61.237963103675874],[21.532090272868455,61.23805546531702],[21.53260444080025,61.23818055158796],[21.533074178067107,61.23830340736103],[21.53342972851365,61.23838610080316],[21.53377484013545,61.238456518719765],[21.534539767663805,61.23859954888604],[21.534954319442928,61.23866939293986],[21.53537575526829,61.23872368354775],[21.535806055462153,61.23875215292551],[21.536268167791054,61.238745971817636],[21.536739369087936,61.23870958378405],[21.53721698760957,61.238651350359795],[21.53769900494701,61.23857745819225],[21.538183872569228,61.238492403902114],[21.539157417773666,61.23830057338146]],[[21.483594088205653,61.22731271175268],[21.48727844603859,61.2279401974095],[21.487521982877336,61.228038977475315],[21.48623449514284,61.2314950043272],[21.493418326617522,61.239249397824416],[21.495456144375666,61.241360386291056],[21.498164971148437,61.24602319488371]],[[21.498164971148437,61.24602319488371],[21.49817031942004,61.24601912221479],[21.498383057587958,61.245797071481455],[21.49855717509325,61.24556067121157],[21.49870361408748,61.24531398735473],[21.49883062710969,61.24506007098725],[21.498944436895645,61.24480120118055],[21.499454104140742,61.24348182908617],[21.499566397853627,61.24322042691137],[21.49969082080322,61.242962650045435],[21.499833043695638,61.2427103194087],[21.500000538709433,61.24246585746539],[21.500203186125496,61.24223249287446],[21.50045394719317,61.24201450291678],[21.500759565159512,61.2418175417341],[21.501112142849788,61.24163606426428],[21.501498836590386,61.241466396998966],[21.501909762955233,61.24130606239464],[21.502337355250983,61.24115365639099],[21.50250499181101,61.24109827032493],[21.502775805058942,61.24100879508441],[21.503220588999508,61.240872118867706],[21.50366807418683,61.24074536997219],[21.50411518644105,61.240631549064915],[21.504559118245833,61.24053514366496],[21.504997085678912,61.240462450353355],[21.505426109604592,61.240421982571355],[21.505842812633134,61.240424959161054],[21.506214674681345,61.24047362552836],[21.506582231706098,61.24055567821075],[21.507695570372956,61.240866484367636],[21.508084006141214,61.240967833181124],[21.508484747433368,61.24106013263779],[21.508858135423544,61.241131638265266],[21.50924017448645,61.241189600160325],[21.509629004628746,61.24123189977593],[21.510023125548805,61.24125567450733],[21.510478990825884,61.241257591354696],[21.51093850803581,61.24123685565756],[21.511400264349547,61.24119852015631],[21.511863050141958,61.24114639127532],[21.51232574913631,61.2410832190597],[21.512787265906514,61.24101083373065],[21.51324643086261,61.2409302615289],[21.51370192139026,61.24084180161596],[21.514191315658955,61.24073696814985],[21.514675762854555,61.240624961073266],[21.515156058991323,61.240507615394634],[21.516105132535234,61.24026111322765],[21.516593940466667,61.24012422025042],[21.51703546036036,61.24000056730136],[21.51749006155576,61.239863786266184],[21.51793418080827,61.239720933279735],[21.518363935642594,61.239569920600275],[21.518744183453787,61.23942156882692],[21.51910836374113,61.23926490958412],[21.519455839185184,61.23910037345811],[21.51978468985775,61.23892777926404],[21.520024970501254,61.238785723569144],[21.52009160381689,61.238746329625805],[21.520406730278474,61.23853160176103],[21.520697419973636,61.23830746643079],[21.520970750750035,61.238076610831705],[21.521232044171295,61.237841041647606],[21.521733032714973,61.23736127820604],[21.522219414481388,61.236875760202444],[21.522932147806202,61.236144742558096],[21.52338355322505,61.23565847408053],[21.523592947001816,61.23541630371784],[21.52362159241224,61.23538012507674],[21.52378388070935,61.235175152950035],[21.523947842249314,61.23493541594945],[21.524073261418664,61.234697624938924],[21.52414463490416,61.23446248943558],[21.524141502632315,61.23423095284616],[21.524051134730552,61.23401030226837],[21.523889721584755,61.23379307372432],[21.523676028501704,61.233578397193874],[21.52342436276275,61.233365619910785],[21.523145469885556,61.23315426438391],[21.522847319655792,61.23294399723458],[21.52221487869525,61.23252594984222],[21.52122248653995,61.231904509085844],[21.51954917554652,61.23089221743905],[21.519230488773545,61.23069193425615],[21.518937020586648,61.230489069188536],[21.518682756615615,61.23028074257924],[21.518485001419187,61.23006361635166],[21.518356810004008,61.22983304619638],[21.518287654539737,61.22959277953257],[21.518261727969794,61.22934538481349],[21.518266982110234,61.229092829561345],[21.518294356902164,61.22883659584992],[21.518390383446146,61.22831720749563],[21.51865116644693,61.227266648136116],[21.51954880877242,61.223838851381686],[21.520046643433826,61.22198539551447],[21.5201743559404,61.22146024515071],[21.520226863231308,61.221201196728614],[21.520266113076325,61.22094627447596],[21.52028569721735,61.22069747571772],[21.520276825709416,61.2204575381838],[21.52022761584078,61.22023016495565],[21.520122209532847,61.22002029103868],[21.519939743868253,61.21983441054445],[21.51968032034358,61.21968531410144],[21.519351297227054,61.21955720088451],[21.51894901745908,61.21943785608844],[21.518505949706807,61.21933003408098],[21.518034066566514,61.21923033219297],[21.51754221387692,61.21913628213277],[21.517036820433184,61.21904615464631],[21.51652246814878,61.21895880441936],[21.515478574361058,61.218790186289],[21.514424761188867,61.21862983745296],[21.51389561809408,61.21855423679562],[21.513364826446864,61.21848331356305],[21.512831787954386,61.21841893251111],[21.51229552450497,61.2183636044534],[21.5117494510178,61.2183189555102],[21.511200013807372,61.21828348611925],[21.5106481899262,61.21825457018908],[21.509539952799123,61.21820896210354],[21.508428074219815,61.21817174131477],[21.506198430239188,61.21810554930441],[21.50508237101201,61.21807679677151],[21.503968457733038,61.21805751720154],[21.50341406994089,61.218055070795856],[21.50286308098833,61.218060581267736],[21.50231746909146,61.218077514005394],[21.501780033839943,61.21811050543899],[21.501320604260325,61.218155941222314],[21.500871717247424,61.218216206115926],[21.50043572142779,61.2182903005263],[21.500016104522288,61.21837822433223],[21.499617720638824,61.21848097895128],[21.499222310874774,61.218607873414015],[21.498859609544667,61.21875010929273],[21.498769497971658,61.21879293848794],[21.49853354166979,61.21890508455271],[21.49825108146919,61.21907128878438],[21.498022642444422,61.21924819669952],[21.497862569370223,61.21943619815649],[21.497780500792274,61.2196376954603],[21.497757989646047,61.219847426927686],[21.497800850474782,61.220490302825944],[21.497775449305554,61.22069834976306],[21.497689806730893,61.22089765683189],[21.497525753585446,61.2210847788518],[21.497297060650773,61.221262865522334],[21.49702324203545,61.221434940367814],[21.49672099558552,61.22160367562673],[21.49626027601706,61.221849748411074],[21.496221614967364,61.22187039673544],[21.4960895490025,61.221940932361385],[21.495788046764233,61.222114364392034],[21.49551532174283,61.22229457301687],[21.49528782030978,61.22248468252044],[21.495111534238564,61.222697502892025],[21.494991596744473,61.22291933665735],[21.494916797686425,61.223144677467474],[21.49487884163917,61.22336815111869],[21.494846208573477,61.22376317016309],[21.49478432942169,61.22394872910342],[21.494655548086243,61.22412195917763],[21.4944663839643,61.224284298468966],[21.494229542217354,61.2244340466904],[21.49399275980313,61.224549878813576],[21.493954664826248,61.22456851479284],[21.493648722048874,61.224683868118966],[21.49331635163064,61.224774937715104],[21.4929601102394,61.224835000159125],[21.492611076726273,61.22485904679405],[21.492245833289477,61.22486201195999],[21.491475699204933,61.22485077426792],[21.491049897539174,61.224858323259724],[21.490618166232643,61.2248841107001],[21.490171648940333,61.22493304233092],[21.489900394222104,61.22497486680016],[21.48972710013948,61.2250015863718],[21.489285923017167,61.225086027273235],[21.488849606975958,61.22518370241322],[21.488419894214356,61.22529289279266],[21.487998904362172,61.22541275072277],[21.48758928781485,61.22554324488465],[21.4871943811637,61.22568513607565],[21.486795042191275,61.225848305979824],[21.486410994411344,61.22602165119296],[21.48603732069343,61.22620157555043],[21.484937713904063,61.22675087492154],[21.484915878739002,61.226761234962765],[21.48456545334976,61.22692749723589],[21.484183225343134,61.22709537696446],[21.48378570584579,61.227250271026],[21.483594088205653,61.22731271175268]],[[21.59231421391566,61.21475872796721],[21.591534360353577,61.2137887706811],[21.58749184222206,61.21351247432765],[21.587714360602156,61.212265104813625],[21.58568490790897,61.21123115881664],[21.58404846078646,61.209217542612215],[21.577786434160522,61.20849527747119],[21.58188845248884,61.20603968799956],[21.59109808943599,61.20462852330463],[21.597580726438444,61.201285739481776],[21.615203300278676,61.195028340804136],[21.62315374496746,61.19409091601923],[21.628799975065125,61.192035143603675],[21.633465706766515,61.19031692205826],[21.638885369267932,61.19052423359521],[21.66704214866947,61.189069258583494],[21.690234433061047,61.183595285823806],[21.690261710084616,61.183573748743555],[21.691540810654914,61.18269302716986],[21.6915657986946,61.182679604638935],[21.695226772470193,61.18157740744568],[21.69620503404724,61.17386448413063],[21.696163764201753,61.1702972456871],[21.705785121507876,61.17218214631175],[21.72514405929324,61.168262621711264],[21.737612907467955,61.16158161168082],[21.744273265554398,61.1550023419514],[21.747752160157294,61.149361759829276],[21.748303194475533,61.14810088021436]],[[21.748303194475533,61.14810088021436],[21.743751520903658,61.14304770305369],[21.74374881767506,61.14304470131581],[21.743739511974482,61.14304675753693],[21.7139076774363,61.14405215311598],[21.690713307543106,61.14372784554225],[21.69006327569844,61.14351506985084],[21.688183229829367,61.14343980620072],[21.671355721245295,61.14276497743835],[21.65595057539072,61.141524561024575],[21.64548326145975,61.140626246081965]],[[21.51162832369672,61.20920003985898],[21.511543948307413,61.20922831810077],[21.51146562968632,61.20925587663741],[21.511146508006956,61.20936816419948],[21.510740885824276,61.209532366071365],[21.510351873671283,61.209711540604566],[21.509978906730588,61.20990245656042],[21.50962243678874,61.21010287887328],[21.50928420567999,61.21031146637849],[21.50896754635284,61.21052769316338],[21.50867774055795,61.210751809118904],[21.508422434097326,61.21098483432767],[21.50821207688423,61.211222376957856],[21.508033591656663,61.21146748133177],[21.507878395407737,61.21171805633773],[21.507740084618785,61.211972479193875],[21.507614091524804,61.2122294698996],[21.507584860170862,61.21229650156406],[21.507388392410878,61.212747007182756],[21.507193515368154,61.2132628055997],[21.50711118617962,61.21351718170407],[21.50704400819329,61.2137670815505],[21.50699834814682,61.21401026648939],[21.506983218606788,61.21424374232849],[21.507010982354444,61.21446351975386],[21.507098216540836,61.21466431462662],[21.507266754590237,61.214839213169306],[21.507533352275356,61.21498226227752],[21.5078808683172,61.21509953620393],[21.508287624444815,61.21519788873186],[21.508737100656827,61.215282547446684],[21.509216877236867,61.21535744512584],[21.509717740621582,61.21542549927254],[21.51075764568172,61.215549028254934],[21.511822735317335,61.215663936565875],[21.515576652115346,61.21605492315388],[21.516638833570774,61.216172093592846],[21.517687125555746,61.21629906873126],[21.518202262496285,61.21636929753855],[21.51870810387882,61.216446633296755],[21.519201037333247,61.21653391032129],[21.51967622987775,61.21663490614879],[21.52012730881927,61.21675457700732],[21.520555392373037,61.21689925028609],[21.520958949466664,61.217063046675875],[21.52134483151585,61.217240762393025],[21.521718251507647,61.2174284339178],[21.522442325302407,61.21782244858799],[21.523151305305273,61.21822917488373],[21.52455207630661,61.21904811645561],[21.52588416707395,61.21983841073778],[21.52618178398504,61.22002528664362],[21.5263898531831,61.220164336826286],[21.526570194640854,61.22030172825849],[21.526710392218316,61.22043978866267],[21.526796144399004,61.22058091073447],[21.526813134382337,61.2207692703319],[21.526753531468664,61.2209666310817],[21.526540633919716,61.22139100398803],[21.526441232385697,61.221625120496675],[21.526358639536546,61.22186902718019],[21.526289661341004,61.22212003879438],[21.52623153068799,61.2223761263534],[21.52618192811599,61.222635776677876],[21.526101033150013,61.223161623677576],[21.526006645315118,61.223957813529715],[21.525770666653038,61.22635432054185],[21.525572446089758,61.22822132141722],[21.525526940801743,61.22875196599277],[21.525513478239674,61.2290149898002],[21.52551095501585,61.22927528512662],[21.525524730346355,61.22953149764696],[21.52556216122615,61.22978175904669],[21.525633207875625,61.230023534231066],[21.525751182933362,61.230253425743825],[21.52593362721059,61.23046694818653],[21.526188838610206,61.23065677401219],[21.526506358872346,61.23083075637357],[21.526869586741714,61.23099310684258],[21.527265870623655,61.23114699105077],[21.527685729132315,61.23129471671208],[21.528122184107975,61.23143788659274],[21.528570223138317,61.23157750452468],[21.52948840915304,61.231847522658576],[21.530425909186498,61.23210273978464],[21.53090129574704,61.23222185484998],[21.531382264898227,61.23233244269071],[21.531870604581332,61.232431320398256],[21.532368909266594,61.23251425320325],[21.532858278639857,61.232575580890924],[21.5333568414319,61.232622201392054],[21.533862125397143,61.23265807080305],[21.53437224476729,61.23268628699555],[21.535401591985526,61.2327289477771],[21.536955532242718,61.232782141551255],[21.537991546728307,61.23282382967079],[21.539024424663452,61.2328798418203],[21.54106734865227,61.23301519657011],[21.541568995611296,61.233043267219905],[21.542064284428,61.23306409203235],[21.54255089635,61.23307410005381],[21.543025741446765,61.23306871998823],[21.5434847628733,61.233042087924034],[21.54392271659897,61.232986713574604],[21.54435152967982,61.2328924869013],[21.54475890544532,61.232767987901525],[21.545151861123077,61.23262202339644],[21.545536293146135,61.232461631476795],[21.546688753251313,61.23194700532231],[21.547089090905928,61.23177894355544],[21.547501605347925,61.231619751288946],[21.547927131494912,61.23146726529348],[21.548362425934577,61.231319982225735],[21.549252806920386,61.23103644536778],[21.550158939416463,61.23076229279187],[21.551026141450276,61.23050740919306],[21.55107320832456,61.230493575140464],[21.55245261523323,61.23009700023982],[21.553376931989924,61.22983710008942],[21.554307439136693,61.22958308517642],[21.555255705151,61.229337352575946],[21.556221887798475,61.22909997395347],[21.556592416575974,61.229011654191716],[21.5571941751104,61.228868216283416],[21.562072772170627,61.22772452182467],[21.563040209473684,61.227487932475654],[21.56400156179659,61.22723940349816],[21.565429244817413,61.22684477913586],[21.566833779222275,61.22643351449038],[21.567747676956923,61.22614615587598],[21.568192230298045,61.22599556519883],[21.568624177329852,61.22583803122456],[21.569038887214116,61.225671046193135],[21.569374712166198,61.22551989304343],[21.569696449966393,61.22536122304665],[21.570006016936624,61.225196282297055],[21.57033891989333,61.22500617747399],[21.57066208186154,61.22481131241539],[21.571913407433758,61.22401270591465],[21.572545591307172,61.2236186329456],[21.572871429034876,61.2234275596412],[21.573207824436043,61.223242931871944],[21.5735307912075,61.223079892705805],[21.573865873655055,61.22292524061952],[21.57421354678018,61.22278030038766],[21.574575031839444,61.22264699368402],[21.57495233284124,61.222527908929735],[21.5753944626667,61.22241296020646],[21.57630441073102,61.222210509584684],[21.576638030791162,61.22213168632967],[21.576751071989385,61.22210497808294],[21.57717749758617,61.2219843073835],[21.57752772903311,61.22185981926177],[21.57785748039449,61.221719900229004],[21.57817041919169,61.22156788059906],[21.578469307256405,61.22140644506308],[21.57875613433952,61.221237745154376],[21.579032238759005,61.22106351118958],[21.579779417195464,61.220571917465946],[21.58008918125844,61.22038982969605],[21.580417879351476,61.220215369644606],[21.580765660285007,61.22004969774717],[21.581133839433267,61.2198944936579],[21.58152177457581,61.219751447620325],[21.581925956199875,61.21961739412872],[21.582340836578148,61.21948917960924],[21.583602658219473,61.21911224136478],[21.58401412448971,61.21898030986795],[21.58441298681616,61.21884036143971],[21.584777621491543,61.218697106656045],[21.585127852877037,61.218545100844935],[21.585465163464164,61.2183856067065],[21.585790263320305,61.2182194420146],[21.58614126999853,61.21802592902343],[21.586481054300926,61.21782666520654],[21.5871394880637,61.217417228722084],[21.58843226286616,61.21658545983854],[21.589080587000886,61.21618839208121],[21.589096183902907,61.21617883932281],[21.58944049350062,61.21598237627309],[21.589797499063874,61.215793143088554],[21.590171658668126,61.21561387118543],[21.59056108465229,61.215448373412436],[21.591771703839758,61.214983451960606],[21.59216133625915,61.21482583165948],[21.59231421391566,61.21475872796721]],[[21.85297051257082,61.01334496691698],[21.837231624638175,61.01669935654884],[21.816570545894255,61.02275910830205],[21.790568415839,61.03058039935731],[21.781543750192306,61.032879179174515],[21.774619015713363,61.03372722755089],[21.760143065814944,61.035498744804286]],[[21.760143065814944,61.035498744804286],[21.755395562018634,61.04550893122522],[21.7302906926712,61.055403755496286]],[[21.69202922407319,61.11652902404489],[21.70682837680683,61.12042150171927],[21.711426891319388,61.121177306899675],[21.71287746067899,61.12097588374416],[21.714489186592505,61.12174738275486],[21.716748028765785,61.12136977273406],[21.71790202157985,61.122463411707315],[21.71468944121876,61.12230610047076],[21.720672725068553,61.123674636833066],[21.722296173971017,61.12314608176806],[21.72934403523936,61.125403280150536],[21.729445191552816,61.12543166129797],[21.735261461905495,61.125300426429376],[21.752883148555984,61.12720605966281],[21.76731073791114,61.123465763662374],[21.771227893451535,61.119979192360184],[21.772330912563273,61.116439259140634],[21.77186655334987,61.11578250134287],[21.77614912206957,61.11215648151796],[21.778985109721816,61.10926750195104],[21.779340020597992,61.10903653506882],[21.78082300423546,61.10825246910981],[21.78117933888431,61.10818774531589],[21.78277821809828,61.107949913540786],[21.7861448729772,61.1069260474876],[21.786182747146757,61.106507049789506],[21.787222858119776,61.105590288011946],[21.801579563284125,61.09914982698129],[21.80198091168741,61.097077363549126],[21.803172168220343,61.09589356213866],[21.808324541181822,61.08599070509218],[21.824173388560514,61.07192976418152],[21.84829484994017,61.0675206685147]],[[21.84829484994017,61.0675206685147],[21.840516865260636,61.06466936756368],[21.839939254892993,61.06207162059566],[21.832928411544007,61.054428175242656],[21.834118515400245,61.038142266764815],[21.844978083024916,61.029074050420974],[21.85297051257082,61.01334496691698]],[[21.68382563189012,61.25159182553838],[21.68829569348935,61.24264797663612],[21.724355030153855,61.23136070962142],[21.75706212293339,61.233163153852864],[21.77724080366891,61.23215964956507],[21.78518001270462,61.23248316782678],[21.78769983028903,61.232935181025425],[21.788114272459758,61.233190564982856],[21.788127820533486,61.23320991285596],[21.793141752337043,61.23408528682113],[21.79671312459882,61.23385493090175],[21.79660475678389,61.23222370031399],[21.798212138053913,61.22962561037928],[21.797747583745156,61.2275777672861],[21.79786930853265,61.2269995026558],[21.803987535357447,61.22390585637197],[21.806093651289256,61.223139364688826],[21.816598183143903,61.22319818481317]],[[21.823709951096323,61.15557677285297],[21.818009157491158,61.15470449651878],[21.778645913144807,61.14867371387749],[21.772786299532733,61.14777480153258],[21.7697295193111,61.147537236322265],[21.764187091311143,61.14768336399924],[21.748303194475533,61.14810088021436]],[[21.59231421391566,61.21475872796721],[21.593218573956122,61.21436175696632],[21.59357869905784,61.21422710894405],[21.593960267705786,61.21411697209941],[21.594386332751046,61.2140369199663],[21.594837088313646,61.21398765832686],[21.595302765382954,61.213964239957164],[21.595774479089133,61.213963943510926],[21.596243673976453,61.21398614693887],[21.596701564417113,61.2140322835109],[21.59713858218556,61.21410587552325],[21.5975125144821,61.21419873204481],[21.59787188280443,61.21430842222619],[21.598589759943536,61.214541208041],[21.59895814783543,61.21464750026205],[21.59970313170034,61.21485288259972],[21.600058356938476,61.214963007528084],[21.600385900114055,61.215086238673166],[21.600689045837278,61.21523626190269],[21.600943175820632,61.2154043033972],[21.601142759320073,61.21558699282526],[21.601278193216253,61.215781972446926],[21.601343604884438,61.216007555943726],[21.601334788123093,61.216241050699765],[21.601265297318996,61.216478082866416],[21.60114283162714,61.21671466916491],[21.600969729645485,61.21694691090247],[21.60074323244445,61.217170689500215],[21.600471665637723,61.21737525042731],[21.60015857495056,61.21757051890985],[21.599815610654073,61.21775876177424],[21.599451538345257,61.217941756307034],[21.598684332897477,61.21829714671189],[21.597890279800115,61.218644053919185],[21.59627681574792,61.219325259211175],[21.59545544054541,61.219661516755856],[21.595421179220367,61.219675542543705],[21.59505445916033,61.21982566738381],[21.594224857286573,61.220148963392795],[21.593801446398132,61.220305097977615],[21.59335830496025,61.22046040433459],[21.592908016115224,61.220611265826406],[21.592452001639117,61.22075856358308],[21.591526748875847,61.22104457234682],[21.590588612944074,61.22132042513336],[21.589624605247195,61.221596686969455],[21.589224102381976,61.221711457900405],[21.588785210927036,61.22184534588298],[21.588364201313315,61.2219846415417],[21.58796967680272,61.22213216788692],[21.587612877841675,61.22229143136019],[21.587308428348088,61.22246682991043],[21.587085441466506,61.22264623877797],[21.5869141458362,61.222839501846366],[21.586789124928085,61.22304283149092],[21.58676681230881,61.223100954781906],[21.586708414863505,61.223253070539904],[21.586673452310052,61.22346752912378],[21.586689137024205,61.22368382789685],[21.586769331190133,61.223921467079904],[21.586903033529243,61.22415803799408],[21.587076913404566,61.224392852759046],[21.587281603074086,61.224625046539835],[21.587511109661808,61.22485345950754],[21.587762371217202,61.22507650565919],[21.58803501880494,61.225292015684566],[21.58833126460651,61.225497052476506],[21.588655966538187,61.22568768780709],[21.589016826583915,61.22585873935211],[21.589435505629964,61.22601082180954],[21.58989094409189,61.226141572757875],[21.59037276384784,61.226256060639194],[21.590873254300057,61.226357749114165],[21.59138681219266,61.22644870409487],[21.591909477583208,61.226529719137176],[21.59243856552664,61.22660037267489],[21.592972390537515,61.22665901247853],[21.59351006018964,61.22670266369228],[21.59405132843242,61.2267268717699],[21.594582480201165,61.22672818427002],[21.595116211150575,61.22671155091285],[21.595651735100432,61.22668191678901],[21.59618850948377,61.226643105538706],[21.59672616706021,61.22659809649321],[21.598880927001723,61.22639911180486],[21.599419350780163,61.22635411927316],[21.59995674809805,61.22631541450637],[21.600492217371244,61.22628607338629],[21.601024430507117,61.22627005827886],[21.60149702012639,61.22627031070223],[21.60196287841096,61.22628461203665],[21.602418722449137,61.22631319122009],[21.602860334858093,61.226357327014945],[21.60328230916723,61.226419428744926],[21.60367773357842,61.22650314967017],[21.604068731724713,61.22662147052441],[21.604420941172403,61.22676344752841],[21.604733981010234,61.22692319118428],[21.60500432584854,61.227096250524305],[21.605225179599273,61.227279315628905],[21.60537187689817,61.22744072829959],[21.605627830785323,61.22776422064786],[21.605781298777554,61.22791865507308],[21.606014767772336,61.22809023160827],[21.60628855966576,61.228252844340076],[21.606860531252863,61.22857049168887],[21.607108836363466,61.22873495648835],[21.6072946530575,61.22890978872382],[21.607380865888686,61.22906899031964],[21.607390029895857,61.22908591319902],[21.607415519907896,61.22926995794416],[21.607380681390914,61.229456183139334],[21.607290638271486,61.22963882138434],[21.6071648960642,61.22979337142406],[21.60699396765661,61.22993550182778],[21.606772933760972,61.23005983904296],[21.60648146844106,61.23016751035038],[21.606141088335484,61.23025577861142],[21.60576424028192,61.23033092646124],[21.60532883140945,61.230402773724336],[21.604871215471068,61.230467785075675],[21.60439784579185,61.23052734451389],[21.603913525249435,61.23058229329678],[21.602925243227418,61.2306794617525],[21.60242578693063,61.230721235697914],[21.6015045086874,61.2307833376063],[21.599743368255517,61.23086819383783],[21.599243414242178,61.23089933628148],[21.598759717446228,61.230946073917295],[21.598450531970443,61.23098886444803],[21.59814625747905,61.23103850536214],[21.59767605647524,61.23112266135458],[21.597213678913494,61.23121407934508],[21.596766854119203,61.231313505681356],[21.59634513440635,61.23142258308928],[21.59596055724868,61.231543951848394],[21.595628403027895,61.2316814033781],[21.59536805719023,61.23184007847714],[21.59520765193341,61.232004244063305],[21.595100470794637,61.2321842420329],[21.59502485358308,61.232374234556424],[21.594889393876564,61.232763554162624],[21.594790675341844,61.23295303345417],[21.594643591821153,61.23313223601419],[21.594416950048878,61.233306366969664],[21.59412777079894,61.233465847457985],[21.593790511667383,61.233613034314594],[21.593416198357506,61.233749354388216],[21.593012948295968,61.233875342575026],[21.592586423656563,61.23399064551969],[21.592549955782516,61.233999091510455],[21.592140187510033,61.23409399173932],[21.591675973141918,61.234183134874876],[21.59118424070981,61.234257669699424],[21.590679089955525,61.23431859015692],[21.590164479701485,61.23436952816354],[21.5891179433641,61.234451959254834],[21.587444016183383,61.23455774539243],[21.585946831064582,61.23465234429234],[21.584906518626063,61.23473315670075],[21.58439546012255,61.234782759349805],[21.58389356929113,61.2348418588684],[21.583404084769974,61.234913955328345],[21.582931209570056,61.23500358190358],[21.58251025241884,61.23510570017072],[21.58210343276744,61.235222960683764],[21.581706816775082,61.23535136505948],[21.58131714866958,61.23548767187476],[21.579777263510355,61.23606463814379],[21.57934800015943,61.236221676987654],[21.57847701136855,61.2365293369332],[21.577595131699994,61.23683092773372],[21.576261263256008,61.237276524875895],[21.571792830365172,61.238746823953896],[21.57091008720192,61.239047595736956],[21.570474426605927,61.239201338030185],[21.569660160876968,61.239505394594836],[21.56891069764974,61.239809287575184],[21.568546661884465,61.23996614216091],[21.56819125034839,61.24012655867156],[21.567846371126283,61.240291058395215],[21.567514661800967,61.2404604259272],[21.56719958915046,61.24063572668131],[21.566894200732655,61.240823499353695],[21.566039453017073,61.24139964647559],[21.56575312853059,61.24158476777721],[21.565740579960273,61.24159214964906],[21.56545503010059,61.24176013882623],[21.56513757251946,61.24192110348502],[21.56479194421404,61.24206207430425],[21.564423861990843,61.24217590045266],[21.56403023797282,61.2422732046731],[21.563018052376943,61.24249053859118],[21.56278466111974,61.24254065059512],[21.562410024290582,61.24263380551881],[21.562041991300152,61.24273585546014],[21.56168133020494,61.24284575053859],[21.561310738661433,61.24296811540213],[21.560577326511105,61.24322008355136],[21.56020467449783,61.243341793982374],[21.55982114736228,61.24345518337393],[21.559394477531285,61.24356393192565],[21.55895457882089,61.24366243295751],[21.55760541453743,61.24393466094284],[21.557161647048193,61.244029705142836],[21.556729315288507,61.244133332969916],[21.556314462782115,61.24425011385697],[21.555881076340803,61.24439907014728],[21.555472243060525,61.244565648289054],[21.555084182611306,61.24474605512244],[21.554714833622437,61.244937625881015],[21.55436368972109,61.24513863852909],[21.554045369245372,61.24533737511306],[21.55369145024086,61.24556734821281],[21.553113964908196,61.24594258348075],[21.5527854126246,61.246135170973965],[21.552424639486933,61.246322693598046],[21.55204289338727,61.246498339830346],[21.55164245308972,61.24666141113996],[21.55122408089154,61.24681013186944],[21.550787024293268,61.24694151068754],[21.550328986645745,61.247051176488874],[21.54986554633918,61.247133584083834],[21.54938670308943,61.24719979481687],[21.548409020527192,61.247317105079006],[21.547922128273484,61.247384073469775],[21.54745556955672,61.24746334965583],[21.5469983318186,61.24755590365164],[21.546551563738593,61.24766012057118],[21.546117225892328,61.24777516434077],[21.545698267576896,61.2479009596444],[21.54529882805047,61.24803820545338],[21.54492447983255,61.248188393852885],[21.544579323821765,61.24835339139117],[21.544264555937314,61.24853015429015],[21.543979851197886,61.248715738492535],[21.543209938997656,61.24930001144127],[21.542935713732923,61.24947015490209],[21.542620805067063,61.2496117727639],[21.542568990625014,61.24962631136545]],[[21.542568990625014,61.24962631136545],[21.54547684249285,61.25168232233735],[21.55074498603627,61.25418058704061],[21.565913986064356,61.254840361184854],[21.584547751882795,61.26018240954224],[21.59940942509003,61.25885799346563],[21.603064785140532,61.259889710345426],[21.604873521525207,61.25764097015396],[21.5989099203043,61.255694022078316],[21.612299218047774,61.25107985759864],[21.63705505808061,61.25464654757643],[21.648880911156244,61.257941173912506],[21.653922134460316,61.26348269260388],[21.6668867141513,61.26475105105939],[21.668197255630716,61.26689970724252],[21.671771793793635,61.26541458821672],[21.66830890898576,61.261045700507424],[21.673236718243242,61.254662936023294],[21.67975131657665,61.25364632340738],[21.68382563189012,61.25159182553838]],[[21.68382563189012,61.25159182553838],[21.696828360457662,61.263201915756405],[21.69896108875358,61.27939964596189]],[[21.69896108875358,61.27939964596189],[21.799686477209576,61.30235356728612]],[[21.799686477209576,61.30235356728612],[21.83968418489562,61.294515410114975],[21.84085499894124,61.29427709836533]],[[21.84085499894124,61.29427709836533],[21.87276639619236,61.281872610489025],[21.866981932035362,61.255909091368636],[21.862956740832473,61.2394786752332]],[[21.483594088205653,61.22731271175268],[21.483366372635693,61.227386914462016],[21.482934975055556,61.22749767513388],[21.482482355522222,61.22759068145175],[21.48201381394184,61.22767017886767],[21.48153344829176,61.2277393684274],[21.481044376509058,61.22780056791386],[21.48087132856639,61.227819699767636],[21.480548924324783,61.2278553437019],[21.480048790318133,61.22790461288528],[21.479545156991165,61.227948712601545],[21.479038804573047,61.22798743257037],[21.478530178545476,61.22802002414331],[21.478019437155847,61.22804518513739],[21.47749569343882,61.228062104421745],[21.476443900189956,61.228076332462436],[21.475389037865654,61.22807536790587],[21.472747908000446,61.22805578233619],[21.47169164719566,61.228055407593565],[21.471163960342704,61.22806027174962],[21.470636836232323,61.22807035805714],[21.470110579109157,61.228087574410544],[21.469600277910175,61.22811269208698],[21.469090877946243,61.22814507006911],[21.468582199646782,61.228183457205176],[21.467567096834262,61.22827571288797],[21.46706120335918,61.22832945739978],[21.46655718023642,61.22838895845037],[21.46602700083288,61.22845874686616],[21.465499551595503,61.228534397978365],[21.46497497774632,61.2286146622454],[21.463938709891266,61.22878649015157],[21.46343156888142,61.22887791817911],[21.462936989626627,61.22897368944807],[21.462461168748085,61.22907492647488],[21.462012797070166,61.229183324754885],[21.461603818283553,61.22930126577653],[21.461250373450547,61.22943194574588],[21.460973952053493,61.22957952985673],[21.460826850612616,61.229709370425354],[21.460748240843557,61.229848765955914],[21.46074903968795,61.23002930291945],[21.460839804699642,61.23021268858699],[21.46100112355445,61.230392907153536],[21.4612196330132,61.230563602932655],[21.46148720631527,61.23071762768004],[21.461800332171883,61.23084657053012],[21.462159697898013,61.230940252174726],[21.462543050677898,61.23098921139104],[21.462959229580452,61.23100700709571],[21.463397915913003,61.231003382129806],[21.463850462651205,61.23098678617146],[21.464767201165284,61.23094483327515],[21.465216969516373,61.23093412754572],[21.46565056567064,61.23094066500855],[21.46605862141994,61.23097340898282],[21.466463937404193,61.23104712270841],[21.46681866991429,61.231154236208845],[21.467111667190224,61.23128667206979],[21.467326046797467,61.23143829011897],[21.467438027297778,61.23160449217399],[21.467434483688553,61.231705465973484],[21.467432293487324,61.23176785738892],[21.467336575990515,61.231935768679676],[21.467169736940573,61.23210352399077],[21.466945224983768,61.23226642644081],[21.466671773995877,61.23241947455019],[21.466353944834147,61.2325570532087],[21.465992508050558,61.2326726055095],[21.465551426094414,61.23276768878153],[21.465071910802447,61.23283784427438],[21.46456659522683,61.23289165212736],[21.46298632203762,61.233025783709905],[21.462461704600422,61.23308338160082],[21.46207736829243,61.233138784297644],[21.46193964592565,61.23315863727283],[21.461431332612836,61.23324930273112],[21.46093927326994,61.23335306167376],[21.46046738149666,61.233468685023865],[21.46002136596783,61.233595989335576],[21.459609217940834,61.23373582529493],[21.459241754269193,61.23389011169505],[21.458933247845213,61.23406189278654],[21.458714905099733,61.23423257014997],[21.458535543512692,61.23441293723473],[21.458209439354942,61.23477318186905],[21.458021681751116,61.23493788582677],[21.457788605135168,61.235081061629515],[21.45748607225051,61.23519800596185],[21.457127698078377,61.235289492586666],[21.456727092958417,61.235361232674215],[21.45629505095808,61.2354174683792],[21.455840082241597,61.235461162068496],[21.45536888493863,61.235494137159364],[21.454886756332556,61.23551717146621],[21.454397952468312,61.23553004433276],[21.453906006706205,61.2355315307826],[21.453413982171316,61.2355193470608],[21.452924719437924,61.23549004918309],[21.45242685081725,61.23543914214333],[21.45193398843795,61.23537080437031],[21.451445453239863,61.23528933807567],[21.45096077923533,61.23519791207434],[21.450479736965395,61.23509875715579],[21.45000233141727,61.2349933262066],[21.449528826793255,61.23488241853429],[21.449059759950515,61.23476627312592],[21.44811033512575,61.234512970137814],[21.44531108126381,61.23372183939641],[21.444844501631746,61.233597550660114],[21.44437611959834,61.2334799130082],[21.443904981207357,61.23337183664421],[21.44342985640388,61.23327718975483],[21.442949161347467,61.233201078825445],[21.442460848528242,61.23315017353302],[21.441944726597047,61.23312961720931],[21.44142043852059,61.233135831394385],[21.440890171163325,61.23316144373228],[21.440355568816557,61.233200873153365],[21.439817850035883,61.23324995395667],[21.438736347062093,61.23336564188095],[21.438492948408843,61.23339415381646],[21.437650048393426,61.2334928884988],[21.43437806575924,61.23388851767055],[21.43274189048957,61.2340942103968],[21.431659405192377,61.23424575426566],[21.431124458774807,61.23433054574903],[21.430596713426855,61.23442474126217],[21.430092071396345,61.234527657742355],[21.429595530727735,61.23463991035011],[21.42910627146405,61.23475936107898],[21.428624604708364,61.23488456025561],[21.428152110956013,61.23501466135773],[21.427691892762617,61.235149375648035],[21.427281108976366,61.23527881069924],[21.42724893178257,61.23528894911441],[21.426830590442254,61.23543417687747],[21.426447266353403,61.23558644099777],[21.42611323852122,61.23574778318913],[21.425847720884633,61.23592099866675],[21.42567913802832,61.23609614512311],[21.425595490342477,61.23627891684037],[21.425601904247948,61.23640170006189],[21.425605144041196,61.23646371676249],[21.425719953895378,61.236651597964354],[21.425921549134898,61.23683588842688],[21.42618832302969,61.23701641153211],[21.426504174487256,61.23719275598337],[21.426857458509026,61.23736420284958],[21.427240129733597,61.23752965874321],[21.42764702122223,61.23768757386211],[21.428075287521477,61.237835849700346],[21.428507338560586,61.237968543560946],[21.428949808929467,61.23809284750377],[21.430258627457775,61.2384404667309],[21.430658676998338,61.23855496070803],[21.431021510819406,61.23867212816289],[21.431331447181847,61.238794173035885],[21.43156859356595,61.238923620059985],[21.43170769069316,61.23906346061773],[21.43172766563598,61.23921972150029],[21.43164406344044,61.239386568116196],[21.431482104966285,61.23956056137379],[21.43126075551605,61.239738720895836],[21.430993788357814,61.23991834118075],[21.43069064608825,61.24009681018938],[21.43035710360928,61.24027141973478],[21.42999577188738,61.240439189101316],[21.429606410806716,61.240596669991334],[21.42916521309446,61.24074859113199],[21.428699400346368,61.24088855833736],[21.428216225545107,61.241019738706655],[21.427721021926594,61.24114459207893],[21.42670911676586,61.24138254482155],[21.424662121708014,61.24184559933549],[21.423658969736277,61.24208737559863],[21.423173222369897,61.24221543038066],[21.422705294485564,61.242350916798515],[21.42226322827215,61.24249653125386],[21.421884967153616,61.24264218908812],[21.421539737814918,61.24279626975047],[21.421232150879085,61.24295610154752],[21.42097030304324,61.24311938975065],[21.420766378548215,61.2432840803169],[21.420637399021846,61.243448229710104],[21.420633725184622,61.24346723941461],[21.420606159889587,61.24360987607817],[21.420690975599218,61.24376733152018],[21.42087262744616,61.243920683912684],[21.421127438041864,61.24407015386261],[21.42143736859681,61.244215669926525],[21.421789012806833,61.24435684423622],[21.422172768187977,61.244492937408594],[21.422582160919188,61.2446228108707],[21.422601478457025,61.24462830778782],[21.423029775965674,61.2447501867576],[21.423493760721822,61.24487104114501],[21.42396895857614,61.24498676601234],[21.424939829446945,61.24520610557813],[21.42592664843305,61.24541076552158],[21.42642468769506,61.2455067045593],[21.42692630024212,61.245597106024405],[21.427442874142297,61.24568273532599],[21.427962962206433,61.24576245274248],[21.4290106577207,61.24590755903101],[21.43006622523527,61.2460351449109],[21.430595840708477,61.24609196273087],[21.43270971744151,61.246302027428506],[21.433229337033595,61.24635830879514],[21.433740767381636,61.24642002119636],[21.43424031480502,61.24648994953243],[21.434723064398497,61.24657167723236],[21.43518251984123,61.24666984776109],[21.435610176444197,61.246790454883666],[21.43600650492192,61.24694179595774],[21.436367070348524,61.247117108548764],[21.436697841284733,61.24731081971319],[21.43700222394214,61.24751887919758],[21.43728133307665,61.24773846460461],[21.437520727789245,61.24795250679453],[21.438396804384436,61.248824993313235],[21.438628859505982,61.24902999721643],[21.438880695567235,61.249221312630645],[21.439161611882533,61.24939308275952],[21.439482929597858,61.24953796148071],[21.439887138063668,61.24965810591901],[21.440338348536702,61.24974593579477],[21.44082315163514,61.24980894758132],[21.441330997421343,61.24985223893364],[21.4418534484208,61.24987880197388],[21.44238353054186,61.24988971710051],[21.44291512707033,61.249884240571575],[21.44342928340364,61.249861463960265],[21.44393391148556,61.24982128953761],[21.444422913940357,61.249762611007014],[21.44488910289737,61.24968254568919],[21.44532372331356,61.24957631954964],[21.44567788796861,61.2494570824908],[21.44601022292421,61.24932043597502],[21.446650786495105,61.24902451935074],[21.446978867061286,61.24887884775204],[21.447325845964947,61.248743700606944],[21.447736999522977,61.24861374546846],[21.44817590791152,61.24850029493302],[21.448635746167113,61.248399498109784],[21.449111192407088,61.24830835341863],[21.44959817466399,61.24822457667651],[21.450093627871208,61.24814648580204],[21.451101565736376,61.24800310130088],[21.452123991214833,61.247873758472466],[21.452639179685896,61.24781457776939],[21.453698506089808,61.247705574758335],[21.455829272769122,61.24751272975609],[21.464356006996947,61.24678314640233],[21.466293990182304,61.24675622253405],[21.467677948902544,61.24674521412326],[21.469059044667123,61.24674833882347],[21.469683921096795,61.24675809044229],[21.47077329448864,61.246789598302506],[21.471850886819986,61.246830908262325],[21.472926146354684,61.24688102072916],[21.473997072323108,61.2469435701246],[21.474529844718436,61.24698203390181],[21.47505996592907,61.24702743611344],[21.47557626024916,61.247079974534024],[21.47609007538002,61.24713900853927],[21.47660211051653,61.24720276398641],[21.477622877386946,61.247339345575185],[21.480681225807402,61.247767565370964],[21.481706507876037,61.247899761515214],[21.48224504135247,61.24796281396795],[21.48332644014433,61.24807638989054],[21.48386844527123,61.248126788250225],[21.484410863146607,61.2481719757965],[21.484953389115883,61.24821047400197],[21.48549571552306,61.24824004462221],[21.48603751632833,61.24825752166978],[21.48657840444298,61.24825860717713],[21.487095395285394,61.248240951195235],[21.487611509830298,61.248208218509205],[21.48812705548318,61.24816440958351],[21.488642263720582,61.24811256507559],[21.489157285827286,61.248054949265665],[21.49018702505247,61.24792843509981],[21.491729270113343,61.24772126973385],[21.4927511821622,61.2475715362851],[21.49325762632642,61.24749106955991],[21.493758994807227,61.24740496466598],[21.494231523498087,61.247316130431294],[21.49469749508071,61.24722145490691],[21.495156349035017,61.24712162994558],[21.495606713932116,61.24701683740099],[21.496046272323703,61.2469067418422],[21.496471562337586,61.246790450094004],[21.49687772724055,61.24666644796117],[21.49725817945514,61.246532502873094],[21.497604221855116,61.24638553328955],[21.497904574238234,61.24622145444301],[21.498164971148437,61.24602319488371]],[[21.54044230883722,61.31293268747623],[21.543653740093358,61.31234665523396]],[[21.543653740093358,61.31234665523396],[21.543589189810227,61.31229441136446],[21.543371692182703,61.31215583291001],[21.54308543808109,61.3120154386121],[21.5427433190218,61.31190131310075],[21.542391321116337,61.311841625576356],[21.54202816833425,61.311834247489955],[21.54168241259047,61.311881762240496],[21.541349775391406,61.31199710363722],[21.54107845337974,61.312164565418946],[21.540869052314292,61.31236628753426],[21.540698551258934,61.31258532667264],[21.54044230883722,61.31293268747623]],[[21.520807413315612,61.315621647712],[21.52083072015466,61.31557993182272],[21.522620140923628,61.314801748695615],[21.524743112513374,61.31433247658987],[21.527680927526767,61.313909282291554],[21.530242709693827,61.31354019378484],[21.53318830488678,61.31353885632913],[21.536591036243614,61.313537231412],[21.537444881867685,61.31345058372483]],[[21.537444881867685,61.31345058372483],[21.537602490992768,61.31328837159942],[21.537768604688562,61.313099648432235],[21.537912945475274,61.312909737448365],[21.538042260508067,61.31269345545803],[21.538128199474905,61.31247677046927],[21.538161051403474,61.31226107013539],[21.538127241073177,61.31203110706184],[21.5380287006679,61.311807154168484],[21.537873031508642,61.311592910690585],[21.53768542687571,61.31140958940246],[21.537461628580164,61.311240346664576],[21.537207828764075,61.31108839022524],[21.53692781723666,61.31095823939722],[21.53662323210784,61.31085597274423],[21.536293725739327,61.31078952094597],[21.53594681401233,61.31076517002378],[21.5355816619322,61.310774323058695],[21.535204698220326,61.310808442217876],[21.534821340813675,61.3108605895669],[21.534436272187563,61.310925093486254],[21.5341570623821,61.31097821658881],[21.533733307333378,61.311073417313],[21.532871423998408,61.31127898954031],[21.532468328785978,61.31135922975682],[21.532052767459042,61.311426766507374],[21.53162877096635,61.31148023608358],[21.53119901224634,61.311521795545694],[21.530767500192994,61.31155381883374],[21.530338082995176,61.311578313464956],[21.529997976161138,61.31159260937871],[21.529502848039474,61.311613420500635],[21.52909703844761,61.31163909161203],[21.52864256121064,61.31169191743264],[21.52819021700246,61.31176738923294],[21.527739419224154,61.311860054753964],[21.527289777754852,61.31196568461651],[21.52684110566609,61.31208107280526],[21.525946983079965,61.31233243871261],[21.52506035772586,61.31260335705005],[21.524622429038285,61.31274523311274],[21.524190485556502,61.312891886611446],[21.523767242993475,61.31304431478575],[21.523366007058176,61.31319924348569],[21.522975754327017,61.31335976310481],[21.5225969001005,61.31352499776277],[21.52223118170276,61.31369448683761],[21.521881887650018,61.3138681591523],[21.52155420701486,61.314046326423835],[21.52125567204735,61.31422968948399],[21.52102322980668,61.314396738035825],[21.520825655444995,61.31456743326495],[21.520669367071118,61.31474067239897],[21.520563726371723,61.31491547804172],[21.5205215749563,61.315090939756445],[21.52056014813327,61.31528285370207],[21.52067362862246,61.31547390743051],[21.520807413315612,61.315621647712]],[[21.49438424371469,61.29601324410932],[21.49422831835375,61.29574112700608],[21.49415196764692,61.29560787800297],[21.494068543199905,61.29540625928176],[21.494041058669456,61.29522025537265],[21.49406909939579,61.295036507940935],[21.49415980997945,61.29485862223954],[21.49428613304918,61.294719042378894],[21.494454256731395,61.29458587839424],[21.49465809739172,61.29445914643499],[21.494980425868132,61.294297472617814],[21.495341135748884,61.29414254638874],[21.49611801076819,61.29383311002281],[21.496521162291995,61.29366528521636],[21.49691953046711,61.29349073362997],[21.497311150542735,61.293310819934966],[21.497691677444433,61.293127467264895],[21.49769344926224,61.293126614089935],[21.498062837283662,61.29293894318207],[21.49841423472337,61.29274845135483],[21.49874051807959,61.2925556601441],[21.499031843802687,61.292361028302395],[21.499274835018962,61.292165024057894],[21.499451601850737,61.29196820769689],[21.499538565278968,61.29177133582928],[21.499531674409276,61.291711637516805],[21.499515983656572,61.29157569798052],[21.499399960976614,61.291385604187475],[21.499210451522362,61.29120642439334],[21.498961086036676,61.2910448069357],[21.49866004290798,61.29090917207269],[21.498310688897934,61.290810281605495],[21.49793251220007,61.290759253821676],[21.497526555092143,61.29074965454513],[21.49710805145586,61.290779380388464],[21.49669309589495,61.290846252437895],[21.496282163265235,61.29094325662311],[21.495877842205083,61.29106347741726],[21.495482780969503,61.29120193042393],[21.495099957176716,61.291355229551606],[21.494776864006813,61.29149954677528],[21.49446373257044,61.291650541436475],[21.49415888645486,61.29180560653305],[21.493543398212864,61.2921346960673],[21.49324104293789,61.2923086148012],[21.492962777857677,61.29248636417771],[21.492707886851004,61.292673892980346],[21.492246920077605,61.29304242336704],[21.492012886308448,61.2932095885801],[21.491757361391695,61.29335471914733],[21.49151040753177,61.293450322900405],[21.49146444250389,61.293468117446345],[21.491093576820944,61.29354642834468],[21.490674418845153,61.29358763426424],[21.49021962312779,61.2936022721601],[21.489739052170272,61.29359881788393],[21.489240360442558,61.29358423733518],[21.488211244741372,61.29354505856593],[21.48768942240739,61.29353127826188],[21.48716741323012,61.29352889493713],[21.486648372998292,61.293544434345755],[21.48617721596775,61.29357924626659],[21.485711870042945,61.29363188473604],[21.485253254863267,61.293699661191795],[21.484802705191363,61.29378086699384],[21.48436205124896,61.29387469930545],[21.48393373155725,61.293981193699615],[21.483492908806387,61.294108207710565],[21.483064426652767,61.29424459015784],[21.48222726718174,61.29452433347569],[21.48181105524159,61.294657383775714],[21.48139161504753,61.2947784383152],[21.48096511261194,61.29488090749964],[21.48052724059274,61.29495691876693],[21.48013638836379,61.29499684041365],[21.47973551566646,61.295019426809766],[21.478910298853872,61.29504707418571],[21.478420509213723,61.2950702675571],[21.47739073215822,61.295132187404114],[21.476927913635883,61.295160013664145],[21.476429613402033,61.29518234329074],[21.475934213888873,61.29519286522972],[21.475443870443414,61.29518577958478],[21.47505981979056,61.29516506153919],[21.474295028257597,61.29510646980456],[21.47416141793657,61.29509820797384],[21.473909055270042,61.295082603633375],[21.47345812616528,61.295069538849596],[21.473002699847935,61.295071349754735],[21.472546093327693,61.29508622053079],[21.47209180195347,61.29511319139651],[21.47164371144416,61.29515216547057],[21.471206334595834,61.29520394544575],[21.470785076103148,61.295270291215],[21.47040805131323,61.29534722398304],[21.47005033547636,61.29543498508401],[21.46975042632277,61.295520928029255],[21.469427200778473,61.2956378377528],[21.469127141155184,61.29577405536787],[21.468852233930207,61.29592721955498],[21.468574127790944,61.296118254848594],[21.468326179487754,61.296324185115644],[21.468322264093445,61.29632801670103],[21.468104407415613,61.296541218947375],[21.46790734314462,61.29676659100644],[21.46773599232681,61.29699835974836],[21.46759388125512,61.29723525003586],[21.46748724317284,61.29747652035639],[21.46742494425089,61.29770425735076],[21.46739312338935,61.29793405890404],[21.46738584124443,61.29816463827719],[21.467399071036628,61.29839478057836],[21.467430498700413,61.298623256300154],[21.467479370103284,61.29884873317568],[21.467546397269306,61.29906968234226],[21.46772644499908,61.299536508465174],[21.467846533730725,61.29996471790003],[21.467913966860266,61.30017086184756],[21.46801288124905,61.30036724885694],[21.468140280295007,61.3005264885984],[21.46831578521814,61.30067130257329],[21.468565404942,61.30080839089595],[21.46886622282929,61.30092899847753],[21.46920500342314,61.301037870991294],[21.469570941827815,61.30113894987225],[21.46995518106947,61.301235530801286],[21.47036173038215,61.3013317635325],[21.470779936791825,61.30142229332838],[21.471211125247187,61.30150258231633],[21.471682367202682,61.30157209503123],[21.47216604564994,61.30162701157586],[21.47265840499867,61.30166903434182],[21.473156572773853,61.30169876420479],[21.47365833636807,61.30171571389989],[21.474161981865326,61.30171827713423],[21.474678509743544,61.3017045366985],[21.475195069670217,61.30167738274731],[21.475711336836756,61.30164037148827],[21.476742243326143,61.30154686264697],[21.477770189222305,61.30143805302175],[21.479303881123762,61.3012591612816],[21.48031654118094,61.301129375686614],[21.480843154852476,61.301052603390985],[21.481424667043754,61.300953160020455],[21.482034800535637,61.30083291879939],[21.48256942722177,61.30071400348659],[21.48309171936892,61.30058819624012],[21.483588052347237,61.300462104317],[21.484098098849362,61.300326026740244],[21.484531777956885,61.30019964702382],[21.48486558462135,61.30008680180357],[21.48504583235055,61.30001230951861],[21.48514896359272,61.29995805522134],[21.48517041803594,61.29993113163873],[21.4852406860516,61.299919569497796],[21.4854644497619,61.299911920297255],[21.48627208356196,61.29990547340766],[21.487403167405002,61.299915589299964],[21.489310705837735,61.29996087340853],[21.489908530298123,61.29996983281442],[21.490448125464283,61.29996733003355],[21.490922406160376,61.29994799429386],[21.490952646979895,61.299945312502516],[21.491358580815923,61.29990931624063],[21.491768466689326,61.29984791604632],[21.492143589664078,61.29975878544883],[21.492433618798096,61.29965603948711],[21.492692587480665,61.299532640877224],[21.492921596764468,61.29939241547282],[21.49312007708187,61.29923813474656],[21.493303723159602,61.299054615252466],[21.493460088343785,61.29886108683644],[21.493599488369252,61.29866145662304],[21.49399749361998,61.29805678694424],[21.494317951482433,61.2976176391341],[21.49444125157133,61.29739730983024],[21.49451325268563,61.297169383678664],[21.49454326371858,61.296938249664734],[21.494547469052932,61.29670693563504],[21.49454040371488,61.29654260170347],[21.49451992790631,61.29638025409688],[21.494478277108502,61.29622050043803],[21.49438424371469,61.29601324410932]],[[21.56018905457197,61.309325792840866],[21.562454985711575,61.30907105410474],[21.565811179343154,61.30869366983619],[21.59623503529693,61.30268696995361],[21.599168168173094,61.30234576432392],[21.608183073849332,61.30129663292146],[21.651204014514516,61.29491092468827]],[[21.651204014514516,61.29491092468827],[21.655170261255762,61.29362394661819],[21.69896108875358,61.27939964596189]],[[21.542568990625014,61.24962631136545],[21.542237949482438,61.249719194559624],[21.541804896312634,61.249794215961224],[21.541334697527656,61.24984532157108],[21.540837385011397,61.24987895012583],[21.540320556722275,61.24989989431412],[21.539789890921636,61.24991163109062],[21.539249568480056,61.249916600584385],[21.538544512418696,61.2499136693958],[21.538151274434192,61.24991203296468],[21.537038870709182,61.24989207762112],[21.533676458942693,61.24979259329214],[21.53255646777465,61.24976536534081],[21.53199846085843,61.24975724335496],[21.531443099369028,61.24975523239257],[21.530891981551758,61.24976201602727],[21.530347398424546,61.24978121124736],[21.529812583811204,61.249817637774264],[21.529327241461527,61.249870723852084],[21.528854853478382,61.24993998992073],[21.528397435058825,61.25002250996963],[21.52795860854866,61.25011649219214],[21.52754389907037,61.25022121177455],[21.52716116633536,61.250336977093816],[21.526821112163777,61.25046515477477],[21.52653792512824,61.25060823358592],[21.526330035269694,61.25076994316736],[21.52625054180606,61.25089392944917],[21.526210197217207,61.250956853250464],[21.526164483053446,61.25116211674779],[21.526169608347352,61.251380837758106],[21.52620603739407,61.25160922600403],[21.526305937632927,61.25208388576748],[21.52633812625369,61.25232599064499],[21.526340539095507,61.25255990491743],[21.526312785949663,61.25279272527433],[21.52625379230827,61.253022403098015],[21.526160290144038,61.25324667587915],[21.526026502975068,61.253462912263785],[21.52584378998267,61.253667945531134],[21.525599802714897,61.25386304685297],[21.525307883228898,61.25404607044751],[21.524980067029645,61.254219813422694],[21.524625557935074,61.254386362550484],[21.524251242570816,61.25454719698329],[21.52386212685237,61.25470326710716],[21.523664068781414,61.25477834181241],[21.52346168995178,61.25485505385377],[21.52305213843475,61.25500260057244],[21.52263462132268,61.25514552262209],[21.522209347469676,61.2552829986098],[21.521775677161358,61.2554137380872],[21.521332150968657,61.25553593410626],[21.520843336582615,61.2556565309366],[21.519348979373564,61.25599258319019],[21.51885811206733,61.2561112145244],[21.518391886815227,61.256235762087435],[21.517934378638888,61.25636836073936],[21.51703741770922,61.25665004510943],[21.51615454685562,61.25694437202055],[21.51483726699549,61.257391696549206],[21.513951491195797,61.25768259491706],[21.513502254008387,61.25782211109289],[21.513046182488168,61.25795527019374],[21.51258064771602,61.25807963544677],[21.512088460734653,61.25819661263447],[21.51158612435362,61.25830405231425],[21.511076284084865,61.25840428826841],[21.510560914070314,61.25849899438734],[21.509518877465542,61.25867580259676],[21.508466801332435,61.25883803247685],[21.507406925117177,61.2589829334357],[21.506873911915,61.259046379469204],[21.505601237309627,61.25918101856512],[21.50518098687036,61.25923170003251],[21.504688412153065,61.259302086669344],[21.50420126714017,61.25938232204119],[21.503718694810544,61.2594703194235],[21.503240235539995,61.25956457251653],[21.502295885689524,61.259768397606756],[21.501831204769445,61.25987743117667],[21.5013731641558,61.25999162460656],[21.50092374933404,61.26011188937352],[21.500485675454094,61.26023966523943],[21.500062530835077,61.26037698639553],[21.499636841187215,61.26053258517125],[21.49880956658276,61.260859671298014],[21.498389468788886,61.261019966872496],[21.497948162904635,61.26117479160019],[21.496589831805277,61.261617532382616],[21.49614878312266,61.26177015900296],[21.495727136620086,61.261932160611764],[21.49536985199749,61.26208928397319],[21.49503298902539,61.26225498288851],[21.494714250910235,61.26242664765142],[21.494412857190053,61.26260212353379],[21.49412959036855,61.26277961550298],[21.493866873926816,61.26295760591331],[21.493718732341822,61.26306968717566],[21.49363655934621,61.263131858592246],[21.49344889031299,61.263312345016644],[21.493319811424165,61.263501592673485],[21.493234972450278,61.26370068075752],[21.49317868722637,61.2639067451151],[21.493096964756386,61.264330375099064],[21.493045999723858,61.26454390639636],[21.49297120680933,61.26475613743557],[21.49284479926764,61.26499743964838],[21.492363700145475,61.26571909118218],[21.492229323782638,61.265958865349745],[21.491878389501693,61.266683485826455],[21.491748207502646,61.26691895661343],[21.49159471138839,61.267146970212245],[21.491405789903872,61.2673642587366],[21.491249517434465,61.26750743950738],[21.490575315304543,61.26806979847073],[21.49032692187296,61.268287956234374],[21.490088381219454,61.268510873590046],[21.48986574974126,61.268738754942746],[21.489666104489256,61.26897216759648],[21.489497362937794,61.26920707811274],[21.489348753199423,61.26944613125216],[21.48893625003402,61.27017059381731],[21.488781974561853,61.270409080107136],[21.488604172456984,61.270643187951855],[21.488388310412336,61.270879338954316],[21.48814768865734,61.271111121365905],[21.48737728818193,61.27180195121104],[21.487286314029138,61.27188943103186],[21.48714268472101,61.272027542432895],[21.486702481178707,61.272487444149135],[21.48629416453183,61.27295584508392],[21.486229092153152,61.27303809782997],[21.485918299134322,61.27343093518813],[21.485214992183085,61.27442018581956],[21.485029526213236,61.27466242904439],[21.48483079383702,61.27489948286339],[21.484435809067463,61.27532367596382],[21.484252866210614,61.27553248624724],[21.48408510436773,61.275763162470525],[21.483961921614643,61.27599165885582],[21.483893113666984,61.27621460289285],[21.483893459368787,61.27642804935334],[21.48398370269972,61.276627244860144],[21.484163610975976,61.276796952538035],[21.48441621687627,61.276954683897124],[21.484716720744967,61.277105171567996],[21.485378187093197,61.27740133645282],[21.485701569666716,61.2775552704323],[21.485995169317253,61.277719019512254],[21.486238635138783,61.2778977433085],[21.486420096631267,61.27810070098202],[21.486544417773178,61.27832029515877],[21.486627993365612,61.278552112565954],[21.486684560944123,61.278792581974876],[21.48680713046973,61.27953807708474],[21.486868719087543,61.27978644049003],[21.486961849068155,61.28003918117192],[21.487086495933685,61.280284640326734],[21.487244302095146,61.28051936304764],[21.487440042947775,61.280738731414814],[21.4876820870267,61.28093659170625],[21.487982960429967,61.281104809334394],[21.488315261252414,61.28122554591304],[21.488694927262145,61.28132030689158],[21.48911009636175,61.28139429055347],[21.48955152928491,61.28145111548845],[21.49001210484363,61.28149298992304],[21.490486387658134,61.28152084080119],[21.490970266431294,61.28153438183918],[21.491487652499057,61.28153269351624],[21.492009368658277,61.28151736628484],[21.492533195141586,61.281491067371675],[21.493057370679445,61.281455377493565],[21.493580420034014,61.28141090983359],[21.494098994636058,61.2813582004825],[21.49512910703609,61.281234132538714],[21.496149621524697,61.28109268825895],[21.4966557210406,61.28101635559413],[21.497654365899606,61.28085127540807],[21.498634898146083,61.28067055879376],[21.499598952804117,61.28047639121024],[21.500073013954644,61.28037380627573],[21.500539989373408,61.28026671627217],[21.500997924584375,61.28015412027011],[21.501444279605174,61.280034709179624],[21.502583628806253,61.27970331951005],[21.502971982093197,61.2796045035746],[21.503435481496503,61.27950803223976],[21.503914679421406,61.27942766863804],[21.504405212187006,61.27936023302422],[21.504903423489445,61.27930361932409],[21.505406163105615,61.279256738350554],[21.50591057844451,61.27921948053186],[21.506413920193786,61.27919274761472],[21.506913345890748,61.27917851758609],[21.507405703386873,61.279179981681374],[21.507887335121957,61.279201722740304],[21.508353849940136,61.27924995074758],[21.50881081868998,61.279331150356846],[21.509253727017935,61.279437025117886],[21.509688893665206,61.27955804507528],[21.510559027158962,61.279812844942896],[21.511005524501783,61.279931343728876],[21.511468085702198,61.28003336667593],[21.511954182578048,61.28011308236093],[21.512457993196673,61.28017359791454],[21.512974555236827,61.280220203648355],[21.513499700318192,61.280257287944764],[21.51509062623382,61.28034752340964],[21.515613777158883,61.28038193920435],[21.516125817301322,61.28042483230511],[21.516620554982516,61.280481005332796],[21.51708999219974,61.2805564162755],[21.517494542607476,61.2806488668482],[21.517861416205346,61.28076426391229],[21.5181762176433,61.280899486749746],[21.51844453373726,61.28105374863528],[21.518662106784866,61.28122400918793],[21.5188214738887,61.281408284368105],[21.518919061864956,61.281607497066],[21.518970700149108,61.281815507194665],[21.5190240579491,61.2822424789056],[21.519067374951103,61.28245420454569],[21.519150313779953,61.282659733703504],[21.519301958496296,61.28286851661102],[21.519511882608057,61.28306352536097],[21.519769778786277,61.28324175307896],[21.52006893415998,61.28339862850705],[21.520405972615002,61.283527660868785],[21.52078064742897,61.28362001026198],[21.521117198504776,61.283662312117535],[21.52147323318384,61.28367563424973],[21.521931300793273,61.2836568396937],[21.52240299373832,61.28360798606806],[21.522883901670188,61.283537383331655],[21.523370758711994,61.283451268365674],[21.523861132503548,61.28335424596352],[21.524845431156844,61.28313985910454],[21.52631129574054,61.28279255298506],[21.527266422630323,61.282551306177055],[21.528186745269817,61.28230127069723],[21.529360461490704,61.28195253636662],[21.529791278288684,61.28183674559199],[21.530233639879956,61.281727735174655],[21.530686581925313,61.28162674577778],[21.531101531661648,61.28154414498354],[21.531523417435885,61.28146951613109],[21.531951277847583,61.28140337648348],[21.532384498984257,61.281346717233674],[21.532822767830645,61.28130103491506],[21.533255240409474,61.2812677993746],[21.53456345687734,61.28119789637171],[21.534997466375284,61.28117060316857],[21.53547395366542,61.281130644096095],[21.53594366594886,61.281079948701176],[21.53640430381117,61.2810183495447],[21.536852918551105,61.280944962737514],[21.5372857601064,61.280858116114864],[21.537698090484188,61.28075527151954],[21.538113443701015,61.28062616451539],[21.538908734198344,61.280339587519194],[21.53931441272331,61.2801997336079],[21.539726810188103,61.28007483248223],[21.540152861577788,61.279958051471375],[21.541017903343306,61.27973029934923],[21.541443515168783,61.27961019666566],[21.542484189378747,61.27929188586164],[21.543381711693737,61.27903747589324],[21.5447693304197,61.278664584528244],[21.547524367429254,61.27794001752308],[21.547935685615244,61.27783712454996],[21.548351812385683,61.277741465328155],[21.548775860216185,61.27765702416848],[21.54923998791025,61.277582939966166],[21.549713334381124,61.27752418538013],[21.55019248753056,61.277479052477574],[21.550674100369836,61.27744693213517],[21.55115464257727,61.27742832383287],[21.551630139802548,61.277424894455955],[21.55209584857768,61.27743957410699],[21.552545903336046,61.2774767047971],[21.553024144972817,61.27754953724316],[21.55346705708628,61.27765129140862],[21.55386444597169,61.277777665126074],[21.55420125140167,61.27792665334949],[21.554456407968726,61.278098364656245],[21.55459287211136,61.27826082694631],[21.554662455590258,61.27843453104066],[21.554672134799038,61.27861378662767],[21.554624866099857,61.278793301323184],[21.554519684226907,61.2789679047615],[21.554351706906505,61.27913228508621],[21.554081510201257,61.279301472313094],[21.55374466389741,61.2794560122034],[21.55336113902169,61.27960088105534],[21.552946563319946,61.279740429641905],[21.55278365727688,61.27979112856969],[21.552033841100048,61.28002447660227],[21.550607160066132,61.280444311466],[21.549160473495768,61.280853550470866],[21.548186388327323,61.281112221596054],[21.54769315468167,61.28123347030695],[21.54719307213411,61.2813465740085],[21.546706418728615,61.28144548482698],[21.546213134663166,61.28153681827243],[21.545714933151334,61.28162251970866],[21.544708646747495,61.281782708684226],[21.54216922425355,61.28215833400733],[21.54115669843798,61.28231219552223],[21.540158329138837,61.28247819067095],[21.53966966856837,61.282569439360934],[21.53919241119201,61.282669132685804],[21.538731299667266,61.28278033841199],[21.5382828178687,61.28290829388423],[21.537857295407704,61.28304932039539],[21.537456633128148,61.28320146997501],[21.53708527265141,61.28336377646936],[21.536750581960163,61.283536200036515],[21.5364633658683,61.283719617173716],[21.53623852958216,61.283915834009186],[21.536105599378995,61.28409637464385],[21.53602469806804,61.28428460882353],[21.535989721772868,61.284477073745876],[21.53599715415774,61.284670557703585],[21.53604581079524,61.2848619466855],[21.53614759588973,61.28507582213341],[21.5362613325265,61.285268685233795],[21.536389326850532,61.28548572339564],[21.536466229773712,61.28568225261056],[21.53646854248128,61.28587279571302],[21.536369155533333,61.28605669765692],[21.5361831589171,61.2862352126656],[21.53593182290584,61.286409303454846],[21.53563147702464,61.28657947051882],[21.53529435173609,61.28674576184232],[21.534929299024007,61.28690774799476],[21.534542364914092,61.287064477732144],[21.534137230820516,61.28721439229836],[21.533715524312818,61.2873552164524],[21.533277011407918,61.28748379971246],[21.532819680885513,61.287595933438524],[21.53233878823403,61.28768867908663],[21.531841286722752,61.28776472558391],[21.531331915896793,61.28782825735511],[21.53081420908003,61.2878823527013],[21.530290750135052,61.28792916334738],[21.529763390028204,61.28797005637073],[21.528701659071476,61.288036186046405],[21.52816864814398,61.288060932222315],[21.527634632585094,61.28807879684733],[21.527111867814313,61.288088580769845],[21.52606518814075,61.28809030907153],[21.525541833662245,61.28808445581752],[21.52449614204236,61.28806149873502],[21.523453129235858,61.2880218358346],[21.52293324585283,61.28799362077404],[21.52239532183994,61.287957064369444],[21.52185849043495,61.28791453098943],[21.521676949738406,61.2878982118713],[21.52078633263652,61.28781814926362],[21.518639633646654,61.28761479021134],[21.517562752310898,61.28752854889556],[21.51702367830192,61.28749607662806],[21.516484741420552,61.28747491504916],[21.515998997712195,61.2874682694338],[21.515515623326465,61.28747321168931],[21.515036667026358,61.28748941448664],[21.514564781616862,61.287517448883214],[21.51410342918144,61.287558840351046],[21.513657122156992,61.28761616585924],[21.51323876858408,61.28769031869927],[21.51284334630834,61.28778097585718],[21.5124754717485,61.28788686313194],[21.512141872954988,61.28800782964217],[21.51185175412789,61.2881448491191],[21.511617247433357,61.28830004632779],[21.511430066482358,61.28849946040264],[21.511310548795457,61.28871908841132],[21.511240539316105,61.288953297528856],[21.511206256697882,61.28919783905725],[21.511197413447306,61.28944955360955],[21.511206474868963,61.28970611699275],[21.511228063412073,61.289965842370165],[21.511295391910846,61.290490295276506],[21.511436629664342,61.29127990578216],[21.511562329110706,61.29180419696242],[21.511628439577834,61.292024476592076],[21.511640597955775,61.292064989897504],[21.511836103724896,61.29258669917541],[21.5122920579572,61.29362219034681],[21.512504103300458,61.29413760267151],[21.51259275878005,61.294394666768696],[21.512661934545395,61.29465109958427],[21.512703373365085,61.29490662677153],[21.5127062682574,61.295160842739854],[21.512661013135688,61.29541416364034],[21.512573216447908,61.29566526161981],[21.512449655748583,61.295913548263215],[21.51229374369609,61.29615812144959],[21.512105704275253,61.29639768789433],[21.511882615907794,61.296630476683745],[21.511620929711473,61.29685556351032],[21.511328532864805,61.29707358021703],[21.51101327130768,61.297286014693704],[21.5106806061524,61.2974937964986],[21.510334016861115,61.29769734468854],[21.510164950346592,61.29779124320336],[21.509975264368705,61.297896592869556],[21.50960458740393,61.29809097913945],[21.509220781957495,61.29827941959163],[21.5088587163694,61.298444855258],[21.508486262066544,61.298604997977186],[21.508105188123267,61.29876044051325],[21.507716472295442,61.298911379953324],[21.507320367729562,61.29905763210312],[21.506916452843125,61.29919862450053],[21.506503626569245,61.2993333809123],[21.506068725418537,61.29946471775187],[21.50517685568697,61.29971152248076],[21.5029100270435,61.30030308959439],[21.502462837286757,61.30042661241585],[21.50202174603345,61.30055501644476],[21.501559215429108,61.300698793285584],[21.50148151033799,61.30072429958878],[21.50110369367158,61.300848315357875],[21.50020611171952,61.301159111461644],[21.49887800295259,61.30164281015414],[21.498003874960393,61.30197374266605],[21.497573362800157,61.302142313185314],[21.49715050894623,61.302313791092445],[21.49673927600163,61.302489193411134],[21.496345264967143,61.30266992600384],[21.49598277231284,61.30285317269224],[21.4956474768782,61.30304231212859],[21.495345626186552,61.30323682000007],[21.495086943757467,61.30343662654],[21.494885349804772,61.303642105336806],[21.49475985989713,61.30385407205426],[21.494726309423935,61.3040724867042],[21.494769897828814,61.3042956945526],[21.494873245708114,61.30452104850181],[21.495024356101876,61.30474599425035],[21.495215917892068,61.304967881799826],[21.49544482620458,61.30518375605483],[21.4957118945232,61.305390142598434],[21.496021760705858,61.30558281613603],[21.496383150075665,61.305760425509646],[21.496782769951835,61.305923499258874],[21.49720974384099,61.30607579081358],[21.497655985590125,61.3062201276138],[21.498115597509827,61.306358577422706],[21.49905951779554,61.30662306359651],[21.500022381246218,61.30687493106892],[21.500508885861706,61.306996058746556],[21.500999023890817,61.30711315346289],[21.501493704171388,61.30722506770018],[21.502008653045685,61.307333895202895],[21.503050368319883,61.30753746012461],[21.5046264893608,61.30782466231372],[21.506207960090524,61.30810134621785],[21.50726483644081,61.30827835320702],[21.507794847780787,61.308362510507806],[21.508326616108832,61.30844197958807],[21.508860918507146,61.3085147615812],[21.509398781321842,61.30857816123199],[21.509941549841805,61.30862861332124],[21.510466819211267,61.30866201824919],[21.51099682513898,61.30868329324569],[21.511530545051702,61.30869551346283],[21.512606192028116,61.30870151461934],[21.514232538899197,61.308684053587754],[21.515319547673126,61.30866274799661],[21.517425492753784,61.30861061849367],[21.517906538482578,61.3086024069665],[21.518374249109357,61.30860290210219],[21.518823408895546,61.30861743766804],[21.51924698802785,61.30865240983634],[21.519635675031058,61.30871561736995],[21.519950542732737,61.30880294648208],[21.520228214428194,61.30891469885754],[21.52046782542747,61.30904537868999],[21.52066593889344,61.309190517352974],[21.52081634034325,61.30934647880258],[21.520909296375393,61.30950423506931],[21.520947778585303,61.30966485509315],[21.520927390682626,61.30982411749779],[21.520840497100902,61.30997783897142],[21.520637934518994,61.310153272211664],[21.520349848594957,61.31031739701883],[21.51999943449333,61.31047295590711],[21.51960465211044,61.31062217995766],[21.519179483959576,61.31076688383605],[21.518735019512196,61.31090854746441],[21.51737337574179,61.31132686525112],[21.51693742231929,61.31146734342256],[21.516526117278516,61.31160989467005],[21.516151928525698,61.31175551814888],[21.515830790696665,61.31190532110491],[21.515583274100642,61.31206055720192],[21.515435951883976,61.31222264493883],[21.51540875382899,61.312380035000906],[21.515472621149943,61.312539431744995],[21.515608220638736,61.3126953290202],[21.515801352442,61.31284169141641],[21.516042246532884,61.312971589229925],[21.51632500206838,61.31307678698136],[21.516647157823968,61.31314728862268],[21.516990277825354,61.31317444843299],[21.51735852373663,61.313166476050775],[21.517742270617852,61.31312907903725],[21.518133281451767,61.313066101578116],[21.518594855652275,61.31296336421066],[21.51905505210544,61.31283737544548],[21.51951323395574,61.312695103255855],[21.51996921106356,61.312541704039646],[21.52042309040976,61.31238095935016],[21.523127726585827,61.31137538407646],[21.524040336810955,61.31105155473656],[21.524503931316918,61.31089598902458],[21.52495940391534,61.31075027576813],[21.526796535905802,61.310188325177066],[21.52724515618543,61.31004458320573],[21.52768177218909,61.30989549856885],[21.5281006639279,61.30973830775945],[21.5284944339924,61.30956954238779],[21.528844011426056,61.309393155239114],[21.52916668110684,61.30920518758251],[21.529465558034577,61.30900802615453],[21.52974163123369,61.308803306697904],[21.529993772315212,61.30859200432873],[21.530218624220787,61.30837449205902],[21.53041043238857,61.30815058618818],[21.5305681267414,61.307912294225765],[21.53068800575344,61.307668649126484],[21.530773427061472,61.30742142361028],[21.530824803838435,61.30717202845323],[21.530839762113963,61.30692160884552],[21.530819936869634,61.30668515403281],[21.530739265002538,61.30621122745697],[21.53071120603899,61.3059731440911],[21.530709725404908,61.305731412068866],[21.530733338179065,61.30548889362143],[21.5307775207492,61.30524605852219],[21.530839168395406,61.30500338614505],[21.530916542834806,61.304761408347545],[21.53100927209939,61.304520763464595],[21.53111838558183,61.30428224181994],[21.531246420590705,61.30404686112215],[21.53139759411707,61.30381593279085],[21.53157804022342,61.30359115972685],[21.53181152812421,61.3033569270591],[21.53207839252368,61.303130876210886],[21.532371049684947,61.30291222829123],[21.53268448852067,61.3027009904996],[21.53301595721961,61.302497982155124],[21.533364760092145,61.30230491557008],[21.533732170234245,61.30212451039546],[21.534121442651365,61.30196066511595],[21.534537935935393,61.30181866081955],[21.534924797258835,61.301716091744694],[21.53532863540434,61.301626843160356],[21.536154905394575,61.30145821848116],[21.536562339668855,61.30136429582982],[21.53699084824429,61.30124599100891],[21.537406604104373,61.30111268107442],[21.53781247730493,61.3009679170828],[21.538210803861087,61.30081452563849],[21.538603482954635,61.30065473792025],[21.53937781019121,61.30032262178592],[21.540913496390758,61.29963918602791],[21.54169179479087,61.29930134594111],[21.54208836406286,61.29913653661856],[21.54249257067754,61.298976096496695],[21.542912947026185,61.29881854159256],[21.543341394260764,61.29866553066254],[21.544215072563475,61.29836839888462],[21.545551008914142,61.29793408345411],[21.546907196846675,61.297507399470895],[21.54782426336499,61.29723095394321],[21.548288374186736,61.297097976685066],[21.548757435593135,61.29697083456341],[21.54923265491504,61.29685212748742],[21.54971548080646,61.296745370408935],[21.55019343238868,61.29665625519881],[21.55067575742488,61.29658188368395],[21.55115789630866,61.296522594265426],[21.551634794002787,61.29648015438756],[21.552100492050688,61.29645791241655],[21.55254763894263,61.29646102093565],[21.55297469521364,61.296495596301725],[21.55336035988562,61.29656106883352],[21.55368849829491,61.29665702380297],[21.55393829659458,61.29678559421083],[21.554095498609108,61.29695275057621],[21.554170470386058,61.29714852661506],[21.55418440399779,61.29736487622801],[21.55415320504985,61.29759568693258],[21.554088461143554,61.29783635361268],[21.553998251521268,61.298083415140695],[21.553887770375706,61.29833426178082],[21.553759795288457,61.29858689394974],[21.553615017528838,61.29883973301159],[21.553448278080946,61.29909960178231],[21.553268236413402,61.29935825315164],[21.552884243232945,61.2998721933744],[21.552080068444706,61.30089013266292],[21.54882540686405,61.30494992859195],[21.54842899889106,61.305461683752064],[21.548066403510862,61.305967885988096],[21.54791036779863,61.30621557198636],[21.547782022043098,61.30645659444091],[21.54769327214565,61.306687446882776],[21.54766010546421,61.30690326174677],[21.547703689309117,61.30709737037904],[21.547819484981893,61.30724289917482],[21.547997728061567,61.307360642381724],[21.548225134001363,61.307444238659926],[21.548491801166637,61.30748499522827],[21.54882278851702,61.30747249660998],[21.5491818706148,61.30741076139419],[21.549560640830194,61.30731298001149],[21.54995296193425,61.30718925386846],[21.55035445875845,61.30704724087322],[21.551173998543817,61.30673002219765],[21.5528519583643,61.30605442108807],[21.553281663861195,61.305889763660055],[21.553718657548377,61.30573069159961],[21.554165770487458,61.30557952175299],[21.5546327437227,61.30543586636612],[21.555110276171522,61.305300468983255],[21.556086458291663,61.30504615409228],[21.55707940859465,61.304804519939715],[21.558584001491855,61.304453443496435],[21.560095108643775,61.304116929230354],[21.56059797320662,61.30401200442962],[21.561099022688268,61.30391397589258],[21.561596838755,61.303826099347674],[21.562089396249302,61.30375286338544],[21.562573828228278,61.30370035170654],[21.56304614577415,61.30367668275243],[21.563500884687652,61.30369253639805],[21.563896326809953,61.30374935091333],[21.56427262137412,61.303840287123656],[21.564629664610983,61.30395720465485],[21.564965448928156,61.30409385129078],[21.565275828000928,61.30424553498689],[21.565554183920135,61.30440884234873],[21.565790969611108,61.30458140699785],[21.565973130552738,61.30476172618184],[21.56608339185983,61.30494900886037],[21.56610438244353,61.3051622668121],[21.5660310109163,61.305377629288564],[21.565875612008075,61.305589270904576],[21.56564322863157,61.3057912652217],[21.56535285488659,61.30597060600395],[21.565010489518272,61.30613892145264],[21.56463140861239,61.30629918845608],[21.564227635226878,61.30645393487383],[21.562957614673934,61.30690638127934],[21.562539480035365,61.307060066859236],[21.562136153697214,61.30721893917478],[21.561756205434133,61.30738578943256],[21.561543833545276,61.307495094718746],[21.56140994917125,61.307564002733244],[21.5610952656745,61.30776419721303],[21.56082413586012,61.307976864044996],[21.560593500604163,61.30819860751951],[21.560403978096414,61.308426778029805],[21.560260009422894,61.30865929165942],[21.560170168352407,61.30889448514462],[21.560147618609395,61.30913097313808],[21.560183412172904,61.30931209677898],[21.56018905457197,61.309325792840866]],[[21.86895385125326,61.14695375705084],[21.86923197766901,61.14677598421117],[21.872575576848373,61.14463861217331],[21.87269890958973,61.14454489963671],[21.887932887640822,61.134620042929704],[21.89174385233975,61.130908520796545],[21.897987830871628,61.12355274229478],[21.904086824595627,61.116396115692794],[21.904975788147198,61.1162748083839],[21.90606842243737,61.115630229233275],[21.906971579353417,61.11509740147782],[21.90778714155533,61.11507334036354],[21.909081272602013,61.115035150400686],[21.90956077730993,61.11449803146845],[21.91641314306099,61.106820077766635],[21.9180004296291,61.10652407870138],[21.919595360864083,61.10528858831119],[21.963986715746625,61.093269520300886],[21.987753118186546,61.08815174267062],[21.987127280001406,61.08698775005236],[21.992329097391593,61.085717258122145],[22.004035398180406,61.082856991047976],[22.005697847717876,61.08078044646214],[22.005504746284306,61.078881707608836]],[[22.005504746284306,61.078881707608836],[21.997109150320718,61.07404879965191]],[[21.997109150320718,61.07404879965191],[21.97636428456194,61.06905071403711],[21.947340703565622,61.06231914619169],[21.94512786913913,61.062605161163475],[21.941719809756677,61.06178152313319],[21.934122760815967,61.0582753304418],[21.935781012384858,61.05435592547004]],[[21.935781012384858,61.05435592547004],[21.92671341539834,61.050544855688045],[21.91767324484286,61.0481026567775],[21.917385551503948,61.04798998765023],[21.916920006060458,61.047835333900125],[21.90841870822373,61.04713041878423],[21.908305600099535,61.0470425506109],[21.902174845042975,61.04432225177552],[21.901959206161226,61.04434191497871],[21.900251605521714,61.044628474709505],[21.896515921221464,61.04548620252025],[21.889366843262696,61.05220760056733],[21.887602266845224,61.05242448246808],[21.883149348140705,61.05095793268283],[21.883341105051617,61.055235718980704],[21.883089940657392,61.05542400850904],[21.881901916853344,61.05561687196332],[21.87943914296703,61.05653329384502],[21.879190306945777,61.05659985720745],[21.879041347325767,61.05666952305509],[21.876810542059093,61.05722088528645],[21.87064078976857,61.06144355761283],[21.869881490902678,61.06203245087249],[21.86948708534216,61.06219300207222],[21.85147136485909,61.06689005540494],[21.84829484994017,61.0675206685147]],[[21.997109150320718,61.07404879965191],[22.028537252266386,61.065827213304516],[22.02774645919996,61.054178331130295],[22.011674712035436,61.04154754971097],[21.993442371104322,61.037797452837324],[21.98253352758245,61.03689403266683],[21.95467394250433,61.035989224125814],[21.948831721261886,61.03558883978698],[21.94736496462152,61.035561471096685],[21.943317232581187,61.036948648781056],[21.94161916310709,61.04649437920019],[21.944040249556554,61.049329455066044],[21.943571797621228,61.05026238038786],[21.942266440479447,61.05111557165687],[21.941368423156085,61.05142229751006],[21.935781012384858,61.05435592547004]],[[22.056721000838,61.039379521377406],[22.031407471163828,61.03275476367692],[22.016698300590896,61.0304323931669],[22.007834242426213,61.02892391829159],[22.004680240831593,61.02921584413291],[22.003085428295304,61.02913861965568],[22.00098594919549,61.02927827106499],[21.98579257636051,61.02758005468747],[21.985238284617477,61.02771461244611],[21.98125504437779,61.025136509188776],[21.98191495158483,61.02349631540398],[21.982574498697417,61.02312312325179],[21.983521993880778,61.022586979543085],[21.982189111272397,61.02122809211196],[21.95338844428993,61.02146849157153],[21.93115849497522,61.01786756469531],[21.865021146231488,61.01395517200035],[21.85297051257082,61.01334496691698]],[[22.005504746284306,61.078881707608836],[22.031977650148427,61.0806900417734],[22.046101965329672,61.0855037736352]],[[22.046101965329672,61.0855037736352],[22.04997902892292,61.08096008068271],[22.05024277459518,61.08065093245101],[22.05163627271161,61.07901744233857],[22.058406419920196,61.06469935242117],[22.060088763720138,61.05889882954491],[22.064094953144995,61.05470946494465],[22.069806818339842,61.05422742592052],[22.07079258534429,61.04434138907665],[22.056721000838,61.039379521377406]],[[21.760143065814944,61.035498744804286],[21.751436720276317,61.01970897264502],[21.743718075305104,61.01335241461911],[21.727367805102137,60.99368569915836],[21.70073114016935,60.99315740683769],[21.68082721967218,60.994949209966464],[21.66572070868696,60.99093600181343],[21.65230229745107,61.005643168571595],[21.63582696204904,61.01422037124223]],[[22.122959250565096,61.26325738497338],[22.10811903511627,61.26323960758384],[22.101089961700527,61.25926310952882],[22.098578039823522,61.25486550702952],[22.095094345807407,61.251401933276505],[22.091603054139732,61.24725351214842],[22.091500398415462,61.24720451939185],[22.082509087733865,61.23956629572806],[22.08705572861327,61.233861130530165],[22.102158179211497,61.226219345496105],[22.11689986280036,61.21871838918017],[22.139675541335016,61.21302165309135],[22.149934589198686,61.21338239406856]],[[22.149934589198686,61.21338239406856],[22.145613409747835,61.212074975943466],[22.155635824094684,61.20279593867206],[22.16127756682015,61.198300946621345],[22.173993795082218,61.187877004758036]],[[22.173993795082218,61.187877004758036],[22.119162154011274,61.1822620289409],[22.086634800068744,61.18249690985409],[22.073852290903503,61.18264839619218],[22.073643197967836,61.18266783330656],[22.059233436476656,61.185942879254924],[22.053016177605407,61.18894260349182],[22.03836597230606,61.192969025431736],[22.029528886035894,61.1958154942802]],[[22.029528886035894,61.1958154942802],[22.012793195711378,61.20775610978462],[22.018588666459852,61.21630722437321]],[[22.018588666459852,61.21630722437321],[22.02381063744926,61.22492919677618],[22.030675990852696,61.23553154102213],[22.012369969751056,61.25071981290603],[22.010750316254427,61.26392624758537],[22.03201167643719,61.27054334717878],[22.03969841334988,61.27545184779272]],[[22.03969841334988,61.27545184779272],[22.04799621980964,61.27435295901272],[22.048152862556215,61.27432754245332],[22.05008268146054,61.27408945349839],[22.050146944457705,61.27406882085324],[22.052248261953277,61.27247648615518],[22.05275828560773,61.2716028843904],[22.054757621025303,61.270310495644424],[22.054828625171872,61.26998536588321],[22.054952684538332,61.269417278650394],[22.054584011441833,61.26744943041835],[22.057861353503817,61.26561176501381],[22.061644915160908,61.26419751655101],[22.07777647917928,61.26735389766967],[22.07781315650735,61.26745578942971],[22.079775293680083,61.267878100959344],[22.08201141554276,61.269422065739924],[22.08231763327445,61.269751379984555],[22.086411402522504,61.27163506896072],[22.08766673807757,61.27252727153894],[22.08783459041653,61.27256227612023],[22.091568109210925,61.27334079807547],[22.09428410616597,61.27419739897547],[22.095959452944367,61.27129102292733],[22.09613301303614,61.27108762798352],[22.096824763333977,61.270276932000485],[22.100710387984723,61.26797546868919],[22.10705182703206,61.26843057136121],[22.132970890327115,61.27089574390334],[22.122959250565096,61.26325738497338]],[[21.902885144378494,61.20543331228616],[21.91708906465611,61.20888339906475],[21.92910289261475,61.21058447775701],[21.94285710490661,61.21189060900116],[21.958593282378978,61.21283741888153],[21.97063508299893,61.2134720406068],[21.974139804859814,61.21479952041251],[21.9788919049068,61.21524476446126],[21.980728243950182,61.21455954174418],[21.98109930036548,61.21422715897789],[21.981367075591738,61.214116472865534],[21.982999732878934,61.21417935827895],[21.983402524360475,61.21361158203914],[21.98415047788032,61.2135116699773],[21.98456613081834,61.21363388290293],[21.984539865750516,61.21402471036789],[21.983642472840025,61.2145808833024],[21.98401220816673,61.21530140992214],[21.984696309038423,61.21584768555646],[21.984792687963004,61.21583715097365],[22.018588666459852,61.21630722437321]],[[22.029528886035894,61.1958154942802],[22.012580578803007,61.19269576531142],[22.003373299670358,61.19102323728565],[21.994891447121127,61.190603973521355],[21.97973308310762,61.19057225364562],[21.9788939860214,61.19050290782988],[21.97377618251565,61.19069873507366],[21.96617680871671,61.191200589456024],[21.946620761456085,61.19162235385998]],[[21.84085499894124,61.29427709836533],[21.857122764171702,61.298814548914464],[21.862831544695137,61.30004447789353],[21.863551040866724,61.30035309654659],[21.865998683102884,61.30116555148105],[21.872848703196215,61.303438849034364],[21.878129220738735,61.30400557384768],[21.88287179584718,61.30523452108162],[21.886204102253487,61.30570532192383],[21.8970021577212,61.307230257983825],[21.902122918037513,61.30612196918194],[21.93281147217614,61.30032267477435],[21.94061608321194,61.29666470698469],[21.944918095657393,61.29584987221285],[21.94889966583011,61.295095570859324],[21.97892183831829,61.291916462785345],[21.980053028390344,61.2921536659861],[21.981343319814385,61.29211363456515],[21.985759346141748,61.29197653287496],[21.992255504295496,61.29177458652428],[22.003658763665868,61.28969865584927],[22.03969841334988,61.27545184779272]],[[22.177776139336906,61.25043018391083],[22.174501117849545,61.24755030711366],[22.1701157693929,61.23809478268183],[22.167623804769853,61.229700155592816],[22.165891315711598,61.22514909653692],[22.15831763565937,61.22065750360933],[22.149934589198686,61.21338239406856]],[[22.122959250565096,61.26325738497338],[22.124074885001686,61.26321990910517],[22.127949703143102,61.263330193944114],[22.136109707938033,61.26315784498986],[22.136979915656816,61.26386150625454],[22.15204836960309,61.27604029179132],[22.177776139336906,61.25043018391083]],[[22.116356454162226,60.92163021805554],[22.0928955254591,60.923004067086815],[22.065545598083787,60.94364860310054],[22.049211694387157,60.96812583102729],[22.043593539726498,60.986784837687054],[22.043802824373333,60.98977930171414],[22.04549406630895,60.99092636737143],[22.048970153085257,60.997425870381086],[22.05215134045789,61.00272936243122],[22.052509269219627,61.00330759675537],[22.064967437326672,61.014526714870634],[22.08436453946971,61.02491217644499]],[[22.08436453946971,61.02491217644499],[22.106197949696536,61.02013487551798]],[[22.106197949696536,61.02013487551798],[22.141896655828365,60.98789629271712]],[[22.141896655828365,60.98789629271712],[22.140902615286805,60.9733249387637],[22.140319522654192,60.96779297241852],[22.137749771973667,60.966670047531736],[22.1372228872972,60.96641271679948],[22.134440353315732,60.9643120043927],[22.134183877152307,60.96191180992069],[22.134609785268495,60.957495409827914],[22.128614020782443,60.940246544706014],[22.116356454162226,60.92163021805554]],[[22.23172504492459,61.12874221660126],[22.24244841046397,61.1264969521659],[22.242748406166857,61.12638282970761],[22.24512478975856,61.11315053648462]],[[22.24512478975856,61.11315053648462],[22.237882301454626,61.10123160296891],[22.23562770356703,61.101355050654966],[22.233774324962397,61.10315817561156],[22.23341303855237,61.1032715849051],[22.23304729144085,61.10334313047957],[22.2274624236039,61.10413383552203],[22.2262575070265,61.10375048225464],[22.225986312855287,61.10360396135658],[22.22545724237906,61.10296858023131],[22.221070639774524,61.10176288242141],[22.221024163917114,61.1013474585746],[22.22123133454633,61.09943981199505],[22.22116734833276,61.099396334267155],[22.220752419509996,61.0984080975064],[22.216756437858347,61.09758473054591],[22.216598988750082,61.097584231664804],[22.215670815814626,61.097178735821494],[22.21273910950393,61.096561613086614],[22.21210037409459,61.09654337751777],[22.210112896505244,61.096052538155774],[22.20969777602001,61.09595001148149],[22.209075082179744,61.0959279496939],[22.19613009603248,61.09432370816807],[22.193438242839274,61.09136057840972],[22.19664290677276,61.08146419142761],[22.19808252378693,61.07955436860169],[22.20418559326035,61.06780837974276],[22.206176819487503,61.06417393939331],[22.207128427083664,61.062568781878525],[22.210967387936332,61.052426944803976]],[[22.210967387936332,61.052426944803976],[22.183956360654452,61.04780909800427],[22.154236289470095,61.0408190745456],[22.151396652626772,61.037076150512995],[22.13164089160595,61.03172983898618],[22.115388033033774,61.02684909428799],[22.106197949696536,61.02013487551798]],[[22.08436453946971,61.02491217644499],[22.080086633602942,61.025954749528104],[22.0571862800482,61.039112347959524],[22.056721000838,61.039379521377406]],[[22.046101965329672,61.0855037736352],[22.071272161673452,61.099410166599995],[22.113447185287843,61.1086439708237],[22.11810891414825,61.10925200713434],[22.121940253489914,61.11109881162497],[22.1256325272579,61.11236414081821],[22.127432702836938,61.113194955572055],[22.127708339588363,61.11338387243678],[22.127231815544757,61.116228888602286],[22.12910760701599,61.11784353411327],[22.13748679276947,61.12135183020585],[22.139020044442784,61.12234430924594],[22.143560481982778,61.12274430218101],[22.14346172059716,61.123224189728],[22.143452944445308,61.12323801046809],[22.142191132038597,61.12410201057767],[22.14194831554995,61.1243716624657],[22.144054413695674,61.125288521568805],[22.147350780607493,61.12550529946412],[22.147353690756752,61.12550503620737],[22.148830371401143,61.12461237048763],[22.15097784634638,61.124987175358015],[22.15197740760471,61.12415500312666],[22.156032757370006,61.124127005342906],[22.15412970200264,61.12528048386467],[22.15494119699066,61.12538516922389],[22.155297669742065,61.125715272192075],[22.15546725101979,61.12591617533874],[22.15572757679367,61.12600717738639],[22.155782624157023,61.12615849690715],[22.155953823839923,61.12625552191406],[22.155986342832907,61.12634697474452],[22.156239818146627,61.12649781949614],[22.156276479328856,61.126610004873136],[22.156910571707286,61.12718272227967],[22.156997015076964,61.12733391471287],[22.156970988374216,61.127460098784525],[22.15711046274744,61.12763073680763],[22.15709949114614,61.12773339699822],[22.157004572223308,61.12779409427152],[22.156912636338458,61.127942681742184],[22.15707721220878,61.12846387630578],[22.157960349094306,61.128221984193694],[22.158322809195038,61.12827698875217],[22.15886310095027,61.12821809018518],[22.159178674203755,61.128315087189186],[22.15999015971239,61.128185630154356],[22.16011744068638,61.12809775925192],[22.160785621945646,61.12809645409315],[22.160830948342436,61.12813759828324],[22.16178173574045,61.12841107507032],[22.161779627465933,61.12844192840509],[22.162736605366295,61.128875431911204],[22.16606752746014,61.128232042827676],[22.173845469544947,61.12837679975197],[22.178500346572292,61.130134615086206],[22.196561727525946,61.1276695754274],[22.206246637181405,61.125520365576655],[22.20643709290136,61.12544205039455],[22.215088940333576,61.12530573823688],[22.215762146189725,61.12533346451966],[22.218778970606056,61.12545767201454],[22.229567037865753,61.12856878786629],[22.23172504492459,61.12874221660126]],[[22.173993795082218,61.187877004758036],[22.174547448115376,61.18754465280612],[22.176041918170743,61.186104874887086]],[[22.176041918170743,61.186104874887086],[22.197626170054413,61.167214980416375],[22.19936213067552,61.166200248539255],[22.22359041275555,61.15653745813243],[22.2354368223712,61.15277037748049]],[[22.2354368223712,61.15277037748049],[22.238406572454778,61.148408680301756],[22.238734193331247,61.147663329266116],[22.240218849816713,61.140931689802],[22.23172504492459,61.12874221660126]],[[22.116356454162226,60.92163021805554],[22.114963857934203,60.9181600751796],[22.11786328493921,60.9038891168285],[22.118333884046333,60.901571477706874]],[[22.118333884046333,60.901571477706874],[22.099052608221427,60.90170067551795],[22.07891746067526,60.891288636469746],[22.075266741874717,60.89740634141257],[22.053241469676344,60.89718010226561],[22.027427103502394,60.903096112505004],[22.008650879788878,60.896353249471495],[22.002488104867854,60.897805642179435],[21.987329432783657,60.90025081314804],[21.977492245032757,60.92501340304105],[21.928295825974146,60.92657506452401],[21.925016299914642,60.95116724097004],[21.925493971567803,60.966410724133524],[21.922072437932748,60.9723228917937],[21.91900909041373,60.979981889126044],[21.916684813898534,60.982278460455504],[21.90811075810349,60.983945088069824],[21.907933148198097,60.98413586623081],[21.90768712239794,60.98412701642092],[21.89616024619127,60.98371187625681],[21.87736903546839,60.98303297604588],[21.870545206454548,60.98386685509596],[21.870384752218833,60.98404821839122],[21.86410426954701,60.996308831017735],[21.85297051257082,61.01334496691698]],[[22.299085762467836,61.0080651148457],[22.335576655785815,60.957195400240415]],[[22.335576655785815,60.957195400240415],[22.28955399850382,60.951767055799706],[22.278017237905132,60.94505813977015],[22.26587815859142,60.94147380207962],[22.263600831353106,60.9268850801851],[22.263598088788616,60.92685892357342],[22.26317695291868,60.9228408646746],[22.259213543818163,60.92032302265746],[22.228951165899282,60.9078031238312],[22.196995929919463,60.89615721014221],[22.190440387459272,60.89710579429537],[22.18319619268064,60.89013086187716],[22.167897850299976,60.885105920446826],[22.157589320055447,60.89675990728148],[22.139885617856468,60.90420660441614],[22.118333884046333,60.901571477706874]],[[22.141896655828365,60.98789629271712],[22.167328749414192,60.98865854827433],[22.19542174413202,61.00015044892349],[22.23959879040657,61.010305214375066],[22.266253456852876,61.023292345865514]],[[22.266253456852876,61.023292345865514],[22.267869221891495,61.022450899688415],[22.273867480902908,61.01974387447593],[22.27498624481584,61.01900819682633],[22.278518519893826,61.01693196352812],[22.299085762467836,61.0080651148457]],[[22.210967387936332,61.052426944803976],[22.222982842627037,61.04649796286733],[22.223762911076722,61.04621387106684],[22.22534177859606,61.04560113790093],[22.226501060721237,61.044894031208045],[22.227380875860742,61.04452976977002],[22.227671844251294,61.044409299997206],[22.23475090139523,61.04139478339672],[22.24107001934282,61.038966160657175]],[[22.24107001934282,61.038966160657175],[22.266253456852876,61.023292345865514]],[[22.34787965275555,61.08279672326392],[22.34929753285089,61.079430316988],[22.347810758856973,61.078255218986875],[22.347137502837757,61.07755676906855]],[[22.347137502837757,61.07755676906855],[22.34146751829921,61.076445924247096],[22.325149643893596,61.076481551089195],[22.314454931431307,61.077409646850334],[22.309666240214476,61.07988682768756],[22.309610555680663,61.079900304485086],[22.30232332675294,61.085227477154824]],[[22.30232332675294,61.085227477154824],[22.297149176683103,61.09525164627125],[22.288830372008118,61.099543971578306],[22.269097171353916,61.10749502395198],[22.259175092469693,61.101878548194186],[22.24512478975856,61.11315053648462]],[[22.2354368223712,61.15277037748049],[22.243717855772765,61.1548868827375],[22.253849402431815,61.16028496865713],[22.25965221432901,61.15709910156677],[22.2657315393313,61.159373821262015],[22.266047174579892,61.15937287365789],[22.27641774494478,61.16198376983881],[22.267468207564757,61.17672842978185]],[[22.267468207564757,61.17672842978185],[22.311301349279155,61.186769747403766],[22.35462481951991,61.18830641433633],[22.355525900280067,61.18760473160549],[22.360622082108648,61.183033828595505]],[[22.360622082108648,61.183033828595505],[22.3481427009808,61.17235383153423],[22.3467214523129,61.16691041562313],[22.335624325783925,61.16099137608329],[22.333391809651577,61.16013987096996],[22.325633286699304,61.16033821659291],[22.323546762182037,61.16215827889276],[22.322367704972255,61.16270753997617],[22.32184391093607,61.163220875481706],[22.31942996207655,61.1642441543696],[22.31656831959901,61.16350840729391],[22.31567494552305,61.162977338892865],[22.31605595600269,61.16200129063443],[22.3130892610387,61.16215480212064],[22.310337942656375,61.16101958413214],[22.306959456809835,61.16065822536863],[22.304485950798345,61.16005651651599],[22.30444710821799,61.16003845303209],[22.312630082465265,61.15226728532742],[22.343179520466837,61.136109871279594],[22.347092029928927,61.13318270442367],[22.356858603107586,61.12230821744058],[22.358776004513256,61.12088539744245],[22.359642061253645,61.118938803023994],[22.35960866871399,61.11545804437289],[22.349638956564476,61.11100667505231],[22.356024181468584,61.09400868957349],[22.345701308316567,61.08513902424119],[22.34787965275555,61.08279672326392]],[[22.252272886646413,61.1866765957824],[22.256038421179994,61.18172570333631],[22.258059810343656,61.180284131010126],[22.261976720950905,61.17822568497561],[22.267468207564757,61.17672842978185]],[[22.176041918170743,61.186104874887086],[22.17983739350949,61.1873459752735],[22.182805489297383,61.18831638619881],[22.19477142610775,61.194302205442774],[22.195398586138115,61.19533367441716],[22.201760927463972,61.19593928750846],[22.20509794784692,61.19283464383056],[22.207151534080168,61.191780384831276],[22.213848889650187,61.189174267213474],[22.218388133463804,61.18690006948336],[22.237058821833756,61.18585680734863],[22.252272886646413,61.1866765957824]],[[22.177776139336906,61.25043018391083],[22.21075572145775,61.23806049346577],[22.2147337964646,61.23399163645619],[22.215125544019273,61.233409908983916],[22.220680312642664,61.230205505621996],[22.251973325739534,61.19959046947836],[22.256854175112053,61.192144553921395],[22.252272886646413,61.1866765957824]],[[22.441023959855077,61.081774964965746],[22.437287504778762,61.087329590744794],[22.426222291500537,61.09444329091879],[22.412368682961336,61.100041703834805],[22.399944834909206,61.1020434210869],[22.392758706844724,61.10148399367629],[22.389786400446702,61.101238842779345],[22.389225416733343,61.10060374646282],[22.389251804471147,61.10002068704041],[22.385637046601047,61.09942401383143],[22.38029033371211,61.09776972721314],[22.372881382924405,61.094535937149786],[22.366496848929312,61.09198641916904],[22.366500040572692,61.091982157076046],[22.34787965275555,61.08279672326392]],[[22.360622082108648,61.183033828595505],[22.464271218330904,61.1507052395005],[22.52121674681588,61.12209005210365]],[[22.52121674681588,61.12209005210365],[22.515448586722464,61.11652653537255],[22.51532920894761,61.10909691985528],[22.513244353832736,61.104723142207256],[22.505400982429187,61.09455015983898],[22.498748146285873,61.09285109803692],[22.49167027113875,61.0916348042454],[22.480108930200593,61.08772655215857],[22.46240277869205,61.07916067967249],[22.461896866938492,61.07909127162578],[22.45393845325677,61.07866811143767],[22.441023959855077,61.081774964965746]],[[22.347137502837757,61.07755676906855],[22.357690610142388,61.07073247738423],[22.372031401961145,61.068815493581425],[22.37378178795366,61.0687690583896],[22.386076390424744,61.071286180461584],[22.388740971020578,61.07205206662319],[22.40120877312819,61.06863283158525],[22.412900870639984,61.063725883846594],[22.420181863801382,61.06239270710358],[22.420641003609788,61.061478377990056]],[[22.420641003609788,61.061478377990056],[22.445230942440944,61.053778513125394],[22.433677667541236,61.04867132745092],[22.425705287426727,61.04514870930155]],[[22.425705287426727,61.04514870930155],[22.42477924353744,61.04516729579935],[22.419331727221753,61.0425356363311],[22.41912971819011,61.041913853847234],[22.41894149929231,61.041007101760634],[22.418679587262943,61.04063856996311],[22.418284265338716,61.0397621041502],[22.41787663226379,61.03918128334208],[22.41737577005913,61.038706880676145],[22.41673167810079,61.03828800978774],[22.41651212227164,61.03819136030475],[22.415886719414637,61.03774156180324],[22.41586462840152,61.03772186607875],[22.415429299266062,61.037162150438256],[22.415403623376246,61.03711353290662],[22.414830642995728,61.03681769042864],[22.412074109934142,61.03449153550014],[22.41507358364464,61.03343086931694],[22.44031216891659,61.029473633741254],[22.459035992115883,61.0269448218178],[22.46737310508934,61.02960435453621]],[[22.46737310508934,61.02960435453621],[22.553379097881,61.01535514979464]],[[22.553379097881,61.01535514979464],[22.56375253536234,61.0032332447728],[22.5683955181335,60.99714322217005],[22.567801630624167,60.996742417867665],[22.56506986940412,60.99494778067498],[22.548589834792832,60.985893632082245],[22.550318916341936,60.98375925506642],[22.556845203216252,60.97570034247591],[22.558376840586536,60.97414861029462],[22.559398937574425,60.973113007861485],[22.56767770626421,60.96472199947184],[22.567766722139122,60.964590494105295],[22.568190492348126,60.96396442797686],[22.568828034323985,60.96302249405242],[22.569443126173827,60.96211366966899],[22.57829211313085,60.94903264465396],[22.576912927729015,60.94426075921777],[22.576533173923085,60.94294660533896],[22.57004672811436,60.942260399891595],[22.558514116343048,60.94397004458801],[22.552980956563424,60.94478988601557],[22.544520271800558,60.946394366058385],[22.51681339949383,60.95044837036416],[22.51320527189505,60.950975804254824],[22.4750188000997,60.945957255806626],[22.45342272645219,60.94334665691645],[22.451706282706102,60.943209119583074],[22.44962202301137,60.94304207824822],[22.42642648964182,60.94158597558961],[22.42444397439205,60.94118972547896],[22.422957155949995,60.94038024601775],[22.422205103692157,60.93807802231819],[22.416708318460785,60.93472875619545],[22.413658745073636,60.93424530954866],[22.412516848922124,60.935062794015316],[22.35786073126438,60.93725959107016]],[[22.35786073126438,60.93725959107016],[22.412123747528597,60.947991411431424],[22.405955470393938,60.95327737322227],[22.39824080642254,60.95879164240476],[22.393206027679447,60.957936935024726],[22.390135209609017,60.96458275626349],[22.390721662491845,60.965866050237445],[22.391153605689865,60.967246468753125],[22.41657009084976,60.97948339121928],[22.429364027372003,60.995554432318535],[22.4233211515469,61.01087498782459],[22.41714520582022,61.01319398110288],[22.41362300343277,61.019411102488014],[22.401041063792633,61.02558896998811],[22.381868626929922,61.026298607409394],[22.37549703691821,61.026080000620745],[22.368899512142843,61.024999799313356],[22.353697673619806,61.023532176294054],[22.349679042210628,61.02310570977813],[22.319440250104687,61.015187244739494],[22.299085762467836,61.0080651148457]],[[22.24107001934282,61.038966160657175],[22.276384406911433,61.0667403972645],[22.292252291409252,61.073031793342096],[22.29306658589739,61.07783016772309],[22.29169808967535,61.07961086760108],[22.29908844786043,61.084984624409486],[22.30226861772314,61.08521962014665],[22.30232332675294,61.085227477154824]],[[22.441023959855077,61.081774964965746],[22.440344799013754,61.08163695805706],[22.440228471518974,61.081603195414026],[22.437426847540337,61.07979901976479],[22.423271659526407,61.068201760648115],[22.422272188275073,61.067106206863095],[22.42674638987833,61.061677291016274],[22.424136566390874,61.061592297260766],[22.420641003609788,61.061478377990056]],[[22.46737310508934,61.02960435453621],[22.425705287426727,61.04514870930155]],[[22.52121674681588,61.12209005210365],[22.6130294193129,61.09637818888362],[22.611678692531562,61.07771990588175],[22.611700134657806,61.07762689754811],[22.5768578405448,61.07085625867342],[22.571894625678194,61.060225254815464],[22.575891140986485,61.05334563907978],[22.582569370545013,61.03982451807438],[22.582037440955652,61.03385142844022],[22.570697308171823,61.022695995510006],[22.569555060372565,61.02204026734782],[22.553379097881,61.01535514979464]],[[22.35786073126438,60.93725959107016],[22.35776887647813,60.93724790755881],[22.336373053330124,60.95620052733833],[22.335576655785815,60.957195400240415]],[[21.45374383280751,61.42052721133477],[21.453197995553765,61.42024296390927],[21.452629969098965,61.420362632858264],[21.4524639438842,61.42073686104542],[21.452911093047494,61.421017079803484],[21.453441258881604,61.421110181603495],[21.454037604371287,61.421110731376054],[21.45393164667436,61.42086826984258],[21.45374383280751,61.42052721133477]],[[21.41592832220151,61.3873327221587],[21.415461881546584,61.38716468121594],[21.415014744828994,61.38723557484159],[21.414608059200116,61.38742720348286],[21.414174919703417,61.387766580255146],[21.413762931732577,61.387987756086325],[21.414306856166498,61.388069690297826],[21.415113098381042,61.388073119546185],[21.41569404727125,61.38794819871764],[21.416234531668493,61.387702539248515],[21.416260970756845,61.38755478931493],[21.41592832220151,61.3873327221587]],[[21.526301874490155,61.33736648650842],[21.525896152356026,61.33713579143519],[21.52522549367736,61.33714441548263],[21.524892927524093,61.337345284213626],[21.5247694225644,61.3376260354315],[21.524719745733897,61.337909768710006],[21.524996437123868,61.33802810110298],[21.52559328390815,61.338016496721735],[21.526270171155147,61.33797240395824],[21.526590320477514,61.337842465373626],[21.526775223370528,61.33763562866587],[21.526301874490155,61.33736648650842]],[[21.470050324966213,61.37305222084617],[21.469532986523667,61.373031123724125],[21.468627275487854,61.373101342479416],[21.468152427814925,61.37326057060131],[21.46802825916997,61.3735412614709],[21.468205997281448,61.37379854792005],[21.468871163256157,61.37382567917946],[21.46938851424385,61.373846778975626],[21.46987592500374,61.37361662009656],[21.47028314292079,61.373418908603846],[21.470401012418133,61.373173679174506],[21.470050324966213,61.37305222084617]],[[21.533363544608985,61.33865163002499],[21.532687229988,61.338267172121654],[21.53163498680473,61.338331867628504],[21.5311547827889,61.33852679327274],[21.531246623896564,61.338851956148574],[21.531744847979578,61.33897921359918],[21.5321630387807,61.33913895679125],[21.533110473403195,61.33924861614951],[21.533320143537576,61.33889990062274],[21.533363544608985,61.33865163002499]],[[21.5062938774072,61.39210577040304],[21.50573138264362,61.391916307474084],[21.504896728946157,61.39214443905564],[21.504780799599207,61.39252073812126],[21.50469818205273,61.39270788912952],[21.504742653133803,61.39301924849936],[21.50499684104546,61.39326766525451],[21.50548989268696,61.39328763314542],[21.50601625061347,61.39311845085749],[21.506057884284388,61.392882015210716],[21.5061286598977,61.39248007437556],[21.5062938774072,61.39210577040304]],[[21.51558816958609,61.38290225069941],[21.514645719874164,61.38275698885516],[21.514195883708997,61.382774515747016],[21.51385027804374,61.38304628239469],[21.51395451429043,61.38330052373261],[21.514064983840285,61.383519298698545],[21.514878277372606,61.38355218750606],[21.51591338174875,61.383594038999654],[21.516443396758394,61.383544029947906],[21.516413077593622,61.38329277923367],[21.516148489803463,61.38310349353604],[21.51558816958609,61.38290225069941]],[[21.408940414947548,61.38996212102598],[21.408628978402167,61.3896218380055],[21.408377226133073,61.38964122877057],[21.40768358181621,61.38970193833437],[21.407030361299167,61.38988338275093],[21.40660770023898,61.39016363488975],[21.406822376910757,61.39035109308011],[21.40688204056004,61.390710768025606],[21.407559818673942,61.39073871145814],[21.407950701746785,61.39063575369484],[21.40849658878631,61.39036057682451],[21.408940414947548,61.38996212102598]],[[21.50959048434326,61.39306787555641],[21.50951875063576,61.392798277544024],[21.508917108749696,61.392831078235155],[21.508667130217265,61.39289715974564],[21.508637168296783,61.393067393730256],[21.50850450555639,61.39359541517429],[21.50844457767905,61.393935883896155],[21.50874964580633,61.39423397533715],[21.50898914488388,61.39445321449685],[21.5093275141822,61.394562156461696],[21.510067002734463,61.394649228202915],[21.510093630509353,61.394497908182665],[21.509719640596682,61.39413988250969],[21.509595645460806,61.393715772393435],[21.509540555618617,61.393351599289495],[21.50959048434326,61.39306787555641]],[[21.516954253693452,61.409639902149536],[21.516800444763934,61.40945509933125],[21.51590595187081,61.409597550021786],[21.515437906755036,61.40978699251918],[21.515128855694112,61.41013168328629],[21.51518459669032,61.410520879003236],[21.5155798693297,61.410745205498074],[21.51640681991187,61.41098697099807],[21.516695074171434,61.410760496910356],[21.516752251177166,61.41043539291346],[21.5169022782782,61.409935451374395],[21.516954253693452,61.409639902149536]],[[21.34581258291497,61.41515852504781],[21.346359443068742,61.41488361051174],[21.34504856006432,61.414918305799816],[21.344040597049283,61.414995382363905],[21.342922703825273,61.41533579671847],[21.342729664122015,61.4157147563758],[21.34305134741416,61.4159960918811],[21.344070069419743,61.415859930691134],[21.344801934719122,61.415592731237254],[21.345343452339602,61.4153473673255],[21.34581258291497,61.41515852504781]],[[21.46066777232717,61.39681699694825],[21.459995049804878,61.396759764309195],[21.459126931062272,61.39675408185967],[21.458540730685574,61.396908740601674],[21.458195810391718,61.39710301853176],[21.457784002501384,61.397324330082874],[21.457428570839575,61.39757770910538],[21.45745344816982,61.39778709093266],[21.4581668192149,61.39796506190239],[21.458844813630975,61.39799275178245],[21.459246126229306,61.39783054132433],[21.459550409405722,61.39751553639969],[21.460162858930516,61.3972131126331],[21.46070316685823,61.39696727409113],[21.46066777232717,61.39681699694825]],[[21.56333791754979,61.33089262311513],[21.562925833591763,61.330697505882064],[21.562298304946065,61.33088662230004],[21.56204602317514,61.331055079740004],[21.561965867481852,61.33151617586107],[21.561971861929976,61.33190929770506],[21.561725736322373,61.33204228508049],[21.56087670910179,61.332222505853046],[21.561202643628086,61.33248560398155],[21.561547083753617,61.332642294350464],[21.56198384896472,61.332695539497614],[21.562537595695456,61.332503463618146],[21.56293752889147,61.33234092972737],[21.562986848797376,61.33205717723699],[21.563042332368504,61.33173795620182],[21.56324545235605,61.33142465907276],[21.563288603197382,61.33117637582],[21.56333791754979,61.33089262311513]],[[21.47886262909709,61.40109358409558],[21.477987513239892,61.4009865372648],[21.477518561323695,61.40111033026161],[21.476950509687626,61.401372963756685],[21.47720872485452,61.401597788478846],[21.477127084146037,61.40205881426317],[21.477662367043948,61.402402070696155],[21.478222779839587,61.40260347104555],[21.478852262197243,61.40241476931576],[21.478908766240014,61.402095596578945],[21.478977825078594,61.40170549571123],[21.479034326178013,61.4013863228733],[21.47886262909709,61.40109358409558]],[[21.514084819001763,61.37366194564884],[21.513567432129385,61.37364101587843],[21.51303758186364,61.373691015696664],[21.512544246980234,61.37395679949756],[21.512173795736377,61.3743704260159],[21.512499735295204,61.374633640582616],[21.512936991481954,61.374687050408326],[21.51375005411501,61.37471994323491],[21.514514127669248,61.37460797731383],[21.515001226604262,61.37437765262662],[21.515124981010405,61.37409691482475],[21.51481771484133,61.37372730826438],[21.514084819001763,61.37366194564884]],[[21.40528865259073,61.39094274190665],[21.40454925826848,61.39091224567381],[21.40393111017528,61.39124396302737],[21.403425582263147,61.39163986019048],[21.40331625662077,61.39190326108214],[21.404039773788256,61.392022412429256],[21.404784493304156,61.39202336235896],[21.405550410299178,61.391906111466724],[21.40614736217185,61.39169258454853],[21.40627785562933,61.39131098231439],[21.40608966699289,61.3909757750519],[21.40528865259073,61.39094274190665]],[[21.452288068067755,61.39715925935161],[21.45174387895997,61.39707747424118],[21.451481575709707,61.39715604795968],[21.451474872941052,61.39754273979884],[21.451422305141,61.397838256925525],[21.451765831781902,61.39800113786231],[21.45223263313575,61.39816905824113],[21.452709951003865,61.39827787352804],[21.452662649091238,61.39854383947198],[21.452779233851004,61.39893557220422],[21.453205438730276,61.39898276246048],[21.453945086909872,61.399012996683965],[21.4540592702894,61.39871999765126],[21.45370663546104,61.39825908461274],[21.453174361072133,61.397761060071915],[21.452682715096156,61.39738376062316],[21.452288068067755,61.39715925935161]],[[21.529128363962872,61.343129851293966],[21.52794091750667,61.34258791129823],[21.526529441845803,61.34272140721253],[21.52559367035487,61.342969352303236],[21.52602799258445,61.343320259110556],[21.52759502376688,61.343431165771484],[21.527906085668103,61.34391995938927],[21.528932051831394,61.34372326256359],[21.529128363962872,61.343129851293966]],[[21.440276923523438,61.39923233528219],[21.438839806676892,61.39893530564632],[21.43741736396163,61.3999486115912],[21.43856580543883,61.40047196009603],[21.439876343292656,61.400156020057715],[21.440276923523438,61.39923233528219]],[[21.448121371165694,61.40347798039138],[21.447520700919064,61.4033641035855],[21.446277271057696,61.40337275360145],[21.445511213159584,61.40349023350295],[21.44500599802189,61.40388628899827],[21.44495335543578,61.40418180170999],[21.444860122239017,61.404356586276336],[21.44509091757917,61.404455334515426],[21.44672006081051,61.404373178527344],[21.447306459184,61.40421857329694],[21.448042452102573,61.40392125315558],[21.448121371165694,61.40347798039138]],[[21.44878992128221,61.395885045778705],[21.44843065565212,61.39581081246659],[21.447469378070515,61.395979843392546],[21.446883139202242,61.39613445138065],[21.446409632811708,61.396353205067754],[21.44628486494721,61.39670529987757],[21.44669524547236,61.396841164471226],[21.447151480243267,61.3970682047547],[21.447331116522133,61.39710532320798],[21.44833828384416,61.397027470231805],[21.449119950381352,61.3968213175644],[21.449228911108467,61.39655787459409],[21.44904022961875,61.39622272109651],[21.44878992128221,61.395885045778705]],[[21.521860183568165,61.34786659599021],[21.521737341186252,61.34771875955615],[21.521072669988914,61.34769189338935],[21.5203341492126,61.34766203833988],[21.519663264671074,61.34767063215576],[21.518998598663853,61.347643755936446],[21.51836424888263,61.34786812725504],[21.51859124805325,61.34827020321572],[21.51929246991894,61.34851286648464],[21.520104862372715,61.34854571326039],[21.521046315100165,61.34869092552286],[21.5215267396572,61.34849603755667],[21.52163788975461,61.34828622413662],[21.521860183568165,61.34786659599021]],[[21.38175246573149,61.413942046334256],[21.380462951494543,61.4138588917679],[21.379433782953647,61.414054424598426],[21.378892549421675,61.414299927040254],[21.377804728272572,61.4148204749161],[21.377386790493922,61.415071080288456],[21.37766311382151,61.41526113943682],[21.378156405510655,61.41528157279784],[21.378799665693467,61.41515937206293],[21.379670533540313,61.41480844445902],[21.380900688672664,61.41453192443881],[21.381307937973094,61.41434040401985],[21.38175246573149,61.413942046334256]],[[21.36942563553851,61.40274416036576],[21.36893254896398,61.40272369777784],[21.36818758397317,61.402722548040735],[21.367415932971273,61.40286913145506],[21.366746195338493,61.40313901794289],[21.3665025661052,61.403456361514365],[21.366443844341877,61.40378138286049],[21.36691559360436,61.40392004433448],[21.367850837916507,61.40389932942662],[21.36889040825853,61.40364478594786],[21.369431529278124,61.4033993209621],[21.36948488353022,61.40310384636989],[21.36942563553851,61.40274416036576]],[[21.57017729221667,61.33902442873286],[21.57000504858598,61.33873179785438],[21.569463628079696,61.33842437445814],[21.56872526593729,61.338394784859155],[21.56838679924637,61.338631233036594],[21.56763611091309,61.33867257591369],[21.566750072583854,61.33863705593409],[21.566510075168946,61.3387345819485],[21.56647926176151,61.33891192801003],[21.567482173637558,61.339130715931],[21.567955909847054,61.3393997188277],[21.56866349275884,61.33960665957158],[21.56953724241994,61.33971310599779],[21.570189545105233,61.33938208142827],[21.57017729221667,61.33902442873286]],[[21.520276358597208,61.40126728823476],[21.51984495205208,61.40117843206002],[21.519146180585853,61.40119783559763],[21.51843494035048,61.40128816735949],[21.518701766354052,61.401465628411145],[21.518758852905318,61.4017060529227],[21.519107704345235,61.401982072961225],[21.519616988951952,61.40219313553989],[21.520109661114308,61.40249877292969],[21.520861411891595,61.402743432360026],[21.52141225359552,61.402718047173614],[21.521560736310114,61.40243830033437],[21.52150778042962,61.40217423205979],[21.521561772156232,61.401866858319686],[21.521455344811034,61.401624443696534],[21.520937751209967,61.40146067646942],[21.520276358597208,61.40126728823476]],[[21.522226469075235,61.37817000562561],[21.521191533044266,61.37812820428492],[21.520710641372112,61.378323085124606],[21.520673293379165,61.37853588235902],[21.520562020433786,61.378745694080095],[21.521152657302647,61.379198165284514],[21.521552647712877,61.37946434649504],[21.522045244086932,61.37962711215945],[21.52256273907806,61.37964801093359],[21.523375943636932,61.37968084775608],[21.523431940595685,61.379361650059806],[21.52342023093128,61.37900400058655],[21.52276808506567,61.37847762015243],[21.522226469075235,61.37817000562561]],[[21.469894548112794,61.37897528953734],[21.469482444339185,61.378779888674806],[21.468033995330394,61.37897085342119],[21.46756534093868,61.37909461487953],[21.46728072846185,61.37944019995814],[21.467544983461686,61.37962957688488],[21.46817256572891,61.37986949125208],[21.468892928032595,61.380006028434146],[21.469754860164993,61.38018405290794],[21.470574290083857,61.380181742839056],[21.470582031242046,61.37971770612614],[21.470281527364694,61.37931254190879],[21.469894548112794,61.37897528953734]],[[21.451827024800682,61.329495220530426],[21.451272135794227,61.329028219882524],[21.450287576696354,61.329130770558194],[21.449621673718934,61.32953213102427],[21.4492761281804,61.32980373470301],[21.448991794560527,61.3301492849522],[21.449407722494918,61.330737848642116],[21.450354581952123,61.33084807845563],[21.451179006475975,61.33081040709553],[21.451372333129243,61.330139644582154],[21.451827024800682,61.329495220530426]],[[21.412155513127253,61.407700433208504],[21.411071238422412,61.407512897232536],[21.41036092241824,61.407733691274416],[21.409724575833717,61.4079575289563],[21.40941997373343,61.40840935946963],[21.40949799281065,61.40880550834806],[21.40975577387622,61.409030455926576],[21.41018695544932,61.40911965910805],[21.411013487325672,61.40908225795017],[21.4117914559261,61.408899966281936],[21.412385600987054,61.40849577468255],[21.412542199532204,61.40803784604674],[21.412155513127253,61.407700433208504]],[[21.33064004857787,61.41387062914538],[21.33027012677636,61.41385517539393],[21.329329197006082,61.41390517299134],[21.328731304831607,61.41411835002944],[21.328205812613696,61.41427501021763],[21.328017979646194,61.414624401485575],[21.32790255429803,61.4149172785856],[21.327130421741415,61.41506362692599],[21.326779116537384,61.41528710332944],[21.327038993282102,61.415565896687816],[21.32790218533252,61.41560197486425],[21.328540261197766,61.41550956008078],[21.328870050602504,61.415404261594254],[21.32955112630402,61.4150754785112],[21.330221437517288,61.414805782820984],[21.33083008219166,61.41453350821774],[21.330843669037417,61.414117295345676],[21.33064004857787,61.41387062914538]],[[21.500091586298826,61.377881444021],[21.499721982789858,61.37786645576684],[21.499222220594437,61.37816765341807],[21.498390336794763,61.378241067708856],[21.49764487503853,61.37824654531765],[21.496812985927008,61.37831994987308],[21.49667654707043,61.37867159922423],[21.496558859604466,61.37891685357196],[21.496865955484363,61.379286499318106],[21.49729074419801,61.37941088955567],[21.497882135266675,61.37943488113626],[21.498861899816415,61.379367466947855],[21.49946578953206,61.37932052181467],[21.50003949276674,61.379022320255174],[21.50027481231511,61.378531804755816],[21.50018319750881,61.3782066243744],[21.500091586298826,61.377881444021]],[[21.55036763703708,61.33451472357494],[21.550054134993463,61.33418066304128],[21.54935263389438,61.334366748427954],[21.549007887233774,61.334638614777816],[21.54933374448803,61.334901741377706],[21.549862544771592,61.33528017851138],[21.55036045508945,61.335835955931046],[21.550403050106464,61.336444854624695],[21.55038417369453,61.33697984775427],[21.55097449140694,61.33743218647078],[21.55154074698485,61.337169220924004],[21.551971689624104,61.33682937909183],[21.551781408288786,61.33621454410354],[21.55149876915026,61.33570314568097],[21.551142313522835,61.33518877820142],[21.551056451172794,61.33482815761952],[21.55036763703708,61.33451472357494]],[[21.535394176664138,61.32873269035531],[21.534982300836056,61.32853749069356],[21.533819397949777,61.328812033669706],[21.533320763140388,61.3291133711992],[21.533184975684293,61.32946506605401],[21.533252024483968,61.32993209655529],[21.533245262926425,61.3303961497797],[21.533712372756646,61.33070073498666],[21.534604334956203,61.33070099992439],[21.53514581594174,61.33057997202929],[21.53539823400464,61.330411566242965],[21.5354911674771,61.32987955488739],[21.535485506315897,61.32948643678227],[21.535486038490784,61.32905785080198],[21.535394176664138,61.32873269035531]],[[21.46333376082804,61.402432584584446],[21.46284060011631,61.40241246224935],[21.46217167343118,61.402682829120906],[21.46203130985749,61.40312359582768],[21.462209673849117,61.40351783772286],[21.46234213768041,61.403820907075875],[21.461380681341545,61.403990034295376],[21.460685460414393,61.40440815411867],[21.460622465528804,61.404762778947735],[21.4610120175368,61.405016810796894],[21.461720326070104,61.40522431747618],[21.462398481906337,61.40525199153656],[21.46300581278447,61.40497910886681],[21.463068781215583,61.40462448261828],[21.463121253787495,61.40432895995679],[21.46319996050981,61.40388567589115],[21.463289158363928,61.403383287176915],[21.46337835276811,61.40288089924307],[21.46343081862063,61.40258537635057],[21.46333376082804,61.402432584584446]],[[21.456145163264793,61.41960132809649],[21.455648662601284,61.41931910552958],[21.454829744135797,61.419452349513385],[21.453985573122463,61.4197274364161],[21.454194421548195,61.41995028757638],[21.45474446991216,61.42021088998753],[21.45492387946279,61.42059923026748],[21.45483553507261,61.421095700765065],[21.454793465386924,61.421332114099975],[21.4544920451752,61.4216293740543],[21.454462593858146,61.42179486408613],[21.454930811372094,61.42195686862725],[21.455959797431866,61.421760762361764],[21.455993446876022,61.42157163079786],[21.456463918350952,61.42116220502124],[21.45687241381196,61.42082168685733],[21.45688615011193,61.42046504944806],[21.45643168503135,61.419946414453904],[21.456145163264793,61.41960132809649]],[[21.502015923109646,61.39739024203687],[21.500906418957975,61.397345281729216],[21.500080280215627,61.397383234906705],[21.499672925904303,61.397581033911685],[21.498901982856736,61.397728373081556],[21.498697756951646,61.39804155912075],[21.499554107466984,61.39825486738449],[21.500157295673198,61.39863650116478],[21.50078550884825,61.39887627188608],[21.501204324265316,61.39903611753125],[21.502209701928038,61.39882682667802],[21.50287021819954,61.3984606854567],[21.503031686599588,61.39796717051082],[21.502946246314387,61.39760652597649],[21.502527442359373,61.39744668588231],[21.502015923109646,61.39739024203687]],[[21.53779999880776,61.378940929000535],[21.53802852132076,61.37848580865053],[21.537584961524736,61.37846794624997],[21.536999206487057,61.378837244280064],[21.53648171426529,61.37881640065105],[21.535569754522726,61.37892253337562],[21.53529830539356,61.37919733483637],[21.534663416495118,61.37942177554504],[21.534170168501053,61.37968763891768],[21.53379993046844,61.38010132691955],[21.533614805904637,61.38030816997099],[21.533417258954195,61.38058594760597],[21.533441504487236,61.3808726636404],[21.533650879497657,61.38095253593829],[21.534032959004765,61.380896498402834],[21.534279595441895,61.38076356692726],[21.535049959186203,61.3806160198],[21.53633783479868,61.380489314681064],[21.53672666514977,61.37996921842977],[21.536776319997458,61.379685480328796],[21.537312990830475,61.37917133655233],[21.53779999880776,61.378940929000535]],[[21.446126307487244,61.38922733926161],[21.44623526348216,61.38896389852004],[21.445552218698232,61.38896569963294],[21.44459640248156,61.38910516130447],[21.443892306762955,61.38922515962089],[21.44318294303634,61.389374705554474],[21.442401428063718,61.389580825952],[21.44203543707891,61.38989326786868],[21.4415409367622,61.39023020959783],[21.44197071832282,61.3906050220397],[21.442078165299026,61.39069872495539],[21.44293558033813,61.39076361694376],[21.443865144346777,61.390771924578054],[21.44426117563716,61.390639309494084],[21.444889413482365,61.39024830035021],[21.445316999146474,61.389938374407066],[21.445806194476756,61.38963096894317],[21.446126307487244,61.38922733926161]],[[21.51140718487387,61.35092026958144],[21.509634586541814,61.35084848265797],[21.508050639554483,61.350831940353906],[21.50604785344865,61.350941276611664],[21.505365544142446,61.35143748812827],[21.506283836338657,61.351855702967754],[21.507645941132388,61.35200614835987],[21.509755579480334,61.35185349019874],[21.51158787667068,61.35131951485751],[21.51140718487387,61.35092026958144]],[[21.46822630276744,61.413705142087935],[21.469167052655344,61.41365417981655],[21.4703387422734,61.41370191796294],[21.470981632562626,61.413579277097384],[21.47170715010987,61.413340933277425],[21.471743837166493,61.41313406466295],[21.471241247969903,61.41281593257359],[21.470404129866743,61.41263300105685],[21.469664140794304,61.41260285250436],[21.46898057374975,61.4126047652611],[21.468462289840815,61.41237528087911],[21.468247093463454,61.41218791335539],[21.4680069447246,61.411791165771916],[21.467483436717124,61.41159123036394],[21.46710296516332,61.41163525363291],[21.46655195526392,61.41194021882047],[21.46651919760178,61.41247467606034],[21.46687217306083,61.41293555951233],[21.467055893585012,61.41330024372627],[21.467692272080285,61.41356431206645],[21.46822630276744,61.413705142087935]],[[21.465282899164784,61.41824116163804],[21.4635341463066,61.41720962220568],[21.461395215915115,61.41736049829834],[21.46102246981321,61.41805968212937],[21.461770396126525,61.41874505877759],[21.463053789892122,61.41921414086625],[21.464935633282284,61.41911228563831],[21.465282899164784,61.41824116163804]],[[21.401620019603612,61.39305376099915],[21.40146697683778,61.392868836866825],[21.400408835817277,61.392884700787235],[21.39961104844506,61.39317921777568],[21.399094823509056,61.393634195042026],[21.398897304029592,61.3940427940546],[21.398474513045315,61.394323019210134],[21.398097417810327,61.394694434611296],[21.398028432258762,61.39507857208292],[21.39828879376551,61.39535723515801],[21.398966662549928,61.395385222607004],[21.400153444269932,61.39534490921104],[21.400873745149724,61.395136494779834],[21.40144098735704,61.39474315134662],[21.4013409719708,61.39426273492048],[21.401276064320758,61.39393260753869],[21.40141193099208,61.393521461680564],[21.401620019603612,61.39305376099915]],[[21.46698687405261,61.405290312508555],[21.467141638017047,61.40511802485253],[21.467501054823845,61.40519221035778],[21.468271063679214,61.4054021967923],[21.468759033945226,61.40545185256127],[21.46899640782998,61.40516386525763],[21.46907503386098,61.40472057773479],[21.46935957084829,61.404166616550214],[21.469612651756027,61.40378997020064],[21.469356821397245,61.40348188219227],[21.468370457568113,61.40344167898613],[21.467007697988894,61.4037730836069],[21.46613285355626,61.40415413903675],[21.46546262549197,61.40478166485339],[21.46536821224438,61.40531360679422],[21.465433816687934,61.40564371157421],[21.466321881867124,61.40588828997414],[21.466779668359376,61.40575812443273],[21.46698687405261,61.405290312508555]],[[21.46446624978572,61.39279163879276],[21.4632956137145,61.392672430965774],[21.462074630835968,61.39283691518045],[21.461198210359676,61.39315833365974],[21.46053733145078,61.39352426869077],[21.460400408838986,61.39387587531623],[21.4603736105784,61.394446296168766],[21.461476640257423,61.394527047785],[21.462456942675853,61.3944599038804],[21.463578859667706,61.39443425096041],[21.46426962827437,61.39431955811664],[21.46439392461536,61.394038873521964],[21.46467870835764,61.39369329680859],[21.464957195734357,61.393383182735704],[21.464853332835588,61.39312890851538],[21.46446624978572,61.39279163879276]],[[21.485524080909936,61.381254723892475],[21.48507468886826,61.380426824446694],[21.483546056350388,61.38065041355117],[21.483223569530313,61.38135167595557],[21.483459065686713,61.38226613445949],[21.4839902984886,61.38319261873913],[21.484786974340473,61.38383269953038],[21.485863229055923,61.38326876922943],[21.486275899954755,61.382618792068705],[21.486212402723012,61.38185420888862],[21.485524080909936,61.381254723892475]],[[21.563244523325917,61.3282934849827],[21.56257205249924,61.32817125565892],[21.561382853645014,61.328171146336565],[21.56094808639706,61.32839180345545],[21.56080856083166,61.328624312147404],[21.561029813679152,61.329061791710224],[21.561144433036276,61.32954261247118],[21.561095101605247,61.32982636419833],[21.561406566405086,61.330315085218196],[21.562087296705187,61.33039002943885],[21.563268363229255,61.330437425035676],[21.56396553695177,61.33041777535316],[21.564211687258293,61.3301419203824],[21.564687539953454,61.329684791834644],[21.56475327116338,61.329306454519894],[21.564351562084664,61.32876649904217],[21.563916997534378,61.32841571185225],[21.563244523325917,61.3282934849827]],[[21.54814095318983,61.31355935424438],[21.549370762044596,61.313323116604735],[21.550079000905257,61.31335161691389],[21.551033198894093,61.313332862218395],[21.552617097647552,61.313110841053636],[21.553925405887988,61.313106307984846],[21.554830651859394,61.31268553162829],[21.554299690082807,61.312321303524854],[21.551722641877447,61.31210336726965],[21.549588130348706,61.31207463130005],[21.54827986673096,61.31207912301957],[21.546912292817098,61.312424096771714],[21.5464494429707,61.31303407898655],[21.54814095318983,61.31355935424438]],[[21.476864746298336,61.33480083848774],[21.476184147314402,61.33472546877708],[21.474674413768277,61.33485441433364],[21.473935334263892,61.33511002712117],[21.472720842425982,61.33525099343178],[21.47262055587012,61.335818411381915],[21.47232341242961,61.33637779872728],[21.472543470184515,61.33681540779048],[21.47342096069645,61.336898826290536],[21.475226079964898,61.336781935851135],[21.47658080765825,61.336408535006136],[21.47764857685618,61.33597580086324],[21.477847197323868,61.33541238940895],[21.476864746298336,61.33480083848774]],[[21.497341583059075,61.32715677008614],[21.496849577500814,61.32713678508205],[21.495610530090723,61.327419820670265],[21.494388104210888,61.32760827187655],[21.493796222179846,61.328155714950405],[21.493572970132924,61.328861014393844],[21.49338300292873,61.329377167220734],[21.493545048088226,61.33014575089523],[21.493551895515495,61.33066990220749],[21.49466771262976,61.33052474807161],[21.49523466273022,61.33011916143361],[21.495596458724066,61.329752862915655],[21.495663023112147,61.32937456930435],[21.496098253319644,61.329154127288966],[21.496418433901873,61.32902426033356],[21.497165508133243,61.3287212330255],[21.497380360835127,61.328063214641986],[21.497455216248877,61.3276376327178],[21.497341583059075,61.32715677008614]],[[21.388672186010098,61.39686976218198],[21.387513605619212,61.39550974319312],[21.38685967590299,61.39590173075134],[21.38684467152675,61.396675090105234],[21.38424576173076,61.396627075731594],[21.3824732114549,61.3975062869069],[21.383444152312105,61.398320468047636],[21.385930580498616,61.398304302424854],[21.38810040325847,61.39797731162455],[21.388672186010098,61.39686976218198]],[[21.378743439066163,61.42311718679495],[21.379325642523767,61.422921005072176],[21.380218816518322,61.42313659567142],[21.381082296887733,61.423172339236785],[21.381905416212888,61.423087332496515],[21.38224576933637,61.42292280621863],[21.382607428019405,61.422640087411544],[21.383748713604714,61.42182402190561],[21.38436903222261,61.42127812968681],[21.383345694575862,61.42116434701641],[21.38193314582488,61.421141614830916],[21.380285785713948,61.4211805924961],[21.37937210666319,61.42128565295329],[21.379137289024627,61.421347375434486],[21.378500445169117,61.4215710605523],[21.378356065313614,61.4219580276677],[21.377867223182523,61.42218783940947],[21.37694070898608,61.42236379778806],[21.37717276133336,61.42273063466894],[21.377935700821844,61.42304801396939],[21.378743439066163,61.42311718679495]],[[21.52687396478251,61.40584345088926],[21.52615944477818,61.4053860241293],[21.525643208720332,61.40436511048138],[21.5247832897363,61.403731784102],[21.52416497383359,61.40338089797697],[21.52393045760857,61.403425758338145],[21.52369594072716,61.40347061828627],[21.522631815644292,61.40341019388223],[21.521859269023103,61.40328376379605],[21.521106973988097,61.4033248296515],[21.520723278444173,61.404095128809224],[21.52062773035951,61.404638943054145],[21.520819820370225,61.40524199404558],[21.521312030261555,61.40583334775127],[21.522413310620212,61.40606829383417],[21.52298082134954,61.40594832681832],[21.52368019919664,61.40564318367484],[21.52442888825865,61.405340027696326],[21.524591996526915,61.40610858334944],[21.52586108471918,61.40680269320903],[21.526358517446297,61.40679894317454],[21.526700611412537,61.40626507039607],[21.52687396478251,61.40584345088926]],[[21.468907589938766,61.41581653853925],[21.4697053323688,61.41552161410259],[21.47029059175148,61.415724054205285],[21.471487342782584,61.41598116393961],[21.47303964262691,61.41598484489352],[21.473472559406442,61.41564527821055],[21.473418540362953,61.41489892798988],[21.473338324698773,61.414300340521166],[21.47284094275204,61.413952661303576],[21.472430223140552,61.413816871835465],[21.471711166046727,61.41366852415482],[21.470888513556844,61.41375407990866],[21.470229891440102,61.41396537892355],[21.469638172622947,61.414149634702426],[21.469226212777627,61.41437097891813],[21.468757819639848,61.41456025623112],[21.4682552392538,61.41424211322207],[21.4674128565305,61.41408871551916],[21.466302824679104,61.41404346606856],[21.465480150841344,61.414128989745876],[21.46518100334139,61.41441445487766],[21.465287299812033,61.414865283630235],[21.46592369211039,61.415129361242414],[21.466308166646844,61.41541293123855],[21.466548318936642,61.41580968267931],[21.466448634123477,61.41637117800548],[21.46727533503929,61.416613239609724],[21.467794950724777,61.416485586313044],[21.468490355857767,61.4160674325934],[21.468907589938766,61.41581653853925]],[[21.34554408652721,61.40431120343255],[21.34508314770975,61.40411337623059],[21.343930825940774,61.40430350394737],[21.342550690246608,61.40472228142668],[21.34180568631292,61.40472098641575],[21.340698869724367,61.40500229472214],[21.340578238190737,61.40532473069514],[21.3408729850484,61.40575379947622],[21.340387881278446,61.406031264444],[21.339771393018086,61.40669025460041],[21.338659122829277,61.40700109116483],[21.338345552398753,61.40701777803673],[21.337541464475844,61.40734146335116],[21.33735914798334,61.407661323614136],[21.33675069596226,61.40793362995755],[21.33614760321107,61.4081763876894],[21.336037647192803,61.408439727171],[21.336779970068836,61.40879817776446],[21.337570613665775,61.40889071151736],[21.339047462017717,61.408624860979145],[21.33949506669571,61.40855422356502],[21.340422452379222,61.408235667888384],[21.340840586405537,61.407985178643735],[21.341392725009623,61.40768073694472],[21.341950214979782,61.40734674762738],[21.342097651932864,61.40687657972371],[21.34245681292795,61.40626639099559],[21.342998182736835,61.4060210344959],[21.343828981980582,61.405549584579774],[21.345051017128142,61.404975356490816],[21.345525348542527,61.40475696685947],[21.34554408652721,61.40431120343255]],[[21.55529660134595,61.32954585429637],[21.554747251237256,61.32928566629357],[21.553812100265123,61.32953381374123],[21.552737343065544,61.33001445323626],[21.551605314344258,61.3302546711852],[21.55135905508667,61.33053050200823],[21.55203152743926,61.3306527878102],[21.55217895636023,61.33094444897436],[21.551620952921535,61.33130299171233],[21.55075942693819,61.33169694781652],[21.550086489646052,61.332146106210615],[21.549880947714374,61.33275693031546],[21.550446795783404,61.33292255668889],[21.55162793291017,61.33297005450216],[21.552111838577137,61.33303713273115],[21.552866325802984,61.33325795518966],[21.553407495031855,61.333565442022866],[21.553866711333065,61.33377438857156],[21.554309837372763,61.33350646509275],[21.55456433070639,61.33318333656639],[21.555204652340862,61.33235186823138],[21.555262273617906,61.3320208286582],[21.555336356151777,61.33159520576866],[21.555426898402033,61.33107499950988],[21.55569782002773,61.3306572860055],[21.55595227248109,61.33033415517163],[21.555854192353763,61.32975874856362],[21.55529660134595,61.32954585429637]],[[21.53675165536539,61.32024387047065],[21.535443896337878,61.31956249574067],[21.534685986808103,61.319817657200794],[21.533878505235073,61.320356552557435],[21.533543256397817,61.32091450139583],[21.53299168718199,61.321349424298],[21.532349629088014,61.32230216723719],[21.532748636978603,61.32285403232654],[21.534039597718536,61.32326330096621],[21.535238567732197,61.32349025805082],[21.536345521990828,61.32353490746873],[21.53729936670395,61.32303761602294],[21.538273815935508,61.32242209115477],[21.538633281419084,61.32178176817176],[21.53763593626528,61.32130818730375],[21.536996877651394,61.32088238340955],[21.53675165536539,61.32024387047065]],[[21.535821359648935,61.38896921436147],[21.535359597790194,61.3886291606468],[21.53452750953683,61.38870279407068],[21.533294599271894,61.388938858813205],[21.532665094239036,61.38955640354089],[21.532054831521677,61.389638961734256],[21.53090203430766,61.389842517271546],[21.529816959158612,61.39008451086601],[21.529169372316726,61.390379856900154],[21.528953060655866,61.390764025984396],[21.528884656222257,61.39115415934248],[21.528760951016277,61.391434910933704],[21.528242578868653,61.39184261600729],[21.528870882256403,61.39208225795917],[21.529986467552543,61.39209152178502],[21.53093613044387,61.39177263102917],[21.531934870281713,61.39159858217097],[21.532902526588963,61.3916018596236],[21.533926102943415,61.39128592752369],[21.53527032762792,61.390840034989004],[21.53631869403024,61.39038221609173],[21.536473377895653,61.389924120964054],[21.5361843405147,61.389448157602],[21.535821359648935,61.38896921436147]],[[21.483829524066437,61.330974801749946],[21.48352181709321,61.33093716585636],[21.483172485577914,61.33093542479067],[21.482814078414624,61.33096908121725],[21.482456014667054,61.331032716357704],[21.482107503716765,61.33112341849819],[21.48183355713977,61.331216879557665],[21.481569536694384,61.33132380078903],[21.48131277324888,61.331440581514386],[21.48106092419602,61.33156424453595],[21.480755693132277,61.331723158402994],[21.480460827502302,61.33188878678868],[21.480183660016493,61.3320620675052],[21.479945888454047,61.3322328172924],[21.47973081515672,61.33241022189134],[21.47953920983574,61.3325930950553],[21.47937391753686,61.332780740092645],[21.479240198475054,61.33297289262118],[21.479146285291105,61.33320648697737],[21.479123626629097,61.33346576303509],[21.47916818845595,61.333735337283564],[21.479275955098156,61.33399980706158],[21.479442670417086,61.334244037043085],[21.479662286447926,61.33445357306311],[21.47981859027519,61.33455949629608],[21.479984146878042,61.33464506551981],[21.480134906410242,61.33470370021391],[21.48027735343109,61.334744647570034],[21.480470881846166,61.33477584324189],[21.48057047563362,61.3347635678411],[21.480620362557364,61.334736464988225],[21.48080829611898,61.33468690782765],[21.48110773178619,61.33462004806165],[21.481495377983748,61.334542592700366],[21.482016437629067,61.33444772745396],[21.482272309544914,61.33440114213437],[21.482688137731085,61.33431988114381],[21.483144158636847,61.334215893243936],[21.483573449021176,61.334098817653356],[21.483955455798306,61.333972071317916],[21.484269574864204,61.33383949138513],[21.48449549776308,61.333705100828055],[21.484645091644534,61.33356388050508],[21.484722474599387,61.33342748500757],[21.48473925029081,61.33339791607841],[21.484783122815553,61.33322014148006],[21.48479765907497,61.33303417341856],[21.48480614562211,61.33264854910077],[21.48482684216741,61.33244962066637],[21.484929824337158,61.33193203157088],[21.48494317003095,61.33177839716437],[21.484924271458027,61.331630436956594],[21.484866610208343,61.33149965851601],[21.4847675884656,61.331377787607195],[21.48459460496726,61.33124681002782],[21.484373528521406,61.331134267484735],[21.48411561668166,61.331042346966456],[21.483829524066437,61.330974801749946]],[[21.47995499506937,61.41376590252589],[21.480177762821004,61.41320940983808],[21.48066699619239,61.412901879565325],[21.48130571484567,61.41245159642508],[21.481301597498952,61.41212400549082],[21.480721562734878,61.41189205960004],[21.4801247124922,61.41210591547249],[21.47954241788691,61.41258825320186],[21.479171277778953,61.41293034887446],[21.478600567603376,61.41299643246538],[21.47746437591368,61.4130990394213],[21.47653412811818,61.41309095378559],[21.476066972636072,61.41292311288902],[21.475503856390873,61.41224534228391],[21.47534099112178,61.41176245786753],[21.47552834573801,61.411055699321984],[21.47576164337441,61.41044010874218],[21.47563426028619,61.4101074987644],[21.47491527178425,61.40995916794589],[21.474235805461714,61.410288699024946],[21.47390534562028,61.41075150070914],[21.473847722448742,61.41107658125351],[21.473975089665334,61.41140919359317],[21.47363533727072,61.41157395696092],[21.47289939838539,61.4118714173047],[21.472292014582365,61.41214434259078],[21.472095318158054,61.41255305739879],[21.47230932246906,61.413097562768485],[21.472447161068526,61.41337107101043],[21.473180723929847,61.41378790023871],[21.47360192531589,61.4138645819735],[21.474156944452478,61.41388717803669],[21.475436279719908,61.41402855192914],[21.476011075722543,61.41429007321787],[21.4768889952712,61.41459369199067],[21.478415056888206,61.41474507542787],[21.478991034047677,61.4146494399979],[21.479712418263944,61.414083461367426],[21.47995499506937,61.41376590252589]],[[21.510638879396897,61.39838846298385],[21.51073401089466,61.398344490918525],[21.51087041566147,61.39834158504509],[21.51119127234403,61.39831025889905],[21.51151273127248,61.39826133836263],[21.511831993956534,61.398201700404194],[21.51218376125318,61.398126694286425],[21.512511804100953,61.39803849086472],[21.51279666597855,61.39792801292386],[21.51300760446406,61.3977981737183],[21.513168464957904,61.39764598058218],[21.51328310460486,61.397475182361276],[21.513333245005644,61.39732706096939],[21.513358746827834,61.39716043693586],[21.513359331892303,61.39713093229832],[21.513363801149154,61.39690530570734],[21.51333013619851,61.396633914901955],[21.513251095847238,61.39635808652317],[21.513121369372534,61.39608935762545],[21.512912373460715,61.39580430936259],[21.512663150858994,61.3955587889893],[21.512448682073686,61.39539411117837],[21.51225644436043,61.39527294072204],[21.512113913106102,61.39520158009638],[21.512046936494414,61.39518815599513],[21.511846195808456,61.39514563668425],[21.511581090502787,61.3950978207924],[21.511214375245217,61.39503776808],[21.509758651441995,61.394813650037015],[21.50928973196838,61.3947366720733],[21.508233712590307,61.3945529514332],[21.507693195293797,61.3944673854683],[21.50733760933437,61.394425993413435],[21.507034608670903,61.394407857304984],[21.5067827518084,61.394413335849585],[21.506533086778976,61.39444489781353],[21.506333922895553,61.39450237528596],[21.506200220546003,61.3945852348666],[21.50614309300678,61.39469389162795],[21.50615306701444,61.39482180887825],[21.506216469437923,61.394962852153405],[21.50632311922158,61.39511193551765],[21.506458667584337,61.39525981015201],[21.506900944791845,61.395678668928966],[21.50702920352224,61.395793673719304],[21.50751400948417,61.3961821124237],[21.507722869886283,61.396362114325804],[21.507922135238314,61.39654879233697],[21.508294670980842,61.39693367245111],[21.50885178727411,61.397561543673774],[21.50893517260384,61.3976448148909],[21.509052919747838,61.397762400585066],[21.509275011198095,61.397943769227744],[21.509520780632002,61.398096376309425],[21.50972569243552,61.39819555111658],[21.509949575305324,61.398272510307976],[21.51023448682591,61.39832665677597],[21.510545243755853,61.39834851199623],[21.510547250422132,61.39834846897781],[21.510638879396897,61.39838846298385]],[[21.485578437771053,61.407545025539534],[21.48522012742305,61.40749672988191],[21.48491602567438,61.40749207037763],[21.484600960621606,61.407516960824715],[21.484284684223255,61.407569107394686],[21.483951135150825,61.407654414737785],[21.48363437695027,61.40776570016834],[21.483320618950778,61.40790861058441],[21.483030518759925,61.40806865060276],[21.482761642351207,61.40823858530307],[21.48251373046151,61.40841230404333],[21.482288786978526,61.40858436327427],[21.482150832556062,61.4087000041519],[21.482035711432204,61.40881604403779],[21.481935336023206,61.40896723183205],[21.48188803903797,61.409120095209374],[21.48189596774029,61.40926991188154],[21.481964349806898,61.40941184893093],[21.482111809052626,61.409555493340115],[21.482312282907234,61.409692916455455],[21.483056131665617,61.41016133551106],[21.483344599001555,61.41032424502733],[21.483661545437474,61.41047417317283],[21.48396594377431,61.410584094817416],[21.48401371073663,61.41060134422408],[21.48439867824822,61.41069592618674],[21.484812084437582,61.410763408811334],[21.485240774383175,61.41080798237658],[21.48567244869835,61.410831941572326],[21.486094799963578,61.4108356945134],[21.48649458726564,61.41081767564477],[21.48685670503166,61.410774142317756],[21.487155747166277,61.410707227345],[21.48746673483816,61.41061264672174],[21.487801201131283,61.410478811484076],[21.488155842983815,61.41029904167316],[21.488446964408457,61.41012041044388],[21.488508612101622,61.410082582152626],[21.488837623462125,61.40983865221428],[21.489122398823223,61.40957663554038],[21.48935880520368,61.40929463388944],[21.489535368721253,61.409022766274674],[21.489659383540268,61.40877985367954],[21.489737379465605,61.40858468506594],[21.489775299862377,61.40845638012945],[21.489777785163923,61.408415276432265],[21.48976379127895,61.408385107360715],[21.48967117376589,61.40833802120485],[21.489506121628864,61.40828245635405],[21.48934738096632,61.40824289211637],[21.489158362883412,61.40820511058946],[21.488298743544227,61.408074014513836],[21.487917461727264,61.40801109090082],[21.486714170196528,61.40779185900911],[21.48632814521778,61.407716079546155],[21.485578437771053,61.407545025539534]],[[21.375656089087688,61.37778066512519],[21.376053105326758,61.37779618000667],[21.37649369024479,61.37784675704544],[21.37694738595844,61.37790973045704],[21.377224923369862,61.3779405253129],[21.37750749645754,61.377961009894264],[21.3779295714398,61.3779665608084],[21.378318114531652,61.37794371763537],[21.378668844022943,61.37789690537143],[21.37899742469407,61.377828707020484],[21.379289541273117,61.37774022879987],[21.37947147188317,61.377663185963996],[21.379622710705988,61.377577996904904],[21.37979615457663,61.377441005209846],[21.379950564310857,61.37730170065748],[21.380140555438636,61.377169731905646],[21.38036513352609,61.37706817009611],[21.380639239394338,61.376978757500034],[21.38094811617389,61.37690162943098],[21.38194964343552,61.37670865911064],[21.38225640465419,61.376631440585506],[21.3825002035084,61.37654467535687],[21.382597787921306,61.37649293030663],[21.382697163662773,61.376440235999],[21.382864520002645,61.3762815379083],[21.382940269865333,61.376104861615545],[21.382927077483465,61.375922140234934],[21.382850873766106,61.37577835047961],[21.382720938998467,61.37564332408914],[21.38254120932586,61.37552270188002],[21.382312680947656,61.37542286513123],[21.382107494832795,61.3753652334181],[21.38174101674394,61.37530752375526],[21.381331117125015,61.375280650223985],[21.380890877120667,61.37527571438481],[21.38043053121786,61.37528556494751],[21.380087433979504,61.375299384838144],[21.379740848403287,61.37532025190734],[21.37939330791771,61.375350816597766],[21.378949351514905,61.375406728557564],[21.37878320366072,61.37543302582172],[21.378506555910047,61.375476811454824],[21.37713371943103,61.37572200805817],[21.376647137441424,61.37580351346658],[21.376161735467246,61.37587903641743],[21.375680560083897,61.37594668346516],[21.375207279863133,61.37600421256424],[21.374356554742697,61.376099746601405],[21.373945919447337,61.376158431920395],[21.37355669989003,61.37622680123694],[21.37320038425514,61.376306916500006],[21.37289197577723,61.376401842509374],[21.37265115584838,61.376515886899135],[21.372505627842628,61.37666272451272],[21.372482337730986,61.376843626873715],[21.37252495973883,61.376965130875305],[21.372602574185024,61.37709163963863],[21.372763719810372,61.37727929272691],[21.37297651375173,61.37746204274891],[21.373235795957193,61.377629376445135],[21.37345349376006,61.377738964991266],[21.373680137610837,61.37783375590606],[21.373933648504906,61.377921655593525],[21.37417018586958,61.37798538425474],[21.374376251807885,61.37802211382001],[21.374575776224304,61.378029549067584],[21.374653566549483,61.377997683982805],[21.374697339469652,61.37794984875775],[21.374826876801198,61.377895251509365],[21.375029715491582,61.377841396689504],[21.37529375287354,61.37779975594188],[21.375656089087688,61.37778066512519]],[[21.42221733981355,61.35944384175756],[21.421943598741706,61.35940419407355],[21.421630941838917,61.35939143296271],[21.42146955096707,61.35940098719382],[21.4212329331399,61.35941499509661],[21.42082034720598,61.35947555955413],[21.420410619557373,61.35956866225612],[21.419990006595018,61.35969714336314],[21.419554249761074,61.35984858044555],[21.41921321529812,61.359983385472205],[21.418877762732226,61.36013012567401],[21.41854877012085,61.360286277489706],[21.418183876941058,61.36047234081947],[21.417826701923556,61.36066465968673],[21.416447254866934,61.36144232350348],[21.416109653548734,61.36162576630435],[21.415844214800913,61.36176215732337],[21.415572399900974,61.36188778963974],[21.415286780380733,61.361998046807116],[21.41507222089221,61.36206438902534],[21.414848345856978,61.36212016656492],[21.414532563598122,61.36217873122947],[21.414207884684668,61.362218390070595],[21.413879643935648,61.36223971115358],[21.41343246457567,61.36224295603895],[21.412989218638984,61.362234303422525],[21.412551285218097,61.36223600570562],[21.41220240036634,61.36225896958826],[21.411868338399685,61.362305207170955],[21.411624702643973,61.36235780059455],[21.411396051283038,61.36242238631151],[21.411185098127106,61.36249602596381],[21.410996007880712,61.36258016492074],[21.41079624551496,61.36270426032286],[21.41064519506226,61.36284316361471],[21.410545821962863,61.36299175883645],[21.41050457245004,61.36314524269589],[21.410525024744896,61.36328773170749],[21.410602432402374,61.36342594982363],[21.410737861596147,61.36355511653858],[21.41099814354824,61.36369661271953],[21.411398553116825,61.363821231950325],[21.411911866482694,61.36392620103152],[21.412503469889252,61.36400844680611],[21.41313922242212,61.36406525627399],[21.4136913260323,61.36409270051831],[21.41422927038177,61.36410286658216],[21.41465475525446,61.36409921507044],[21.414731521497263,61.3640985559749],[21.415176713888687,61.36408280425281],[21.415613667387564,61.364053830060534],[21.415892495192026,61.36402448812678],[21.415968365952974,61.36400537263507],[21.415995194468287,61.36396456907375],[21.416103883039092,61.36385412158534],[21.41628519148669,61.36368766427664],[21.416531715015168,61.363478925677335],[21.416836734282796,61.363241702099906],[21.417194139356255,61.36298992832795],[21.417598358292942,61.36273771158812],[21.418039853331432,61.36249833516548],[21.41826643478613,61.362389038434316],[21.418497024419946,61.362277805655644],[21.41894224810965,61.362080449942646],[21.419718691243943,61.36175037063502],[21.420069220215193,61.36158319979195],[21.420319817170515,61.36144882737503],[21.420860312422114,61.361140574325546],[21.421150383388674,61.36096810385881],[21.42142192145284,61.360792258268305],[21.421664253899113,61.36061425909128],[21.422084317818836,61.360263219680014],[21.422406422434797,61.359977056089484],[21.422454742914788,61.35993412697118],[21.422584361360652,61.35978609876773],[21.422617010679826,61.35965557423621],[21.4225766937236,61.359590142158446],[21.422435264742667,61.35950657750119],[21.42221733981355,61.35944384175756]],[[21.54044230883722,61.31293268747623],[21.54035920674262,61.313045338491534],[21.540196679985385,61.31325307569775],[21.540019703626697,61.313460049370484],[21.539804331063934,61.31368534333067],[21.539572083663767,61.31390858517402],[21.538591662477483,61.31479669657871],[21.53836141461854,61.31502092010336],[21.53813515795816,61.315262000320224],[21.537931264314768,61.31550377149554],[21.537753110413302,61.315744362082356],[21.537606880164713,61.31598153136584],[21.537502100899257,61.31621245080205],[21.537452379998737,61.316433420528256],[21.537476289831943,61.31663954053123],[21.537489395295815,61.31666111012175],[21.5375876385856,61.31682279907412],[21.537773007025386,61.316979908076966],[21.537902091385572,61.31705252950742],[21.538196637289744,61.31715564477484],[21.538539847531887,61.317217778191875],[21.53890431190252,61.317238139283226],[21.539265094281244,61.31721208858118],[21.539442811513823,61.3171783266864],[21.539612146296427,61.31713209701494],[21.539848141861203,61.31704561464052],[21.540324151700307,61.31683782400564],[21.540632673203856,61.31671578065374],[21.541671000459633,61.316344861118665],[21.542019176052435,61.31621275484553],[21.5423504524807,61.31607161074572],[21.54263920112898,61.31592781646867],[21.542904780849966,61.31577634032106],[21.54328481074725,61.315537768289396],[21.54388327850681,61.315184196145715],[21.54416859386658,61.315006391847746],[21.54441725994661,61.314822300586435],[21.544537488879794,61.314709070181266],[21.544635165171776,61.31459284163232],[21.544741116597304,61.314406426843256],[21.544800137171944,61.31419591272474],[21.544800463153592,61.31419351577781],[21.544830999338547,61.313968895961025],[21.54484413014425,61.31378454551224],[21.544837170570325,61.313599618072075],[21.54479670863333,61.313416842057485],[21.544724125773456,61.31325775856459],[21.54461715984302,61.31310680980512],[21.544460170348668,61.31294878192211],[21.54428485755303,61.312807515325154],[21.54411219065969,61.31268481220763],[21.543762102886973,61.31245864999827],[21.54372444201594,61.312403879756936],[21.543653740093358,61.31234665523396]],[[21.376651260357953,61.423299968252344],[21.376271895837082,61.42326216364701],[21.375902315122804,61.42327120628007],[21.375618848059737,61.423321015737855],[21.375355692320618,61.42340399125306],[21.375117298636876,61.42351343886825],[21.374909664377153,61.423644257080205],[21.37474060643202,61.42379268442247],[21.374601796011625,61.42397867931246],[21.37450728289641,61.424175804137406],[21.374387278745434,61.42457609580959],[21.374311716737168,61.42477034883442],[21.37420035374902,61.42494293271347],[21.373920547576688,61.425276965142096],[21.373798740341297,61.42544173879634],[21.37371432742188,61.42562974182703],[21.373715379678664,61.42581204918289],[21.373804876420827,61.42596119639356],[21.373971190433085,61.4260966033918],[21.374205748381776,61.42621333941785],[21.374530624090024,61.42631566623523],[21.3749115515704,61.426401506332056],[21.37533230452454,61.426481229311094],[21.375793994372856,61.42655827509338],[21.37634507731571,61.42663454967531],[21.376966410778646,61.426707083567116],[21.377627735352096,61.426772105987105],[21.37829934896587,61.42682572216611],[21.37895206212387,61.426864088852334],[21.379557040150367,61.426883768690956],[21.380085529400386,61.42688242627461],[21.380381217984073,61.426869883965104],[21.380620946869254,61.42684985196286],[21.380775596328228,61.426825436716896],[21.380930897702537,61.42671793321565],[21.380992378064562,61.42658581740715],[21.381387749623762,61.425786766772944],[21.381524825502055,61.425475414456784],[21.38163388763084,61.42516381090738],[21.381691507724465,61.424867871327145],[21.381673165922123,61.42460377624185],[21.381578422583342,61.42441079350858],[21.381412277744694,61.424264307258134],[21.38118391519439,61.424149203217205],[21.38087699386264,61.42405679659163],[21.38051955234153,61.423985022488026],[21.380124544561657,61.42392256080961],[21.378857776064212,61.42375024190383],[21.378442432854428,61.4236880447104],[21.37804639966815,61.42361926875067],[21.377679884772117,61.42354149629261],[21.377025557557165,61.42337211099615],[21.376651260357953,61.423299968252344]],[[21.339818716668102,61.4119287582035],[21.34221371488665,61.41065859804218],[21.34362363253817,61.40905027153],[21.34266947732382,61.408831878276736],[21.33971032943377,61.410077888183274],[21.336911982666976,61.41043745588605],[21.331535118964762,61.41062974598893],[21.328505826476768,61.41157489847447],[21.32823199350852,61.41239701698905],[21.331824137245718,61.411773077415496],[21.3354320522864,61.41174510322846],[21.33536721695427,61.41346905043338],[21.33656807226935,61.41369778757303],[21.338064014946845,61.41298619021247],[21.339818716668102,61.4119287582035]],[[21.47448899337208,61.35556981531024],[21.474149413053617,61.35554516580732],[21.473780092544608,61.35553956679419],[21.473390292570617,61.3555483384349],[21.472295151240292,61.35559824546046],[21.471810435594517,61.355607198481096],[21.470317543774744,61.35560855961225],[21.46981696783187,61.35562126051182],[21.46929058035542,61.355652472800635],[21.468770548548566,61.35570184552027],[21.46826073276683,61.355768777586455],[21.467878849815328,61.35583158394077],[21.467502663178127,61.35590084266086],[21.46663085343029,61.3560682766156],[21.466142524574757,61.35616704590007],[21.46567589129026,61.356275393435254],[21.465245679831657,61.356401408867626],[21.46490945434122,61.35653380320992],[21.464623026634683,61.3566860146055],[21.464559068311353,61.35673505414757],[21.464368826006396,61.35688091806888],[21.464196616696967,61.35709510153919],[21.464122783110692,61.35730707499394],[21.46413973430069,61.357551704912595],[21.464234645245398,61.357817554748806],[21.46439231288074,61.358090641789246],[21.464598562828833,61.35835715221343],[21.46474677153346,61.35851164034747],[21.46477702450687,61.358543175639696],[21.464976209382357,61.3587127267167],[21.465195339635184,61.35886086219453],[21.46543308619435,61.35898535777692],[21.4655135212156,61.359017379130194],[21.46570654375524,61.359094222085375],[21.465947410511365,61.359165740268864],[21.46612324895475,61.35920051807351],[21.466203285826357,61.35919698552575],[21.46625309536993,61.35917999864086],[21.466422045699296,61.35916032911885],[21.46669254472322,61.35913848790926],[21.467048528481516,61.359116445939236],[21.468820006007736,61.35903343634076],[21.469478233057764,61.35898687269255],[21.47017061515628,61.35891310383762],[21.470805707998313,61.35881543513384],[21.471346291787807,61.35869709350109],[21.471780029418014,61.358559114203466],[21.47198489318434,61.35847694570933],[21.472177761966623,61.35838793823995],[21.47249350912186,61.358217114762525],[21.473093742965524,61.35785161191963],[21.47358222909383,61.35756579062086],[21.473981822876738,61.357331976684684],[21.474289824129187,61.35713800687185],[21.474578959710666,61.35694259970789],[21.474840727798753,61.3567471476114],[21.475063803105115,61.356553152074845],[21.475233227769817,61.35636238958775],[21.475329439804476,61.35617709521856],[21.4753377301207,61.35602074579714],[21.475273045899876,61.35587722738531],[21.4751348757476,61.35575366779248],[21.47498018556474,61.35567786158031],[21.47478734399651,61.35561934008523],[21.47448899337208,61.35556981531024]],[[21.520807413315612,61.315621647712],[21.520845225576984,61.31566340256739],[21.521062168962565,61.31585041640491],[21.52131510611631,61.316033688417896],[21.521597630823223,61.31621145541988],[21.521905926458057,61.316381244522994],[21.52225879159937,61.316544713075714],[21.522666626234372,61.316681546829635],[21.523128224469225,61.31678798955337],[21.523623448605623,61.316854270905445],[21.524132125883092,61.316871435687275],[21.524530425404915,61.31684683459087],[21.524909589339963,61.31679234840631],[21.525255832517743,61.316713754116314],[21.525666019315835,61.31657719525993],[21.525970939583956,61.31643733855043],[21.526153354868764,61.31632482941818],[21.526190948673566,61.3162684906028],[21.5262761800047,61.31626230898377],[21.52653388836935,61.31626232697005],[21.527447730506044,61.31627316909611],[21.53128450971093,61.31634141085139],[21.531769749906196,61.31634434337623],[21.53220505778653,61.31633358413984],[21.532628075631607,61.316302638012935],[21.533080050396205,61.31623812076529],[21.53351148919081,61.316144824899666],[21.533918777798746,61.31602619203667],[21.53428984044688,61.31588772256582],[21.534633647122934,61.315730879393655],[21.53494917030947,61.31555867304495],[21.535233174681455,61.31537268220921],[21.535433468869947,61.31521773528863],[21.536428347321905,61.31436983252701],[21.536966483353098,61.31389990899926],[21.53722604760779,61.31366271656409],[21.53742015949563,61.313476027435826],[21.537444881867685,61.31345058372483]],[[21.420079601610873,61.39180232655434],[21.420128320578016,61.391803345773575],[21.420265052145655,61.391822479478506],[21.421113337435038,61.39195997951294],[21.42151023709243,61.39200661928303],[21.422047160836126,61.39203732396084],[21.42261958847869,61.39203173248629],[21.42313885662816,61.39199295635713],[21.423162552851096,61.391991187114314],[21.423687852193268,61.39191926759416],[21.42417276420175,61.39182062508625],[21.42458980755971,61.39170383947982],[21.424945877190165,61.39157763183777],[21.425315676981445,61.39143683159189],[21.4256708985186,61.39129128036878],[21.426000216086127,61.391138432010386],[21.426290502156675,61.39097505888901],[21.426526141046327,61.390797165193234],[21.426686089330357,61.39061614983618],[21.42680259884237,61.39042306938187],[21.426892441219728,61.390221777521646],[21.427047890616468,61.38980704467313],[21.42713800082688,61.38959898997305],[21.42726584943134,61.38936727516923],[21.42746907120688,61.38899894277986],[21.427555729728894,61.38880208318034],[21.427603458057508,61.38860647391544],[21.4275983192758,61.388413365091964],[21.427580755437923,61.38835254547398],[21.427543848518944,61.388224750599214],[21.427445375098756,61.38804418846771],[21.427305402830513,61.387875925272],[21.42712371701082,61.38772512733564],[21.42692622186375,61.3876105942409],[21.42669715820917,61.387518557511385],[21.426560940901997,61.38748444445297],[21.426438576397338,61.38745380040304],[21.42612796002435,61.38741885914151],[21.42579436044155,61.38741688031894],[21.42567997058431,61.3874256704836],[21.425447286138592,61.38744355178703],[21.42509522887918,61.387496177594066],[21.42470864896635,61.38758163418152],[21.42432662176506,61.38768920573658],[21.423949980184656,61.38781244167861],[21.42357949467637,61.38794613543152],[21.423215964118032,61.38808598344097],[21.422565083888177,61.38834728703155],[21.422413319639777,61.38840475006705],[21.4215470152574,61.38866437467296],[21.42153540635964,61.388667292278605],[21.42108922363163,61.38875317191831],[21.420625267900416,61.38882615400293],[21.419674495301294,61.38895717457834],[21.419201935214808,61.38902664331497],[21.418741081779533,61.38910679066951],[21.41830028039944,61.38920451888085],[21.417938644170047,61.389307788638156],[21.417590425005827,61.38942425815736],[21.41724740770638,61.389548476225706],[21.416564995423954,61.38980693093207],[21.416232226434254,61.389942722916416],[21.415912908074738,61.39008483183125],[21.41559616774078,61.39024393492398],[21.415306924694388,61.390411434672316],[21.415051646549507,61.3905869431746],[21.415010885283028,61.390622230493804],[21.414839539562905,61.39077056422857],[21.414663879771155,61.39098561355962],[21.414552482260174,61.39120603761265],[21.414505447729216,61.39142647989405],[21.414529131248717,61.391641339094214],[21.41463683067815,61.391844310473594],[21.414790521656926,61.391992140215464],[21.4149975998029,61.39212866854546],[21.41524859431018,61.39225406605787],[21.415536244660693,61.39236786621256],[21.415900746035387,61.39248253930607],[21.416295383056525,61.392582324438514],[21.416711685365335,61.39266770170476],[21.417157260923414,61.39273321012896],[21.417643337664053,61.39276633082315],[21.418145325973626,61.39276173857759],[21.41870770192053,61.39270638782062],[21.419217260117808,61.392603483871355],[21.41963631797312,61.39246184328402],[21.419933549591892,61.392291899835875],[21.420088565538983,61.392124486817174],[21.420150027921107,61.391970495126095],[21.420141995188658,61.3918551024999],[21.420079601610873,61.39180232655434]],[[21.40864785811748,61.39515509861095],[21.408179437552754,61.39513190345837],[21.40768283974505,61.395133141271955],[21.407167215786345,61.39515244842427],[21.40663948115853,61.39518529537911],[21.406104940724227,61.39522868300535],[21.405567815283188,61.39528091674692],[21.405031696532475,61.39534146605656],[21.40449992506162,61.39541089716994],[21.403975956436305,61.39549088280236],[21.403463692006483,61.39558427250227],[21.402967284061656,61.39569354190053],[21.40248545690723,61.395816832113894],[21.402017559567412,61.39595194187995],[21.40156407903317,61.39609782936472],[21.401126699249364,61.39625452371056],[21.400696339827824,61.396426418904014],[21.400279486140814,61.39660660192671],[21.398648843250253,61.39735000327321],[21.39711111484993,61.39800614750181],[21.396740299573104,61.39817465431262],[21.396386160001196,61.39834989926234],[21.39604398458873,61.39854023859767],[21.395723293108258,61.39873879662417],[21.395421214456377,61.39894363493607],[21.39513678370085,61.39915330247108],[21.39487114371244,61.399366758354574],[21.39462791739568,61.39958331709076],[21.394415655953097,61.399805896398156],[21.394264635350236,61.400060353590575],[21.394200816360033,61.40034262108769],[21.39422657245557,61.400587294773445],[21.394322306884565,61.400833940583915],[21.394503652905684,61.40110413817014],[21.394736339374024,61.40135710108421],[21.39499051086186,61.40158391179873],[21.39523722807994,61.401775604456894],[21.395447990649767,61.40192313705847],[21.395645940863307,61.402048753370906],[21.39573904919798,61.40203795658126],[21.39601806139245,61.40202575512475],[21.39865494886815,61.40193725157773],[21.399028305074953,61.401920592193065],[21.399667295238032,61.40187694235175],[21.3998552970406,61.40185744753633],[21.400260143816517,61.401815466647825],[21.400776739744032,61.401739058092794],[21.40120043658981,61.4016500315306],[21.40158025592667,61.40154469229843],[21.401914680448563,61.401419998034484],[21.402189864590696,61.401272033209295],[21.40229386191501,61.401188285017724],[21.40236141848346,61.40113388154681],[21.402500849831764,61.40098215279003],[21.402623551974425,61.40082107242806],[21.402927256189546,61.400393659019464],[21.40309126103153,61.400180852179794],[21.40327345290489,61.3999761345679],[21.403482631613542,61.39978560072884],[21.403729392570064,61.39961627156674],[21.4040268101875,61.39947654461971],[21.404388851619284,61.3993716012216],[21.40479926776238,61.399295023821445],[21.405241498482,61.399236499276],[21.40528750325949,61.399231637651795],[21.4061663233679,61.39913876583328],[21.40662388723912,61.39908346036324],[21.40706126205969,61.39901283190155],[21.40740573513804,61.39893532247823],[21.40771872046599,61.398840652545054],[21.40799184097331,61.39872847886775],[21.408265455079768,61.39857043159083],[21.408449443855183,61.398439462597146],[21.408616572089045,61.39829888701932],[21.408760150359832,61.39814909709735],[21.40891225377806,61.397930503668576],[21.409013732692852,61.397726431096174],[21.409257296582446,61.39723661308224],[21.409406359410827,61.397012042712994],[21.4095749659353,61.396823161342304],[21.409951648503103,61.39646767996881],[21.410117459956865,61.39629776339916],[21.410237463883917,61.396131586589895],[21.41028482383633,61.3959685741086],[21.410240678223932,61.39581406662085],[21.410118163922892,61.395665321829725],[21.409931788961067,61.39552585438165],[21.40969197965784,61.39539995669023],[21.409405528279315,61.39529292441563],[21.409075947309383,61.395211310476036],[21.40864785811748,61.39515509861095]],[[21.36605793603692,61.419542069301876],[21.3659505705041,61.41953666060069],[21.365448532055517,61.419541300651574],[21.36289906114052,61.41962495081519],[21.362384064906152,61.419645588954396],[21.361871964617247,61.41967163626179],[21.361364759171824,61.419705873428775],[21.36086481384752,61.41975178588303],[21.36037504787064,61.419813762410996],[21.35989309132526,61.41989624660551],[21.359422296379677,61.41999551461788],[21.358960723075302,61.42010772981515],[21.358507403180443,61.4202302579545],[21.358062301193154,61.420361477459295],[21.357999711312452,61.42038145961108],[21.357626349819217,61.4205006557963],[21.357201519049436,61.42064786865374],[21.35678581571925,61.42080501261693],[21.356383387167035,61.42096917643608],[21.355994438119083,61.42113902217971],[21.355620800726882,61.4213138322514],[21.355266124179973,61.421493447987245],[21.354936200313084,61.42167825621323],[21.354639390501067,61.4218691872136],[21.354387189047532,61.42206775797562],[21.354194926559185,61.42227613114428],[21.354078978212296,61.422487638620645],[21.354023324880444,61.42270732908572],[21.354018472017817,61.422932155048976],[21.354058769183116,61.423159441269654],[21.354149013432384,61.4234069519611],[21.354276754655753,61.42365276904709],[21.354432104859995,61.42389511030142],[21.354607947168443,61.424131944229465],[21.35514803075844,61.42476029028073],[21.35527400544786,61.42495985692453],[21.355341035866854,61.425168375977464],[21.355360972511846,61.425380782126304],[21.35534456649634,61.42580401670793],[21.355349454461784,61.42600730638632],[21.35539216200876,61.426198876649075],[21.355497650867402,61.426372775954256],[21.355664309839803,61.426509299445506],[21.35589155935725,61.42662398839143],[21.356168447358964,61.42671405859002],[21.356486879465923,61.42677516957134],[21.356896721814447,61.42680555761497],[21.357340361466406,61.4268003556012],[21.357806762408295,61.426767689809004],[21.35828712871542,61.42671323873027],[21.358774222603262,61.42664058455412],[21.35926178004812,61.42655148230253],[21.35972608665008,61.426451453606695],[21.36018588013105,61.42634081899097],[21.361093043499856,61.42610072119084],[21.36242004474285,61.42572474651918],[21.36278777291107,61.42561725619595],[21.363144207350068,61.42550581080734],[21.363482691233884,61.425385257292746],[21.363824951255488,61.42523871719677],[21.364142350117877,61.42507822414049],[21.364439062441853,61.42490667801227],[21.36471789194821,61.424726258367684],[21.364980342840525,61.42453850752148],[21.365226664200318,61.4243444071141],[21.36545582869922,61.42414442314565],[21.36568665597811,61.42391850126115],[21.365900182919745,61.423687446959704],[21.366101377043982,61.4234528004284],[21.366760284313692,61.422647161459224],[21.367025280819888,61.42233669898896],[21.367302831071353,61.42202594698022],[21.367584927254214,61.4217280952978],[21.367876057516202,61.42144118158766],[21.368140500661116,61.421195959],[21.368357451184163,61.42100547639767],[21.36850676714289,61.42088301187574],[21.368569958291257,61.42084245392203],[21.36857054048468,61.42078952435529],[21.368534440931555,61.420662243276055],[21.368451658347848,61.42048347856539],[21.36831081301409,61.42027675281278],[21.368099823297836,61.420065970710276],[21.367805538035192,61.419875683680885],[21.367422807828653,61.41972796124823],[21.366967243012212,61.41962479164425],[21.366466564364764,61.41956265585501],[21.36605793603692,61.419542069301876]],[[21.428058926597725,61.384480068619645],[21.42824322394703,61.38447488738502],[21.42829962104721,61.384484765356014],[21.4283845507068,61.38446796781573],[21.42865675732902,61.384444999265476],[21.430196592473116,61.384340862413225],[21.43082174824895,61.38428962120927],[21.43142659616958,61.384221456023845],[21.4320170527916,61.384132363612466],[21.43251143706896,61.384034967298454],[21.43255835881823,61.38402572370285],[21.43304051469263,61.3839041353375],[21.43344285887316,61.38377263389412],[21.43377217584171,61.383632151016904],[21.43406494160634,61.38347659756361],[21.43434594935545,61.38328219761225],[21.43458062503972,61.38307220821829],[21.434774489060715,61.382851176322205],[21.4349288253994,61.38262236431689],[21.434993065719294,61.38248816196834],[21.435040972204458,61.382388077918236],[21.43510439521173,61.3821499284011],[21.43511477358564,61.381935281649405],[21.435088097012027,61.38171991649457],[21.435031767195664,61.38150516263579],[21.43495099553754,61.381292300399274],[21.434849188453594,61.381082641356066],[21.434728299042902,61.380877597653736],[21.434574351785496,61.38064968714502],[21.434433026290137,61.38042076246413],[21.4343406172111,61.380206451862826],[21.434282237697207,61.37998598897333],[21.434253285444107,61.379761170489274],[21.434250761094262,61.37953361044552],[21.434273139245395,61.379304832138665],[21.434320255693706,61.379076374209326],[21.43439456727419,61.37883957824124],[21.434661604259297,61.37815295484371],[21.434723503928183,61.37793813528489],[21.43474789418156,61.377735250151744],[21.43471662810242,61.377548801117996],[21.434607588786925,61.37738471453699],[21.434431281802738,61.377269100481904],[21.434388590086886,61.377241104983185],[21.434082987568523,61.37712661591548],[21.43371564657787,61.3770392179724],[21.433306317939216,61.37697949187063],[21.43287091175791,61.37695070230385],[21.432422615782635,61.37695899594812],[21.4319981277859,61.37700574801684],[21.43157587689567,61.377084542293865],[21.431159045629727,61.37718870966778],[21.43075079152568,61.377313626734846],[21.430334493172257,61.37746306620704],[21.42992849661888,61.37762647154599],[21.429530470644586,61.37779958977967],[21.429138541458137,61.3779792955512],[21.428751228671278,61.37816332928438],[21.427986173209693,61.37853846088047],[21.427282343181236,61.3788936221131],[21.426105391961517,61.37948750068894],[21.42500239342496,61.38006224557101],[21.42429328976316,61.38045435493333],[21.423953164970577,61.380655788488326],[21.423384258245804,61.381019923694446],[21.422550095288663,61.38157562245397],[21.421349368580277,61.382349606462085],[21.421061455892687,61.38254621858959],[21.42078839306255,61.382746321232986],[21.4205340987106,61.38295228261084],[21.4203022927248,61.383161936407234],[21.42009526652726,61.383374170019486],[21.42001660654985,61.3834687997642],[21.41991760505714,61.38358789949518],[21.419776581844506,61.38380196968493],[21.4196730785654,61.38403543244347],[21.4196250752087,61.3842624642098],[21.41963677336543,61.38447684746811],[21.419718634038947,61.384670792329885],[21.419888349041813,61.384834268097904],[21.420155265840677,61.38495630744304],[21.420503781746344,61.385044320773986],[21.42091198953551,61.385103425964815],[21.42136282914189,61.38513620784934],[21.421756273264176,61.3851415882945],[21.42184301569727,61.38514277403505],[21.422336174374557,61.385123123235516],[21.422846225512348,61.38508224352699],[21.423430650381814,61.38501893918254],[21.424086109400196,61.38493808079733],[21.42617887044156,61.384666736237634],[21.42682036713612,61.384590420675444],[21.427384665590107,61.384531442697906],[21.42776659508681,61.38449884214915],[21.428058926597725,61.384480068619645]],[[21.501813770944352,61.399370937968754],[21.501345873487328,61.39933890634935],[21.50084345965539,61.39933858217863],[21.50033710269311,61.399363803623665],[21.49879990556832,61.39948637099387],[21.49828105948652,61.39951126755369],[21.49787310113883,61.39951623175571],[21.4961599935474,61.3994864329277],[21.495684110723346,61.39948882178828],[21.495208471259982,61.39950271086846],[21.49467260924086,61.39953566935341],[21.494141262774054,61.399586140161475],[21.49361665961283,61.39965342987516],[21.493101645677427,61.399738330887246],[21.49260930535989,61.399839199987575],[21.492126158264895,61.399954015180185],[21.49164953263435,61.40007884313946],[21.490708669063263,61.40034731673734],[21.48977866757293,61.40062854900932],[21.488412819171653,61.401055746468764],[21.487552584823298,61.40133753120818],[21.487188946503903,61.40146569506305],[21.486859409809917,61.401599118889514],[21.486580833809217,61.40174450170367],[21.486372588555938,61.40190243192676],[21.486223252326717,61.4020722873774],[21.48612773696678,61.40224816087975],[21.486084883270085,61.40242438131622],[21.486097509233737,61.40259521950638],[21.48617260658285,61.40275457308604],[21.486321660762112,61.402895653675635],[21.486555816389846,61.40301410959383],[21.486858387486027,61.40311298850568],[21.48721020134194,61.40319823049494],[21.487595317094478,61.40327509075599],[21.48841235253368,61.40342296874826],[21.488820489390665,61.4035036727369],[21.489163389598794,61.40358273789591],[21.48948720098051,61.403672197796254],[21.48978390141055,61.40377421983719],[21.49004408781535,61.40389164620644],[21.49030616893544,61.404061278594135],[21.490514204781178,61.40425257521326],[21.49068461747221,61.40445923252919],[21.491124199476715,61.4051255329438],[21.491350436683586,61.40537169255432],[21.491661024438958,61.405622200525805],[21.492059495150073,61.40586532953229],[21.49251488126262,61.40609202448927],[21.492992339592874,61.40629756078175],[21.493457649528786,61.40647706225374],[21.493877372773085,61.40662541678458],[21.494218655087636,61.406737295151885],[21.494448916386794,61.40680718598763],[21.494535881282783,61.40682917267172],[21.494556286978085,61.4067867962332],[21.494666433938292,61.40671329968835],[21.49485860554032,61.40661711957178],[21.49512764043392,61.40650896853623],[21.4954691880159,61.40640027511068],[21.495969749723205,61.406281647304006],[21.496542583126494,61.40617684829377],[21.49774345182429,61.405983536542315],[21.49830779649631,61.40588750135009],[21.498819835086426,61.405793154262795],[21.498906504023257,61.40577507657161],[21.499268757493216,61.40569951501395],[21.499694537830216,61.40559384947298],[21.499997734053647,61.40550578388599],[21.500289766814035,61.40541254303667],[21.50084252006984,61.40522313934266],[21.501100028325702,61.40512504918969],[21.501339825308857,61.405018137496704],[21.501631156184875,61.40485316981541],[21.501890796843288,61.404670358857366],[21.502129514336875,61.40447590451132],[21.50277043723312,61.40390211175807],[21.50280373073275,61.403872305526704],[21.503038563778215,61.40367928374347],[21.503290445243433,61.40349815519588],[21.503567566078782,61.403334459759456],[21.503879409851372,61.40319473366474],[21.50422340689109,61.4030850375043],[21.504979201764332,61.40289917755982],[21.505350988245713,61.402801251705796],[21.505710935953218,61.40269147338172],[21.50604781285144,61.40256806049438],[21.50634869764122,61.40242853717521],[21.50660646642041,61.40226814686571],[21.506816069447314,61.40209371067351],[21.506979114905818,61.401910554307435],[21.50709359004665,61.401723501356145],[21.507153645157043,61.401537130053114],[21.507149247963316,61.40135604097463],[21.507065715027995,61.401185108929994],[21.506886480138586,61.40102430573879],[21.50663104005446,61.40087488733227],[21.506321776379625,61.40073259884012],[21.505976870894205,61.400593697672825],[21.50523782444587,61.40031265231937],[21.504443742120365,61.40000143274648],[21.504031678398682,61.39985357573051],[21.503613337757734,61.39972418822375],[21.503178665234675,61.39960961752757],[21.502731932522387,61.399510813239175],[21.50227624812326,61.39943001976704],[21.501813770944352,61.399370937968754]],[[21.35282952708842,61.4138094519195],[21.353090010551018,61.4138178798403],[21.353402817949785,61.41384186799579],[21.35418425685228,61.413913985506824],[21.354638491762145,61.41395026370754],[21.35510993140528,61.413980088369854],[21.356752126271896,61.414042673246634],[21.35717881965343,61.41407654464859],[21.357465078042782,61.414113895865704],[21.35803566455963,61.41419762167468],[21.35827398728596,61.414224219440115],[21.358520006838027,61.41424241646945],[21.35897919112634,61.41424987781774],[21.359454004459636,61.41422949517618],[21.359936321173922,61.414186223367274],[21.360418532710312,61.41412280474244],[21.360892911911275,61.41403999119402],[21.36135098044728,61.41393667629553],[21.361785897583033,61.413811433813756],[21.362194816176956,61.41366887936732],[21.36257548840954,61.4135135571674],[21.362922759645805,61.41334865934592],[21.363228123839015,61.41317629285219],[21.363479120903005,61.41299768576872],[21.36365855465243,61.41281332674792],[21.363743538465584,61.41262306035094],[21.36372128422769,61.41243809025557],[21.36362171666491,61.41224828096423],[21.363472622924643,61.41205431738402],[21.363121437218272,61.41165516563117],[21.36296391518073,61.411450033794466],[21.36286327180726,61.41127803259037],[21.362796632811015,61.4111055841579],[21.36277049260506,61.41093498086745],[21.362793130341107,61.41076867741193],[21.362897689191133,61.41057098152664],[21.36307278576651,61.41038562973385],[21.363302126156444,61.41021518088731],[21.363573725347532,61.41006356455468],[21.363879260450428,61.40993637550303],[21.364213561492086,61.4098412386838],[21.364574231178167,61.40978822996769],[21.364929264429524,61.40978369260385],[21.365302064779225,61.40981362243703],[21.365689359147016,61.409867613233494],[21.366924012006198,61.41009002126008],[21.36736052207928,61.410159947515574],[21.367865511520282,61.41022368813597],[21.36789744534986,61.41022674703188],[21.368384467266587,61.410273398677056],[21.368913376602343,61.4103116604953],[21.36944925755307,61.41034031918354],[21.36998991654967,61.410360515904934],[21.37053376679289,61.410372725750165],[21.371088057985013,61.41037726649557],[21.372199972854602,61.410369229030174],[21.372382885416002,61.41036548467599],[21.373312968796167,61.41034644232275],[21.374423263804264,61.41031207996545],[21.37552477566638,61.410261946676364],[21.3760688459382,61.41022721438858],[21.376605493099238,61.41018253777488],[21.377131404923208,61.41012402721929],[21.37764209080073,61.41004647431283],[21.378113472816345,61.40994990520667],[21.378567246520248,61.409833979590395],[21.37900370357912,61.40970162783285],[21.379421439421105,61.40955441930476],[21.379827542909105,61.409389469549474],[21.380213380381793,61.40921291530078],[21.380579458511967,61.409027289862856],[21.380923940222996,61.40883420049412],[21.381242415982793,61.408634451279404],[21.381527516089474,61.408428131511386],[21.381768374240657,61.40821466460456],[21.38194991048088,61.407992827915656],[21.382048753443375,61.40779130299219],[21.38209640185037,61.40758469647122],[21.38209902881332,61.407375490753964],[21.382059715048637,61.40716604017291],[21.381978578282165,61.40695870777048],[21.381838810557028,61.406734696811334],[21.38164938952148,61.40651885846483],[21.381411185659147,61.40631431764202],[21.381148219315527,61.406138209063705],[21.380851635157264,61.40597381759109],[21.380529599896047,61.405820642314104],[21.380188404498085,61.40567892018601],[21.379832855136936,61.405549644903346],[21.379466640143967,61.40543459379387],[21.379111583905487,61.405338819328044],[21.378422349825385,61.40516441591082],[21.378109871541497,61.405072273849335],[21.377834656662426,61.404967863041435],[21.377573883940936,61.404827689035024],[21.377352071373085,61.40467411710929],[21.377143094367067,61.404518882216365],[21.376921388827807,61.40437401688377],[21.37666054516233,61.404252546330966],[21.37632575069882,61.40416236510117],[21.375939140305313,61.4041064117034],[21.375519209312955,61.40408021292638],[21.37508202803957,61.40408190270867],[21.37464219348713,61.404112150875484],[21.37421372930081,61.40417418063821],[21.373807301063263,61.40426923185444],[21.373004990026846,61.404507597419254],[21.372078610616036,61.40476832247706],[21.371650896056014,61.4049018738997],[21.371230922596613,61.40504647524655],[21.37082180769127,61.4052001983034],[21.370427557086927,61.40536198882972],[21.370053350353434,61.405531572204],[21.369705872009273,61.40570939786565],[21.369393649985934,61.40589660566264],[21.369152016500802,61.406069577133835],[21.368710305436537,61.40641979983425],[21.3684788503712,61.406586277265184],[21.3682188644047,61.40673937663186],[21.3679728621118,61.406852724294964],[21.367702681157628,61.406956838395594],[21.367414857551406,61.40705571469984],[21.367003287753086,61.40718781055384],[21.365714237757217,61.407586220305184],[21.365288073299453,61.407725348158905],[21.36487385344423,61.407870577533195],[21.36411230941047,61.40816203881206],[21.363728174875874,61.40830092482592],[21.36332587125782,61.40842493794038],[21.36286735625238,61.40853384425324],[21.362382318329878,61.408622774762186],[21.361877980570174,61.40869718236229],[21.361360100586587,61.40876141143748],[21.360833353293486,61.40881898017672],[21.359237643147978,61.40898009878951],[21.358712485321536,61.40903887141515],[21.35819747021194,61.40910525020266],[21.357697908605715,61.409183208640236],[21.357220491751328,61.40927775611502],[21.35677377036837,61.40939528998837],[21.356367583942088,61.40953971490813],[21.355991644993548,61.409706897643325],[21.35563752480961,61.40989064436921],[21.35529859425556,61.41008611866481],[21.354969592426755,61.410289526568825],[21.354002026077133,61.41091914408671],[21.35367443691593,61.41112763524721],[21.353338391229645,61.41133151455285],[21.352989630842284,61.411527974627475],[21.352672299957995,61.41169083095158],[21.35234293652778,61.41184490395563],[21.352002417091242,61.41198907788397],[21.351651011561906,61.41212160506006],[21.35128839433742,61.41224001362908],[21.35091366514685,61.412341003103336],[21.35056929474196,61.41241516372421],[21.34986708025058,61.41255133975955],[21.34948942949673,61.41263786327404],[21.349117275638914,61.412736105553435],[21.348752760967518,61.41284384166328],[21.348398799887764,61.412959188480315],[21.348016547450285,61.413096225481006],[21.34765778501665,61.413237186815195],[21.347330312264845,61.41337837040561],[21.347045662326373,61.41351579947653],[21.34682029521813,61.41364489782755],[21.34667713678542,61.41376009306498],[21.34664751951871,61.41385436810876],[21.346772245324278,61.413925775320656],[21.347032763881703,61.41397099515094],[21.347449642652638,61.41399517430294],[21.348024123349234,61.414001715993074],[21.348705751647106,61.413994701117495],[21.34944493090807,61.4139780804217],[21.350193571003445,61.41395553706294],[21.35235205011581,61.413873667358],[21.352440394453684,61.4138736747707],[21.352484591627878,61.41384271742381],[21.3526182136954,61.41381950649245],[21.35282952708842,61.4138094519195]],[[21.519714200149068,61.38273606658709],[21.519310684364697,61.38271365816471],[21.518906351294163,61.382719497186926],[21.51851111748578,61.38274970322519],[21.51813587563912,61.382802220956606],[21.517793140872552,61.38287675088873],[21.51749774008445,61.38297473402018],[21.517267560400708,61.38309940637376],[21.51712014181125,61.38324745974675],[21.51703163679695,61.38341807356286],[21.51698332545435,61.38360570518109],[21.516945906677204,61.38399801307006],[21.516923595279536,61.38423193830335],[21.516886639851368,61.38446071324955],[21.51683402259435,61.3846928744348],[21.516769198222356,61.3849271566311],[21.516695047801406,61.385162559414766],[21.51652754964163,61.3856334448405],[21.516332655907977,61.38612248048507],[21.516215123025884,61.386372770096706],[21.51607418853046,61.38661557083817],[21.51589721851718,61.386847496493566],[21.515673038689933,61.38706668763415],[21.515412631512323,61.38727245768175],[21.515405690118488,61.3872771800222],[21.51512884723844,61.387465516777425],[21.514842769959024,61.387636349522175],[21.51453303059651,61.38778779974255],[21.51428050715102,61.387877377439466],[21.514185612462423,61.387911038678084],[21.513767445328387,61.388002907107015],[21.51330500246717,61.388063610152834],[21.512810993425234,61.388102874481895],[21.51229556179285,61.38812872206856],[21.51123262052105,61.38816713576015],[21.510824349271164,61.38818634799419],[21.510699078588388,61.38819224281905],[21.51017336156434,61.388230058091075],[21.5096632803868,61.38828825154657],[21.50964034285093,61.38829217325542],[21.509234541830654,61.388361551243754],[21.508826445152206,61.388454073591866],[21.508441988452226,61.388563419302855],[21.50827126178787,61.38862330684311],[21.5080860568398,61.38868827167479],[21.507765776390904,61.38882835784004],[21.507490945906884,61.38898442665756],[21.50725855883541,61.3891691787354],[21.507089662932657,61.389368722047394],[21.506986058576764,61.389578676578566],[21.506951344385485,61.389773340612564],[21.50696638853473,61.38997055660584],[21.507025823756877,61.3901675593498],[21.507068375827576,61.39024899286094],[21.507127239890906,61.39036163852859],[21.5072710449514,61.390550000796665],[21.507450898782658,61.390724030275216],[21.507665469056203,61.39088940036772],[21.507909031098286,61.39104525457092],[21.5087834432707,61.39151588912538],[21.509045159316454,61.39168315313461],[21.509286404218038,61.39186108716327],[21.50951071428624,61.392047159685575],[21.50972106315204,61.39223919976806],[21.5099199484962,61.3924352988891],[21.51053015552845,61.39308320538391],[21.510759390579263,61.39329847561383],[21.51102170790577,61.393500556245094],[21.511340897280988,61.39369014575208],[21.511703008155024,61.3938611247376],[21.51209887049142,61.394014378326766],[21.51252202677808,61.39414924007215],[21.512947839227063,61.394262146626424],[21.513382292049993,61.39437074015917],[21.514184326126554,61.394590223891385],[21.514627560124215,61.39470370409675],[21.51511220803648,61.39480938192377],[21.515621110891125,61.39489775888798],[21.516137133997827,61.39495940704621],[21.5166429433411,61.3949856970573],[21.516919191846654,61.394982241457676],[21.51730362064767,61.394952153396474],[21.517646110965536,61.39489801796441],[21.51778581822596,61.394863738094955],[21.51793307282682,61.39482760578656],[21.518188337092216,61.39473528500264],[21.51833890287757,61.39465402364529],[21.518373851616744,61.39460321006206],[21.518462185166026,61.394592016429115],[21.518666456890873,61.39454170379994],[21.5189587783107,61.394454169025884],[21.519309261811276,61.39433044346593],[21.519687281104968,61.394171244452814],[21.52006993357118,61.39397560001699],[21.52043901742763,61.393753721441556],[21.520788749669027,61.393516968764864],[21.521416410895043,61.39304822600089],[21.521697884989667,61.39282894115868],[21.521930247640917,61.3926304206364],[21.522130684960054,61.3924277921355],[21.5222849327071,61.39222078858052],[21.522663770081007,61.3915744989832],[21.52281995103722,61.391366079131544],[21.523574505730434,61.39070476278142],[21.524262055611825,61.39018296370435],[21.52475177097994,61.38977990525337],[21.524916308196257,61.38963253638382],[21.52498235695269,61.38957337845784],[21.525223310535832,61.38934080074667],[21.52567088573582,61.38886599550361],[21.526087068370284,61.38838336086004],[21.52647840355581,61.38789678621253],[21.52666383249073,61.387652904623415],[21.52710209191549,61.38703755918928],[21.52724368859528,61.386854974886546],[21.527455512459287,61.38661790995409],[21.52814416987968,61.3859325200188],[21.52834257470807,61.385710198730884],[21.528496063044827,61.385490837232744],[21.52857870081575,61.38529669428085],[21.528596662901982,61.385109187220586],[21.528536114422014,61.38493260075464],[21.52837935347006,61.38476555926555],[21.528143013451242,61.38461443460468],[21.527846134420308,61.38447920871985],[21.52750307989283,61.3843610969289],[21.5271243591162,61.38426260989777],[21.526717334006108,61.38418765234461],[21.526290450189364,61.38413836565918],[21.525401442814594,61.38407093492532],[21.524953457459652,61.38402711009883],[21.524573247326124,61.38397305897121],[21.5241971587163,61.38390564926527],[21.52382492524269,61.38382875451931],[21.523456372228818,61.383745895588014],[21.523059237570326,61.38365162734495],[21.522672463971713,61.38355296228586],[21.52230259993505,61.383448507185825],[21.522071278764894,61.38337364807191],[21.521957009689203,61.383336667836886],[21.521272012169746,61.38308236786136],[21.520922294376234,61.3829744718186],[21.520552788549296,61.38288016424182],[21.520139437446257,61.382794803033065],[21.519714200149068,61.38273606658709]],[[21.437921075273437,61.36029510848784],[21.43737457176474,61.36023757188399],[21.436754765697177,61.36022804919991],[21.436140139380836,61.36027378826656],[21.435563259879626,61.36036718406473],[21.43505694779749,61.360499194311686],[21.434643316567826,61.3606604455361],[21.434295297457922,61.36083062843674],[21.433967438391036,61.36101476181554],[21.43365370830609,61.361208505687095],[21.433052021478638,61.36161324624233],[21.432134993350996,61.36227070143825],[21.431876386509007,61.36237669122171],[21.431854808681045,61.36247157081227],[21.431308387316566,61.362863300998306],[21.430184721368548,61.36365143085564],[21.42994001236474,61.363830179458105],[21.42971916634909,61.364010690273865],[21.42953477215541,61.36419555795848],[21.42938894129454,61.364404005329014],[21.429303671095116,61.364618048817725],[21.429282836749632,61.3648351556848],[21.42932519834709,61.36504375975746],[21.42941216831301,61.365253216477655],[21.42975879269702,61.36588960604341],[21.429846586058098,61.366105903221204],[21.429893701414407,61.36631690196934],[21.429894712528643,61.36632143204704],[21.42990502895576,61.36653821567384],[21.42987951345804,61.36675452720212],[21.429817906257686,61.3669685909668],[21.429717603912604,61.36717849178632],[21.429573528285182,61.36738207866318],[21.429373365492975,61.367585435716876],[21.429132529969362,61.367781887665586],[21.428863415424196,61.36797365364242],[21.428751291758598,61.36804624918568],[21.427694021325372,61.368730760907276],[21.427419596908617,61.368926424017154],[21.427169266207514,61.36912865903551],[21.426931263385487,61.36935852249678],[21.426722718757876,61.369596237934005],[21.42653429332987,61.369839343380974],[21.426013637439073,61.3705815176103],[21.42583171535424,61.37082746208867],[21.42563321936489,61.37106972968798],[21.42540913115912,61.37130621969339],[21.425164247898934,61.37152534573758],[21.424894129772273,61.37173881125473],[21.424605155733712,61.37194814835838],[21.42430237257599,61.37215458781184],[21.423989783659547,61.37235913299792],[21.4223813185483,61.37338021066773],[21.422069234304114,61.37358914626034],[21.421768115986424,61.373801657336344],[21.421469775156762,61.3740277532415],[21.421186765257325,61.37425776002523],[21.420918829546537,61.37449063845093],[21.42066760377189,61.374725476639824],[21.42043689231325,61.37496140424149],[21.420233087678167,61.37519749179944],[21.420065744632726,61.37543264567437],[21.419948344036094,61.375665470260756],[21.419940197504076,61.37570340813569],[21.419899245846658,61.375894110963976],[21.419926531278,61.37608930649019],[21.420015822924256,61.37627598266334],[21.420161863454933,61.376450036575406],[21.420363338899637,61.3766063970484],[21.420622795664055,61.37673876468901],[21.42096913410259,61.376848885225684],[21.421370574460767,61.37693043559849],[21.421811785970117,61.37698962965951],[21.422280884596393,61.37703081965446],[21.422768659645122,61.377056709205284],[21.423267891874726,61.377068505252],[21.4237727943797,61.377066002143884],[21.424278531137944,61.3770475879265],[21.424780797267466,61.37701019917046],[21.425312562507315,61.37694606739392],[21.425836368052,61.37686162439215],[21.42635271459623,61.37676189874552],[21.426861731336516,61.37665035566191],[21.42736309994862,61.376529153978176],[21.427855983964438,61.376399352081215],[21.428338946245844,61.37626104403624],[21.428810849008645,61.37611444422931],[21.430196538652215,61.37565584107694],[21.430660926729168,61.37550745332257],[21.43113292993619,61.37536683640532],[21.431616962456452,61.375237933684566],[21.432097696331248,61.37512774537658],[21.432589904004406,61.37502875325292],[21.433089714075468,61.37493760219244],[21.435094160600016,61.374597809283074],[21.435576317922443,61.374506328273334],[21.436039801909192,61.37440628330645],[21.4364106086371,61.374312669915184],[21.43675788519275,61.37420950926829],[21.437075774033204,61.374095640519016],[21.437356713489777,61.37396928752753],[21.43759114293202,61.37382798736454],[21.437794263287202,61.373646376869495],[21.437945493589595,61.37344803375632],[21.438065817817257,61.373238834772714],[21.438287893779552,61.372807716948124],[21.438425133619372,61.372594809463216],[21.438564484465633,61.37242787343991],[21.438732403864208,61.37226786471157],[21.438930839007746,61.37211687552586],[21.439238603196237,61.37193338865055],[21.43958104565819,61.371761813147295],[21.440283591055262,61.371425527626464],[21.44060017679891,61.371246501249225],[21.440801452774313,61.37110415860645],[21.440969696043457,61.37095327380713],[21.441100629013874,61.370794583343205],[21.441208724912038,61.370582945180104],[21.441260686640575,61.370363195155576],[21.441266195829808,61.37013858331649],[21.44123144358258,61.36991196995492],[21.441159522435857,61.36968599470242],[21.44105072139214,61.369463231734606],[21.440927008406153,61.369272895896835],[21.44065224690086,61.36889834380453],[21.440531198691005,61.36871057293268],[21.440441720647645,61.36852002097969],[21.44039185010388,61.36828725744845],[21.440393929128884,61.36804940115445],[21.44043394116831,61.3678078151964],[21.440500439298166,61.36756357828111],[21.440856206913754,61.36657504501081],[21.440928750171356,61.366327804969835],[21.440977818573895,61.36608150782884],[21.440992547962022,61.3658366883039],[21.440969835330733,61.36561303980832],[21.440883975060107,61.36516506141181],[21.440856603740738,61.364942855413425],[21.44084507839976,61.36471884561942],[21.440847414652538,61.36449389661902],[21.440862216566067,61.364268864722256],[21.440888616679196,61.3640446504046],[21.44090641328988,61.36395176708872],[21.441012763919584,61.36339672671296],[21.44103588156056,61.36318782608943],[21.44101971827756,61.362976436405965],[21.440923393414323,61.362719535389324],[21.440756720048864,61.362441342016645],[21.44054235039876,61.36215205617274],[21.440303158364667,61.36186188063425],[21.43983864629385,61.36131997230687],[21.43965414475636,61.36108909990691],[21.43952475595826,61.36089926860931],[21.43946864254158,61.36078662125606],[21.439451101854445,61.36071266824664],[21.439472751526473,61.36068351290873],[21.439400963755894,61.36065203893694],[21.439184998145954,61.36057991215906],[21.438850211775605,61.360484528451124],[21.438420910481202,61.36038360497703],[21.437921075273437,61.36029510848784]],[[21.346086109039256,61.47110451462457],[21.345607932736094,61.47107655561954],[21.345150080576175,61.471064466328386],[21.344720777771784,61.47107380906756],[21.34433068023111,61.47111204134852],[21.34399349298508,61.47118894398038],[21.3437152187113,61.47131510600865],[21.3434901728857,61.47148076792843],[21.34330233896747,61.471675123450595],[21.343287410827564,61.47169469174717],[21.343138628430776,61.47188972573531],[21.342554988345043,61.47279664565771],[21.34239853296211,61.47301675570571],[21.342228810490983,61.473233179977896],[21.342041576361694,61.47344344010487],[21.34183137433477,61.47364467329628],[21.341591197822925,61.47383343549803],[21.341312133857194,61.474005496615256],[21.341021289646314,61.474142899884285],[21.340697064296265,61.47426452587475],[21.340345091187913,61.474371601783155],[21.339898277990343,61.4744814409613],[21.33942878971026,61.474577323022274],[21.338945468550204,61.47466407345636],[21.337492077433144,61.47490914540661],[21.337034788402917,61.47499810545189],[21.336608691311337,61.47509740563747],[21.336228141516553,61.47521198762817],[21.335911365944753,61.475347815086415],[21.335688234567804,61.475497380565095],[21.335529253180983,61.475664121446655],[21.335427575117784,61.47584138866702],[21.33538060407446,61.476023139578],[21.33538993599418,61.47620362680885],[21.33546144464149,61.47637709398958],[21.33560551050749,61.47653748012038],[21.335821906114553,61.4766761639524],[21.33609899812286,61.4768020414284],[21.336418910882994,61.47692025407809],[21.33749635779234,61.47727620608664],[21.33791742906541,61.477432664090365],[21.338331388923642,61.47760027670408],[21.338740419256858,61.47777538495087],[21.339965937383656,61.47831534308914],[21.340385803519393,61.47849081876608],[21.34076722243778,61.478640715588895],[21.341156795783437,61.47878596586664],[21.341953831650468,61.47906534475617],[21.342768139130264,61.47933224436788],[21.343180592508816,61.479461077310035],[21.34504585024876,61.480017468318835],[21.345499079873743,61.48015819479773],[21.345939523242272,61.4803026345144],[21.34636222015091,61.48045244451797],[21.346959773856756,61.480681000235066],[21.34726445280742,61.48078986703318],[21.347650110044473,61.48090874794481],[21.348055603202198,61.48101539090569],[21.348476213013154,61.48111117202775],[21.34890787925523,61.48119680358715],[21.349346991654247,61.48127236583127],[21.349790155353105,61.48133732332903],[21.350274433325712,61.481396236464995],[21.351208619487423,61.48149651972964],[21.351636570596153,61.481549512666035],[21.35201966438034,61.481612538899334],[21.35233925753864,61.48169264346447],[21.35257166566464,61.481798207546476],[21.352691621767132,61.48192114567044],[21.35274882926684,61.48206668345229],[21.352791064543894,61.48240558499614],[21.35282671669247,61.482590193049916],[21.352884749360776,61.48277879214934],[21.352966700714063,61.48296600677828],[21.35307558519292,61.48314612758467],[21.353216286040137,61.483312701923936],[21.353396038693287,61.48345806966191],[21.353624980721055,61.483572843222134],[21.353936191609893,61.483653571751034],[21.35430291778131,61.48369582393165],[21.354711073184735,61.48370776522715],[21.35514931712705,61.483695381744546],[21.355618226985605,61.48365950999733],[21.356148973569994,61.48358757861964],[21.35673075571818,61.483479560691535],[21.357321369162484,61.483344838933796],[21.35789062070103,61.48319214584898],[21.35840892315645,61.483029952419365],[21.35884784686142,61.482866686226124],[21.359181337693975,61.48271125889906],[21.359388315402768,61.48257401533332],[21.359463042618906,61.48246723574844],[21.3594146124074,61.48241942596952],[21.359484922191648,61.48239230790622],[21.36049294275813,61.48206442352848],[21.361000163530733,61.48189314108272],[21.361192637660988,61.48182565467051],[21.36154752605534,61.48170122015146],[21.36210777885377,61.48149479562728],[21.362653361495603,61.48127988558114],[21.363179763974152,61.481053198709205],[21.36363692270245,61.48083551108979],[21.364012309539124,61.48063491698185],[21.364357127714126,61.48043330928263],[21.364678817442243,61.480226406156525],[21.36497098797832,61.480013557571446],[21.365224339175754,61.479793498760976],[21.365426132639122,61.47956431930386],[21.365560850553468,61.479336069332085],[21.365601527202884,61.47922782167746],[21.365649510526545,61.47910012418698],[21.36570388302359,61.478858778356354],[21.36573222027198,61.47861380780114],[21.365739876166355,61.478366622590244],[21.365729773290628,61.478118390682184],[21.36570266402551,61.47787014506219],[21.365657277694197,61.47762288615087],[21.365590290470973,61.4773776651604],[21.36549620180989,61.47713567437156],[21.365367070444325,61.4768983333823],[21.36521889010218,61.47669772049381],[21.365192490715028,61.47666197929847],[21.364982773665567,61.47643061912367],[21.364747458506734,61.476202994710206],[21.36449361558881,61.4759781974459],[21.364466608821058,61.475955708287955],[21.364226320193413,61.4757556194811],[21.36394903802872,61.4755349246954],[21.36337187320553,61.475099118793935],[21.36276585033981,61.47467340476609],[21.362448577923285,61.47446656175168],[21.36213144560765,61.47427409924609],[21.3621177098643,61.47426576333442],[21.361768510099946,61.47407323690977],[21.361445480100965,61.4739137309437],[21.361107035887343,61.47376153427252],[21.36075551580549,61.47361591481353],[21.36039235937677,61.473476592863136],[21.36001816665926,61.47334373544928],[21.359764572755118,61.47326092072185],[21.359597010814444,61.473206201351985],[21.359165205718362,61.47307578021501],[21.35872457787134,61.472951728662984],[21.35827612184109,61.47283387457773],[21.35782009370913,61.472722610164396],[21.357339082130057,61.47261459850337],[21.356851695015248,61.47251299010207],[21.356744072125696,61.47249192664647],[21.356359555365884,61.47241666955637],[21.355365013395787,61.472238105444106],[21.354863604155444,61.472156225305625],[21.354359545817456,61.47208036653871],[21.35385255273126,61.472012017739054],[21.353342068768157,61.47195327553887],[21.35287087237,61.47190886543367],[21.35192473611852,61.47182937990218],[21.351453195780635,61.4717838874326],[21.350976026578223,61.47172784939769],[21.350501100700136,61.47166364705019],[21.348603793483413,61.47138017678682],[21.348095120738407,61.47131168191637],[21.347586205655954,61.47124926158128],[21.34707958241748,61.47119315532272],[21.346578282833303,61.47114431201268],[21.346086109039256,61.47110451462457]],[[21.492618689053995,61.394005589926564],[21.4930732795146,61.39401154704787],[21.493539535389107,61.39404357373054],[21.494007765653077,61.39409992655555],[21.494468579729265,61.39418075361999],[21.494913437518722,61.39428498846719],[21.49620190091765,61.39464012265847],[21.496632130800283,61.39473564200926],[21.497070220169164,61.394799088872844],[21.49752406900187,61.39481964349394],[21.497981234448304,61.39480094025631],[21.498431906044914,61.394749312415186],[21.498865089547216,61.394668250876435],[21.499267806751142,61.394558556266105],[21.499624180520083,61.39441839724597],[21.499910745475987,61.39425231201044],[21.50014302976785,61.39406170262669],[21.500324206139066,61.393852645995615],[21.50045330292298,61.39362958306258],[21.500526269331438,61.3934078124697],[21.5005351471034,61.39334604426913],[21.500559108540497,61.39317931424249],[21.50056029500975,61.392946516260984],[21.50053572165187,61.39271136104862],[21.500489056888608,61.39247545255498],[21.500421995358064,61.39224018871953],[21.500334447492232,61.392006868152656],[21.50022464649393,61.39177678626497],[21.50011351781276,61.39158438607755],[21.499876273753657,61.391204002388676],[21.499769556120675,61.39101331240665],[21.499666652940135,61.39078596916483],[21.49942328750833,61.39010151393544],[21.499327986946632,61.38987792278506],[21.49920618351543,61.389659703557584],[21.499068006905098,61.389472949929825],[21.498902213028863,61.389292751375486],[21.498711346166473,61.38911996334742],[21.497989421055465,61.38857530856166],[21.497781822598075,61.388386388418795],[21.497606213951567,61.38816525060613],[21.497476714639184,61.387931172482546],[21.4973811175851,61.387687526326786],[21.497309516081543,61.387437144058175],[21.497253714907334,61.38718251747841],[21.497113037331992,61.386417310506516],[21.49705317157459,61.38617124788435],[21.49697434384981,61.385936094283714],[21.496866914928987,61.38571743006969],[21.496726851326507,61.38552787411917],[21.496551238557835,61.385367930878715],[21.49633992235457,61.38524737057],[21.49608993367692,61.38517910086818],[21.495806314960856,61.385172910216234],[21.495490763016186,61.38521622149798],[21.49515136965901,61.38529631750143],[21.49479425735624,61.38540326582562],[21.49442392649403,61.38552934346505],[21.49404355811704,61.38566855408674],[21.492449939062,61.38627509493517],[21.492033343172285,61.38642397964328],[21.491608422520738,61.386566680572805],[21.491175951653435,61.38670340279435],[21.49073765998646,61.38683432086628],[21.490294719918424,61.38695924654507],[21.48984783594892,61.387077581096634],[21.48939729767856,61.38718824904121],[21.488943023848545,61.387289618935206],[21.488484586242674,61.38737941073514],[21.4880415489625,61.38745233620887],[21.487596399188405,61.38751202095521],[21.487151379872188,61.38755791258647],[21.486358967109283,61.387617808863794],[21.485878907020442,61.38766475801998],[21.485399505721684,61.387727179025106],[21.484895440145728,61.38781067272714],[21.4843954946988,61.38790851798671],[21.483898798016327,61.38801705242535],[21.483404773892683,61.388133524750884],[21.48242383002886,61.38838295964032],[21.481453835485155,61.38864795336954],[21.480974817857827,61.38878568115431],[21.480501679424993,61.38892745809203],[21.48026127609428,61.38900335106953],[21.4800365914055,61.389074280698914],[21.479582492689687,61.38922765376212],[21.479143274362155,61.389389671660695],[21.478728580670275,61.38955899543753],[21.478327130078874,61.389735536943306],[21.477154103456428,61.3902762179352],[21.476759277963744,61.390449766087094],[21.47635517151504,61.3906141440493],[21.47593652438975,61.39076492912244],[21.475497044015036,61.39089670696403],[21.475032834858656,61.39100563047002],[21.474550100156254,61.39109860938953],[21.47356332287307,61.39127092857307],[21.473075367277083,61.39136669404667],[21.4726380001351,61.391468717492806],[21.472212214926095,61.39158330498486],[21.471797906258363,61.3917085812218],[21.471395805195883,61.39184338449123],[21.471007561004182,61.391987239413304],[21.47063585129598,61.392140338942184],[21.470284512770842,61.39230354790654],[21.469961769584145,61.392473859036976],[21.46903569656026,61.39300826040422],[21.468707327460404,61.39318405199532],[21.467682589073892,61.39369649356927],[21.467346748437105,61.39386803645276],[21.46702458077184,61.394043093667236],[21.466724182398096,61.39422394493923],[21.46645535432165,61.39441329148767],[21.46623160141658,61.39460853064883],[21.46604414597016,61.39481245556275],[21.46589011570498,61.395023072670355],[21.465768987100184,61.39523883968473],[21.465682563863837,61.395458575624474],[21.465635023815725,61.39568139792875],[21.46563036249679,61.39592213718449],[21.46566250235174,61.3961645782507],[21.465718761573818,61.39640778709276],[21.46592689088311,61.39713332213775],[21.465976008512452,61.39737057837038],[21.465996477257438,61.39760348094032],[21.46597439179713,61.39783034132107],[21.46589278095064,61.398049027304],[21.46573669027593,61.398259781186894],[21.46552000560959,61.39846261382315],[21.465259883742547,61.39866011481882],[21.46497014201659,61.39885446311612],[21.464027424326186,61.399436867292145],[21.46371679007089,61.399636515285806],[21.46250309143446,61.40048480544957],[21.46217797788286,61.400688805225755],[21.461822957286763,61.400886296110265],[21.461446412416745,61.401075603083406],[21.46105375401292,61.40125861636954],[21.460648926226032,61.40143665786574],[21.460234637512112,61.40161054455283],[21.459383382059798,61.40194686099895],[21.458947037631564,61.4021087049091],[21.458502584982043,61.402265195197366],[21.458048260358755,61.40241484761123],[21.45760186886287,61.40255086236314],[21.457147463996204,61.40268114198869],[21.455301797063335,61.403181326756595],[21.454392995601243,61.403439924730904],[21.453950418875696,61.40357676195281],[21.45353406457775,61.403714920726244],[21.452315076288084,61.40414218216623],[21.451907702035747,61.4042790834293],[21.45149422080042,61.40440772901245],[21.4510708578811,61.404524052075296],[21.450633293654555,61.40462317681324],[21.450219210555137,61.40469527675539],[21.44979380429653,61.404752973600466],[21.44936130756974,61.404800369890665],[21.448106244665773,61.40491209862366],[21.447728011123328,61.40495174105832],[21.447359126762347,61.405003678743086],[21.44688935018106,61.40509878009302],[21.44643831815149,61.40521984883984],[21.446004361029203,61.40536115834927],[21.44558779981219,61.40551857368246],[21.445191140720063,61.405689333685835],[21.44481938589242,61.40587186663309],[21.444480514375524,61.40606565153699],[21.44418612844795,61.40627112132602],[21.443967515671876,61.406467701646974],[21.443793986888597,61.4066703963985],[21.44366449777318,61.406874902203256],[21.44358176626758,61.40707690946671],[21.44355252810416,61.40727180683395],[21.443587992195923,61.40745437040609],[21.44370443796242,61.407618425435544],[21.443920810779062,61.40776161428278],[21.444218518154393,61.407882459781995],[21.444576827948794,61.407984164680585],[21.444979630838553,61.40806837140592],[21.44541448541468,61.40813517878551],[21.445871809397406,61.40818308642822],[21.446387448116504,61.408211266783],[21.446910413958367,61.40821422181122],[21.447431246631517,61.40819046817071],[21.447940731070414,61.408135668795154],[21.448422329204554,61.408047782895096],[21.448887801449604,61.40793236172038],[21.449340600274603,61.4077967235222],[21.449783530034523,61.4076464184237],[21.450218828879265,61.40748560079931],[21.450650894645467,61.40731619842031],[21.451129388922148,61.40711941966408],[21.452205671343727,61.40665914153081],[21.454518966656632,61.405640440190446],[21.45473204707246,61.4055479274835],[21.454807699444036,61.405520077638286],[21.45537284881341,61.405335431428526],[21.456194253999055,61.40504496389059],[21.45667549109061,61.404865477293775],[21.457194897497537,61.40466283347435],[21.457714604586982,61.40445107389129],[21.458215213572494,61.40423856410642],[21.458677578861142,61.40403383597518],[21.45908269161178,61.40384550274767],[21.45979122853283,61.40349373518587],[21.460751633332464,61.40299909079873],[21.461083167705826,61.40284208199058],[21.46142974475317,61.402693749723426],[21.46183532411411,61.40254244525239],[21.462260422451934,61.40240209476389],[21.462699877512733,61.402269819759155],[21.463149843882196,61.40214349844778],[21.463607516901224,61.40202160776269],[21.46407090552238,61.40190310697572],[21.46500993804689,61.40167397648675],[21.465961788618994,61.401454488817215],[21.467405337885456,61.40114429709881],[21.469836439965736,61.40065004968204],[21.47179569080214,61.40027027032041],[21.472781634736645,61.40009105724278],[21.47327643612969,61.40000606995601],[21.47474871418102,61.3997672811515],[21.475228139754932,61.399686094403116],[21.47569518533085,61.399600153072775],[21.476144182111423,61.39950646529458],[21.476567851839544,61.39940135365405],[21.476956848752017,61.39928021155603],[21.477299251913674,61.39913724316962],[21.477603669154444,61.39895558472247],[21.4778585682627,61.398750114093865],[21.478081086546,61.39852842121682],[21.478692915836785,61.39782446921478],[21.478920871084657,61.39759361938227],[21.47918388845997,61.39737312124385],[21.479465370346283,61.39718441067474],[21.479781368478,61.397007300051186],[21.48012510468944,61.39684054768589],[21.48049173268261,61.396683663726456],[21.480878111518987,61.39653691712774],[21.48128262259794,61.39640135159014],[21.481705036873347,61.39627883593987],[21.482147515938248,61.39616998080879],[21.482601809196016,61.39607147327572],[21.483520072840847,61.3958862017726],[21.48397183060053,61.39579065581188],[21.484410190404105,61.39568740786783],[21.48480521245344,61.39558012179617],[21.485180966112782,61.39546420616666],[21.485889037038085,61.395218797844606],[21.486232026259284,61.395104875278825],[21.48657831127797,61.395007686353445],[21.486935886746103,61.39493652257657],[21.48734192017098,61.394896227550944],[21.487762342780442,61.39488454911335],[21.488614377670004,61.394897479038576],[21.48903008701471,61.394899195204744],[21.489427451715606,61.3948823351744],[21.48979648642091,61.39483418703504],[21.490146449896173,61.39474018617649],[21.49046920050122,61.39461351203933],[21.491093453226004,61.394324766963315],[21.49142426712713,61.394192547497106],[21.49178846531144,61.3940894034164],[21.492186364687175,61.39402951143379],[21.492618689053995,61.394005589926564]],[[21.497526121583967,61.351389811492446],[21.497565271469693,61.351232604350706],[21.49761506986197,61.35112873730034],[21.497669716542855,61.351089843969106],[21.497750354967472,61.35106106681738],[21.497927592469136,61.350965174408806],[21.498180429380625,61.350812315547174],[21.498485014528093,61.350611705218014],[21.498752239090233,61.35042135708886],[21.499028119636147,61.35021196591745],[21.499304545932187,61.34999009106709],[21.49988659919498,61.34949769877012],[21.500166761970853,61.349268873211905],[21.500442071172635,61.34906665015109],[21.500715853592588,61.34890089705779],[21.50102893284987,61.34875253170399],[21.501373104319722,61.34861554384229],[21.502538128957806,61.34820037340809],[21.50339531764341,61.347882852486336],[21.50467951004103,61.34738918972926],[21.506386035243114,61.34671630400181],[21.508080265158267,61.34603348861087],[21.508912990567122,61.34568646750988],[21.50932142982782,61.34551057688178],[21.509721631854248,61.34533250110576],[21.510110460716323,61.345151669536975],[21.51073762922458,61.344846750482475],[21.51105392273655,61.344699863505085],[21.51108173395038,61.34468815882203],[21.511381765866652,61.34456188632382],[21.511785858843382,61.344414853625636],[21.51261216146561,61.34414400085147],[21.5130027779848,61.34400560258133],[21.513354130676966,61.34385541788719],[21.513632934457576,61.343698396793606],[21.51385876442618,61.3435298908538],[21.514029039358316,61.343355419796616],[21.51413668894286,61.343180245981394],[21.51416964775584,61.34300966350316],[21.514110227666517,61.342849285937],[21.513944246992555,61.3427036239258],[21.513690213422223,61.342571024231106],[21.51337042853388,61.34244893598819],[21.513002205369386,61.34233553613885],[21.512598874111482,61.34222964776778],[21.512170621600035,61.342130675986496],[21.511725224716,61.34203856111041],[21.510566675153324,61.341826807323145],[21.51030105657375,61.34177825677033],[21.509841887331596,61.341687823858805],[21.509404383881844,61.34158882358738],[21.5089980145766,61.341476857292506],[21.50865288660825,61.341359291201314],[21.508040117926882,61.341134694249284],[21.50799955835953,61.3411198279903],[21.50765622466767,61.341019437845944],[21.50727152089428,61.34094293043971],[21.506859345373208,61.34089169048291],[21.506428188935853,61.3408624098094],[21.505985423306637,61.34085334055261],[21.505582427850005,61.34086315300877],[21.50553763793591,61.3408642439955],[21.505090989425838,61.34089638493227],[21.504651527924334,61.340952561099485],[21.5042321487643,61.341032772658],[21.503820784609132,61.34113175507499],[21.50258891204484,61.34147126835551],[21.502147960410465,61.341582417793205],[21.50169725952992,61.341683929253136],[21.50123810607012,61.34177371596735],[21.500771246573066,61.341848910164885],[21.500296930878235,61.341905655531455],[21.49983202123128,61.34193977728462],[21.499363324125532,61.34195557742925],[21.498894029031444,61.34195552894829],[21.498427323960385,61.341941058123545],[21.497966583585487,61.34191261517079],[21.497515567600573,61.3418697398936],[21.497078616500524,61.34181109933613],[21.496611448443783,61.34172737501023],[21.495719823044922,61.34154802477068],[21.495355835578735,61.34149128624951],[21.495283395030103,61.34147999360201],[21.494846206938867,61.3414466815777],[21.494399190908414,61.341460834160586],[21.49394751085328,61.34151531086019],[21.493492236221115,61.34159946498905],[21.493034239006587,61.34170515732099],[21.492574227779706,61.341826253477954],[21.49211277316254,61.34195820196844],[21.491187333331943,61.342242261436276],[21.490260952252928,61.34254057775923],[21.4888757353627,61.342998653882745],[21.487333581489167,61.343519465085805],[21.487073887510164,61.343607165143496],[21.48662817460945,61.34375148531553],[21.486176923154016,61.343888202388065],[21.485776313781468,61.34399930805307],[21.485371353372106,61.3441028006481],[21.484964245491824,61.34419914959983],[21.48455710591148,61.34428846168691],[21.483547956111742,61.3444891052876],[21.483120925305883,61.34459027207779],[21.48269951692141,61.34470658046223],[21.48228216717618,61.344834486524405],[21.481867582930285,61.34497111164611],[21.481454668078328,61.34511410721545],[21.47980093118846,61.3457137702658],[21.479126647314924,61.345948631287506],[21.4789588740912,61.34600706715848],[21.47852952992291,61.34614503196046],[21.478092198645854,61.34627325690513],[21.47763269115253,61.34639175955767],[21.47716648533847,61.34649600975775],[21.476697520113298,61.346584941230226],[21.47656142720373,61.34660560591848],[21.476229725195537,61.34665597085995],[21.47576730462008,61.346704773542115],[21.475315053989267,61.34672498281157],[21.474878701715824,61.3467078087541],[21.47446923394353,61.34664693849747],[21.47408301575758,61.34654874821862],[21.47372272799525,61.346420956094335],[21.473393020895823,61.346268967508145],[21.473100738608096,61.346096248724166],[21.472856946359805,61.34591160066699],[21.47264145727393,61.34571733235756],[21.47223949029917,61.34532986527087],[21.472026264380894,61.34515170829854],[21.47178619056791,61.34499502270193],[21.471503361570715,61.34486968058948],[21.471132082240185,61.34477689467257],[21.470706672155128,61.34471974298149],[21.47024196422598,61.344685162642804],[21.469239098827806,61.34464024577743],[21.468717978457313,61.34461051662837],[21.468258418581048,61.34457243501748],[21.466879813224992,61.34442495952147],[21.46642682380073,61.344380525578],[21.465981394352617,61.3443473259119],[21.46554722503338,61.34433187214985],[21.46508403100422,61.34434277215164],[21.464653767402588,61.344384550643525],[21.464272679123066,61.3444590541599],[21.46396142672789,61.34457088919969],[21.46373952688841,61.344722024459415],[21.463592944071,61.34490512783553],[21.46350885391712,61.345110717741235],[21.463479833784465,61.34533129716855],[21.463503446846968,61.34556086603896],[21.463581986733193,61.34579449047638],[21.463710588470843,61.346018517215704],[21.46387947513019,61.346242253426816],[21.46407534232691,61.34646582330563],[21.464721225531026,61.347139791299206],[21.464926289219356,61.34736788879454],[21.465111630581234,61.34759939525702],[21.465274209133902,61.34784227148265],[21.465409751612825,61.34808897011033],[21.46552097236758,61.34833848965455],[21.46560902937674,61.3485900134579],[21.465641750128565,61.348718143248156],[21.46567358946602,61.3488428268624],[21.465716611600023,61.349110229375704],[21.465777318748042,61.349901405863704],[21.46580644375467,61.35015461096874],[21.465857742335057,61.35039750357837],[21.465944888681527,61.35062551725905],[21.466085035471913,61.35083259579902],[21.466300028692324,61.351010778328735],[21.466563867876772,61.351137455705945],[21.46688745731574,61.35124189945257],[21.46725591908641,61.35133038427323],[21.46765739258723,61.35140806431136],[21.468523571369353,61.351547481473254],[21.46950397283039,61.35169225633127],[21.470004536364588,61.351760972316164],[21.470510056130436,61.35182411408133],[21.471020021213995,61.351878507989134],[21.47153450142564,61.35192011218776],[21.4720704745659,61.35194600999088],[21.472609257169204,61.351956566996755],[21.473148483381607,61.351954186961535],[21.47364147085733,61.35194119577955],[21.473685814833857,61.351940027378696],[21.47421871594988,61.351914050621964],[21.474744209720328,61.35187502659614],[21.47525861631071,61.35182047349219],[21.47575726393602,61.35174654341586],[21.476222494688383,61.35165283827349],[21.47666700730979,61.351540488792025],[21.477089070658085,61.35141298779028],[21.477485274770814,61.35127285068089],[21.478508605756307,61.350853508705676],[21.47884853812469,61.3507401261389],[21.479206499570935,61.350658844178355],[21.479625276875083,61.35061758921538],[21.480067299652582,61.35061801754158],[21.480521395684097,61.35065047947288],[21.480976422684225,61.350708082519375],[21.481420409214966,61.35078631350887],[21.481839582100477,61.350882751497274],[21.48221723807833,61.3509968877439],[21.482532464231653,61.35113002682863],[21.482758672683897,61.351285283687],[21.48286342216121,61.35143861953507],[21.48289241030139,61.351605410087295],[21.48285628438122,61.35177984547026],[21.482761479028337,61.351956631848026],[21.482610494181262,61.352130722859634],[21.482402075285986,61.352297063250646],[21.482094330570554,61.352472302162816],[21.48172801204018,61.35263469337327],[21.48132066286861,61.352787637174885],[21.480886244814585,61.352933969689545],[21.479529097133632,61.35335628900587],[21.479091394915017,61.3534983766441],[21.478678896087402,61.353644665693956],[21.47830530262508,61.353797652242584],[21.477987821652185,61.35396029028726],[21.477748428017758,61.354136145753365],[21.47761603134938,61.35430786471193],[21.477554945874452,61.35448807423949],[21.477555033543453,61.35467137533442],[21.47761047603191,61.35485242698662],[21.477719560663264,61.35502566207936],[21.47788460099494,61.355184994349806],[21.47811198648656,61.35532350538384],[21.4784206268474,61.35544010927696],[21.478788308143113,61.35553337690285],[21.479199116607298,61.35560994073836],[21.479640626297552,61.35567532352508],[21.481062361236862,61.355848935069396],[21.48154804779136,61.35591238843591],[21.482066250637565,61.35598936673733],[21.482582007420913,61.35607445686494],[21.483095317568463,61.35616551950329],[21.48513050091882,61.35655359510665],[21.485637326313345,61.356647512267806],[21.486144684166156,61.35673567649303],[21.486653402936465,61.35681485717415],[21.48716444739993,61.356880890539294],[21.487678943144445,61.35692838094854],[21.48815608717035,61.35695128550353],[21.488634859823282,61.35695506478391],[21.48911287345095,61.35694084753442],[21.489587629807563,61.35690843413814],[21.490112759554425,61.35685016835729],[21.490630332801082,61.356772464946765],[21.491139638810704,61.356678807826384],[21.491639137402736,61.356571049720536],[21.492126316184788,61.35644956207475],[21.492601687098563,61.35631355403801],[21.493063933137716,61.356166943029365],[21.493514879549004,61.35601299651561],[21.49395520165595,61.355854168429545],[21.494969966181774,61.355470051715706],[21.49539653386572,61.35532540990793],[21.49545931013216,61.35530579576275],[21.496699789449327,61.354918210852844],[21.49710424789693,61.354773868023734],[21.497469389739816,61.35461493678966],[21.49777938033861,61.35443606869032],[21.498032575686782,61.35424013044041],[21.498226386080077,61.35403143349065],[21.498343157797137,61.35384005298258],[21.498408671065658,61.35364515388723],[21.498420438986535,61.35345033788404],[21.498376272047725,61.35327812027682],[21.498369600944272,61.353252109770445],[21.498247418169893,61.35303526400029],[21.49789307185476,61.35256040441175],[21.497723364726944,61.35231182571667],[21.497596320914802,61.35206254859109],[21.497527569189046,61.351816767983635],[21.49750909457465,61.3515885099361],[21.497526121583967,61.351389811492446]],[[21.76132180459757,61.36028526950275],[21.72879803493723,61.35363557506452],[21.712223366806636,61.35220241707362],[21.70319060369448,61.349788580110555],[21.71134378194796,61.345803613333736],[21.7162006524854,61.339472989969835],[21.720180830235574,61.337220537978816],[21.72040663320468,61.33385923997177],[21.711918877096966,61.335132493314376],[21.708398334002048,61.33417134538426],[21.70826060882142,61.33338601068552],[21.702929566375282,61.33299329950213],[21.699321849476387,61.33196411019212],[21.696968042638595,61.33108572164158],[21.696271981032016,61.33035220420579],[21.696281972762424,61.329604030314734],[21.698081646834684,61.329297976267895],[21.70205727017233,61.328442490643354],[21.700133833835263,61.3258177218878],[21.70154888794252,61.325215551903334],[21.71468050496499,61.324212097149655],[21.71653940857592,61.31897896005901],[21.703981162208017,61.308705593100385],[21.70699127913909,61.30387275060304],[21.71027773147119,61.302567096914125],[21.708366661767837,61.30091897707739],[21.73026531664037,61.30213443545162],[21.729763524585184,61.298860668162504],[21.702157119604284,61.2967563755568],[21.700151413066944,61.296317103250125],[21.69824880914425,61.29400147529417],[21.693031940243216,61.294393998168445],[21.690014885395264,61.29492891920835],[21.690628873144338,61.29650027569826],[21.67843497103956,61.2966716310388],[21.677541772462916,61.29826458819216],[21.68349783366546,61.30037886412369],[21.682431955813275,61.302915115161944],[21.68967196726582,61.31102513924457],[21.691248006269266,61.320436141250035],[21.67688232505106,61.33265714951135],[21.680312361324766,61.33443228575991],[21.687024959256327,61.33858870610585],[21.66913848848067,61.34233869817726],[21.669389544275454,61.33468262432572],[21.66088835697278,61.33774705071681],[21.655743315914208,61.3414937049301],[21.65133924876771,61.3389552550322],[21.658120421521485,61.329923871057495],[21.65009675714555,61.326976724293715],[21.649935849323438,61.324003942874945],[21.647603639958465,61.32337570014866],[21.647206747009648,61.32333441706676],[21.646514842264647,61.323169473648306],[21.647132962124438,61.32229088806435],[21.648060705100082,61.32138068419463],[21.647147531813506,61.315453075785825],[21.651204014514516,61.29491092468827]],[[21.56018905457197,61.309325792840866],[21.56025796602869,61.3094930502747],[21.560393117093128,61.30972164886393],[21.560558405078634,61.309949143926],[21.561094259893608,61.31061795249851],[21.561240389399064,61.31083271865219],[21.561344065277652,61.31104063393361],[21.561385127011594,61.31123921320533],[21.561355464413776,61.31135793642689],[21.561338655315474,61.3114252186368],[21.561173988591214,61.3116046958067],[21.560911853049788,61.311770480717676],[21.56057854558974,61.31192631619333],[21.560194059790916,61.31207503772946],[21.55977338373122,61.312218762438796],[21.55932760102082,61.31235904755685],[21.558390795217786,61.31263350066472],[21.55693673998596,61.31303873643266],[21.556882638009842,61.313053598123716],[21.552058570570587,61.31437859904361],[21.551079492458765,61.31463938668939],[21.54869766011014,61.315252377395424],[21.54775528817637,61.31550452509007],[21.547291937631627,61.315636152937444],[21.546837037493678,61.315773689328545],[21.546393968567145,61.315919401563434],[21.54598097681303,61.31606932041081],[21.545579706630424,61.31622727063568],[21.545187796754877,61.316391589534064],[21.544803785777933,61.31656113388772],[21.544427063388248,61.316735215917696],[21.544057871639662,61.31691356375028],[21.54369734246262,61.31709629954078],[21.543347602877944,61.31728392662446],[21.543113939504646,61.31741855834357],[21.543011909009028,61.317477344826045],[21.542679642074003,61.31768608803082],[21.542363302529598,61.3179002771503],[21.542060267860688,61.31811799950901],[21.54176962489611,61.31833757867418],[21.541492247765795,61.318557439022925],[21.54123096621464,61.3187759568494],[21.540990908394004,61.31899130950259],[21.54077997553854,61.319201309138236],[21.540609510515154,61.31940320918092],[21.54049516519117,61.31959348728851],[21.54045798319086,61.31976759557292],[21.54052569971457,61.31991966821903],[21.540725979178507,61.32004744422169],[21.54103439137886,61.32015276520159],[21.541420998714912,61.32024225005098],[21.54186285127248,61.32032120557051],[21.542342427456582,61.32039400193427],[21.543886888303064,61.32061222308495],[21.54440778125685,61.3206970677808],[21.54491974948037,61.320795059296955],[21.545387693037057,61.32090241119591],[21.545844232089575,61.321022402821384],[21.546291442585908,61.321152085013395],[21.546730799240144,61.32128925024264],[21.547163160955897,61.32143232313908],[21.547588722426305,61.32158028385715],[21.548006961371474,61.32173260566581],[21.548416514148464,61.32188922745408],[21.54881503459988,61.32205054716339],[21.549198965942253,61.32221744142029],[21.549563272176155,61.32239131324146],[21.549901087492508,61.322574158939155],[21.550203280404926,61.32276866219449],[21.550471097730888,61.32298482234845],[21.550700108045934,61.323212849001074],[21.550899248998252,61.3234491465924],[21.551074505423184,61.32369068917582],[21.551229174136736,61.323934789917715],[21.55136400505864,61.324178860212406],[21.55147716147613,61.32442017501565],[21.551564034034964,61.32465560709084],[21.551616867543835,61.324881339321344],[21.551624198290757,61.32509253609287],[21.55157010190245,61.325282962938104],[21.551433256298846,61.325444539308634],[21.551248630973387,61.3255479687701],[21.551004966908334,61.3256248724389],[21.55065236337919,61.325681209188424],[21.550249865496802,61.32570537621417],[21.549813233897712,61.325703817153865],[21.54935518756468,61.32568101034569],[21.548886266616165,61.325639783406835],[21.548415583750153,61.32558157923372],[21.547537652938473,61.32544155007905],[21.54709529867599,61.32537694148511],[21.546687611924966,61.32533267445661],[21.54627690069605,61.32530425047173],[21.545867676410378,61.32529298598596],[21.545464682356556,61.32530109060088],[21.544998902278447,61.32533901206388],[21.544557844534545,61.325406699917814],[21.54415204346129,61.325504004498484],[21.543794941482734,61.32563314144288],[21.543515053924473,61.32578467886711],[21.543280556261514,61.325960446569475],[21.543082322333902,61.326154382272875],[21.54291400329902,61.326361765718644],[21.54277175990197,61.32657894963281],[21.542654112386472,61.3268031251154],[21.542561873007973,61.327032118245995],[21.542498185314965,61.32726421888169],[21.54246573580035,61.32751917949368],[21.542471569959346,61.32777379235023],[21.542517066300622,61.328025700167366],[21.54260753862944,61.32827236035732],[21.542752539690234,61.32851082954314],[21.5429419245803,61.32872112038123],[21.543176310109548,61.328923127623234],[21.543445590866277,61.32911794696094],[21.543742404002668,61.32930607812294],[21.54406173053552,61.32948741330757],[21.544400571818905,61.32966119173995],[21.544757713734857,61.32982593436082],[21.545133573045778,61.32997933682509],[21.545558478124065,61.33012896007842],[21.545999599752413,61.33026352958142],[21.546450773501633,61.330383357739784],[21.5469068729851,61.33048718520498],[21.547363407384864,61.33057203957176],[21.547816157159644,61.330633003823976],[21.54826081461569,61.33066289228716],[21.54869267104265,61.330651831266216],[21.549111659296308,61.33059108151405],[21.549516448743116,61.33048946228197],[21.54991049647495,61.33035786809376],[21.550296502831678,61.330204606220306],[21.550676565329105,61.33003593115893],[21.551052309296463,61.329856508874585],[21.551795692169648,61.329478364723634],[21.552904056500395,61.328893223162765],[21.553648770538963,61.32850753797528],[21.554026466784006,61.328320281780606],[21.554410175183204,61.328139386837044],[21.55480249216149,61.32796761497987],[21.555206849201387,61.32780864441515],[21.555627761172495,61.327667354165605],[21.556071088153836,61.32755016034672],[21.55655168945323,61.32746082933267],[21.55705533253575,61.32739733011385],[21.557575588318716,61.32735387669314],[21.55810739122195,61.32732659722049],[21.558646676878965,61.32731331333237],[21.559190057007708,61.327313407382974],[21.559734511450866,61.32732776326634],[21.560277110553795,61.32735879125715],[21.56082073959472,61.327409268310355],[21.56135958853057,61.3274753910957],[21.561893343367778,61.32755323860671],[21.562420906813127,61.32764021642093],[21.562940205173902,61.32773488607397],[21.563447885166575,61.32783686741491],[21.563938936595648,61.32794681178832],[21.56440620153731,61.32806644626332],[21.56483973856073,61.32819868674669],[21.56522603359973,61.32834782504038],[21.565547049229856,61.32851978320567],[21.565769131013244,61.32870038151047],[21.565934344765516,61.32890007839288],[21.566055301399945,61.329113892039594],[21.56614107134858,61.32933788106226],[21.566197604950382,61.32956891301856],[21.566228060422283,61.32980445800654],[21.566232975109564,61.330042400260815],[21.566210340934575,61.330280872896324],[21.56615552360134,61.33051810797731],[21.566064247512536,61.33075178136865],[21.56594012227002,61.33098149781913],[21.565786886182806,61.331206046480915],[21.56560566015392,61.33142380194394],[21.565394991979073,61.33163259821151],[21.56515081247685,61.33182958203159],[21.564866274162924,61.33201104170757],[21.564530522121743,61.332176128486374],[21.564155364314328,61.33232457954387],[21.563750138952514,61.33245947081244],[21.563321724722652,61.33258285628885],[21.56287497830237,61.332695880061934],[21.56241308867804,61.33279886070232],[21.561915005213432,61.33289640685945],[21.56140729240287,61.33298595038896],[21.560894040326232,61.33307039477012],[21.55935558868143,61.33331711401578],[21.558855065669075,61.3334049166808],[21.558368059894335,61.33350000727904],[21.557900701080456,61.33360593223591],[21.557460905956862,61.33372716297884],[21.55705891648991,61.33386938305609],[21.556692376742703,61.334042856527795],[21.55636605892902,61.3342386184776],[21.55606934440664,61.334450662036694],[21.555794557399835,61.33467437907268],[21.55553654783419,61.33490624469581],[21.555292407352987,61.33514354399788],[21.555061323307047,61.33538413492339],[21.554844590090546,61.33562624355612],[21.554645795659717,61.33586827544083],[21.554471153006208,61.33610864442644],[21.554330060156676,61.33634560168848],[21.554235833982823,61.33657705642747],[21.5542066813783,61.3368003889866],[21.55426688532481,61.337012234766654],[21.554421753637925,61.3371969462484],[21.554656047496195,61.33737100879905],[21.554949607411224,61.33753670057218],[21.555286984423468,61.337695549526885],[21.555656554673494,61.33784838425639],[21.556049787102666,61.3379953549511],[21.556460640434917,61.33813591095084],[21.55688508618946,61.33826874286196],[21.55732075432657,61.338391676505815],[21.557766676720178,61.33850152130305],[21.55822311156119,61.33859386251504],[21.55869144541892,61.33866281610873],[21.559207293014637,61.33870536613196],[21.55973335580502,61.338720605132366],[21.560264311225573,61.33871446057926],[21.56079535368368,61.33869076230284],[21.561321786414048,61.33865146639346],[21.561838600204016,61.338596793087106],[21.56234006302782,61.33852526970227],[21.56281928400192,61.338433684358336],[21.56326776096801,61.3383169616462],[21.563657931558158,61.338180094206024],[21.56402535033896,61.338024257650375],[21.564742453222596,61.33768898605521],[21.565116531452198,61.337524707955765],[21.5655245891716,61.33736746118698],[21.565955091089553,61.33722096039948],[21.566403092107524,61.33708375888663],[21.566864824733074,61.33695516906019],[21.567337493358657,61.336835314483366],[21.56781910668871,61.33672522123164],[21.568308299636044,61.33662694843005],[21.568804189180845,61.336543771450216],[21.56931583335716,61.33647827873442],[21.56982869796152,61.33643376279601],[21.570337387798595,61.336412583029656],[21.57083584712136,61.33641935107124],[21.57131687913054,61.33646123912997],[21.57169298032124,61.33652653216781],[21.57205277413987,61.33661629522241],[21.572396504393218,61.33672605111203],[21.572739393896292,61.33685886551564],[21.573064160575168,61.337006046850966],[21.573369810215645,61.3371646243575],[21.573653704274,61.33733249826633],[21.573911377566485,61.33750830292489],[21.574136267718348,61.33769129248432],[21.574324231709635,61.33788414862575],[21.574468573239177,61.33808097797164],[21.57456576740963,61.33827883448709],[21.574608817882602,61.33847490130897],[21.57458692503756,61.33866631906071],[21.57450495906954,61.33882834567395],[21.574364706238047,61.33898193093749],[21.574113127826713,61.339159389715014],[21.57379505759636,61.3393235513884],[21.57342869325099,61.33947786106135],[21.57302807720324,61.33962510710052],[21.572604054441374,61.33976757917913],[21.57216512052779,61.33990721201089],[21.570823226614188,61.34032601356601],[21.570386356841798,61.340471315044965],[21.5699827403638,61.34061534945392],[21.569595542553706,61.340764642000515],[21.569228669925817,61.34091917027721],[21.568887742475145,61.34107931624897],[21.568580535286976,61.34124590196213],[21.568317508857852,61.34142024320407],[21.568112431708336,61.34160421135101],[21.567994435401207,61.341769882944384],[21.567932361767532,61.34194222534561],[21.56793409419744,61.34217099878416],[21.568008299586488,61.34240552428523],[21.568134699445885,61.34264405393186],[21.568297584369382,61.3428852398177],[21.568484631243397,61.34312800838121],[21.569097216990244,61.34385702172527],[21.569291011909986,61.34409729552683],[21.56946464790527,61.34433435664698],[21.56960656799266,61.3445666469255],[21.56970211338993,61.344792124897694],[21.569732347577286,61.345008109763924],[21.569672751038176,61.345211093141366],[21.56950507475631,61.34539700955463],[21.569248411669612,61.345570084792435],[21.568926540195612,61.345733765784466],[21.568557604794695,61.34589067893135],[21.56815526281933,61.34604280117289],[21.567729662417996,61.34619160085837],[21.56683639172713,61.34648324813459],[21.563128214355142,61.34763241764663],[21.559443863664992,61.34878432597496],[21.55805455416785,61.34920323540998],[21.557585488189375,61.34933685971083],[21.557111161184224,61.349465350360184],[21.55662955579189,61.34958680840029],[21.55614831371263,61.349697656482896],[21.555659983302576,61.34980168645771],[21.5546691318757,61.34999607714009],[21.55366729496413,61.350179869046144],[21.5506439660652,61.350714426401915],[21.549639271958753,61.35089623546475],[21.548641122460655,61.3510853436048],[21.54765064310804,61.351288413594844],[21.546667938198873,61.35150558212521],[21.54569187568104,61.351730205395896],[21.54083671698115,61.352881902501075],[21.53937673147626,61.35322242648804],[21.53839761071585,61.353441153245875],[21.53740856171808,61.35364552207301],[21.53690787431943,61.35373876104065],[21.536401176816725,61.35382324869062],[21.53595279922322,61.353888546457455],[21.533627811236112,61.35418167530189],[21.533125521211822,61.35425189256988],[21.532126535284323,61.35440252074194],[21.531137793955157,61.354567082468265],[21.530649444818984,61.35465598487607],[21.530167106182795,61.35475087169627],[21.529692978555726,61.35485357322832],[21.529230001626317,61.354966568809935],[21.528823090799502,61.35508033981284],[21.528759979624038,61.3550979852736],[21.528302168411386,61.35524051898035],[21.527853494844265,61.35539136861226],[21.527411904756033,61.35554851911266],[21.52654641804492,61.35587688786726],[21.526123050117153,61.356047066524845],[21.525788596123917,61.35618752651349],[21.525707976265753,61.356221383977434],[21.525304238032994,61.356400572408944],[21.524916393091853,61.356585901350556],[21.524550885594746,61.35677924665378],[21.524216510972014,61.35698318757763],[21.523930414929826,61.35719224491368],[21.523676412294577,61.357410776188395],[21.52344950486272,61.35763583475158],[21.523247462770428,61.35786491512449],[21.52307082625099,61.358095772202596],[21.522923043159818,61.35832623603528],[21.522810773125798,61.35855402792887],[21.522744377586253,61.358776564249375],[21.522738583765978,61.35899074113527],[21.5228133353022,61.35919270241897],[21.522980091660695,61.359374728327396],[21.52322504468657,61.35954199620557],[21.52353029496755,61.35969484994885],[21.523882749192477,61.35983239399973],[21.524273351378394,61.35995239839783],[21.524696452317855,61.36005116349576],[21.52514305848938,61.3601243974699],[21.52560932785808,61.36017447389442],[21.52608757212321,61.36020258513234],[21.52657137385656,61.36020827671666],[21.527055098293022,61.360189483425124],[21.527516825619177,61.36014717356367],[21.52797472093869,61.36008823180743],[21.528882942088007,61.35995415573722],[21.529334734407087,61.35989519454869],[21.52978547389372,61.35985290088206],[21.530294150138314,61.359833794410754],[21.530791534348573,61.359843891567174],[21.53126610606307,61.35988097371749],[21.53170357768893,61.35994525228129],[21.532085777048902,61.360039476673116],[21.532389359030624,61.36016912893707],[21.532580933717917,61.36032269534449],[21.53270303318235,61.36050360233674],[21.532771803889315,61.360704479847804],[21.532799160531837,61.36091948168861],[21.53279337767956,61.36114392607317],[21.532759536390227,61.36137398246953],[21.532699830180974,61.36160639056288],[21.532613725262124,61.36183820843065],[21.53249796326184,61.362066582256844],[21.532346452692856,61.362288530450364],[21.532150007756442,61.36250073239406],[21.531881638388104,61.362714382143054],[21.53156482516332,61.3629161942788],[21.531213031293856,61.36310911440084],[21.530836346124442,61.363295377039556],[21.530442183072346,61.363476620189644],[21.529620958560603,61.36382816813498],[21.52877379328405,61.36416789500515],[21.5279072219701,61.36449380871337],[21.527464912678266,61.36464916915042],[21.52701400231534,61.36479717395378],[21.526551415647702,61.36493531038075],[21.5260677473417,61.36506330210862],[21.52560612137779,61.3651734717897],[21.52557246444948,61.365181504124],[21.52506920035535,61.36529289519876],[21.523027104592167,61.36571304344783],[21.522016752006678,61.365932461011944],[21.52152169131794,61.36605121779952],[21.521033660253746,61.366179199952455],[21.520553525077943,61.366314332125306],[21.52007912989926,61.36645470753629],[21.51914129976879,61.36674573706317],[21.517283771940082,61.36734730186397],[21.51496901824738,61.368115810474976],[21.514051130580594,61.36843298366663],[21.51359790945156,61.3685962721081],[21.51315127879444,61.368764321228696],[21.512742517199786,61.36892633797059],[21.512073058231806,61.36920825100981],[21.511944041517772,61.369262580430245],[21.511168938361113,61.36961014868181],[21.510428336928157,61.36996590182927],[21.51008003989565,61.37014648402216],[21.509754844067032,61.37032885569564],[21.50946217875366,61.37051306308801],[21.509214767498353,61.370699148178204],[21.50902947565811,61.370887096601535],[21.50893081805658,61.37105585525628],[21.50889873041141,61.37122071073913],[21.50893669830094,61.371375989415746],[21.509052564142358,61.37151536597011],[21.50928719680127,61.37164880623221],[21.50960952778934,61.37175707997687],[21.50999600528593,61.37184337394529],[21.51042872742932,61.371909031993646],[21.51089427677852,61.37195360330738],[21.511382751911214,61.371974824776444],[21.511886883823095,61.371970788351156],[21.512401385948376,61.371946628549786],[21.512922475100865,61.371908105074255],[21.513447550519096,61.37185972594093],[21.51556279328608,61.37163069568465],[21.516093463497352,61.371576992551816],[21.516625311594066,61.37152954665382],[21.51715900393473,61.37149125133139],[21.517715123972614,61.37146352814134],[21.51827348924897,61.371445742776984],[21.518833592291436,61.371434976767304],[21.522206118449205,61.37141126702003],[21.52296267264592,61.37139422020124],[21.524228037313808,61.37136569922621],[21.52469314450352,61.371362048463716],[21.525138313063344,61.37136950495793],[21.525555926302406,61.371393487924436],[21.525935937644164,61.371440644224336],[21.526265302131858,61.37151919171963],[21.526386002272062,61.371572486210354],[21.52654613911503,61.371643193703015],[21.526763981578213,61.371801149081236],[21.526926037197047,61.37198284642361],[21.52703447990167,61.37217985908547],[21.527086474662017,61.37238502966431],[21.527073985308284,61.37259199336968],[21.526983375373344,61.37279473710398],[21.52680464297617,61.372987514896856],[21.526553790314725,61.37317204053441],[21.526249932648273,61.37334979703302],[21.525907658806506,61.37352182469487],[21.525537927998773,61.37368871861528],[21.525148833075026,61.373850607281355],[21.524746210502684,61.37400711777728],[21.52433412502058,61.37415730713114],[21.52391525207902,61.374299567038065],[21.5234911469066,61.37443149071062],[21.523062446155418,61.37454969651034],[21.52262898722781,61.37464960775875],[21.522189885810867,61.37472518226266],[21.521743549866084,61.37476860867387],[21.52128345071146,61.374774109016805],[21.520815794665836,61.37475047997953],[21.51938037697821,61.37461982745451],[21.518893139045687,61.3745916537595],[21.51880736621332,61.37459075490157],[21.5184222631016,61.37458671726875],[21.517951614018212,61.374602890920976],[21.517485357691687,61.37463847030249],[21.517028081121644,61.37469311354106],[21.516585080169715,61.37476788984633],[21.516162666069075,61.37486534951093],[21.51576585236591,61.374987614232545],[21.515390850823778,61.375130245367764],[21.515377315705887,61.37513621564266],[21.515032691366212,61.3752882299291],[21.514687666275996,61.375457762390674],[21.514353159025625,61.375636033492874],[21.514027500402417,61.37582104534461],[21.513709871285275,61.376011470707404],[21.513400240442262,61.376206547892714],[21.51309934187731,61.376405996157025],[21.512789454422332,61.376622808881706],[21.512191275777763,61.37706633499355],[21.511607490705153,61.377517292042505],[21.51045413321382,61.3784263586249],[21.509619572994833,61.37910152021153],[21.509360702528074,61.37932134471811],[21.509120752836413,61.37953608220831],[21.508908656167588,61.37974335303326],[21.508736569416065,61.37993990554713],[21.50862083462393,61.38012134989118],[21.50858310442991,61.38028183903048],[21.50865170476249,61.38041369094448],[21.50884758737216,61.38051004169159],[21.509148406530837,61.38057773317107],[21.50952628432414,61.38062386927205],[21.50995978449144,61.38065364670364],[21.51043258183872,61.38067065755159],[21.510932315805494,61.380677114655526],[21.511449626203213,61.38067401145036],[21.511977361553154,61.380661206895276],[21.512509917935784,61.38063745089293],[21.513042698124504,61.38060034438609],[21.513574102670386,61.38054755205055],[21.51410109620426,61.38048186618999],[21.514623067983347,61.38040632119875],[21.514774752534926,61.380381814717644],[21.5151391750803,61.38032293591054],[21.51564816571143,61.38023283245808],[21.51614818976296,61.3801363213195],[21.516636581516828,61.38003292044571],[21.517109606587503,61.379921343244916],[21.51756216676007,61.37979942727043],[21.51781393157445,61.37971926555148],[21.51798743118161,61.37966402303441],[21.518376422171333,61.37951084228884],[21.518621654915467,61.379391177224534],[21.518846299530104,61.37926221553762],[21.51905235549277,61.37912572197731],[21.51932081914449,61.37891987977984],[21.51981307329547,61.37849743078701],[21.520065696788397,61.378293687816786],[21.520342390736282,61.37810415283114],[21.520659875885908,61.377936951148726],[21.52098725822387,61.377812749722665],[21.521351751709577,61.37770850145692],[21.52174503579937,61.37762006759119],[21.522160539025748,61.37754429895129],[21.522593146912687,61.37747890444532],[21.523038956460677,61.37742233223825],[21.523571704393056,61.37736586347523],[21.524114236605733,61.3773169748547],[21.524663458930217,61.377273288716715],[21.525773814457715,61.37719517342064],[21.526892170576875,61.37712335231319],[21.528575800626054,61.37702271086858],[21.529701065946355,61.3769643184447],[21.53026474148383,61.37694064116593],[21.531283275511036,61.37691175393064],[21.532301493925218,61.37690099772642],[21.53280905075963,61.37690387074368],[21.533314374396333,61.37691408733642],[21.533825185399206,61.376933771193464],[21.53433069800587,61.37696326876475],[21.534828628020684,61.37700340511755],[21.53531582611909,61.37705599374999],[21.535788026432446,61.377123955168706],[21.53623955593672,61.377211487888474],[21.536675937189667,61.377325379751134],[21.537085626605425,61.37746010456666],[21.537469127951567,61.377611552940465],[21.53782443279326,61.37777708562379],[21.53814681239933,61.37795538297076],[21.538428490930468,61.37814635080731],[21.53865821621492,61.37835107526585],[21.53883516258852,61.378584063106565],[21.538956789436398,61.378830043478324],[21.539038487159882,61.379085230901545],[21.539091705723802,61.3793468025074],[21.539124718312802,61.3796126714393],[21.53914323529751,61.37988129020593],[21.53914940406345,61.38042238156752],[21.539118332403383,61.3809631076238],[21.539084177815308,61.38123139950786],[21.539031534116194,61.38149706524057],[21.538953079198347,61.38175885787709],[21.538838719211586,61.382015126373645],[21.538684679805826,61.38225637444188],[21.538490468661035,61.382489969000744],[21.538258815653926,61.38271480036965],[21.53798914718508,61.38292897516421],[21.537677610955864,61.38312969577143],[21.53731677473762,61.38331667521949],[21.536919364494782,61.38349071452127],[21.53649613092886,61.38365553030253],[21.536055713719808,61.38381402710422],[21.534261045840807,61.38442493761524],[21.533839967278965,61.38457954881871],[21.533448864525734,61.38473773817625],[21.53310194774036,61.38490110636019],[21.532817870539237,61.385071520520114],[21.532621084912627,61.38525119946402],[21.532534590841397,61.385437019779076],[21.53254679439274,61.385626049352936],[21.53264988244789,61.3858100310509],[21.53284365186153,61.38598018269851],[21.533125639662543,61.38612809886519],[21.533478528360785,61.38625764487254],[21.53388302210948,61.38637229140279],[21.53432460225384,61.386474253731194],[21.534792537924567,61.386564570637844],[21.53527906851345,61.38664313353754],[21.535778761469686,61.38670866777543],[21.536287999789014,61.38675865885481],[21.536804603083173,61.386789222854404],[21.53734956154493,61.38679706600629],[21.537898767856113,61.3867850872085],[21.538450413664442,61.3867588104773],[21.53900330256968,61.38672242014513],[21.540110169747873,61.386631094359345],[21.542877621640447,61.38637385952663],[21.543988665333345,61.38628408276223],[21.544546561130907,61.38624737122543],[21.545077355909235,61.386219366394755],[21.546142806189707,61.38617742713909],[21.548036099634174,61.38611749999298],[21.549267629753565,61.38607850466092],[21.549737293881073,61.3860654216281],[21.550191591163962,61.38606087844109],[21.5506249986081,61.38607068664517],[21.551030056476087,61.38610173648306],[21.551396909911173,61.38616234388165],[21.551719770986008,61.386260217817586],[21.5519956189175,61.386388096195546],[21.55222592517854,61.386537227905755],[21.55241895307634,61.38671184716522],[21.55254914504914,61.38689477567166],[21.552602567075848,61.387079248111],[21.552558609127587,61.38725889428499],[21.552396175995337,61.387432228123586],[21.55213722942155,61.38759645036842],[21.55180829617594,61.3877537219112],[21.55142961184906,61.38790585029034],[21.55101649063232,61.38805436362956],[21.550580482432775,61.38820058859969],[21.548756350590295,61.38878699998362],[21.548306316827357,61.38894079562582],[21.547867521594096,61.389101038803254],[21.547462746806104,61.389261319617006],[21.547069332054864,61.38942770851344],[21.54668463707541,61.389598594749856],[21.54653320089692,61.38966921150547],[21.545933112868166,61.38994903448046],[21.544091690827255,61.390839908966264],[21.54332892035454,61.39119880582375],[21.540556052079555,61.39245974245347],[21.539784009743965,61.39282908313157],[21.53908646598614,61.39318678773533],[21.53841187208493,61.39355463035853],[21.538083248329297,61.393742119766635],[21.53744808614823,61.3941254895183],[21.53714527928735,61.39432250385455],[21.536856040890573,61.39452422714183],[21.536583618525608,61.394730570635986],[21.536323692753317,61.39494117601165],[21.53508599756367,61.39601157122706],[21.534829073585207,61.39621926414955],[21.53454996394215,61.39642953153056],[21.534260634653965,61.39663123674232],[21.53396209522272,61.39682206788384],[21.533654610069057,61.3969985886885],[21.5333376647996,61.397155959967364],[21.5330099356958,61.39728759998334],[21.532669192393698,61.397384776433164],[21.532312191564692,61.39743612156605],[21.531942684501875,61.39743361740996],[21.53155674648424,61.39739030540878],[21.531156855580964,61.397321052757846],[21.530321091712796,61.397156050052274],[21.5299016377063,61.39708490790369],[21.529481339708997,61.39702762224078],[21.52919062829843,61.396999945382795],[21.529069892008753,61.39698845108336],[21.52867795603807,61.39697291102552],[21.528317810105868,61.396988171524484],[21.528004075541574,61.39704348466602],[21.527734300885992,61.39715395417409],[21.527519596854166,61.39730808947002],[21.527346919170615,61.397494179941944],[21.527206964839092,61.39770307135952],[21.527093727437002,61.3979275864139],[21.527004180238908,61.39816201968707],[21.5269381335952,61.398401688233726],[21.526898258457173,61.39864254105227],[21.526890286799787,61.398880798181644],[21.526923397624767,61.399112623371664],[21.52701077350044,61.39933380901442],[21.52717033805348,61.39953945664595],[21.52741638925351,61.3997255833584],[21.5277336391135,61.39989550410544],[21.528103110606075,61.40005331477922],[21.528129187213086,61.400062853843416],[21.52851012934972,61.400202209433175],[21.528943336103058,61.40034467444827],[21.529393818084635,61.40048264698227],[21.531234424173274,61.40101690417288],[21.53167248350779,61.40115167076254],[21.532086006433573,61.40128928014707],[21.532463594895578,61.40143128115469],[21.532790424952438,61.40157962828118],[21.533047160720088,61.40173682603203],[21.533208721871443,61.40190609433412],[21.533254904472816,61.40209208876577],[21.53320418747826,61.40229044480555],[21.533082383302954,61.40249793010113],[21.53290922496302,61.40271207978303],[21.532699600329092,61.40293104106592],[21.532464605977346,61.40315344023687],[21.5322124032503,61.40337827495207],[21.531678344574335,61.40383256943297],[21.529740676799815,61.40543708891137],[21.529183994682054,61.405889887747634],[21.528614277988684,61.406329636262065],[21.528318855532966,61.40654021428006],[21.5280116661659,61.40674085150931],[21.52768766811658,61.40692748552864],[21.527340211604468,61.40709470027002],[21.52696063989843,61.407235367911774],[21.52667150375706,61.407313743682636],[21.526364066723982,61.40737453612552],[21.525972927734568,61.40742464792731],[21.525564446806943,61.4074536316696],[21.525143799350438,61.407465904193245],[21.52465564598147,61.40746476590303],[21.523665808466674,61.40744580163289],[21.523171472609732,61.40744432753301],[21.52268246745507,61.40745953712107],[21.522238703367417,61.4074946872956],[21.521932923078662,61.407532687479375],[21.521804750417175,61.40754861576745],[21.521383050671258,61.40761871501259],[21.520977021397027,61.40770338976616],[21.52059130445417,61.40780202660497],[21.520232049853206,61.40791498290941],[21.519925032017316,61.40803488662488],[21.51965307008524,61.40816758537002],[21.51942275688127,61.4083128109848],[21.51935472430022,61.408372658784266],[21.51924288222973,61.408471043710385],[21.51910425804129,61.40867054356236],[21.519019678051713,61.40888370492088],[21.518914094098598,61.4093343401213],[21.518850645830156,61.409561648321194],[21.518760476870554,61.40978826803943],[21.518631605218243,61.41001100193659],[21.518443398909568,61.410239397901755],[21.518210529301097,61.41046149631436],[21.517944250562543,61.410678667681154],[21.517653159891953,61.41089189894888],[21.51734364492178,61.41110181157211],[21.517020272295227,61.411308661899106],[21.516686062860384,61.411512324376105],[21.516342715186756,61.41171224836397],[21.515990719283902,61.41190738802034],[21.51562940513591,61.41209609714872],[21.515256894982727,61.41227598415835],[21.514869998666736,61.41244372782168],[21.514464007008225,61.41259484300733],[21.514032433569398,61.4127233984201],[21.513584258874392,61.41282193777105],[21.513112108627183,61.41289917156236],[21.512622329368792,61.41296070016059],[21.5121197952981,61.413010863923155],[21.51160820783917,61.41305300458344],[21.511090356570417,61.41308970077698],[21.50899116077232,61.41321693548748],[21.50793863089158,61.41328686338589],[21.506889669634685,61.41336792546325],[21.50636751826428,61.41341248386659],[21.505330008679238,61.413511306993335],[21.50481610330733,61.41356717226789],[21.50430686946975,61.41362908189046],[21.503803862039405,61.413698984349935],[21.503309131044205,61.41377948090207],[21.502808399721477,61.4138759468874],[21.502316340371717,61.413983483888316],[21.501830635263815,61.41409911997138],[21.50134952222778,61.41422058876007],[21.500396112730414,61.41447467320896],[21.498976867409418,61.414869382865035],[21.495675297545926,61.415802267176275],[21.49378447870752,61.41633087539384],[21.49235637971876,61.41671779316238],[21.491392218650272,61.41696440377895],[21.49040596202671,61.417197990030566],[21.488908259374952,61.41753129522671],[21.487744069450585,61.41777979741941],[21.484714072578043,61.41842649919589],[21.48337247720274,61.41871280955184],[21.48186684715768,61.41903811402156],[21.480871787778003,61.41926169017344],[21.47989277291504,61.41949762451872],[21.479413605420888,61.41962355263549],[21.47894478607954,61.419757452877604],[21.478492716392573,61.41989964332443],[21.478050698771472,61.420049577216616],[21.477186009169387,61.42036437168627],[21.47505383728944,61.42117478099759],[21.47462057859264,61.42133190843596],[21.474180931756464,61.42148432314681],[21.47373235953221,61.42163014696177],[21.473293880946567,61.42176181543574],[21.47284708658765,61.42188734706736],[21.47239414025329,61.422008343690685],[21.471476300085214,61.42224157865413],[21.469623506807206,61.4226962458436],[21.468701958488772,61.422928238433194],[21.467767212062714,61.423178076468886],[21.46682077004311,61.42344697839044],[21.46494811760549,61.42400207878194],[21.464219627136636,61.424221842318126],[21.459782675094186,61.42556018245632],[21.457483461684685,61.42625360242241],[21.45513040076503,61.42695502867255],[21.452277495595467,61.42779795837499],[21.450863220513096,61.42822845305944],[21.450405400773374,61.4283761605702],[21.4499616930462,61.42852750900772],[21.449539234249873,61.42868389909731],[21.449147861982244,61.428847161561976],[21.44880092713496,61.429019668668616],[21.448540594063736,61.42918311717239],[21.44833294037998,61.42935262352135],[21.448184898810986,61.429524771371376],[21.448107842463102,61.42969630338861],[21.448118154035228,61.42986395368301],[21.448246859146643,61.4300428296438],[21.44847554306218,61.43021487846652],[21.448776870319026,61.4303818999501],[21.44913005178668,61.43054533519676],[21.44951946367452,61.43070634068651],[21.449933476094174,61.43086585648207],[21.45169415986822,61.4315033183743],[21.452559144040077,61.431821924216806],[21.455037227083448,61.43276553871665],[21.455449881150617,61.43291414968743],[21.45586532996383,61.43305555888473],[21.456285294029463,61.4331866342395],[21.456711963513264,61.43330325120941],[21.457148115424356,61.4334000140484],[21.457597280787454,61.43346994941331],[21.458079311950165,61.433508217056165],[21.458575066224142,61.43351759869351],[21.459080537861936,61.433505328053265],[21.459592507597122,61.43347674494831],[21.460108323626198,61.43343560674004],[21.460625705397216,61.43338433503427],[21.460685706419227,61.43337735488358],[21.46114256536387,61.433324203711535],[21.461656833701145,61.43325544698017],[21.46216629113489,61.433177321861855],[21.46266841615632,61.4330881109661],[21.463156279871225,61.4329874103661],[21.46363645317527,61.43287676615421],[21.464110854628974,61.43275892609301],[21.464408466314765,61.43268108100805],[21.464580979081028,61.43263595642737],[21.465975946430948,61.432249707019565],[21.468284524121813,61.43158902587026],[21.469211537641126,61.431328350926414],[21.470146690364555,61.43107630148044],[21.47061952865074,61.43095616875599],[21.47109761050141,61.430842170976774],[21.471582724970396,61.43073666965195],[21.472077165248802,61.43064277579384],[21.472601370264208,61.43056037536977],[21.473135430031782,61.43049053506507],[21.473676692707446,61.430430125484236],[21.474222955248926,61.4303770030527],[21.474772262169846,61.4303299055171],[21.475322708157734,61.430288399807644],[21.47587222185471,61.4302528831392],[21.476418315844445,61.43022464754329],[21.47695781031235,61.43020600813518],[21.477486482949395,61.43020049768761],[21.477998655904837,61.43021315135147],[21.478486692183882,61.43025085700065],[21.47894037385298,61.43032279977754],[21.479313333273467,61.43042409692247],[21.47965249928614,61.430554375435435],[21.479960556956517,61.43070667246268],[21.480237470566998,61.43087561282608],[21.480480346674323,61.43105712178392],[21.480683210232836,61.4312481720516],[21.480836619134493,61.43144657284516],[21.480927165553595,61.431650793009126],[21.480942074372944,61.43186648211392],[21.48088438982992,61.43208336530107],[21.480762449820535,61.43229766928657],[21.480579389172338,61.43250553522797],[21.480358161444325,61.43268830908614],[21.480095136964888,61.43286297204242],[21.479798809650863,61.43302998885278],[21.479475141716634,61.433189392888536],[21.479127925049923,61.433340772016045],[21.478706263349046,61.43350354886385],[21.47826479777558,61.43365769281211],[21.477809790415147,61.433805513028524],[21.47687600789489,61.4340887848824],[21.475927485373084,61.43436279311261],[21.47259893195452,61.43530769316319],[21.47165550617499,61.43558368113325],[21.470721487390396,61.43586863845724],[21.470264314301787,61.436014861212946],[21.469359634418222,61.436315800761335],[21.46802711856894,61.43678187945556],[21.467173173014586,61.43710094928434],[21.46676810233971,61.43726341147552],[21.4663870268388,61.437428295715726],[21.466040399627325,61.43759610554889],[21.465742369800157,61.437767468210254],[21.46551178278264,61.437943122290356],[21.465373404859303,61.438123902799866],[21.465346314483153,61.43829758942522],[21.465404280157788,61.438471288946666],[21.465529422371525,61.43863940890782],[21.465708968891317,61.438795674817015],[21.46593462043483,61.43893273352763],[21.466202041213027,61.43904170947435],[21.466510513777216,61.43911172438534],[21.466897140995535,61.439134019519564],[21.467321601189195,61.43910922059477],[21.467772475133486,61.43905004649006],[21.46824135365259,61.438966157246384],[21.46872214766082,61.43886478924451],[21.46921050865724,61.4387512868854],[21.470198708830242,61.438502342313775],[21.471191579716226,61.43823882092902],[21.476120745454278,61.436893094692095],[21.47759437123818,61.43650115326634],[21.478087023891156,61.43637668216755],[21.4785810142658,61.43625811562365],[21.479076821412445,61.43614821270668],[21.479575024005108,61.436050772433056],[21.48007630549768,61.435970944471045],[21.48058145799851,61.43591561089465],[21.481035354309537,61.435892311679666],[21.48148861075585,61.435892293276616],[21.48193661788774,61.435913775363694],[21.48237431069692,61.43595654048074],[21.482795920041575,61.43602192663317],[21.483194681632465,61.43611285777426],[21.483578725729952,61.43623625685164],[21.48393932246319,61.43638252635672],[21.484284855559274,61.436543670243175],[21.484960080351932,61.436883333395244],[21.485303675354867,61.437049207977914],[21.485347520671244,61.43706817838536],[21.485660908344496,61.43720376342325],[21.486039968284967,61.437339620900424],[21.486481894143797,61.43745817720807],[21.486950870335537,61.43754726515757],[21.487439216418128,61.437607031751526],[21.48794081200493,61.43763509541677],[21.488395532004215,61.43763131011534],[21.488854510108077,61.43760481092921],[21.489315778641554,61.437560530091766],[21.48977761532498,61.437502057114735],[21.49023841712308,61.43743183076834],[21.490696594757864,61.43735128870166],[21.491150468116594,61.437260980201245],[21.491623550474944,61.437155466334296],[21.492091321231918,61.43704189023092],[21.492092258472553,61.43704164924298],[21.492555052608008,61.43692262103424],[21.493474318809003,61.436673720814156],[21.495299396054616,61.43616316536307],[21.49621446993824,61.43591287912238],[21.497138898906897,61.43567424938737],[21.497607411324665,61.435562326207794],[21.498082236645615,61.435457658288165],[21.498585398538264,61.435357823057444],[21.499095381364835,61.43526581595357],[21.499610365950648,61.43517963813301],[21.500650114515118,61.435019355632534],[21.502222105336052,61.434799635067066],[21.503273148749496,61.4346680239281],[21.503798877291914,61.43460926256058],[21.504324559357663,61.43455748301868],[21.50485008005368,61.43451521320179],[21.505375332475083,61.43448581021529],[21.50590020335689,61.434473637984674],[21.506416657578402,61.4344814466963],[21.50693273378257,61.43450316268637],[21.50796410357758,61.43455942861492],[21.5084795177618,61.434580133599695],[21.50899479101313,61.43458614140798],[21.50950152796172,61.4345719827512],[21.510008070262145,61.43454069311105],[21.510514327341145,61.434496332263805],[21.51102016220506,61.43444198792488],[21.511525386353668,61.43437993214289],[21.51253287035838,61.43423842113583],[21.513533437428272,61.434077774327065],[21.51402945003427,61.43399000841765],[21.51454399483488,61.43389238040681],[21.515564068510237,61.43368441512202],[21.51809460286724,61.433139527387596],[21.519109168397193,61.43292766957934],[21.520131415226338,61.432731016276826],[21.520647493554506,61.43264265014428],[21.521168452322264,61.43256428512218],[21.521194329893486,61.43256110107376],[21.522256498446183,61.431747439191135],[21.522661797072484,61.43143695217244],[21.523735692098665,61.43061423488682],[21.529411667813644,61.42955445682867],[21.535226574284014,61.42851797064067],[21.541994508520535,61.42731120698743],[21.54265116957474,61.42719409776507],[21.546614570017987,61.42653184199772],[21.562864963877704,61.41789684052246],[21.580689623505183,61.41784126760772],[21.58485109347827,61.41782795613594],[21.668055022508327,61.417535059759146],[21.679490676947047,61.417490821059154],[21.685235984591877,61.40407307679692],[21.706472321792393,61.39990843842352],[21.715995829710515,61.39400533877569],[21.719728361816887,61.38944246510594],[21.724570241631806,61.38352124799574],[21.731787660014437,61.37469030082219],[21.76132180459757,61.36028526950275]],[[21.76132180459757,61.36028526950275],[21.768930483274843,61.35874642395108],[21.779700733206184,61.35656715715368],[21.83021974343376,61.34539768158033],[21.815030798034947,61.339276087730866],[21.83023907942414,61.323991901012675],[21.817720377770392,61.31665997167486],[21.799686477209576,61.30235356728612]]],"bbox":[21.29965317368932,60.885105920446826,22.6130294193129,61.48370776522715]}
