{"type":"Topology","objects":{"neighborhoods":{"type":"GeometryCollection","geometries":[{"type":"MultiPolygon","arcs":[[[0,1,2,3]]],"properties":{"id":1895,"postinumeroalue":"64820","nimi":"Kärjenkoski","namn":"Kärjenkoski","euref_x":225169,"euref_y":6897527,"pinta_ala":94748919,"vuosi":2026,"kunta":"151","he_vakiy":144,"he_naiset":68,"he_miehet":76,"he_kika":55,"he_0_2":3,"he_3_6":3,"he_7_12":3,"he_13_15":2,"he_16_17":2,"he_18_19":1,"he_20_24":3,"he_25_29":5,"he_30_34":9,"he_35_39":6,"he_40_44":3,"he_45_49":5,"he_50_54":10,"he_55_59":8,"he_60_64":22,"he_65_69":25,"he_70_74":13,"he_75_79":17,"he_80_84":1,"he_85_":3,"ko_ika18y":131,"ko_perus":31,"ko_koul":100,"ko_yliop":5,"ko_ammat":72,"ko_al_kork":19,"ko_yl_kork":4,"hr_tuy":131,"hr_ktu":26812,"hr_mtu":24312,"hr_pi_tul":37,"hr_ke_tul":75,"hr_hy_tul":19,"hr_ovy":3512350,"te_taly":75,"te_takk":1.9,"te_as_valj":58.5,"te_yks":26,"te_nuor":4,"te_eil_np":1,"te_laps":8,"te_plap":3,"te_aklap":4,"te_klap":3,"te_teini":3,"te_yhlap":1,"te_aik":23,"te_elak":44,"te_omis_as":71,"te_vuok_as":2,"te_muu_as":2,"tr_kuty":75,"tr_ktu":46865,"tr_mtu":39609,"tr_pi_tul":21,"tr_ke_tul":41,"tr_hy_tul":13,"tr_ovy":3514871,"ra_ke":27,"ra_raky":154,"ra_muut":23,"ra_asrak":131,"ra_asunn":115,"ra_as_kpa":99.4,"ra_pt_as":114,"ra_kt_as":0,"ra_muu_as":1,"tp_tyopy":39,"tp_alku_a":13,"tp_jalo_bf":24,"tp_palv_gu":2,"tp_a_maat":13,"tp_b_kaiv":0,"tp_c_teol":22,"tp_d_ener":0,"tp_e_vesi":0,"tp_f_rake":2,"tp_g_kaup":1,"tp_h_kulj":0,"tp_i_majo":0,"tp_j_info":0,"tp_k_raho":0,"tp_l_kiin":1,"tp_m_erik":0,"tp_n_hall":0,"tp_o_julk":0,"tp_p_koul":0,"tp_q_terv":0,"tp_r_taid":0,"tp_s_muup":0,"tp_t_koti":0,"tp_u_kans":0,"tp_x_tunt":0,"pt_vakiy":144,"pt_tyoll":58,"pt_tyott":3,"pt_0_14":10,"pt_opisk":6,"pt_elakel":65,"pt_muut":2,"city":"suupohja","pno":"64820","unemployment_rate":2.1,"higher_education_rate":17.6,"pensioner_share":45.1,"ownership_rate":94.7,"rental_rate":2.7,"population_density":2,"child_ratio":4.2,"student_share":4.2,"detached_house_share":99.1,"youth_ratio_pct":6.2,"gender_ratio":0.89,"single_parent_hh_pct":1.3,"families_with_children_pct":10.7,"tech_sector_pct":0,"healthcare_workers_pct":0,"employment_rate":40.3,"elderly_ratio_pct":41,"avg_household_size":1.92,"manufacturing_jobs_pct":61.5,"public_sector_jobs_pct":0,"service_sector_jobs_pct":5.1,"new_construction_pct":133.9,"foreign_language_pct":0.6,"crime_index":23.3,"property_price_sqm":null,"transit_stop_density":null,"air_quality_index":19.5,"green_space_pct":0,"daycare_density":0,"school_density":0,"healthcare_density":0,"restaurant_density":0,"grocery_density":0,"cycling_density":0,"single_person_hh_pct":34.7,"rental_price_sqm":null,"price_to_rent_ratio":null,"walkability_index":76,"traffic_accident_rate":null,"property_price_change_pct":null,"school_quality_score":null,"light_pollution":null,"noise_pollution":null,"voter_turnout_pct":67.2,"party_diversity_index":0.876,"broadband_coverage_pct":78,"ev_charging_density":0,"tree_canopy_pct":null,"transit_reachability_score":null,"sports_facility_density":0,"water_proximity_m":null,"avg_construction_year":1974,"income_history":[[2021,18228],[2022,17947],[2023,19558],[2024,20371],[2025,22096],[2026,24312]],"population_history":[[2021,170],[2022,166],[2023,165],[2024,152],[2025,143],[2026,144]],"unemployment_history":[[2021,4.1],[2022,4.2],[2023,3],[2024,2.6],[2025,3.5],[2026,2.1]],"income_change_pct":33.4,"population_change_pct":-15.3,"unemployment_change_pct":-48.8}},{"type":"MultiPolygon","arcs":[[[4,5,6,7,8]]],"properties":{"id":1765,"postinumeroalue":"61960","nimi":"Kyrönlatva","namn":"Kyrönlatva","euref_x":254852,"euref_y":6902681,"pinta_ala":171458157,"vuosi":2026,"kunta":"232","he_vakiy":118,"he_naiset":54,"he_miehet":64,"he_kika":57,"he_0_2":0,"he_3_6":1,"he_7_12":3,"he_13_15":3,"he_16_17":2,"he_18_19":2,"he_20_24":7,"he_25_29":2,"he_30_34":3,"he_35_39":2,"he_40_44":7,"he_45_49":5,"he_50_54":8,"he_55_59":10,"he_60_64":13,"he_65_69":9,"he_70_74":14,"he_75_79":7,"he_80_84":9,"he_85_":11,"ko_ika18y":109,"ko_perus":36,"ko_koul":73,"ko_yliop":2,"ko_ammat":55,"ko_al_kork":16,"ko_yl_kork":0,"hr_tuy":109,"hr_ktu":23913,"hr_mtu":18375,"hr_pi_tul":40,"hr_ke_tul":55,"hr_hy_tul":14,"hr_ovy":2606465,"te_taly":61,"te_takk":1.9,"te_as_valj":54.6,"te_yks":24,"te_nuor":0,"te_eil_np":1,"te_laps":7,"te_plap":0,"te_aklap":1,"te_klap":3,"te_teini":4,"te_yhlap":0,"te_aik":18,"te_elak":38,"te_omis_as":59,"te_vuok_as":1,"te_muu_as":1,"tr_kuty":61,"tr_ktu":42990,"tr_mtu":37545,"tr_pi_tul":20,"tr_ke_tul":33,"tr_hy_tul":8,"tr_ovy":2622390,"ra_ke":26,"ra_raky":107,"ra_muut":11,"ra_asrak":96,"ra_asunn":88,"ra_as_kpa":100.3,"ra_pt_as":87,"ra_kt_as":0,"ra_muu_as":1,"tp_tyopy":19,"tp_alku_a":10,"tp_jalo_bf":3,"tp_palv_gu":6,"tp_a_maat":10,"tp_b_kaiv":0,"tp_c_teol":3,"tp_d_ener":0,"tp_e_vesi":0,"tp_f_rake":0,"tp_g_kaup":0,"tp_h_kulj":0,"tp_i_majo":0,"tp_j_info":0,"tp_k_raho":0,"tp_l_kiin":0,"tp_m_erik":0,"tp_n_hall":1,"tp_o_julk":0,"tp_p_koul":3,"tp_q_terv":1,"tp_r_taid":1,"tp_s_muup":0,"tp_t_koti":0,"tp_u_kans":0,"tp_x_tunt":0,"pt_vakiy":118,"pt_tyoll":43,"pt_tyott":8,"pt_0_14":6,"pt_opisk":3,"pt_elakel":54,"pt_muut":4,"city":"suupohja","pno":"61960","unemployment_rate":6.8,"higher_education_rate":14.7,"pensioner_share":45.8,"ownership_rate":96.7,"rental_rate":1.6,"population_density":1,"child_ratio":0.8,"student_share":2.5,"detached_house_share":98.9,"youth_ratio_pct":9.3,"gender_ratio":0.84,"single_parent_hh_pct":1.6,"families_with_children_pct":11.5,"tech_sector_pct":0,"healthcare_workers_pct":5.3,"employment_rate":36.4,"elderly_ratio_pct":42.4,"avg_household_size":1.93,"manufacturing_jobs_pct":15.8,"public_sector_jobs_pct":0,"service_sector_jobs_pct":31.6,"new_construction_pct":121.6,"foreign_language_pct":3.3,"crime_index":32.1,"property_price_sqm":null,"transit_stop_density":null,"air_quality_index":21.4,"green_space_pct":16.6,"daycare_density":0,"school_density":0,"healthcare_density":0,"restaurant_density":0,"grocery_density":0,"cycling_density":0,"single_person_hh_pct":39.3,"rental_price_sqm":null,"price_to_rent_ratio":null,"walkability_index":76,"traffic_accident_rate":null,"property_price_change_pct":null,"school_quality_score":null,"light_pollution":null,"noise_pollution":null,"voter_turnout_pct":51.3,"party_diversity_index":0.768,"broadband_coverage_pct":50,"ev_charging_density":0,"tree_canopy_pct":null,"transit_reachability_score":null,"sports_facility_density":0,"water_proximity_m":null,"avg_construction_year":1981,"income_history":[[2021,15284],[2022,17242],[2023,16847],[2024,18410],[2025,18759],[2026,18375]],"population_history":[[2021,127],[2022,123],[2023,118],[2024,128],[2025,124],[2026,118]],"unemployment_history":[[2021,2.4],[2022,4.1],[2023,2.5],[2024,5.5],[2025,6.5],[2026,6.8]],"income_change_pct":20.2,"population_change_pct":-7.1,"unemployment_change_pct":183.3}},{"type":"MultiPolygon","arcs":[[[9,10,11,12,13]]],"properties":{"id":1754,"postinumeroalue":"61800","nimi":"Kauhajoki Keskus","namn":"Kauhajoki centrum","euref_x":251082,"euref_y":6927161,"pinta_ala":118369327,"vuosi":2026,"kunta":"232","he_vakiy":7719,"he_naiset":3978,"he_miehet":3741,"he_kika":48,"he_0_2":141,"he_3_6":237,"he_7_12":486,"he_13_15":291,"he_16_17":182,"he_18_19":177,"he_20_24":327,"he_25_29":326,"he_30_34":393,"he_35_39":402,"he_40_44":450,"he_45_49":436,"he_50_54":397,"he_55_59":534,"he_60_64":547,"he_65_69":569,"he_70_74":629,"he_75_79":574,"he_80_84":296,"he_85_":325,"ko_ika18y":6382,"ko_perus":1599,"ko_koul":4783,"ko_yliop":150,"ko_ammat":3022,"ko_al_kork":1261,"ko_yl_kork":350,"hr_tuy":6382,"hr_ktu":26472,"hr_mtu":23772,"hr_pi_tul":1378,"hr_ke_tul":4207,"hr_hy_tul":797,"hr_ovy":168946462,"te_taly":4037,"te_takk":1.9,"te_as_valj":49.8,"te_yks":1883,"te_nuor":351,"te_eil_np":97,"te_laps":732,"te_plap":128,"te_aklap":280,"te_klap":362,"te_teini":338,"te_yhlap":192,"te_aik":1621,"te_elak":1695,"te_omis_as":2782,"te_vuok_as":1206,"te_muu_as":49,"tr_kuty":4037,"tr_ktu":41764,"tr_mtu":34071,"tr_pi_tul":1283,"tr_ke_tul":2320,"tr_hy_tul":434,"tr_ovy":168600497,"ra_ke":28,"ra_raky":3153,"ra_muut":400,"ra_asrak":2753,"ra_asunn":4666,"ra_as_kpa":90.6,"ra_pt_as":4044,"ra_kt_as":492,"ra_muu_as":130,"tp_tyopy":3095,"tp_alku_a":119,"tp_jalo_bf":535,"tp_palv_gu":2440,"tp_a_maat":119,"tp_b_kaiv":25,"tp_c_teol":317,"tp_d_ener":8,"tp_e_vesi":16,"tp_f_rake":169,"tp_g_kaup":493,"tp_h_kulj":43,"tp_i_majo":112,"tp_j_info":25,"tp_k_raho":70,"tp_l_kiin":30,"tp_m_erik":122,"tp_n_hall":77,"tp_o_julk":110,"tp_p_koul":275,"tp_q_terv":942,"tp_r_taid":51,"tp_s_muup":90,"tp_t_koti":0,"tp_u_kans":0,"tp_x_tunt":1,"pt_vakiy":7719,"pt_tyoll":2939,"pt_tyott":359,"pt_0_14":1055,"pt_opisk":506,"pt_elakel":2635,"pt_muut":225,"city":"suupohja","pno":"61800","unemployment_rate":4.7,"higher_education_rate":25.2,"pensioner_share":34.1,"ownership_rate":68.9,"rental_rate":29.9,"population_density":65,"child_ratio":4.9,"student_share":6.6,"detached_house_share":86.7,"youth_ratio_pct":10.8,"gender_ratio":1.06,"single_parent_hh_pct":2.4,"families_with_children_pct":18.1,"tech_sector_pct":0.8,"healthcare_workers_pct":30.4,"employment_rate":38.1,"elderly_ratio_pct":31,"avg_household_size":1.91,"manufacturing_jobs_pct":17.3,"public_sector_jobs_pct":3.6,"service_sector_jobs_pct":78.8,"new_construction_pct":67.6,"foreign_language_pct":3,"crime_index":79.3,"property_price_sqm":null,"transit_stop_density":null,"air_quality_index":21.2,"green_space_pct":11,"daycare_density":0,"school_density":0.1,"healthcare_density":0.1,"restaurant_density":0.1,"grocery_density":0,"cycling_density":2.1,"single_person_hh_pct":46.6,"rental_price_sqm":11.07,"price_to_rent_ratio":null,"walkability_index":85,"traffic_accident_rate":0.6,"property_price_change_pct":-0.2,"school_quality_score":60.2,"light_pollution":null,"noise_pollution":null,"voter_turnout_pct":51.3,"party_diversity_index":0.768,"broadband_coverage_pct":50,"ev_charging_density":0,"tree_canopy_pct":null,"transit_reachability_score":null,"sports_facility_density":0.4,"water_proximity_m":null,"avg_construction_year":1979,"income_history":[[2021,20340],[2022,20546],[2023,21065],[2024,21855],[2025,23077],[2026,23772]],"population_history":[[2021,8069],[2022,7955],[2023,7865],[2024,7809],[2025,7767],[2026,7719]],"unemployment_history":[[2021,4.4],[2022,4.7],[2023,4.3],[2024,4.3],[2025,4],[2026,4.7]],"income_change_pct":16.9,"population_change_pct":-4.3,"unemployment_change_pct":6.8}},{"type":"MultiPolygon","arcs":[[[14,15,16,17,-12]]],"properties":{"id":1755,"postinumeroalue":"61810","nimi":"Luomankylä","namn":"Luomankylä","euref_x":249648,"euref_y":6937336,"pinta_ala":41062359,"vuosi":2026,"kunta":"232","he_vakiy":263,"he_naiset":115,"he_miehet":148,"he_kika":47,"he_0_2":5,"he_3_6":9,"he_7_12":22,"he_13_15":13,"he_16_17":7,"he_18_19":3,"he_20_24":7,"he_25_29":6,"he_30_34":9,"he_35_39":18,"he_40_44":16,"he_45_49":12,"he_50_54":19,"he_55_59":23,"he_60_64":19,"he_65_69":20,"he_70_74":17,"he_75_79":12,"he_80_84":10,"he_85_":16,"ko_ika18y":207,"ko_perus":49,"ko_koul":158,"ko_yliop":3,"ko_ammat":119,"ko_al_kork":32,"ko_yl_kork":4,"hr_tuy":207,"hr_ktu":26459,"hr_mtu":24843,"hr_pi_tul":38,"hr_ke_tul":140,"hr_hy_tul":29,"hr_ovy":5476916,"te_taly":119,"te_takk":2.2,"te_as_valj":50.8,"te_yks":37,"te_nuor":3,"te_eil_np":1,"te_laps":30,"te_plap":4,"te_aklap":9,"te_klap":17,"te_teini":12,"te_yhlap":5,"te_aik":39,"te_elak":52,"te_omis_as":116,"te_vuok_as":2,"te_muu_as":1,"tr_kuty":119,"tr_ktu":46490,"tr_mtu":41558,"tr_pi_tul":31,"tr_ke_tul":79,"tr_hy_tul":9,"tr_ovy":5532309,"ra_ke":6,"ra_raky":149,"ra_muut":12,"ra_asrak":137,"ra_asunn":144,"ra_as_kpa":105.5,"ra_pt_as":140,"ra_kt_as":0,"ra_muu_as":4,"tp_tyopy":49,"tp_alku_a":15,"tp_jalo_bf":7,"tp_palv_gu":27,"tp_a_maat":15,"tp_b_kaiv":0,"tp_c_teol":1,"tp_d_ener":0,"tp_e_vesi":0,"tp_f_rake":6,"tp_g_kaup":5,"tp_h_kulj":1,"tp_i_majo":0,"tp_j_info":0,"tp_k_raho":0,"tp_l_kiin":0,"tp_m_erik":0,"tp_n_hall":0,"tp_o_julk":0,"tp_p_koul":0,"tp_q_terv":20,"tp_r_taid":0,"tp_s_muup":1,"tp_t_koti":0,"tp_u_kans":0,"tp_x_tunt":0,"pt_vakiy":263,"pt_tyoll":111,"pt_tyott":12,"pt_0_14":45,"pt_opisk":14,"pt_elakel":76,"pt_muut":5,"city":"suupohja","pno":"61810","unemployment_rate":4.6,"higher_education_rate":17.4,"pensioner_share":28.9,"ownership_rate":97.5,"rental_rate":1.7,"population_density":6,"child_ratio":5.3,"student_share":5.3,"detached_house_share":97.2,"youth_ratio_pct":6.1,"gender_ratio":0.78,"single_parent_hh_pct":0.8,"families_with_children_pct":25.2,"tech_sector_pct":0,"healthcare_workers_pct":40.8,"employment_rate":42.2,"elderly_ratio_pct":28.5,"avg_household_size":2.21,"manufacturing_jobs_pct":14.3,"public_sector_jobs_pct":0,"service_sector_jobs_pct":55.1,"new_construction_pct":103.5,"foreign_language_pct":0.4,"crime_index":45.3,"property_price_sqm":null,"transit_stop_density":null,"air_quality_index":21.2,"green_space_pct":6.3,"daycare_density":0,"school_density":0,"healthcare_density":0,"restaurant_density":0,"grocery_density":0,"cycling_density":0,"single_person_hh_pct":31.1,"rental_price_sqm":null,"price_to_rent_ratio":null,"walkability_index":76,"traffic_accident_rate":1.3,"property_price_change_pct":null,"school_quality_score":null,"light_pollution":null,"noise_pollution":null,"voter_turnout_pct":51.3,"party_diversity_index":0.768,"broadband_coverage_pct":50,"ev_charging_density":0,"tree_canopy_pct":null,"transit_reachability_score":null,"sports_facility_density":0,"water_proximity_m":null,"avg_construction_year":1981,"income_history":[[2021,21006],[2022,20663],[2023,20734],[2024,21834],[2025,23591],[2026,24843]],"population_history":[[2021,280],[2022,282],[2023,280],[2024,278],[2025,270],[2026,263]],"unemployment_history":[[2021,3.2],[2022,3.2],[2023,3.6],[2024,3.2],[2025,5.2],[2026,4.6]],"income_change_pct":18.3,"population_change_pct":-6.1,"unemployment_change_pct":43.7}},{"type":"MultiPolygon","arcs":[[[-15,-11,18,19,20,21,22]]],"properties":{"id":1756,"postinumeroalue":"61820","nimi":"Kainasto","namn":"Kainasto","euref_x":243992,"euref_y":6938345,"pinta_ala":75430336,"vuosi":2026,"kunta":"232","he_vakiy":508,"he_naiset":238,"he_miehet":270,"he_kika":49,"he_0_2":6,"he_3_6":16,"he_7_12":32,"he_13_15":20,"he_16_17":10,"he_18_19":8,"he_20_24":16,"he_25_29":17,"he_30_34":11,"he_35_39":30,"he_40_44":36,"he_45_49":41,"he_50_54":39,"he_55_59":38,"he_60_64":42,"he_65_69":37,"he_70_74":45,"he_75_79":29,"he_80_84":19,"he_85_":16,"ko_ika18y":424,"ko_perus":96,"ko_koul":328,"ko_yliop":10,"ko_ammat":247,"ko_al_kork":58,"ko_yl_kork":13,"hr_tuy":424,"hr_ktu":25609,"hr_mtu":24439,"hr_pi_tul":93,"hr_ke_tul":283,"hr_hy_tul":48,"hr_ovy":10858072,"te_taly":248,"te_takk":2,"te_as_valj":50.3,"te_yks":97,"te_nuor":6,"te_eil_np":3,"te_laps":46,"te_plap":6,"te_aklap":18,"te_klap":22,"te_teini":20,"te_yhlap":6,"te_aik":98,"te_elak":104,"te_omis_as":229,"te_vuok_as":9,"te_muu_as":10,"tr_kuty":248,"tr_ktu":43952,"tr_mtu":38447,"tr_pi_tul":69,"tr_ke_tul":147,"tr_hy_tul":32,"tr_ovy":10900208,"ra_ke":19,"ra_raky":342,"ra_muut":56,"ra_asrak":286,"ra_asunn":307,"ra_as_kpa":96.4,"ra_pt_as":299,"ra_kt_as":0,"ra_muu_as":8,"tp_tyopy":91,"tp_alku_a":43,"tp_jalo_bf":33,"tp_palv_gu":15,"tp_a_maat":43,"tp_b_kaiv":0,"tp_c_teol":24,"tp_d_ener":0,"tp_e_vesi":0,"tp_f_rake":9,"tp_g_kaup":3,"tp_h_kulj":2,"tp_i_majo":0,"tp_j_info":0,"tp_k_raho":0,"tp_l_kiin":0,"tp_m_erik":0,"tp_n_hall":2,"tp_o_julk":0,"tp_p_koul":6,"tp_q_terv":1,"tp_r_taid":0,"tp_s_muup":1,"tp_t_koti":0,"tp_u_kans":0,"tp_x_tunt":0,"pt_vakiy":508,"pt_tyoll":238,"pt_tyott":14,"pt_0_14":68,"pt_opisk":23,"pt_elakel":154,"pt_muut":11,"city":"suupohja","pno":"61820","unemployment_rate":2.8,"higher_education_rate":16.7,"pensioner_share":30.3,"ownership_rate":92.3,"rental_rate":3.6,"population_density":7,"child_ratio":4.3,"student_share":4.5,"detached_house_share":97.4,"youth_ratio_pct":8.1,"gender_ratio":0.88,"single_parent_hh_pct":1.2,"families_with_children_pct":18.5,"tech_sector_pct":0,"healthcare_workers_pct":1.1,"employment_rate":46.9,"elderly_ratio_pct":28.7,"avg_household_size":2.05,"manufacturing_jobs_pct":36.3,"public_sector_jobs_pct":0,"service_sector_jobs_pct":16.5,"new_construction_pct":111.4,"foreign_language_pct":0.7,"crime_index":42.7,"property_price_sqm":null,"transit_stop_density":null,"air_quality_index":20.9,"green_space_pct":8.6,"daycare_density":0,"school_density":0,"healthcare_density":0,"restaurant_density":0,"grocery_density":0,"cycling_density":0,"single_person_hh_pct":39.1,"rental_price_sqm":null,"price_to_rent_ratio":null,"walkability_index":76,"traffic_accident_rate":3.3,"property_price_change_pct":null,"school_quality_score":null,"light_pollution":null,"noise_pollution":null,"voter_turnout_pct":51.3,"party_diversity_index":0.768,"broadband_coverage_pct":50,"ev_charging_density":0,"tree_canopy_pct":null,"transit_reachability_score":null,"sports_facility_density":0.1,"water_proximity_m":null,"avg_construction_year":1981,"income_history":[[2021,19257],[2022,20080],[2023,20299],[2024,21292],[2025,23951],[2026,24439]],"population_history":[[2021,571],[2022,568],[2023,563],[2024,548],[2025,521],[2026,508]],"unemployment_history":[[2021,3.9],[2022,3.5],[2023,3.7],[2024,3.8],[2025,3.3],[2026,2.8]],"income_change_pct":26.9,"population_change_pct":-11,"unemployment_change_pct":-28.2}},{"type":"MultiPolygon","arcs":[[[-22,23,24,25,26]]],"properties":{"id":1757,"postinumeroalue":"61840","nimi":"Norinkylä","namn":"Norinkylä","euref_x":242574,"euref_y":6947726,"pinta_ala":83403153,"vuosi":2026,"kunta":"846","he_vakiy":247,"he_naiset":113,"he_miehet":134,"he_kika":54,"he_0_2":7,"he_3_6":4,"he_7_12":5,"he_13_15":6,"he_16_17":3,"he_18_19":4,"he_20_24":13,"he_25_29":3,"he_30_34":10,"he_35_39":12,"he_40_44":12,"he_45_49":7,"he_50_54":18,"he_55_59":22,"he_60_64":20,"he_65_69":28,"he_70_74":30,"he_75_79":24,"he_80_84":10,"he_85_":9,"ko_ika18y":222,"ko_perus":63,"ko_koul":159,"ko_yliop":9,"ko_ammat":109,"ko_al_kork":37,"ko_yl_kork":4,"hr_tuy":222,"hr_ktu":23858,"hr_mtu":20734,"hr_pi_tul":70,"hr_ke_tul":130,"hr_hy_tul":22,"hr_ovy":5296520,"te_taly":133,"te_takk":1.9,"te_as_valj":54.7,"te_yks":56,"te_nuor":6,"te_eil_np":0,"te_laps":18,"te_plap":7,"te_aklap":8,"te_klap":5,"te_teini":7,"te_yhlap":5,"te_aik":46,"te_elak":72,"te_omis_as":120,"te_vuok_as":11,"te_muu_as":2,"tr_kuty":133,"tr_ktu":39894,"tr_mtu":31990,"tr_pi_tul":47,"tr_ke_tul":70,"tr_hy_tul":16,"tr_ovy":5305934,"ra_ke":13,"ra_raky":195,"ra_muut":33,"ra_asrak":162,"ra_asunn":184,"ra_as_kpa":95.5,"ra_pt_as":175,"ra_kt_as":0,"ra_muu_as":9,"tp_tyopy":58,"tp_alku_a":14,"tp_jalo_bf":33,"tp_palv_gu":11,"tp_a_maat":14,"tp_b_kaiv":0,"tp_c_teol":26,"tp_d_ener":0,"tp_e_vesi":0,"tp_f_rake":7,"tp_g_kaup":1,"tp_h_kulj":6,"tp_i_majo":0,"tp_j_info":0,"tp_k_raho":0,"tp_l_kiin":0,"tp_m_erik":0,"tp_n_hall":3,"tp_o_julk":0,"tp_p_koul":0,"tp_q_terv":1,"tp_r_taid":0,"tp_s_muup":0,"tp_t_koti":0,"tp_u_kans":0,"tp_x_tunt":0,"pt_vakiy":247,"pt_tyoll":90,"pt_tyott":17,"pt_0_14":18,"pt_opisk":11,"pt_elakel":106,"pt_muut":5,"city":"suupohja","pno":"61840","unemployment_rate":6.9,"higher_education_rate":18.5,"pensioner_share":42.9,"ownership_rate":90.2,"rental_rate":8.3,"population_density":3,"child_ratio":4.5,"student_share":4.5,"detached_house_share":95.1,"youth_ratio_pct":8.1,"gender_ratio":0.84,"single_parent_hh_pct":0,"families_with_children_pct":13.5,"tech_sector_pct":0,"healthcare_workers_pct":1.7,"employment_rate":36.4,"elderly_ratio_pct":40.9,"avg_household_size":1.86,"manufacturing_jobs_pct":56.9,"public_sector_jobs_pct":0,"service_sector_jobs_pct":19,"new_construction_pct":106,"foreign_language_pct":0.4,"crime_index":46.9,"property_price_sqm":null,"transit_stop_density":null,"air_quality_index":20.2,"green_space_pct":54.5,"daycare_density":0,"school_density":0,"healthcare_density":0,"restaurant_density":0,"grocery_density":0,"cycling_density":0,"single_person_hh_pct":42.1,"rental_price_sqm":null,"price_to_rent_ratio":null,"walkability_index":76,"traffic_accident_rate":null,"property_price_change_pct":null,"school_quality_score":null,"light_pollution":null,"noise_pollution":null,"voter_turnout_pct":57.6,"party_diversity_index":0.849,"broadband_coverage_pct":46,"ev_charging_density":0,"tree_canopy_pct":null,"transit_reachability_score":null,"sports_facility_density":0,"water_proximity_m":null,"avg_construction_year":1970,"income_history":[[2021,17146],[2022,17821],[2023,18475],[2024,18461],[2025,20232],[2026,20734]],"population_history":[[2021,273],[2022,266],[2023,261],[2024,261],[2025,253],[2026,247]],"unemployment_history":[[2021,5.5],[2022,4.5],[2023,3.4],[2024,5],[2025,5.5],[2026,6.9]],"income_change_pct":20.9,"population_change_pct":-9.5,"unemployment_change_pct":25.5}},{"type":"MultiPolygon","arcs":[[[27,-13,-18,28,29,30,31]]],"properties":{"id":1758,"postinumeroalue":"61850","nimi":"Kauhajoki Asemanseutu","namn":"Kauhajoki stationsamhälle","euref_x":260587,"euref_y":6930443,"pinta_ala":219408935,"vuosi":2026,"kunta":"232","he_vakiy":1980,"he_naiset":968,"he_miehet":1012,"he_kika":47,"he_0_2":45,"he_3_6":74,"he_7_12":127,"he_13_15":85,"he_16_17":44,"he_18_19":36,"he_20_24":60,"he_25_29":66,"he_30_34":106,"he_35_39":113,"he_40_44":130,"he_45_49":114,"he_50_54":125,"he_55_59":134,"he_60_64":150,"he_65_69":151,"he_70_74":153,"he_75_79":155,"he_80_84":55,"he_85_":57,"ko_ika18y":1605,"ko_perus":463,"ko_koul":1142,"ko_yliop":21,"ko_ammat":795,"ko_al_kork":281,"ko_yl_kork":45,"hr_tuy":1605,"hr_ktu":26281,"hr_mtu":23836,"hr_pi_tul":348,"hr_ke_tul":1057,"hr_hy_tul":200,"hr_ovy":42180561,"te_taly":902,"te_takk":2.1,"te_as_valj":47.7,"te_yks":324,"te_nuor":42,"te_eil_np":13,"te_laps":194,"te_plap":39,"te_aklap":80,"te_klap":90,"te_teini":96,"te_yhlap":35,"te_aik":346,"te_elak":368,"te_omis_as":743,"te_vuok_as":148,"te_muu_as":11,"tr_kuty":902,"tr_ktu":45685,"tr_mtu":40728,"tr_pi_tul":261,"tr_ke_tul":540,"tr_hy_tul":101,"tr_ovy":41207750,"ra_ke":60,"ra_raky":1106,"ra_muut":197,"ra_asrak":909,"ra_asunn":1152,"ra_as_kpa":94.2,"ra_pt_as":1071,"ra_kt_as":34,"ra_muu_as":47,"tp_tyopy":1382,"tp_alku_a":48,"tp_jalo_bf":677,"tp_palv_gu":657,"tp_a_maat":48,"tp_b_kaiv":2,"tp_c_teol":641,"tp_d_ener":4,"tp_e_vesi":0,"tp_f_rake":30,"tp_g_kaup":316,"tp_h_kulj":65,"tp_i_majo":11,"tp_j_info":0,"tp_k_raho":12,"tp_l_kiin":2,"tp_m_erik":46,"tp_n_hall":7,"tp_o_julk":0,"tp_p_koul":40,"tp_q_terv":150,"tp_r_taid":0,"tp_s_muup":8,"tp_t_koti":0,"tp_u_kans":0,"tp_x_tunt":0,"pt_vakiy":1980,"pt_tyoll":782,"pt_tyott":89,"pt_0_14":305,"pt_opisk":104,"pt_elakel":635,"pt_muut":65,"city":"suupohja","pno":"61850","unemployment_rate":4.5,"higher_education_rate":20.3,"pensioner_share":32.1,"ownership_rate":82.4,"rental_rate":16.4,"population_density":9,"child_ratio":6,"student_share":5.3,"detached_house_share":93,"youth_ratio_pct":8.2,"gender_ratio":0.96,"single_parent_hh_pct":1.4,"families_with_children_pct":21.5,"tech_sector_pct":0,"healthcare_workers_pct":10.9,"employment_rate":39.5,"elderly_ratio_pct":28.8,"avg_household_size":2.2,"manufacturing_jobs_pct":49,"public_sector_jobs_pct":0,"service_sector_jobs_pct":47.5,"new_construction_pct":96,"foreign_language_pct":2.6,"crime_index":53.7,"property_price_sqm":null,"transit_stop_density":null,"air_quality_index":21.4,"green_space_pct":17.5,"daycare_density":0,"school_density":0,"healthcare_density":0,"restaurant_density":0,"grocery_density":0,"cycling_density":0.2,"single_person_hh_pct":35.9,"rental_price_sqm":null,"price_to_rent_ratio":null,"walkability_index":78,"traffic_accident_rate":4,"property_price_change_pct":null,"school_quality_score":null,"light_pollution":null,"noise_pollution":null,"voter_turnout_pct":51.3,"party_diversity_index":0.768,"broadband_coverage_pct":50,"ev_charging_density":0,"tree_canopy_pct":null,"transit_reachability_score":null,"sports_facility_density":0,"water_proximity_m":null,"avg_construction_year":1980,"income_history":[[2021,20500],[2022,20812],[2023,21437],[2024,21797],[2025,23321],[2026,23836]],"population_history":[[2021,2076],[2022,2039],[2023,2041],[2024,2014],[2025,1985],[2026,1980]],"unemployment_history":[[2021,4.1],[2022,4.4],[2023,3.6],[2024,4],[2025,4],[2026,4.5]],"income_change_pct":16.3,"population_change_pct":-4.6,"unemployment_change_pct":9.8}},{"type":"MultiPolygon","arcs":[[[-17,32,-29]]],"properties":{"id":1759,"postinumeroalue":"61860","nimi":"Harja","namn":"Harja","euref_x":257937,"euref_y":6939702,"pinta_ala":26277591,"vuosi":2026,"kunta":"232","he_vakiy":192,"he_naiset":94,"he_miehet":98,"he_kika":45,"he_0_2":6,"he_3_6":8,"he_7_12":15,"he_13_15":8,"he_16_17":5,"he_18_19":2,"he_20_24":10,"he_25_29":8,"he_30_34":4,"he_35_39":9,"he_40_44":15,"he_45_49":11,"he_50_54":9,"he_55_59":16,"he_60_64":11,"he_65_69":19,"he_70_74":14,"he_75_79":14,"he_80_84":5,"he_85_":3,"ko_ika18y":150,"ko_perus":27,"ko_koul":123,"ko_yliop":2,"ko_ammat":80,"ko_al_kork":36,"ko_yl_kork":5,"hr_tuy":150,"hr_ktu":26302,"hr_mtu":25354,"hr_pi_tul":23,"hr_ke_tul":111,"hr_hy_tul":16,"hr_ovy":3945261,"te_taly":82,"te_takk":2.3,"te_as_valj":47.9,"te_yks":22,"te_nuor":4,"te_eil_np":2,"te_laps":22,"te_plap":6,"te_aklap":9,"te_klap":9,"te_teini":11,"te_yhlap":3,"te_aik":25,"te_elak":35,"te_omis_as":75,"te_vuok_as":6,"te_muu_as":1,"tr_kuty":82,"tr_ktu":48724,"tr_mtu":42911,"tr_pi_tul":17,"tr_ke_tul":57,"tr_hy_tul":8,"tr_ovy":3995329,"ra_ke":7,"ra_raky":109,"ra_muut":10,"ra_asrak":99,"ra_asunn":97,"ra_as_kpa":104.2,"ra_pt_as":97,"ra_kt_as":0,"ra_muu_as":0,"tp_tyopy":27,"tp_alku_a":12,"tp_jalo_bf":0,"tp_palv_gu":15,"tp_a_maat":12,"tp_b_kaiv":0,"tp_c_teol":0,"tp_d_ener":0,"tp_e_vesi":0,"tp_f_rake":0,"tp_g_kaup":0,"tp_h_kulj":2,"tp_i_majo":0,"tp_j_info":0,"tp_k_raho":0,"tp_l_kiin":0,"tp_m_erik":0,"tp_n_hall":0,"tp_o_julk":0,"tp_p_koul":0,"tp_q_terv":13,"tp_r_taid":0,"tp_s_muup":0,"tp_t_koti":0,"tp_u_kans":0,"tp_x_tunt":0,"pt_vakiy":192,"pt_tyoll":77,"pt_tyott":5,"pt_0_14":32,"pt_opisk":13,"pt_elakel":63,"pt_muut":2,"city":"suupohja","pno":"61860","unemployment_rate":2.6,"higher_education_rate":27.3,"pensioner_share":32.8,"ownership_rate":91.5,"rental_rate":7.3,"population_density":7,"child_ratio":7.3,"student_share":6.8,"detached_house_share":100,"youth_ratio_pct":10.4,"gender_ratio":0.96,"single_parent_hh_pct":2.4,"families_with_children_pct":26.8,"tech_sector_pct":0,"healthcare_workers_pct":48.1,"employment_rate":40.1,"elderly_ratio_pct":28.6,"avg_household_size":2.34,"manufacturing_jobs_pct":0,"public_sector_jobs_pct":0,"service_sector_jobs_pct":55.6,"new_construction_pct":112.4,"foreign_language_pct":1,"crime_index":43.3,"property_price_sqm":null,"transit_stop_density":null,"air_quality_index":21.3,"green_space_pct":4,"daycare_density":0,"school_density":0,"healthcare_density":0,"restaurant_density":0,"grocery_density":0,"cycling_density":0,"single_person_hh_pct":26.8,"rental_price_sqm":null,"price_to_rent_ratio":null,"walkability_index":76,"traffic_accident_rate":1.7,"property_price_change_pct":null,"school_quality_score":null,"light_pollution":null,"noise_pollution":null,"voter_turnout_pct":51.3,"party_diversity_index":0.768,"broadband_coverage_pct":50,"ev_charging_density":0,"tree_canopy_pct":null,"transit_reachability_score":null,"sports_facility_density":0,"water_proximity_m":null,"avg_construction_year":1981,"income_history":[[2021,21768],[2022,22596],[2023,22958],[2024,23121],[2025,24617],[2026,25354]],"population_history":[[2021,204],[2022,193],[2023,196],[2024,191],[2025,194],[2026,192]],"unemployment_history":[[2021,1.5],[2022,2.1],[2023,1.5],[2024,4.2],[2025,2.6],[2026,2.6]],"income_change_pct":16.5,"population_change_pct":-5.9,"unemployment_change_pct":73.3}},{"type":"MultiPolygon","arcs":[[[33,-31,34]]],"properties":{"id":1760,"postinumeroalue":"61880","nimi":"Ikkeläjärvi","namn":"Ikkeläjärvi","euref_x":271003,"euref_y":6926658,"pinta_ala":80705439,"vuosi":2026,"kunta":"232","he_vakiy":165,"he_naiset":77,"he_miehet":88,"he_kika":46,"he_0_2":5,"he_3_6":1,"he_7_12":13,"he_13_15":10,"he_16_17":5,"he_18_19":4,"he_20_24":7,"he_25_29":5,"he_30_34":3,"he_35_39":5,"he_40_44":11,"he_45_49":10,"he_50_54":15,"he_55_59":17,"he_60_64":15,"he_65_69":9,"he_70_74":9,"he_75_79":12,"he_80_84":6,"he_85_":3,"ko_ika18y":131,"ko_perus":39,"ko_koul":92,"ko_yliop":2,"ko_ammat":66,"ko_al_kork":18,"ko_yl_kork":6,"hr_tuy":131,"hr_ktu":26475,"hr_mtu":20758,"hr_pi_tul":43,"hr_ke_tul":66,"hr_hy_tul":22,"hr_ovy":3468208,"te_taly":76,"te_takk":2.2,"te_as_valj":46.5,"te_yks":31,"te_nuor":7,"te_eil_np":1,"te_laps":16,"te_plap":4,"te_aklap":4,"te_klap":8,"te_teini":10,"te_yhlap":1,"te_aik":34,"te_elak":28,"te_omis_as":63,"te_vuok_as":7,"te_muu_as":6,"tr_kuty":76,"tr_ktu":46092,"tr_mtu":33939,"tr_pi_tul":27,"tr_ke_tul":37,"tr_hy_tul":12,"tr_ovy":3503008,"ra_ke":67,"ra_raky":116,"ra_muut":21,"ra_asrak":95,"ra_asunn":96,"ra_as_kpa":98.1,"ra_pt_as":91,"ra_kt_as":3,"ra_muu_as":2,"tp_tyopy":31,"tp_alku_a":16,"tp_jalo_bf":12,"tp_palv_gu":3,"tp_a_maat":16,"tp_b_kaiv":9,"tp_c_teol":0,"tp_d_ener":0,"tp_e_vesi":0,"tp_f_rake":3,"tp_g_kaup":1,"tp_h_kulj":1,"tp_i_majo":0,"tp_j_info":0,"tp_k_raho":0,"tp_l_kiin":0,"tp_m_erik":0,"tp_n_hall":0,"tp_o_julk":0,"tp_p_koul":0,"tp_q_terv":0,"tp_r_taid":1,"tp_s_muup":0,"tp_t_koti":0,"tp_u_kans":0,"tp_x_tunt":0,"pt_vakiy":165,"pt_tyoll":71,"pt_tyott":11,"pt_0_14":25,"pt_opisk":13,"pt_elakel":42,"pt_muut":3,"city":"suupohja","pno":"61880","unemployment_rate":6.7,"higher_education_rate":18.3,"pensioner_share":25.5,"ownership_rate":82.9,"rental_rate":9.2,"population_density":2,"child_ratio":3.6,"student_share":7.9,"detached_house_share":94.8,"youth_ratio_pct":9.7,"gender_ratio":0.88,"single_parent_hh_pct":1.3,"families_with_children_pct":21.1,"tech_sector_pct":0,"healthcare_workers_pct":0,"employment_rate":43,"elderly_ratio_pct":23.6,"avg_household_size":2.17,"manufacturing_jobs_pct":38.7,"public_sector_jobs_pct":0,"service_sector_jobs_pct":9.7,"new_construction_pct":120.8,"foreign_language_pct":0,"crime_index":41.4,"property_price_sqm":null,"transit_stop_density":null,"air_quality_index":21.7,"green_space_pct":0,"daycare_density":0,"school_density":0,"healthcare_density":0,"restaurant_density":0,"grocery_density":0,"cycling_density":0,"single_person_hh_pct":40.8,"rental_price_sqm":null,"price_to_rent_ratio":null,"walkability_index":76,"traffic_accident_rate":4,"property_price_change_pct":null,"school_quality_score":null,"light_pollution":null,"noise_pollution":null,"voter_turnout_pct":51.3,"party_diversity_index":0.768,"broadband_coverage_pct":50,"ev_charging_density":0,"tree_canopy_pct":null,"transit_reachability_score":null,"sports_facility_density":0,"water_proximity_m":null,"avg_construction_year":1981,"income_history":[[2021,17108],[2022,16632],[2023,17723],[2024,18604],[2025,20019],[2026,20758]],"population_history":[[2021,174],[2022,173],[2023,168],[2024,170],[2025,171],[2026,165]],"unemployment_history":[[2021,4.6],[2022,4.6],[2023,6.5],[2024,5.3],[2025,4.1],[2026,6.7]],"income_change_pct":21.3,"population_change_pct":-5.2,"unemployment_change_pct":45.7}},{"type":"MultiPolygon","arcs":[[[35,36,-32,-34,37,38]]],"properties":{"id":1761,"postinumeroalue":"61910","nimi":"Nummijärvi","namn":"Nummijärvi","euref_x":265325,"euref_y":6915875,"pinta_ala":114268030,"vuosi":2026,"kunta":"232","he_vakiy":215,"he_naiset":98,"he_miehet":117,"he_kika":55,"he_0_2":5,"he_3_6":3,"he_7_12":6,"he_13_15":4,"he_16_17":7,"he_18_19":2,"he_20_24":7,"he_25_29":6,"he_30_34":7,"he_35_39":6,"he_40_44":7,"he_45_49":9,"he_50_54":17,"he_55_59":14,"he_60_64":23,"he_65_69":29,"he_70_74":17,"he_75_79":27,"he_80_84":13,"he_85_":6,"ko_ika18y":190,"ko_perus":42,"ko_koul":148,"ko_yliop":4,"ko_ammat":100,"ko_al_kork":39,"ko_yl_kork":5,"hr_tuy":190,"hr_ktu":26652,"hr_mtu":22491,"hr_pi_tul":49,"hr_ke_tul":115,"hr_hy_tul":26,"hr_ovy":5063886,"te_taly":109,"te_takk":2,"te_as_valj":52.4,"te_yks":47,"te_nuor":0,"te_eil_np":1,"te_laps":13,"te_plap":4,"te_aklap":5,"te_klap":5,"te_teini":7,"te_yhlap":1,"te_aik":26,"te_elak":70,"te_omis_as":95,"te_vuok_as":11,"te_muu_as":3,"tr_kuty":109,"tr_ktu":46612,"tr_mtu":36586,"tr_pi_tul":39,"tr_ke_tul":57,"tr_hy_tul":13,"tr_ovy":5080725,"ra_ke":248,"ra_raky":160,"ra_muut":30,"ra_asrak":130,"ra_asunn":141,"ra_as_kpa":98.3,"ra_pt_as":139,"ra_kt_as":0,"ra_muu_as":2,"tp_tyopy":42,"tp_alku_a":21,"tp_jalo_bf":9,"tp_palv_gu":12,"tp_a_maat":21,"tp_b_kaiv":5,"tp_c_teol":2,"tp_d_ener":0,"tp_e_vesi":0,"tp_f_rake":2,"tp_g_kaup":0,"tp_h_kulj":5,"tp_i_majo":0,"tp_j_info":0,"tp_k_raho":0,"tp_l_kiin":0,"tp_m_erik":0,"tp_n_hall":1,"tp_o_julk":0,"tp_p_koul":0,"tp_q_terv":6,"tp_r_taid":0,"tp_s_muup":0,"tp_t_koti":0,"tp_u_kans":0,"tp_x_tunt":0,"pt_vakiy":215,"pt_tyoll":86,"pt_tyott":6,"pt_0_14":16,"pt_opisk":10,"pt_elakel":94,"pt_muut":3,"city":"suupohja","pno":"61910","unemployment_rate":2.8,"higher_education_rate":23.2,"pensioner_share":43.7,"ownership_rate":87.2,"rental_rate":10.1,"population_density":2,"child_ratio":3.7,"student_share":4.7,"detached_house_share":98.6,"youth_ratio_pct":7,"gender_ratio":0.84,"single_parent_hh_pct":0.9,"families_with_children_pct":11.9,"tech_sector_pct":0,"healthcare_workers_pct":14.3,"employment_rate":40,"elderly_ratio_pct":42.8,"avg_household_size":1.97,"manufacturing_jobs_pct":21.4,"public_sector_jobs_pct":0,"service_sector_jobs_pct":28.6,"new_construction_pct":113.5,"foreign_language_pct":0.8,"crime_index":31.4,"property_price_sqm":null,"transit_stop_density":null,"air_quality_index":21.4,"green_space_pct":5.4,"daycare_density":0,"school_density":0,"healthcare_density":0,"restaurant_density":0,"grocery_density":0,"cycling_density":0,"single_person_hh_pct":43.1,"rental_price_sqm":null,"price_to_rent_ratio":null,"walkability_index":76,"traffic_accident_rate":1.6,"property_price_change_pct":null,"school_quality_score":null,"light_pollution":null,"noise_pollution":null,"voter_turnout_pct":51.3,"party_diversity_index":0.768,"broadband_coverage_pct":50,"ev_charging_density":0,"tree_canopy_pct":null,"transit_reachability_score":null,"sports_facility_density":0,"water_proximity_m":null,"avg_construction_year":1981,"income_history":[[2021,17864],[2022,18520],[2023,19226],[2024,20653],[2025,20810],[2026,22491]],"population_history":[[2021,257],[2022,248],[2023,243],[2024,233],[2025,223],[2026,215]],"unemployment_history":[[2021,1.9],[2022,2],[2023,0.8],[2024,3.4],[2025,2.2],[2026,2.8]],"income_change_pct":25.9,"population_change_pct":-16.3,"unemployment_change_pct":47.4}},{"type":"MultiPolygon","arcs":[[[-5,39,-39,40]]],"properties":{"id":1762,"postinumeroalue":"61920","nimi":"Nummikoski","namn":"Nummikoski","euref_x":265142,"euref_y":6908546,"pinta_ala":39722070,"vuosi":2026,"kunta":"232","he_vakiy":58,"he_naiset":28,"he_miehet":30,"he_kika":49,"he_0_2":1,"he_3_6":2,"he_7_12":3,"he_13_15":0,"he_16_17":1,"he_18_19":0,"he_20_24":2,"he_25_29":2,"he_30_34":5,"he_35_39":2,"he_40_44":4,"he_45_49":2,"he_50_54":4,"he_55_59":10,"he_60_64":4,"he_65_69":11,"he_70_74":4,"he_75_79":0,"he_80_84":1,"he_85_":0,"ko_ika18y":51,"ko_perus":10,"ko_koul":41,"ko_yliop":1,"ko_ammat":34,"ko_al_kork":2,"ko_yl_kork":4,"hr_tuy":51,"hr_ktu":27203,"hr_mtu":23057,"hr_pi_tul":12,"hr_ke_tul":26,"hr_hy_tul":13,"hr_ovy":1387345,"te_taly":28,"te_takk":null,"te_as_valj":-1,"te_yks":-1,"te_nuor":-1,"te_eil_np":-1,"te_laps":-1,"te_plap":-1,"te_aklap":-1,"te_klap":-1,"te_teini":-1,"te_yhlap":-1,"te_aik":-1,"te_elak":-1,"te_omis_as":null,"te_vuok_as":null,"te_muu_as":-1,"tr_kuty":28,"tr_ktu":-1,"tr_mtu":-1,"tr_pi_tul":-1,"tr_ke_tul":-1,"tr_hy_tul":-1,"tr_ovy":-1,"ra_ke":13,"ra_raky":50,"ra_muut":3,"ra_asrak":47,"ra_asunn":42,"ra_as_kpa":94.8,"ra_pt_as":42,"ra_kt_as":0,"ra_muu_as":0,"tp_tyopy":13,"tp_alku_a":8,"tp_jalo_bf":5,"tp_palv_gu":0,"tp_a_maat":8,"tp_b_kaiv":3,"tp_c_teol":1,"tp_d_ener":0,"tp_e_vesi":0,"tp_f_rake":1,"tp_g_kaup":0,"tp_h_kulj":0,"tp_i_majo":0,"tp_j_info":0,"tp_k_raho":0,"tp_l_kiin":0,"tp_m_erik":0,"tp_n_hall":0,"tp_o_julk":0,"tp_p_koul":0,"tp_q_terv":0,"tp_r_taid":0,"tp_s_muup":0,"tp_t_koti":0,"tp_u_kans":0,"tp_x_tunt":0,"pt_vakiy":58,"pt_tyoll":29,"pt_tyott":1,"pt_0_14":6,"pt_opisk":3,"pt_elakel":18,"pt_muut":1,"city":"suupohja","pno":"61920","unemployment_rate":1.7,"higher_education_rate":11.8,"pensioner_share":31,"ownership_rate":null,"rental_rate":null,"population_density":1,"child_ratio":5.2,"student_share":5.2,"detached_house_share":100,"youth_ratio_pct":6.9,"gender_ratio":0.93,"single_parent_hh_pct":null,"families_with_children_pct":null,"tech_sector_pct":0,"healthcare_workers_pct":0,"employment_rate":50,"elderly_ratio_pct":27.6,"avg_household_size":2.07,"manufacturing_jobs_pct":38.5,"public_sector_jobs_pct":0,"service_sector_jobs_pct":0,"new_construction_pct":119,"foreign_language_pct":0,"crime_index":28.7,"property_price_sqm":null,"transit_stop_density":null,"air_quality_index":21.7,"green_space_pct":19.8,"daycare_density":0,"school_density":0,"healthcare_density":0,"restaurant_density":0,"grocery_density":0,"cycling_density":0,"single_person_hh_pct":null,"rental_price_sqm":null,"price_to_rent_ratio":null,"walkability_index":76,"traffic_accident_rate":5.7,"property_price_change_pct":null,"school_quality_score":null,"light_pollution":null,"noise_pollution":null,"voter_turnout_pct":51.3,"party_diversity_index":0.768,"broadband_coverage_pct":50,"ev_charging_density":0,"tree_canopy_pct":null,"transit_reachability_score":null,"sports_facility_density":0,"water_proximity_m":null,"avg_construction_year":1981,"income_history":[[2021,20139],[2022,16955],[2023,20768],[2024,21306],[2025,22380],[2026,23057]],"population_history":[[2021,56],[2022,60],[2023,67],[2024,61],[2025,59],[2026,58]],"unemployment_history":[[2021,1.8],[2022,1.7],[2023,6],[2024,3.3],[2025,0],[2026,1.7]],"income_change_pct":14.5,"population_change_pct":3.6,"unemployment_change_pct":-5.6}},{"type":"MultiPolygon","arcs":[[[41,-14,-28,-37,42]]],"properties":{"id":1763,"postinumeroalue":"61940","nimi":"Hyyppä","namn":"Hyyppä","euref_x":255815,"euref_y":6918198,"pinta_ala":69624748,"vuosi":2026,"kunta":"232","he_vakiy":260,"he_naiset":115,"he_miehet":145,"he_kika":49,"he_0_2":4,"he_3_6":5,"he_7_12":15,"he_13_15":11,"he_16_17":5,"he_18_19":4,"he_20_24":10,"he_25_29":13,"he_30_34":7,"he_35_39":13,"he_40_44":14,"he_45_49":21,"he_50_54":15,"he_55_59":21,"he_60_64":22,"he_65_69":17,"he_70_74":17,"he_75_79":25,"he_80_84":13,"he_85_":8,"ko_ika18y":220,"ko_perus":66,"ko_koul":154,"ko_yliop":3,"ko_ammat":117,"ko_al_kork":28,"ko_yl_kork":6,"hr_tuy":220,"hr_ktu":25624,"hr_mtu":24149,"hr_pi_tul":49,"hr_ke_tul":140,"hr_hy_tul":31,"hr_ovy":5637299,"te_taly":126,"te_takk":2.1,"te_as_valj":49.2,"te_yks":48,"te_nuor":5,"te_eil_np":2,"te_laps":24,"te_plap":4,"te_aklap":7,"te_klap":10,"te_teini":12,"te_yhlap":4,"te_aik":47,"te_elak":55,"te_omis_as":118,"te_vuok_as":6,"te_muu_as":2,"tr_kuty":126,"tr_ktu":44966,"tr_mtu":39201,"tr_pi_tul":29,"tr_ke_tul":82,"tr_hy_tul":15,"tr_ovy":5665728,"ra_ke":25,"ra_raky":164,"ra_muut":13,"ra_asrak":151,"ra_asunn":154,"ra_as_kpa":97.4,"ra_pt_as":150,"ra_kt_as":4,"ra_muu_as":0,"tp_tyopy":30,"tp_alku_a":15,"tp_jalo_bf":6,"tp_palv_gu":9,"tp_a_maat":15,"tp_b_kaiv":0,"tp_c_teol":0,"tp_d_ener":0,"tp_e_vesi":0,"tp_f_rake":6,"tp_g_kaup":0,"tp_h_kulj":0,"tp_i_majo":0,"tp_j_info":0,"tp_k_raho":0,"tp_l_kiin":0,"tp_m_erik":0,"tp_n_hall":1,"tp_o_julk":0,"tp_p_koul":1,"tp_q_terv":7,"tp_r_taid":0,"tp_s_muup":0,"tp_t_koti":0,"tp_u_kans":0,"tp_x_tunt":0,"pt_vakiy":260,"pt_tyoll":111,"pt_tyott":11,"pt_0_14":30,"pt_opisk":13,"pt_elakel":87,"pt_muut":8,"city":"suupohja","pno":"61940","unemployment_rate":4.2,"higher_education_rate":15.5,"pensioner_share":33.5,"ownership_rate":93.7,"rental_rate":4.8,"population_density":4,"child_ratio":3.5,"student_share":5,"detached_house_share":97.4,"youth_ratio_pct":10.4,"gender_ratio":0.79,"single_parent_hh_pct":1.6,"families_with_children_pct":19,"tech_sector_pct":0,"healthcare_workers_pct":23.3,"employment_rate":42.7,"elderly_ratio_pct":30.8,"avg_household_size":2.06,"manufacturing_jobs_pct":20,"public_sector_jobs_pct":0,"service_sector_jobs_pct":30,"new_construction_pct":106.5,"foreign_language_pct":0.7,"crime_index":40.8,"property_price_sqm":null,"transit_stop_density":null,"air_quality_index":21.1,"green_space_pct":0,"daycare_density":0,"school_density":0,"healthcare_density":0,"restaurant_density":0,"grocery_density":0,"cycling_density":0,"single_person_hh_pct":38.1,"rental_price_sqm":null,"price_to_rent_ratio":null,"walkability_index":76,"traffic_accident_rate":null,"property_price_change_pct":null,"school_quality_score":null,"light_pollution":null,"noise_pollution":null,"voter_turnout_pct":51.3,"party_diversity_index":0.768,"broadband_coverage_pct":50,"ev_charging_density":0,"tree_canopy_pct":null,"transit_reachability_score":null,"sports_facility_density":0.1,"water_proximity_m":null,"avg_construction_year":1981,"income_history":[[2021,20229],[2022,20720],[2023,20040],[2024,20656],[2025,23284],[2026,24149]],"population_history":[[2021,281],[2022,275],[2023,281],[2024,272],[2025,272],[2026,260]],"unemployment_history":[[2021,2.1],[2022,5.8],[2023,5],[2024,3.7],[2025,5.1],[2026,4.2]],"income_change_pct":19.4,"population_change_pct":-7.5,"unemployment_change_pct":100}},{"type":"MultiPolygon","arcs":[[[-9,43,-43,-36,-40]]],"properties":{"id":1764,"postinumeroalue":"61950","nimi":"Juonikylä","namn":"Juonikylä","euref_x":255339,"euref_y":6910950,"pinta_ala":68600889,"vuosi":2026,"kunta":"232","he_vakiy":139,"he_naiset":60,"he_miehet":79,"he_kika":52,"he_0_2":2,"he_3_6":5,"he_7_12":11,"he_13_15":2,"he_16_17":1,"he_18_19":1,"he_20_24":3,"he_25_29":3,"he_30_34":5,"he_35_39":7,"he_40_44":6,"he_45_49":5,"he_50_54":9,"he_55_59":16,"he_60_64":11,"he_65_69":13,"he_70_74":12,"he_75_79":16,"he_80_84":10,"he_85_":1,"ko_ika18y":118,"ko_perus":35,"ko_koul":83,"ko_yliop":0,"ko_ammat":63,"ko_al_kork":18,"ko_yl_kork":2,"hr_tuy":118,"hr_ktu":23760,"hr_mtu":20353,"hr_pi_tul":37,"hr_ke_tul":68,"hr_hy_tul":13,"hr_ovy":2803678,"te_taly":76,"te_takk":1.8,"te_as_valj":53.1,"te_yks":40,"te_nuor":6,"te_eil_np":0,"te_laps":9,"te_plap":2,"te_aklap":7,"te_klap":7,"te_teini":2,"te_yhlap":0,"te_aik":30,"te_elak":38,"te_omis_as":61,"te_vuok_as":14,"te_muu_as":1,"tr_kuty":76,"tr_ktu":36939,"tr_mtu":30464,"tr_pi_tul":29,"tr_ke_tul":42,"tr_hy_tul":5,"tr_ovy":2807358,"ra_ke":9,"ra_raky":104,"ra_muut":14,"ra_asrak":90,"ra_asunn":104,"ra_as_kpa":92,"ra_pt_as":97,"ra_kt_as":5,"ra_muu_as":2,"tp_tyopy":21,"tp_alku_a":7,"tp_jalo_bf":13,"tp_palv_gu":1,"tp_a_maat":7,"tp_b_kaiv":0,"tp_c_teol":0,"tp_d_ener":0,"tp_e_vesi":0,"tp_f_rake":13,"tp_g_kaup":0,"tp_h_kulj":1,"tp_i_majo":0,"tp_j_info":0,"tp_k_raho":0,"tp_l_kiin":0,"tp_m_erik":0,"tp_n_hall":0,"tp_o_julk":0,"tp_p_koul":0,"tp_q_terv":0,"tp_r_taid":0,"tp_s_muup":0,"tp_t_koti":0,"tp_u_kans":0,"tp_x_tunt":0,"pt_vakiy":139,"pt_tyoll":39,"pt_tyott":16,"pt_0_14":18,"pt_opisk":4,"pt_elakel":58,"pt_muut":4,"city":"suupohja","pno":"61950","unemployment_rate":11.5,"higher_education_rate":16.9,"pensioner_share":41.7,"ownership_rate":80.3,"rental_rate":18.4,"population_density":2,"child_ratio":5,"student_share":2.9,"detached_house_share":93.3,"youth_ratio_pct":5,"gender_ratio":0.76,"single_parent_hh_pct":0,"families_with_children_pct":11.8,"tech_sector_pct":0,"healthcare_workers_pct":0,"employment_rate":28.1,"elderly_ratio_pct":37.4,"avg_household_size":1.83,"manufacturing_jobs_pct":61.9,"public_sector_jobs_pct":0,"service_sector_jobs_pct":4.8,"new_construction_pct":100,"foreign_language_pct":1.3,"crime_index":56.9,"property_price_sqm":null,"transit_stop_density":null,"air_quality_index":21.3,"green_space_pct":11.8,"daycare_density":0,"school_density":0,"healthcare_density":0,"restaurant_density":0,"grocery_density":0,"cycling_density":0,"single_person_hh_pct":52.6,"rental_price_sqm":null,"price_to_rent_ratio":null,"walkability_index":76,"traffic_accident_rate":4.8,"property_price_change_pct":null,"school_quality_score":null,"light_pollution":null,"noise_pollution":null,"voter_turnout_pct":51.3,"party_diversity_index":0.768,"broadband_coverage_pct":50,"ev_charging_density":0,"tree_canopy_pct":null,"transit_reachability_score":null,"sports_facility_density":0,"water_proximity_m":null,"avg_construction_year":1980,"income_history":[[2021,16474],[2022,16141],[2023,18528],[2024,17978],[2025,19228],[2026,20353]],"population_history":[[2021,146],[2022,150],[2023,153],[2024,150],[2025,140],[2026,139]],"unemployment_history":[[2021,10.3],[2022,4],[2023,5.2],[2024,6.7],[2025,7.1],[2026,11.5]],"income_change_pct":23.5,"population_change_pct":-4.8,"unemployment_change_pct":11.7}},{"type":"MultiPolygon","arcs":[[[-10,-42,-44,-8,44,45,46,47,-19]]],"properties":{"id":1766,"postinumeroalue":"61980","nimi":"Päntäne","namn":"Päntäne","euref_x":243969,"euref_y":6917510,"pinta_ala":267602487,"vuosi":2026,"kunta":"232","he_vakiy":793,"he_naiset":356,"he_miehet":437,"he_kika":48,"he_0_2":14,"he_3_6":19,"he_7_12":55,"he_13_15":27,"he_16_17":18,"he_18_19":10,"he_20_24":37,"he_25_29":34,"he_30_34":35,"he_35_39":49,"he_40_44":47,"he_45_49":35,"he_50_54":56,"he_55_59":60,"he_60_64":52,"he_65_69":73,"he_70_74":73,"he_75_79":43,"he_80_84":25,"he_85_":31,"ko_ika18y":660,"ko_perus":170,"ko_koul":490,"ko_yliop":14,"ko_ammat":354,"ko_al_kork":105,"ko_yl_kork":17,"hr_tuy":660,"hr_ktu":24984,"hr_mtu":22475,"hr_pi_tul":180,"hr_ke_tul":402,"hr_hy_tul":78,"hr_ovy":16489380,"te_taly":399,"te_takk":2,"te_as_valj":49.5,"te_yks":175,"te_nuor":23,"te_eil_np":10,"te_laps":64,"te_plap":13,"te_aklap":23,"te_klap":39,"te_teini":29,"te_yhlap":15,"te_aik":155,"te_elak":182,"te_omis_as":332,"te_vuok_as":59,"te_muu_as":8,"tr_kuty":399,"tr_ktu":41710,"tr_mtu":35050,"tr_pi_tul":138,"tr_ke_tul":211,"tr_hy_tul":50,"tr_ovy":16642392,"ra_ke":67,"ra_raky":513,"ra_muut":49,"ra_asrak":464,"ra_asunn":534,"ra_as_kpa":90,"ra_pt_as":502,"ra_kt_as":14,"ra_muu_as":18,"tp_tyopy":101,"tp_alku_a":50,"tp_jalo_bf":12,"tp_palv_gu":39,"tp_a_maat":50,"tp_b_kaiv":0,"tp_c_teol":5,"tp_d_ener":0,"tp_e_vesi":1,"tp_f_rake":6,"tp_g_kaup":10,"tp_h_kulj":4,"tp_i_majo":4,"tp_j_info":0,"tp_k_raho":0,"tp_l_kiin":0,"tp_m_erik":5,"tp_n_hall":2,"tp_o_julk":0,"tp_p_koul":9,"tp_q_terv":3,"tp_r_taid":2,"tp_s_muup":0,"tp_t_koti":0,"tp_u_kans":0,"tp_x_tunt":0,"pt_vakiy":793,"pt_tyoll":300,"pt_tyott":40,"pt_0_14":105,"pt_opisk":44,"pt_elakel":274,"pt_muut":30,"city":"suupohja","pno":"61980","unemployment_rate":5,"higher_education_rate":18.5,"pensioner_share":34.6,"ownership_rate":83.2,"rental_rate":14.8,"population_density":3,"child_ratio":4.2,"student_share":5.5,"detached_house_share":94,"youth_ratio_pct":10.2,"gender_ratio":0.81,"single_parent_hh_pct":2.5,"families_with_children_pct":16,"tech_sector_pct":0,"healthcare_workers_pct":3,"employment_rate":37.8,"elderly_ratio_pct":30.9,"avg_household_size":1.99,"manufacturing_jobs_pct":11.9,"public_sector_jobs_pct":0,"service_sector_jobs_pct":38.6,"new_construction_pct":96.1,"foreign_language_pct":0.5,"crime_index":42.9,"property_price_sqm":null,"transit_stop_density":null,"air_quality_index":20.8,"green_space_pct":16,"daycare_density":0,"school_density":0,"healthcare_density":0,"restaurant_density":0,"grocery_density":0,"cycling_density":0,"single_person_hh_pct":43.9,"rental_price_sqm":null,"price_to_rent_ratio":null,"walkability_index":76,"traffic_accident_rate":4.2,"property_price_change_pct":null,"school_quality_score":null,"light_pollution":null,"noise_pollution":null,"voter_turnout_pct":51.3,"party_diversity_index":0.768,"broadband_coverage_pct":50,"ev_charging_density":0,"tree_canopy_pct":null,"transit_reachability_score":null,"sports_facility_density":0,"water_proximity_m":null,"avg_construction_year":1980,"income_history":[[2021,18783],[2022,18811],[2023,19324],[2024,20346],[2025,21351],[2026,22475]],"population_history":[[2021,835],[2022,832],[2023,804],[2024,787],[2025,795],[2026,793]],"unemployment_history":[[2021,4.9],[2022,4.1],[2023,5.8],[2024,4.7],[2025,5],[2026,5]],"income_change_pct":19.7,"population_change_pct":-5,"unemployment_change_pct":2}},{"type":"MultiPolygon","arcs":[[[48,49]]],"properties":{"id":1900,"postinumeroalue":"64930","nimi":"Kodesjärvi","namn":"Kodesjärvi","euref_x":244165,"euref_y":6890966,"pinta_ala":68115880,"vuosi":2026,"kunta":"151","he_vakiy":151,"he_naiset":66,"he_miehet":85,"he_kika":51,"he_0_2":2,"he_3_6":4,"he_7_12":3,"he_13_15":11,"he_16_17":5,"he_18_19":4,"he_20_24":6,"he_25_29":0,"he_30_34":4,"he_35_39":5,"he_40_44":8,"he_45_49":10,"he_50_54":6,"he_55_59":20,"he_60_64":15,"he_65_69":18,"he_70_74":13,"he_75_79":4,"he_80_84":7,"he_85_":6,"ko_ika18y":126,"ko_perus":42,"ko_koul":84,"ko_yliop":4,"ko_ammat":54,"ko_al_kork":16,"ko_yl_kork":10,"hr_tuy":126,"hr_ktu":25371,"hr_mtu":23347,"hr_pi_tul":31,"hr_ke_tul":82,"hr_hy_tul":13,"hr_ovy":3196788,"te_taly":70,"te_takk":2.2,"te_as_valj":47,"te_yks":24,"te_nuor":1,"te_eil_np":0,"te_laps":14,"te_plap":2,"te_aklap":4,"te_klap":3,"te_teini":11,"te_yhlap":3,"te_aik":23,"te_elak":34,"te_omis_as":65,"te_vuok_as":2,"te_muu_as":3,"tr_kuty":70,"tr_ktu":45988,"tr_mtu":38498,"tr_pi_tul":21,"tr_ke_tul":41,"tr_hy_tul":8,"tr_ovy":3219153,"ra_ke":27,"ra_raky":136,"ra_muut":13,"ra_asrak":123,"ra_asunn":102,"ra_as_kpa":95.4,"ra_pt_as":101,"ra_kt_as":0,"ra_muu_as":1,"tp_tyopy":19,"tp_alku_a":8,"tp_jalo_bf":10,"tp_palv_gu":1,"tp_a_maat":8,"tp_b_kaiv":0,"tp_c_teol":0,"tp_d_ener":0,"tp_e_vesi":0,"tp_f_rake":10,"tp_g_kaup":1,"tp_h_kulj":0,"tp_i_majo":0,"tp_j_info":0,"tp_k_raho":0,"tp_l_kiin":0,"tp_m_erik":0,"tp_n_hall":0,"tp_o_julk":0,"tp_p_koul":0,"tp_q_terv":0,"tp_r_taid":0,"tp_s_muup":0,"tp_t_koti":0,"tp_u_kans":0,"tp_x_tunt":0,"pt_vakiy":151,"pt_tyoll":64,"pt_tyott":4,"pt_0_14":18,"pt_opisk":12,"pt_elakel":49,"pt_muut":4,"city":"suupohja","pno":"64930","unemployment_rate":2.6,"higher_education_rate":20.6,"pensioner_share":32.5,"ownership_rate":92.9,"rental_rate":2.9,"population_density":2,"child_ratio":4,"student_share":7.9,"detached_house_share":99,"youth_ratio_pct":6.6,"gender_ratio":0.78,"single_parent_hh_pct":0,"families_with_children_pct":20,"tech_sector_pct":0,"healthcare_workers_pct":0,"employment_rate":42.4,"elderly_ratio_pct":31.8,"avg_household_size":2.16,"manufacturing_jobs_pct":52.6,"public_sector_jobs_pct":0,"service_sector_jobs_pct":5.3,"new_construction_pct":133.3,"foreign_language_pct":5.6,"crime_index":24.5,"property_price_sqm":null,"transit_stop_density":null,"air_quality_index":21.1,"green_space_pct":10.6,"daycare_density":0,"school_density":0,"healthcare_density":0,"restaurant_density":0,"grocery_density":0,"cycling_density":0,"single_person_hh_pct":34.3,"rental_price_sqm":null,"price_to_rent_ratio":null,"walkability_index":76,"traffic_accident_rate":2.2,"property_price_change_pct":null,"school_quality_score":null,"light_pollution":null,"noise_pollution":null,"voter_turnout_pct":67.2,"party_diversity_index":0.876,"broadband_coverage_pct":78,"ev_charging_density":0,"tree_canopy_pct":null,"transit_reachability_score":null,"sports_facility_density":0,"water_proximity_m":null,"avg_construction_year":1974,"income_history":[[2021,19482],[2022,17746],[2023,18562],[2024,21047],[2025,22355],[2026,23347]],"population_history":[[2021,174],[2022,162],[2023,158],[2024,151],[2025,144],[2026,151]],"unemployment_history":[[2021,1.1],[2022,2.5],[2023,5.1],[2024,3.3],[2025,2.8],[2026,2.6]],"income_change_pct":19.8,"population_change_pct":-13.2,"unemployment_change_pct":136.4}},{"type":"MultiPolygon","arcs":[[[50,51,52,53,54,55,-47]]],"properties":{"id":1878,"postinumeroalue":"64350","nimi":"Karijoki Keskus","namn":"Bötom centrum","euref_x":230905,"euref_y":6919080,"pinta_ala":236082571,"vuosi":2026,"kunta":"218","he_vakiy":972,"he_naiset":468,"he_miehet":504,"he_kika":52,"he_0_2":15,"he_3_6":21,"he_7_12":65,"he_13_15":23,"he_16_17":13,"he_18_19":13,"he_20_24":23,"he_25_29":41,"he_30_34":42,"he_35_39":52,"he_40_44":57,"he_45_49":52,"he_50_54":39,"he_55_59":66,"he_60_64":78,"he_65_69":95,"he_70_74":103,"he_75_79":72,"he_80_84":33,"he_85_":69,"ko_ika18y":835,"ko_perus":259,"ko_koul":576,"ko_yliop":16,"ko_ammat":430,"ko_al_kork":110,"ko_yl_kork":20,"hr_tuy":835,"hr_ktu":26141,"hr_mtu":22745,"hr_pi_tul":193,"hr_ke_tul":545,"hr_hy_tul":97,"hr_ovy":21827537,"te_taly":522,"te_takk":1.8,"te_as_valj":51.5,"te_yks":259,"te_nuor":33,"te_eil_np":9,"te_laps":72,"te_plap":14,"te_aklap":26,"te_klap":40,"te_teini":28,"te_yhlap":7,"te_aik":175,"te_elak":275,"te_omis_as":427,"te_vuok_as":87,"te_muu_as":8,"tr_kuty":522,"tr_ktu":41454,"tr_mtu":32309,"tr_pi_tul":168,"tr_ke_tul":297,"tr_hy_tul":57,"tr_ovy":21639180,"ra_ke":73,"ra_raky":632,"ra_muut":94,"ra_asrak":538,"ra_asunn":689,"ra_as_kpa":89,"ra_pt_as":659,"ra_kt_as":7,"ra_muu_as":23,"tp_tyopy":282,"tp_alku_a":77,"tp_jalo_bf":85,"tp_palv_gu":120,"tp_a_maat":77,"tp_b_kaiv":4,"tp_c_teol":61,"tp_d_ener":0,"tp_e_vesi":1,"tp_f_rake":19,"tp_g_kaup":12,"tp_h_kulj":0,"tp_i_majo":5,"tp_j_info":0,"tp_k_raho":0,"tp_l_kiin":1,"tp_m_erik":4,"tp_n_hall":6,"tp_o_julk":13,"tp_p_koul":8,"tp_q_terv":65,"tp_r_taid":2,"tp_s_muup":4,"tp_t_koti":0,"tp_u_kans":0,"tp_x_tunt":0,"pt_vakiy":972,"pt_tyoll":379,"pt_tyott":41,"pt_0_14":115,"pt_opisk":34,"pt_elakel":391,"pt_muut":12,"city":"suupohja","pno":"64350","unemployment_rate":4.2,"higher_education_rate":15.6,"pensioner_share":40.2,"ownership_rate":81.8,"rental_rate":16.7,"population_density":4,"child_ratio":3.7,"student_share":3.5,"detached_house_share":95.6,"youth_ratio_pct":7.9,"gender_ratio":0.93,"single_parent_hh_pct":1.7,"families_with_children_pct":13.8,"tech_sector_pct":0,"healthcare_workers_pct":23,"employment_rate":39,"elderly_ratio_pct":38.3,"avg_household_size":1.86,"manufacturing_jobs_pct":30.1,"public_sector_jobs_pct":4.6,"service_sector_jobs_pct":42.6,"new_construction_pct":91.7,"foreign_language_pct":1.1,"crime_index":36.2,"property_price_sqm":null,"transit_stop_density":null,"air_quality_index":19.9,"green_space_pct":20,"daycare_density":0,"school_density":0,"healthcare_density":0,"restaurant_density":0,"grocery_density":0,"cycling_density":0.1,"single_person_hh_pct":49.6,"rental_price_sqm":null,"price_to_rent_ratio":null,"walkability_index":78,"traffic_accident_rate":1.7,"property_price_change_pct":null,"school_quality_score":null,"light_pollution":null,"noise_pollution":null,"voter_turnout_pct":65.1,"party_diversity_index":0.887,"broadband_coverage_pct":74,"ev_charging_density":0,"tree_canopy_pct":null,"transit_reachability_score":null,"sports_facility_density":0.1,"water_proximity_m":null,"avg_construction_year":1972,"income_history":[[2021,19390],[2022,19470],[2023,19677],[2024,20929],[2025,21551],[2026,22745]],"population_history":[[2021,1039],[2022,1015],[2023,1005],[2024,1010],[2025,1003],[2026,972]],"unemployment_history":[[2021,2.7],[2022,2.6],[2023,3.2],[2024,4],[2025,3.6],[2026,4.2]],"income_change_pct":17.3,"population_change_pct":-6.4,"unemployment_change_pct":55.6}},{"type":"MultiPolygon","arcs":[[[56,-55,57,58]]],"properties":{"id":1879,"postinumeroalue":"64370","nimi":"Myrkky","namn":"Myrkky","euref_x":219866,"euref_y":6927599,"pinta_ala":62447303,"vuosi":2026,"kunta":"218","he_vakiy":223,"he_naiset":106,"he_miehet":117,"he_kika":58,"he_0_2":1,"he_3_6":1,"he_7_12":5,"he_13_15":4,"he_16_17":9,"he_18_19":1,"he_20_24":9,"he_25_29":6,"he_30_34":9,"he_35_39":5,"he_40_44":6,"he_45_49":9,"he_50_54":17,"he_55_59":24,"he_60_64":28,"he_65_69":21,"he_70_74":14,"he_75_79":18,"he_80_84":11,"he_85_":25,"ko_ika18y":203,"ko_perus":70,"ko_koul":133,"ko_yliop":8,"ko_ammat":99,"ko_al_kork":20,"ko_yl_kork":6,"hr_tuy":203,"hr_ktu":25368,"hr_mtu":22683,"hr_pi_tul":50,"hr_ke_tul":124,"hr_hy_tul":29,"hr_ovy":5149666,"te_taly":133,"te_takk":1.7,"te_as_valj":57.7,"te_yks":66,"te_nuor":6,"te_eil_np":2,"te_laps":14,"te_plap":1,"te_aklap":2,"te_klap":4,"te_teini":7,"te_yhlap":1,"te_aik":51,"te_elak":68,"te_omis_as":114,"te_vuok_as":15,"te_muu_as":4,"tr_kuty":133,"tr_ktu":39070,"tr_mtu":31632,"tr_pi_tul":47,"tr_ke_tul":69,"tr_hy_tul":17,"tr_ovy":5196264,"ra_ke":28,"ra_raky":194,"ra_muut":27,"ra_asrak":167,"ra_asunn":192,"ra_as_kpa":90.8,"ra_pt_as":183,"ra_kt_as":3,"ra_muu_as":6,"tp_tyopy":28,"tp_alku_a":11,"tp_jalo_bf":11,"tp_palv_gu":6,"tp_a_maat":11,"tp_b_kaiv":0,"tp_c_teol":2,"tp_d_ener":0,"tp_e_vesi":0,"tp_f_rake":9,"tp_g_kaup":1,"tp_h_kulj":4,"tp_i_majo":0,"tp_j_info":0,"tp_k_raho":0,"tp_l_kiin":0,"tp_m_erik":1,"tp_n_hall":0,"tp_o_julk":0,"tp_p_koul":0,"tp_q_terv":0,"tp_r_taid":0,"tp_s_muup":0,"tp_t_koti":0,"tp_u_kans":0,"tp_x_tunt":0,"pt_vakiy":223,"pt_tyoll":89,"pt_tyott":6,"pt_0_14":10,"pt_opisk":16,"pt_elakel":96,"pt_muut":6,"city":"suupohja","pno":"64370","unemployment_rate":2.7,"higher_education_rate":12.8,"pensioner_share":43,"ownership_rate":85.7,"rental_rate":11.3,"population_density":4,"child_ratio":0.9,"student_share":7.2,"detached_house_share":95.3,"youth_ratio_pct":7.2,"gender_ratio":0.91,"single_parent_hh_pct":1.5,"families_with_children_pct":10.5,"tech_sector_pct":0,"healthcare_workers_pct":0,"employment_rate":39.9,"elderly_ratio_pct":39.9,"avg_household_size":1.68,"manufacturing_jobs_pct":39.3,"public_sector_jobs_pct":0,"service_sector_jobs_pct":21.4,"new_construction_pct":101,"foreign_language_pct":0,"crime_index":31.7,"property_price_sqm":null,"transit_stop_density":null,"air_quality_index":19.1,"green_space_pct":37.3,"daycare_density":0,"school_density":0,"healthcare_density":0,"restaurant_density":0,"grocery_density":0,"cycling_density":0,"single_person_hh_pct":49.6,"rental_price_sqm":null,"price_to_rent_ratio":null,"walkability_index":76,"traffic_accident_rate":1.5,"property_price_change_pct":null,"school_quality_score":null,"light_pollution":null,"noise_pollution":null,"voter_turnout_pct":65.1,"party_diversity_index":0.887,"broadband_coverage_pct":74,"ev_charging_density":0,"tree_canopy_pct":null,"transit_reachability_score":null,"sports_facility_density":0.1,"water_proximity_m":null,"avg_construction_year":1972,"income_history":[[2021,19769],[2022,18956],[2023,19559],[2024,19732],[2025,22037],[2026,22683]],"population_history":[[2021,250],[2022,234],[2023,227],[2024,230],[2025,221],[2026,223]],"unemployment_history":[[2021,4.8],[2022,2.6],[2023,1.3],[2024,3.9],[2025,1.8],[2026,2.7]],"income_change_pct":14.7,"population_change_pct":-10.8,"unemployment_change_pct":-43.7}},{"type":"MultiPolygon","arcs":[[[59,-20,-48,-56,-57,60,61,62,-26,63]]],"properties":{"id":1889,"postinumeroalue":"64700","nimi":"Teuva Keskus","namn":"Östermark centrum","euref_x":230768,"euref_y":6940974,"pinta_ala":277060305,"vuosi":2026,"kunta":"846","he_vakiy":2943,"he_naiset":1476,"he_miehet":1467,"he_kika":51,"he_0_2":41,"he_3_6":85,"he_7_12":172,"he_13_15":110,"he_16_17":70,"he_18_19":59,"he_20_24":99,"he_25_29":89,"he_30_34":98,"he_35_39":141,"he_40_44":129,"he_45_49":155,"he_50_54":161,"he_55_59":208,"he_60_64":240,"he_65_69":246,"he_70_74":248,"he_75_79":268,"he_80_84":147,"he_85_":177,"ko_ika18y":2465,"ko_perus":663,"ko_koul":1802,"ko_yliop":65,"ko_ammat":1244,"ko_al_kork":416,"ko_yl_kork":77,"hr_tuy":2465,"hr_ktu":26163,"hr_mtu":23079,"hr_pi_tul":526,"hr_ke_tul":1661,"hr_hy_tul":278,"hr_ovy":64492785,"te_taly":1475,"te_takk":1.9,"te_as_valj":51,"te_yks":661,"te_nuor":97,"te_eil_np":13,"te_laps":233,"te_plap":38,"te_aklap":90,"te_klap":119,"te_teini":131,"te_yhlap":45,"te_aik":509,"te_elak":743,"te_omis_as":1134,"te_vuok_as":315,"te_muu_as":26,"tr_kuty":1475,"tr_ktu":42928,"tr_mtu":35897,"tr_pi_tul":427,"tr_ke_tul":895,"tr_hy_tul":153,"tr_ovy":63318065,"ra_ke":94,"ra_raky":1597,"ra_muut":252,"ra_asrak":1345,"ra_asunn":1840,"ra_as_kpa":94.9,"ra_pt_as":1688,"ra_kt_as":76,"ra_muu_as":76,"tp_tyopy":973,"tp_alku_a":73,"tp_jalo_bf":250,"tp_palv_gu":650,"tp_a_maat":73,"tp_b_kaiv":2,"tp_c_teol":158,"tp_d_ener":1,"tp_e_vesi":5,"tp_f_rake":84,"tp_g_kaup":74,"tp_h_kulj":25,"tp_i_majo":27,"tp_j_info":9,"tp_k_raho":13,"tp_l_kiin":14,"tp_m_erik":25,"tp_n_hall":46,"tp_o_julk":15,"tp_p_koul":69,"tp_q_terv":282,"tp_r_taid":22,"tp_s_muup":29,"tp_t_koti":0,"tp_u_kans":0,"tp_x_tunt":0,"pt_vakiy":2943,"pt_tyoll":1027,"pt_tyott":146,"pt_0_14":374,"pt_opisk":140,"pt_elakel":1188,"pt_muut":68,"city":"suupohja","pno":"64700","unemployment_rate":5,"higher_education_rate":20,"pensioner_share":40.4,"ownership_rate":76.9,"rental_rate":21.4,"population_density":11,"child_ratio":4.3,"student_share":4.8,"detached_house_share":91.7,"youth_ratio_pct":8.4,"gender_ratio":1.01,"single_parent_hh_pct":0.9,"families_with_children_pct":15.8,"tech_sector_pct":0.9,"healthcare_workers_pct":29,"employment_rate":34.9,"elderly_ratio_pct":36.9,"avg_household_size":2,"manufacturing_jobs_pct":25.7,"public_sector_jobs_pct":1.5,"service_sector_jobs_pct":66.8,"new_construction_pct":86.8,"foreign_language_pct":1.3,"crime_index":59.9,"property_price_sqm":null,"transit_stop_density":null,"air_quality_index":19.7,"green_space_pct":52.5,"daycare_density":0,"school_density":0,"healthcare_density":0,"restaurant_density":0,"grocery_density":0,"cycling_density":0.2,"single_person_hh_pct":44.8,"rental_price_sqm":null,"price_to_rent_ratio":null,"walkability_index":78,"traffic_accident_rate":0.7,"property_price_change_pct":null,"school_quality_score":59.7,"light_pollution":null,"noise_pollution":null,"voter_turnout_pct":57.6,"party_diversity_index":0.849,"broadband_coverage_pct":46,"ev_charging_density":0,"tree_canopy_pct":null,"transit_reachability_score":null,"sports_facility_density":0.1,"water_proximity_m":null,"avg_construction_year":1969,"income_history":[[2021,19131],[2022,19313],[2023,19962],[2024,20846],[2025,21936],[2026,23079]],"population_history":[[2021,3234],[2022,3146],[2023,3113],[2024,3060],[2025,3007],[2026,2943]],"unemployment_history":[[2021,2.8],[2022,2.4],[2023,3],[2024,3.9],[2025,4.3],[2026,5]],"income_change_pct":20.6,"population_change_pct":-9,"unemployment_change_pct":78.6}},{"type":"MultiPolygon","arcs":[[[-59,64,65,-61]]],"properties":{"id":1890,"postinumeroalue":"64720","nimi":"Perälä","namn":"Perälä","euref_x":220905,"euref_y":6938331,"pinta_ala":68082779,"vuosi":2026,"kunta":"846","he_vakiy":520,"he_naiset":235,"he_miehet":285,"he_kika":51,"he_0_2":10,"he_3_6":18,"he_7_12":34,"he_13_15":19,"he_16_17":12,"he_18_19":7,"he_20_24":14,"he_25_29":14,"he_30_34":15,"he_35_39":18,"he_40_44":26,"he_45_49":27,"he_50_54":27,"he_55_59":39,"he_60_64":59,"he_65_69":49,"he_70_74":56,"he_75_79":34,"he_80_84":15,"he_85_":27,"ko_ika18y":427,"ko_perus":119,"ko_koul":308,"ko_yliop":7,"ko_ammat":236,"ko_al_kork":55,"ko_yl_kork":10,"hr_tuy":427,"hr_ktu":26708,"hr_mtu":23570,"hr_pi_tul":111,"hr_ke_tul":262,"hr_hy_tul":54,"hr_ovy":11404144,"te_taly":255,"te_takk":2,"te_as_valj":50.6,"te_yks":103,"te_nuor":8,"te_eil_np":3,"te_laps":37,"te_plap":7,"te_aklap":15,"te_klap":25,"te_teini":22,"te_yhlap":6,"te_aik":91,"te_elak":127,"te_omis_as":231,"te_vuok_as":15,"te_muu_as":9,"tr_kuty":255,"tr_ktu":45053,"tr_mtu":38241,"tr_pi_tul":78,"tr_ke_tul":146,"tr_hy_tul":31,"tr_ovy":11488592,"ra_ke":15,"ra_raky":357,"ra_muut":34,"ra_asrak":323,"ra_asunn":325,"ra_as_kpa":96.9,"ra_pt_as":323,"ra_kt_as":0,"ra_muu_as":2,"tp_tyopy":138,"tp_alku_a":19,"tp_jalo_bf":57,"tp_palv_gu":62,"tp_a_maat":19,"tp_b_kaiv":0,"tp_c_teol":46,"tp_d_ener":0,"tp_e_vesi":0,"tp_f_rake":11,"tp_g_kaup":7,"tp_h_kulj":46,"tp_i_majo":0,"tp_j_info":0,"tp_k_raho":0,"tp_l_kiin":0,"tp_m_erik":2,"tp_n_hall":1,"tp_o_julk":0,"tp_p_koul":5,"tp_q_terv":1,"tp_r_taid":0,"tp_s_muup":0,"tp_t_koti":0,"tp_u_kans":0,"tp_x_tunt":0,"pt_vakiy":520,"pt_tyoll":191,"pt_tyott":18,"pt_0_14":74,"pt_opisk":24,"pt_elakel":192,"pt_muut":21,"city":"suupohja","pno":"64720","unemployment_rate":3.5,"higher_education_rate":15.2,"pensioner_share":36.9,"ownership_rate":90.6,"rental_rate":5.9,"population_density":8,"child_ratio":5.4,"student_share":4.6,"detached_house_share":99.4,"youth_ratio_pct":6.7,"gender_ratio":0.82,"single_parent_hh_pct":1.2,"families_with_children_pct":14.5,"tech_sector_pct":0,"healthcare_workers_pct":0.7,"employment_rate":36.7,"elderly_ratio_pct":34.8,"avg_household_size":2.04,"manufacturing_jobs_pct":41.3,"public_sector_jobs_pct":0,"service_sector_jobs_pct":44.9,"new_construction_pct":109.8,"foreign_language_pct":0.9,"crime_index":47.6,"property_price_sqm":null,"transit_stop_density":null,"air_quality_index":19.1,"green_space_pct":67.4,"daycare_density":0,"school_density":0,"healthcare_density":0,"restaurant_density":0,"grocery_density":0,"cycling_density":0.1,"single_person_hh_pct":40.4,"rental_price_sqm":null,"price_to_rent_ratio":null,"walkability_index":78,"traffic_accident_rate":1.9,"property_price_change_pct":null,"school_quality_score":null,"light_pollution":null,"noise_pollution":null,"voter_turnout_pct":57.6,"party_diversity_index":0.849,"broadband_coverage_pct":46,"ev_charging_density":0,"tree_canopy_pct":null,"transit_reachability_score":null,"sports_facility_density":0,"water_proximity_m":null,"avg_construction_year":1970,"income_history":[[2021,20276],[2022,20086],[2023,21419],[2024,21224],[2025,22084],[2026,23570]],"population_history":[[2021,559],[2022,582],[2023,588],[2024,579],[2025,559],[2026,520]],"unemployment_history":[[2021,3.6],[2022,2.6],[2023,3.7],[2024,5],[2025,3.9],[2026,3.5]],"income_change_pct":16.2,"population_change_pct":-7,"unemployment_change_pct":-2.8}},{"type":"MultiPolygon","arcs":[[[-66,66,-62]]],"properties":{"id":1891,"postinumeroalue":"64740","nimi":"Horo","namn":"Horo","euref_x":225529,"euref_y":6950178,"pinta_ala":58596136,"vuosi":2026,"kunta":"846","he_vakiy":186,"he_naiset":83,"he_miehet":103,"he_kika":58,"he_0_2":3,"he_3_6":2,"he_7_12":5,"he_13_15":1,"he_16_17":2,"he_18_19":4,"he_20_24":11,"he_25_29":4,"he_30_34":1,"he_35_39":6,"he_40_44":8,"he_45_49":9,"he_50_54":9,"he_55_59":13,"he_60_64":21,"he_65_69":16,"he_70_74":17,"he_75_79":23,"he_80_84":15,"he_85_":16,"ko_ika18y":173,"ko_perus":53,"ko_koul":120,"ko_yliop":7,"ko_ammat":84,"ko_al_kork":23,"ko_yl_kork":6,"hr_tuy":173,"hr_ktu":28908,"hr_mtu":20890,"hr_pi_tul":48,"hr_ke_tul":102,"hr_hy_tul":23,"hr_ovy":5001065,"te_taly":97,"te_takk":1.9,"te_as_valj":55,"te_yks":35,"te_nuor":3,"te_eil_np":1,"te_laps":8,"te_plap":3,"te_aklap":4,"te_klap":3,"te_teini":3,"te_yhlap":2,"te_aik":32,"te_elak":57,"te_omis_as":90,"te_vuok_as":3,"te_muu_as":4,"tr_kuty":97,"tr_ktu":51681,"tr_mtu":36136,"tr_pi_tul":26,"tr_ke_tul":58,"tr_hy_tul":13,"tr_ovy":5013054,"ra_ke":14,"ra_raky":163,"ra_muut":15,"ra_asrak":148,"ra_asunn":151,"ra_as_kpa":96.9,"ra_pt_as":151,"ra_kt_as":0,"ra_muu_as":0,"tp_tyopy":31,"tp_alku_a":12,"tp_jalo_bf":16,"tp_palv_gu":3,"tp_a_maat":12,"tp_b_kaiv":0,"tp_c_teol":15,"tp_d_ener":0,"tp_e_vesi":0,"tp_f_rake":1,"tp_g_kaup":2,"tp_h_kulj":0,"tp_i_majo":0,"tp_j_info":0,"tp_k_raho":0,"tp_l_kiin":0,"tp_m_erik":0,"tp_n_hall":0,"tp_o_julk":0,"tp_p_koul":0,"tp_q_terv":0,"tp_r_taid":0,"tp_s_muup":1,"tp_t_koti":0,"tp_u_kans":0,"tp_x_tunt":0,"pt_vakiy":186,"pt_tyoll":60,"pt_tyott":15,"pt_0_14":11,"pt_opisk":6,"pt_elakel":91,"pt_muut":3,"city":"suupohja","pno":"64740","unemployment_rate":8.1,"higher_education_rate":16.8,"pensioner_share":48.9,"ownership_rate":92.8,"rental_rate":3.1,"population_density":3,"child_ratio":2.7,"student_share":3.2,"detached_house_share":100,"youth_ratio_pct":10.2,"gender_ratio":0.81,"single_parent_hh_pct":1,"families_with_children_pct":8.2,"tech_sector_pct":0,"healthcare_workers_pct":0,"employment_rate":32.3,"elderly_ratio_pct":46.8,"avg_household_size":1.92,"manufacturing_jobs_pct":51.6,"public_sector_jobs_pct":0,"service_sector_jobs_pct":9.7,"new_construction_pct":107.9,"foreign_language_pct":0.5,"crime_index":48.6,"property_price_sqm":null,"transit_stop_density":null,"air_quality_index":19.1,"green_space_pct":83.9,"daycare_density":0,"school_density":0,"healthcare_density":0,"restaurant_density":0,"grocery_density":0,"cycling_density":0,"single_person_hh_pct":36.1,"rental_price_sqm":null,"price_to_rent_ratio":null,"walkability_index":76,"traffic_accident_rate":null,"property_price_change_pct":null,"school_quality_score":null,"light_pollution":null,"noise_pollution":null,"voter_turnout_pct":57.6,"party_diversity_index":0.849,"broadband_coverage_pct":46,"ev_charging_density":0,"tree_canopy_pct":null,"transit_reachability_score":null,"sports_facility_density":0,"water_proximity_m":null,"avg_construction_year":1970,"income_history":[[2021,16036],[2022,16273],[2023,17840],[2024,17773],[2025,20816],[2026,20890]],"population_history":[[2021,221],[2022,218],[2023,208],[2024,192],[2025,182],[2026,186]],"unemployment_history":[[2021,1.4],[2022,2.3],[2023,2.9],[2024,4.7],[2025,3.3],[2026,8.1]],"income_change_pct":30.3,"population_change_pct":-15.8,"unemployment_change_pct":478.6}},{"type":"MultiPolygon","arcs":[[[-64,-25,67]]],"properties":{"id":1892,"postinumeroalue":"64760","nimi":"Peltola","namn":"Peltola","euref_x":235838,"euref_y":6941102,"pinta_ala":33204478,"vuosi":2026,"kunta":"846","he_vakiy":297,"he_naiset":130,"he_miehet":167,"he_kika":52,"he_0_2":4,"he_3_6":4,"he_7_12":12,"he_13_15":6,"he_16_17":7,"he_18_19":6,"he_20_24":14,"he_25_29":17,"he_30_34":18,"he_35_39":12,"he_40_44":7,"he_45_49":13,"he_50_54":17,"he_55_59":24,"he_60_64":29,"he_65_69":29,"he_70_74":21,"he_75_79":24,"he_80_84":16,"he_85_":17,"ko_ika18y":264,"ko_perus":76,"ko_koul":188,"ko_yliop":7,"ko_ammat":138,"ko_al_kork":36,"ko_yl_kork":7,"hr_tuy":264,"hr_ktu":24552,"hr_mtu":22949,"hr_pi_tul":67,"hr_ke_tul":171,"hr_hy_tul":26,"hr_ovy":6481617,"te_taly":151,"te_takk":2,"te_as_valj":53.7,"te_yks":56,"te_nuor":10,"te_eil_np":5,"te_laps":20,"te_plap":4,"te_aklap":7,"te_klap":9,"te_teini":12,"te_yhlap":1,"te_aik":57,"te_elak":76,"te_omis_as":133,"te_vuok_as":13,"te_muu_as":5,"tr_kuty":151,"tr_ktu":43275,"tr_mtu":37639,"tr_pi_tul":37,"tr_ke_tul":97,"tr_hy_tul":17,"tr_ovy":6534532,"ra_ke":2,"ra_raky":192,"ra_muut":19,"ra_asrak":173,"ra_asunn":183,"ra_as_kpa":101.7,"ra_pt_as":182,"ra_kt_as":0,"ra_muu_as":1,"tp_tyopy":76,"tp_alku_a":20,"tp_jalo_bf":41,"tp_palv_gu":15,"tp_a_maat":20,"tp_b_kaiv":0,"tp_c_teol":20,"tp_d_ener":0,"tp_e_vesi":1,"tp_f_rake":20,"tp_g_kaup":7,"tp_h_kulj":3,"tp_i_majo":0,"tp_j_info":0,"tp_k_raho":0,"tp_l_kiin":0,"tp_m_erik":5,"tp_n_hall":0,"tp_o_julk":0,"tp_p_koul":0,"tp_q_terv":0,"tp_r_taid":0,"tp_s_muup":0,"tp_t_koti":0,"tp_u_kans":0,"tp_x_tunt":0,"pt_vakiy":297,"pt_tyoll":128,"pt_tyott":11,"pt_0_14":23,"pt_opisk":18,"pt_elakel":106,"pt_muut":11,"city":"suupohja","pno":"64760","unemployment_rate":3.7,"higher_education_rate":16.3,"pensioner_share":35.7,"ownership_rate":88.1,"rental_rate":8.6,"population_density":9,"child_ratio":2.7,"student_share":6.1,"detached_house_share":99.5,"youth_ratio_pct":12.5,"gender_ratio":0.78,"single_parent_hh_pct":3.3,"families_with_children_pct":13.2,"tech_sector_pct":0,"healthcare_workers_pct":0,"employment_rate":43.1,"elderly_ratio_pct":36,"avg_household_size":1.97,"manufacturing_jobs_pct":53.9,"public_sector_jobs_pct":0,"service_sector_jobs_pct":19.7,"new_construction_pct":104.9,"foreign_language_pct":2.9,"crime_index":50.3,"property_price_sqm":null,"transit_stop_density":null,"air_quality_index":20.2,"green_space_pct":50.2,"daycare_density":0,"school_density":0,"healthcare_density":0,"restaurant_density":0,"grocery_density":0,"cycling_density":0,"single_person_hh_pct":37.1,"rental_price_sqm":null,"price_to_rent_ratio":null,"walkability_index":76,"traffic_accident_rate":4.5,"property_price_change_pct":null,"school_quality_score":null,"light_pollution":null,"noise_pollution":null,"voter_turnout_pct":57.6,"party_diversity_index":0.849,"broadband_coverage_pct":46,"ev_charging_density":0,"tree_canopy_pct":null,"transit_reachability_score":null,"sports_facility_density":0,"water_proximity_m":null,"avg_construction_year":1970,"income_history":[[2021,19493],[2022,19584],[2023,21078],[2024,21178],[2025,22319],[2026,22949]],"population_history":[[2021,305],[2022,307],[2023,311],[2024,307],[2025,298],[2026,297]],"unemployment_history":[[2021,3.3],[2022,3.9],[2023,2.9],[2024,3.3],[2025,6],[2026,3.7]],"income_change_pct":17.7,"population_change_pct":-2.6,"unemployment_change_pct":12.1}},{"type":"MultiPolygon","arcs":[[[-60,-68,-24,-21]]],"properties":{"id":1893,"postinumeroalue":"64770","nimi":"Äystö","namn":"Äystö","euref_x":237491,"euref_y":6937747,"pinta_ala":71607876,"vuosi":2026,"kunta":"846","he_vakiy":454,"he_naiset":210,"he_miehet":244,"he_kika":42,"he_0_2":11,"he_3_6":20,"he_7_12":50,"he_13_15":22,"he_16_17":10,"he_18_19":8,"he_20_24":14,"he_25_29":18,"he_30_34":29,"he_35_39":31,"he_40_44":37,"he_45_49":17,"he_50_54":17,"he_55_59":32,"he_60_64":30,"he_65_69":38,"he_70_74":27,"he_75_79":27,"he_80_84":9,"he_85_":7,"ko_ika18y":341,"ko_perus":89,"ko_koul":252,"ko_yliop":6,"ko_ammat":186,"ko_al_kork":51,"ko_yl_kork":9,"hr_tuy":341,"hr_ktu":27482,"hr_mtu":24162,"hr_pi_tul":83,"hr_ke_tul":198,"hr_hy_tul":60,"hr_ovy":9371467,"te_taly":199,"te_takk":2.3,"te_as_valj":46.2,"te_yks":78,"te_nuor":10,"te_eil_np":4,"te_laps":47,"te_plap":7,"te_aklap":20,"te_klap":30,"te_teini":22,"te_yhlap":3,"te_aik":70,"te_elak":83,"te_omis_as":178,"te_vuok_as":18,"te_muu_as":3,"tr_kuty":199,"tr_ktu":47729,"tr_mtu":40825,"tr_pi_tul":60,"tr_ke_tul":113,"tr_hy_tul":26,"tr_ovy":9498093,"ra_ke":16,"ra_raky":276,"ra_muut":37,"ra_asrak":239,"ra_asunn":247,"ra_as_kpa":101.8,"ra_pt_as":240,"ra_kt_as":0,"ra_muu_as":7,"tp_tyopy":155,"tp_alku_a":110,"tp_jalo_bf":24,"tp_palv_gu":21,"tp_a_maat":110,"tp_b_kaiv":1,"tp_c_teol":11,"tp_d_ener":0,"tp_e_vesi":0,"tp_f_rake":12,"tp_g_kaup":1,"tp_h_kulj":1,"tp_i_majo":0,"tp_j_info":0,"tp_k_raho":0,"tp_l_kiin":0,"tp_m_erik":1,"tp_n_hall":0,"tp_o_julk":0,"tp_p_koul":4,"tp_q_terv":12,"tp_r_taid":1,"tp_s_muup":1,"tp_t_koti":0,"tp_u_kans":0,"tp_x_tunt":0,"pt_vakiy":454,"pt_tyoll":180,"pt_tyott":23,"pt_0_14":95,"pt_opisk":32,"pt_elakel":111,"pt_muut":13,"city":"suupohja","pno":"64770","unemployment_rate":5.1,"higher_education_rate":17.6,"pensioner_share":24.4,"ownership_rate":89.4,"rental_rate":9,"population_density":6,"child_ratio":6.8,"student_share":7,"detached_house_share":97.2,"youth_ratio_pct":8.8,"gender_ratio":0.86,"single_parent_hh_pct":2,"families_with_children_pct":23.6,"tech_sector_pct":0,"healthcare_workers_pct":7.7,"employment_rate":39.6,"elderly_ratio_pct":23.8,"avg_household_size":2.28,"manufacturing_jobs_pct":15.5,"public_sector_jobs_pct":0,"service_sector_jobs_pct":13.5,"new_construction_pct":111.7,"foreign_language_pct":1.7,"crime_index":49.8,"property_price_sqm":null,"transit_stop_density":null,"air_quality_index":20.5,"green_space_pct":20.3,"daycare_density":0,"school_density":0,"healthcare_density":0,"restaurant_density":0,"grocery_density":0,"cycling_density":0,"single_person_hh_pct":39.2,"rental_price_sqm":null,"price_to_rent_ratio":null,"walkability_index":76,"traffic_accident_rate":3.7,"property_price_change_pct":null,"school_quality_score":null,"light_pollution":null,"noise_pollution":null,"voter_turnout_pct":57.6,"party_diversity_index":0.849,"broadband_coverage_pct":46,"ev_charging_density":0,"tree_canopy_pct":null,"transit_reachability_score":null,"sports_facility_density":0,"water_proximity_m":null,"avg_construction_year":1970,"income_history":[[2021,20445],[2022,21068],[2023,22243],[2024,22169],[2025,23707],[2026,24162]],"population_history":[[2021,491],[2022,484],[2023,477],[2024,466],[2025,459],[2026,454]],"unemployment_history":[[2021,3.1],[2022,4.1],[2023,3.4],[2024,3],[2025,3.9],[2026,5.1]],"income_change_pct":18.2,"population_change_pct":-7.5,"unemployment_change_pct":64.5}},{"type":"MultiPolygon","arcs":[[[-2,68,-53,69,70]]],"properties":{"id":1894,"postinumeroalue":"64810","nimi":"Vanhakylä","namn":"Vanhakylä","euref_x":229204,"euref_y":6905533,"pinta_ala":63608385,"vuosi":2026,"kunta":"151","he_vakiy":174,"he_naiset":80,"he_miehet":94,"he_kika":52,"he_0_2":1,"he_3_6":5,"he_7_12":11,"he_13_15":7,"he_16_17":1,"he_18_19":3,"he_20_24":4,"he_25_29":4,"he_30_34":7,"he_35_39":8,"he_40_44":10,"he_45_49":10,"he_50_54":14,"he_55_59":12,"he_60_64":12,"he_65_69":14,"he_70_74":28,"he_75_79":11,"he_80_84":2,"he_85_":10,"ko_ika18y":149,"ko_perus":44,"ko_koul":105,"ko_yliop":2,"ko_ammat":76,"ko_al_kork":18,"ko_yl_kork":9,"hr_tuy":149,"hr_ktu":30163,"hr_mtu":26628,"hr_pi_tul":25,"hr_ke_tul":92,"hr_hy_tul":32,"hr_ovy":4494276,"te_taly":92,"te_takk":1.9,"te_as_valj":55.9,"te_yks":44,"te_nuor":4,"te_eil_np":1,"te_laps":11,"te_plap":1,"te_aklap":5,"te_klap":8,"te_teini":6,"te_yhlap":0,"te_aik":30,"te_elak":51,"te_omis_as":77,"te_vuok_as":11,"te_muu_as":4,"tr_kuty":92,"tr_ktu":48871,"tr_mtu":41166,"tr_pi_tul":20,"tr_ke_tul":50,"tr_hy_tul":22,"tr_ovy":4496150,"ra_ke":42,"ra_raky":209,"ra_muut":46,"ra_asrak":163,"ra_asunn":164,"ra_as_kpa":94.1,"ra_pt_as":161,"ra_kt_as":0,"ra_muu_as":3,"tp_tyopy":62,"tp_alku_a":34,"tp_jalo_bf":13,"tp_palv_gu":15,"tp_a_maat":34,"tp_b_kaiv":0,"tp_c_teol":5,"tp_d_ener":0,"tp_e_vesi":0,"tp_f_rake":8,"tp_g_kaup":1,"tp_h_kulj":7,"tp_i_majo":0,"tp_j_info":0,"tp_k_raho":0,"tp_l_kiin":0,"tp_m_erik":0,"tp_n_hall":0,"tp_o_julk":0,"tp_p_koul":0,"tp_q_terv":7,"tp_r_taid":0,"tp_s_muup":0,"tp_t_koti":0,"tp_u_kans":0,"tp_x_tunt":0,"pt_vakiy":174,"pt_tyoll":75,"pt_tyott":2,"pt_0_14":20,"pt_opisk":7,"pt_elakel":65,"pt_muut":5,"city":"suupohja","pno":"64810","unemployment_rate":1.1,"higher_education_rate":18.1,"pensioner_share":37.4,"ownership_rate":83.7,"rental_rate":12,"population_density":3,"child_ratio":3.4,"student_share":4,"detached_house_share":98.2,"youth_ratio_pct":6.3,"gender_ratio":0.85,"single_parent_hh_pct":1.1,"families_with_children_pct":12,"tech_sector_pct":0,"healthcare_workers_pct":11.3,"employment_rate":43.1,"elderly_ratio_pct":37.4,"avg_household_size":1.89,"manufacturing_jobs_pct":21,"public_sector_jobs_pct":0,"service_sector_jobs_pct":24.2,"new_construction_pct":127.4,"foreign_language_pct":3.9,"crime_index":27.1,"property_price_sqm":null,"transit_stop_density":null,"air_quality_index":19.8,"green_space_pct":0.2,"daycare_density":0,"school_density":0,"healthcare_density":0,"restaurant_density":0,"grocery_density":0,"cycling_density":0,"single_person_hh_pct":47.8,"rental_price_sqm":null,"price_to_rent_ratio":null,"walkability_index":76,"traffic_accident_rate":null,"property_price_change_pct":null,"school_quality_score":null,"light_pollution":null,"noise_pollution":null,"voter_turnout_pct":67.2,"party_diversity_index":0.876,"broadband_coverage_pct":78,"ev_charging_density":0,"tree_canopy_pct":null,"transit_reachability_score":null,"sports_facility_density":0,"water_proximity_m":null,"avg_construction_year":1974,"income_history":[[2021,20096],[2022,19637],[2023,20739],[2024,22821],[2025,25769],[2026,26628]],"population_history":[[2021,212],[2022,207],[2023,214],[2024,204],[2025,188],[2026,174]],"unemployment_history":[[2021,0.9],[2022,1],[2023,0.9],[2024,1.5],[2025,1.1],[2026,1.1]],"income_change_pct":32.5,"population_change_pct":-17.9,"unemployment_change_pct":22.2}},{"type":"MultiPolygon","arcs":[[[-3,-71,71,72,73]]],"properties":{"id":1896,"postinumeroalue":"64830","nimi":"Villamo","namn":"Villamo","euref_x":233002,"euref_y":6903441,"pinta_ala":45856927,"vuosi":2026,"kunta":"151","he_vakiy":155,"he_naiset":67,"he_miehet":88,"he_kika":55,"he_0_2":2,"he_3_6":1,"he_7_12":4,"he_13_15":8,"he_16_17":2,"he_18_19":5,"he_20_24":5,"he_25_29":1,"he_30_34":4,"he_35_39":12,"he_40_44":5,"he_45_49":7,"he_50_54":6,"he_55_59":12,"he_60_64":12,"he_65_69":18,"he_70_74":19,"he_75_79":14,"he_80_84":8,"he_85_":10,"ko_ika18y":138,"ko_perus":58,"ko_koul":80,"ko_yliop":5,"ko_ammat":62,"ko_al_kork":11,"ko_yl_kork":2,"hr_tuy":138,"hr_ktu":21641,"hr_mtu":17903,"hr_pi_tul":57,"hr_ke_tul":69,"hr_hy_tul":12,"hr_ovy":2986470,"te_taly":72,"te_takk":2.2,"te_as_valj":49.7,"te_yks":18,"te_nuor":1,"te_eil_np":1,"te_laps":11,"te_plap":2,"te_aklap":2,"te_klap":4,"te_teini":8,"te_yhlap":0,"te_aik":18,"te_elak":43,"te_omis_as":67,"te_vuok_as":1,"te_muu_as":4,"tr_kuty":72,"tr_ktu":41545,"tr_mtu":35184,"tr_pi_tul":26,"tr_ke_tul":41,"tr_hy_tul":5,"tr_ovy":2991262,"ra_ke":23,"ra_raky":136,"ra_muut":28,"ra_asrak":108,"ra_asunn":100,"ra_as_kpa":97.4,"ra_pt_as":98,"ra_kt_as":0,"ra_muu_as":2,"tp_tyopy":27,"tp_alku_a":14,"tp_jalo_bf":10,"tp_palv_gu":3,"tp_a_maat":14,"tp_b_kaiv":0,"tp_c_teol":9,"tp_d_ener":0,"tp_e_vesi":0,"tp_f_rake":1,"tp_g_kaup":1,"tp_h_kulj":0,"tp_i_majo":0,"tp_j_info":0,"tp_k_raho":0,"tp_l_kiin":0,"tp_m_erik":0,"tp_n_hall":2,"tp_o_julk":0,"tp_p_koul":0,"tp_q_terv":0,"tp_r_taid":0,"tp_s_muup":0,"tp_t_koti":0,"tp_u_kans":0,"tp_x_tunt":0,"pt_vakiy":155,"pt_tyoll":64,"pt_tyott":0,"pt_0_14":14,"pt_opisk":6,"pt_elakel":66,"pt_muut":5,"city":"suupohja","pno":"64830","unemployment_rate":0,"higher_education_rate":9.4,"pensioner_share":42.6,"ownership_rate":93.1,"rental_rate":1.4,"population_density":3,"child_ratio":1.9,"student_share":3.9,"detached_house_share":98,"youth_ratio_pct":7.1,"gender_ratio":0.76,"single_parent_hh_pct":1.4,"families_with_children_pct":15.3,"tech_sector_pct":0,"healthcare_workers_pct":0,"employment_rate":41.3,"elderly_ratio_pct":44.5,"avg_household_size":2.15,"manufacturing_jobs_pct":37,"public_sector_jobs_pct":0,"service_sector_jobs_pct":11.1,"new_construction_pct":136,"foreign_language_pct":4.8,"crime_index":21.9,"property_price_sqm":null,"transit_stop_density":null,"air_quality_index":20.2,"green_space_pct":0,"daycare_density":0,"school_density":0,"healthcare_density":0,"restaurant_density":0,"grocery_density":0,"cycling_density":0,"single_person_hh_pct":25,"rental_price_sqm":null,"price_to_rent_ratio":null,"walkability_index":76,"traffic_accident_rate":2.2,"property_price_change_pct":null,"school_quality_score":null,"light_pollution":null,"noise_pollution":null,"voter_turnout_pct":67.2,"party_diversity_index":0.876,"broadband_coverage_pct":78,"ev_charging_density":0,"tree_canopy_pct":null,"transit_reachability_score":null,"sports_facility_density":0,"water_proximity_m":null,"avg_construction_year":1974,"income_history":[[2021,16086],[2022,15815],[2023,16688],[2024,16505],[2025,17352],[2026,17903]],"population_history":[[2021,166],[2022,168],[2023,161],[2024,164],[2025,160],[2026,155]],"unemployment_history":[[2021,1.8],[2022,0.6],[2023,1.9],[2024,1.2],[2025,0.6],[2026,0]],"income_change_pct":11.3,"population_change_pct":-6.6,"unemployment_change_pct":-100}},{"type":"MultiPolygon","arcs":[[[-70,-52,74,-72]]],"properties":{"id":1897,"postinumeroalue":"64840","nimi":"Heikkilänjoki","namn":"Heikkilänjoki","euref_x":235237,"euref_y":6907237,"pinta_ala":16819532,"vuosi":2026,"kunta":"151","he_vakiy":37,"he_naiset":18,"he_miehet":19,"he_kika":55,"he_0_2":0,"he_3_6":0,"he_7_12":1,"he_13_15":3,"he_16_17":1,"he_18_19":1,"he_20_24":1,"he_25_29":2,"he_30_34":1,"he_35_39":0,"he_40_44":2,"he_45_49":1,"he_50_54":2,"he_55_59":2,"he_60_64":3,"he_65_69":4,"he_70_74":3,"he_75_79":5,"he_80_84":4,"he_85_":1,"ko_ika18y":32,"ko_perus":11,"ko_koul":21,"ko_yliop":1,"ko_ammat":13,"ko_al_kork":6,"ko_yl_kork":1,"hr_tuy":32,"hr_ktu":22448,"hr_mtu":19924,"hr_pi_tul":13,"hr_ke_tul":15,"hr_hy_tul":4,"hr_ovy":718342,"te_taly":21,"te_takk":null,"te_as_valj":-1,"te_yks":-1,"te_nuor":-1,"te_eil_np":-1,"te_laps":-1,"te_plap":-1,"te_aklap":-1,"te_klap":-1,"te_teini":-1,"te_yhlap":-1,"te_aik":-1,"te_elak":-1,"te_omis_as":null,"te_vuok_as":null,"te_muu_as":-1,"tr_kuty":21,"tr_ktu":-1,"tr_mtu":-1,"tr_pi_tul":-1,"tr_ke_tul":-1,"tr_hy_tul":-1,"tr_ovy":-1,"ra_ke":6,"ra_raky":38,"ra_muut":2,"ra_asrak":36,"ra_asunn":28,"ra_as_kpa":82.3,"ra_pt_as":28,"ra_kt_as":0,"ra_muu_as":0,"tp_tyopy":2,"tp_alku_a":-1,"tp_jalo_bf":-1,"tp_palv_gu":-1,"tp_a_maat":-1,"tp_b_kaiv":-1,"tp_c_teol":-1,"tp_d_ener":-1,"tp_e_vesi":-1,"tp_f_rake":-1,"tp_g_kaup":-1,"tp_h_kulj":-1,"tp_i_majo":-1,"tp_j_info":-1,"tp_k_raho":-1,"tp_l_kiin":-1,"tp_m_erik":-1,"tp_n_hall":-1,"tp_o_julk":-1,"tp_p_koul":-1,"tp_q_terv":-1,"tp_r_taid":-1,"tp_s_muup":-1,"tp_t_koti":-1,"tp_u_kans":-1,"tp_x_tunt":-1,"pt_vakiy":37,"pt_tyoll":11,"pt_tyott":1,"pt_0_14":3,"pt_opisk":3,"pt_elakel":19,"pt_muut":0,"city":"suupohja","pno":"64840","unemployment_rate":2.7,"higher_education_rate":21.9,"pensioner_share":51.4,"ownership_rate":null,"rental_rate":null,"population_density":2,"child_ratio":0,"student_share":8.1,"detached_house_share":100,"youth_ratio_pct":10.8,"gender_ratio":0.95,"single_parent_hh_pct":null,"families_with_children_pct":null,"tech_sector_pct":null,"healthcare_workers_pct":null,"employment_rate":29.7,"elderly_ratio_pct":45.9,"avg_household_size":1.76,"manufacturing_jobs_pct":null,"public_sector_jobs_pct":null,"service_sector_jobs_pct":null,"new_construction_pct":135.7,"foreign_language_pct":0,"crime_index":33,"property_price_sqm":null,"transit_stop_density":null,"air_quality_index":20.5,"green_space_pct":0,"daycare_density":0,"school_density":0,"healthcare_density":0,"restaurant_density":0,"grocery_density":0,"cycling_density":0,"single_person_hh_pct":null,"rental_price_sqm":null,"price_to_rent_ratio":null,"walkability_index":76,"traffic_accident_rate":null,"property_price_change_pct":null,"school_quality_score":null,"light_pollution":null,"noise_pollution":null,"voter_turnout_pct":67.2,"party_diversity_index":0.876,"broadband_coverage_pct":78,"ev_charging_density":0,"tree_canopy_pct":null,"transit_reachability_score":null,"sports_facility_density":0,"water_proximity_m":null,"avg_construction_year":1974,"income_history":[[2021,17564],[2022,15756],[2023,17500],[2024,20153],[2025,19263],[2026,19924]],"population_history":[[2021,40],[2022,39],[2023,38],[2024,40],[2025,41],[2026,37]],"unemployment_history":[[2021,2.5],[2022,2.6],[2023,5.3],[2024,2.5],[2025,2.4],[2026,2.7]],"income_change_pct":13.4,"population_change_pct":-7.5,"unemployment_change_pct":8}},{"type":"MultiPolygon","arcs":[[[-73,-75,-51,-46,75]]],"properties":{"id":1898,"postinumeroalue":"64850","nimi":"Möykky","namn":"Möykky","euref_x":241807,"euref_y":6905346,"pinta_ala":48997032,"vuosi":2026,"kunta":"151","he_vakiy":94,"he_naiset":41,"he_miehet":53,"he_kika":49,"he_0_2":4,"he_3_6":2,"he_7_12":2,"he_13_15":1,"he_16_17":0,"he_18_19":5,"he_20_24":7,"he_25_29":2,"he_30_34":5,"he_35_39":4,"he_40_44":3,"he_45_49":1,"he_50_54":13,"he_55_59":12,"he_60_64":7,"he_65_69":7,"he_70_74":8,"he_75_79":6,"he_80_84":3,"he_85_":2,"ko_ika18y":85,"ko_perus":22,"ko_koul":63,"ko_yliop":1,"ko_ammat":42,"ko_al_kork":17,"ko_yl_kork":3,"hr_tuy":85,"hr_ktu":28019,"hr_mtu":24880,"hr_pi_tul":21,"hr_ke_tul":49,"hr_hy_tul":15,"hr_ovy":2381609,"te_taly":50,"te_takk":1.9,"te_as_valj":58.3,"te_yks":23,"te_nuor":3,"te_eil_np":2,"te_laps":6,"te_plap":3,"te_aklap":4,"te_klap":2,"te_teini":1,"te_yhlap":0,"te_aik":23,"te_elak":21,"te_omis_as":45,"te_vuok_as":4,"te_muu_as":1,"tr_kuty":50,"tr_ktu":47658,"tr_mtu":34717,"tr_pi_tul":12,"tr_ke_tul":30,"tr_hy_tul":8,"tr_ovy":2382916,"ra_ke":37,"ra_raky":88,"ra_muut":15,"ra_asrak":73,"ra_asunn":69,"ra_as_kpa":100.1,"ra_pt_as":69,"ra_kt_as":0,"ra_muu_as":0,"tp_tyopy":19,"tp_alku_a":18,"tp_jalo_bf":0,"tp_palv_gu":1,"tp_a_maat":18,"tp_b_kaiv":0,"tp_c_teol":0,"tp_d_ener":0,"tp_e_vesi":0,"tp_f_rake":0,"tp_g_kaup":0,"tp_h_kulj":0,"tp_i_majo":0,"tp_j_info":0,"tp_k_raho":0,"tp_l_kiin":0,"tp_m_erik":1,"tp_n_hall":0,"tp_o_julk":0,"tp_p_koul":0,"tp_q_terv":0,"tp_r_taid":0,"tp_s_muup":0,"tp_t_koti":0,"tp_u_kans":0,"tp_x_tunt":0,"pt_vakiy":94,"pt_tyoll":48,"pt_tyott":5,"pt_0_14":9,"pt_opisk":1,"pt_elakel":28,"pt_muut":3,"city":"suupohja","pno":"64850","unemployment_rate":5.3,"higher_education_rate":23.5,"pensioner_share":29.8,"ownership_rate":90,"rental_rate":8,"population_density":2,"child_ratio":6.4,"student_share":1.1,"detached_house_share":100,"youth_ratio_pct":14.9,"gender_ratio":0.77,"single_parent_hh_pct":4,"families_with_children_pct":12,"tech_sector_pct":0,"healthcare_workers_pct":0,"employment_rate":51.1,"elderly_ratio_pct":27.7,"avg_household_size":1.88,"manufacturing_jobs_pct":0,"public_sector_jobs_pct":0,"service_sector_jobs_pct":5.3,"new_construction_pct":127.5,"foreign_language_pct":1.9,"crime_index":31.9,"property_price_sqm":null,"transit_stop_density":null,"air_quality_index":20.8,"green_space_pct":2.8,"daycare_density":0,"school_density":0,"healthcare_density":0,"restaurant_density":0,"grocery_density":0,"cycling_density":0,"single_person_hh_pct":46,"rental_price_sqm":null,"price_to_rent_ratio":null,"walkability_index":76,"traffic_accident_rate":3.5,"property_price_change_pct":null,"school_quality_score":null,"light_pollution":null,"noise_pollution":null,"voter_turnout_pct":67.2,"party_diversity_index":0.876,"broadband_coverage_pct":78,"ev_charging_density":0,"tree_canopy_pct":null,"transit_reachability_score":null,"sports_facility_density":0.1,"water_proximity_m":null,"avg_construction_year":1974,"income_history":[[2021,21381],[2022,18401],[2023,22293],[2024,26771],[2025,24007],[2026,24880]],"population_history":[[2021,106],[2022,105],[2023,106],[2024,99],[2025,94],[2026,94]],"unemployment_history":[[2021,2.8],[2022,2.9],[2023,0.9],[2024,1],[2025,1.1],[2026,5.3]],"income_change_pct":16.4,"population_change_pct":-11.3,"unemployment_change_pct":89.3}},{"type":"MultiPolygon","arcs":[[[76,-50,77,-4,-74,-76,-45,-7]]],"properties":{"id":1899,"postinumeroalue":"64900","nimi":"Isojoki Keskus","namn":"Isojoki centrum","euref_x":233457,"euref_y":6892094,"pinta_ala":267899490,"vuosi":2026,"kunta":"151","he_vakiy":1046,"he_naiset":509,"he_miehet":537,"he_kika":51,"he_0_2":21,"he_3_6":32,"he_7_12":55,"he_13_15":30,"he_16_17":15,"he_18_19":13,"he_20_24":44,"he_25_29":36,"he_30_34":59,"he_35_39":47,"he_40_44":56,"he_45_49":37,"he_50_54":49,"he_55_59":79,"he_60_64":110,"he_65_69":78,"he_70_74":72,"he_75_79":91,"he_80_84":52,"he_85_":70,"ko_ika18y":893,"ko_perus":278,"ko_koul":615,"ko_yliop":29,"ko_ammat":418,"ko_al_kork":137,"ko_yl_kork":31,"hr_tuy":893,"hr_ktu":26837,"hr_mtu":23132,"hr_pi_tul":177,"hr_ke_tul":613,"hr_hy_tul":103,"hr_ovy":23965415,"te_taly":548,"te_takk":1.8,"te_as_valj":49.4,"te_yks":276,"te_nuor":27,"te_eil_np":14,"te_laps":83,"te_plap":19,"te_aklap":33,"te_klap":34,"te_teini":36,"te_yhlap":20,"te_aik":217,"te_elak":253,"te_omis_as":376,"te_vuok_as":162,"te_muu_as":10,"tr_kuty":548,"tr_ktu":42370,"tr_mtu":34344,"tr_pi_tul":173,"tr_ke_tul":311,"tr_hy_tul":64,"tr_ovy":23218773,"ra_ke":60,"ra_raky":627,"ra_muut":137,"ra_asrak":490,"ra_asunn":719,"ra_as_kpa":84.9,"ra_pt_as":656,"ra_kt_as":31,"ra_muu_as":32,"tp_tyopy":433,"tp_alku_a":30,"tp_jalo_bf":133,"tp_palv_gu":270,"tp_a_maat":30,"tp_b_kaiv":3,"tp_c_teol":95,"tp_d_ener":3,"tp_e_vesi":2,"tp_f_rake":30,"tp_g_kaup":34,"tp_h_kulj":25,"tp_i_majo":20,"tp_j_info":1,"tp_k_raho":6,"tp_l_kiin":3,"tp_m_erik":12,"tp_n_hall":5,"tp_o_julk":13,"tp_p_koul":32,"tp_q_terv":105,"tp_r_taid":2,"tp_s_muup":12,"tp_t_koti":0,"tp_u_kans":0,"tp_x_tunt":0,"pt_vakiy":1046,"pt_tyoll":436,"pt_tyott":33,"pt_0_14":128,"pt_opisk":34,"pt_elakel":386,"pt_muut":29,"city":"suupohja","pno":"64900","unemployment_rate":3.2,"higher_education_rate":18.8,"pensioner_share":36.9,"ownership_rate":68.6,"rental_rate":29.6,"population_density":4,"child_ratio":5.1,"student_share":3.3,"detached_house_share":91.2,"youth_ratio_pct":8.9,"gender_ratio":0.95,"single_parent_hh_pct":2.6,"families_with_children_pct":15.1,"tech_sector_pct":0.2,"healthcare_workers_pct":24.2,"employment_rate":41.7,"elderly_ratio_pct":34.7,"avg_household_size":1.91,"manufacturing_jobs_pct":30.7,"public_sector_jobs_pct":3,"service_sector_jobs_pct":62.4,"new_construction_pct":87.2,"foreign_language_pct":3.8,"crime_index":39,"property_price_sqm":null,"transit_stop_density":null,"air_quality_index":20.8,"green_space_pct":10,"daycare_density":0,"school_density":0,"healthcare_density":0,"restaurant_density":0,"grocery_density":0,"cycling_density":0.1,"single_person_hh_pct":50.4,"rental_price_sqm":null,"price_to_rent_ratio":null,"walkability_index":78,"traffic_accident_rate":1,"property_price_change_pct":null,"school_quality_score":null,"light_pollution":null,"noise_pollution":null,"voter_turnout_pct":67.2,"party_diversity_index":0.876,"broadband_coverage_pct":78,"ev_charging_density":0,"tree_canopy_pct":null,"transit_reachability_score":null,"sports_facility_density":0,"water_proximity_m":null,"avg_construction_year":1972,"income_history":[[2021,18695],[2022,18930],[2023,19597],[2024,20633],[2025,21996],[2026,23132]],"population_history":[[2021,1085],[2022,1083],[2023,1051],[2024,1041],[2025,1043],[2026,1046]],"unemployment_history":[[2021,2.7],[2022,2.5],[2023,2.9],[2024,3.3],[2025,3],[2026,3.2]],"income_change_pct":23.7,"population_change_pct":-3.6,"unemployment_change_pct":18.5}}]}},"arcs":[[[21.640376317063918,62.06404072746425],[21.624474873442097,62.07996691818681],[21.622912194470175,62.08153100046596],[21.622854867878605,62.082805725792824],[21.63026298029516,62.09174573883957],[21.64928504528673,62.11467618136837],[21.642587200708714,62.121589646778276],[21.62484654218468,62.13988413227486],[21.641777646177406,62.14694054412131],[21.64512193447885,62.1483337243748],[21.69772641799991,62.17022082984817],[21.699220324825827,62.17084165443517]],[[21.699220324825827,62.17084165443517],[21.69978309146045,62.170863240339735],[21.780447231487702,62.13789158874802]],[[21.780447231487702,62.13789158874802],[21.781123834021383,62.13632671499153],[21.840279440178687,62.11718465435539]],[[21.840279440178687,62.11718465435539],[21.8403242857993,62.11692148805092],[21.825227427748928,62.09263054127759],[21.770424457551428,62.06437215481708],[21.737539021981874,62.0555851357585],[21.648374015460675,62.063173267961204],[21.640983522799612,62.06379944710625],[21.64042279293696,62.06377764373401],[21.640376317063918,62.06404072746425]],[[22.395215576377108,62.209200353294754],[22.397869189655513,62.198714211241985]],[[22.397869189655513,62.198714211241985],[22.397737964879386,62.197842028969426],[22.416682564451545,62.18653062152517],[22.42434111612592,62.18017216639313],[22.424731496625053,62.17975298715129],[22.429726685181773,62.17438815307852],[22.432675973969655,62.17061727208459],[22.44619744204902,62.147261564904284],[22.4491968063384,62.144521677373724],[22.417790094393702,62.13090030100388],[22.410719497942754,62.12959169615163],[22.408962079658973,62.12936715835201],[22.40460709436512,62.12881063037275],[22.402885454899977,62.12908930069724],[22.391168585173418,62.130985120340995],[22.382471362168637,62.13239155301736],[22.354679251576435,62.12849700167403],[22.319461455004753,62.12355246057006],[22.299431266710155,62.11558585491759],[22.269255415443588,62.106528437189404],[22.25745729861474,62.10299303022098],[22.256649618436878,62.10304533341289],[22.256426894071456,62.103242806039056],[22.237886384187988,62.1058628456411],[22.226978302348968,62.10329849850204],[22.226237518989446,62.103124302955294],[22.19834276635862,62.10301761374923],[22.173922620624996,62.102919590681545],[22.164571070680946,62.10396395883262]],[[22.164571070680946,62.10396395883262],[22.156269962153925,62.160510203167846],[22.152119881239273,62.18868881345397]],[[22.152119881239273,62.18868881345397],[22.16383850318392,62.19162837513586],[22.19688728016741,62.24426858269444]],[[22.19688728016741,62.24426858269444],[22.21358965976284,62.239931458326026],[22.243392196320336,62.239650265550424],[22.243668071260675,62.239656930005054],[22.269526541930325,62.23845021602822],[22.284207761692446,62.23962377107833],[22.316661571488904,62.23662179036581],[22.319080460442354,62.23557581505405],[22.320147379945254,62.23344408216302],[22.32937892761359,62.22583272112215],[22.360411327340667,62.21626515858835],[22.390732006750568,62.20997733467273],[22.395158710298134,62.20923352589481],[22.395215576377108,62.209200353294754]],[[22.195631089868748,62.33163060635865],[22.192897528197065,62.332000685757166],[22.168400343523516,62.344038255635255],[22.16534927029696,62.345322490507414],[22.164412471318727,62.34584376724289],[22.17114074656796,62.35546965024704],[22.15676465094676,62.36519687280769],[22.142590650093783,62.36743682583895],[22.141511016351334,62.367799802845],[22.139878731507846,62.369024860648196],[22.139187503440166,62.3692441206888],[22.11977343332942,62.376413620349076],[22.114324907697302,62.37579603730669],[22.105950645367997,62.37680471263807],[22.10551644998347,62.37683540733186],[22.10537750889076,62.37692030422855],[22.103700807657674,62.37938736830352],[22.10059079137408,62.38032117505413],[22.09643524887871,62.38232649840921],[22.087980454458354,62.387303009764786],[22.086888909309145,62.38906128708474],[22.112842290271367,62.38894177468593],[22.113694088681438,62.38950954334934],[22.112896138290782,62.391212416321615],[22.11219608779238,62.393660879633494],[22.119646358725145,62.39932537495283],[22.11206718543156,62.40299403876898],[22.091151996288524,62.40302923158667],[22.088896706046018,62.402990188734954],[22.08880204202147,62.40303682851392],[22.085620434223717,62.40552298617711],[22.07979265530045,62.40774371733756],[22.079248619186927,62.407809908854965],[22.074628513139114,62.40479944978346],[22.067469128083093,62.39959127978668],[22.06153235968509,62.39911726891659],[22.058703531231593,62.399258876263644],[22.051040550991427,62.397164337962],[22.039801549881446,62.39731432858004],[22.03766249430236,62.398172006281875],[22.001498217515252,62.40680513513761]],[[22.001498217515252,62.40680513513761],[22.015893357546588,62.41101493796451],[22.022566398896128,62.41892366811963],[22.0335408699352,62.42776566947034],[22.033594369818314,62.42810824433651],[22.03111113737083,62.42996425745306],[22.03293224860503,62.43384973416929],[22.033086076843325,62.43410416629239],[22.0291140858005,62.43709807135133],[22.03499401972587,62.43939661999769],[22.035136991385038,62.439376048269224],[22.040735293471137,62.43781252963058],[22.040694543575857,62.437054498421816],[22.035405675959293,62.43421689174073],[22.04844375084318,62.43282439767046],[22.048482424545593,62.43279897465375],[22.048724029828634,62.43273370054691],[22.0605616819009,62.43347294493746],[22.06205391340788,62.43337239862268],[22.0666590420067,62.43411131085845],[22.073161043232194,62.43607407315555],[22.073829556351534,62.43705980865319]],[[22.073829556351534,62.43705980865319],[22.07403381933054,62.4370833614313],[22.079810569030492,62.43832316375027],[22.087344976295537,62.43966379985578],[22.089066601069835,62.44042704652971],[22.09455272901266,62.44101251744652],[22.098562813973462,62.44098061201508],[22.102118399547937,62.44277348469341],[22.1021993775904,62.44280179657552],[22.103810915260652,62.44306873267305],[22.107504777062545,62.44261210359013],[22.1095048842529,62.439278129330695],[22.113564186312722,62.43939848271527],[22.113743165303173,62.43952095217669],[22.123375137926477,62.43989061206249],[22.123500213142915,62.44127424888569],[22.132717157884365,62.4437193542101],[22.13302676423778,62.44390951953915],[22.139247476377008,62.44325490403409],[22.145767440329106,62.44481155005098],[22.14651818230557,62.44543599848298],[22.14637413166841,62.446439826599125],[22.148467236270605,62.44953889711491],[22.149852371800648,62.45011452375858],[22.15782049275819,62.450973876812284]],[[22.15782049275819,62.450973876812284],[22.160269139797364,62.45037072278003],[22.16208049623951,62.45006953712789],[22.16617480365454,62.450775143076825],[22.16698159869654,62.450771752000875],[22.177348377055566,62.45308399374137],[22.181476081353324,62.45186865861414],[22.18196880446921,62.45164212835535],[22.184019186952085,62.4516317099345],[22.187163770960975,62.452047962117916],[22.188057032984826,62.45209750458063],[22.19166432575198,62.45175180083958],[22.19407179406018,62.450470533057604],[22.193913091371726,62.45035329687276],[22.19295078469736,62.449767018100694],[22.19272465329712,62.44964990971866],[22.191174138009938,62.44907268450844],[22.191065413320146,62.44898430754399],[22.19009909771527,62.448318404592854],[22.189720531499773,62.44815302808517],[22.189232238500285,62.44763464412717],[22.187999755275246,62.44669175669278],[22.187979138093038,62.44665725275446],[22.18777171206269,62.44656787510475],[22.186809550050146,62.44540715346922],[22.18675858003272,62.445363202598095],[22.186620851366534,62.44519442401447],[22.186645566806302,62.44507713838014],[22.18661411847556,62.4445847694066],[22.186516524113095,62.444375290389395],[22.186410591655807,62.44421623479959],[22.1883887691671,62.44346189305862],[22.18847319636928,62.44318427209925],[22.18856186193638,62.443168517265114],[22.189066261233165,62.44297201071517],[22.189117522195456,62.44289833610204],[22.18942916605485,62.44278543929127],[22.189476451109044,62.442663549730234],[22.189730073526498,62.442498365730636],[22.189736408964936,62.44245245185499],[22.190707070451186,62.442108137994154],[22.19204713449693,62.441943345895176],[22.192066535630474,62.44190982583769],[22.192665712473403,62.44169170398092],[22.193023145033184,62.44124922632991],[22.193270467048066,62.44105565118906],[22.193205037459556,62.440605906756446],[22.19415377075254,62.44038222654878],[22.194860938369786,62.43986494325559],[22.195328626459332,62.43991183383073],[22.197487766418895,62.43910364444756],[22.197842282276003,62.439075510840034],[22.199281489090982,62.438743111464],[22.201839465000255,62.43954380914097],[22.20474366535064,62.439237604612856],[22.20592990892047,62.439330377988306],[22.213472012147154,62.43631086115472],[22.21392549018101,62.43633412608223],[22.21990961543863,62.435042215300626],[22.23096144155399,62.43696428806512],[22.233668447286785,62.43708248371233],[22.234156956267853,62.43696969268608],[22.23416898923302,62.43578805828566],[22.241454719055987,62.431265715466935],[22.240313939139124,62.42989015956443],[22.23864675282364,62.42939276055283],[22.242487391046772,62.42789991534731],[22.240857352441463,62.42644814977506],[22.240788505961465,62.4264153388984],[22.241505017418334,62.42375335113978],[22.244280621698813,62.422942853336586],[22.250742695666393,62.4201844783377],[22.251937827988353,62.41943977160503],[22.25207744385225,62.41936165859987],[22.262551830306585,62.41146944083478],[22.266984166832394,62.410911848550384],[22.271348939092306,62.41029280317631],[22.277460949822927,62.41035676033168],[22.312722725102063,62.40570950756253],[22.323875641683046,62.39738410255146],[22.362751355955098,62.379155019455574],[22.362451551273974,62.376833844542006]],[[22.362451551273974,62.376833844542006],[22.348668529451373,62.37345638980126],[22.341296258152482,62.37075909879598],[22.333495471756653,62.367842356281685],[22.31648385923094,62.360540181140095],[22.2749882657926,62.35669064521472],[22.26605999489902,62.35095586334228],[22.26232868599863,62.35103694103037],[22.25614347550182,62.348782170004625],[22.25494551426361,62.34746119188775],[22.250878959484915,62.34530134714762],[22.249200167806386,62.34452953504972],[22.249067343608967,62.34429743185052],[22.24907135995836,62.3442894686076],[22.246918633105857,62.33956269513678],[22.246119775470493,62.33920878269997],[22.242254566835214,62.33821793732957],[22.2335546604485,62.33979306808621],[22.227105885210353,62.34143141537075],[22.220826729756826,62.341144885493826],[22.202760153441304,62.3340677515067],[22.195631089868748,62.33163060635865]],[[22.073829556351534,62.43705980865319],[22.06885783499256,62.441669272300075],[22.063518832733003,62.443191774724944],[22.055439308910383,62.444654922321725],[22.05437308982967,62.44558281745047],[22.051074290811194,62.4502617287347],[22.056273117540048,62.45301921550983],[22.058733638931503,62.453519933059106],[22.06054164300924,62.45350374733535],[22.06060365296758,62.45351438091979],[22.06627958750135,62.454731786736495],[22.072770745898477,62.457905189247946],[22.075116784207495,62.45810163182685],[22.07517855144208,62.45809864495047],[22.079811022084847,62.45611490320218],[22.080503953875965,62.45555994686981],[22.085095520808558,62.45332526305518],[22.08635717564283,62.45267336586657],[22.08995779991473,62.453156897389135],[22.091492435788034,62.45443670892942],[22.0918947480693,62.45474341631116],[22.096244291646634,62.458430769259984],[22.09648586313272,62.45867248970442],[22.098013749242757,62.46149653167902],[22.09293287354782,62.4652782093573],[22.103594451440827,62.47307292636181],[22.093791171732196,62.48300558276243],[22.092784679974564,62.48492514268682],[22.093526135893445,62.48666057980174],[22.094816886371163,62.48818638120768],[22.095871794490897,62.489263689759326],[22.096290978657674,62.49114160337453],[22.100243993563222,62.495540031912114],[22.101457986853205,62.496208936808486],[22.114758522960962,62.50011261612596],[22.11931202434949,62.50447700698078],[22.120124959208663,62.50555906035918],[22.12130480633327,62.50864179867612],[22.124863432426537,62.51056051111352],[22.131462708859356,62.51420913633367],[22.13444729877629,62.520949788922366],[22.13458250056271,62.52304197937297],[22.133975456797323,62.52764541938918],[22.130873928848935,62.5322940351743],[22.13061834072742,62.53267704499708]],[[22.13061834072742,62.53267704499708],[22.131223190522476,62.53288271346905],[22.14013828969456,62.5359135164501],[22.181658776785202,62.53508434582347],[22.195976706642764,62.53223949700392],[22.204297600131675,62.5289072086535],[22.21084275539633,62.52792599210735],[22.21671105457653,62.52811216847021]],[[22.21671105457653,62.52811216847021],[22.221323012406987,62.52484011957105],[22.229877130714915,62.508726930937215]],[[22.229877130714915,62.508726930937215],[22.225789309924238,62.504919863473525],[22.197319719495553,62.49910230748272],[22.196027784393895,62.49698401879742],[22.19462472133246,62.49644275960313],[22.179973725861778,62.49521517046332],[22.17830245138243,62.494626861550806],[22.178143772277153,62.494566756730684],[22.16624478732848,62.495393233056156],[22.15833517454897,62.49697261909491],[22.154566621448406,62.49550547167175],[22.15217380106368,62.49579981036558],[22.150864095988595,62.49563054853937],[22.151378229686056,62.494743462811975],[22.14806902145405,62.49185348295023],[22.14995607951218,62.49052767811309],[22.147055954002877,62.49043564588586],[22.14597632546638,62.49014266882987],[22.146956515359985,62.48968937376439],[22.14902616724591,62.489258406585826],[22.148004845144367,62.48814055713838],[22.1606366914825,62.48118068155679],[22.16094000886446,62.47439913068526],[22.16091024136667,62.474323547443674],[22.157837583644856,62.467284916272135],[22.15147264548061,62.46560651950244],[22.14691214992415,62.46506691227705],[22.145473446224813,62.46452978058332],[22.14432741251545,62.46342275561242],[22.150816067903083,62.45563682004531],[22.157584103031894,62.45139020686555],[22.15782049275819,62.450973876812284]],[[22.001498217515252,62.40680513513761],[21.95121401828311,62.40206712161263],[21.931902819169565,62.40375483901004]],[[21.931902819169565,62.40375483901004],[21.93380415323843,62.42356560663901]],[[21.93380415323843,62.42356560663901],[21.945643154539823,62.42643843351598],[21.96243189566214,62.430509704474666],[21.993409572822543,62.44208312966612],[22.000381260112913,62.44964899957239],[21.984814299165553,62.4554902519191],[21.987775312548578,62.45730954353875],[21.992329548422248,62.45887614244188],[22.00257687474259,62.46385133603832],[22.002504389366916,62.466446940447504],[21.995447275841848,62.47444820942071],[21.994686589079247,62.47550390086983],[21.993210024110475,62.47609363917131],[21.994048962233055,62.48242935850688],[21.994312089882488,62.48441605806235],[21.992434418654913,62.48525198489122],[21.985891014540133,62.49152335670587],[21.980198250447685,62.500567004739814],[21.9800260596405,62.50067449412885],[21.98545104745059,62.5028776258268],[21.998695023073193,62.50669277825331],[21.999242360415572,62.508900505710365],[22.002159358926654,62.51106824253181],[22.00474952757646,62.51196190954584],[22.017183890048504,62.516250648706645],[22.01729393534216,62.519172907195944],[22.018531678672336,62.52141671236458],[22.01199285163939,62.527448049420286],[22.013061097046513,62.5314500486728],[22.01182136134121,62.53383721668997]],[[22.01182136134121,62.53383721668997],[22.03209131652143,62.5389533198787],[22.03339456681549,62.54018841149828],[22.036135533217724,62.54278566120874],[22.046108524762513,62.5448543044257],[22.046121313413984,62.54485695612516]],[[22.046121313413984,62.54485695612516],[22.04711436101822,62.543904830610856],[22.04905098931329,62.54125238380591],[22.04943507300714,62.54095880924058],[22.06449360947601,62.53773223670845],[22.064960565852175,62.53757311381934],[22.06678076951269,62.536952816477886],[22.07423837213216,62.53603489292235],[22.089027504812403,62.534213210267815],[22.090406391810625,62.53333905236972],[22.09054188675091,62.53325315015712],[22.09079340226759,62.53327441518213],[22.11439904098783,62.53526803238163],[22.13061834072742,62.53267704499708]],[[22.01182136134121,62.53383721668997],[22.011148329446947,62.53430447126528],[22.0102409871227,62.53493436784377],[22.00832143556228,62.53666893815638],[21.96253684646045,62.540258258228704],[21.95598773219364,62.54142695724628],[21.946910594108086,62.54091688500527],[21.931991842425575,62.52777362601732],[21.93087426370109,62.52651804353891],[21.92875093794135,62.52500786988619]],[[21.92875093794135,62.52500786988619],[21.882880815598046,62.537558016160936]],[[21.882880815598046,62.537558016160936],[21.86683534399397,62.554169322310614],[21.86855900564688,62.55575588297144],[21.8691405514895,62.5577442444096],[21.869662812115735,62.567150448718],[21.882099392264415,62.57845606118082],[21.89773284649729,62.58420228169627],[21.909938833389333,62.58841484035812],[21.910418401612993,62.58858030423399],[21.91529111209755,62.597143530623185]],[[21.91529111209755,62.597143530623185],[21.919335754773645,62.59901803817626],[21.938019747265038,62.609321387556236],[21.944372429433933,62.61105450604758],[21.94778531680171,62.611973102214584],[21.94793281404966,62.61198201897769],[21.955955542211555,62.61246679745853],[21.984798466489256,62.60550741368867],[21.992152766265143,62.60373143873067],[22.0104133354446,62.59931911342057],[22.010473885210246,62.59932662780152],[22.031851461717366,62.6031109123548],[22.03868816443376,62.60432026671273],[22.04513301856913,62.60545991184619],[22.05120118615464,62.60680366988197],[22.08359999037941,62.61397172374327],[22.10482797407184,62.60871713441848],[22.1229887983107,62.59473641101627],[22.092479516317304,62.55927673282662],[22.072350227481675,62.55403424271296],[22.064570720602443,62.549577415154126],[22.052120581111783,62.54993968900558],[22.050127977895055,62.549243782284],[22.0479736768582,62.547814350490434],[22.047645265706663,62.547436987253924],[22.046817285846142,62.546035285098256],[22.046121313413984,62.54485695612516]],[[22.394016425269324,62.35229195597674],[22.383001246527552,62.36030696973297],[22.362451551273974,62.376833844542006]],[[22.229877130714915,62.508726930937215],[22.234706442739604,62.50764037518392],[22.241264531640045,62.50587359577518],[22.24626091346697,62.501851555227226],[22.24837925424901,62.500314061590984],[22.253231986795452,62.49951626507113],[22.25686193439088,62.497184497569144],[22.256839004431367,62.49667560733531],[22.25581326510712,62.494928741069444],[22.256161343455062,62.4918586855867],[22.256899282939102,62.4916345432569],[22.257964188462783,62.491824016821056],[22.260475458774348,62.49257708622506],[22.26290561173451,62.49354991403629],[22.26906469247675,62.49285696937509],[22.269915085920502,62.4931741458449],[22.269683267709247,62.495416587314416],[22.271565566402074,62.495545789125956],[22.274416694580733,62.49523931988269],[22.275640950408267,62.495634366971295],[22.276531838606186,62.49665839235559],[22.277767437852933,62.49665842364956],[22.28281147327192,62.497931086085025],[22.28454896712696,62.49539541106363],[22.283084100843162,62.49425939681832],[22.282397641753114,62.492251660428046],[22.281749008077714,62.49169350084137],[22.281447590114443,62.49099686460373],[22.29135508686382,62.48991680614123],[22.292469253497153,62.48907891663593],[22.29585666021354,62.48842483011573],[22.303055422543505,62.492345311431684],[22.30338696706304,62.492219527273335],[22.310216065377343,62.49168430174395],[22.315471098419096,62.488895387991555],[22.320858381403248,62.48703374626874],[22.325916928139144,62.48773329097882],[22.350522507358576,62.483418034018825],[22.35699462688805,62.4889509559293],[22.368152978352605,62.49191816140837],[22.384179117006035,62.49617722699136]],[[22.384179117006035,62.49617722699136],[22.417238013155167,62.4917150906732],[22.430835766144202,62.49304885546734],[22.45632877017043,62.48810319750882],[22.466404990151347,62.48598126964066],[22.47834038991472,62.48640119165235],[22.518338404942437,62.48598883096436],[22.524918512420136,62.481570832295084],[22.53843365005255,62.46761586277358],[22.547361201941012,62.45838970971244]],[[22.547361201941012,62.45838970971244],[22.51939929860646,62.44081508990493],[22.516065684389176,62.43940754428252],[22.513943290908824,62.432650250159575],[22.49115404249106,62.410656035711824],[22.48997779621618,62.40965239994845],[22.48370385091577,62.403859749158734],[22.4862943066937,62.40157754911895],[22.49392077487916,62.39319389826608],[22.491668154194887,62.383051144319545],[22.505462623257024,62.36532143462964],[22.524449903120995,62.365341569667294],[22.528897362979222,62.364751763909744],[22.58493042015787,62.33968015370048]],[[22.58493042015787,62.33968015370048],[22.52624497531743,62.32516871054774],[22.5160301822869,62.3254541030185],[22.51341783139855,62.3270735356439],[22.480049796941707,62.35351307255115],[22.421587141966096,62.348417700718194],[22.41854127846185,62.34865842376496],[22.404637586749843,62.350613233908724],[22.394016425269324,62.35229195597674]],[[22.21671105457653,62.52811216847021],[22.222690969682077,62.53143316346018],[22.22469122361192,62.53290696636276],[22.257233527721347,62.534983607489316],[22.277753487001043,62.52975290133423],[22.279223530966366,62.53088775063225],[22.28303170960194,62.53219607754954],[22.28613333413542,62.53155475143789],[22.288838599473287,62.53138749204652],[22.29089792399208,62.53088476863783],[22.292327656241852,62.53053571309304],[22.292799932769046,62.530242079652595],[22.291838960748752,62.52945460559159],[22.291285062204725,62.529000687549534],[22.2920976712084,62.52707622317743],[22.291547335563404,62.526690260543795],[22.29332047315239,62.525146600443406],[22.29336467582583,62.525070690963304],[22.295359173091775,62.52429403939659],[22.296766435433252,62.52374601324843],[22.30041327196038,62.522325673606865],[22.300311268687178,62.51995484682436],[22.30170368224429,62.51926668728344],[22.31708160108271,62.51651697005286],[22.325831379734062,62.515026695886895],[22.327617973545355,62.51517311010161],[22.332748119904892,62.51607470435287],[22.33864922114071,62.5171114907956],[22.34160251551966,62.514884200647664],[22.37519297022279,62.50600029342549],[22.384179117006035,62.49617722699136]],[[22.61322273704024,62.3384189882144],[22.61316765690655,62.33841871470419],[22.591091992855304,62.33923843980433],[22.58493042015787,62.33968015370048]],[[22.547361201941012,62.45838970971244],[22.586150259025423,62.45421568928124],[22.58972743697389,62.453953302448454],[22.614050910095674,62.452166604745905],[22.61566483538326,62.452065592886846],[22.62385011245742,62.446098020645834],[22.63043503889514,62.44149403150043],[22.63960652395017,62.43699869307645],[22.639591266035776,62.41616918264143],[22.638629861048674,62.41402361152868],[22.63697882290118,62.410338285767445],[22.63969622607283,62.408523661351424],[22.642194248968586,62.40685528869299],[22.64535925070817,62.40360998936689],[22.652242095002677,62.385400423323105],[22.646380551842856,62.379926862666544],[22.645719154319398,62.37893426528123],[22.645489895754483,62.377169904122326],[22.63466930816848,62.36257475837992],[22.634528154392868,62.36238426779863],[22.6307071977468,62.360721495404036],[22.61575906492134,62.33925101040486],[22.61322273704024,62.3384189882144]],[[22.46173025242533,62.2458353552529],[22.40989023020453,62.250880543763635],[22.39134842265509,62.2481487794161],[22.372627243679325,62.25612428554872],[22.36582925067537,62.2643949202312],[22.364079919958208,62.26616818119884],[22.362110055038546,62.27005075778835],[22.36168526469359,62.27055078062239],[22.355250594726353,62.27495854639036],[22.346409924223476,62.280549377768224],[22.345203487115775,62.28336256623895],[22.341085801386438,62.29142267415873],[22.340875749475746,62.29253889614668],[22.33990551774248,62.29568833173347]],[[22.33990551774248,62.29568833173347],[22.345119112250156,62.306119679309525],[22.34475032720915,62.30814780625401],[22.36145738573676,62.31967839896606],[22.394016425269324,62.35229195597674]],[[22.61322273704024,62.3384189882144],[22.6159070248437,62.31768856216841],[22.61961184957427,62.31056060941933],[22.60970376367106,62.30680137529535],[22.596903467276128,62.30194239079589],[22.583020187026975,62.29219332536087],[22.578669215068675,62.290621243689294],[22.57458797480883,62.289146349855024],[22.576331518980865,62.286928921092475],[22.578355272473704,62.28435467519549],[22.579068628420316,62.282726395510636],[22.571950362659727,62.27254213039447],[22.56672006090954,62.26732204621812],[22.562431310445945,62.26440413224371],[22.558783959288338,62.26192206220678],[22.55837703906894,62.26178125179803]],[[22.55837703906894,62.26178125179803],[22.54347496015589,62.265244318614066],[22.527243014704407,62.27062766745513],[22.526961523272217,62.270582455220854],[22.517122730232945,62.269938260122736],[22.495416990980814,62.267087121954326],[22.489469879985144,62.26686573584106],[22.46850351901479,62.26424279765114],[22.46669342210794,62.26341043428939],[22.466778613537397,62.26169604620245],[22.46606374419221,62.254364655618346],[22.465646757362922,62.251904136704546],[22.46173025242533,62.2458353552529]],[[22.395215576377108,62.209200353294754],[22.445227543646624,62.22224506176572],[22.46273744027922,62.23937984064824],[22.463527791101583,62.24361581399285],[22.46173025242533,62.2458353552529]],[[22.55837703906894,62.26178125179803],[22.55866179224484,62.2585923320234],[22.558947236659577,62.25539483238133],[22.563770145058875,62.24820240656489],[22.564102180760745,62.24634005239254],[22.56234153284773,62.24047803469455],[22.56128697920857,62.22580710601395],[22.556263537225632,62.22296845510061],[22.54803818712025,62.21224331366321],[22.544117455690177,62.21132457869687],[22.540584962103452,62.20998302593629],[22.525319213466606,62.21079960748709],[22.5193483144484,62.21111852693605],[22.508549016260456,62.211694670146784],[22.508392412884238,62.211703018462536],[22.50683639382151,62.211785959204704],[22.504811696953173,62.21189385485141],[22.50039291559245,62.21212922460883],[22.492051718947973,62.21257313021729],[22.486745774122898,62.20836665641417],[22.486155228055008,62.20789839698459],[22.484471750276867,62.20707928129525],[22.481865871866106,62.20268805802401],[22.475460002286813,62.19976418367574],[22.46087822827068,62.201036333896106],[22.459717267636734,62.20099381040376],[22.397869189655513,62.198714211241985]],[[22.19705777502489,62.25310329362159],[22.15545669774199,62.29119366214667],[22.191488029749223,62.29601531142914],[22.199454327032054,62.307287824349075],[22.213800873550245,62.31121631787828],[22.21388560242692,62.31321970107489],[22.199324762400376,62.32967419760417],[22.197785090932015,62.33076199901632],[22.195631089868748,62.33163060635865]],[[22.33990551774248,62.29568833173347],[22.314629749397763,62.29461002467579],[22.28811137582504,62.289689678886674],[22.286768007440646,62.289563026985235],[22.276161250616575,62.29023869713272],[22.26317579108189,62.293747395961574],[22.261231533050406,62.29310648981517],[22.259816420480465,62.29166924606816],[22.25273914510225,62.29129746816329],[22.25225753544175,62.291310099851955],[22.247681953498276,62.291145355891594],[22.245336762892247,62.291467502915],[22.24465905386316,62.29101030800246],[22.225261569935423,62.28737228439877],[22.219573014451342,62.28722060856111],[22.218443167477293,62.2759364937722],[22.213236386166685,62.26911872353901],[22.19705777502489,62.25310329362159]],[[22.19688728016741,62.24426858269444],[22.194516927828136,62.246343265160455],[22.197007348945547,62.24990185729593],[22.19705777502489,62.25310329362159]],[[22.152119881239273,62.18868881345397],[22.12404455314453,62.19361865998186]],[[22.12404455314453,62.19361865998186],[22.064062553407528,62.20761690154474],[22.044919679234024,62.20762285104654],[22.027397207918884,62.20762597699669],[22.02560035008684,62.21421734358875],[22.020087846184726,62.21727687708129],[22.00771085652884,62.220228348291215],[22.00029542881206,62.22022632374907],[21.974074748974296,62.21953484032555],[21.943548212568878,62.227008567533645]],[[21.943548212568878,62.227008567533645],[21.959936035058437,62.23829570350035],[21.960430074757646,62.23875464518129],[21.965423578684117,62.24259216298165],[21.966161890343717,62.24303652186189],[21.989724521217543,62.25720909013326],[21.990129057960885,62.257500557236085],[21.993511960091418,62.260086633042974],[21.991481165611123,62.27462972898582],[21.99101229394721,62.28019130910059],[21.990204928473723,62.28233755378799],[21.988642010241232,62.287200345440084],[21.987633275973476,62.28851110782032],[21.986909902064383,62.288770670232275],[21.9206438609931,62.29045348130528],[21.91381856244811,62.291035479550615],[21.901172034322197,62.31315309828436],[21.91154704130507,62.32733382866747],[21.901079231657906,62.35178549678912]],[[21.901079231657906,62.35178549678912],[21.8987416901936,62.36990152395286],[21.905926117381306,62.37706051597672],[21.906898268238617,62.378365072277965],[21.931902819169565,62.40375483901004]],[[22.196009245858647,62.07234989996765],[22.197630934257077,62.070905036959815],[22.19756231356223,62.06992652405785],[22.177552555137943,62.05084746132905],[22.17140554617451,62.05124283928246],[22.13471767242717,62.0394681808859],[22.125054348680756,62.040957662060535],[22.1197398309118,62.041931383816475],[22.118529868286267,62.042153034047566],[22.11618737643734,62.04226437481646],[22.106279393307606,62.04158160941998],[22.10714403311355,62.037601170864484],[22.104994893179715,62.03325065121727],[22.082472512715466,62.02169087710354],[22.06220512127437,62.014057141353526],[21.994252105134198,62.01338811643158],[21.987902626323805,62.01508036086359]],[[21.987902626323805,62.01508036086359],[22.00884162575453,62.0592042325549],[22.013057126748848,62.07286614751609],[22.02874315518865,62.07477179109624],[22.031006623115655,62.07421977398835],[22.033487209045354,62.074119417974956],[22.036700423253112,62.07491818530799],[22.039260311948127,62.07748462526251],[22.0315681787494,62.078394379535645],[22.02726602475645,62.07989292811928],[22.022749756343316,62.07952430594385],[22.017559393926312,62.07778673485779],[22.013050415341095,62.08260499116747],[22.01981112106345,62.086498554485004],[22.019824406670022,62.086523868235446],[22.029413659509963,62.092793749799974],[22.030194964894694,62.09304077862785],[22.050923347554765,62.102181722982664],[22.10380817080844,62.112344755271444],[22.15007984783649,62.077633655352834],[22.196009245858647,62.07234989996765]],[[21.943548212568878,62.227008567533645],[21.93826634230366,62.22591297785201],[21.936775153220257,62.225687268326276],[21.93084771622764,62.22504366068237]],[[21.93084771622764,62.22504366068237],[21.914873212070688,62.22468655376326],[21.888912159010605,62.226321125369644]],[[21.888912159010605,62.226321125369644],[21.84471795458444,62.24883587632347],[21.826343962398454,62.23633680709679],[21.81712818262261,62.2300629553031],[21.814945773405853,62.22857676738191],[21.787048623423946,62.22000402681724],[21.786056016503146,62.219584795702474],[21.785632470977994,62.219281152584415],[21.785314591158684,62.21891619092443],[21.77418947861987,62.21743558652284],[21.77342446856695,62.217603174702596],[21.7695295072077,62.21902335536212],[21.7674104362122,62.22202843637807],[21.765026864323172,62.221992192425795],[21.76422612672209,62.22175263461306],[21.760615751335152,62.22067241007251],[21.758156295104605,62.220417317603214],[21.75483440844758,62.22071123941741],[21.753545888724748,62.22142418480022],[21.753638284854546,62.22300087175248],[21.739907658437826,62.22097230306874],[21.737529327330193,62.21959618982672],[21.73541247512559,62.21870095401189],[21.723416135624888,62.21362600261058],[21.719470756910503,62.21195635019063]],[[21.719470756910503,62.21195635019063],[21.718345416882144,62.21328321272153],[21.71642332304193,62.21554921168043],[21.714899671864426,62.21772953677673],[21.7105303815842,62.223980029687716],[21.737294949853037,62.23173518165834],[21.733093580027916,62.24100947089633],[21.72903635016854,62.24389676837089],[21.727094521477433,62.245113340719755],[21.718375513768855,62.24637994370583],[21.71833049922205,62.24638268660231],[21.71967438602232,62.249536792611],[21.71232726987949,62.259353293687745],[21.71175023891163,62.2601239684884],[21.708442729567874,62.26065092184414],[21.70508356839543,62.26081617817763],[21.704546990518356,62.26053846121064],[21.704277683445955,62.26039907386347],[21.69180123785685,62.258964222165254],[21.689013263917527,62.260964384622625],[21.688916642072112,62.26111815913731],[21.68721216013147,62.26168990086922],[21.674262244956246,62.26603233766933],[21.674318077369545,62.26619785269612],[21.674737208570274,62.266447669713095],[21.677366100575842,62.269129308225935],[21.6783378729171,62.2723208007013],[21.67696515898014,62.27291288288249],[21.669605295383874,62.276837556217814],[21.666934401727406,62.27826146436863],[21.6667409419153,62.278277322630146],[21.666009025960868,62.278477857667475],[21.649690600226965,62.28106154682263],[21.646458505312662,62.29340233949961],[21.627872597234603,62.30725150147238],[21.625150601918147,62.30882731484565],[21.62555467934366,62.30924396799362],[21.634992754827753,62.312415377572115],[21.63654922636138,62.31344012799028],[21.642314555318645,62.32468560675128],[21.645080111077462,62.33155412243016],[21.64277345391705,62.33976400468503]],[[21.64277345391705,62.33976400468503],[21.64264793864529,62.34559018679556],[21.65625158818795,62.34990198608828],[21.67613169388729,62.35961250073809],[21.677305046004452,62.361759032384064],[21.657059959320005,62.3724548201477],[21.64554446484878,62.38795988445133],[21.654998166615197,62.39831626385849]],[[21.654998166615197,62.39831626385849],[21.656838726082412,62.39823366755217],[21.668781093037087,62.39799928216461],[21.733708178165585,62.39670697517875],[21.75761438052907,62.396066728548675],[21.811636231016532,62.3726507193193],[21.832085809873426,62.35741362277537],[21.901079231657906,62.35178549678912]],[[21.646691014498874,62.40915675277771],[21.6474807998579,62.4078980295724],[21.649286137615327,62.40502033085734],[21.651830242859827,62.4009640222544],[21.6518892436612,62.40086993839536],[21.654998166615197,62.39831626385849]],[[21.64277345391705,62.33976400468503],[21.626104271857017,62.33633938326168],[21.619764961350164,62.33930168139653],[21.616601107715997,62.33783026366454],[21.61471097010134,62.33516082678547],[21.604502143290485,62.33925958214039],[21.602707129207346,62.33876980535065],[21.600677760496758,62.334646923766385],[21.593454213680356,62.336618797427185],[21.591591722323173,62.33396252510541],[21.589727523312238,62.33388982302992],[21.58295761517685,62.3387717971053],[21.580218759274594,62.34328080302637],[21.579643084684637,62.343728189209315],[21.5755140549866,62.346054160589176],[21.575182664547224,62.34631323842956],[21.577067769838898,62.34819731941837],[21.578303087326983,62.34930681415591],[21.568427888913313,62.355752273605106],[21.545015049096737,62.3591725950682],[21.535547672930587,62.35919302739798],[21.515959222801772,62.36093859826485],[21.514559488339334,62.36102173316394],[21.495878952180643,62.36315469006493],[21.495273562140646,62.36325176022148],[21.48788404904373,62.364299130503646],[21.487824189844144,62.365826013651635],[21.485539652493074,62.37588284322576],[21.48600899889671,62.37684585883902],[21.49826835922371,62.40197859162015],[21.520435993639964,62.41940025070486]],[[21.520435993639964,62.41940025070486],[21.523116735749806,62.42041304186605],[21.54001334031193,62.42175341669049],[21.55156829624848,62.42252608220132],[21.55474511547467,62.422738337465525],[21.561603344362204,62.4231963052287],[21.561990990429255,62.42319924773904],[21.570493566001872,62.41911375079106],[21.565900160805388,62.417617317275266],[21.55409298360633,62.413769423287086],[21.5524320724607,62.413227984175734],[21.554657264810267,62.41230427724965],[21.556157560896214,62.411862230878874],[21.56205130583195,62.410125417717396],[21.577815994457733,62.41343359308705],[21.595622993723833,62.41716734067987],[21.60432178701878,62.417436438649645],[21.60909142802268,62.41691187169912],[21.616862064731883,62.41519848535443],[21.645371779706906,62.40958474199751],[21.646691014498874,62.40915675277771]],[[21.810642568224214,62.47371840990119],[21.839809671110743,62.45508773176404],[21.883665214065374,62.44735164661246],[21.86214981356913,62.430309756037516],[21.87547569376048,62.41455253260192],[21.933160894253994,62.423870846774],[21.93380415323843,62.42356560663901]],[[21.646691014498874,62.40915675277771],[21.65285271536167,62.41625575133144],[21.662573819448557,62.43119460523593],[21.662776415836312,62.43290333448904],[21.661633898426246,62.43862277308759],[21.65908138109378,62.44253326740954],[21.659497873434695,62.44315340673939],[21.656913627122222,62.44947341107981],[21.659380651234333,62.45983119558311],[21.65939411467182,62.45986614112842],[21.665564968584416,62.46232208811282],[21.663140390995903,62.463173867055936],[21.660563359244097,62.464422843203074],[21.657308715413638,62.46473347279258],[21.656353093775365,62.464612959676515],[21.653209380398174,62.46354737574054],[21.65042030043886,62.46519517449736],[21.649351512786918,62.46510695310253],[21.64918867838796,62.46511645582536],[21.64654100258356,62.466085017627115],[21.645427464501996,62.46779446744686],[21.642415945032138,62.47005122296682],[21.640913417765677,62.473429807477956],[21.648674104578447,62.478696592110055],[21.606768748129504,62.50435542970693],[21.624162295633333,62.53313473672261]],[[21.624162295633333,62.53313473672261],[21.639491433112173,62.536722272998475],[21.682743175062882,62.553825970190786],[21.69720094401931,62.55560879228231],[21.734372717103188,62.599107139281315],[21.729833305072905,62.60195112749211],[21.727251600776157,62.607556826061284]],[[21.727251600776157,62.607556826061284],[21.744459011725155,62.617873454698085],[21.752260434593595,62.62489186343644],[21.75696191241897,62.629119691036955],[21.757243174621923,62.629619695839416],[21.77441352798107,62.63145906074724],[21.798588759248986,62.62320922010965],[21.800188955176527,62.62266283672987],[21.801326212066314,62.622274499936424],[21.80645957262304,62.620521375124795],[21.80825461848276,62.619908243831894],[21.813962150767978,62.61795840435666],[21.82264838217109,62.61499001432865],[21.877659897917358,62.60697408368756],[21.903972139698237,62.60010219833498],[21.91529111209755,62.597143530623185]],[[21.882880815598046,62.537558016160936],[21.852159999711677,62.52897331144653],[21.839502254493375,62.52548400230978],[21.838862315899593,62.52516348651804],[21.832522154625444,62.519335488512574],[21.83267057502749,62.51836186893815],[21.829999686378603,62.5137568351155],[21.820174777746516,62.510188287777474],[21.816129171924857,62.51283857143564],[21.811583342316883,62.51204766920384],[21.809282894782537,62.51241348784717],[21.805219035934066,62.5113770268384],[21.80190157240589,62.51274253277629],[21.799300421080883,62.51261652006939],[21.79777461099287,62.511570724255016],[21.794332317757476,62.51015515853019],[21.79102057368495,62.51144641822342],[21.790398487175818,62.513020651800026],[21.7895332583259,62.51361752096125],[21.78695449997033,62.513245148746606],[21.783778099761804,62.511662749512276],[21.778996163906577,62.50858139704352],[21.7785836240257,62.50802611896488],[21.781778434948716,62.50696617038633],[21.781877571574437,62.50696333323779],[21.787151961456328,62.50605153591152],[21.795408894699758,62.50048696443265],[21.79567971043188,62.500468870213446],[21.802330270916467,62.501991387791406],[21.803669548048912,62.5023658156194],[21.807537668906978,62.50229079413567],[21.81139799400341,62.49935932377789],[21.811445574443482,62.499312489856344],[21.810740635527996,62.49582481486192],[21.807446490762437,62.49396168040012],[21.806815535593838,62.49182704801539],[21.798991206281546,62.485535942915085],[21.804241680070025,62.48097772410249],[21.806787837966166,62.478098401088054],[21.80819941155231,62.47669122903205],[21.80892598769925,62.47552936106931],[21.81061713679514,62.473728465446726],[21.810642568224214,62.47371840990119]],[[21.520435993639964,62.41940025070486],[21.519506035469018,62.43428739609047],[21.5183573680815,62.44047424192336],[21.51700414024865,62.44800374973833],[21.512179592086966,62.450012158541305],[21.5045782505105,62.457787789116736],[21.504713463765288,62.45810729294437],[21.52754298053869,62.466005989208696],[21.55169199540933,62.46579913931239],[21.55721446378617,62.470537390127696],[21.560616628736707,62.4754741667478],[21.537115374336132,62.49817921341281],[21.540097218342385,62.50701359645851],[21.562884253619387,62.52184217621204],[21.604755328447016,62.53379797279578],[21.609940456097885,62.53527699964424]],[[21.609940456097885,62.53527699964424],[21.623433431312492,62.533185157856835],[21.624162295633333,62.53313473672261]],[[21.609940456097885,62.53527699964424],[21.60683113778244,62.538022429115365],[21.603050117642077,62.541360153944595],[21.57226502285505,62.562696643083804],[21.577748605641304,62.572173068612294],[21.579703926011575,62.576655111140084],[21.57847103714438,62.58158126882004],[21.573389485028034,62.58858510480279],[21.571425134291133,62.59120302474493],[21.590122256376755,62.60040726129101],[21.59257608500148,62.60103981045064],[21.592957738239537,62.60113818679213],[21.59281494330268,62.60190879744961],[21.592712167721363,62.60246341371496],[21.5925409342795,62.60338738925724],[21.59233361945667,62.60343823154491],[21.592116385357205,62.60353358066725],[21.587656521109913,62.60549090098974],[21.587853011384453,62.60642579476764],[21.592537528713663,62.607038584427194],[21.59981649630326,62.607327842900375],[21.601514419339065,62.607686302776706],[21.602703342464753,62.608464389250145],[21.6041812160964,62.60844821951566],[21.616203994874173,62.609864054058775],[21.619681685918984,62.609829221598424],[21.621345488970015,62.609812526396986],[21.623392357956288,62.610396345284975],[21.623393992308895,62.61039681134586],[21.625835427167846,62.61123206118233],[21.627004328022533,62.611582721544245],[21.636793078864475,62.61451856681491],[21.639565841677587,62.614347216473625],[21.643279697390412,62.61419667739872],[21.64601831869055,62.61430649986731],[21.646958940735875,62.614358621703424],[21.648165068844,62.62512332213835],[21.648818806107734,62.63095536761137],[21.65125148872062,62.63185368915582],[21.652425464144965,62.63228717139793],[21.666173311315376,62.63835794352094],[21.6724025360654,62.64110739719203],[21.679152723898213,62.63912937357679],[21.68669912158111,62.637091074720814],[21.687437993285172,62.63593445883464],[21.698516482124525,62.61858064565539],[21.701702899605554,62.61358522426062],[21.707717612874063,62.61216665659105],[21.727251600776157,62.607556826061284]],[[21.92875093794135,62.52500786988619],[21.939200918636978,62.519307313942896],[21.94694973359209,62.502035761462615],[21.93255186831502,62.498887136147275],[21.92878746136163,62.49741229996062],[21.921039414945785,62.496165365041634],[21.910879643285167,62.496165812042285],[21.905625351763064,62.49658144113742],[21.895297935613616,62.49658766705997],[21.89176441470704,62.49454652417212],[21.888866509082032,62.49302764876288],[21.88862702539604,62.48629177862777],[21.884291788318638,62.48343227130346],[21.881041154873937,62.48094112330384],[21.881015587488086,62.480806759804416],[21.872286685484525,62.479360669314865],[21.868529401025643,62.478653510240065],[21.85363140417196,62.480410862950805],[21.846705821427552,62.479212516625644],[21.844483879816668,62.479088191361726],[21.838999369091294,62.476895696979625],[21.825523009996807,62.47516834435868],[21.81951074158617,62.47487585841031],[21.810642568224214,62.47371840990119]],[[21.699220324825827,62.17084165443517],[21.698276065862274,62.17233785945855],[21.697433942704386,62.17385320448461],[21.695068535898518,62.17930201741864],[21.69230959041528,62.186960124460654],[21.69199040497553,62.18873818104975],[21.693633955001285,62.197880383172354],[21.69482047811472,62.1984409111879],[21.696863648103974,62.199539300575964],[21.710351061348515,62.20606925843577],[21.72007897790227,62.20994175643353],[21.719470756910503,62.21195635019063]],[[21.888912159010605,62.226321125369644],[21.872008199680977,62.2123492438193]],[[21.872008199680977,62.2123492438193],[21.841806870554475,62.204497264569284],[21.837475821164926,62.19156365698526],[21.83791924857134,62.19101507210687],[21.843084882384463,62.18715921823342],[21.84365815564231,62.18691510857392],[21.845781008908002,62.18371562344498],[21.849656636360837,62.18350142070763],[21.85349315741359,62.18229895813817],[21.856302822110095,62.180211930906786],[21.856278776556454,62.18012990350129],[21.854563841045888,62.17738711023764],[21.852123675359525,62.177098043041724],[21.851310502984227,62.177117412802104],[21.846503622801563,62.17823572364982],[21.83483182374398,62.17341807845041],[21.83367449652982,62.17205267991619],[21.82962382000082,62.16884669780401],[21.829581882247716,62.16846149292891],[21.82881058843951,62.16729691233439],[21.809975135902125,62.151680378395646],[21.80979728711787,62.151481234638275],[21.80264917447071,62.147815813193226],[21.780447231487702,62.13789158874802]],[[21.872008199680977,62.2123492438193],[21.872344752454268,62.208486406518425],[21.875847847712194,62.19548031967389],[21.876047410298998,62.1950819822778],[21.881909675680486,62.18734271584128],[21.883842161374623,62.18643647269268],[21.887798594091233,62.17970391302512],[21.888225164500998,62.17778980326119],[21.890822002221103,62.17468735300256],[21.890987760369455,62.17459674774234],[21.90193095854923,62.17767501863592],[21.904010679472037,62.17900146352724],[21.903949346267964,62.17930418020483],[21.9064228337765,62.18004034481027],[21.90424585207985,62.181231587900896],[21.904715912872543,62.182316532563256],[21.907321245916727,62.1819107205019],[21.910431256438947,62.182393137712324],[21.911576850896076,62.18005713079858],[21.91159253520689,62.180059766472105],[21.9132764338323,62.18019568413952],[21.915588444147648,62.17988031020452],[21.916175001719132,62.18061152435736],[21.918871002400675,62.18136470758052],[21.91718772953356,62.183227783848665],[21.917687055015122,62.18345784499574],[21.917949827577612,62.18360973212726],[21.922453240412427,62.1845183058104],[21.922748223881538,62.184616074461324],[21.92813253714869,62.18440575510228],[21.929261390543328,62.18333786187386],[21.925602846906692,62.18109595808503],[21.919481432814344,62.18009462282446],[21.91099349630353,62.17412491365948],[21.939474268718136,62.16984592839647],[21.947015127598227,62.168735214888365],[21.94548942930355,62.17927308606698],[21.933422474989424,62.18753933593806],[21.937325924205336,62.190682608179976],[21.937874629988446,62.19507198853753]],[[21.937874629988446,62.19507198853753],[21.946487714238202,62.191252844794775],[21.947888650398593,62.189257434589074],[21.94985810601153,62.18917682332616],[21.947446796381456,62.18289396019392],[21.956813564021804,62.18052158661675],[21.95712814490341,62.17603364285971],[21.96448281820062,62.16968906660939]],[[21.96448281820062,62.16968906660939],[21.96504579695025,62.16970957656328],[21.947352247116456,62.15573967414147],[21.93847087523782,62.157001291488655],[21.92199318811291,62.143808011579495],[21.919376540851903,62.14332371030822],[21.91807750496052,62.14270345151693],[21.916785140869134,62.1413185362863],[21.914687209208772,62.14030166161577],[21.923820043377454,62.14020400411362],[21.92443127026927,62.13967778811301],[21.924685292154486,62.137397633973606],[21.924633018489477,62.1373701220111],[21.912527285141177,62.13254478773669],[21.91237037247882,62.13224074035309],[21.91192540337822,62.13201217020695],[21.897781117023293,62.12767551905474],[21.867128309646496,62.12412278587722],[21.856953100317302,62.11995606147037],[21.840279440178687,62.11718465435539]],[[21.93084771622764,62.22504366068237],[21.93610480472129,62.20939007581125],[21.937874629988446,62.19507198853753]],[[22.12404455314453,62.19361865998186],[22.10580635921038,62.18191961523462],[22.086582035219127,62.16957579490602],[22.08503533484855,62.16480165495201],[22.087589069051212,62.16208389640651],[22.085106926607605,62.1614114047097],[22.0686932725196,62.15257099809495],[22.000757287181635,62.15682870408415],[21.983433692946477,62.16921801438837],[21.980812322972604,62.171088483604386],[21.976390751767774,62.1707917138069],[21.96448281820062,62.16968906660939]],[[22.164571070680946,62.10396395883262],[22.180623293237485,62.08783128933486],[22.196009245858647,62.07234989996765]],[[21.987902626323805,62.01508036086359],[21.886098611069734,62.00474999687069],[21.786793128727865,62.01684315146534],[21.787353125515814,62.016864352744264],[21.73722533241957,62.01773751724836],[21.71742240383539,62.01967266775311],[21.71681648630996,62.019384136801854],[21.715459394783018,62.01873787758396],[21.70989076706277,62.019661927925995],[21.709754140413747,62.019802074818166],[21.70886726036325,62.02025423118194],[21.705807503267526,62.021814029646045],[21.70367336225754,62.02080382415388],[21.690529292878534,62.01457984231409],[21.634106516292416,62.00638787275148],[21.605363683551452,62.01347984103527],[21.60480391042481,62.01345790137971],[21.603637291424167,62.02107491828123],[21.601056653359084,62.03790846373667],[21.640376317063918,62.06404072746425]]],"bbox":[21.485539652493074,62.00474999687069,22.652242095002677,62.64110739719203]}
