{"type":"FeatureCollection","features":[{"type":"Feature","geometry":{"type":"Polygon","coordinates":[[[25.427083,62.502083],[25.43125,62.502083],[25.43125,62.50625],[25.427083,62.50625],[25.427083,62.502083]]]},"properties":{"radiance":5.47}},{"type":"Feature","geometry":{"type":"Polygon","coordinates":[[[25.685417,62.439583],[25.689583,62.439583],[25.689583,62.44375],[25.685417,62.44375],[25.685417,62.439583]]]},"properties":{"radiance":5.7}},{"type":"Feature","geometry":{"type":"Polygon","coordinates":[[[25.677083,62.435417],[25.68125,62.435417],[25.68125,62.439583],[25.677083,62.439583],[25.677083,62.435417]]]},"properties":{"radiance":5.27}},{"type":"Feature","geometry":{"type":"Polygon","coordinates":[[[25.68125,62.435417],[25.685417,62.435417],[25.685417,62.439583],[25.68125,62.439583],[25.68125,62.435417]]]},"properties":{"radiance":6.84}},{"type":"Feature","geometry":{"type":"Polygon","coordinates":[[[25.685417,62.435417],[25.689583,62.435417],[25.689583,62.439583],[25.685417,62.439583],[25.685417,62.435417]]]},"properties":{"radiance":7.04}},{"type":"Feature","geometry":{"type":"Polygon","coordinates":[[[25.689583,62.435417],[25.69375,62.435417],[25.69375,62.439583],[25.689583,62.439583],[25.689583,62.435417]]]},"properties":{"radiance":5.06}},{"type":"Feature","geometry":{"type":"Polygon","coordinates":[[[25.68125,62.43125],[25.685417,62.43125],[25.685417,62.435417],[25.68125,62.435417],[25.68125,62.43125]]]},"properties":{"radiance":5.02}},{"type":"Feature","geometry":{"type":"Polygon","coordinates":[[[25.90625,62.422917],[25.910417,62.422917],[25.910417,62.427083],[25.90625,62.427083],[25.90625,62.422917]]]},"properties":{"radiance":6.1}},{"type":"Feature","geometry":{"type":"Polygon","coordinates":[[[25.910417,62.422917],[25.914583,62.422917],[25.914583,62.427083],[25.910417,62.427083],[25.910417,62.422917]]]},"properties":{"radiance":6.38}},{"type":"Feature","geometry":{"type":"Polygon","coordinates":[[[25.914583,62.422917],[25.91875,62.422917],[25.91875,62.427083],[25.914583,62.427083],[25.914583,62.422917]]]},"properties":{"radiance":6.56}},{"type":"Feature","geometry":{"type":"Polygon","coordinates":[[[25.947917,62.422917],[25.952083,62.422917],[25.952083,62.427083],[25.947917,62.427083],[25.947917,62.422917]]]},"properties":{"radiance":5.56}},{"type":"Feature","geometry":{"type":"Polygon","coordinates":[[[25.952083,62.422917],[25.95625,62.422917],[25.95625,62.427083],[25.952083,62.427083],[25.952083,62.422917]]]},"properties":{"radiance":5.2}},{"type":"Feature","geometry":{"type":"Polygon","coordinates":[[[25.910417,62.41875],[25.914583,62.41875],[25.914583,62.422917],[25.910417,62.422917],[25.910417,62.41875]]]},"properties":{"radiance":5.75}},{"type":"Feature","geometry":{"type":"Polygon","coordinates":[[[25.914583,62.41875],[25.91875,62.41875],[25.91875,62.422917],[25.914583,62.422917],[25.914583,62.41875]]]},"properties":{"radiance":6.11}},{"type":"Feature","geometry":{"type":"Polygon","coordinates":[[[25.935417,62.41875],[25.939583,62.41875],[25.939583,62.422917],[25.935417,62.422917],[25.935417,62.41875]]]},"properties":{"radiance":5.37}},{"type":"Feature","geometry":{"type":"Polygon","coordinates":[[[25.94375,62.41875],[25.947917,62.41875],[25.947917,62.422917],[25.94375,62.422917],[25.94375,62.41875]]]},"properties":{"radiance":5.92}},{"type":"Feature","geometry":{"type":"Polygon","coordinates":[[[25.947917,62.41875],[25.952083,62.41875],[25.952083,62.422917],[25.947917,62.422917],[25.947917,62.41875]]]},"properties":{"radiance":12.63}},{"type":"Feature","geometry":{"type":"Polygon","coordinates":[[[25.952083,62.41875],[25.95625,62.41875],[25.95625,62.422917],[25.952083,62.422917],[25.952083,62.41875]]]},"properties":{"radiance":11.05}},{"type":"Feature","geometry":{"type":"Polygon","coordinates":[[[25.95625,62.41875],[25.960417,62.41875],[25.960417,62.422917],[25.95625,62.422917],[25.95625,62.41875]]]},"properties":{"radiance":8.16}},{"type":"Feature","geometry":{"type":"Polygon","coordinates":[[[25.960417,62.41875],[25.964583,62.41875],[25.964583,62.422917],[25.960417,62.422917],[25.960417,62.41875]]]},"properties":{"radiance":5.5}},{"type":"Feature","geometry":{"type":"Polygon","coordinates":[[[25.677083,62.414583],[25.68125,62.414583],[25.68125,62.41875],[25.677083,62.41875],[25.677083,62.414583]]]},"properties":{"radiance":11.28}},{"type":"Feature","geometry":{"type":"Polygon","coordinates":[[[25.68125,62.414583],[25.685417,62.414583],[25.685417,62.41875],[25.68125,62.41875],[25.68125,62.414583]]]},"properties":{"radiance":5.59}},{"type":"Feature","geometry":{"type":"Polygon","coordinates":[[[25.935417,62.414583],[25.939583,62.414583],[25.939583,62.41875],[25.935417,62.41875],[25.935417,62.414583]]]},"properties":{"radiance":5.06}},{"type":"Feature","geometry":{"type":"Polygon","coordinates":[[[25.939583,62.414583],[25.94375,62.414583],[25.94375,62.41875],[25.939583,62.41875],[25.939583,62.414583]]]},"properties":{"radiance":5.88}},{"type":"Feature","geometry":{"type":"Polygon","coordinates":[[[25.94375,62.414583],[25.947917,62.414583],[25.947917,62.41875],[25.94375,62.41875],[25.94375,62.414583]]]},"properties":{"radiance":19.1}},{"type":"Feature","geometry":{"type":"Polygon","coordinates":[[[25.947917,62.414583],[25.952083,62.414583],[25.952083,62.41875],[25.947917,62.41875],[25.947917,62.414583]]]},"properties":{"radiance":54.57}},{"type":"Feature","geometry":{"type":"Polygon","coordinates":[[[25.952083,62.414583],[25.95625,62.414583],[25.95625,62.41875],[25.952083,62.41875],[25.952083,62.414583]]]},"properties":{"radiance":44.98}},{"type":"Feature","geometry":{"type":"Polygon","coordinates":[[[25.95625,62.414583],[25.960417,62.414583],[25.960417,62.41875],[25.95625,62.41875],[25.95625,62.414583]]]},"properties":{"radiance":13.78}},{"type":"Feature","geometry":{"type":"Polygon","coordinates":[[[25.66875,62.410417],[25.672917,62.410417],[25.672917,62.414583],[25.66875,62.414583],[25.66875,62.410417]]]},"properties":{"radiance":11.15}},{"type":"Feature","geometry":{"type":"Polygon","coordinates":[[[25.672917,62.410417],[25.677083,62.410417],[25.677083,62.414583],[25.672917,62.414583],[25.672917,62.410417]]]},"properties":{"radiance":15.5}},{"type":"Feature","geometry":{"type":"Polygon","coordinates":[[[25.677083,62.410417],[25.68125,62.410417],[25.68125,62.414583],[25.677083,62.414583],[25.677083,62.410417]]]},"properties":{"radiance":16.97}},{"type":"Feature","geometry":{"type":"Polygon","coordinates":[[[25.68125,62.410417],[25.685417,62.410417],[25.685417,62.414583],[25.68125,62.414583],[25.68125,62.410417]]]},"properties":{"radiance":14.2}},{"type":"Feature","geometry":{"type":"Polygon","coordinates":[[[25.685417,62.410417],[25.689583,62.410417],[25.689583,62.414583],[25.685417,62.414583],[25.685417,62.410417]]]},"properties":{"radiance":11.11}},{"type":"Feature","geometry":{"type":"Polygon","coordinates":[[[25.689583,62.410417],[25.69375,62.410417],[25.69375,62.414583],[25.689583,62.414583],[25.689583,62.410417]]]},"properties":{"radiance":10.14}},{"type":"Feature","geometry":{"type":"Polygon","coordinates":[[[25.69375,62.410417],[25.697917,62.410417],[25.697917,62.414583],[25.69375,62.414583],[25.69375,62.410417]]]},"properties":{"radiance":9.39}},{"type":"Feature","geometry":{"type":"Polygon","coordinates":[[[25.697917,62.410417],[25.702083,62.410417],[25.702083,62.414583],[25.697917,62.414583],[25.697917,62.410417]]]},"properties":{"radiance":7.84}},{"type":"Feature","geometry":{"type":"Polygon","coordinates":[[[25.927083,62.410417],[25.93125,62.410417],[25.93125,62.414583],[25.927083,62.414583],[25.927083,62.410417]]]},"properties":{"radiance":5.52}},{"type":"Feature","geometry":{"type":"Polygon","coordinates":[[[25.935417,62.410417],[25.939583,62.410417],[25.939583,62.414583],[25.935417,62.414583],[25.935417,62.410417]]]},"properties":{"radiance":5.79}},{"type":"Feature","geometry":{"type":"Polygon","coordinates":[[[25.939583,62.410417],[25.94375,62.410417],[25.94375,62.414583],[25.939583,62.414583],[25.939583,62.410417]]]},"properties":{"radiance":9.26}},{"type":"Feature","geometry":{"type":"Polygon","coordinates":[[[25.94375,62.410417],[25.947917,62.410417],[25.947917,62.414583],[25.94375,62.414583],[25.94375,62.410417]]]},"properties":{"radiance":16.47}},{"type":"Feature","geometry":{"type":"Polygon","coordinates":[[[25.947917,62.410417],[25.952083,62.410417],[25.952083,62.414583],[25.947917,62.414583],[25.947917,62.410417]]]},"properties":{"radiance":48.09}},{"type":"Feature","geometry":{"type":"Polygon","coordinates":[[[25.952083,62.410417],[25.95625,62.410417],[25.95625,62.414583],[25.952083,62.414583],[25.952083,62.410417]]]},"properties":{"radiance":50.82}},{"type":"Feature","geometry":{"type":"Polygon","coordinates":[[[25.95625,62.410417],[25.960417,62.410417],[25.960417,62.414583],[25.95625,62.414583],[25.95625,62.410417]]]},"properties":{"radiance":6.76}},{"type":"Feature","geometry":{"type":"Polygon","coordinates":[[[25.960417,62.410417],[25.964583,62.410417],[25.964583,62.414583],[25.960417,62.414583],[25.960417,62.410417]]]},"properties":{"radiance":5.27}},{"type":"Feature","geometry":{"type":"Polygon","coordinates":[[[25.964583,62.410417],[25.96875,62.410417],[25.96875,62.414583],[25.964583,62.414583],[25.964583,62.410417]]]},"properties":{"radiance":5.11}},{"type":"Feature","geometry":{"type":"Polygon","coordinates":[[[25.652083,62.40625],[25.65625,62.40625],[25.65625,62.410417],[25.652083,62.410417],[25.652083,62.40625]]]},"properties":{"radiance":6.68}},{"type":"Feature","geometry":{"type":"Polygon","coordinates":[[[25.664583,62.40625],[25.66875,62.40625],[25.66875,62.410417],[25.664583,62.410417],[25.664583,62.40625]]]},"properties":{"radiance":6.94}},{"type":"Feature","geometry":{"type":"Polygon","coordinates":[[[25.66875,62.40625],[25.672917,62.40625],[25.672917,62.410417],[25.66875,62.410417],[25.66875,62.40625]]]},"properties":{"radiance":19.3}},{"type":"Feature","geometry":{"type":"Polygon","coordinates":[[[25.672917,62.40625],[25.677083,62.40625],[25.677083,62.410417],[25.672917,62.410417],[25.672917,62.40625]]]},"properties":{"radiance":19.63}},{"type":"Feature","geometry":{"type":"Polygon","coordinates":[[[25.677083,62.40625],[25.68125,62.40625],[25.68125,62.410417],[25.677083,62.410417],[25.677083,62.40625]]]},"properties":{"radiance":51.74}},{"type":"Feature","geometry":{"type":"Polygon","coordinates":[[[25.68125,62.40625],[25.685417,62.40625],[25.685417,62.410417],[25.68125,62.410417],[25.68125,62.40625]]]},"properties":{"radiance":19.78}},{"type":"Feature","geometry":{"type":"Polygon","coordinates":[[[25.685417,62.40625],[25.689583,62.40625],[25.689583,62.410417],[25.685417,62.410417],[25.685417,62.40625]]]},"properties":{"radiance":34.33}},{"type":"Feature","geometry":{"type":"Polygon","coordinates":[[[25.689583,62.40625],[25.69375,62.40625],[25.69375,62.410417],[25.689583,62.410417],[25.689583,62.40625]]]},"properties":{"radiance":10.88}},{"type":"Feature","geometry":{"type":"Polygon","coordinates":[[[25.69375,62.40625],[25.697917,62.40625],[25.697917,62.410417],[25.69375,62.410417],[25.69375,62.40625]]]},"properties":{"radiance":9.28}},{"type":"Feature","geometry":{"type":"Polygon","coordinates":[[[25.697917,62.40625],[25.702083,62.40625],[25.702083,62.410417],[25.697917,62.410417],[25.697917,62.40625]]]},"properties":{"radiance":9.4}},{"type":"Feature","geometry":{"type":"Polygon","coordinates":[[[25.702083,62.40625],[25.70625,62.40625],[25.70625,62.410417],[25.702083,62.410417],[25.702083,62.40625]]]},"properties":{"radiance":6.88}},{"type":"Feature","geometry":{"type":"Polygon","coordinates":[[[25.70625,62.40625],[25.710417,62.40625],[25.710417,62.410417],[25.70625,62.410417],[25.70625,62.40625]]]},"properties":{"radiance":5.43}},{"type":"Feature","geometry":{"type":"Polygon","coordinates":[[[25.93125,62.40625],[25.935417,62.40625],[25.935417,62.410417],[25.93125,62.410417],[25.93125,62.40625]]]},"properties":{"radiance":8.6}},{"type":"Feature","geometry":{"type":"Polygon","coordinates":[[[25.935417,62.40625],[25.939583,62.40625],[25.939583,62.410417],[25.935417,62.410417],[25.935417,62.40625]]]},"properties":{"radiance":10.6}},{"type":"Feature","geometry":{"type":"Polygon","coordinates":[[[25.939583,62.40625],[25.94375,62.40625],[25.94375,62.410417],[25.939583,62.410417],[25.939583,62.40625]]]},"properties":{"radiance":12.19}},{"type":"Feature","geometry":{"type":"Polygon","coordinates":[[[25.94375,62.40625],[25.947917,62.40625],[25.947917,62.410417],[25.94375,62.410417],[25.94375,62.40625]]]},"properties":{"radiance":11.71}},{"type":"Feature","geometry":{"type":"Polygon","coordinates":[[[25.947917,62.40625],[25.952083,62.40625],[25.952083,62.410417],[25.947917,62.410417],[25.947917,62.40625]]]},"properties":{"radiance":12.6}},{"type":"Feature","geometry":{"type":"Polygon","coordinates":[[[25.585417,62.402083],[25.589583,62.402083],[25.589583,62.40625],[25.585417,62.40625],[25.585417,62.402083]]]},"properties":{"radiance":7.24}},{"type":"Feature","geometry":{"type":"Polygon","coordinates":[[[25.589583,62.402083],[25.59375,62.402083],[25.59375,62.40625],[25.589583,62.40625],[25.589583,62.402083]]]},"properties":{"radiance":8.96}},{"type":"Feature","geometry":{"type":"Polygon","coordinates":[[[25.59375,62.402083],[25.597917,62.402083],[25.597917,62.40625],[25.59375,62.40625],[25.59375,62.402083]]]},"properties":{"radiance":8.84}},{"type":"Feature","geometry":{"type":"Polygon","coordinates":[[[25.64375,62.402083],[25.647917,62.402083],[25.647917,62.40625],[25.64375,62.40625],[25.64375,62.402083]]]},"properties":{"radiance":5.76}},{"type":"Feature","geometry":{"type":"Polygon","coordinates":[[[25.647917,62.402083],[25.652083,62.402083],[25.652083,62.40625],[25.647917,62.40625],[25.647917,62.402083]]]},"properties":{"radiance":9.37}},{"type":"Feature","geometry":{"type":"Polygon","coordinates":[[[25.652083,62.402083],[25.65625,62.402083],[25.65625,62.40625],[25.652083,62.40625],[25.652083,62.402083]]]},"properties":{"radiance":9.48}},{"type":"Feature","geometry":{"type":"Polygon","coordinates":[[[25.65625,62.402083],[25.660417,62.402083],[25.660417,62.40625],[25.65625,62.40625],[25.65625,62.402083]]]},"properties":{"radiance":9.45}},{"type":"Feature","geometry":{"type":"Polygon","coordinates":[[[25.660417,62.402083],[25.664583,62.402083],[25.664583,62.40625],[25.660417,62.40625],[25.660417,62.402083]]]},"properties":{"radiance":8.74}},{"type":"Feature","geometry":{"type":"Polygon","coordinates":[[[25.664583,62.402083],[25.66875,62.402083],[25.66875,62.40625],[25.664583,62.40625],[25.664583,62.402083]]]},"properties":{"radiance":7.52}},{"type":"Feature","geometry":{"type":"Polygon","coordinates":[[[25.66875,62.402083],[25.672917,62.402083],[25.672917,62.40625],[25.66875,62.40625],[25.66875,62.402083]]]},"properties":{"radiance":6.79}},{"type":"Feature","geometry":{"type":"Polygon","coordinates":[[[25.672917,62.402083],[25.677083,62.402083],[25.677083,62.40625],[25.672917,62.40625],[25.672917,62.402083]]]},"properties":{"radiance":7.88}},{"type":"Feature","geometry":{"type":"Polygon","coordinates":[[[25.677083,62.402083],[25.68125,62.402083],[25.68125,62.40625],[25.677083,62.40625],[25.677083,62.402083]]]},"properties":{"radiance":14.33}},{"type":"Feature","geometry":{"type":"Polygon","coordinates":[[[25.68125,62.402083],[25.685417,62.402083],[25.685417,62.40625],[25.68125,62.40625],[25.68125,62.402083]]]},"properties":{"radiance":7.82}},{"type":"Feature","geometry":{"type":"Polygon","coordinates":[[[25.685417,62.402083],[25.689583,62.402083],[25.689583,62.40625],[25.685417,62.40625],[25.685417,62.402083]]]},"properties":{"radiance":7.03}},{"type":"Feature","geometry":{"type":"Polygon","coordinates":[[[25.689583,62.402083],[25.69375,62.402083],[25.69375,62.40625],[25.689583,62.40625],[25.689583,62.402083]]]},"properties":{"radiance":8.49}},{"type":"Feature","geometry":{"type":"Polygon","coordinates":[[[25.69375,62.402083],[25.697917,62.402083],[25.697917,62.40625],[25.69375,62.40625],[25.69375,62.402083]]]},"properties":{"radiance":9.9}},{"type":"Feature","geometry":{"type":"Polygon","coordinates":[[[25.697917,62.402083],[25.702083,62.402083],[25.702083,62.40625],[25.697917,62.40625],[25.697917,62.402083]]]},"properties":{"radiance":12.21}},{"type":"Feature","geometry":{"type":"Polygon","coordinates":[[[25.702083,62.402083],[25.70625,62.402083],[25.70625,62.40625],[25.702083,62.40625],[25.702083,62.402083]]]},"properties":{"radiance":34.8}},{"type":"Feature","geometry":{"type":"Polygon","coordinates":[[[25.70625,62.402083],[25.710417,62.402083],[25.710417,62.40625],[25.70625,62.40625],[25.70625,62.402083]]]},"properties":{"radiance":6.09}},{"type":"Feature","geometry":{"type":"Polygon","coordinates":[[[25.927083,62.402083],[25.93125,62.402083],[25.93125,62.40625],[25.927083,62.40625],[25.927083,62.402083]]]},"properties":{"radiance":5.15}},{"type":"Feature","geometry":{"type":"Polygon","coordinates":[[[25.93125,62.402083],[25.935417,62.402083],[25.935417,62.40625],[25.93125,62.40625],[25.93125,62.402083]]]},"properties":{"radiance":9.12}},{"type":"Feature","geometry":{"type":"Polygon","coordinates":[[[25.935417,62.402083],[25.939583,62.402083],[25.939583,62.40625],[25.935417,62.40625],[25.935417,62.402083]]]},"properties":{"radiance":5.82}},{"type":"Feature","geometry":{"type":"Polygon","coordinates":[[[25.939583,62.402083],[25.94375,62.402083],[25.94375,62.40625],[25.939583,62.40625],[25.939583,62.402083]]]},"properties":{"radiance":6.41}},{"type":"Feature","geometry":{"type":"Polygon","coordinates":[[[25.94375,62.402083],[25.947917,62.402083],[25.947917,62.40625],[25.94375,62.40625],[25.94375,62.402083]]]},"properties":{"radiance":6.12}},{"type":"Feature","geometry":{"type":"Polygon","coordinates":[[[25.947917,62.402083],[25.952083,62.402083],[25.952083,62.40625],[25.947917,62.40625],[25.947917,62.402083]]]},"properties":{"radiance":5.49}},{"type":"Feature","geometry":{"type":"Polygon","coordinates":[[[25.585417,62.397917],[25.589583,62.397917],[25.589583,62.402083],[25.585417,62.402083],[25.585417,62.397917]]]},"properties":{"radiance":7.4}},{"type":"Feature","geometry":{"type":"Polygon","coordinates":[[[25.589583,62.397917],[25.59375,62.397917],[25.59375,62.402083],[25.589583,62.402083],[25.589583,62.397917]]]},"properties":{"radiance":8.99}},{"type":"Feature","geometry":{"type":"Polygon","coordinates":[[[25.59375,62.397917],[25.597917,62.397917],[25.597917,62.402083],[25.59375,62.402083],[25.59375,62.397917]]]},"properties":{"radiance":9.58}},{"type":"Feature","geometry":{"type":"Polygon","coordinates":[[[25.597917,62.397917],[25.602083,62.397917],[25.602083,62.402083],[25.597917,62.402083],[25.597917,62.397917]]]},"properties":{"radiance":11.96}},{"type":"Feature","geometry":{"type":"Polygon","coordinates":[[[25.602083,62.397917],[25.60625,62.397917],[25.60625,62.402083],[25.602083,62.402083],[25.602083,62.397917]]]},"properties":{"radiance":11.85}},{"type":"Feature","geometry":{"type":"Polygon","coordinates":[[[25.60625,62.397917],[25.610417,62.397917],[25.610417,62.402083],[25.60625,62.402083],[25.60625,62.397917]]]},"properties":{"radiance":8.94}},{"type":"Feature","geometry":{"type":"Polygon","coordinates":[[[25.64375,62.397917],[25.647917,62.397917],[25.647917,62.402083],[25.64375,62.402083],[25.64375,62.397917]]]},"properties":{"radiance":9.95}},{"type":"Feature","geometry":{"type":"Polygon","coordinates":[[[25.647917,62.397917],[25.652083,62.397917],[25.652083,62.402083],[25.647917,62.402083],[25.647917,62.397917]]]},"properties":{"radiance":8.58}},{"type":"Feature","geometry":{"type":"Polygon","coordinates":[[[25.652083,62.397917],[25.65625,62.397917],[25.65625,62.402083],[25.652083,62.402083],[25.652083,62.397917]]]},"properties":{"radiance":8.09}},{"type":"Feature","geometry":{"type":"Polygon","coordinates":[[[25.65625,62.397917],[25.660417,62.397917],[25.660417,62.402083],[25.65625,62.402083],[25.65625,62.397917]]]},"properties":{"radiance":8.15}},{"type":"Feature","geometry":{"type":"Polygon","coordinates":[[[25.660417,62.397917],[25.664583,62.397917],[25.664583,62.402083],[25.660417,62.402083],[25.660417,62.397917]]]},"properties":{"radiance":7.91}},{"type":"Feature","geometry":{"type":"Polygon","coordinates":[[[25.664583,62.397917],[25.66875,62.397917],[25.66875,62.402083],[25.664583,62.402083],[25.664583,62.397917]]]},"properties":{"radiance":7.67}},{"type":"Feature","geometry":{"type":"Polygon","coordinates":[[[25.66875,62.397917],[25.672917,62.397917],[25.672917,62.402083],[25.66875,62.402083],[25.66875,62.397917]]]},"properties":{"radiance":6.6}},{"type":"Feature","geometry":{"type":"Polygon","coordinates":[[[25.672917,62.397917],[25.677083,62.397917],[25.677083,62.402083],[25.672917,62.402083],[25.672917,62.397917]]]},"properties":{"radiance":5.78}},{"type":"Feature","geometry":{"type":"Polygon","coordinates":[[[25.685417,62.397917],[25.689583,62.397917],[25.689583,62.402083],[25.685417,62.402083],[25.685417,62.397917]]]},"properties":{"radiance":6.13}},{"type":"Feature","geometry":{"type":"Polygon","coordinates":[[[25.689583,62.397917],[25.69375,62.397917],[25.69375,62.402083],[25.689583,62.402083],[25.689583,62.397917]]]},"properties":{"radiance":8.82}},{"type":"Feature","geometry":{"type":"Polygon","coordinates":[[[25.69375,62.397917],[25.697917,62.397917],[25.697917,62.402083],[25.69375,62.402083],[25.69375,62.397917]]]},"properties":{"radiance":10.52}},{"type":"Feature","geometry":{"type":"Polygon","coordinates":[[[25.697917,62.397917],[25.702083,62.397917],[25.702083,62.402083],[25.697917,62.402083],[25.697917,62.397917]]]},"properties":{"radiance":11.23}},{"type":"Feature","geometry":{"type":"Polygon","coordinates":[[[25.702083,62.397917],[25.70625,62.397917],[25.70625,62.402083],[25.702083,62.402083],[25.702083,62.397917]]]},"properties":{"radiance":10.92}},{"type":"Feature","geometry":{"type":"Polygon","coordinates":[[[25.70625,62.397917],[25.710417,62.397917],[25.710417,62.402083],[25.70625,62.402083],[25.70625,62.397917]]]},"properties":{"radiance":6.04}},{"type":"Feature","geometry":{"type":"Polygon","coordinates":[[[25.93125,62.397917],[25.935417,62.397917],[25.935417,62.402083],[25.93125,62.402083],[25.93125,62.397917]]]},"properties":{"radiance":5.78}},{"type":"Feature","geometry":{"type":"Polygon","coordinates":[[[25.60625,62.39375],[25.610417,62.39375],[25.610417,62.397917],[25.60625,62.397917],[25.60625,62.39375]]]},"properties":{"radiance":9.68}},{"type":"Feature","geometry":{"type":"Polygon","coordinates":[[[25.627083,62.39375],[25.63125,62.39375],[25.63125,62.397917],[25.627083,62.397917],[25.627083,62.39375]]]},"properties":{"radiance":5.98}},{"type":"Feature","geometry":{"type":"Polygon","coordinates":[[[25.63125,62.39375],[25.635417,62.39375],[25.635417,62.397917],[25.63125,62.397917],[25.63125,62.39375]]]},"properties":{"radiance":6.62}},{"type":"Feature","geometry":{"type":"Polygon","coordinates":[[[25.635417,62.39375],[25.639583,62.39375],[25.639583,62.397917],[25.635417,62.397917],[25.635417,62.39375]]]},"properties":{"radiance":6.9}},{"type":"Feature","geometry":{"type":"Polygon","coordinates":[[[25.639583,62.39375],[25.64375,62.39375],[25.64375,62.397917],[25.639583,62.397917],[25.639583,62.39375]]]},"properties":{"radiance":8.56}},{"type":"Feature","geometry":{"type":"Polygon","coordinates":[[[25.64375,62.39375],[25.647917,62.39375],[25.647917,62.397917],[25.64375,62.397917],[25.64375,62.39375]]]},"properties":{"radiance":7.98}},{"type":"Feature","geometry":{"type":"Polygon","coordinates":[[[25.647917,62.39375],[25.652083,62.39375],[25.652083,62.397917],[25.647917,62.397917],[25.647917,62.39375]]]},"properties":{"radiance":8.49}},{"type":"Feature","geometry":{"type":"Polygon","coordinates":[[[25.652083,62.39375],[25.65625,62.39375],[25.65625,62.397917],[25.652083,62.397917],[25.652083,62.39375]]]},"properties":{"radiance":8.46}},{"type":"Feature","geometry":{"type":"Polygon","coordinates":[[[25.65625,62.39375],[25.660417,62.39375],[25.660417,62.397917],[25.65625,62.397917],[25.65625,62.39375]]]},"properties":{"radiance":6.1}},{"type":"Feature","geometry":{"type":"Polygon","coordinates":[[[25.660417,62.39375],[25.664583,62.39375],[25.664583,62.397917],[25.660417,62.397917],[25.660417,62.39375]]]},"properties":{"radiance":6.09}},{"type":"Feature","geometry":{"type":"Polygon","coordinates":[[[25.664583,62.39375],[25.66875,62.39375],[25.66875,62.397917],[25.664583,62.397917],[25.664583,62.39375]]]},"properties":{"radiance":6.09}},{"type":"Feature","geometry":{"type":"Polygon","coordinates":[[[25.689583,62.39375],[25.69375,62.39375],[25.69375,62.397917],[25.689583,62.397917],[25.689583,62.39375]]]},"properties":{"radiance":6.48}},{"type":"Feature","geometry":{"type":"Polygon","coordinates":[[[25.69375,62.39375],[25.697917,62.39375],[25.697917,62.397917],[25.69375,62.397917],[25.69375,62.39375]]]},"properties":{"radiance":7.49}},{"type":"Feature","geometry":{"type":"Polygon","coordinates":[[[25.697917,62.39375],[25.702083,62.39375],[25.702083,62.397917],[25.697917,62.397917],[25.697917,62.39375]]]},"properties":{"radiance":8}},{"type":"Feature","geometry":{"type":"Polygon","coordinates":[[[25.702083,62.39375],[25.70625,62.39375],[25.70625,62.397917],[25.702083,62.397917],[25.702083,62.39375]]]},"properties":{"radiance":8}},{"type":"Feature","geometry":{"type":"Polygon","coordinates":[[[25.70625,62.39375],[25.710417,62.39375],[25.710417,62.397917],[25.70625,62.397917],[25.70625,62.39375]]]},"properties":{"radiance":5.53}},{"type":"Feature","geometry":{"type":"Polygon","coordinates":[[[25.710417,62.39375],[25.714583,62.39375],[25.714583,62.397917],[25.710417,62.397917],[25.710417,62.39375]]]},"properties":{"radiance":5.15}},{"type":"Feature","geometry":{"type":"Polygon","coordinates":[[[25.622917,62.389583],[25.627083,62.389583],[25.627083,62.39375],[25.622917,62.39375],[25.622917,62.389583]]]},"properties":{"radiance":5.28}},{"type":"Feature","geometry":{"type":"Polygon","coordinates":[[[25.627083,62.389583],[25.63125,62.389583],[25.63125,62.39375],[25.627083,62.39375],[25.627083,62.389583]]]},"properties":{"radiance":6.98}},{"type":"Feature","geometry":{"type":"Polygon","coordinates":[[[25.63125,62.389583],[25.635417,62.389583],[25.635417,62.39375],[25.63125,62.39375],[25.63125,62.389583]]]},"properties":{"radiance":7.85}},{"type":"Feature","geometry":{"type":"Polygon","coordinates":[[[25.635417,62.389583],[25.639583,62.389583],[25.639583,62.39375],[25.635417,62.39375],[25.635417,62.389583]]]},"properties":{"radiance":7.69}},{"type":"Feature","geometry":{"type":"Polygon","coordinates":[[[25.639583,62.389583],[25.64375,62.389583],[25.64375,62.39375],[25.639583,62.39375],[25.639583,62.389583]]]},"properties":{"radiance":8.45}},{"type":"Feature","geometry":{"type":"Polygon","coordinates":[[[25.64375,62.389583],[25.647917,62.389583],[25.647917,62.39375],[25.64375,62.39375],[25.64375,62.389583]]]},"properties":{"radiance":7.74}},{"type":"Feature","geometry":{"type":"Polygon","coordinates":[[[25.647917,62.389583],[25.652083,62.389583],[25.652083,62.39375],[25.647917,62.39375],[25.647917,62.389583]]]},"properties":{"radiance":7.55}},{"type":"Feature","geometry":{"type":"Polygon","coordinates":[[[25.652083,62.389583],[25.65625,62.389583],[25.65625,62.39375],[25.652083,62.39375],[25.652083,62.389583]]]},"properties":{"radiance":8.63}},{"type":"Feature","geometry":{"type":"Polygon","coordinates":[[[25.65625,62.389583],[25.660417,62.389583],[25.660417,62.39375],[25.65625,62.39375],[25.65625,62.389583]]]},"properties":{"radiance":7.56}},{"type":"Feature","geometry":{"type":"Polygon","coordinates":[[[25.660417,62.389583],[25.664583,62.389583],[25.664583,62.39375],[25.660417,62.39375],[25.660417,62.389583]]]},"properties":{"radiance":6.76}},{"type":"Feature","geometry":{"type":"Polygon","coordinates":[[[25.664583,62.389583],[25.66875,62.389583],[25.66875,62.39375],[25.664583,62.39375],[25.664583,62.389583]]]},"properties":{"radiance":6.85}},{"type":"Feature","geometry":{"type":"Polygon","coordinates":[[[25.66875,62.389583],[25.672917,62.389583],[25.672917,62.39375],[25.66875,62.39375],[25.66875,62.389583]]]},"properties":{"radiance":7.39}},{"type":"Feature","geometry":{"type":"Polygon","coordinates":[[[25.672917,62.389583],[25.677083,62.389583],[25.677083,62.39375],[25.672917,62.39375],[25.672917,62.389583]]]},"properties":{"radiance":5.93}},{"type":"Feature","geometry":{"type":"Polygon","coordinates":[[[25.697917,62.389583],[25.702083,62.389583],[25.702083,62.39375],[25.697917,62.39375],[25.697917,62.389583]]]},"properties":{"radiance":5.63}},{"type":"Feature","geometry":{"type":"Polygon","coordinates":[[[25.702083,62.389583],[25.70625,62.389583],[25.70625,62.39375],[25.702083,62.39375],[25.702083,62.389583]]]},"properties":{"radiance":8.57}},{"type":"Feature","geometry":{"type":"Polygon","coordinates":[[[25.70625,62.389583],[25.710417,62.389583],[25.710417,62.39375],[25.70625,62.39375],[25.70625,62.389583]]]},"properties":{"radiance":10.1}},{"type":"Feature","geometry":{"type":"Polygon","coordinates":[[[25.710417,62.389583],[25.714583,62.389583],[25.714583,62.39375],[25.710417,62.39375],[25.710417,62.389583]]]},"properties":{"radiance":8.04}},{"type":"Feature","geometry":{"type":"Polygon","coordinates":[[[25.877083,62.389583],[25.88125,62.389583],[25.88125,62.39375],[25.877083,62.39375],[25.877083,62.389583]]]},"properties":{"radiance":6.47}},{"type":"Feature","geometry":{"type":"Polygon","coordinates":[[[25.622917,62.385417],[25.627083,62.385417],[25.627083,62.389583],[25.622917,62.389583],[25.622917,62.385417]]]},"properties":{"radiance":5.62}},{"type":"Feature","geometry":{"type":"Polygon","coordinates":[[[25.627083,62.385417],[25.63125,62.385417],[25.63125,62.389583],[25.627083,62.389583],[25.627083,62.385417]]]},"properties":{"radiance":5.45}},{"type":"Feature","geometry":{"type":"Polygon","coordinates":[[[25.64375,62.385417],[25.647917,62.385417],[25.647917,62.389583],[25.64375,62.389583],[25.64375,62.385417]]]},"properties":{"radiance":6.75}},{"type":"Feature","geometry":{"type":"Polygon","coordinates":[[[25.647917,62.385417],[25.652083,62.385417],[25.652083,62.389583],[25.647917,62.389583],[25.647917,62.385417]]]},"properties":{"radiance":6.87}},{"type":"Feature","geometry":{"type":"Polygon","coordinates":[[[25.652083,62.385417],[25.65625,62.385417],[25.65625,62.389583],[25.652083,62.389583],[25.652083,62.385417]]]},"properties":{"radiance":6.58}},{"type":"Feature","geometry":{"type":"Polygon","coordinates":[[[25.65625,62.385417],[25.660417,62.385417],[25.660417,62.389583],[25.65625,62.389583],[25.65625,62.385417]]]},"properties":{"radiance":6}},{"type":"Feature","geometry":{"type":"Polygon","coordinates":[[[25.660417,62.385417],[25.664583,62.385417],[25.664583,62.389583],[25.660417,62.389583],[25.660417,62.385417]]]},"properties":{"radiance":6.54}},{"type":"Feature","geometry":{"type":"Polygon","coordinates":[[[25.664583,62.385417],[25.66875,62.385417],[25.66875,62.389583],[25.664583,62.389583],[25.664583,62.385417]]]},"properties":{"radiance":7.11}},{"type":"Feature","geometry":{"type":"Polygon","coordinates":[[[25.66875,62.385417],[25.672917,62.385417],[25.672917,62.389583],[25.66875,62.389583],[25.66875,62.385417]]]},"properties":{"radiance":7.37}},{"type":"Feature","geometry":{"type":"Polygon","coordinates":[[[25.672917,62.385417],[25.677083,62.385417],[25.677083,62.389583],[25.672917,62.389583],[25.672917,62.385417]]]},"properties":{"radiance":7.84}},{"type":"Feature","geometry":{"type":"Polygon","coordinates":[[[25.677083,62.385417],[25.68125,62.385417],[25.68125,62.389583],[25.677083,62.389583],[25.677083,62.385417]]]},"properties":{"radiance":7.7}},{"type":"Feature","geometry":{"type":"Polygon","coordinates":[[[25.697917,62.385417],[25.702083,62.385417],[25.702083,62.389583],[25.697917,62.389583],[25.697917,62.385417]]]},"properties":{"radiance":7.55}},{"type":"Feature","geometry":{"type":"Polygon","coordinates":[[[25.702083,62.385417],[25.70625,62.385417],[25.70625,62.389583],[25.702083,62.389583],[25.702083,62.385417]]]},"properties":{"radiance":9.87}},{"type":"Feature","geometry":{"type":"Polygon","coordinates":[[[25.70625,62.385417],[25.710417,62.385417],[25.710417,62.389583],[25.70625,62.389583],[25.70625,62.385417]]]},"properties":{"radiance":10.06}},{"type":"Feature","geometry":{"type":"Polygon","coordinates":[[[25.710417,62.385417],[25.714583,62.385417],[25.714583,62.389583],[25.710417,62.389583],[25.710417,62.385417]]]},"properties":{"radiance":6.77}},{"type":"Feature","geometry":{"type":"Polygon","coordinates":[[[25.86875,62.385417],[25.872917,62.385417],[25.872917,62.389583],[25.86875,62.389583],[25.86875,62.385417]]]},"properties":{"radiance":5.44}},{"type":"Feature","geometry":{"type":"Polygon","coordinates":[[[25.872917,62.385417],[25.877083,62.385417],[25.877083,62.389583],[25.872917,62.389583],[25.872917,62.385417]]]},"properties":{"radiance":6.23}},{"type":"Feature","geometry":{"type":"Polygon","coordinates":[[[25.88125,62.385417],[25.885417,62.385417],[25.885417,62.389583],[25.88125,62.389583],[25.88125,62.385417]]]},"properties":{"radiance":5.38}},{"type":"Feature","geometry":{"type":"Polygon","coordinates":[[[25.885417,62.385417],[25.889583,62.385417],[25.889583,62.389583],[25.885417,62.389583],[25.885417,62.385417]]]},"properties":{"radiance":5.89}},{"type":"Feature","geometry":{"type":"Polygon","coordinates":[[[25.889583,62.385417],[25.89375,62.385417],[25.89375,62.389583],[25.889583,62.389583],[25.889583,62.385417]]]},"properties":{"radiance":5.24}},{"type":"Feature","geometry":{"type":"Polygon","coordinates":[[[25.702083,62.38125],[25.70625,62.38125],[25.70625,62.385417],[25.702083,62.385417],[25.702083,62.38125]]]},"properties":{"radiance":5.35}},{"type":"Feature","geometry":{"type":"Polygon","coordinates":[[[25.89375,62.38125],[25.897917,62.38125],[25.897917,62.385417],[25.89375,62.385417],[25.89375,62.38125]]]},"properties":{"radiance":5.45}},{"type":"Feature","geometry":{"type":"Polygon","coordinates":[[[25.864583,62.377083],[25.86875,62.377083],[25.86875,62.38125],[25.864583,62.38125],[25.864583,62.377083]]]},"properties":{"radiance":5.14}},{"type":"Feature","geometry":{"type":"Polygon","coordinates":[[[25.86875,62.377083],[25.872917,62.377083],[25.872917,62.38125],[25.86875,62.38125],[25.86875,62.377083]]]},"properties":{"radiance":6.27}},{"type":"Feature","geometry":{"type":"Polygon","coordinates":[[[25.872917,62.377083],[25.877083,62.377083],[25.877083,62.38125],[25.872917,62.38125],[25.872917,62.377083]]]},"properties":{"radiance":7.41}},{"type":"Feature","geometry":{"type":"Polygon","coordinates":[[[25.90625,62.377083],[25.910417,62.377083],[25.910417,62.38125],[25.90625,62.38125],[25.90625,62.377083]]]},"properties":{"radiance":5.13}},{"type":"Feature","geometry":{"type":"Polygon","coordinates":[[[25.860417,62.372917],[25.864583,62.372917],[25.864583,62.377083],[25.860417,62.377083],[25.860417,62.372917]]]},"properties":{"radiance":6.23}},{"type":"Feature","geometry":{"type":"Polygon","coordinates":[[[25.864583,62.372917],[25.86875,62.372917],[25.86875,62.377083],[25.864583,62.377083],[25.864583,62.372917]]]},"properties":{"radiance":7.49}},{"type":"Feature","geometry":{"type":"Polygon","coordinates":[[[25.86875,62.372917],[25.872917,62.372917],[25.872917,62.377083],[25.86875,62.377083],[25.86875,62.372917]]]},"properties":{"radiance":7.81}},{"type":"Feature","geometry":{"type":"Polygon","coordinates":[[[25.872917,62.372917],[25.877083,62.372917],[25.877083,62.377083],[25.872917,62.377083],[25.872917,62.372917]]]},"properties":{"radiance":8.02}},{"type":"Feature","geometry":{"type":"Polygon","coordinates":[[[25.877083,62.372917],[25.88125,62.372917],[25.88125,62.377083],[25.877083,62.377083],[25.877083,62.372917]]]},"properties":{"radiance":7.02}},{"type":"Feature","geometry":{"type":"Polygon","coordinates":[[[25.88125,62.372917],[25.885417,62.372917],[25.885417,62.377083],[25.88125,62.377083],[25.88125,62.372917]]]},"properties":{"radiance":5.92}},{"type":"Feature","geometry":{"type":"Polygon","coordinates":[[[25.885417,62.372917],[25.889583,62.372917],[25.889583,62.377083],[25.885417,62.377083],[25.885417,62.372917]]]},"properties":{"radiance":5.82}},{"type":"Feature","geometry":{"type":"Polygon","coordinates":[[[25.889583,62.372917],[25.89375,62.372917],[25.89375,62.377083],[25.889583,62.377083],[25.889583,62.372917]]]},"properties":{"radiance":6.55}},{"type":"Feature","geometry":{"type":"Polygon","coordinates":[[[25.89375,62.372917],[25.897917,62.372917],[25.897917,62.377083],[25.89375,62.377083],[25.89375,62.372917]]]},"properties":{"radiance":7.09}},{"type":"Feature","geometry":{"type":"Polygon","coordinates":[[[25.897917,62.372917],[25.902083,62.372917],[25.902083,62.377083],[25.897917,62.377083],[25.897917,62.372917]]]},"properties":{"radiance":7.02}},{"type":"Feature","geometry":{"type":"Polygon","coordinates":[[[25.902083,62.372917],[25.90625,62.372917],[25.90625,62.377083],[25.902083,62.377083],[25.902083,62.372917]]]},"properties":{"radiance":6.46}},{"type":"Feature","geometry":{"type":"Polygon","coordinates":[[[25.90625,62.372917],[25.910417,62.372917],[25.910417,62.377083],[25.90625,62.377083],[25.90625,62.372917]]]},"properties":{"radiance":5.6}},{"type":"Feature","geometry":{"type":"Polygon","coordinates":[[[25.877083,62.36875],[25.88125,62.36875],[25.88125,62.372917],[25.877083,62.372917],[25.877083,62.36875]]]},"properties":{"radiance":6.13}},{"type":"Feature","geometry":{"type":"Polygon","coordinates":[[[25.88125,62.36875],[25.885417,62.36875],[25.885417,62.372917],[25.88125,62.372917],[25.88125,62.36875]]]},"properties":{"radiance":5.85}},{"type":"Feature","geometry":{"type":"Polygon","coordinates":[[[25.885417,62.36875],[25.889583,62.36875],[25.889583,62.372917],[25.885417,62.372917],[25.885417,62.36875]]]},"properties":{"radiance":6.31}},{"type":"Feature","geometry":{"type":"Polygon","coordinates":[[[25.889583,62.36875],[25.89375,62.36875],[25.89375,62.372917],[25.889583,62.372917],[25.889583,62.36875]]]},"properties":{"radiance":6.32}},{"type":"Feature","geometry":{"type":"Polygon","coordinates":[[[25.89375,62.36875],[25.897917,62.36875],[25.897917,62.372917],[25.89375,62.372917],[25.89375,62.36875]]]},"properties":{"radiance":6.72}},{"type":"Feature","geometry":{"type":"Polygon","coordinates":[[[25.897917,62.36875],[25.902083,62.36875],[25.902083,62.372917],[25.897917,62.372917],[25.897917,62.36875]]]},"properties":{"radiance":7.22}},{"type":"Feature","geometry":{"type":"Polygon","coordinates":[[[25.902083,62.36875],[25.90625,62.36875],[25.90625,62.372917],[25.902083,62.372917],[25.902083,62.36875]]]},"properties":{"radiance":7.05}},{"type":"Feature","geometry":{"type":"Polygon","coordinates":[[[25.90625,62.36875],[25.910417,62.36875],[25.910417,62.372917],[25.90625,62.372917],[25.90625,62.36875]]]},"properties":{"radiance":5.12}},{"type":"Feature","geometry":{"type":"Polygon","coordinates":[[[25.697917,62.360417],[25.702083,62.360417],[25.702083,62.364583],[25.697917,62.364583],[25.697917,62.360417]]]},"properties":{"radiance":5.12}},{"type":"Feature","geometry":{"type":"Polygon","coordinates":[[[25.69375,62.35625],[25.697917,62.35625],[25.697917,62.360417],[25.69375,62.360417],[25.69375,62.35625]]]},"properties":{"radiance":5.65}},{"type":"Feature","geometry":{"type":"Polygon","coordinates":[[[25.697917,62.35625],[25.702083,62.35625],[25.702083,62.360417],[25.697917,62.360417],[25.697917,62.35625]]]},"properties":{"radiance":7.33}},{"type":"Feature","geometry":{"type":"Polygon","coordinates":[[[25.702083,62.35625],[25.70625,62.35625],[25.70625,62.360417],[25.702083,62.360417],[25.702083,62.35625]]]},"properties":{"radiance":5.68}},{"type":"Feature","geometry":{"type":"Polygon","coordinates":[[[26.560417,62.35625],[26.564583,62.35625],[26.564583,62.360417],[26.560417,62.360417],[26.560417,62.35625]]]},"properties":{"radiance":17.43}},{"type":"Feature","geometry":{"type":"Polygon","coordinates":[[[26.564583,62.35625],[26.56875,62.35625],[26.56875,62.360417],[26.564583,62.360417],[26.564583,62.35625]]]},"properties":{"radiance":17.29}},{"type":"Feature","geometry":{"type":"Polygon","coordinates":[[[25.697917,62.352083],[25.702083,62.352083],[25.702083,62.35625],[25.697917,62.35625],[25.697917,62.352083]]]},"properties":{"radiance":7.35}},{"type":"Feature","geometry":{"type":"Polygon","coordinates":[[[25.702083,62.352083],[25.70625,62.352083],[25.70625,62.35625],[25.702083,62.35625],[25.702083,62.352083]]]},"properties":{"radiance":5.15}},{"type":"Feature","geometry":{"type":"Polygon","coordinates":[[[25.702083,62.347917],[25.70625,62.347917],[25.70625,62.352083],[25.702083,62.352083],[25.702083,62.347917]]]},"properties":{"radiance":5.67}},{"type":"Feature","geometry":{"type":"Polygon","coordinates":[[[25.70625,62.339583],[25.710417,62.339583],[25.710417,62.34375],[25.70625,62.34375],[25.70625,62.339583]]]},"properties":{"radiance":5.09}},{"type":"Feature","geometry":{"type":"Polygon","coordinates":[[[25.702083,62.335417],[25.70625,62.335417],[25.70625,62.339583],[25.702083,62.339583],[25.702083,62.335417]]]},"properties":{"radiance":5.03}},{"type":"Feature","geometry":{"type":"Polygon","coordinates":[[[25.835417,62.335417],[25.839583,62.335417],[25.839583,62.339583],[25.835417,62.339583],[25.835417,62.335417]]]},"properties":{"radiance":8.52}},{"type":"Feature","geometry":{"type":"Polygon","coordinates":[[[25.839583,62.335417],[25.84375,62.335417],[25.84375,62.339583],[25.839583,62.339583],[25.839583,62.335417]]]},"properties":{"radiance":6.16}},{"type":"Feature","geometry":{"type":"Polygon","coordinates":[[[25.83125,62.33125],[25.835417,62.33125],[25.835417,62.335417],[25.83125,62.335417],[25.83125,62.33125]]]},"properties":{"radiance":10.74}},{"type":"Feature","geometry":{"type":"Polygon","coordinates":[[[25.835417,62.33125],[25.839583,62.33125],[25.839583,62.335417],[25.835417,62.335417],[25.835417,62.33125]]]},"properties":{"radiance":10.64}},{"type":"Feature","geometry":{"type":"Polygon","coordinates":[[[25.839583,62.33125],[25.84375,62.33125],[25.84375,62.335417],[25.839583,62.335417],[25.839583,62.33125]]]},"properties":{"radiance":9.72}},{"type":"Feature","geometry":{"type":"Polygon","coordinates":[[[25.84375,62.33125],[25.847917,62.33125],[25.847917,62.335417],[25.84375,62.335417],[25.84375,62.33125]]]},"properties":{"radiance":9.11}},{"type":"Feature","geometry":{"type":"Polygon","coordinates":[[[25.852083,62.33125],[25.85625,62.33125],[25.85625,62.335417],[25.852083,62.335417],[25.852083,62.33125]]]},"properties":{"radiance":5.06}},{"type":"Feature","geometry":{"type":"Polygon","coordinates":[[[25.827083,62.327083],[25.83125,62.327083],[25.83125,62.33125],[25.827083,62.33125],[25.827083,62.327083]]]},"properties":{"radiance":5.45}},{"type":"Feature","geometry":{"type":"Polygon","coordinates":[[[25.83125,62.327083],[25.835417,62.327083],[25.835417,62.33125],[25.83125,62.33125],[25.83125,62.327083]]]},"properties":{"radiance":7.59}},{"type":"Feature","geometry":{"type":"Polygon","coordinates":[[[25.835417,62.327083],[25.839583,62.327083],[25.839583,62.33125],[25.835417,62.33125],[25.835417,62.327083]]]},"properties":{"radiance":7.06}},{"type":"Feature","geometry":{"type":"Polygon","coordinates":[[[25.839583,62.327083],[25.84375,62.327083],[25.84375,62.33125],[25.839583,62.33125],[25.839583,62.327083]]]},"properties":{"radiance":6.89}},{"type":"Feature","geometry":{"type":"Polygon","coordinates":[[[25.84375,62.327083],[25.847917,62.327083],[25.847917,62.33125],[25.84375,62.33125],[25.84375,62.327083]]]},"properties":{"radiance":5.75}},{"type":"Feature","geometry":{"type":"Polygon","coordinates":[[[25.83125,62.322917],[25.835417,62.322917],[25.835417,62.327083],[25.83125,62.327083],[25.83125,62.322917]]]},"properties":{"radiance":6.58}},{"type":"Feature","geometry":{"type":"Polygon","coordinates":[[[25.835417,62.322917],[25.839583,62.322917],[25.839583,62.327083],[25.835417,62.327083],[25.835417,62.322917]]]},"properties":{"radiance":6.95}},{"type":"Feature","geometry":{"type":"Polygon","coordinates":[[[25.839583,62.322917],[25.84375,62.322917],[25.84375,62.327083],[25.839583,62.327083],[25.839583,62.322917]]]},"properties":{"radiance":5.96}},{"type":"Feature","geometry":{"type":"Polygon","coordinates":[[[25.84375,62.322917],[25.847917,62.322917],[25.847917,62.327083],[25.84375,62.327083],[25.84375,62.322917]]]},"properties":{"radiance":5.07}},{"type":"Feature","geometry":{"type":"Polygon","coordinates":[[[25.689583,62.31875],[25.69375,62.31875],[25.69375,62.322917],[25.689583,62.322917],[25.689583,62.31875]]]},"properties":{"radiance":5.1}},{"type":"Feature","geometry":{"type":"Polygon","coordinates":[[[25.69375,62.31875],[25.697917,62.31875],[25.697917,62.322917],[25.69375,62.322917],[25.69375,62.31875]]]},"properties":{"radiance":5.42}},{"type":"Feature","geometry":{"type":"Polygon","coordinates":[[[25.697917,62.31875],[25.702083,62.31875],[25.702083,62.322917],[25.697917,62.322917],[25.697917,62.31875]]]},"properties":{"radiance":5.14}},{"type":"Feature","geometry":{"type":"Polygon","coordinates":[[[25.83125,62.31875],[25.835417,62.31875],[25.835417,62.322917],[25.83125,62.322917],[25.83125,62.31875]]]},"properties":{"radiance":5.65}},{"type":"Feature","geometry":{"type":"Polygon","coordinates":[[[25.835417,62.31875],[25.839583,62.31875],[25.839583,62.322917],[25.835417,62.322917],[25.835417,62.31875]]]},"properties":{"radiance":5.65}},{"type":"Feature","geometry":{"type":"Polygon","coordinates":[[[25.839583,62.31875],[25.84375,62.31875],[25.84375,62.322917],[25.839583,62.322917],[25.839583,62.31875]]]},"properties":{"radiance":5.74}},{"type":"Feature","geometry":{"type":"Polygon","coordinates":[[[25.69375,62.314583],[25.697917,62.314583],[25.697917,62.31875],[25.69375,62.31875],[25.69375,62.314583]]]},"properties":{"radiance":5.6}},{"type":"Feature","geometry":{"type":"Polygon","coordinates":[[[25.697917,62.314583],[25.702083,62.314583],[25.702083,62.31875],[25.697917,62.31875],[25.697917,62.314583]]]},"properties":{"radiance":8.26}},{"type":"Feature","geometry":{"type":"Polygon","coordinates":[[[25.702083,62.314583],[25.70625,62.314583],[25.70625,62.31875],[25.702083,62.31875],[25.702083,62.314583]]]},"properties":{"radiance":7.09}},{"type":"Feature","geometry":{"type":"Polygon","coordinates":[[[25.69375,62.310417],[25.697917,62.310417],[25.697917,62.314583],[25.69375,62.314583],[25.69375,62.310417]]]},"properties":{"radiance":9.68}},{"type":"Feature","geometry":{"type":"Polygon","coordinates":[[[25.697917,62.310417],[25.702083,62.310417],[25.702083,62.314583],[25.697917,62.314583],[25.697917,62.310417]]]},"properties":{"radiance":10.66}},{"type":"Feature","geometry":{"type":"Polygon","coordinates":[[[25.702083,62.310417],[25.70625,62.310417],[25.70625,62.314583],[25.702083,62.314583],[25.702083,62.310417]]]},"properties":{"radiance":9.04}},{"type":"Feature","geometry":{"type":"Polygon","coordinates":[[[25.70625,62.310417],[25.710417,62.310417],[25.710417,62.314583],[25.70625,62.314583],[25.70625,62.310417]]]},"properties":{"radiance":9.12}},{"type":"Feature","geometry":{"type":"Polygon","coordinates":[[[25.81875,62.310417],[25.822917,62.310417],[25.822917,62.314583],[25.81875,62.314583],[25.81875,62.310417]]]},"properties":{"radiance":6.35}},{"type":"Feature","geometry":{"type":"Polygon","coordinates":[[[25.822917,62.310417],[25.827083,62.310417],[25.827083,62.314583],[25.822917,62.314583],[25.822917,62.310417]]]},"properties":{"radiance":7.82}},{"type":"Feature","geometry":{"type":"Polygon","coordinates":[[[25.827083,62.310417],[25.83125,62.310417],[25.83125,62.314583],[25.827083,62.314583],[25.827083,62.310417]]]},"properties":{"radiance":7.04}},{"type":"Feature","geometry":{"type":"Polygon","coordinates":[[[25.83125,62.310417],[25.835417,62.310417],[25.835417,62.314583],[25.83125,62.314583],[25.83125,62.310417]]]},"properties":{"radiance":7.66}},{"type":"Feature","geometry":{"type":"Polygon","coordinates":[[[25.835417,62.310417],[25.839583,62.310417],[25.839583,62.314583],[25.835417,62.314583],[25.835417,62.310417]]]},"properties":{"radiance":7.58}},{"type":"Feature","geometry":{"type":"Polygon","coordinates":[[[25.839583,62.310417],[25.84375,62.310417],[25.84375,62.314583],[25.839583,62.314583],[25.839583,62.310417]]]},"properties":{"radiance":6.13}},{"type":"Feature","geometry":{"type":"Polygon","coordinates":[[[25.689583,62.30625],[25.69375,62.30625],[25.69375,62.310417],[25.689583,62.310417],[25.689583,62.30625]]]},"properties":{"radiance":10.36}},{"type":"Feature","geometry":{"type":"Polygon","coordinates":[[[25.69375,62.30625],[25.697917,62.30625],[25.697917,62.310417],[25.69375,62.310417],[25.69375,62.30625]]]},"properties":{"radiance":13.2}},{"type":"Feature","geometry":{"type":"Polygon","coordinates":[[[25.697917,62.30625],[25.702083,62.30625],[25.702083,62.310417],[25.697917,62.310417],[25.697917,62.30625]]]},"properties":{"radiance":13.24}},{"type":"Feature","geometry":{"type":"Polygon","coordinates":[[[25.702083,62.30625],[25.70625,62.30625],[25.70625,62.310417],[25.702083,62.310417],[25.702083,62.30625]]]},"properties":{"radiance":11.48}},{"type":"Feature","geometry":{"type":"Polygon","coordinates":[[[25.70625,62.30625],[25.710417,62.30625],[25.710417,62.310417],[25.70625,62.310417],[25.70625,62.30625]]]},"properties":{"radiance":11.95}},{"type":"Feature","geometry":{"type":"Polygon","coordinates":[[[25.710417,62.30625],[25.714583,62.30625],[25.714583,62.310417],[25.710417,62.310417],[25.710417,62.30625]]]},"properties":{"radiance":8.46}},{"type":"Feature","geometry":{"type":"Polygon","coordinates":[[[25.714583,62.30625],[25.71875,62.30625],[25.71875,62.310417],[25.714583,62.310417],[25.714583,62.30625]]]},"properties":{"radiance":5.98}},{"type":"Feature","geometry":{"type":"Polygon","coordinates":[[[25.71875,62.30625],[25.722917,62.30625],[25.722917,62.310417],[25.71875,62.310417],[25.71875,62.30625]]]},"properties":{"radiance":5.34}},{"type":"Feature","geometry":{"type":"Polygon","coordinates":[[[25.814583,62.30625],[25.81875,62.30625],[25.81875,62.310417],[25.814583,62.310417],[25.814583,62.30625]]]},"properties":{"radiance":6.55}},{"type":"Feature","geometry":{"type":"Polygon","coordinates":[[[25.81875,62.30625],[25.822917,62.30625],[25.822917,62.310417],[25.81875,62.310417],[25.81875,62.30625]]]},"properties":{"radiance":9.24}},{"type":"Feature","geometry":{"type":"Polygon","coordinates":[[[25.822917,62.30625],[25.827083,62.30625],[25.827083,62.310417],[25.822917,62.310417],[25.822917,62.30625]]]},"properties":{"radiance":18.05}},{"type":"Feature","geometry":{"type":"Polygon","coordinates":[[[25.827083,62.30625],[25.83125,62.30625],[25.83125,62.310417],[25.827083,62.310417],[25.827083,62.30625]]]},"properties":{"radiance":24.9}},{"type":"Feature","geometry":{"type":"Polygon","coordinates":[[[25.83125,62.30625],[25.835417,62.30625],[25.835417,62.310417],[25.83125,62.310417],[25.83125,62.30625]]]},"properties":{"radiance":23.46}},{"type":"Feature","geometry":{"type":"Polygon","coordinates":[[[25.835417,62.30625],[25.839583,62.30625],[25.839583,62.310417],[25.835417,62.310417],[25.835417,62.30625]]]},"properties":{"radiance":6.51}},{"type":"Feature","geometry":{"type":"Polygon","coordinates":[[[25.839583,62.30625],[25.84375,62.30625],[25.84375,62.310417],[25.839583,62.310417],[25.839583,62.30625]]]},"properties":{"radiance":7.21}},{"type":"Feature","geometry":{"type":"Polygon","coordinates":[[[25.689583,62.302083],[25.69375,62.302083],[25.69375,62.30625],[25.689583,62.30625],[25.689583,62.302083]]]},"properties":{"radiance":5.82}},{"type":"Feature","geometry":{"type":"Polygon","coordinates":[[[25.69375,62.302083],[25.697917,62.302083],[25.697917,62.30625],[25.69375,62.30625],[25.69375,62.302083]]]},"properties":{"radiance":9}},{"type":"Feature","geometry":{"type":"Polygon","coordinates":[[[25.697917,62.302083],[25.702083,62.302083],[25.702083,62.30625],[25.697917,62.30625],[25.697917,62.302083]]]},"properties":{"radiance":12.71}},{"type":"Feature","geometry":{"type":"Polygon","coordinates":[[[25.702083,62.302083],[25.70625,62.302083],[25.70625,62.30625],[25.702083,62.30625],[25.702083,62.302083]]]},"properties":{"radiance":13.97}},{"type":"Feature","geometry":{"type":"Polygon","coordinates":[[[25.70625,62.302083],[25.710417,62.302083],[25.710417,62.30625],[25.70625,62.30625],[25.70625,62.302083]]]},"properties":{"radiance":45.95}},{"type":"Feature","geometry":{"type":"Polygon","coordinates":[[[25.710417,62.302083],[25.714583,62.302083],[25.714583,62.30625],[25.710417,62.30625],[25.710417,62.302083]]]},"properties":{"radiance":16.08}},{"type":"Feature","geometry":{"type":"Polygon","coordinates":[[[25.714583,62.302083],[25.71875,62.302083],[25.71875,62.30625],[25.714583,62.30625],[25.714583,62.302083]]]},"properties":{"radiance":16.05}},{"type":"Feature","geometry":{"type":"Polygon","coordinates":[[[25.71875,62.302083],[25.722917,62.302083],[25.722917,62.30625],[25.71875,62.30625],[25.71875,62.302083]]]},"properties":{"radiance":9.52}},{"type":"Feature","geometry":{"type":"Polygon","coordinates":[[[25.722917,62.302083],[25.727083,62.302083],[25.727083,62.30625],[25.722917,62.30625],[25.722917,62.302083]]]},"properties":{"radiance":6.1}},{"type":"Feature","geometry":{"type":"Polygon","coordinates":[[[25.727083,62.302083],[25.73125,62.302083],[25.73125,62.30625],[25.727083,62.30625],[25.727083,62.302083]]]},"properties":{"radiance":6.24}},{"type":"Feature","geometry":{"type":"Polygon","coordinates":[[[25.802083,62.302083],[25.80625,62.302083],[25.80625,62.30625],[25.802083,62.30625],[25.802083,62.302083]]]},"properties":{"radiance":5.24}},{"type":"Feature","geometry":{"type":"Polygon","coordinates":[[[25.810417,62.302083],[25.814583,62.302083],[25.814583,62.30625],[25.810417,62.30625],[25.810417,62.302083]]]},"properties":{"radiance":7.54}},{"type":"Feature","geometry":{"type":"Polygon","coordinates":[[[25.814583,62.302083],[25.81875,62.302083],[25.81875,62.30625],[25.814583,62.30625],[25.814583,62.302083]]]},"properties":{"radiance":8.17}},{"type":"Feature","geometry":{"type":"Polygon","coordinates":[[[25.81875,62.302083],[25.822917,62.302083],[25.822917,62.30625],[25.81875,62.30625],[25.81875,62.302083]]]},"properties":{"radiance":8.01}},{"type":"Feature","geometry":{"type":"Polygon","coordinates":[[[25.822917,62.302083],[25.827083,62.302083],[25.827083,62.30625],[25.822917,62.30625],[25.822917,62.302083]]]},"properties":{"radiance":7.78}},{"type":"Feature","geometry":{"type":"Polygon","coordinates":[[[25.827083,62.302083],[25.83125,62.302083],[25.83125,62.30625],[25.827083,62.30625],[25.827083,62.302083]]]},"properties":{"radiance":24.79}},{"type":"Feature","geometry":{"type":"Polygon","coordinates":[[[25.835417,62.302083],[25.839583,62.302083],[25.839583,62.30625],[25.835417,62.30625],[25.835417,62.302083]]]},"properties":{"radiance":5.3}},{"type":"Feature","geometry":{"type":"Polygon","coordinates":[[[26.464583,62.302083],[26.46875,62.302083],[26.46875,62.30625],[26.464583,62.30625],[26.464583,62.302083]]]},"properties":{"radiance":6.34}},{"type":"Feature","geometry":{"type":"Polygon","coordinates":[[[26.46875,62.302083],[26.472917,62.302083],[26.472917,62.30625],[26.46875,62.30625],[26.46875,62.302083]]]},"properties":{"radiance":5.14}},{"type":"Feature","geometry":{"type":"Polygon","coordinates":[[[26.472917,62.302083],[26.477083,62.302083],[26.477083,62.30625],[26.472917,62.30625],[26.472917,62.302083]]]},"properties":{"radiance":8.26}},{"type":"Feature","geometry":{"type":"Polygon","coordinates":[[[26.477083,62.302083],[26.48125,62.302083],[26.48125,62.30625],[26.477083,62.30625],[26.477083,62.302083]]]},"properties":{"radiance":10.71}},{"type":"Feature","geometry":{"type":"Polygon","coordinates":[[[26.485417,62.302083],[26.489583,62.302083],[26.489583,62.30625],[26.485417,62.30625],[26.485417,62.302083]]]},"properties":{"radiance":5.72}},{"type":"Feature","geometry":{"type":"Polygon","coordinates":[[[25.69375,62.297917],[25.697917,62.297917],[25.697917,62.302083],[25.69375,62.302083],[25.69375,62.297917]]]},"properties":{"radiance":5.15}},{"type":"Feature","geometry":{"type":"Polygon","coordinates":[[[25.697917,62.297917],[25.702083,62.297917],[25.702083,62.302083],[25.697917,62.302083],[25.697917,62.297917]]]},"properties":{"radiance":7.25}},{"type":"Feature","geometry":{"type":"Polygon","coordinates":[[[25.702083,62.297917],[25.70625,62.297917],[25.70625,62.302083],[25.702083,62.302083],[25.702083,62.297917]]]},"properties":{"radiance":10.4}},{"type":"Feature","geometry":{"type":"Polygon","coordinates":[[[25.70625,62.297917],[25.710417,62.297917],[25.710417,62.302083],[25.70625,62.302083],[25.70625,62.297917]]]},"properties":{"radiance":11.57}},{"type":"Feature","geometry":{"type":"Polygon","coordinates":[[[25.710417,62.297917],[25.714583,62.297917],[25.714583,62.302083],[25.710417,62.302083],[25.710417,62.297917]]]},"properties":{"radiance":13.72}},{"type":"Feature","geometry":{"type":"Polygon","coordinates":[[[25.714583,62.297917],[25.71875,62.297917],[25.71875,62.302083],[25.714583,62.302083],[25.714583,62.297917]]]},"properties":{"radiance":30.23}},{"type":"Feature","geometry":{"type":"Polygon","coordinates":[[[25.71875,62.297917],[25.722917,62.297917],[25.722917,62.302083],[25.71875,62.302083],[25.71875,62.297917]]]},"properties":{"radiance":8.92}},{"type":"Feature","geometry":{"type":"Polygon","coordinates":[[[25.722917,62.297917],[25.727083,62.297917],[25.727083,62.302083],[25.722917,62.302083],[25.722917,62.297917]]]},"properties":{"radiance":6.66}},{"type":"Feature","geometry":{"type":"Polygon","coordinates":[[[25.727083,62.297917],[25.73125,62.297917],[25.73125,62.302083],[25.727083,62.302083],[25.727083,62.297917]]]},"properties":{"radiance":5.75}},{"type":"Feature","geometry":{"type":"Polygon","coordinates":[[[25.789583,62.297917],[25.79375,62.297917],[25.79375,62.302083],[25.789583,62.302083],[25.789583,62.297917]]]},"properties":{"radiance":7.91}},{"type":"Feature","geometry":{"type":"Polygon","coordinates":[[[25.79375,62.297917],[25.797917,62.297917],[25.797917,62.302083],[25.79375,62.302083],[25.79375,62.297917]]]},"properties":{"radiance":11.21}},{"type":"Feature","geometry":{"type":"Polygon","coordinates":[[[25.797917,62.297917],[25.802083,62.297917],[25.802083,62.302083],[25.797917,62.302083],[25.797917,62.297917]]]},"properties":{"radiance":16.56}},{"type":"Feature","geometry":{"type":"Polygon","coordinates":[[[25.802083,62.297917],[25.80625,62.297917],[25.80625,62.302083],[25.802083,62.302083],[25.802083,62.297917]]]},"properties":{"radiance":15.16}},{"type":"Feature","geometry":{"type":"Polygon","coordinates":[[[25.80625,62.297917],[25.810417,62.297917],[25.810417,62.302083],[25.80625,62.302083],[25.80625,62.297917]]]},"properties":{"radiance":16.31}},{"type":"Feature","geometry":{"type":"Polygon","coordinates":[[[25.810417,62.297917],[25.814583,62.297917],[25.814583,62.302083],[25.810417,62.302083],[25.810417,62.297917]]]},"properties":{"radiance":20.61}},{"type":"Feature","geometry":{"type":"Polygon","coordinates":[[[25.814583,62.297917],[25.81875,62.297917],[25.81875,62.302083],[25.814583,62.302083],[25.814583,62.297917]]]},"properties":{"radiance":13.22}},{"type":"Feature","geometry":{"type":"Polygon","coordinates":[[[25.81875,62.297917],[25.822917,62.297917],[25.822917,62.302083],[25.81875,62.302083],[25.81875,62.297917]]]},"properties":{"radiance":11.82}},{"type":"Feature","geometry":{"type":"Polygon","coordinates":[[[26.460417,62.297917],[26.464583,62.297917],[26.464583,62.302083],[26.460417,62.302083],[26.460417,62.297917]]]},"properties":{"radiance":33.78}},{"type":"Feature","geometry":{"type":"Polygon","coordinates":[[[26.464583,62.297917],[26.46875,62.297917],[26.46875,62.302083],[26.464583,62.302083],[26.464583,62.297917]]]},"properties":{"radiance":54.89}},{"type":"Feature","geometry":{"type":"Polygon","coordinates":[[[26.46875,62.297917],[26.472917,62.297917],[26.472917,62.302083],[26.46875,62.302083],[26.46875,62.297917]]]},"properties":{"radiance":12.81}},{"type":"Feature","geometry":{"type":"Polygon","coordinates":[[[26.472917,62.297917],[26.477083,62.297917],[26.477083,62.302083],[26.472917,62.302083],[26.472917,62.297917]]]},"properties":{"radiance":16.37}},{"type":"Feature","geometry":{"type":"Polygon","coordinates":[[[26.477083,62.297917],[26.48125,62.297917],[26.48125,62.302083],[26.477083,62.302083],[26.477083,62.297917]]]},"properties":{"radiance":16.63}},{"type":"Feature","geometry":{"type":"Polygon","coordinates":[[[26.48125,62.297917],[26.485417,62.297917],[26.485417,62.302083],[26.48125,62.302083],[26.48125,62.297917]]]},"properties":{"radiance":12.17}},{"type":"Feature","geometry":{"type":"Polygon","coordinates":[[[25.702083,62.29375],[25.70625,62.29375],[25.70625,62.297917],[25.702083,62.297917],[25.702083,62.29375]]]},"properties":{"radiance":8.53}},{"type":"Feature","geometry":{"type":"Polygon","coordinates":[[[25.70625,62.29375],[25.710417,62.29375],[25.710417,62.297917],[25.70625,62.297917],[25.70625,62.29375]]]},"properties":{"radiance":10.39}},{"type":"Feature","geometry":{"type":"Polygon","coordinates":[[[25.710417,62.29375],[25.714583,62.29375],[25.714583,62.297917],[25.710417,62.297917],[25.710417,62.29375]]]},"properties":{"radiance":15}},{"type":"Feature","geometry":{"type":"Polygon","coordinates":[[[25.714583,62.29375],[25.71875,62.29375],[25.71875,62.297917],[25.714583,62.297917],[25.714583,62.29375]]]},"properties":{"radiance":40.63}},{"type":"Feature","geometry":{"type":"Polygon","coordinates":[[[25.71875,62.29375],[25.722917,62.29375],[25.722917,62.297917],[25.71875,62.297917],[25.71875,62.29375]]]},"properties":{"radiance":49.03}},{"type":"Feature","geometry":{"type":"Polygon","coordinates":[[[25.722917,62.29375],[25.727083,62.29375],[25.727083,62.297917],[25.722917,62.297917],[25.722917,62.29375]]]},"properties":{"radiance":16.2}},{"type":"Feature","geometry":{"type":"Polygon","coordinates":[[[25.727083,62.29375],[25.73125,62.29375],[25.73125,62.297917],[25.727083,62.297917],[25.727083,62.29375]]]},"properties":{"radiance":42}},{"type":"Feature","geometry":{"type":"Polygon","coordinates":[[[25.73125,62.29375],[25.735417,62.29375],[25.735417,62.297917],[25.73125,62.297917],[25.73125,62.29375]]]},"properties":{"radiance":15.41}},{"type":"Feature","geometry":{"type":"Polygon","coordinates":[[[25.735417,62.29375],[25.739583,62.29375],[25.739583,62.297917],[25.735417,62.297917],[25.735417,62.29375]]]},"properties":{"radiance":12.15}},{"type":"Feature","geometry":{"type":"Polygon","coordinates":[[[25.739583,62.29375],[25.74375,62.29375],[25.74375,62.297917],[25.739583,62.297917],[25.739583,62.29375]]]},"properties":{"radiance":12.33}},{"type":"Feature","geometry":{"type":"Polygon","coordinates":[[[25.747917,62.29375],[25.752083,62.29375],[25.752083,62.297917],[25.747917,62.297917],[25.747917,62.29375]]]},"properties":{"radiance":5.24}},{"type":"Feature","geometry":{"type":"Polygon","coordinates":[[[25.789583,62.29375],[25.79375,62.29375],[25.79375,62.297917],[25.789583,62.297917],[25.789583,62.29375]]]},"properties":{"radiance":23.56}},{"type":"Feature","geometry":{"type":"Polygon","coordinates":[[[25.79375,62.29375],[25.797917,62.29375],[25.797917,62.297917],[25.79375,62.297917],[25.79375,62.29375]]]},"properties":{"radiance":25.35}},{"type":"Feature","geometry":{"type":"Polygon","coordinates":[[[25.797917,62.29375],[25.802083,62.29375],[25.802083,62.297917],[25.797917,62.297917],[25.797917,62.29375]]]},"properties":{"radiance":24.61}},{"type":"Feature","geometry":{"type":"Polygon","coordinates":[[[25.802083,62.29375],[25.80625,62.29375],[25.80625,62.297917],[25.802083,62.297917],[25.802083,62.29375]]]},"properties":{"radiance":25.44}},{"type":"Feature","geometry":{"type":"Polygon","coordinates":[[[25.80625,62.29375],[25.810417,62.29375],[25.810417,62.297917],[25.80625,62.297917],[25.80625,62.29375]]]},"properties":{"radiance":24}},{"type":"Feature","geometry":{"type":"Polygon","coordinates":[[[25.810417,62.29375],[25.814583,62.29375],[25.814583,62.297917],[25.810417,62.297917],[25.810417,62.29375]]]},"properties":{"radiance":22.39}},{"type":"Feature","geometry":{"type":"Polygon","coordinates":[[[25.814583,62.29375],[25.81875,62.29375],[25.81875,62.297917],[25.814583,62.297917],[25.814583,62.29375]]]},"properties":{"radiance":21.16}},{"type":"Feature","geometry":{"type":"Polygon","coordinates":[[[25.81875,62.29375],[25.822917,62.29375],[25.822917,62.297917],[25.81875,62.297917],[25.81875,62.29375]]]},"properties":{"radiance":12.6}},{"type":"Feature","geometry":{"type":"Polygon","coordinates":[[[26.472917,62.29375],[26.477083,62.29375],[26.477083,62.297917],[26.472917,62.297917],[26.472917,62.29375]]]},"properties":{"radiance":8.96}},{"type":"Feature","geometry":{"type":"Polygon","coordinates":[[[25.68125,62.289583],[25.685417,62.289583],[25.685417,62.29375],[25.68125,62.29375],[25.68125,62.289583]]]},"properties":{"radiance":5.61}},{"type":"Feature","geometry":{"type":"Polygon","coordinates":[[[25.685417,62.289583],[25.689583,62.289583],[25.689583,62.29375],[25.685417,62.29375],[25.685417,62.289583]]]},"properties":{"radiance":6.72}},{"type":"Feature","geometry":{"type":"Polygon","coordinates":[[[25.689583,62.289583],[25.69375,62.289583],[25.69375,62.29375],[25.689583,62.29375],[25.689583,62.289583]]]},"properties":{"radiance":6.01}},{"type":"Feature","geometry":{"type":"Polygon","coordinates":[[[25.69375,62.289583],[25.697917,62.289583],[25.697917,62.29375],[25.69375,62.29375],[25.69375,62.289583]]]},"properties":{"radiance":6.25}},{"type":"Feature","geometry":{"type":"Polygon","coordinates":[[[25.697917,62.289583],[25.702083,62.289583],[25.702083,62.29375],[25.697917,62.29375],[25.697917,62.289583]]]},"properties":{"radiance":7.13}},{"type":"Feature","geometry":{"type":"Polygon","coordinates":[[[25.702083,62.289583],[25.70625,62.289583],[25.70625,62.29375],[25.702083,62.29375],[25.702083,62.289583]]]},"properties":{"radiance":8.95}},{"type":"Feature","geometry":{"type":"Polygon","coordinates":[[[25.70625,62.289583],[25.710417,62.289583],[25.710417,62.29375],[25.70625,62.29375],[25.70625,62.289583]]]},"properties":{"radiance":16.45}},{"type":"Feature","geometry":{"type":"Polygon","coordinates":[[[25.710417,62.289583],[25.714583,62.289583],[25.714583,62.29375],[25.710417,62.29375],[25.710417,62.289583]]]},"properties":{"radiance":33.52}},{"type":"Feature","geometry":{"type":"Polygon","coordinates":[[[25.714583,62.289583],[25.71875,62.289583],[25.71875,62.29375],[25.714583,62.29375],[25.714583,62.289583]]]},"properties":{"radiance":31.49}},{"type":"Feature","geometry":{"type":"Polygon","coordinates":[[[25.71875,62.289583],[25.722917,62.289583],[25.722917,62.29375],[25.71875,62.29375],[25.71875,62.289583]]]},"properties":{"radiance":30.54}},{"type":"Feature","geometry":{"type":"Polygon","coordinates":[[[25.722917,62.289583],[25.727083,62.289583],[25.727083,62.29375],[25.722917,62.29375],[25.722917,62.289583]]]},"properties":{"radiance":23.8}},{"type":"Feature","geometry":{"type":"Polygon","coordinates":[[[25.727083,62.289583],[25.73125,62.289583],[25.73125,62.29375],[25.727083,62.29375],[25.727083,62.289583]]]},"properties":{"radiance":21.21}},{"type":"Feature","geometry":{"type":"Polygon","coordinates":[[[25.73125,62.289583],[25.735417,62.289583],[25.735417,62.29375],[25.73125,62.29375],[25.73125,62.289583]]]},"properties":{"radiance":18.34}},{"type":"Feature","geometry":{"type":"Polygon","coordinates":[[[25.735417,62.289583],[25.739583,62.289583],[25.739583,62.29375],[25.735417,62.29375],[25.735417,62.289583]]]},"properties":{"radiance":17.76}},{"type":"Feature","geometry":{"type":"Polygon","coordinates":[[[25.739583,62.289583],[25.74375,62.289583],[25.74375,62.29375],[25.739583,62.29375],[25.739583,62.289583]]]},"properties":{"radiance":15.89}},{"type":"Feature","geometry":{"type":"Polygon","coordinates":[[[25.74375,62.289583],[25.747917,62.289583],[25.747917,62.29375],[25.74375,62.29375],[25.74375,62.289583]]]},"properties":{"radiance":13.09}},{"type":"Feature","geometry":{"type":"Polygon","coordinates":[[[25.747917,62.289583],[25.752083,62.289583],[25.752083,62.29375],[25.747917,62.29375],[25.747917,62.289583]]]},"properties":{"radiance":12.13}},{"type":"Feature","geometry":{"type":"Polygon","coordinates":[[[25.752083,62.289583],[25.75625,62.289583],[25.75625,62.29375],[25.752083,62.29375],[25.752083,62.289583]]]},"properties":{"radiance":10.92}},{"type":"Feature","geometry":{"type":"Polygon","coordinates":[[[25.75625,62.289583],[25.760417,62.289583],[25.760417,62.29375],[25.75625,62.29375],[25.75625,62.289583]]]},"properties":{"radiance":11.04}},{"type":"Feature","geometry":{"type":"Polygon","coordinates":[[[25.760417,62.289583],[25.764583,62.289583],[25.764583,62.29375],[25.760417,62.29375],[25.760417,62.289583]]]},"properties":{"radiance":8.1}},{"type":"Feature","geometry":{"type":"Polygon","coordinates":[[[25.785417,62.289583],[25.789583,62.289583],[25.789583,62.29375],[25.785417,62.29375],[25.785417,62.289583]]]},"properties":{"radiance":17.82}},{"type":"Feature","geometry":{"type":"Polygon","coordinates":[[[25.789583,62.289583],[25.79375,62.289583],[25.79375,62.29375],[25.789583,62.29375],[25.789583,62.289583]]]},"properties":{"radiance":48.25}},{"type":"Feature","geometry":{"type":"Polygon","coordinates":[[[25.79375,62.289583],[25.797917,62.289583],[25.797917,62.29375],[25.79375,62.29375],[25.79375,62.289583]]]},"properties":{"radiance":56.32}},{"type":"Feature","geometry":{"type":"Polygon","coordinates":[[[25.797917,62.289583],[25.802083,62.289583],[25.802083,62.29375],[25.797917,62.29375],[25.797917,62.289583]]]},"properties":{"radiance":23.57}},{"type":"Feature","geometry":{"type":"Polygon","coordinates":[[[25.802083,62.289583],[25.80625,62.289583],[25.80625,62.29375],[25.802083,62.29375],[25.802083,62.289583]]]},"properties":{"radiance":23.2}},{"type":"Feature","geometry":{"type":"Polygon","coordinates":[[[25.80625,62.289583],[25.810417,62.289583],[25.810417,62.29375],[25.80625,62.29375],[25.80625,62.289583]]]},"properties":{"radiance":20.34}},{"type":"Feature","geometry":{"type":"Polygon","coordinates":[[[25.810417,62.289583],[25.814583,62.289583],[25.814583,62.29375],[25.810417,62.29375],[25.810417,62.289583]]]},"properties":{"radiance":20.24}},{"type":"Feature","geometry":{"type":"Polygon","coordinates":[[[25.814583,62.289583],[25.81875,62.289583],[25.81875,62.29375],[25.814583,62.29375],[25.814583,62.289583]]]},"properties":{"radiance":52.31}},{"type":"Feature","geometry":{"type":"Polygon","coordinates":[[[25.81875,62.289583],[25.822917,62.289583],[25.822917,62.29375],[25.81875,62.29375],[25.81875,62.289583]]]},"properties":{"radiance":40.8}},{"type":"Feature","geometry":{"type":"Polygon","coordinates":[[[25.685417,62.285417],[25.689583,62.285417],[25.689583,62.289583],[25.685417,62.289583],[25.685417,62.285417]]]},"properties":{"radiance":5.54}},{"type":"Feature","geometry":{"type":"Polygon","coordinates":[[[25.689583,62.285417],[25.69375,62.285417],[25.69375,62.289583],[25.689583,62.289583],[25.689583,62.285417]]]},"properties":{"radiance":5.69}},{"type":"Feature","geometry":{"type":"Polygon","coordinates":[[[25.702083,62.285417],[25.70625,62.285417],[25.70625,62.289583],[25.702083,62.289583],[25.702083,62.285417]]]},"properties":{"radiance":6.64}},{"type":"Feature","geometry":{"type":"Polygon","coordinates":[[[25.70625,62.285417],[25.710417,62.285417],[25.710417,62.289583],[25.70625,62.289583],[25.70625,62.285417]]]},"properties":{"radiance":36.22}},{"type":"Feature","geometry":{"type":"Polygon","coordinates":[[[25.710417,62.285417],[25.714583,62.285417],[25.714583,62.289583],[25.710417,62.289583],[25.710417,62.285417]]]},"properties":{"radiance":18.62}},{"type":"Feature","geometry":{"type":"Polygon","coordinates":[[[25.714583,62.285417],[25.71875,62.285417],[25.71875,62.289583],[25.714583,62.289583],[25.714583,62.285417]]]},"properties":{"radiance":37.84}},{"type":"Feature","geometry":{"type":"Polygon","coordinates":[[[25.71875,62.285417],[25.722917,62.285417],[25.722917,62.289583],[25.71875,62.289583],[25.71875,62.285417]]]},"properties":{"radiance":44.59}},{"type":"Feature","geometry":{"type":"Polygon","coordinates":[[[25.722917,62.285417],[25.727083,62.285417],[25.727083,62.289583],[25.722917,62.289583],[25.722917,62.285417]]]},"properties":{"radiance":39.51}},{"type":"Feature","geometry":{"type":"Polygon","coordinates":[[[25.727083,62.285417],[25.73125,62.285417],[25.73125,62.289583],[25.727083,62.289583],[25.727083,62.285417]]]},"properties":{"radiance":14.65}},{"type":"Feature","geometry":{"type":"Polygon","coordinates":[[[25.73125,62.285417],[25.735417,62.285417],[25.735417,62.289583],[25.73125,62.289583],[25.73125,62.285417]]]},"properties":{"radiance":13.82}},{"type":"Feature","geometry":{"type":"Polygon","coordinates":[[[25.735417,62.285417],[25.739583,62.285417],[25.739583,62.289583],[25.735417,62.289583],[25.735417,62.285417]]]},"properties":{"radiance":12.44}},{"type":"Feature","geometry":{"type":"Polygon","coordinates":[[[25.739583,62.285417],[25.74375,62.285417],[25.74375,62.289583],[25.739583,62.289583],[25.739583,62.285417]]]},"properties":{"radiance":10.74}},{"type":"Feature","geometry":{"type":"Polygon","coordinates":[[[25.74375,62.285417],[25.747917,62.285417],[25.747917,62.289583],[25.74375,62.289583],[25.74375,62.285417]]]},"properties":{"radiance":15.44}},{"type":"Feature","geometry":{"type":"Polygon","coordinates":[[[25.747917,62.285417],[25.752083,62.285417],[25.752083,62.289583],[25.747917,62.289583],[25.747917,62.285417]]]},"properties":{"radiance":15.07}},{"type":"Feature","geometry":{"type":"Polygon","coordinates":[[[25.752083,62.285417],[25.75625,62.285417],[25.75625,62.289583],[25.752083,62.289583],[25.752083,62.285417]]]},"properties":{"radiance":17.71}},{"type":"Feature","geometry":{"type":"Polygon","coordinates":[[[25.75625,62.285417],[25.760417,62.285417],[25.760417,62.289583],[25.75625,62.289583],[25.75625,62.285417]]]},"properties":{"radiance":13.34}},{"type":"Feature","geometry":{"type":"Polygon","coordinates":[[[25.760417,62.285417],[25.764583,62.285417],[25.764583,62.289583],[25.760417,62.289583],[25.760417,62.285417]]]},"properties":{"radiance":10.05}},{"type":"Feature","geometry":{"type":"Polygon","coordinates":[[[25.764583,62.285417],[25.76875,62.285417],[25.76875,62.289583],[25.764583,62.289583],[25.764583,62.285417]]]},"properties":{"radiance":5.74}},{"type":"Feature","geometry":{"type":"Polygon","coordinates":[[[25.772917,62.285417],[25.777083,62.285417],[25.777083,62.289583],[25.772917,62.289583],[25.772917,62.285417]]]},"properties":{"radiance":6.02}},{"type":"Feature","geometry":{"type":"Polygon","coordinates":[[[25.777083,62.285417],[25.78125,62.285417],[25.78125,62.289583],[25.777083,62.289583],[25.777083,62.285417]]]},"properties":{"radiance":6.52}},{"type":"Feature","geometry":{"type":"Polygon","coordinates":[[[25.78125,62.285417],[25.785417,62.285417],[25.785417,62.289583],[25.78125,62.289583],[25.78125,62.285417]]]},"properties":{"radiance":35.26}},{"type":"Feature","geometry":{"type":"Polygon","coordinates":[[[25.785417,62.285417],[25.789583,62.285417],[25.789583,62.289583],[25.785417,62.289583],[25.785417,62.285417]]]},"properties":{"radiance":17.45}},{"type":"Feature","geometry":{"type":"Polygon","coordinates":[[[25.789583,62.285417],[25.79375,62.285417],[25.79375,62.289583],[25.789583,62.289583],[25.789583,62.285417]]]},"properties":{"radiance":22.39}},{"type":"Feature","geometry":{"type":"Polygon","coordinates":[[[25.79375,62.285417],[25.797917,62.285417],[25.797917,62.289583],[25.79375,62.289583],[25.79375,62.285417]]]},"properties":{"radiance":26.48}},{"type":"Feature","geometry":{"type":"Polygon","coordinates":[[[25.797917,62.285417],[25.802083,62.285417],[25.802083,62.289583],[25.797917,62.289583],[25.797917,62.285417]]]},"properties":{"radiance":49.82}},{"type":"Feature","geometry":{"type":"Polygon","coordinates":[[[25.802083,62.285417],[25.80625,62.285417],[25.80625,62.289583],[25.802083,62.289583],[25.802083,62.285417]]]},"properties":{"radiance":20.2}},{"type":"Feature","geometry":{"type":"Polygon","coordinates":[[[25.80625,62.285417],[25.810417,62.285417],[25.810417,62.289583],[25.80625,62.289583],[25.80625,62.285417]]]},"properties":{"radiance":20.11}},{"type":"Feature","geometry":{"type":"Polygon","coordinates":[[[25.810417,62.285417],[25.814583,62.285417],[25.814583,62.289583],[25.810417,62.289583],[25.810417,62.285417]]]},"properties":{"radiance":40.09}},{"type":"Feature","geometry":{"type":"Polygon","coordinates":[[[25.814583,62.285417],[25.81875,62.285417],[25.81875,62.289583],[25.814583,62.289583],[25.814583,62.285417]]]},"properties":{"radiance":32.53}},{"type":"Feature","geometry":{"type":"Polygon","coordinates":[[[25.81875,62.285417],[25.822917,62.285417],[25.822917,62.289583],[25.81875,62.289583],[25.81875,62.285417]]]},"properties":{"radiance":6.03}},{"type":"Feature","geometry":{"type":"Polygon","coordinates":[[[25.822917,62.285417],[25.827083,62.285417],[25.827083,62.289583],[25.822917,62.289583],[25.822917,62.285417]]]},"properties":{"radiance":6.82}},{"type":"Feature","geometry":{"type":"Polygon","coordinates":[[[25.827083,62.285417],[25.83125,62.285417],[25.83125,62.289583],[25.827083,62.289583],[25.827083,62.285417]]]},"properties":{"radiance":5.21}},{"type":"Feature","geometry":{"type":"Polygon","coordinates":[[[26.34375,62.285417],[26.347917,62.285417],[26.347917,62.289583],[26.34375,62.289583],[26.34375,62.285417]]]},"properties":{"radiance":5.59}},{"type":"Feature","geometry":{"type":"Polygon","coordinates":[[[25.689583,62.28125],[25.69375,62.28125],[25.69375,62.285417],[25.689583,62.285417],[25.689583,62.28125]]]},"properties":{"radiance":6.71}},{"type":"Feature","geometry":{"type":"Polygon","coordinates":[[[25.69375,62.28125],[25.697917,62.28125],[25.697917,62.285417],[25.69375,62.285417],[25.69375,62.28125]]]},"properties":{"radiance":5.98}},{"type":"Feature","geometry":{"type":"Polygon","coordinates":[[[25.702083,62.28125],[25.70625,62.28125],[25.70625,62.285417],[25.702083,62.285417],[25.702083,62.28125]]]},"properties":{"radiance":5.63}},{"type":"Feature","geometry":{"type":"Polygon","coordinates":[[[25.70625,62.28125],[25.710417,62.28125],[25.710417,62.285417],[25.70625,62.285417],[25.70625,62.28125]]]},"properties":{"radiance":7.5}},{"type":"Feature","geometry":{"type":"Polygon","coordinates":[[[25.710417,62.28125],[25.714583,62.28125],[25.714583,62.285417],[25.710417,62.285417],[25.710417,62.28125]]]},"properties":{"radiance":8.8}},{"type":"Feature","geometry":{"type":"Polygon","coordinates":[[[25.714583,62.28125],[25.71875,62.28125],[25.71875,62.285417],[25.714583,62.285417],[25.714583,62.28125]]]},"properties":{"radiance":38.43}},{"type":"Feature","geometry":{"type":"Polygon","coordinates":[[[25.71875,62.28125],[25.722917,62.28125],[25.722917,62.285417],[25.71875,62.285417],[25.71875,62.28125]]]},"properties":{"radiance":35.73}},{"type":"Feature","geometry":{"type":"Polygon","coordinates":[[[25.722917,62.28125],[25.727083,62.28125],[25.727083,62.285417],[25.722917,62.285417],[25.722917,62.28125]]]},"properties":{"radiance":10.99}},{"type":"Feature","geometry":{"type":"Polygon","coordinates":[[[25.727083,62.28125],[25.73125,62.28125],[25.73125,62.285417],[25.727083,62.285417],[25.727083,62.28125]]]},"properties":{"radiance":9.1}},{"type":"Feature","geometry":{"type":"Polygon","coordinates":[[[25.73125,62.28125],[25.735417,62.28125],[25.735417,62.285417],[25.73125,62.285417],[25.73125,62.28125]]]},"properties":{"radiance":5.14}},{"type":"Feature","geometry":{"type":"Polygon","coordinates":[[[25.735417,62.28125],[25.739583,62.28125],[25.739583,62.285417],[25.735417,62.285417],[25.735417,62.28125]]]},"properties":{"radiance":6.27}},{"type":"Feature","geometry":{"type":"Polygon","coordinates":[[[25.739583,62.28125],[25.74375,62.28125],[25.74375,62.285417],[25.739583,62.285417],[25.739583,62.28125]]]},"properties":{"radiance":9.51}},{"type":"Feature","geometry":{"type":"Polygon","coordinates":[[[25.74375,62.28125],[25.747917,62.28125],[25.747917,62.285417],[25.74375,62.285417],[25.74375,62.28125]]]},"properties":{"radiance":10.77}},{"type":"Feature","geometry":{"type":"Polygon","coordinates":[[[25.747917,62.28125],[25.752083,62.28125],[25.752083,62.285417],[25.747917,62.285417],[25.747917,62.28125]]]},"properties":{"radiance":11.66}},{"type":"Feature","geometry":{"type":"Polygon","coordinates":[[[25.752083,62.28125],[25.75625,62.28125],[25.75625,62.285417],[25.752083,62.285417],[25.752083,62.28125]]]},"properties":{"radiance":12.41}},{"type":"Feature","geometry":{"type":"Polygon","coordinates":[[[25.75625,62.28125],[25.760417,62.28125],[25.760417,62.285417],[25.75625,62.285417],[25.75625,62.28125]]]},"properties":{"radiance":9.82}},{"type":"Feature","geometry":{"type":"Polygon","coordinates":[[[25.760417,62.28125],[25.764583,62.28125],[25.764583,62.285417],[25.760417,62.285417],[25.760417,62.28125]]]},"properties":{"radiance":10.51}},{"type":"Feature","geometry":{"type":"Polygon","coordinates":[[[25.764583,62.28125],[25.76875,62.28125],[25.76875,62.285417],[25.764583,62.285417],[25.764583,62.28125]]]},"properties":{"radiance":6.66}},{"type":"Feature","geometry":{"type":"Polygon","coordinates":[[[25.76875,62.28125],[25.772917,62.28125],[25.772917,62.285417],[25.76875,62.285417],[25.76875,62.28125]]]},"properties":{"radiance":8.44}},{"type":"Feature","geometry":{"type":"Polygon","coordinates":[[[25.772917,62.28125],[25.777083,62.28125],[25.777083,62.285417],[25.772917,62.285417],[25.772917,62.28125]]]},"properties":{"radiance":10.67}},{"type":"Feature","geometry":{"type":"Polygon","coordinates":[[[25.777083,62.28125],[25.78125,62.28125],[25.78125,62.285417],[25.777083,62.285417],[25.777083,62.28125]]]},"properties":{"radiance":38.67}},{"type":"Feature","geometry":{"type":"Polygon","coordinates":[[[25.78125,62.28125],[25.785417,62.28125],[25.785417,62.285417],[25.78125,62.285417],[25.78125,62.28125]]]},"properties":{"radiance":45.63}},{"type":"Feature","geometry":{"type":"Polygon","coordinates":[[[25.785417,62.28125],[25.789583,62.28125],[25.789583,62.285417],[25.785417,62.285417],[25.785417,62.28125]]]},"properties":{"radiance":19.91}},{"type":"Feature","geometry":{"type":"Polygon","coordinates":[[[25.789583,62.28125],[25.79375,62.28125],[25.79375,62.285417],[25.789583,62.285417],[25.789583,62.28125]]]},"properties":{"radiance":26.74}},{"type":"Feature","geometry":{"type":"Polygon","coordinates":[[[25.79375,62.28125],[25.797917,62.28125],[25.797917,62.285417],[25.79375,62.285417],[25.79375,62.28125]]]},"properties":{"radiance":40.62}},{"type":"Feature","geometry":{"type":"Polygon","coordinates":[[[25.797917,62.28125],[25.802083,62.28125],[25.802083,62.285417],[25.797917,62.285417],[25.797917,62.28125]]]},"properties":{"radiance":40.94}},{"type":"Feature","geometry":{"type":"Polygon","coordinates":[[[25.802083,62.28125],[25.80625,62.28125],[25.80625,62.285417],[25.802083,62.285417],[25.802083,62.28125]]]},"properties":{"radiance":31.47}},{"type":"Feature","geometry":{"type":"Polygon","coordinates":[[[25.80625,62.28125],[25.810417,62.28125],[25.810417,62.285417],[25.80625,62.285417],[25.80625,62.28125]]]},"properties":{"radiance":17.71}},{"type":"Feature","geometry":{"type":"Polygon","coordinates":[[[25.810417,62.28125],[25.814583,62.28125],[25.814583,62.285417],[25.810417,62.285417],[25.810417,62.28125]]]},"properties":{"radiance":8.22}},{"type":"Feature","geometry":{"type":"Polygon","coordinates":[[[25.81875,62.28125],[25.822917,62.28125],[25.822917,62.285417],[25.81875,62.285417],[25.81875,62.28125]]]},"properties":{"radiance":5.26}},{"type":"Feature","geometry":{"type":"Polygon","coordinates":[[[25.685417,62.277083],[25.689583,62.277083],[25.689583,62.28125],[25.685417,62.28125],[25.685417,62.277083]]]},"properties":{"radiance":6.23}},{"type":"Feature","geometry":{"type":"Polygon","coordinates":[[[25.689583,62.277083],[25.69375,62.277083],[25.69375,62.28125],[25.689583,62.28125],[25.689583,62.277083]]]},"properties":{"radiance":7.74}},{"type":"Feature","geometry":{"type":"Polygon","coordinates":[[[25.69375,62.277083],[25.697917,62.277083],[25.697917,62.28125],[25.69375,62.28125],[25.69375,62.277083]]]},"properties":{"radiance":7.57}},{"type":"Feature","geometry":{"type":"Polygon","coordinates":[[[25.697917,62.277083],[25.702083,62.277083],[25.702083,62.28125],[25.697917,62.28125],[25.697917,62.277083]]]},"properties":{"radiance":5.38}},{"type":"Feature","geometry":{"type":"Polygon","coordinates":[[[25.702083,62.277083],[25.70625,62.277083],[25.70625,62.28125],[25.702083,62.28125],[25.702083,62.277083]]]},"properties":{"radiance":5.09}},{"type":"Feature","geometry":{"type":"Polygon","coordinates":[[[25.710417,62.277083],[25.714583,62.277083],[25.714583,62.28125],[25.710417,62.28125],[25.710417,62.277083]]]},"properties":{"radiance":30.75}},{"type":"Feature","geometry":{"type":"Polygon","coordinates":[[[25.714583,62.277083],[25.71875,62.277083],[25.71875,62.28125],[25.714583,62.28125],[25.714583,62.277083]]]},"properties":{"radiance":7.28}},{"type":"Feature","geometry":{"type":"Polygon","coordinates":[[[25.71875,62.277083],[25.722917,62.277083],[25.722917,62.28125],[25.71875,62.28125],[25.71875,62.277083]]]},"properties":{"radiance":10.34}},{"type":"Feature","geometry":{"type":"Polygon","coordinates":[[[25.722917,62.277083],[25.727083,62.277083],[25.727083,62.28125],[25.722917,62.28125],[25.722917,62.277083]]]},"properties":{"radiance":9.31}},{"type":"Feature","geometry":{"type":"Polygon","coordinates":[[[25.727083,62.277083],[25.73125,62.277083],[25.73125,62.28125],[25.727083,62.28125],[25.727083,62.277083]]]},"properties":{"radiance":6.61}},{"type":"Feature","geometry":{"type":"Polygon","coordinates":[[[25.74375,62.277083],[25.747917,62.277083],[25.747917,62.28125],[25.74375,62.28125],[25.74375,62.277083]]]},"properties":{"radiance":5.44}},{"type":"Feature","geometry":{"type":"Polygon","coordinates":[[[25.747917,62.277083],[25.752083,62.277083],[25.752083,62.28125],[25.747917,62.28125],[25.747917,62.277083]]]},"properties":{"radiance":6.87}},{"type":"Feature","geometry":{"type":"Polygon","coordinates":[[[25.752083,62.277083],[25.75625,62.277083],[25.75625,62.28125],[25.752083,62.28125],[25.752083,62.277083]]]},"properties":{"radiance":26.87}},{"type":"Feature","geometry":{"type":"Polygon","coordinates":[[[25.75625,62.277083],[25.760417,62.277083],[25.760417,62.28125],[25.75625,62.28125],[25.75625,62.277083]]]},"properties":{"radiance":8.35}},{"type":"Feature","geometry":{"type":"Polygon","coordinates":[[[25.760417,62.277083],[25.764583,62.277083],[25.764583,62.28125],[25.760417,62.28125],[25.760417,62.277083]]]},"properties":{"radiance":7.99}},{"type":"Feature","geometry":{"type":"Polygon","coordinates":[[[25.764583,62.277083],[25.76875,62.277083],[25.76875,62.28125],[25.764583,62.28125],[25.764583,62.277083]]]},"properties":{"radiance":7.59}},{"type":"Feature","geometry":{"type":"Polygon","coordinates":[[[25.76875,62.277083],[25.772917,62.277083],[25.772917,62.28125],[25.76875,62.28125],[25.76875,62.277083]]]},"properties":{"radiance":36.71}},{"type":"Feature","geometry":{"type":"Polygon","coordinates":[[[25.772917,62.277083],[25.777083,62.277083],[25.777083,62.28125],[25.772917,62.28125],[25.772917,62.277083]]]},"properties":{"radiance":59.84}},{"type":"Feature","geometry":{"type":"Polygon","coordinates":[[[25.777083,62.277083],[25.78125,62.277083],[25.78125,62.28125],[25.777083,62.28125],[25.777083,62.277083]]]},"properties":{"radiance":41.33}},{"type":"Feature","geometry":{"type":"Polygon","coordinates":[[[25.78125,62.277083],[25.785417,62.277083],[25.785417,62.28125],[25.78125,62.28125],[25.78125,62.277083]]]},"properties":{"radiance":42.64}},{"type":"Feature","geometry":{"type":"Polygon","coordinates":[[[25.785417,62.277083],[25.789583,62.277083],[25.789583,62.28125],[25.785417,62.28125],[25.785417,62.277083]]]},"properties":{"radiance":47.3}},{"type":"Feature","geometry":{"type":"Polygon","coordinates":[[[25.789583,62.277083],[25.79375,62.277083],[25.79375,62.28125],[25.789583,62.28125],[25.789583,62.277083]]]},"properties":{"radiance":25.46}},{"type":"Feature","geometry":{"type":"Polygon","coordinates":[[[25.79375,62.277083],[25.797917,62.277083],[25.797917,62.28125],[25.79375,62.28125],[25.79375,62.277083]]]},"properties":{"radiance":58.32}},{"type":"Feature","geometry":{"type":"Polygon","coordinates":[[[25.797917,62.277083],[25.802083,62.277083],[25.802083,62.28125],[25.797917,62.28125],[25.797917,62.277083]]]},"properties":{"radiance":54.85}},{"type":"Feature","geometry":{"type":"Polygon","coordinates":[[[25.802083,62.277083],[25.80625,62.277083],[25.80625,62.28125],[25.802083,62.28125],[25.802083,62.277083]]]},"properties":{"radiance":29.8}},{"type":"Feature","geometry":{"type":"Polygon","coordinates":[[[25.80625,62.277083],[25.810417,62.277083],[25.810417,62.28125],[25.80625,62.28125],[25.80625,62.277083]]]},"properties":{"radiance":14.06}},{"type":"Feature","geometry":{"type":"Polygon","coordinates":[[[25.810417,62.277083],[25.814583,62.277083],[25.814583,62.28125],[25.810417,62.28125],[25.810417,62.277083]]]},"properties":{"radiance":13.83}},{"type":"Feature","geometry":{"type":"Polygon","coordinates":[[[25.814583,62.277083],[25.81875,62.277083],[25.81875,62.28125],[25.814583,62.28125],[25.814583,62.277083]]]},"properties":{"radiance":6}},{"type":"Feature","geometry":{"type":"Polygon","coordinates":[[[25.689583,62.272917],[25.69375,62.272917],[25.69375,62.277083],[25.689583,62.277083],[25.689583,62.272917]]]},"properties":{"radiance":6.27}},{"type":"Feature","geometry":{"type":"Polygon","coordinates":[[[25.69375,62.272917],[25.697917,62.272917],[25.697917,62.277083],[25.69375,62.277083],[25.69375,62.272917]]]},"properties":{"radiance":7.3}},{"type":"Feature","geometry":{"type":"Polygon","coordinates":[[[25.697917,62.272917],[25.702083,62.272917],[25.702083,62.277083],[25.697917,62.277083],[25.697917,62.272917]]]},"properties":{"radiance":6.98}},{"type":"Feature","geometry":{"type":"Polygon","coordinates":[[[25.714583,62.272917],[25.71875,62.272917],[25.71875,62.277083],[25.714583,62.277083],[25.714583,62.272917]]]},"properties":{"radiance":34.57}},{"type":"Feature","geometry":{"type":"Polygon","coordinates":[[[25.71875,62.272917],[25.722917,62.272917],[25.722917,62.277083],[25.71875,62.277083],[25.71875,62.272917]]]},"properties":{"radiance":7.92}},{"type":"Feature","geometry":{"type":"Polygon","coordinates":[[[25.722917,62.272917],[25.727083,62.272917],[25.727083,62.277083],[25.722917,62.277083],[25.722917,62.272917]]]},"properties":{"radiance":13.24}},{"type":"Feature","geometry":{"type":"Polygon","coordinates":[[[25.727083,62.272917],[25.73125,62.272917],[25.73125,62.277083],[25.727083,62.277083],[25.727083,62.272917]]]},"properties":{"radiance":16.29}},{"type":"Feature","geometry":{"type":"Polygon","coordinates":[[[25.73125,62.272917],[25.735417,62.272917],[25.735417,62.277083],[25.73125,62.277083],[25.73125,62.272917]]]},"properties":{"radiance":10.75}},{"type":"Feature","geometry":{"type":"Polygon","coordinates":[[[25.735417,62.272917],[25.739583,62.272917],[25.739583,62.277083],[25.735417,62.277083],[25.735417,62.272917]]]},"properties":{"radiance":20.55}},{"type":"Feature","geometry":{"type":"Polygon","coordinates":[[[25.752083,62.272917],[25.75625,62.272917],[25.75625,62.277083],[25.752083,62.277083],[25.752083,62.272917]]]},"properties":{"radiance":6.34}},{"type":"Feature","geometry":{"type":"Polygon","coordinates":[[[25.75625,62.272917],[25.760417,62.272917],[25.760417,62.277083],[25.75625,62.277083],[25.75625,62.272917]]]},"properties":{"radiance":6.23}},{"type":"Feature","geometry":{"type":"Polygon","coordinates":[[[25.760417,62.272917],[25.764583,62.272917],[25.764583,62.277083],[25.760417,62.277083],[25.760417,62.272917]]]},"properties":{"radiance":6.13}},{"type":"Feature","geometry":{"type":"Polygon","coordinates":[[[25.764583,62.272917],[25.76875,62.272917],[25.76875,62.277083],[25.764583,62.277083],[25.764583,62.272917]]]},"properties":{"radiance":32.12}},{"type":"Feature","geometry":{"type":"Polygon","coordinates":[[[25.76875,62.272917],[25.772917,62.272917],[25.772917,62.277083],[25.76875,62.277083],[25.76875,62.272917]]]},"properties":{"radiance":65.12}},{"type":"Feature","geometry":{"type":"Polygon","coordinates":[[[25.772917,62.272917],[25.777083,62.272917],[25.777083,62.277083],[25.772917,62.277083],[25.772917,62.272917]]]},"properties":{"radiance":58.25}},{"type":"Feature","geometry":{"type":"Polygon","coordinates":[[[25.777083,62.272917],[25.78125,62.272917],[25.78125,62.277083],[25.777083,62.277083],[25.777083,62.272917]]]},"properties":{"radiance":57.65}},{"type":"Feature","geometry":{"type":"Polygon","coordinates":[[[25.78125,62.272917],[25.785417,62.272917],[25.785417,62.277083],[25.78125,62.277083],[25.78125,62.272917]]]},"properties":{"radiance":47.19}},{"type":"Feature","geometry":{"type":"Polygon","coordinates":[[[25.785417,62.272917],[25.789583,62.272917],[25.789583,62.277083],[25.785417,62.277083],[25.785417,62.272917]]]},"properties":{"radiance":70.44}},{"type":"Feature","geometry":{"type":"Polygon","coordinates":[[[25.789583,62.272917],[25.79375,62.272917],[25.79375,62.277083],[25.789583,62.277083],[25.789583,62.272917]]]},"properties":{"radiance":70.06}},{"type":"Feature","geometry":{"type":"Polygon","coordinates":[[[25.79375,62.272917],[25.797917,62.272917],[25.797917,62.277083],[25.79375,62.277083],[25.79375,62.272917]]]},"properties":{"radiance":69.27}},{"type":"Feature","geometry":{"type":"Polygon","coordinates":[[[25.797917,62.272917],[25.802083,62.272917],[25.802083,62.277083],[25.797917,62.277083],[25.797917,62.272917]]]},"properties":{"radiance":23.29}},{"type":"Feature","geometry":{"type":"Polygon","coordinates":[[[25.802083,62.272917],[25.80625,62.272917],[25.80625,62.277083],[25.802083,62.277083],[25.802083,62.272917]]]},"properties":{"radiance":48.74}},{"type":"Feature","geometry":{"type":"Polygon","coordinates":[[[25.80625,62.272917],[25.810417,62.272917],[25.810417,62.277083],[25.80625,62.277083],[25.80625,62.272917]]]},"properties":{"radiance":17.3}},{"type":"Feature","geometry":{"type":"Polygon","coordinates":[[[25.810417,62.272917],[25.814583,62.272917],[25.814583,62.277083],[25.810417,62.277083],[25.810417,62.272917]]]},"properties":{"radiance":40.68}},{"type":"Feature","geometry":{"type":"Polygon","coordinates":[[[25.814583,62.272917],[25.81875,62.272917],[25.81875,62.277083],[25.814583,62.277083],[25.814583,62.272917]]]},"properties":{"radiance":10.38}},{"type":"Feature","geometry":{"type":"Polygon","coordinates":[[[25.81875,62.272917],[25.822917,62.272917],[25.822917,62.277083],[25.81875,62.277083],[25.81875,62.272917]]]},"properties":{"radiance":6.39}},{"type":"Feature","geometry":{"type":"Polygon","coordinates":[[[25.822917,62.272917],[25.827083,62.272917],[25.827083,62.277083],[25.822917,62.277083],[25.822917,62.272917]]]},"properties":{"radiance":7.73}},{"type":"Feature","geometry":{"type":"Polygon","coordinates":[[[25.689583,62.26875],[25.69375,62.26875],[25.69375,62.272917],[25.689583,62.272917],[25.689583,62.26875]]]},"properties":{"radiance":6.57}},{"type":"Feature","geometry":{"type":"Polygon","coordinates":[[[25.69375,62.26875],[25.697917,62.26875],[25.697917,62.272917],[25.69375,62.272917],[25.69375,62.26875]]]},"properties":{"radiance":6.95}},{"type":"Feature","geometry":{"type":"Polygon","coordinates":[[[25.697917,62.26875],[25.702083,62.26875],[25.702083,62.272917],[25.697917,62.272917],[25.697917,62.26875]]]},"properties":{"radiance":5.98}},{"type":"Feature","geometry":{"type":"Polygon","coordinates":[[[25.702083,62.26875],[25.70625,62.26875],[25.70625,62.272917],[25.702083,62.272917],[25.702083,62.26875]]]},"properties":{"radiance":5.57}},{"type":"Feature","geometry":{"type":"Polygon","coordinates":[[[25.710417,62.26875],[25.714583,62.26875],[25.714583,62.272917],[25.710417,62.272917],[25.710417,62.26875]]]},"properties":{"radiance":5.52}},{"type":"Feature","geometry":{"type":"Polygon","coordinates":[[[25.714583,62.26875],[25.71875,62.26875],[25.71875,62.272917],[25.714583,62.272917],[25.714583,62.26875]]]},"properties":{"radiance":44.46}},{"type":"Feature","geometry":{"type":"Polygon","coordinates":[[[25.71875,62.26875],[25.722917,62.26875],[25.722917,62.272917],[25.71875,62.272917],[25.71875,62.26875]]]},"properties":{"radiance":56.93}},{"type":"Feature","geometry":{"type":"Polygon","coordinates":[[[25.722917,62.26875],[25.727083,62.26875],[25.727083,62.272917],[25.722917,62.272917],[25.722917,62.26875]]]},"properties":{"radiance":59.33}},{"type":"Feature","geometry":{"type":"Polygon","coordinates":[[[25.727083,62.26875],[25.73125,62.26875],[25.73125,62.272917],[25.727083,62.272917],[25.727083,62.26875]]]},"properties":{"radiance":35.98}},{"type":"Feature","geometry":{"type":"Polygon","coordinates":[[[25.73125,62.26875],[25.735417,62.26875],[25.735417,62.272917],[25.73125,62.272917],[25.73125,62.26875]]]},"properties":{"radiance":33.89}},{"type":"Feature","geometry":{"type":"Polygon","coordinates":[[[25.747917,62.26875],[25.752083,62.26875],[25.752083,62.272917],[25.747917,62.272917],[25.747917,62.26875]]]},"properties":{"radiance":5.09}},{"type":"Feature","geometry":{"type":"Polygon","coordinates":[[[25.752083,62.26875],[25.75625,62.26875],[25.75625,62.272917],[25.752083,62.272917],[25.752083,62.26875]]]},"properties":{"radiance":7.58}},{"type":"Feature","geometry":{"type":"Polygon","coordinates":[[[25.75625,62.26875],[25.760417,62.26875],[25.760417,62.272917],[25.75625,62.272917],[25.75625,62.26875]]]},"properties":{"radiance":29.65}},{"type":"Feature","geometry":{"type":"Polygon","coordinates":[[[25.760417,62.26875],[25.764583,62.26875],[25.764583,62.272917],[25.760417,62.272917],[25.760417,62.26875]]]},"properties":{"radiance":37.37}},{"type":"Feature","geometry":{"type":"Polygon","coordinates":[[[25.764583,62.26875],[25.76875,62.26875],[25.76875,62.272917],[25.764583,62.272917],[25.764583,62.26875]]]},"properties":{"radiance":45.24}},{"type":"Feature","geometry":{"type":"Polygon","coordinates":[[[25.76875,62.26875],[25.772917,62.26875],[25.772917,62.272917],[25.76875,62.272917],[25.76875,62.26875]]]},"properties":{"radiance":68.37}},{"type":"Feature","geometry":{"type":"Polygon","coordinates":[[[25.772917,62.26875],[25.777083,62.26875],[25.777083,62.272917],[25.772917,62.272917],[25.772917,62.26875]]]},"properties":{"radiance":57.99}},{"type":"Feature","geometry":{"type":"Polygon","coordinates":[[[25.777083,62.26875],[25.78125,62.26875],[25.78125,62.272917],[25.777083,62.272917],[25.777083,62.26875]]]},"properties":{"radiance":57.97}},{"type":"Feature","geometry":{"type":"Polygon","coordinates":[[[25.78125,62.26875],[25.785417,62.26875],[25.785417,62.272917],[25.78125,62.272917],[25.78125,62.26875]]]},"properties":{"radiance":42.43}},{"type":"Feature","geometry":{"type":"Polygon","coordinates":[[[25.785417,62.26875],[25.789583,62.26875],[25.789583,62.272917],[25.785417,62.272917],[25.785417,62.26875]]]},"properties":{"radiance":53.42}},{"type":"Feature","geometry":{"type":"Polygon","coordinates":[[[25.789583,62.26875],[25.79375,62.26875],[25.79375,62.272917],[25.789583,62.272917],[25.789583,62.26875]]]},"properties":{"radiance":54.22}},{"type":"Feature","geometry":{"type":"Polygon","coordinates":[[[25.79375,62.26875],[25.797917,62.26875],[25.797917,62.272917],[25.79375,62.272917],[25.79375,62.26875]]]},"properties":{"radiance":25.94}},{"type":"Feature","geometry":{"type":"Polygon","coordinates":[[[25.797917,62.26875],[25.802083,62.26875],[25.802083,62.272917],[25.797917,62.272917],[25.797917,62.26875]]]},"properties":{"radiance":62.71}},{"type":"Feature","geometry":{"type":"Polygon","coordinates":[[[25.802083,62.26875],[25.80625,62.26875],[25.80625,62.272917],[25.802083,62.272917],[25.802083,62.26875]]]},"properties":{"radiance":54.79}},{"type":"Feature","geometry":{"type":"Polygon","coordinates":[[[25.80625,62.26875],[25.810417,62.26875],[25.810417,62.272917],[25.80625,62.272917],[25.80625,62.26875]]]},"properties":{"radiance":55.66}},{"type":"Feature","geometry":{"type":"Polygon","coordinates":[[[25.810417,62.26875],[25.814583,62.26875],[25.814583,62.272917],[25.810417,62.272917],[25.810417,62.26875]]]},"properties":{"radiance":11.13}},{"type":"Feature","geometry":{"type":"Polygon","coordinates":[[[25.814583,62.26875],[25.81875,62.26875],[25.81875,62.272917],[25.814583,62.272917],[25.814583,62.26875]]]},"properties":{"radiance":22.29}},{"type":"Feature","geometry":{"type":"Polygon","coordinates":[[[25.81875,62.26875],[25.822917,62.26875],[25.822917,62.272917],[25.81875,62.272917],[25.81875,62.26875]]]},"properties":{"radiance":7.56}},{"type":"Feature","geometry":{"type":"Polygon","coordinates":[[[25.822917,62.26875],[25.827083,62.26875],[25.827083,62.272917],[25.822917,62.272917],[25.822917,62.26875]]]},"properties":{"radiance":6.19}},{"type":"Feature","geometry":{"type":"Polygon","coordinates":[[[25.889583,62.26875],[25.89375,62.26875],[25.89375,62.272917],[25.889583,62.272917],[25.889583,62.26875]]]},"properties":{"radiance":6.59}},{"type":"Feature","geometry":{"type":"Polygon","coordinates":[[[25.71875,62.264583],[25.722917,62.264583],[25.722917,62.26875],[25.71875,62.26875],[25.71875,62.264583]]]},"properties":{"radiance":21.81}},{"type":"Feature","geometry":{"type":"Polygon","coordinates":[[[25.722917,62.264583],[25.727083,62.264583],[25.727083,62.26875],[25.722917,62.26875],[25.722917,62.264583]]]},"properties":{"radiance":8.75}},{"type":"Feature","geometry":{"type":"Polygon","coordinates":[[[25.727083,62.264583],[25.73125,62.264583],[25.73125,62.26875],[25.727083,62.26875],[25.727083,62.264583]]]},"properties":{"radiance":9.37}},{"type":"Feature","geometry":{"type":"Polygon","coordinates":[[[25.73125,62.264583],[25.735417,62.264583],[25.735417,62.26875],[25.73125,62.26875],[25.73125,62.264583]]]},"properties":{"radiance":12.06}},{"type":"Feature","geometry":{"type":"Polygon","coordinates":[[[25.735417,62.264583],[25.739583,62.264583],[25.739583,62.26875],[25.735417,62.26875],[25.735417,62.264583]]]},"properties":{"radiance":10.53}},{"type":"Feature","geometry":{"type":"Polygon","coordinates":[[[25.739583,62.264583],[25.74375,62.264583],[25.74375,62.26875],[25.739583,62.26875],[25.739583,62.264583]]]},"properties":{"radiance":10.26}},{"type":"Feature","geometry":{"type":"Polygon","coordinates":[[[25.74375,62.264583],[25.747917,62.264583],[25.747917,62.26875],[25.74375,62.26875],[25.74375,62.264583]]]},"properties":{"radiance":29.48}},{"type":"Feature","geometry":{"type":"Polygon","coordinates":[[[25.747917,62.264583],[25.752083,62.264583],[25.752083,62.26875],[25.747917,62.26875],[25.747917,62.264583]]]},"properties":{"radiance":45.26}},{"type":"Feature","geometry":{"type":"Polygon","coordinates":[[[25.752083,62.264583],[25.75625,62.264583],[25.75625,62.26875],[25.752083,62.26875],[25.752083,62.264583]]]},"properties":{"radiance":46.12}},{"type":"Feature","geometry":{"type":"Polygon","coordinates":[[[25.75625,62.264583],[25.760417,62.264583],[25.760417,62.26875],[25.75625,62.26875],[25.75625,62.264583]]]},"properties":{"radiance":41.27}},{"type":"Feature","geometry":{"type":"Polygon","coordinates":[[[25.760417,62.264583],[25.764583,62.264583],[25.764583,62.26875],[25.760417,62.26875],[25.760417,62.264583]]]},"properties":{"radiance":51.18}},{"type":"Feature","geometry":{"type":"Polygon","coordinates":[[[25.764583,62.264583],[25.76875,62.264583],[25.76875,62.26875],[25.764583,62.26875],[25.764583,62.264583]]]},"properties":{"radiance":70.84}},{"type":"Feature","geometry":{"type":"Polygon","coordinates":[[[25.76875,62.264583],[25.772917,62.264583],[25.772917,62.26875],[25.76875,62.26875],[25.76875,62.264583]]]},"properties":{"radiance":81.76}},{"type":"Feature","geometry":{"type":"Polygon","coordinates":[[[25.772917,62.264583],[25.777083,62.264583],[25.777083,62.26875],[25.772917,62.26875],[25.772917,62.264583]]]},"properties":{"radiance":72.41}},{"type":"Feature","geometry":{"type":"Polygon","coordinates":[[[25.777083,62.264583],[25.78125,62.264583],[25.78125,62.26875],[25.777083,62.26875],[25.777083,62.264583]]]},"properties":{"radiance":76.3}},{"type":"Feature","geometry":{"type":"Polygon","coordinates":[[[25.78125,62.264583],[25.785417,62.264583],[25.785417,62.26875],[25.78125,62.26875],[25.78125,62.264583]]]},"properties":{"radiance":76.85}},{"type":"Feature","geometry":{"type":"Polygon","coordinates":[[[25.785417,62.264583],[25.789583,62.264583],[25.789583,62.26875],[25.785417,62.26875],[25.785417,62.264583]]]},"properties":{"radiance":78.35}},{"type":"Feature","geometry":{"type":"Polygon","coordinates":[[[25.789583,62.264583],[25.79375,62.264583],[25.79375,62.26875],[25.789583,62.26875],[25.789583,62.264583]]]},"properties":{"radiance":73.13}},{"type":"Feature","geometry":{"type":"Polygon","coordinates":[[[25.79375,62.264583],[25.797917,62.264583],[25.797917,62.26875],[25.79375,62.26875],[25.79375,62.264583]]]},"properties":{"radiance":50.68}},{"type":"Feature","geometry":{"type":"Polygon","coordinates":[[[25.797917,62.264583],[25.802083,62.264583],[25.802083,62.26875],[25.797917,62.26875],[25.797917,62.264583]]]},"properties":{"radiance":14.53}},{"type":"Feature","geometry":{"type":"Polygon","coordinates":[[[25.802083,62.264583],[25.80625,62.264583],[25.80625,62.26875],[25.802083,62.26875],[25.802083,62.264583]]]},"properties":{"radiance":43.63}},{"type":"Feature","geometry":{"type":"Polygon","coordinates":[[[25.80625,62.264583],[25.810417,62.264583],[25.810417,62.26875],[25.80625,62.26875],[25.80625,62.264583]]]},"properties":{"radiance":12.71}},{"type":"Feature","geometry":{"type":"Polygon","coordinates":[[[26.19375,62.264583],[26.197917,62.264583],[26.197917,62.26875],[26.19375,62.26875],[26.19375,62.264583]]]},"properties":{"radiance":5.77}},{"type":"Feature","geometry":{"type":"Polygon","coordinates":[[[26.197917,62.264583],[26.202083,62.264583],[26.202083,62.26875],[26.197917,62.26875],[26.197917,62.264583]]]},"properties":{"radiance":5.69}},{"type":"Feature","geometry":{"type":"Polygon","coordinates":[[[26.202083,62.264583],[26.20625,62.264583],[26.20625,62.26875],[26.202083,62.26875],[26.202083,62.264583]]]},"properties":{"radiance":5.66}},{"type":"Feature","geometry":{"type":"Polygon","coordinates":[[[25.685417,62.260417],[25.689583,62.260417],[25.689583,62.264583],[25.685417,62.264583],[25.685417,62.260417]]]},"properties":{"radiance":5.76}},{"type":"Feature","geometry":{"type":"Polygon","coordinates":[[[25.689583,62.260417],[25.69375,62.260417],[25.69375,62.264583],[25.689583,62.264583],[25.689583,62.260417]]]},"properties":{"radiance":7.79}},{"type":"Feature","geometry":{"type":"Polygon","coordinates":[[[25.69375,62.260417],[25.697917,62.260417],[25.697917,62.264583],[25.69375,62.264583],[25.69375,62.260417]]]},"properties":{"radiance":5.04}},{"type":"Feature","geometry":{"type":"Polygon","coordinates":[[[25.722917,62.260417],[25.727083,62.260417],[25.727083,62.264583],[25.722917,62.264583],[25.722917,62.260417]]]},"properties":{"radiance":5.62}},{"type":"Feature","geometry":{"type":"Polygon","coordinates":[[[25.73125,62.260417],[25.735417,62.260417],[25.735417,62.264583],[25.73125,62.264583],[25.73125,62.260417]]]},"properties":{"radiance":30.09}},{"type":"Feature","geometry":{"type":"Polygon","coordinates":[[[25.735417,62.260417],[25.739583,62.260417],[25.739583,62.264583],[25.735417,62.264583],[25.735417,62.260417]]]},"properties":{"radiance":34.83}},{"type":"Feature","geometry":{"type":"Polygon","coordinates":[[[25.739583,62.260417],[25.74375,62.260417],[25.74375,62.264583],[25.739583,62.264583],[25.739583,62.260417]]]},"properties":{"radiance":37.89}},{"type":"Feature","geometry":{"type":"Polygon","coordinates":[[[25.74375,62.260417],[25.747917,62.260417],[25.747917,62.264583],[25.74375,62.264583],[25.74375,62.260417]]]},"properties":{"radiance":38.94}},{"type":"Feature","geometry":{"type":"Polygon","coordinates":[[[25.747917,62.260417],[25.752083,62.260417],[25.752083,62.264583],[25.747917,62.264583],[25.747917,62.260417]]]},"properties":{"radiance":60.87}},{"type":"Feature","geometry":{"type":"Polygon","coordinates":[[[25.752083,62.260417],[25.75625,62.260417],[25.75625,62.264583],[25.752083,62.264583],[25.752083,62.260417]]]},"properties":{"radiance":59.34}},{"type":"Feature","geometry":{"type":"Polygon","coordinates":[[[25.75625,62.260417],[25.760417,62.260417],[25.760417,62.264583],[25.75625,62.264583],[25.75625,62.260417]]]},"properties":{"radiance":57.6}},{"type":"Feature","geometry":{"type":"Polygon","coordinates":[[[25.760417,62.260417],[25.764583,62.260417],[25.764583,62.264583],[25.760417,62.264583],[25.760417,62.260417]]]},"properties":{"radiance":60.62}},{"type":"Feature","geometry":{"type":"Polygon","coordinates":[[[25.764583,62.260417],[25.76875,62.260417],[25.76875,62.264583],[25.764583,62.264583],[25.764583,62.260417]]]},"properties":{"radiance":64.11}},{"type":"Feature","geometry":{"type":"Polygon","coordinates":[[[25.76875,62.260417],[25.772917,62.260417],[25.772917,62.264583],[25.76875,62.264583],[25.76875,62.260417]]]},"properties":{"radiance":85.78}},{"type":"Feature","geometry":{"type":"Polygon","coordinates":[[[25.772917,62.260417],[25.777083,62.260417],[25.777083,62.264583],[25.772917,62.264583],[25.772917,62.260417]]]},"properties":{"radiance":89.9}},{"type":"Feature","geometry":{"type":"Polygon","coordinates":[[[25.777083,62.260417],[25.78125,62.260417],[25.78125,62.264583],[25.777083,62.264583],[25.777083,62.260417]]]},"properties":{"radiance":84.75}},{"type":"Feature","geometry":{"type":"Polygon","coordinates":[[[25.78125,62.260417],[25.785417,62.260417],[25.785417,62.264583],[25.78125,62.264583],[25.78125,62.260417]]]},"properties":{"radiance":64.46}},{"type":"Feature","geometry":{"type":"Polygon","coordinates":[[[25.785417,62.260417],[25.789583,62.260417],[25.789583,62.264583],[25.785417,62.264583],[25.785417,62.260417]]]},"properties":{"radiance":55.08}},{"type":"Feature","geometry":{"type":"Polygon","coordinates":[[[25.789583,62.260417],[25.79375,62.260417],[25.79375,62.264583],[25.789583,62.264583],[25.789583,62.260417]]]},"properties":{"radiance":35.01}},{"type":"Feature","geometry":{"type":"Polygon","coordinates":[[[25.79375,62.260417],[25.797917,62.260417],[25.797917,62.264583],[25.79375,62.264583],[25.79375,62.260417]]]},"properties":{"radiance":9.51}},{"type":"Feature","geometry":{"type":"Polygon","coordinates":[[[25.797917,62.260417],[25.802083,62.260417],[25.802083,62.264583],[25.797917,62.264583],[25.797917,62.260417]]]},"properties":{"radiance":6.85}},{"type":"Feature","geometry":{"type":"Polygon","coordinates":[[[25.802083,62.260417],[25.80625,62.260417],[25.80625,62.264583],[25.802083,62.264583],[25.802083,62.260417]]]},"properties":{"radiance":10.3}},{"type":"Feature","geometry":{"type":"Polygon","coordinates":[[[25.835417,62.260417],[25.839583,62.260417],[25.839583,62.264583],[25.835417,62.264583],[25.835417,62.260417]]]},"properties":{"radiance":5.9}},{"type":"Feature","geometry":{"type":"Polygon","coordinates":[[[25.839583,62.260417],[25.84375,62.260417],[25.84375,62.264583],[25.839583,62.264583],[25.839583,62.260417]]]},"properties":{"radiance":6.76}},{"type":"Feature","geometry":{"type":"Polygon","coordinates":[[[26.189583,62.260417],[26.19375,62.260417],[26.19375,62.264583],[26.189583,62.264583],[26.189583,62.260417]]]},"properties":{"radiance":6.13}},{"type":"Feature","geometry":{"type":"Polygon","coordinates":[[[26.19375,62.260417],[26.197917,62.260417],[26.197917,62.264583],[26.19375,62.264583],[26.19375,62.260417]]]},"properties":{"radiance":5.19}},{"type":"Feature","geometry":{"type":"Polygon","coordinates":[[[26.197917,62.260417],[26.202083,62.260417],[26.202083,62.264583],[26.197917,62.264583],[26.197917,62.260417]]]},"properties":{"radiance":7.23}},{"type":"Feature","geometry":{"type":"Polygon","coordinates":[[[26.202083,62.260417],[26.20625,62.260417],[26.20625,62.264583],[26.202083,62.264583],[26.202083,62.260417]]]},"properties":{"radiance":6.77}},{"type":"Feature","geometry":{"type":"Polygon","coordinates":[[[26.20625,62.260417],[26.210417,62.260417],[26.210417,62.264583],[26.20625,62.264583],[26.20625,62.260417]]]},"properties":{"radiance":6.19}},{"type":"Feature","geometry":{"type":"Polygon","coordinates":[[[25.685417,62.25625],[25.689583,62.25625],[25.689583,62.260417],[25.685417,62.260417],[25.685417,62.25625]]]},"properties":{"radiance":6.43}},{"type":"Feature","geometry":{"type":"Polygon","coordinates":[[[25.689583,62.25625],[25.69375,62.25625],[25.69375,62.260417],[25.689583,62.260417],[25.689583,62.25625]]]},"properties":{"radiance":6.69}},{"type":"Feature","geometry":{"type":"Polygon","coordinates":[[[25.69375,62.25625],[25.697917,62.25625],[25.697917,62.260417],[25.69375,62.260417],[25.69375,62.25625]]]},"properties":{"radiance":13.52}},{"type":"Feature","geometry":{"type":"Polygon","coordinates":[[[25.697917,62.25625],[25.702083,62.25625],[25.702083,62.260417],[25.697917,62.260417],[25.697917,62.25625]]]},"properties":{"radiance":35.59}},{"type":"Feature","geometry":{"type":"Polygon","coordinates":[[[25.702083,62.25625],[25.70625,62.25625],[25.70625,62.260417],[25.702083,62.260417],[25.702083,62.25625]]]},"properties":{"radiance":10.61}},{"type":"Feature","geometry":{"type":"Polygon","coordinates":[[[25.70625,62.25625],[25.710417,62.25625],[25.710417,62.260417],[25.70625,62.260417],[25.70625,62.25625]]]},"properties":{"radiance":7.41}},{"type":"Feature","geometry":{"type":"Polygon","coordinates":[[[25.710417,62.25625],[25.714583,62.25625],[25.714583,62.260417],[25.710417,62.260417],[25.710417,62.25625]]]},"properties":{"radiance":6.59}},{"type":"Feature","geometry":{"type":"Polygon","coordinates":[[[25.727083,62.25625],[25.73125,62.25625],[25.73125,62.260417],[25.727083,62.260417],[25.727083,62.25625]]]},"properties":{"radiance":26.84}},{"type":"Feature","geometry":{"type":"Polygon","coordinates":[[[25.73125,62.25625],[25.735417,62.25625],[25.735417,62.260417],[25.73125,62.260417],[25.73125,62.25625]]]},"properties":{"radiance":39.17}},{"type":"Feature","geometry":{"type":"Polygon","coordinates":[[[25.735417,62.25625],[25.739583,62.25625],[25.739583,62.260417],[25.735417,62.260417],[25.735417,62.25625]]]},"properties":{"radiance":34.71}},{"type":"Feature","geometry":{"type":"Polygon","coordinates":[[[25.739583,62.25625],[25.74375,62.25625],[25.74375,62.260417],[25.739583,62.260417],[25.739583,62.25625]]]},"properties":{"radiance":59.93}},{"type":"Feature","geometry":{"type":"Polygon","coordinates":[[[25.74375,62.25625],[25.747917,62.25625],[25.747917,62.260417],[25.74375,62.260417],[25.74375,62.25625]]]},"properties":{"radiance":65.54}},{"type":"Feature","geometry":{"type":"Polygon","coordinates":[[[25.747917,62.25625],[25.752083,62.25625],[25.752083,62.260417],[25.747917,62.260417],[25.747917,62.25625]]]},"properties":{"radiance":78.67}},{"type":"Feature","geometry":{"type":"Polygon","coordinates":[[[25.752083,62.25625],[25.75625,62.25625],[25.75625,62.260417],[25.752083,62.260417],[25.752083,62.25625]]]},"properties":{"radiance":74.99}},{"type":"Feature","geometry":{"type":"Polygon","coordinates":[[[25.75625,62.25625],[25.760417,62.25625],[25.760417,62.260417],[25.75625,62.260417],[25.75625,62.25625]]]},"properties":{"radiance":73.64}},{"type":"Feature","geometry":{"type":"Polygon","coordinates":[[[25.760417,62.25625],[25.764583,62.25625],[25.764583,62.260417],[25.760417,62.260417],[25.760417,62.25625]]]},"properties":{"radiance":79.76}},{"type":"Feature","geometry":{"type":"Polygon","coordinates":[[[25.764583,62.25625],[25.76875,62.25625],[25.76875,62.260417],[25.764583,62.260417],[25.764583,62.25625]]]},"properties":{"radiance":85.95}},{"type":"Feature","geometry":{"type":"Polygon","coordinates":[[[25.76875,62.25625],[25.772917,62.25625],[25.772917,62.260417],[25.76875,62.260417],[25.76875,62.25625]]]},"properties":{"radiance":84.4}},{"type":"Feature","geometry":{"type":"Polygon","coordinates":[[[25.772917,62.25625],[25.777083,62.25625],[25.777083,62.260417],[25.772917,62.260417],[25.772917,62.25625]]]},"properties":{"radiance":73.65}},{"type":"Feature","geometry":{"type":"Polygon","coordinates":[[[25.777083,62.25625],[25.78125,62.25625],[25.78125,62.260417],[25.777083,62.260417],[25.777083,62.25625]]]},"properties":{"radiance":69.75}},{"type":"Feature","geometry":{"type":"Polygon","coordinates":[[[25.78125,62.25625],[25.785417,62.25625],[25.785417,62.260417],[25.78125,62.260417],[25.78125,62.25625]]]},"properties":{"radiance":60.83}},{"type":"Feature","geometry":{"type":"Polygon","coordinates":[[[25.785417,62.25625],[25.789583,62.25625],[25.789583,62.260417],[25.785417,62.260417],[25.785417,62.25625]]]},"properties":{"radiance":33.05}},{"type":"Feature","geometry":{"type":"Polygon","coordinates":[[[25.83125,62.25625],[25.835417,62.25625],[25.835417,62.260417],[25.83125,62.260417],[25.83125,62.25625]]]},"properties":{"radiance":8.8}},{"type":"Feature","geometry":{"type":"Polygon","coordinates":[[[25.835417,62.25625],[25.839583,62.25625],[25.839583,62.260417],[25.835417,62.260417],[25.835417,62.25625]]]},"properties":{"radiance":12.08}},{"type":"Feature","geometry":{"type":"Polygon","coordinates":[[[25.839583,62.25625],[25.84375,62.25625],[25.84375,62.260417],[25.839583,62.260417],[25.839583,62.25625]]]},"properties":{"radiance":12.07}},{"type":"Feature","geometry":{"type":"Polygon","coordinates":[[[25.84375,62.25625],[25.847917,62.25625],[25.847917,62.260417],[25.84375,62.260417],[25.84375,62.25625]]]},"properties":{"radiance":9.56}},{"type":"Feature","geometry":{"type":"Polygon","coordinates":[[[25.847917,62.25625],[25.852083,62.25625],[25.852083,62.260417],[25.847917,62.260417],[25.847917,62.25625]]]},"properties":{"radiance":6.58}},{"type":"Feature","geometry":{"type":"Polygon","coordinates":[[[26.16875,62.25625],[26.172917,62.25625],[26.172917,62.260417],[26.16875,62.260417],[26.16875,62.25625]]]},"properties":{"radiance":5.41}},{"type":"Feature","geometry":{"type":"Polygon","coordinates":[[[26.172917,62.25625],[26.177083,62.25625],[26.177083,62.260417],[26.172917,62.260417],[26.172917,62.25625]]]},"properties":{"radiance":5.79}},{"type":"Feature","geometry":{"type":"Polygon","coordinates":[[[26.177083,62.25625],[26.18125,62.25625],[26.18125,62.260417],[26.177083,62.260417],[26.177083,62.25625]]]},"properties":{"radiance":7.61}},{"type":"Feature","geometry":{"type":"Polygon","coordinates":[[[26.18125,62.25625],[26.185417,62.25625],[26.185417,62.260417],[26.18125,62.260417],[26.18125,62.25625]]]},"properties":{"radiance":6.65}},{"type":"Feature","geometry":{"type":"Polygon","coordinates":[[[26.185417,62.25625],[26.189583,62.25625],[26.189583,62.260417],[26.185417,62.260417],[26.185417,62.25625]]]},"properties":{"radiance":6.41}},{"type":"Feature","geometry":{"type":"Polygon","coordinates":[[[26.189583,62.25625],[26.19375,62.25625],[26.19375,62.260417],[26.189583,62.260417],[26.189583,62.25625]]]},"properties":{"radiance":5.59}},{"type":"Feature","geometry":{"type":"Polygon","coordinates":[[[26.202083,62.25625],[26.20625,62.25625],[26.20625,62.260417],[26.202083,62.260417],[26.202083,62.25625]]]},"properties":{"radiance":6.89}},{"type":"Feature","geometry":{"type":"Polygon","coordinates":[[[26.20625,62.25625],[26.210417,62.25625],[26.210417,62.260417],[26.20625,62.260417],[26.20625,62.25625]]]},"properties":{"radiance":5.9}},{"type":"Feature","geometry":{"type":"Polygon","coordinates":[[[26.210417,62.25625],[26.214583,62.25625],[26.214583,62.260417],[26.210417,62.260417],[26.210417,62.25625]]]},"properties":{"radiance":5.69}},{"type":"Feature","geometry":{"type":"Polygon","coordinates":[[[25.689583,62.252083],[25.69375,62.252083],[25.69375,62.25625],[25.689583,62.25625],[25.689583,62.252083]]]},"properties":{"radiance":43.44}},{"type":"Feature","geometry":{"type":"Polygon","coordinates":[[[25.69375,62.252083],[25.697917,62.252083],[25.697917,62.25625],[25.69375,62.25625],[25.69375,62.252083]]]},"properties":{"radiance":39.28}},{"type":"Feature","geometry":{"type":"Polygon","coordinates":[[[25.697917,62.252083],[25.702083,62.252083],[25.702083,62.25625],[25.697917,62.25625],[25.697917,62.252083]]]},"properties":{"radiance":40.71}},{"type":"Feature","geometry":{"type":"Polygon","coordinates":[[[25.702083,62.252083],[25.70625,62.252083],[25.70625,62.25625],[25.702083,62.25625],[25.702083,62.252083]]]},"properties":{"radiance":15.51}},{"type":"Feature","geometry":{"type":"Polygon","coordinates":[[[25.70625,62.252083],[25.710417,62.252083],[25.710417,62.25625],[25.70625,62.25625],[25.70625,62.252083]]]},"properties":{"radiance":50.79}},{"type":"Feature","geometry":{"type":"Polygon","coordinates":[[[25.710417,62.252083],[25.714583,62.252083],[25.714583,62.25625],[25.710417,62.25625],[25.710417,62.252083]]]},"properties":{"radiance":50.74}},{"type":"Feature","geometry":{"type":"Polygon","coordinates":[[[25.714583,62.252083],[25.71875,62.252083],[25.71875,62.25625],[25.714583,62.25625],[25.714583,62.252083]]]},"properties":{"radiance":33.3}},{"type":"Feature","geometry":{"type":"Polygon","coordinates":[[[25.71875,62.252083],[25.722917,62.252083],[25.722917,62.25625],[25.71875,62.25625],[25.71875,62.252083]]]},"properties":{"radiance":37.49}},{"type":"Feature","geometry":{"type":"Polygon","coordinates":[[[25.722917,62.252083],[25.727083,62.252083],[25.727083,62.25625],[25.722917,62.25625],[25.722917,62.252083]]]},"properties":{"radiance":35.85}},{"type":"Feature","geometry":{"type":"Polygon","coordinates":[[[25.727083,62.252083],[25.73125,62.252083],[25.73125,62.25625],[25.727083,62.25625],[25.727083,62.252083]]]},"properties":{"radiance":51.95}},{"type":"Feature","geometry":{"type":"Polygon","coordinates":[[[25.73125,62.252083],[25.735417,62.252083],[25.735417,62.25625],[25.73125,62.25625],[25.73125,62.252083]]]},"properties":{"radiance":56.5}},{"type":"Feature","geometry":{"type":"Polygon","coordinates":[[[25.735417,62.252083],[25.739583,62.252083],[25.739583,62.25625],[25.735417,62.25625],[25.735417,62.252083]]]},"properties":{"radiance":76.93}},{"type":"Feature","geometry":{"type":"Polygon","coordinates":[[[25.739583,62.252083],[25.74375,62.252083],[25.74375,62.25625],[25.739583,62.25625],[25.739583,62.252083]]]},"properties":{"radiance":74.41}},{"type":"Feature","geometry":{"type":"Polygon","coordinates":[[[25.74375,62.252083],[25.747917,62.252083],[25.747917,62.25625],[25.74375,62.25625],[25.74375,62.252083]]]},"properties":{"radiance":100.77}},{"type":"Feature","geometry":{"type":"Polygon","coordinates":[[[25.747917,62.252083],[25.752083,62.252083],[25.752083,62.25625],[25.747917,62.25625],[25.747917,62.252083]]]},"properties":{"radiance":99.23}},{"type":"Feature","geometry":{"type":"Polygon","coordinates":[[[25.752083,62.252083],[25.75625,62.252083],[25.75625,62.25625],[25.752083,62.25625],[25.752083,62.252083]]]},"properties":{"radiance":118.6}},{"type":"Feature","geometry":{"type":"Polygon","coordinates":[[[25.75625,62.252083],[25.760417,62.252083],[25.760417,62.25625],[25.75625,62.25625],[25.75625,62.252083]]]},"properties":{"radiance":119.83}},{"type":"Feature","geometry":{"type":"Polygon","coordinates":[[[25.760417,62.252083],[25.764583,62.252083],[25.764583,62.25625],[25.760417,62.25625],[25.760417,62.252083]]]},"properties":{"radiance":119.67}},{"type":"Feature","geometry":{"type":"Polygon","coordinates":[[[25.764583,62.252083],[25.76875,62.252083],[25.76875,62.25625],[25.764583,62.25625],[25.764583,62.252083]]]},"properties":{"radiance":112.24}},{"type":"Feature","geometry":{"type":"Polygon","coordinates":[[[25.76875,62.252083],[25.772917,62.252083],[25.772917,62.25625],[25.76875,62.25625],[25.76875,62.252083]]]},"properties":{"radiance":109.05}},{"type":"Feature","geometry":{"type":"Polygon","coordinates":[[[25.772917,62.252083],[25.777083,62.252083],[25.777083,62.25625],[25.772917,62.25625],[25.772917,62.252083]]]},"properties":{"radiance":76.42}},{"type":"Feature","geometry":{"type":"Polygon","coordinates":[[[25.777083,62.252083],[25.78125,62.252083],[25.78125,62.25625],[25.777083,62.25625],[25.777083,62.252083]]]},"properties":{"radiance":83.8}},{"type":"Feature","geometry":{"type":"Polygon","coordinates":[[[25.78125,62.252083],[25.785417,62.252083],[25.785417,62.25625],[25.78125,62.25625],[25.78125,62.252083]]]},"properties":{"radiance":36.38}},{"type":"Feature","geometry":{"type":"Polygon","coordinates":[[[25.785417,62.252083],[25.789583,62.252083],[25.789583,62.25625],[25.785417,62.25625],[25.785417,62.252083]]]},"properties":{"radiance":32.34}},{"type":"Feature","geometry":{"type":"Polygon","coordinates":[[[25.789583,62.252083],[25.79375,62.252083],[25.79375,62.25625],[25.789583,62.25625],[25.789583,62.252083]]]},"properties":{"radiance":5.13}},{"type":"Feature","geometry":{"type":"Polygon","coordinates":[[[25.83125,62.252083],[25.835417,62.252083],[25.835417,62.25625],[25.83125,62.25625],[25.83125,62.252083]]]},"properties":{"radiance":5.76}},{"type":"Feature","geometry":{"type":"Polygon","coordinates":[[[25.835417,62.252083],[25.839583,62.252083],[25.839583,62.25625],[25.835417,62.25625],[25.835417,62.252083]]]},"properties":{"radiance":6.01}},{"type":"Feature","geometry":{"type":"Polygon","coordinates":[[[25.839583,62.252083],[25.84375,62.252083],[25.84375,62.25625],[25.839583,62.25625],[25.839583,62.252083]]]},"properties":{"radiance":5.33}},{"type":"Feature","geometry":{"type":"Polygon","coordinates":[[[25.84375,62.252083],[25.847917,62.252083],[25.847917,62.25625],[25.84375,62.25625],[25.84375,62.252083]]]},"properties":{"radiance":7.69}},{"type":"Feature","geometry":{"type":"Polygon","coordinates":[[[25.85625,62.252083],[25.860417,62.252083],[25.860417,62.25625],[25.85625,62.25625],[25.85625,62.252083]]]},"properties":{"radiance":31.65}},{"type":"Feature","geometry":{"type":"Polygon","coordinates":[[[25.860417,62.252083],[25.864583,62.252083],[25.864583,62.25625],[25.860417,62.25625],[25.860417,62.252083]]]},"properties":{"radiance":14.25}},{"type":"Feature","geometry":{"type":"Polygon","coordinates":[[[25.864583,62.252083],[25.86875,62.252083],[25.86875,62.25625],[25.864583,62.25625],[25.864583,62.252083]]]},"properties":{"radiance":15.14}},{"type":"Feature","geometry":{"type":"Polygon","coordinates":[[[25.86875,62.252083],[25.872917,62.252083],[25.872917,62.25625],[25.86875,62.25625],[25.86875,62.252083]]]},"properties":{"radiance":13.96}},{"type":"Feature","geometry":{"type":"Polygon","coordinates":[[[25.872917,62.252083],[25.877083,62.252083],[25.877083,62.25625],[25.872917,62.25625],[25.872917,62.252083]]]},"properties":{"radiance":12.76}},{"type":"Feature","geometry":{"type":"Polygon","coordinates":[[[25.877083,62.252083],[25.88125,62.252083],[25.88125,62.25625],[25.877083,62.25625],[25.877083,62.252083]]]},"properties":{"radiance":8.2}},{"type":"Feature","geometry":{"type":"Polygon","coordinates":[[[25.88125,62.252083],[25.885417,62.252083],[25.885417,62.25625],[25.88125,62.25625],[25.88125,62.252083]]]},"properties":{"radiance":8.03}},{"type":"Feature","geometry":{"type":"Polygon","coordinates":[[[25.885417,62.252083],[25.889583,62.252083],[25.889583,62.25625],[25.885417,62.25625],[25.885417,62.252083]]]},"properties":{"radiance":5.44}},{"type":"Feature","geometry":{"type":"Polygon","coordinates":[[[26.089583,62.252083],[26.09375,62.252083],[26.09375,62.25625],[26.089583,62.25625],[26.089583,62.252083]]]},"properties":{"radiance":6.03}},{"type":"Feature","geometry":{"type":"Polygon","coordinates":[[[26.097917,62.252083],[26.102083,62.252083],[26.102083,62.25625],[26.097917,62.25625],[26.097917,62.252083]]]},"properties":{"radiance":6.86}},{"type":"Feature","geometry":{"type":"Polygon","coordinates":[[[26.102083,62.252083],[26.10625,62.252083],[26.10625,62.25625],[26.102083,62.25625],[26.102083,62.252083]]]},"properties":{"radiance":8.63}},{"type":"Feature","geometry":{"type":"Polygon","coordinates":[[[26.164583,62.252083],[26.16875,62.252083],[26.16875,62.25625],[26.164583,62.25625],[26.164583,62.252083]]]},"properties":{"radiance":5.52}},{"type":"Feature","geometry":{"type":"Polygon","coordinates":[[[26.16875,62.252083],[26.172917,62.252083],[26.172917,62.25625],[26.16875,62.25625],[26.16875,62.252083]]]},"properties":{"radiance":7.25}},{"type":"Feature","geometry":{"type":"Polygon","coordinates":[[[26.172917,62.252083],[26.177083,62.252083],[26.177083,62.25625],[26.172917,62.25625],[26.172917,62.252083]]]},"properties":{"radiance":8.86}},{"type":"Feature","geometry":{"type":"Polygon","coordinates":[[[26.177083,62.252083],[26.18125,62.252083],[26.18125,62.25625],[26.177083,62.25625],[26.177083,62.252083]]]},"properties":{"radiance":7.71}},{"type":"Feature","geometry":{"type":"Polygon","coordinates":[[[26.18125,62.252083],[26.185417,62.252083],[26.185417,62.25625],[26.18125,62.25625],[26.18125,62.252083]]]},"properties":{"radiance":6.64}},{"type":"Feature","geometry":{"type":"Polygon","coordinates":[[[26.185417,62.252083],[26.189583,62.252083],[26.189583,62.25625],[26.185417,62.25625],[26.185417,62.252083]]]},"properties":{"radiance":6.26}},{"type":"Feature","geometry":{"type":"Polygon","coordinates":[[[26.19375,62.252083],[26.197917,62.252083],[26.197917,62.25625],[26.19375,62.25625],[26.19375,62.252083]]]},"properties":{"radiance":5.1}},{"type":"Feature","geometry":{"type":"Polygon","coordinates":[[[26.202083,62.252083],[26.20625,62.252083],[26.20625,62.25625],[26.202083,62.25625],[26.202083,62.252083]]]},"properties":{"radiance":6.58}},{"type":"Feature","geometry":{"type":"Polygon","coordinates":[[[26.20625,62.252083],[26.210417,62.252083],[26.210417,62.25625],[26.20625,62.25625],[26.20625,62.252083]]]},"properties":{"radiance":7.37}},{"type":"Feature","geometry":{"type":"Polygon","coordinates":[[[26.210417,62.252083],[26.214583,62.252083],[26.214583,62.25625],[26.210417,62.25625],[26.210417,62.252083]]]},"properties":{"radiance":26.37}},{"type":"Feature","geometry":{"type":"Polygon","coordinates":[[[25.66875,62.247917],[25.672917,62.247917],[25.672917,62.252083],[25.66875,62.252083],[25.66875,62.247917]]]},"properties":{"radiance":5.48}},{"type":"Feature","geometry":{"type":"Polygon","coordinates":[[[25.672917,62.247917],[25.677083,62.247917],[25.677083,62.252083],[25.672917,62.252083],[25.672917,62.247917]]]},"properties":{"radiance":5.25}},{"type":"Feature","geometry":{"type":"Polygon","coordinates":[[[25.677083,62.247917],[25.68125,62.247917],[25.68125,62.252083],[25.677083,62.252083],[25.677083,62.247917]]]},"properties":{"radiance":5.94}},{"type":"Feature","geometry":{"type":"Polygon","coordinates":[[[25.689583,62.247917],[25.69375,62.247917],[25.69375,62.252083],[25.689583,62.252083],[25.689583,62.247917]]]},"properties":{"radiance":32.54}},{"type":"Feature","geometry":{"type":"Polygon","coordinates":[[[25.69375,62.247917],[25.697917,62.247917],[25.697917,62.252083],[25.69375,62.252083],[25.69375,62.247917]]]},"properties":{"radiance":31.49}},{"type":"Feature","geometry":{"type":"Polygon","coordinates":[[[25.697917,62.247917],[25.702083,62.247917],[25.702083,62.252083],[25.697917,62.252083],[25.697917,62.247917]]]},"properties":{"radiance":28.07}},{"type":"Feature","geometry":{"type":"Polygon","coordinates":[[[25.702083,62.247917],[25.70625,62.247917],[25.70625,62.252083],[25.702083,62.252083],[25.702083,62.247917]]]},"properties":{"radiance":132.16}},{"type":"Feature","geometry":{"type":"Polygon","coordinates":[[[25.70625,62.247917],[25.710417,62.247917],[25.710417,62.252083],[25.70625,62.252083],[25.70625,62.247917]]]},"properties":{"radiance":127.48}},{"type":"Feature","geometry":{"type":"Polygon","coordinates":[[[25.710417,62.247917],[25.714583,62.247917],[25.714583,62.252083],[25.710417,62.252083],[25.710417,62.247917]]]},"properties":{"radiance":75.22}},{"type":"Feature","geometry":{"type":"Polygon","coordinates":[[[25.714583,62.247917],[25.71875,62.247917],[25.71875,62.252083],[25.714583,62.252083],[25.714583,62.247917]]]},"properties":{"radiance":63.26}},{"type":"Feature","geometry":{"type":"Polygon","coordinates":[[[25.71875,62.247917],[25.722917,62.247917],[25.722917,62.252083],[25.71875,62.252083],[25.71875,62.247917]]]},"properties":{"radiance":50.29}},{"type":"Feature","geometry":{"type":"Polygon","coordinates":[[[25.722917,62.247917],[25.727083,62.247917],[25.727083,62.252083],[25.722917,62.252083],[25.722917,62.247917]]]},"properties":{"radiance":52.73}},{"type":"Feature","geometry":{"type":"Polygon","coordinates":[[[25.727083,62.247917],[25.73125,62.247917],[25.73125,62.252083],[25.727083,62.252083],[25.727083,62.247917]]]},"properties":{"radiance":57.52}},{"type":"Feature","geometry":{"type":"Polygon","coordinates":[[[25.73125,62.247917],[25.735417,62.247917],[25.735417,62.252083],[25.73125,62.252083],[25.73125,62.247917]]]},"properties":{"radiance":88.19}},{"type":"Feature","geometry":{"type":"Polygon","coordinates":[[[25.735417,62.247917],[25.739583,62.247917],[25.739583,62.252083],[25.735417,62.252083],[25.735417,62.247917]]]},"properties":{"radiance":102.38}},{"type":"Feature","geometry":{"type":"Polygon","coordinates":[[[25.739583,62.247917],[25.74375,62.247917],[25.74375,62.252083],[25.739583,62.252083],[25.739583,62.247917]]]},"properties":{"radiance":120.27}},{"type":"Feature","geometry":{"type":"Polygon","coordinates":[[[25.74375,62.247917],[25.747917,62.247917],[25.747917,62.252083],[25.74375,62.252083],[25.74375,62.247917]]]},"properties":{"radiance":119.4}},{"type":"Feature","geometry":{"type":"Polygon","coordinates":[[[25.747917,62.247917],[25.752083,62.247917],[25.752083,62.252083],[25.747917,62.252083],[25.747917,62.247917]]]},"properties":{"radiance":146.32}},{"type":"Feature","geometry":{"type":"Polygon","coordinates":[[[25.752083,62.247917],[25.75625,62.247917],[25.75625,62.252083],[25.752083,62.252083],[25.752083,62.247917]]]},"properties":{"radiance":130.3}},{"type":"Feature","geometry":{"type":"Polygon","coordinates":[[[25.75625,62.247917],[25.760417,62.247917],[25.760417,62.252083],[25.75625,62.252083],[25.75625,62.247917]]]},"properties":{"radiance":145.33}},{"type":"Feature","geometry":{"type":"Polygon","coordinates":[[[25.760417,62.247917],[25.764583,62.247917],[25.764583,62.252083],[25.760417,62.252083],[25.760417,62.247917]]]},"properties":{"radiance":129.17}},{"type":"Feature","geometry":{"type":"Polygon","coordinates":[[[25.764583,62.247917],[25.76875,62.247917],[25.76875,62.252083],[25.764583,62.252083],[25.764583,62.247917]]]},"properties":{"radiance":115.82}},{"type":"Feature","geometry":{"type":"Polygon","coordinates":[[[25.76875,62.247917],[25.772917,62.247917],[25.772917,62.252083],[25.76875,62.252083],[25.76875,62.247917]]]},"properties":{"radiance":109.56}},{"type":"Feature","geometry":{"type":"Polygon","coordinates":[[[25.772917,62.247917],[25.777083,62.247917],[25.777083,62.252083],[25.772917,62.252083],[25.772917,62.247917]]]},"properties":{"radiance":95.76}},{"type":"Feature","geometry":{"type":"Polygon","coordinates":[[[25.777083,62.247917],[25.78125,62.247917],[25.78125,62.252083],[25.777083,62.252083],[25.777083,62.247917]]]},"properties":{"radiance":57.24}},{"type":"Feature","geometry":{"type":"Polygon","coordinates":[[[25.78125,62.247917],[25.785417,62.247917],[25.785417,62.252083],[25.78125,62.252083],[25.78125,62.247917]]]},"properties":{"radiance":41.26}},{"type":"Feature","geometry":{"type":"Polygon","coordinates":[[[25.785417,62.247917],[25.789583,62.247917],[25.789583,62.252083],[25.785417,62.252083],[25.785417,62.247917]]]},"properties":{"radiance":43.11}},{"type":"Feature","geometry":{"type":"Polygon","coordinates":[[[25.789583,62.247917],[25.79375,62.247917],[25.79375,62.252083],[25.789583,62.252083],[25.789583,62.247917]]]},"properties":{"radiance":9.02}},{"type":"Feature","geometry":{"type":"Polygon","coordinates":[[[25.79375,62.247917],[25.797917,62.247917],[25.797917,62.252083],[25.79375,62.252083],[25.79375,62.247917]]]},"properties":{"radiance":5.8}},{"type":"Feature","geometry":{"type":"Polygon","coordinates":[[[25.797917,62.247917],[25.802083,62.247917],[25.802083,62.252083],[25.797917,62.252083],[25.797917,62.247917]]]},"properties":{"radiance":8.65}},{"type":"Feature","geometry":{"type":"Polygon","coordinates":[[[25.802083,62.247917],[25.80625,62.247917],[25.80625,62.252083],[25.802083,62.252083],[25.802083,62.247917]]]},"properties":{"radiance":28.84}},{"type":"Feature","geometry":{"type":"Polygon","coordinates":[[[25.80625,62.247917],[25.810417,62.247917],[25.810417,62.252083],[25.80625,62.252083],[25.80625,62.247917]]]},"properties":{"radiance":8.59}},{"type":"Feature","geometry":{"type":"Polygon","coordinates":[[[25.810417,62.247917],[25.814583,62.247917],[25.814583,62.252083],[25.810417,62.252083],[25.810417,62.247917]]]},"properties":{"radiance":31.75}},{"type":"Feature","geometry":{"type":"Polygon","coordinates":[[[25.814583,62.247917],[25.81875,62.247917],[25.81875,62.252083],[25.814583,62.252083],[25.814583,62.247917]]]},"properties":{"radiance":8.16}},{"type":"Feature","geometry":{"type":"Polygon","coordinates":[[[25.81875,62.247917],[25.822917,62.247917],[25.822917,62.252083],[25.81875,62.252083],[25.81875,62.247917]]]},"properties":{"radiance":6.5}},{"type":"Feature","geometry":{"type":"Polygon","coordinates":[[[25.822917,62.247917],[25.827083,62.247917],[25.827083,62.252083],[25.822917,62.252083],[25.822917,62.247917]]]},"properties":{"radiance":5.1}},{"type":"Feature","geometry":{"type":"Polygon","coordinates":[[[25.827083,62.247917],[25.83125,62.247917],[25.83125,62.252083],[25.827083,62.252083],[25.827083,62.247917]]]},"properties":{"radiance":5.29}},{"type":"Feature","geometry":{"type":"Polygon","coordinates":[[[25.84375,62.247917],[25.847917,62.247917],[25.847917,62.252083],[25.84375,62.252083],[25.84375,62.247917]]]},"properties":{"radiance":7.33}},{"type":"Feature","geometry":{"type":"Polygon","coordinates":[[[25.847917,62.247917],[25.852083,62.247917],[25.852083,62.252083],[25.847917,62.252083],[25.847917,62.247917]]]},"properties":{"radiance":7.59}},{"type":"Feature","geometry":{"type":"Polygon","coordinates":[[[25.852083,62.247917],[25.85625,62.247917],[25.85625,62.252083],[25.852083,62.252083],[25.852083,62.247917]]]},"properties":{"radiance":42.35}},{"type":"Feature","geometry":{"type":"Polygon","coordinates":[[[25.85625,62.247917],[25.860417,62.247917],[25.860417,62.252083],[25.85625,62.252083],[25.85625,62.247917]]]},"properties":{"radiance":51.02}},{"type":"Feature","geometry":{"type":"Polygon","coordinates":[[[25.860417,62.247917],[25.864583,62.247917],[25.864583,62.252083],[25.860417,62.252083],[25.860417,62.247917]]]},"properties":{"radiance":87.55}},{"type":"Feature","geometry":{"type":"Polygon","coordinates":[[[25.864583,62.247917],[25.86875,62.247917],[25.86875,62.252083],[25.864583,62.252083],[25.864583,62.247917]]]},"properties":{"radiance":68.66}},{"type":"Feature","geometry":{"type":"Polygon","coordinates":[[[25.86875,62.247917],[25.872917,62.247917],[25.872917,62.252083],[25.86875,62.252083],[25.86875,62.247917]]]},"properties":{"radiance":73.19}},{"type":"Feature","geometry":{"type":"Polygon","coordinates":[[[25.872917,62.247917],[25.877083,62.247917],[25.877083,62.252083],[25.872917,62.252083],[25.872917,62.247917]]]},"properties":{"radiance":16.89}},{"type":"Feature","geometry":{"type":"Polygon","coordinates":[[[25.877083,62.247917],[25.88125,62.247917],[25.88125,62.252083],[25.877083,62.252083],[25.877083,62.247917]]]},"properties":{"radiance":10.25}},{"type":"Feature","geometry":{"type":"Polygon","coordinates":[[[25.88125,62.247917],[25.885417,62.247917],[25.885417,62.252083],[25.88125,62.252083],[25.88125,62.247917]]]},"properties":{"radiance":8.97}},{"type":"Feature","geometry":{"type":"Polygon","coordinates":[[[25.885417,62.247917],[25.889583,62.247917],[25.889583,62.252083],[25.885417,62.252083],[25.885417,62.247917]]]},"properties":{"radiance":5.82}},{"type":"Feature","geometry":{"type":"Polygon","coordinates":[[[26.014583,62.247917],[26.01875,62.247917],[26.01875,62.252083],[26.014583,62.252083],[26.014583,62.247917]]]},"properties":{"radiance":5.23}},{"type":"Feature","geometry":{"type":"Polygon","coordinates":[[[26.10625,62.247917],[26.110417,62.247917],[26.110417,62.252083],[26.10625,62.252083],[26.10625,62.247917]]]},"properties":{"radiance":5.53}},{"type":"Feature","geometry":{"type":"Polygon","coordinates":[[[26.122917,62.247917],[26.127083,62.247917],[26.127083,62.252083],[26.122917,62.252083],[26.122917,62.247917]]]},"properties":{"radiance":5.74}},{"type":"Feature","geometry":{"type":"Polygon","coordinates":[[[26.127083,62.247917],[26.13125,62.247917],[26.13125,62.252083],[26.127083,62.252083],[26.127083,62.247917]]]},"properties":{"radiance":10.49}},{"type":"Feature","geometry":{"type":"Polygon","coordinates":[[[26.13125,62.247917],[26.135417,62.247917],[26.135417,62.252083],[26.13125,62.252083],[26.13125,62.247917]]]},"properties":{"radiance":11.47}},{"type":"Feature","geometry":{"type":"Polygon","coordinates":[[[26.135417,62.247917],[26.139583,62.247917],[26.139583,62.252083],[26.135417,62.252083],[26.135417,62.247917]]]},"properties":{"radiance":11.28}},{"type":"Feature","geometry":{"type":"Polygon","coordinates":[[[26.139583,62.247917],[26.14375,62.247917],[26.14375,62.252083],[26.139583,62.252083],[26.139583,62.247917]]]},"properties":{"radiance":7.82}},{"type":"Feature","geometry":{"type":"Polygon","coordinates":[[[26.14375,62.247917],[26.147917,62.247917],[26.147917,62.252083],[26.14375,62.252083],[26.14375,62.247917]]]},"properties":{"radiance":5.7}},{"type":"Feature","geometry":{"type":"Polygon","coordinates":[[[26.147917,62.247917],[26.152083,62.247917],[26.152083,62.252083],[26.147917,62.252083],[26.147917,62.247917]]]},"properties":{"radiance":7.72}},{"type":"Feature","geometry":{"type":"Polygon","coordinates":[[[26.160417,62.247917],[26.164583,62.247917],[26.164583,62.252083],[26.160417,62.252083],[26.160417,62.247917]]]},"properties":{"radiance":5.71}},{"type":"Feature","geometry":{"type":"Polygon","coordinates":[[[26.164583,62.247917],[26.16875,62.247917],[26.16875,62.252083],[26.164583,62.252083],[26.164583,62.247917]]]},"properties":{"radiance":5.83}},{"type":"Feature","geometry":{"type":"Polygon","coordinates":[[[26.16875,62.247917],[26.172917,62.247917],[26.172917,62.252083],[26.16875,62.252083],[26.16875,62.247917]]]},"properties":{"radiance":9.92}},{"type":"Feature","geometry":{"type":"Polygon","coordinates":[[[26.172917,62.247917],[26.177083,62.247917],[26.177083,62.252083],[26.172917,62.252083],[26.172917,62.247917]]]},"properties":{"radiance":7.75}},{"type":"Feature","geometry":{"type":"Polygon","coordinates":[[[26.177083,62.247917],[26.18125,62.247917],[26.18125,62.252083],[26.177083,62.252083],[26.177083,62.247917]]]},"properties":{"radiance":5.15}},{"type":"Feature","geometry":{"type":"Polygon","coordinates":[[[25.66875,62.24375],[25.672917,62.24375],[25.672917,62.247917],[25.66875,62.247917],[25.66875,62.24375]]]},"properties":{"radiance":7.53}},{"type":"Feature","geometry":{"type":"Polygon","coordinates":[[[25.672917,62.24375],[25.677083,62.24375],[25.677083,62.247917],[25.672917,62.247917],[25.672917,62.24375]]]},"properties":{"radiance":8.22}},{"type":"Feature","geometry":{"type":"Polygon","coordinates":[[[25.677083,62.24375],[25.68125,62.24375],[25.68125,62.247917],[25.677083,62.247917],[25.677083,62.24375]]]},"properties":{"radiance":27.31}},{"type":"Feature","geometry":{"type":"Polygon","coordinates":[[[25.68125,62.24375],[25.685417,62.24375],[25.685417,62.247917],[25.68125,62.247917],[25.68125,62.24375]]]},"properties":{"radiance":28.92}},{"type":"Feature","geometry":{"type":"Polygon","coordinates":[[[25.685417,62.24375],[25.689583,62.24375],[25.689583,62.247917],[25.685417,62.247917],[25.685417,62.24375]]]},"properties":{"radiance":7.61}},{"type":"Feature","geometry":{"type":"Polygon","coordinates":[[[25.689583,62.24375],[25.69375,62.24375],[25.69375,62.247917],[25.689583,62.247917],[25.689583,62.24375]]]},"properties":{"radiance":35.01}},{"type":"Feature","geometry":{"type":"Polygon","coordinates":[[[25.69375,62.24375],[25.697917,62.24375],[25.697917,62.247917],[25.69375,62.247917],[25.69375,62.24375]]]},"properties":{"radiance":50.09}},{"type":"Feature","geometry":{"type":"Polygon","coordinates":[[[25.697917,62.24375],[25.702083,62.24375],[25.702083,62.247917],[25.697917,62.247917],[25.697917,62.24375]]]},"properties":{"radiance":58.83}},{"type":"Feature","geometry":{"type":"Polygon","coordinates":[[[25.702083,62.24375],[25.70625,62.24375],[25.70625,62.247917],[25.702083,62.247917],[25.702083,62.24375]]]},"properties":{"radiance":126.04}},{"type":"Feature","geometry":{"type":"Polygon","coordinates":[[[25.70625,62.24375],[25.710417,62.24375],[25.710417,62.247917],[25.70625,62.247917],[25.70625,62.24375]]]},"properties":{"radiance":130.98}},{"type":"Feature","geometry":{"type":"Polygon","coordinates":[[[25.710417,62.24375],[25.714583,62.24375],[25.714583,62.247917],[25.710417,62.247917],[25.710417,62.24375]]]},"properties":{"radiance":122.73}},{"type":"Feature","geometry":{"type":"Polygon","coordinates":[[[25.714583,62.24375],[25.71875,62.24375],[25.71875,62.247917],[25.714583,62.247917],[25.714583,62.24375]]]},"properties":{"radiance":79.32}},{"type":"Feature","geometry":{"type":"Polygon","coordinates":[[[25.71875,62.24375],[25.722917,62.24375],[25.722917,62.247917],[25.71875,62.247917],[25.71875,62.24375]]]},"properties":{"radiance":65.14}},{"type":"Feature","geometry":{"type":"Polygon","coordinates":[[[25.722917,62.24375],[25.727083,62.24375],[25.727083,62.247917],[25.722917,62.247917],[25.722917,62.24375]]]},"properties":{"radiance":65.92}},{"type":"Feature","geometry":{"type":"Polygon","coordinates":[[[25.727083,62.24375],[25.73125,62.24375],[25.73125,62.247917],[25.727083,62.247917],[25.727083,62.24375]]]},"properties":{"radiance":92.53}},{"type":"Feature","geometry":{"type":"Polygon","coordinates":[[[25.73125,62.24375],[25.735417,62.24375],[25.735417,62.247917],[25.73125,62.247917],[25.73125,62.24375]]]},"properties":{"radiance":119.86}},{"type":"Feature","geometry":{"type":"Polygon","coordinates":[[[25.735417,62.24375],[25.739583,62.24375],[25.739583,62.247917],[25.735417,62.247917],[25.735417,62.24375]]]},"properties":{"radiance":176.57}},{"type":"Feature","geometry":{"type":"Polygon","coordinates":[[[25.739583,62.24375],[25.74375,62.24375],[25.74375,62.247917],[25.739583,62.247917],[25.739583,62.24375]]]},"properties":{"radiance":206.02}},{"type":"Feature","geometry":{"type":"Polygon","coordinates":[[[25.74375,62.24375],[25.747917,62.24375],[25.747917,62.247917],[25.74375,62.247917],[25.74375,62.24375]]]},"properties":{"radiance":225.87}},{"type":"Feature","geometry":{"type":"Polygon","coordinates":[[[25.747917,62.24375],[25.752083,62.24375],[25.752083,62.247917],[25.747917,62.247917],[25.747917,62.24375]]]},"properties":{"radiance":220.09}},{"type":"Feature","geometry":{"type":"Polygon","coordinates":[[[25.752083,62.24375],[25.75625,62.24375],[25.75625,62.247917],[25.752083,62.247917],[25.752083,62.24375]]]},"properties":{"radiance":241.29}},{"type":"Feature","geometry":{"type":"Polygon","coordinates":[[[25.75625,62.24375],[25.760417,62.24375],[25.760417,62.247917],[25.75625,62.247917],[25.75625,62.24375]]]},"properties":{"radiance":182.15}},{"type":"Feature","geometry":{"type":"Polygon","coordinates":[[[25.760417,62.24375],[25.764583,62.24375],[25.764583,62.247917],[25.760417,62.247917],[25.760417,62.24375]]]},"properties":{"radiance":154.96}},{"type":"Feature","geometry":{"type":"Polygon","coordinates":[[[25.764583,62.24375],[25.76875,62.24375],[25.76875,62.247917],[25.764583,62.247917],[25.764583,62.24375]]]},"properties":{"radiance":111.87}},{"type":"Feature","geometry":{"type":"Polygon","coordinates":[[[25.76875,62.24375],[25.772917,62.24375],[25.772917,62.247917],[25.76875,62.247917],[25.76875,62.24375]]]},"properties":{"radiance":74.22}},{"type":"Feature","geometry":{"type":"Polygon","coordinates":[[[25.772917,62.24375],[25.777083,62.24375],[25.777083,62.247917],[25.772917,62.247917],[25.772917,62.24375]]]},"properties":{"radiance":71.02}},{"type":"Feature","geometry":{"type":"Polygon","coordinates":[[[25.777083,62.24375],[25.78125,62.24375],[25.78125,62.247917],[25.777083,62.247917],[25.777083,62.24375]]]},"properties":{"radiance":60.53}},{"type":"Feature","geometry":{"type":"Polygon","coordinates":[[[25.78125,62.24375],[25.785417,62.24375],[25.785417,62.247917],[25.78125,62.247917],[25.78125,62.24375]]]},"properties":{"radiance":62.55}},{"type":"Feature","geometry":{"type":"Polygon","coordinates":[[[25.785417,62.24375],[25.789583,62.24375],[25.789583,62.247917],[25.785417,62.247917],[25.785417,62.24375]]]},"properties":{"radiance":61.51}},{"type":"Feature","geometry":{"type":"Polygon","coordinates":[[[25.789583,62.24375],[25.79375,62.24375],[25.79375,62.247917],[25.789583,62.247917],[25.789583,62.24375]]]},"properties":{"radiance":52.6}},{"type":"Feature","geometry":{"type":"Polygon","coordinates":[[[25.79375,62.24375],[25.797917,62.24375],[25.797917,62.247917],[25.79375,62.247917],[25.79375,62.24375]]]},"properties":{"radiance":56.57}},{"type":"Feature","geometry":{"type":"Polygon","coordinates":[[[25.797917,62.24375],[25.802083,62.24375],[25.802083,62.247917],[25.797917,62.247917],[25.797917,62.24375]]]},"properties":{"radiance":62.24}},{"type":"Feature","geometry":{"type":"Polygon","coordinates":[[[25.802083,62.24375],[25.80625,62.24375],[25.80625,62.247917],[25.802083,62.247917],[25.802083,62.24375]]]},"properties":{"radiance":52.19}},{"type":"Feature","geometry":{"type":"Polygon","coordinates":[[[25.80625,62.24375],[25.810417,62.24375],[25.810417,62.247917],[25.80625,62.247917],[25.80625,62.24375]]]},"properties":{"radiance":43.03}},{"type":"Feature","geometry":{"type":"Polygon","coordinates":[[[25.810417,62.24375],[25.814583,62.24375],[25.814583,62.247917],[25.810417,62.247917],[25.810417,62.24375]]]},"properties":{"radiance":56.01}},{"type":"Feature","geometry":{"type":"Polygon","coordinates":[[[25.814583,62.24375],[25.81875,62.24375],[25.81875,62.247917],[25.814583,62.247917],[25.814583,62.24375]]]},"properties":{"radiance":38.65}},{"type":"Feature","geometry":{"type":"Polygon","coordinates":[[[25.81875,62.24375],[25.822917,62.24375],[25.822917,62.247917],[25.81875,62.247917],[25.81875,62.24375]]]},"properties":{"radiance":43.91}},{"type":"Feature","geometry":{"type":"Polygon","coordinates":[[[25.822917,62.24375],[25.827083,62.24375],[25.827083,62.247917],[25.822917,62.247917],[25.822917,62.24375]]]},"properties":{"radiance":38.17}},{"type":"Feature","geometry":{"type":"Polygon","coordinates":[[[25.827083,62.24375],[25.83125,62.24375],[25.83125,62.247917],[25.827083,62.247917],[25.827083,62.24375]]]},"properties":{"radiance":42.15}},{"type":"Feature","geometry":{"type":"Polygon","coordinates":[[[25.83125,62.24375],[25.835417,62.24375],[25.835417,62.247917],[25.83125,62.247917],[25.83125,62.24375]]]},"properties":{"radiance":12.86}},{"type":"Feature","geometry":{"type":"Polygon","coordinates":[[[25.835417,62.24375],[25.839583,62.24375],[25.839583,62.247917],[25.835417,62.247917],[25.835417,62.24375]]]},"properties":{"radiance":14.11}},{"type":"Feature","geometry":{"type":"Polygon","coordinates":[[[25.839583,62.24375],[25.84375,62.24375],[25.84375,62.247917],[25.839583,62.247917],[25.839583,62.24375]]]},"properties":{"radiance":23.29}},{"type":"Feature","geometry":{"type":"Polygon","coordinates":[[[25.84375,62.24375],[25.847917,62.24375],[25.847917,62.247917],[25.84375,62.247917],[25.84375,62.24375]]]},"properties":{"radiance":49.91}},{"type":"Feature","geometry":{"type":"Polygon","coordinates":[[[25.847917,62.24375],[25.852083,62.24375],[25.852083,62.247917],[25.847917,62.247917],[25.847917,62.24375]]]},"properties":{"radiance":49.47}},{"type":"Feature","geometry":{"type":"Polygon","coordinates":[[[25.852083,62.24375],[25.85625,62.24375],[25.85625,62.247917],[25.852083,62.247917],[25.852083,62.24375]]]},"properties":{"radiance":52.33}},{"type":"Feature","geometry":{"type":"Polygon","coordinates":[[[25.85625,62.24375],[25.860417,62.24375],[25.860417,62.247917],[25.85625,62.247917],[25.85625,62.24375]]]},"properties":{"radiance":51.76}},{"type":"Feature","geometry":{"type":"Polygon","coordinates":[[[25.860417,62.24375],[25.864583,62.24375],[25.864583,62.247917],[25.860417,62.247917],[25.860417,62.24375]]]},"properties":{"radiance":77.77}},{"type":"Feature","geometry":{"type":"Polygon","coordinates":[[[25.864583,62.24375],[25.86875,62.24375],[25.86875,62.247917],[25.864583,62.247917],[25.864583,62.24375]]]},"properties":{"radiance":84.04}},{"type":"Feature","geometry":{"type":"Polygon","coordinates":[[[25.86875,62.24375],[25.872917,62.24375],[25.872917,62.247917],[25.86875,62.247917],[25.86875,62.24375]]]},"properties":{"radiance":31.97}},{"type":"Feature","geometry":{"type":"Polygon","coordinates":[[[25.872917,62.24375],[25.877083,62.24375],[25.877083,62.247917],[25.872917,62.247917],[25.872917,62.24375]]]},"properties":{"radiance":35.86}},{"type":"Feature","geometry":{"type":"Polygon","coordinates":[[[25.877083,62.24375],[25.88125,62.24375],[25.88125,62.247917],[25.877083,62.247917],[25.877083,62.24375]]]},"properties":{"radiance":13.24}},{"type":"Feature","geometry":{"type":"Polygon","coordinates":[[[25.88125,62.24375],[25.885417,62.24375],[25.885417,62.247917],[25.88125,62.247917],[25.88125,62.24375]]]},"properties":{"radiance":10.56}},{"type":"Feature","geometry":{"type":"Polygon","coordinates":[[[25.885417,62.24375],[25.889583,62.24375],[25.889583,62.247917],[25.885417,62.247917],[25.885417,62.24375]]]},"properties":{"radiance":5.4}},{"type":"Feature","geometry":{"type":"Polygon","coordinates":[[[26.13125,62.24375],[26.135417,62.24375],[26.135417,62.247917],[26.13125,62.247917],[26.13125,62.24375]]]},"properties":{"radiance":7.28}},{"type":"Feature","geometry":{"type":"Polygon","coordinates":[[[26.135417,62.24375],[26.139583,62.24375],[26.139583,62.247917],[26.135417,62.247917],[26.135417,62.24375]]]},"properties":{"radiance":7.37}},{"type":"Feature","geometry":{"type":"Polygon","coordinates":[[[26.139583,62.24375],[26.14375,62.24375],[26.14375,62.247917],[26.139583,62.247917],[26.139583,62.24375]]]},"properties":{"radiance":5.74}},{"type":"Feature","geometry":{"type":"Polygon","coordinates":[[[26.14375,62.24375],[26.147917,62.24375],[26.147917,62.247917],[26.14375,62.247917],[26.14375,62.24375]]]},"properties":{"radiance":6.59}},{"type":"Feature","geometry":{"type":"Polygon","coordinates":[[[26.147917,62.24375],[26.152083,62.24375],[26.152083,62.247917],[26.147917,62.247917],[26.147917,62.24375]]]},"properties":{"radiance":5.73}},{"type":"Feature","geometry":{"type":"Polygon","coordinates":[[[25.672917,62.239583],[25.677083,62.239583],[25.677083,62.24375],[25.672917,62.24375],[25.672917,62.239583]]]},"properties":{"radiance":5.9}},{"type":"Feature","geometry":{"type":"Polygon","coordinates":[[[25.677083,62.239583],[25.68125,62.239583],[25.68125,62.24375],[25.677083,62.24375],[25.677083,62.239583]]]},"properties":{"radiance":6.52}},{"type":"Feature","geometry":{"type":"Polygon","coordinates":[[[25.68125,62.239583],[25.685417,62.239583],[25.685417,62.24375],[25.68125,62.24375],[25.68125,62.239583]]]},"properties":{"radiance":6.13}},{"type":"Feature","geometry":{"type":"Polygon","coordinates":[[[25.685417,62.239583],[25.689583,62.239583],[25.689583,62.24375],[25.685417,62.24375],[25.685417,62.239583]]]},"properties":{"radiance":30.13}},{"type":"Feature","geometry":{"type":"Polygon","coordinates":[[[25.689583,62.239583],[25.69375,62.239583],[25.69375,62.24375],[25.689583,62.24375],[25.689583,62.239583]]]},"properties":{"radiance":42.53}},{"type":"Feature","geometry":{"type":"Polygon","coordinates":[[[25.69375,62.239583],[25.697917,62.239583],[25.697917,62.24375],[25.69375,62.24375],[25.69375,62.239583]]]},"properties":{"radiance":47.01}},{"type":"Feature","geometry":{"type":"Polygon","coordinates":[[[25.697917,62.239583],[25.702083,62.239583],[25.702083,62.24375],[25.697917,62.24375],[25.697917,62.239583]]]},"properties":{"radiance":59.4}},{"type":"Feature","geometry":{"type":"Polygon","coordinates":[[[25.702083,62.239583],[25.70625,62.239583],[25.70625,62.24375],[25.702083,62.24375],[25.702083,62.239583]]]},"properties":{"radiance":68.62}},{"type":"Feature","geometry":{"type":"Polygon","coordinates":[[[25.70625,62.239583],[25.710417,62.239583],[25.710417,62.24375],[25.70625,62.24375],[25.70625,62.239583]]]},"properties":{"radiance":94.91}},{"type":"Feature","geometry":{"type":"Polygon","coordinates":[[[25.710417,62.239583],[25.714583,62.239583],[25.714583,62.24375],[25.710417,62.24375],[25.710417,62.239583]]]},"properties":{"radiance":122.63}},{"type":"Feature","geometry":{"type":"Polygon","coordinates":[[[25.714583,62.239583],[25.71875,62.239583],[25.71875,62.24375],[25.714583,62.24375],[25.714583,62.239583]]]},"properties":{"radiance":93.47}},{"type":"Feature","geometry":{"type":"Polygon","coordinates":[[[25.71875,62.239583],[25.722917,62.239583],[25.722917,62.24375],[25.71875,62.24375],[25.71875,62.239583]]]},"properties":{"radiance":82.48}},{"type":"Feature","geometry":{"type":"Polygon","coordinates":[[[25.722917,62.239583],[25.727083,62.239583],[25.727083,62.24375],[25.722917,62.24375],[25.722917,62.239583]]]},"properties":{"radiance":74.75}},{"type":"Feature","geometry":{"type":"Polygon","coordinates":[[[25.727083,62.239583],[25.73125,62.239583],[25.73125,62.24375],[25.727083,62.24375],[25.727083,62.239583]]]},"properties":{"radiance":105.96}},{"type":"Feature","geometry":{"type":"Polygon","coordinates":[[[25.73125,62.239583],[25.735417,62.239583],[25.735417,62.24375],[25.73125,62.24375],[25.73125,62.239583]]]},"properties":{"radiance":145.89}},{"type":"Feature","geometry":{"type":"Polygon","coordinates":[[[25.735417,62.239583],[25.739583,62.239583],[25.739583,62.24375],[25.735417,62.24375],[25.735417,62.239583]]]},"properties":{"radiance":178.16}},{"type":"Feature","geometry":{"type":"Polygon","coordinates":[[[25.739583,62.239583],[25.74375,62.239583],[25.74375,62.24375],[25.739583,62.24375],[25.739583,62.239583]]]},"properties":{"radiance":166.85}},{"type":"Feature","geometry":{"type":"Polygon","coordinates":[[[25.74375,62.239583],[25.747917,62.239583],[25.747917,62.24375],[25.74375,62.24375],[25.74375,62.239583]]]},"properties":{"radiance":257.74}},{"type":"Feature","geometry":{"type":"Polygon","coordinates":[[[25.747917,62.239583],[25.752083,62.239583],[25.752083,62.24375],[25.747917,62.24375],[25.747917,62.239583]]]},"properties":{"radiance":281.46}},{"type":"Feature","geometry":{"type":"Polygon","coordinates":[[[25.752083,62.239583],[25.75625,62.239583],[25.75625,62.24375],[25.752083,62.24375],[25.752083,62.239583]]]},"properties":{"radiance":280.19}},{"type":"Feature","geometry":{"type":"Polygon","coordinates":[[[25.75625,62.239583],[25.760417,62.239583],[25.760417,62.24375],[25.75625,62.24375],[25.75625,62.239583]]]},"properties":{"radiance":154.18}},{"type":"Feature","geometry":{"type":"Polygon","coordinates":[[[25.760417,62.239583],[25.764583,62.239583],[25.764583,62.24375],[25.760417,62.24375],[25.760417,62.239583]]]},"properties":{"radiance":89.51}},{"type":"Feature","geometry":{"type":"Polygon","coordinates":[[[25.764583,62.239583],[25.76875,62.239583],[25.76875,62.24375],[25.764583,62.24375],[25.764583,62.239583]]]},"properties":{"radiance":52.94}},{"type":"Feature","geometry":{"type":"Polygon","coordinates":[[[25.76875,62.239583],[25.772917,62.239583],[25.772917,62.24375],[25.76875,62.24375],[25.76875,62.239583]]]},"properties":{"radiance":62.7}},{"type":"Feature","geometry":{"type":"Polygon","coordinates":[[[25.772917,62.239583],[25.777083,62.239583],[25.777083,62.24375],[25.772917,62.24375],[25.772917,62.239583]]]},"properties":{"radiance":43.55}},{"type":"Feature","geometry":{"type":"Polygon","coordinates":[[[25.777083,62.239583],[25.78125,62.239583],[25.78125,62.24375],[25.777083,62.24375],[25.777083,62.239583]]]},"properties":{"radiance":10.87}},{"type":"Feature","geometry":{"type":"Polygon","coordinates":[[[25.78125,62.239583],[25.785417,62.239583],[25.785417,62.24375],[25.78125,62.24375],[25.78125,62.239583]]]},"properties":{"radiance":11.7}},{"type":"Feature","geometry":{"type":"Polygon","coordinates":[[[25.785417,62.239583],[25.789583,62.239583],[25.789583,62.24375],[25.785417,62.24375],[25.785417,62.239583]]]},"properties":{"radiance":53.89}},{"type":"Feature","geometry":{"type":"Polygon","coordinates":[[[25.789583,62.239583],[25.79375,62.239583],[25.79375,62.24375],[25.789583,62.24375],[25.789583,62.239583]]]},"properties":{"radiance":59.1}},{"type":"Feature","geometry":{"type":"Polygon","coordinates":[[[25.79375,62.239583],[25.797917,62.239583],[25.797917,62.24375],[25.79375,62.24375],[25.79375,62.239583]]]},"properties":{"radiance":66.86}},{"type":"Feature","geometry":{"type":"Polygon","coordinates":[[[25.797917,62.239583],[25.802083,62.239583],[25.802083,62.24375],[25.797917,62.24375],[25.797917,62.239583]]]},"properties":{"radiance":82.37}},{"type":"Feature","geometry":{"type":"Polygon","coordinates":[[[25.802083,62.239583],[25.80625,62.239583],[25.80625,62.24375],[25.802083,62.24375],[25.802083,62.239583]]]},"properties":{"radiance":76.68}},{"type":"Feature","geometry":{"type":"Polygon","coordinates":[[[25.80625,62.239583],[25.810417,62.239583],[25.810417,62.24375],[25.80625,62.24375],[25.80625,62.239583]]]},"properties":{"radiance":93.27}},{"type":"Feature","geometry":{"type":"Polygon","coordinates":[[[25.810417,62.239583],[25.814583,62.239583],[25.814583,62.24375],[25.810417,62.24375],[25.810417,62.239583]]]},"properties":{"radiance":90.09}},{"type":"Feature","geometry":{"type":"Polygon","coordinates":[[[25.814583,62.239583],[25.81875,62.239583],[25.81875,62.24375],[25.814583,62.24375],[25.814583,62.239583]]]},"properties":{"radiance":87.06}},{"type":"Feature","geometry":{"type":"Polygon","coordinates":[[[25.81875,62.239583],[25.822917,62.239583],[25.822917,62.24375],[25.81875,62.24375],[25.81875,62.239583]]]},"properties":{"radiance":57.85}},{"type":"Feature","geometry":{"type":"Polygon","coordinates":[[[25.822917,62.239583],[25.827083,62.239583],[25.827083,62.24375],[25.822917,62.24375],[25.822917,62.239583]]]},"properties":{"radiance":33.64}},{"type":"Feature","geometry":{"type":"Polygon","coordinates":[[[25.827083,62.239583],[25.83125,62.239583],[25.83125,62.24375],[25.827083,62.24375],[25.827083,62.239583]]]},"properties":{"radiance":48.47}},{"type":"Feature","geometry":{"type":"Polygon","coordinates":[[[25.83125,62.239583],[25.835417,62.239583],[25.835417,62.24375],[25.83125,62.24375],[25.83125,62.239583]]]},"properties":{"radiance":19.73}},{"type":"Feature","geometry":{"type":"Polygon","coordinates":[[[25.835417,62.239583],[25.839583,62.239583],[25.839583,62.24375],[25.835417,62.24375],[25.835417,62.239583]]]},"properties":{"radiance":22.18}},{"type":"Feature","geometry":{"type":"Polygon","coordinates":[[[25.839583,62.239583],[25.84375,62.239583],[25.84375,62.24375],[25.839583,62.24375],[25.839583,62.239583]]]},"properties":{"radiance":66.36}},{"type":"Feature","geometry":{"type":"Polygon","coordinates":[[[25.84375,62.239583],[25.847917,62.239583],[25.847917,62.24375],[25.84375,62.24375],[25.84375,62.239583]]]},"properties":{"radiance":56.52}},{"type":"Feature","geometry":{"type":"Polygon","coordinates":[[[25.847917,62.239583],[25.852083,62.239583],[25.852083,62.24375],[25.847917,62.24375],[25.847917,62.239583]]]},"properties":{"radiance":22.85}},{"type":"Feature","geometry":{"type":"Polygon","coordinates":[[[25.852083,62.239583],[25.85625,62.239583],[25.85625,62.24375],[25.852083,62.24375],[25.852083,62.239583]]]},"properties":{"radiance":19.17}},{"type":"Feature","geometry":{"type":"Polygon","coordinates":[[[25.85625,62.239583],[25.860417,62.239583],[25.860417,62.24375],[25.85625,62.24375],[25.85625,62.239583]]]},"properties":{"radiance":33.48}},{"type":"Feature","geometry":{"type":"Polygon","coordinates":[[[25.860417,62.239583],[25.864583,62.239583],[25.864583,62.24375],[25.860417,62.24375],[25.860417,62.239583]]]},"properties":{"radiance":14.65}},{"type":"Feature","geometry":{"type":"Polygon","coordinates":[[[25.864583,62.239583],[25.86875,62.239583],[25.86875,62.24375],[25.864583,62.24375],[25.864583,62.239583]]]},"properties":{"radiance":31.97}},{"type":"Feature","geometry":{"type":"Polygon","coordinates":[[[25.86875,62.239583],[25.872917,62.239583],[25.872917,62.24375],[25.86875,62.24375],[25.86875,62.239583]]]},"properties":{"radiance":10.51}},{"type":"Feature","geometry":{"type":"Polygon","coordinates":[[[25.872917,62.239583],[25.877083,62.239583],[25.877083,62.24375],[25.872917,62.24375],[25.872917,62.239583]]]},"properties":{"radiance":30.38}},{"type":"Feature","geometry":{"type":"Polygon","coordinates":[[[25.877083,62.239583],[25.88125,62.239583],[25.88125,62.24375],[25.877083,62.24375],[25.877083,62.239583]]]},"properties":{"radiance":6.12}},{"type":"Feature","geometry":{"type":"Polygon","coordinates":[[[25.88125,62.239583],[25.885417,62.239583],[25.885417,62.24375],[25.88125,62.24375],[25.88125,62.239583]]]},"properties":{"radiance":11.53}},{"type":"Feature","geometry":{"type":"Polygon","coordinates":[[[25.914583,62.239583],[25.91875,62.239583],[25.91875,62.24375],[25.914583,62.24375],[25.914583,62.239583]]]},"properties":{"radiance":7.29}},{"type":"Feature","geometry":{"type":"Polygon","coordinates":[[[25.91875,62.239583],[25.922917,62.239583],[25.922917,62.24375],[25.91875,62.24375],[25.91875,62.239583]]]},"properties":{"radiance":6.8}},{"type":"Feature","geometry":{"type":"Polygon","coordinates":[[[25.660417,62.235417],[25.664583,62.235417],[25.664583,62.239583],[25.660417,62.239583],[25.660417,62.235417]]]},"properties":{"radiance":8.54}},{"type":"Feature","geometry":{"type":"Polygon","coordinates":[[[25.664583,62.235417],[25.66875,62.235417],[25.66875,62.239583],[25.664583,62.239583],[25.664583,62.235417]]]},"properties":{"radiance":6.84}},{"type":"Feature","geometry":{"type":"Polygon","coordinates":[[[25.66875,62.235417],[25.672917,62.235417],[25.672917,62.239583],[25.66875,62.239583],[25.66875,62.235417]]]},"properties":{"radiance":8.09}},{"type":"Feature","geometry":{"type":"Polygon","coordinates":[[[25.672917,62.235417],[25.677083,62.235417],[25.677083,62.239583],[25.672917,62.239583],[25.672917,62.235417]]]},"properties":{"radiance":7.44}},{"type":"Feature","geometry":{"type":"Polygon","coordinates":[[[25.677083,62.235417],[25.68125,62.235417],[25.68125,62.239583],[25.677083,62.239583],[25.677083,62.235417]]]},"properties":{"radiance":7.17}},{"type":"Feature","geometry":{"type":"Polygon","coordinates":[[[25.68125,62.235417],[25.685417,62.235417],[25.685417,62.239583],[25.68125,62.239583],[25.68125,62.235417]]]},"properties":{"radiance":5.9}},{"type":"Feature","geometry":{"type":"Polygon","coordinates":[[[25.685417,62.235417],[25.689583,62.235417],[25.689583,62.239583],[25.685417,62.239583],[25.685417,62.235417]]]},"properties":{"radiance":32.5}},{"type":"Feature","geometry":{"type":"Polygon","coordinates":[[[25.689583,62.235417],[25.69375,62.235417],[25.69375,62.239583],[25.689583,62.239583],[25.689583,62.235417]]]},"properties":{"radiance":41.84}},{"type":"Feature","geometry":{"type":"Polygon","coordinates":[[[25.69375,62.235417],[25.697917,62.235417],[25.697917,62.239583],[25.69375,62.239583],[25.69375,62.235417]]]},"properties":{"radiance":79.89}},{"type":"Feature","geometry":{"type":"Polygon","coordinates":[[[25.697917,62.235417],[25.702083,62.235417],[25.702083,62.239583],[25.697917,62.239583],[25.697917,62.235417]]]},"properties":{"radiance":56.88}},{"type":"Feature","geometry":{"type":"Polygon","coordinates":[[[25.702083,62.235417],[25.70625,62.235417],[25.70625,62.239583],[25.702083,62.239583],[25.702083,62.235417]]]},"properties":{"radiance":116.79}},{"type":"Feature","geometry":{"type":"Polygon","coordinates":[[[25.70625,62.235417],[25.710417,62.235417],[25.710417,62.239583],[25.70625,62.239583],[25.70625,62.235417]]]},"properties":{"radiance":142.5}},{"type":"Feature","geometry":{"type":"Polygon","coordinates":[[[25.710417,62.235417],[25.714583,62.235417],[25.714583,62.239583],[25.710417,62.239583],[25.710417,62.235417]]]},"properties":{"radiance":157.98}},{"type":"Feature","geometry":{"type":"Polygon","coordinates":[[[25.714583,62.235417],[25.71875,62.235417],[25.71875,62.239583],[25.714583,62.239583],[25.714583,62.235417]]]},"properties":{"radiance":151.83}},{"type":"Feature","geometry":{"type":"Polygon","coordinates":[[[25.71875,62.235417],[25.722917,62.235417],[25.722917,62.239583],[25.71875,62.239583],[25.71875,62.235417]]]},"properties":{"radiance":115.73}},{"type":"Feature","geometry":{"type":"Polygon","coordinates":[[[25.722917,62.235417],[25.727083,62.235417],[25.727083,62.239583],[25.722917,62.239583],[25.722917,62.235417]]]},"properties":{"radiance":99.92}},{"type":"Feature","geometry":{"type":"Polygon","coordinates":[[[25.727083,62.235417],[25.73125,62.235417],[25.73125,62.239583],[25.727083,62.239583],[25.727083,62.235417]]]},"properties":{"radiance":95.12}},{"type":"Feature","geometry":{"type":"Polygon","coordinates":[[[25.73125,62.235417],[25.735417,62.235417],[25.735417,62.239583],[25.73125,62.239583],[25.73125,62.235417]]]},"properties":{"radiance":110.88}},{"type":"Feature","geometry":{"type":"Polygon","coordinates":[[[25.735417,62.235417],[25.739583,62.235417],[25.739583,62.239583],[25.735417,62.239583],[25.735417,62.235417]]]},"properties":{"radiance":119.62}},{"type":"Feature","geometry":{"type":"Polygon","coordinates":[[[25.739583,62.235417],[25.74375,62.235417],[25.74375,62.239583],[25.739583,62.239583],[25.739583,62.235417]]]},"properties":{"radiance":144.46}},{"type":"Feature","geometry":{"type":"Polygon","coordinates":[[[25.74375,62.235417],[25.747917,62.235417],[25.747917,62.239583],[25.74375,62.239583],[25.74375,62.235417]]]},"properties":{"radiance":157.36}},{"type":"Feature","geometry":{"type":"Polygon","coordinates":[[[25.747917,62.235417],[25.752083,62.235417],[25.752083,62.239583],[25.747917,62.239583],[25.747917,62.235417]]]},"properties":{"radiance":159.32}},{"type":"Feature","geometry":{"type":"Polygon","coordinates":[[[25.752083,62.235417],[25.75625,62.235417],[25.75625,62.239583],[25.752083,62.239583],[25.752083,62.235417]]]},"properties":{"radiance":144.76}},{"type":"Feature","geometry":{"type":"Polygon","coordinates":[[[25.75625,62.235417],[25.760417,62.235417],[25.760417,62.239583],[25.75625,62.239583],[25.75625,62.235417]]]},"properties":{"radiance":91.72}},{"type":"Feature","geometry":{"type":"Polygon","coordinates":[[[25.760417,62.235417],[25.764583,62.235417],[25.764583,62.239583],[25.760417,62.239583],[25.760417,62.235417]]]},"properties":{"radiance":73.31}},{"type":"Feature","geometry":{"type":"Polygon","coordinates":[[[25.764583,62.235417],[25.76875,62.235417],[25.76875,62.239583],[25.764583,62.239583],[25.764583,62.235417]]]},"properties":{"radiance":63.45}},{"type":"Feature","geometry":{"type":"Polygon","coordinates":[[[25.76875,62.235417],[25.772917,62.235417],[25.772917,62.239583],[25.76875,62.239583],[25.76875,62.235417]]]},"properties":{"radiance":36.3}},{"type":"Feature","geometry":{"type":"Polygon","coordinates":[[[25.772917,62.235417],[25.777083,62.235417],[25.777083,62.239583],[25.772917,62.239583],[25.772917,62.235417]]]},"properties":{"radiance":8.1}},{"type":"Feature","geometry":{"type":"Polygon","coordinates":[[[25.777083,62.235417],[25.78125,62.235417],[25.78125,62.239583],[25.777083,62.239583],[25.777083,62.235417]]]},"properties":{"radiance":7.32}},{"type":"Feature","geometry":{"type":"Polygon","coordinates":[[[25.78125,62.235417],[25.785417,62.235417],[25.785417,62.239583],[25.78125,62.239583],[25.78125,62.235417]]]},"properties":{"radiance":8.81}},{"type":"Feature","geometry":{"type":"Polygon","coordinates":[[[25.785417,62.235417],[25.789583,62.235417],[25.789583,62.239583],[25.785417,62.239583],[25.785417,62.235417]]]},"properties":{"radiance":6.58}},{"type":"Feature","geometry":{"type":"Polygon","coordinates":[[[25.789583,62.235417],[25.79375,62.235417],[25.79375,62.239583],[25.789583,62.239583],[25.789583,62.235417]]]},"properties":{"radiance":36.57}},{"type":"Feature","geometry":{"type":"Polygon","coordinates":[[[25.79375,62.235417],[25.797917,62.235417],[25.797917,62.239583],[25.79375,62.239583],[25.79375,62.235417]]]},"properties":{"radiance":49.47}},{"type":"Feature","geometry":{"type":"Polygon","coordinates":[[[25.797917,62.235417],[25.802083,62.235417],[25.802083,62.239583],[25.797917,62.239583],[25.797917,62.235417]]]},"properties":{"radiance":56.44}},{"type":"Feature","geometry":{"type":"Polygon","coordinates":[[[25.802083,62.235417],[25.80625,62.235417],[25.80625,62.239583],[25.802083,62.239583],[25.802083,62.235417]]]},"properties":{"radiance":75.21}},{"type":"Feature","geometry":{"type":"Polygon","coordinates":[[[25.80625,62.235417],[25.810417,62.235417],[25.810417,62.239583],[25.80625,62.239583],[25.80625,62.235417]]]},"properties":{"radiance":88.4}},{"type":"Feature","geometry":{"type":"Polygon","coordinates":[[[25.810417,62.235417],[25.814583,62.235417],[25.814583,62.239583],[25.810417,62.239583],[25.810417,62.235417]]]},"properties":{"radiance":70.6}},{"type":"Feature","geometry":{"type":"Polygon","coordinates":[[[25.814583,62.235417],[25.81875,62.235417],[25.81875,62.239583],[25.814583,62.239583],[25.814583,62.235417]]]},"properties":{"radiance":68.01}},{"type":"Feature","geometry":{"type":"Polygon","coordinates":[[[25.81875,62.235417],[25.822917,62.235417],[25.822917,62.239583],[25.81875,62.239583],[25.81875,62.235417]]]},"properties":{"radiance":66.71}},{"type":"Feature","geometry":{"type":"Polygon","coordinates":[[[25.822917,62.235417],[25.827083,62.235417],[25.827083,62.239583],[25.822917,62.239583],[25.822917,62.235417]]]},"properties":{"radiance":49.93}},{"type":"Feature","geometry":{"type":"Polygon","coordinates":[[[25.827083,62.235417],[25.83125,62.235417],[25.83125,62.239583],[25.827083,62.239583],[25.827083,62.235417]]]},"properties":{"radiance":47.28}},{"type":"Feature","geometry":{"type":"Polygon","coordinates":[[[25.83125,62.235417],[25.835417,62.235417],[25.835417,62.239583],[25.83125,62.239583],[25.83125,62.235417]]]},"properties":{"radiance":14.45}},{"type":"Feature","geometry":{"type":"Polygon","coordinates":[[[25.835417,62.235417],[25.839583,62.235417],[25.839583,62.239583],[25.835417,62.239583],[25.835417,62.235417]]]},"properties":{"radiance":7.15}},{"type":"Feature","geometry":{"type":"Polygon","coordinates":[[[25.839583,62.235417],[25.84375,62.235417],[25.84375,62.239583],[25.839583,62.239583],[25.839583,62.235417]]]},"properties":{"radiance":8.31}},{"type":"Feature","geometry":{"type":"Polygon","coordinates":[[[25.852083,62.235417],[25.85625,62.235417],[25.85625,62.239583],[25.852083,62.239583],[25.852083,62.235417]]]},"properties":{"radiance":5.19}},{"type":"Feature","geometry":{"type":"Polygon","coordinates":[[[25.85625,62.235417],[25.860417,62.235417],[25.860417,62.239583],[25.85625,62.239583],[25.85625,62.235417]]]},"properties":{"radiance":8.74}},{"type":"Feature","geometry":{"type":"Polygon","coordinates":[[[25.860417,62.235417],[25.864583,62.235417],[25.864583,62.239583],[25.860417,62.239583],[25.860417,62.235417]]]},"properties":{"radiance":5.81}},{"type":"Feature","geometry":{"type":"Polygon","coordinates":[[[25.864583,62.235417],[25.86875,62.235417],[25.86875,62.239583],[25.864583,62.239583],[25.864583,62.235417]]]},"properties":{"radiance":7.22}},{"type":"Feature","geometry":{"type":"Polygon","coordinates":[[[25.86875,62.235417],[25.872917,62.235417],[25.872917,62.239583],[25.86875,62.239583],[25.86875,62.235417]]]},"properties":{"radiance":6.04}},{"type":"Feature","geometry":{"type":"Polygon","coordinates":[[[25.902083,62.235417],[25.90625,62.235417],[25.90625,62.239583],[25.902083,62.239583],[25.902083,62.235417]]]},"properties":{"radiance":5.86}},{"type":"Feature","geometry":{"type":"Polygon","coordinates":[[[25.90625,62.235417],[25.910417,62.235417],[25.910417,62.239583],[25.90625,62.239583],[25.90625,62.235417]]]},"properties":{"radiance":5.29}},{"type":"Feature","geometry":{"type":"Polygon","coordinates":[[[25.910417,62.235417],[25.914583,62.235417],[25.914583,62.239583],[25.910417,62.239583],[25.910417,62.235417]]]},"properties":{"radiance":55.09}},{"type":"Feature","geometry":{"type":"Polygon","coordinates":[[[25.914583,62.235417],[25.91875,62.235417],[25.91875,62.239583],[25.914583,62.239583],[25.914583,62.235417]]]},"properties":{"radiance":62.74}},{"type":"Feature","geometry":{"type":"Polygon","coordinates":[[[25.91875,62.235417],[25.922917,62.235417],[25.922917,62.239583],[25.91875,62.239583],[25.91875,62.235417]]]},"properties":{"radiance":17.01}},{"type":"Feature","geometry":{"type":"Polygon","coordinates":[[[25.922917,62.235417],[25.927083,62.235417],[25.927083,62.239583],[25.922917,62.239583],[25.922917,62.235417]]]},"properties":{"radiance":37.38}},{"type":"Feature","geometry":{"type":"Polygon","coordinates":[[[25.964583,62.235417],[25.96875,62.235417],[25.96875,62.239583],[25.964583,62.239583],[25.964583,62.235417]]]},"properties":{"radiance":5.11}},{"type":"Feature","geometry":{"type":"Polygon","coordinates":[[[25.96875,62.235417],[25.972917,62.235417],[25.972917,62.239583],[25.96875,62.239583],[25.96875,62.235417]]]},"properties":{"radiance":6.24}},{"type":"Feature","geometry":{"type":"Polygon","coordinates":[[[25.647917,62.23125],[25.652083,62.23125],[25.652083,62.235417],[25.647917,62.235417],[25.647917,62.23125]]]},"properties":{"radiance":5.06}},{"type":"Feature","geometry":{"type":"Polygon","coordinates":[[[25.660417,62.23125],[25.664583,62.23125],[25.664583,62.235417],[25.660417,62.235417],[25.660417,62.23125]]]},"properties":{"radiance":5.71}},{"type":"Feature","geometry":{"type":"Polygon","coordinates":[[[25.664583,62.23125],[25.66875,62.23125],[25.66875,62.235417],[25.664583,62.235417],[25.664583,62.23125]]]},"properties":{"radiance":8.85}},{"type":"Feature","geometry":{"type":"Polygon","coordinates":[[[25.66875,62.23125],[25.672917,62.23125],[25.672917,62.235417],[25.66875,62.235417],[25.66875,62.23125]]]},"properties":{"radiance":8.84}},{"type":"Feature","geometry":{"type":"Polygon","coordinates":[[[25.672917,62.23125],[25.677083,62.23125],[25.677083,62.235417],[25.672917,62.235417],[25.672917,62.23125]]]},"properties":{"radiance":11.17}},{"type":"Feature","geometry":{"type":"Polygon","coordinates":[[[25.677083,62.23125],[25.68125,62.23125],[25.68125,62.235417],[25.677083,62.235417],[25.677083,62.23125]]]},"properties":{"radiance":13.26}},{"type":"Feature","geometry":{"type":"Polygon","coordinates":[[[25.68125,62.23125],[25.685417,62.23125],[25.685417,62.235417],[25.68125,62.235417],[25.68125,62.23125]]]},"properties":{"radiance":12.76}},{"type":"Feature","geometry":{"type":"Polygon","coordinates":[[[25.685417,62.23125],[25.689583,62.23125],[25.689583,62.235417],[25.685417,62.235417],[25.685417,62.23125]]]},"properties":{"radiance":16.2}},{"type":"Feature","geometry":{"type":"Polygon","coordinates":[[[25.689583,62.23125],[25.69375,62.23125],[25.69375,62.235417],[25.689583,62.235417],[25.689583,62.23125]]]},"properties":{"radiance":57.11}},{"type":"Feature","geometry":{"type":"Polygon","coordinates":[[[25.69375,62.23125],[25.697917,62.23125],[25.697917,62.235417],[25.69375,62.235417],[25.69375,62.23125]]]},"properties":{"radiance":50.19}},{"type":"Feature","geometry":{"type":"Polygon","coordinates":[[[25.697917,62.23125],[25.702083,62.23125],[25.702083,62.235417],[25.697917,62.235417],[25.697917,62.23125]]]},"properties":{"radiance":98.56}},{"type":"Feature","geometry":{"type":"Polygon","coordinates":[[[25.702083,62.23125],[25.70625,62.23125],[25.70625,62.235417],[25.702083,62.235417],[25.702083,62.23125]]]},"properties":{"radiance":114.91}},{"type":"Feature","geometry":{"type":"Polygon","coordinates":[[[25.70625,62.23125],[25.710417,62.23125],[25.710417,62.235417],[25.70625,62.235417],[25.70625,62.23125]]]},"properties":{"radiance":111.26}},{"type":"Feature","geometry":{"type":"Polygon","coordinates":[[[25.710417,62.23125],[25.714583,62.23125],[25.714583,62.235417],[25.710417,62.235417],[25.710417,62.23125]]]},"properties":{"radiance":108.3}},{"type":"Feature","geometry":{"type":"Polygon","coordinates":[[[25.714583,62.23125],[25.71875,62.23125],[25.71875,62.235417],[25.714583,62.235417],[25.714583,62.23125]]]},"properties":{"radiance":94.56}},{"type":"Feature","geometry":{"type":"Polygon","coordinates":[[[25.71875,62.23125],[25.722917,62.23125],[25.722917,62.235417],[25.71875,62.235417],[25.71875,62.23125]]]},"properties":{"radiance":82.24}},{"type":"Feature","geometry":{"type":"Polygon","coordinates":[[[25.722917,62.23125],[25.727083,62.23125],[25.727083,62.235417],[25.722917,62.235417],[25.722917,62.23125]]]},"properties":{"radiance":87.93}},{"type":"Feature","geometry":{"type":"Polygon","coordinates":[[[25.727083,62.23125],[25.73125,62.23125],[25.73125,62.235417],[25.727083,62.235417],[25.727083,62.23125]]]},"properties":{"radiance":83.35}},{"type":"Feature","geometry":{"type":"Polygon","coordinates":[[[25.73125,62.23125],[25.735417,62.23125],[25.735417,62.235417],[25.73125,62.235417],[25.73125,62.23125]]]},"properties":{"radiance":84.61}},{"type":"Feature","geometry":{"type":"Polygon","coordinates":[[[25.735417,62.23125],[25.739583,62.23125],[25.739583,62.235417],[25.735417,62.235417],[25.735417,62.23125]]]},"properties":{"radiance":81.58}},{"type":"Feature","geometry":{"type":"Polygon","coordinates":[[[25.739583,62.23125],[25.74375,62.23125],[25.74375,62.235417],[25.739583,62.235417],[25.739583,62.23125]]]},"properties":{"radiance":74.98}},{"type":"Feature","geometry":{"type":"Polygon","coordinates":[[[25.74375,62.23125],[25.747917,62.23125],[25.747917,62.235417],[25.74375,62.235417],[25.74375,62.23125]]]},"properties":{"radiance":44.93}},{"type":"Feature","geometry":{"type":"Polygon","coordinates":[[[25.747917,62.23125],[25.752083,62.23125],[25.752083,62.235417],[25.747917,62.235417],[25.747917,62.23125]]]},"properties":{"radiance":71.91}},{"type":"Feature","geometry":{"type":"Polygon","coordinates":[[[25.752083,62.23125],[25.75625,62.23125],[25.75625,62.235417],[25.752083,62.235417],[25.752083,62.23125]]]},"properties":{"radiance":64.89}},{"type":"Feature","geometry":{"type":"Polygon","coordinates":[[[25.75625,62.23125],[25.760417,62.23125],[25.760417,62.235417],[25.75625,62.235417],[25.75625,62.23125]]]},"properties":{"radiance":62.94}},{"type":"Feature","geometry":{"type":"Polygon","coordinates":[[[25.760417,62.23125],[25.764583,62.23125],[25.764583,62.235417],[25.760417,62.235417],[25.760417,62.23125]]]},"properties":{"radiance":59.08}},{"type":"Feature","geometry":{"type":"Polygon","coordinates":[[[25.764583,62.23125],[25.76875,62.23125],[25.76875,62.235417],[25.764583,62.235417],[25.764583,62.23125]]]},"properties":{"radiance":50.79}},{"type":"Feature","geometry":{"type":"Polygon","coordinates":[[[25.76875,62.23125],[25.772917,62.23125],[25.772917,62.235417],[25.76875,62.235417],[25.76875,62.23125]]]},"properties":{"radiance":54.61}},{"type":"Feature","geometry":{"type":"Polygon","coordinates":[[[25.772917,62.23125],[25.777083,62.23125],[25.777083,62.235417],[25.772917,62.235417],[25.772917,62.23125]]]},"properties":{"radiance":50.37}},{"type":"Feature","geometry":{"type":"Polygon","coordinates":[[[25.777083,62.23125],[25.78125,62.23125],[25.78125,62.235417],[25.777083,62.235417],[25.777083,62.23125]]]},"properties":{"radiance":36.98}},{"type":"Feature","geometry":{"type":"Polygon","coordinates":[[[25.78125,62.23125],[25.785417,62.23125],[25.785417,62.235417],[25.78125,62.235417],[25.78125,62.23125]]]},"properties":{"radiance":37.21}},{"type":"Feature","geometry":{"type":"Polygon","coordinates":[[[25.785417,62.23125],[25.789583,62.23125],[25.789583,62.235417],[25.785417,62.235417],[25.785417,62.23125]]]},"properties":{"radiance":43.53}},{"type":"Feature","geometry":{"type":"Polygon","coordinates":[[[25.789583,62.23125],[25.79375,62.23125],[25.79375,62.235417],[25.789583,62.235417],[25.789583,62.23125]]]},"properties":{"radiance":46.26}},{"type":"Feature","geometry":{"type":"Polygon","coordinates":[[[25.79375,62.23125],[25.797917,62.23125],[25.797917,62.235417],[25.79375,62.235417],[25.79375,62.23125]]]},"properties":{"radiance":11.73}},{"type":"Feature","geometry":{"type":"Polygon","coordinates":[[[25.797917,62.23125],[25.802083,62.23125],[25.802083,62.235417],[25.797917,62.235417],[25.797917,62.23125]]]},"properties":{"radiance":16.34}},{"type":"Feature","geometry":{"type":"Polygon","coordinates":[[[25.802083,62.23125],[25.80625,62.23125],[25.80625,62.235417],[25.802083,62.235417],[25.802083,62.23125]]]},"properties":{"radiance":87.12}},{"type":"Feature","geometry":{"type":"Polygon","coordinates":[[[25.80625,62.23125],[25.810417,62.23125],[25.810417,62.235417],[25.80625,62.235417],[25.80625,62.23125]]]},"properties":{"radiance":92.24}},{"type":"Feature","geometry":{"type":"Polygon","coordinates":[[[25.810417,62.23125],[25.814583,62.23125],[25.814583,62.235417],[25.810417,62.235417],[25.810417,62.23125]]]},"properties":{"radiance":73.9}},{"type":"Feature","geometry":{"type":"Polygon","coordinates":[[[25.814583,62.23125],[25.81875,62.23125],[25.81875,62.235417],[25.814583,62.235417],[25.814583,62.23125]]]},"properties":{"radiance":60.64}},{"type":"Feature","geometry":{"type":"Polygon","coordinates":[[[25.81875,62.23125],[25.822917,62.23125],[25.822917,62.235417],[25.81875,62.235417],[25.81875,62.23125]]]},"properties":{"radiance":13.09}},{"type":"Feature","geometry":{"type":"Polygon","coordinates":[[[25.822917,62.23125],[25.827083,62.23125],[25.827083,62.235417],[25.822917,62.235417],[25.822917,62.23125]]]},"properties":{"radiance":36.06}},{"type":"Feature","geometry":{"type":"Polygon","coordinates":[[[25.827083,62.23125],[25.83125,62.23125],[25.83125,62.235417],[25.827083,62.235417],[25.827083,62.23125]]]},"properties":{"radiance":9.99}},{"type":"Feature","geometry":{"type":"Polygon","coordinates":[[[25.83125,62.23125],[25.835417,62.23125],[25.835417,62.235417],[25.83125,62.235417],[25.83125,62.23125]]]},"properties":{"radiance":7.95}},{"type":"Feature","geometry":{"type":"Polygon","coordinates":[[[25.85625,62.23125],[25.860417,62.23125],[25.860417,62.235417],[25.85625,62.235417],[25.85625,62.23125]]]},"properties":{"radiance":5.31}},{"type":"Feature","geometry":{"type":"Polygon","coordinates":[[[25.89375,62.23125],[25.897917,62.23125],[25.897917,62.235417],[25.89375,62.235417],[25.89375,62.23125]]]},"properties":{"radiance":14.25}},{"type":"Feature","geometry":{"type":"Polygon","coordinates":[[[25.897917,62.23125],[25.902083,62.23125],[25.902083,62.235417],[25.897917,62.235417],[25.897917,62.23125]]]},"properties":{"radiance":13.51}},{"type":"Feature","geometry":{"type":"Polygon","coordinates":[[[25.902083,62.23125],[25.90625,62.23125],[25.90625,62.235417],[25.902083,62.235417],[25.902083,62.23125]]]},"properties":{"radiance":12.81}},{"type":"Feature","geometry":{"type":"Polygon","coordinates":[[[25.90625,62.23125],[25.910417,62.23125],[25.910417,62.235417],[25.90625,62.235417],[25.90625,62.23125]]]},"properties":{"radiance":49.88}},{"type":"Feature","geometry":{"type":"Polygon","coordinates":[[[25.910417,62.23125],[25.914583,62.23125],[25.914583,62.235417],[25.910417,62.235417],[25.910417,62.23125]]]},"properties":{"radiance":15.43}},{"type":"Feature","geometry":{"type":"Polygon","coordinates":[[[25.914583,62.23125],[25.91875,62.23125],[25.91875,62.235417],[25.914583,62.235417],[25.914583,62.23125]]]},"properties":{"radiance":16.27}},{"type":"Feature","geometry":{"type":"Polygon","coordinates":[[[25.91875,62.23125],[25.922917,62.23125],[25.922917,62.235417],[25.91875,62.235417],[25.91875,62.23125]]]},"properties":{"radiance":12.12}},{"type":"Feature","geometry":{"type":"Polygon","coordinates":[[[25.64375,62.227083],[25.647917,62.227083],[25.647917,62.23125],[25.64375,62.23125],[25.64375,62.227083]]]},"properties":{"radiance":5.58}},{"type":"Feature","geometry":{"type":"Polygon","coordinates":[[[25.672917,62.227083],[25.677083,62.227083],[25.677083,62.23125],[25.672917,62.23125],[25.672917,62.227083]]]},"properties":{"radiance":5.08}},{"type":"Feature","geometry":{"type":"Polygon","coordinates":[[[25.677083,62.227083],[25.68125,62.227083],[25.68125,62.23125],[25.677083,62.23125],[25.677083,62.227083]]]},"properties":{"radiance":13.93}},{"type":"Feature","geometry":{"type":"Polygon","coordinates":[[[25.68125,62.227083],[25.685417,62.227083],[25.685417,62.23125],[25.68125,62.23125],[25.68125,62.227083]]]},"properties":{"radiance":12.26}},{"type":"Feature","geometry":{"type":"Polygon","coordinates":[[[25.685417,62.227083],[25.689583,62.227083],[25.689583,62.23125],[25.685417,62.23125],[25.685417,62.227083]]]},"properties":{"radiance":41.49}},{"type":"Feature","geometry":{"type":"Polygon","coordinates":[[[25.689583,62.227083],[25.69375,62.227083],[25.69375,62.23125],[25.689583,62.23125],[25.689583,62.227083]]]},"properties":{"radiance":47.25}},{"type":"Feature","geometry":{"type":"Polygon","coordinates":[[[25.69375,62.227083],[25.697917,62.227083],[25.697917,62.23125],[25.69375,62.23125],[25.69375,62.227083]]]},"properties":{"radiance":32.33}},{"type":"Feature","geometry":{"type":"Polygon","coordinates":[[[25.697917,62.227083],[25.702083,62.227083],[25.702083,62.23125],[25.697917,62.23125],[25.697917,62.227083]]]},"properties":{"radiance":29.08}},{"type":"Feature","geometry":{"type":"Polygon","coordinates":[[[25.702083,62.227083],[25.70625,62.227083],[25.70625,62.23125],[25.702083,62.23125],[25.702083,62.227083]]]},"properties":{"radiance":28.64}},{"type":"Feature","geometry":{"type":"Polygon","coordinates":[[[25.70625,62.227083],[25.710417,62.227083],[25.710417,62.23125],[25.70625,62.23125],[25.70625,62.227083]]]},"properties":{"radiance":71.59}},{"type":"Feature","geometry":{"type":"Polygon","coordinates":[[[25.710417,62.227083],[25.714583,62.227083],[25.714583,62.23125],[25.710417,62.23125],[25.710417,62.227083]]]},"properties":{"radiance":78.23}},{"type":"Feature","geometry":{"type":"Polygon","coordinates":[[[25.714583,62.227083],[25.71875,62.227083],[25.71875,62.23125],[25.714583,62.23125],[25.714583,62.227083]]]},"properties":{"radiance":78.29}},{"type":"Feature","geometry":{"type":"Polygon","coordinates":[[[25.71875,62.227083],[25.722917,62.227083],[25.722917,62.23125],[25.71875,62.23125],[25.71875,62.227083]]]},"properties":{"radiance":74.58}},{"type":"Feature","geometry":{"type":"Polygon","coordinates":[[[25.722917,62.227083],[25.727083,62.227083],[25.727083,62.23125],[25.722917,62.23125],[25.722917,62.227083]]]},"properties":{"radiance":70.32}},{"type":"Feature","geometry":{"type":"Polygon","coordinates":[[[25.727083,62.227083],[25.73125,62.227083],[25.73125,62.23125],[25.727083,62.23125],[25.727083,62.227083]]]},"properties":{"radiance":67.95}},{"type":"Feature","geometry":{"type":"Polygon","coordinates":[[[25.73125,62.227083],[25.735417,62.227083],[25.735417,62.23125],[25.73125,62.23125],[25.73125,62.227083]]]},"properties":{"radiance":56.87}},{"type":"Feature","geometry":{"type":"Polygon","coordinates":[[[25.735417,62.227083],[25.739583,62.227083],[25.739583,62.23125],[25.735417,62.23125],[25.735417,62.227083]]]},"properties":{"radiance":47.68}},{"type":"Feature","geometry":{"type":"Polygon","coordinates":[[[25.739583,62.227083],[25.74375,62.227083],[25.74375,62.23125],[25.739583,62.23125],[25.739583,62.227083]]]},"properties":{"radiance":44.71}},{"type":"Feature","geometry":{"type":"Polygon","coordinates":[[[25.74375,62.227083],[25.747917,62.227083],[25.747917,62.23125],[25.74375,62.23125],[25.74375,62.227083]]]},"properties":{"radiance":45.67}},{"type":"Feature","geometry":{"type":"Polygon","coordinates":[[[25.747917,62.227083],[25.752083,62.227083],[25.752083,62.23125],[25.747917,62.23125],[25.747917,62.227083]]]},"properties":{"radiance":49.91}},{"type":"Feature","geometry":{"type":"Polygon","coordinates":[[[25.752083,62.227083],[25.75625,62.227083],[25.75625,62.23125],[25.752083,62.23125],[25.752083,62.227083]]]},"properties":{"radiance":57.99}},{"type":"Feature","geometry":{"type":"Polygon","coordinates":[[[25.75625,62.227083],[25.760417,62.227083],[25.760417,62.23125],[25.75625,62.23125],[25.75625,62.227083]]]},"properties":{"radiance":64.81}},{"type":"Feature","geometry":{"type":"Polygon","coordinates":[[[25.760417,62.227083],[25.764583,62.227083],[25.764583,62.23125],[25.760417,62.23125],[25.760417,62.227083]]]},"properties":{"radiance":60.54}},{"type":"Feature","geometry":{"type":"Polygon","coordinates":[[[25.764583,62.227083],[25.76875,62.227083],[25.76875,62.23125],[25.764583,62.23125],[25.764583,62.227083]]]},"properties":{"radiance":69.78}},{"type":"Feature","geometry":{"type":"Polygon","coordinates":[[[25.76875,62.227083],[25.772917,62.227083],[25.772917,62.23125],[25.76875,62.23125],[25.76875,62.227083]]]},"properties":{"radiance":84.06}},{"type":"Feature","geometry":{"type":"Polygon","coordinates":[[[25.772917,62.227083],[25.777083,62.227083],[25.777083,62.23125],[25.772917,62.23125],[25.772917,62.227083]]]},"properties":{"radiance":62.42}},{"type":"Feature","geometry":{"type":"Polygon","coordinates":[[[25.777083,62.227083],[25.78125,62.227083],[25.78125,62.23125],[25.777083,62.23125],[25.777083,62.227083]]]},"properties":{"radiance":51.58}},{"type":"Feature","geometry":{"type":"Polygon","coordinates":[[[25.78125,62.227083],[25.785417,62.227083],[25.785417,62.23125],[25.78125,62.23125],[25.78125,62.227083]]]},"properties":{"radiance":47.9}},{"type":"Feature","geometry":{"type":"Polygon","coordinates":[[[25.785417,62.227083],[25.789583,62.227083],[25.789583,62.23125],[25.785417,62.23125],[25.785417,62.227083]]]},"properties":{"radiance":44.99}},{"type":"Feature","geometry":{"type":"Polygon","coordinates":[[[25.789583,62.227083],[25.79375,62.227083],[25.79375,62.23125],[25.789583,62.23125],[25.789583,62.227083]]]},"properties":{"radiance":15.69}},{"type":"Feature","geometry":{"type":"Polygon","coordinates":[[[25.79375,62.227083],[25.797917,62.227083],[25.797917,62.23125],[25.79375,62.23125],[25.79375,62.227083]]]},"properties":{"radiance":12.08}},{"type":"Feature","geometry":{"type":"Polygon","coordinates":[[[25.797917,62.227083],[25.802083,62.227083],[25.802083,62.23125],[25.797917,62.23125],[25.797917,62.227083]]]},"properties":{"radiance":20.54}},{"type":"Feature","geometry":{"type":"Polygon","coordinates":[[[25.802083,62.227083],[25.80625,62.227083],[25.80625,62.23125],[25.802083,62.23125],[25.802083,62.227083]]]},"properties":{"radiance":19.75}},{"type":"Feature","geometry":{"type":"Polygon","coordinates":[[[25.80625,62.227083],[25.810417,62.227083],[25.810417,62.23125],[25.80625,62.23125],[25.80625,62.227083]]]},"properties":{"radiance":23.85}},{"type":"Feature","geometry":{"type":"Polygon","coordinates":[[[25.810417,62.227083],[25.814583,62.227083],[25.814583,62.23125],[25.810417,62.23125],[25.810417,62.227083]]]},"properties":{"radiance":9.88}},{"type":"Feature","geometry":{"type":"Polygon","coordinates":[[[25.814583,62.227083],[25.81875,62.227083],[25.81875,62.23125],[25.814583,62.23125],[25.814583,62.227083]]]},"properties":{"radiance":36.84}},{"type":"Feature","geometry":{"type":"Polygon","coordinates":[[[25.81875,62.227083],[25.822917,62.227083],[25.822917,62.23125],[25.81875,62.23125],[25.81875,62.227083]]]},"properties":{"radiance":7.13}},{"type":"Feature","geometry":{"type":"Polygon","coordinates":[[[25.84375,62.227083],[25.847917,62.227083],[25.847917,62.23125],[25.84375,62.23125],[25.84375,62.227083]]]},"properties":{"radiance":5.67}},{"type":"Feature","geometry":{"type":"Polygon","coordinates":[[[25.847917,62.227083],[25.852083,62.227083],[25.852083,62.23125],[25.847917,62.23125],[25.847917,62.227083]]]},"properties":{"radiance":6.36}},{"type":"Feature","geometry":{"type":"Polygon","coordinates":[[[25.852083,62.227083],[25.85625,62.227083],[25.85625,62.23125],[25.852083,62.23125],[25.852083,62.227083]]]},"properties":{"radiance":6.7}},{"type":"Feature","geometry":{"type":"Polygon","coordinates":[[[25.85625,62.227083],[25.860417,62.227083],[25.860417,62.23125],[25.85625,62.23125],[25.85625,62.227083]]]},"properties":{"radiance":7.42}},{"type":"Feature","geometry":{"type":"Polygon","coordinates":[[[25.889583,62.227083],[25.89375,62.227083],[25.89375,62.23125],[25.889583,62.23125],[25.889583,62.227083]]]},"properties":{"radiance":17.15}},{"type":"Feature","geometry":{"type":"Polygon","coordinates":[[[25.89375,62.227083],[25.897917,62.227083],[25.897917,62.23125],[25.89375,62.23125],[25.89375,62.227083]]]},"properties":{"radiance":31.27}},{"type":"Feature","geometry":{"type":"Polygon","coordinates":[[[25.897917,62.227083],[25.902083,62.227083],[25.902083,62.23125],[25.897917,62.23125],[25.897917,62.227083]]]},"properties":{"radiance":32.86}},{"type":"Feature","geometry":{"type":"Polygon","coordinates":[[[25.902083,62.227083],[25.90625,62.227083],[25.90625,62.23125],[25.902083,62.23125],[25.902083,62.227083]]]},"properties":{"radiance":11.57}},{"type":"Feature","geometry":{"type":"Polygon","coordinates":[[[25.90625,62.227083],[25.910417,62.227083],[25.910417,62.23125],[25.90625,62.23125],[25.90625,62.227083]]]},"properties":{"radiance":5.21}},{"type":"Feature","geometry":{"type":"Polygon","coordinates":[[[25.910417,62.227083],[25.914583,62.227083],[25.914583,62.23125],[25.910417,62.23125],[25.910417,62.227083]]]},"properties":{"radiance":8.62}},{"type":"Feature","geometry":{"type":"Polygon","coordinates":[[[25.914583,62.227083],[25.91875,62.227083],[25.91875,62.23125],[25.914583,62.23125],[25.914583,62.227083]]]},"properties":{"radiance":10.31}},{"type":"Feature","geometry":{"type":"Polygon","coordinates":[[[25.652083,62.222917],[25.65625,62.222917],[25.65625,62.227083],[25.652083,62.227083],[25.652083,62.222917]]]},"properties":{"radiance":10.25}},{"type":"Feature","geometry":{"type":"Polygon","coordinates":[[[25.660417,62.222917],[25.664583,62.222917],[25.664583,62.227083],[25.660417,62.227083],[25.660417,62.222917]]]},"properties":{"radiance":9.04}},{"type":"Feature","geometry":{"type":"Polygon","coordinates":[[[25.664583,62.222917],[25.66875,62.222917],[25.66875,62.227083],[25.664583,62.227083],[25.664583,62.222917]]]},"properties":{"radiance":7.13}},{"type":"Feature","geometry":{"type":"Polygon","coordinates":[[[25.66875,62.222917],[25.672917,62.222917],[25.672917,62.227083],[25.66875,62.227083],[25.66875,62.222917]]]},"properties":{"radiance":5.84}},{"type":"Feature","geometry":{"type":"Polygon","coordinates":[[[25.672917,62.222917],[25.677083,62.222917],[25.677083,62.227083],[25.672917,62.227083],[25.672917,62.222917]]]},"properties":{"radiance":6.84}},{"type":"Feature","geometry":{"type":"Polygon","coordinates":[[[25.68125,62.222917],[25.685417,62.222917],[25.685417,62.227083],[25.68125,62.227083],[25.68125,62.222917]]]},"properties":{"radiance":7.1}},{"type":"Feature","geometry":{"type":"Polygon","coordinates":[[[25.685417,62.222917],[25.689583,62.222917],[25.689583,62.227083],[25.685417,62.227083],[25.685417,62.222917]]]},"properties":{"radiance":36.23}},{"type":"Feature","geometry":{"type":"Polygon","coordinates":[[[25.689583,62.222917],[25.69375,62.222917],[25.69375,62.227083],[25.689583,62.227083],[25.689583,62.222917]]]},"properties":{"radiance":40.76}},{"type":"Feature","geometry":{"type":"Polygon","coordinates":[[[25.69375,62.222917],[25.697917,62.222917],[25.697917,62.227083],[25.69375,62.227083],[25.69375,62.222917]]]},"properties":{"radiance":44.2}},{"type":"Feature","geometry":{"type":"Polygon","coordinates":[[[25.697917,62.222917],[25.702083,62.222917],[25.702083,62.227083],[25.697917,62.227083],[25.697917,62.222917]]]},"properties":{"radiance":45.35}},{"type":"Feature","geometry":{"type":"Polygon","coordinates":[[[25.702083,62.222917],[25.70625,62.222917],[25.70625,62.227083],[25.702083,62.227083],[25.702083,62.222917]]]},"properties":{"radiance":46.79}},{"type":"Feature","geometry":{"type":"Polygon","coordinates":[[[25.70625,62.222917],[25.710417,62.222917],[25.710417,62.227083],[25.70625,62.227083],[25.70625,62.222917]]]},"properties":{"radiance":60.12}},{"type":"Feature","geometry":{"type":"Polygon","coordinates":[[[25.710417,62.222917],[25.714583,62.222917],[25.714583,62.227083],[25.710417,62.227083],[25.710417,62.222917]]]},"properties":{"radiance":44.99}},{"type":"Feature","geometry":{"type":"Polygon","coordinates":[[[25.714583,62.222917],[25.71875,62.222917],[25.71875,62.227083],[25.714583,62.227083],[25.714583,62.222917]]]},"properties":{"radiance":71.89}},{"type":"Feature","geometry":{"type":"Polygon","coordinates":[[[25.71875,62.222917],[25.722917,62.222917],[25.722917,62.227083],[25.71875,62.227083],[25.71875,62.222917]]]},"properties":{"radiance":67.79}},{"type":"Feature","geometry":{"type":"Polygon","coordinates":[[[25.722917,62.222917],[25.727083,62.222917],[25.727083,62.227083],[25.722917,62.227083],[25.722917,62.222917]]]},"properties":{"radiance":65.21}},{"type":"Feature","geometry":{"type":"Polygon","coordinates":[[[25.727083,62.222917],[25.73125,62.222917],[25.73125,62.227083],[25.727083,62.227083],[25.727083,62.222917]]]},"properties":{"radiance":56.62}},{"type":"Feature","geometry":{"type":"Polygon","coordinates":[[[25.73125,62.222917],[25.735417,62.222917],[25.735417,62.227083],[25.73125,62.227083],[25.73125,62.222917]]]},"properties":{"radiance":15.55}},{"type":"Feature","geometry":{"type":"Polygon","coordinates":[[[25.735417,62.222917],[25.739583,62.222917],[25.739583,62.227083],[25.735417,62.227083],[25.735417,62.222917]]]},"properties":{"radiance":30.84}},{"type":"Feature","geometry":{"type":"Polygon","coordinates":[[[25.739583,62.222917],[25.74375,62.222917],[25.74375,62.227083],[25.739583,62.227083],[25.739583,62.222917]]]},"properties":{"radiance":8.97}},{"type":"Feature","geometry":{"type":"Polygon","coordinates":[[[25.74375,62.222917],[25.747917,62.222917],[25.747917,62.227083],[25.74375,62.227083],[25.74375,62.222917]]]},"properties":{"radiance":9.42}},{"type":"Feature","geometry":{"type":"Polygon","coordinates":[[[25.747917,62.222917],[25.752083,62.222917],[25.752083,62.227083],[25.747917,62.227083],[25.747917,62.222917]]]},"properties":{"radiance":31.85}},{"type":"Feature","geometry":{"type":"Polygon","coordinates":[[[25.752083,62.222917],[25.75625,62.222917],[25.75625,62.227083],[25.752083,62.227083],[25.752083,62.222917]]]},"properties":{"radiance":44.52}},{"type":"Feature","geometry":{"type":"Polygon","coordinates":[[[25.75625,62.222917],[25.760417,62.222917],[25.760417,62.227083],[25.75625,62.227083],[25.75625,62.222917]]]},"properties":{"radiance":44.18}},{"type":"Feature","geometry":{"type":"Polygon","coordinates":[[[25.760417,62.222917],[25.764583,62.222917],[25.764583,62.227083],[25.760417,62.227083],[25.760417,62.222917]]]},"properties":{"radiance":64.43}},{"type":"Feature","geometry":{"type":"Polygon","coordinates":[[[25.764583,62.222917],[25.76875,62.222917],[25.76875,62.227083],[25.764583,62.227083],[25.764583,62.222917]]]},"properties":{"radiance":70.95}},{"type":"Feature","geometry":{"type":"Polygon","coordinates":[[[25.76875,62.222917],[25.772917,62.222917],[25.772917,62.227083],[25.76875,62.227083],[25.76875,62.222917]]]},"properties":{"radiance":58.02}},{"type":"Feature","geometry":{"type":"Polygon","coordinates":[[[25.772917,62.222917],[25.777083,62.222917],[25.777083,62.227083],[25.772917,62.227083],[25.772917,62.222917]]]},"properties":{"radiance":57.12}},{"type":"Feature","geometry":{"type":"Polygon","coordinates":[[[25.777083,62.222917],[25.78125,62.222917],[25.78125,62.227083],[25.777083,62.227083],[25.777083,62.222917]]]},"properties":{"radiance":60.91}},{"type":"Feature","geometry":{"type":"Polygon","coordinates":[[[25.78125,62.222917],[25.785417,62.222917],[25.785417,62.227083],[25.78125,62.227083],[25.78125,62.222917]]]},"properties":{"radiance":60.23}},{"type":"Feature","geometry":{"type":"Polygon","coordinates":[[[25.785417,62.222917],[25.789583,62.222917],[25.789583,62.227083],[25.785417,62.227083],[25.785417,62.222917]]]},"properties":{"radiance":55.04}},{"type":"Feature","geometry":{"type":"Polygon","coordinates":[[[25.789583,62.222917],[25.79375,62.222917],[25.79375,62.227083],[25.789583,62.227083],[25.789583,62.222917]]]},"properties":{"radiance":44.8}},{"type":"Feature","geometry":{"type":"Polygon","coordinates":[[[25.79375,62.222917],[25.797917,62.222917],[25.797917,62.227083],[25.79375,62.227083],[25.79375,62.222917]]]},"properties":{"radiance":12.06}},{"type":"Feature","geometry":{"type":"Polygon","coordinates":[[[25.797917,62.222917],[25.802083,62.222917],[25.802083,62.227083],[25.797917,62.227083],[25.797917,62.222917]]]},"properties":{"radiance":10.94}},{"type":"Feature","geometry":{"type":"Polygon","coordinates":[[[25.802083,62.222917],[25.80625,62.222917],[25.80625,62.227083],[25.802083,62.227083],[25.802083,62.222917]]]},"properties":{"radiance":10.47}},{"type":"Feature","geometry":{"type":"Polygon","coordinates":[[[25.80625,62.222917],[25.810417,62.222917],[25.810417,62.227083],[25.80625,62.227083],[25.80625,62.222917]]]},"properties":{"radiance":6.82}},{"type":"Feature","geometry":{"type":"Polygon","coordinates":[[[25.810417,62.222917],[25.814583,62.222917],[25.814583,62.227083],[25.810417,62.227083],[25.810417,62.222917]]]},"properties":{"radiance":7.21}},{"type":"Feature","geometry":{"type":"Polygon","coordinates":[[[25.827083,62.222917],[25.83125,62.222917],[25.83125,62.227083],[25.827083,62.227083],[25.827083,62.222917]]]},"properties":{"radiance":6.58}},{"type":"Feature","geometry":{"type":"Polygon","coordinates":[[[25.83125,62.222917],[25.835417,62.222917],[25.835417,62.227083],[25.83125,62.227083],[25.83125,62.222917]]]},"properties":{"radiance":5.43}},{"type":"Feature","geometry":{"type":"Polygon","coordinates":[[[25.847917,62.222917],[25.852083,62.222917],[25.852083,62.227083],[25.847917,62.227083],[25.847917,62.222917]]]},"properties":{"radiance":6.17}},{"type":"Feature","geometry":{"type":"Polygon","coordinates":[[[25.852083,62.222917],[25.85625,62.222917],[25.85625,62.227083],[25.852083,62.227083],[25.852083,62.222917]]]},"properties":{"radiance":6.02}},{"type":"Feature","geometry":{"type":"Polygon","coordinates":[[[25.89375,62.222917],[25.897917,62.222917],[25.897917,62.227083],[25.89375,62.227083],[25.89375,62.222917]]]},"properties":{"radiance":17.66}},{"type":"Feature","geometry":{"type":"Polygon","coordinates":[[[25.897917,62.222917],[25.902083,62.222917],[25.902083,62.227083],[25.897917,62.227083],[25.897917,62.222917]]]},"properties":{"radiance":6.33}},{"type":"Feature","geometry":{"type":"Polygon","coordinates":[[[25.652083,62.21875],[25.65625,62.21875],[25.65625,62.222917],[25.652083,62.222917],[25.652083,62.21875]]]},"properties":{"radiance":9.65}},{"type":"Feature","geometry":{"type":"Polygon","coordinates":[[[25.65625,62.21875],[25.660417,62.21875],[25.660417,62.222917],[25.65625,62.222917],[25.65625,62.21875]]]},"properties":{"radiance":12.79}},{"type":"Feature","geometry":{"type":"Polygon","coordinates":[[[25.660417,62.21875],[25.664583,62.21875],[25.664583,62.222917],[25.660417,62.222917],[25.660417,62.21875]]]},"properties":{"radiance":17.22}},{"type":"Feature","geometry":{"type":"Polygon","coordinates":[[[25.664583,62.21875],[25.66875,62.21875],[25.66875,62.222917],[25.664583,62.222917],[25.664583,62.21875]]]},"properties":{"radiance":14.54}},{"type":"Feature","geometry":{"type":"Polygon","coordinates":[[[25.66875,62.21875],[25.672917,62.21875],[25.672917,62.222917],[25.66875,62.222917],[25.66875,62.21875]]]},"properties":{"radiance":14.33}},{"type":"Feature","geometry":{"type":"Polygon","coordinates":[[[25.672917,62.21875],[25.677083,62.21875],[25.677083,62.222917],[25.672917,62.222917],[25.672917,62.21875]]]},"properties":{"radiance":9.64}},{"type":"Feature","geometry":{"type":"Polygon","coordinates":[[[25.677083,62.21875],[25.68125,62.21875],[25.68125,62.222917],[25.677083,62.222917],[25.677083,62.21875]]]},"properties":{"radiance":5.68}},{"type":"Feature","geometry":{"type":"Polygon","coordinates":[[[25.68125,62.21875],[25.685417,62.21875],[25.685417,62.222917],[25.68125,62.222917],[25.68125,62.21875]]]},"properties":{"radiance":6.22}},{"type":"Feature","geometry":{"type":"Polygon","coordinates":[[[25.685417,62.21875],[25.689583,62.21875],[25.689583,62.222917],[25.685417,62.222917],[25.685417,62.21875]]]},"properties":{"radiance":5.82}},{"type":"Feature","geometry":{"type":"Polygon","coordinates":[[[25.689583,62.21875],[25.69375,62.21875],[25.69375,62.222917],[25.689583,62.222917],[25.689583,62.21875]]]},"properties":{"radiance":8.78}},{"type":"Feature","geometry":{"type":"Polygon","coordinates":[[[25.69375,62.21875],[25.697917,62.21875],[25.697917,62.222917],[25.69375,62.222917],[25.69375,62.21875]]]},"properties":{"radiance":9.51}},{"type":"Feature","geometry":{"type":"Polygon","coordinates":[[[25.697917,62.21875],[25.702083,62.21875],[25.702083,62.222917],[25.697917,62.222917],[25.697917,62.21875]]]},"properties":{"radiance":27.38}},{"type":"Feature","geometry":{"type":"Polygon","coordinates":[[[25.702083,62.21875],[25.70625,62.21875],[25.70625,62.222917],[25.702083,62.222917],[25.702083,62.21875]]]},"properties":{"radiance":30.98}},{"type":"Feature","geometry":{"type":"Polygon","coordinates":[[[25.70625,62.21875],[25.710417,62.21875],[25.710417,62.222917],[25.70625,62.222917],[25.70625,62.21875]]]},"properties":{"radiance":45.72}},{"type":"Feature","geometry":{"type":"Polygon","coordinates":[[[25.710417,62.21875],[25.714583,62.21875],[25.714583,62.222917],[25.710417,62.222917],[25.710417,62.21875]]]},"properties":{"radiance":64.97}},{"type":"Feature","geometry":{"type":"Polygon","coordinates":[[[25.714583,62.21875],[25.71875,62.21875],[25.71875,62.222917],[25.714583,62.222917],[25.714583,62.21875]]]},"properties":{"radiance":72.41}},{"type":"Feature","geometry":{"type":"Polygon","coordinates":[[[25.71875,62.21875],[25.722917,62.21875],[25.722917,62.222917],[25.71875,62.222917],[25.71875,62.21875]]]},"properties":{"radiance":27.88}},{"type":"Feature","geometry":{"type":"Polygon","coordinates":[[[25.722917,62.21875],[25.727083,62.21875],[25.727083,62.222917],[25.722917,62.222917],[25.722917,62.21875]]]},"properties":{"radiance":27.83}},{"type":"Feature","geometry":{"type":"Polygon","coordinates":[[[25.727083,62.21875],[25.73125,62.21875],[25.73125,62.222917],[25.727083,62.222917],[25.727083,62.21875]]]},"properties":{"radiance":20.11}},{"type":"Feature","geometry":{"type":"Polygon","coordinates":[[[25.73125,62.21875],[25.735417,62.21875],[25.735417,62.222917],[25.73125,62.222917],[25.73125,62.21875]]]},"properties":{"radiance":13.75}},{"type":"Feature","geometry":{"type":"Polygon","coordinates":[[[25.735417,62.21875],[25.739583,62.21875],[25.739583,62.222917],[25.735417,62.222917],[25.735417,62.21875]]]},"properties":{"radiance":11.92}},{"type":"Feature","geometry":{"type":"Polygon","coordinates":[[[25.739583,62.21875],[25.74375,62.21875],[25.74375,62.222917],[25.739583,62.222917],[25.739583,62.21875]]]},"properties":{"radiance":10.04}},{"type":"Feature","geometry":{"type":"Polygon","coordinates":[[[25.74375,62.21875],[25.747917,62.21875],[25.747917,62.222917],[25.74375,62.222917],[25.74375,62.21875]]]},"properties":{"radiance":9.65}},{"type":"Feature","geometry":{"type":"Polygon","coordinates":[[[25.747917,62.21875],[25.752083,62.21875],[25.752083,62.222917],[25.747917,62.222917],[25.747917,62.21875]]]},"properties":{"radiance":10.44}},{"type":"Feature","geometry":{"type":"Polygon","coordinates":[[[25.752083,62.21875],[25.75625,62.21875],[25.75625,62.222917],[25.752083,62.222917],[25.752083,62.21875]]]},"properties":{"radiance":39.24}},{"type":"Feature","geometry":{"type":"Polygon","coordinates":[[[25.75625,62.21875],[25.760417,62.21875],[25.760417,62.222917],[25.75625,62.222917],[25.75625,62.21875]]]},"properties":{"radiance":50.4}},{"type":"Feature","geometry":{"type":"Polygon","coordinates":[[[25.760417,62.21875],[25.764583,62.21875],[25.764583,62.222917],[25.760417,62.222917],[25.760417,62.21875]]]},"properties":{"radiance":50.61}},{"type":"Feature","geometry":{"type":"Polygon","coordinates":[[[25.764583,62.21875],[25.76875,62.21875],[25.76875,62.222917],[25.764583,62.222917],[25.764583,62.21875]]]},"properties":{"radiance":54.36}},{"type":"Feature","geometry":{"type":"Polygon","coordinates":[[[25.76875,62.21875],[25.772917,62.21875],[25.772917,62.222917],[25.76875,62.222917],[25.76875,62.21875]]]},"properties":{"radiance":55.07}},{"type":"Feature","geometry":{"type":"Polygon","coordinates":[[[25.772917,62.21875],[25.777083,62.21875],[25.777083,62.222917],[25.772917,62.222917],[25.772917,62.21875]]]},"properties":{"radiance":52.56}},{"type":"Feature","geometry":{"type":"Polygon","coordinates":[[[25.777083,62.21875],[25.78125,62.21875],[25.78125,62.222917],[25.777083,62.222917],[25.777083,62.21875]]]},"properties":{"radiance":44.87}},{"type":"Feature","geometry":{"type":"Polygon","coordinates":[[[25.78125,62.21875],[25.785417,62.21875],[25.785417,62.222917],[25.78125,62.222917],[25.78125,62.21875]]]},"properties":{"radiance":40.02}},{"type":"Feature","geometry":{"type":"Polygon","coordinates":[[[25.785417,62.21875],[25.789583,62.21875],[25.789583,62.222917],[25.785417,62.222917],[25.785417,62.21875]]]},"properties":{"radiance":40.96}},{"type":"Feature","geometry":{"type":"Polygon","coordinates":[[[25.789583,62.21875],[25.79375,62.21875],[25.79375,62.222917],[25.789583,62.222917],[25.789583,62.21875]]]},"properties":{"radiance":39.62}},{"type":"Feature","geometry":{"type":"Polygon","coordinates":[[[25.79375,62.21875],[25.797917,62.21875],[25.797917,62.222917],[25.79375,62.222917],[25.79375,62.21875]]]},"properties":{"radiance":9.07}},{"type":"Feature","geometry":{"type":"Polygon","coordinates":[[[25.797917,62.21875],[25.802083,62.21875],[25.802083,62.222917],[25.797917,62.222917],[25.797917,62.21875]]]},"properties":{"radiance":7.81}},{"type":"Feature","geometry":{"type":"Polygon","coordinates":[[[25.802083,62.21875],[25.80625,62.21875],[25.80625,62.222917],[25.802083,62.222917],[25.802083,62.21875]]]},"properties":{"radiance":10.08}},{"type":"Feature","geometry":{"type":"Polygon","coordinates":[[[25.660417,62.214583],[25.664583,62.214583],[25.664583,62.21875],[25.660417,62.21875],[25.660417,62.214583]]]},"properties":{"radiance":9.98}},{"type":"Feature","geometry":{"type":"Polygon","coordinates":[[[25.664583,62.214583],[25.66875,62.214583],[25.66875,62.21875],[25.664583,62.21875],[25.664583,62.214583]]]},"properties":{"radiance":13.13}},{"type":"Feature","geometry":{"type":"Polygon","coordinates":[[[25.66875,62.214583],[25.672917,62.214583],[25.672917,62.21875],[25.66875,62.21875],[25.66875,62.214583]]]},"properties":{"radiance":11.59}},{"type":"Feature","geometry":{"type":"Polygon","coordinates":[[[25.672917,62.214583],[25.677083,62.214583],[25.677083,62.21875],[25.672917,62.21875],[25.672917,62.214583]]]},"properties":{"radiance":9.64}},{"type":"Feature","geometry":{"type":"Polygon","coordinates":[[[25.68125,62.214583],[25.685417,62.214583],[25.685417,62.21875],[25.68125,62.21875],[25.68125,62.214583]]]},"properties":{"radiance":7.23}},{"type":"Feature","geometry":{"type":"Polygon","coordinates":[[[25.69375,62.214583],[25.697917,62.214583],[25.697917,62.21875],[25.69375,62.21875],[25.69375,62.214583]]]},"properties":{"radiance":5.25}},{"type":"Feature","geometry":{"type":"Polygon","coordinates":[[[25.697917,62.214583],[25.702083,62.214583],[25.702083,62.21875],[25.697917,62.21875],[25.697917,62.214583]]]},"properties":{"radiance":6.52}},{"type":"Feature","geometry":{"type":"Polygon","coordinates":[[[25.702083,62.214583],[25.70625,62.214583],[25.70625,62.21875],[25.702083,62.21875],[25.702083,62.214583]]]},"properties":{"radiance":26.05}},{"type":"Feature","geometry":{"type":"Polygon","coordinates":[[[25.70625,62.214583],[25.710417,62.214583],[25.710417,62.21875],[25.70625,62.21875],[25.70625,62.214583]]]},"properties":{"radiance":37.58}},{"type":"Feature","geometry":{"type":"Polygon","coordinates":[[[25.710417,62.214583],[25.714583,62.214583],[25.714583,62.21875],[25.710417,62.21875],[25.710417,62.214583]]]},"properties":{"radiance":37.69}},{"type":"Feature","geometry":{"type":"Polygon","coordinates":[[[25.714583,62.214583],[25.71875,62.214583],[25.71875,62.21875],[25.714583,62.21875],[25.714583,62.214583]]]},"properties":{"radiance":66.34}},{"type":"Feature","geometry":{"type":"Polygon","coordinates":[[[25.71875,62.214583],[25.722917,62.214583],[25.722917,62.21875],[25.71875,62.21875],[25.71875,62.214583]]]},"properties":{"radiance":66.54}},{"type":"Feature","geometry":{"type":"Polygon","coordinates":[[[25.722917,62.214583],[25.727083,62.214583],[25.727083,62.21875],[25.722917,62.21875],[25.722917,62.214583]]]},"properties":{"radiance":26.87}},{"type":"Feature","geometry":{"type":"Polygon","coordinates":[[[25.727083,62.214583],[25.73125,62.214583],[25.73125,62.21875],[25.727083,62.21875],[25.727083,62.214583]]]},"properties":{"radiance":13.17}},{"type":"Feature","geometry":{"type":"Polygon","coordinates":[[[25.73125,62.214583],[25.735417,62.214583],[25.735417,62.21875],[25.73125,62.21875],[25.73125,62.214583]]]},"properties":{"radiance":12.23}},{"type":"Feature","geometry":{"type":"Polygon","coordinates":[[[25.735417,62.214583],[25.739583,62.214583],[25.739583,62.21875],[25.735417,62.21875],[25.735417,62.214583]]]},"properties":{"radiance":31.67}},{"type":"Feature","geometry":{"type":"Polygon","coordinates":[[[25.739583,62.214583],[25.74375,62.214583],[25.74375,62.21875],[25.739583,62.21875],[25.739583,62.214583]]]},"properties":{"radiance":26.17}},{"type":"Feature","geometry":{"type":"Polygon","coordinates":[[[25.74375,62.214583],[25.747917,62.214583],[25.747917,62.21875],[25.74375,62.21875],[25.74375,62.214583]]]},"properties":{"radiance":35.95}},{"type":"Feature","geometry":{"type":"Polygon","coordinates":[[[25.747917,62.214583],[25.752083,62.214583],[25.752083,62.21875],[25.747917,62.21875],[25.747917,62.214583]]]},"properties":{"radiance":33.89}},{"type":"Feature","geometry":{"type":"Polygon","coordinates":[[[25.752083,62.214583],[25.75625,62.214583],[25.75625,62.21875],[25.752083,62.21875],[25.752083,62.214583]]]},"properties":{"radiance":31.21}},{"type":"Feature","geometry":{"type":"Polygon","coordinates":[[[25.75625,62.214583],[25.760417,62.214583],[25.760417,62.21875],[25.75625,62.21875],[25.75625,62.214583]]]},"properties":{"radiance":29.13}},{"type":"Feature","geometry":{"type":"Polygon","coordinates":[[[25.760417,62.214583],[25.764583,62.214583],[25.764583,62.21875],[25.760417,62.21875],[25.760417,62.214583]]]},"properties":{"radiance":41.8}},{"type":"Feature","geometry":{"type":"Polygon","coordinates":[[[25.764583,62.214583],[25.76875,62.214583],[25.76875,62.21875],[25.764583,62.21875],[25.764583,62.214583]]]},"properties":{"radiance":44.75}},{"type":"Feature","geometry":{"type":"Polygon","coordinates":[[[25.76875,62.214583],[25.772917,62.214583],[25.772917,62.21875],[25.76875,62.21875],[25.76875,62.214583]]]},"properties":{"radiance":47.19}},{"type":"Feature","geometry":{"type":"Polygon","coordinates":[[[25.772917,62.214583],[25.777083,62.214583],[25.777083,62.21875],[25.772917,62.21875],[25.772917,62.214583]]]},"properties":{"radiance":46.98}},{"type":"Feature","geometry":{"type":"Polygon","coordinates":[[[25.777083,62.214583],[25.78125,62.214583],[25.78125,62.21875],[25.777083,62.21875],[25.777083,62.214583]]]},"properties":{"radiance":40.33}},{"type":"Feature","geometry":{"type":"Polygon","coordinates":[[[25.78125,62.214583],[25.785417,62.214583],[25.785417,62.21875],[25.78125,62.21875],[25.78125,62.214583]]]},"properties":{"radiance":11.09}},{"type":"Feature","geometry":{"type":"Polygon","coordinates":[[[25.785417,62.214583],[25.789583,62.214583],[25.789583,62.21875],[25.785417,62.21875],[25.785417,62.214583]]]},"properties":{"radiance":9.25}},{"type":"Feature","geometry":{"type":"Polygon","coordinates":[[[25.789583,62.214583],[25.79375,62.214583],[25.79375,62.21875],[25.789583,62.21875],[25.789583,62.214583]]]},"properties":{"radiance":6.22}},{"type":"Feature","geometry":{"type":"Polygon","coordinates":[[[25.79375,62.214583],[25.797917,62.214583],[25.797917,62.21875],[25.79375,62.21875],[25.79375,62.214583]]]},"properties":{"radiance":5.09}},{"type":"Feature","geometry":{"type":"Polygon","coordinates":[[[25.69375,62.210417],[25.697917,62.210417],[25.697917,62.214583],[25.69375,62.214583],[25.69375,62.210417]]]},"properties":{"radiance":5.13}},{"type":"Feature","geometry":{"type":"Polygon","coordinates":[[[25.702083,62.210417],[25.70625,62.210417],[25.70625,62.214583],[25.702083,62.214583],[25.702083,62.210417]]]},"properties":{"radiance":6.89}},{"type":"Feature","geometry":{"type":"Polygon","coordinates":[[[25.70625,62.210417],[25.710417,62.210417],[25.710417,62.214583],[25.70625,62.214583],[25.70625,62.210417]]]},"properties":{"radiance":13.09}},{"type":"Feature","geometry":{"type":"Polygon","coordinates":[[[25.710417,62.210417],[25.714583,62.210417],[25.714583,62.214583],[25.710417,62.214583],[25.710417,62.210417]]]},"properties":{"radiance":16.32}},{"type":"Feature","geometry":{"type":"Polygon","coordinates":[[[25.714583,62.210417],[25.71875,62.210417],[25.71875,62.214583],[25.714583,62.214583],[25.714583,62.210417]]]},"properties":{"radiance":16.39}},{"type":"Feature","geometry":{"type":"Polygon","coordinates":[[[25.71875,62.210417],[25.722917,62.210417],[25.722917,62.214583],[25.71875,62.214583],[25.71875,62.210417]]]},"properties":{"radiance":18.3}},{"type":"Feature","geometry":{"type":"Polygon","coordinates":[[[25.722917,62.210417],[25.727083,62.210417],[25.727083,62.214583],[25.722917,62.214583],[25.722917,62.210417]]]},"properties":{"radiance":6.53}},{"type":"Feature","geometry":{"type":"Polygon","coordinates":[[[25.739583,62.210417],[25.74375,62.210417],[25.74375,62.214583],[25.739583,62.214583],[25.739583,62.210417]]]},"properties":{"radiance":5.21}},{"type":"Feature","geometry":{"type":"Polygon","coordinates":[[[25.74375,62.210417],[25.747917,62.210417],[25.747917,62.214583],[25.74375,62.214583],[25.74375,62.210417]]]},"properties":{"radiance":5.93}},{"type":"Feature","geometry":{"type":"Polygon","coordinates":[[[25.747917,62.210417],[25.752083,62.210417],[25.752083,62.214583],[25.747917,62.214583],[25.747917,62.210417]]]},"properties":{"radiance":30.35}},{"type":"Feature","geometry":{"type":"Polygon","coordinates":[[[25.752083,62.210417],[25.75625,62.210417],[25.75625,62.214583],[25.752083,62.214583],[25.752083,62.210417]]]},"properties":{"radiance":6.5}},{"type":"Feature","geometry":{"type":"Polygon","coordinates":[[[25.75625,62.210417],[25.760417,62.210417],[25.760417,62.214583],[25.75625,62.214583],[25.75625,62.210417]]]},"properties":{"radiance":6.92}},{"type":"Feature","geometry":{"type":"Polygon","coordinates":[[[25.760417,62.210417],[25.764583,62.210417],[25.764583,62.214583],[25.760417,62.214583],[25.760417,62.210417]]]},"properties":{"radiance":7.21}},{"type":"Feature","geometry":{"type":"Polygon","coordinates":[[[25.764583,62.210417],[25.76875,62.210417],[25.76875,62.214583],[25.764583,62.214583],[25.764583,62.210417]]]},"properties":{"radiance":9.25}},{"type":"Feature","geometry":{"type":"Polygon","coordinates":[[[25.76875,62.210417],[25.772917,62.210417],[25.772917,62.214583],[25.76875,62.214583],[25.76875,62.210417]]]},"properties":{"radiance":8.33}},{"type":"Feature","geometry":{"type":"Polygon","coordinates":[[[25.772917,62.210417],[25.777083,62.210417],[25.777083,62.214583],[25.772917,62.214583],[25.772917,62.210417]]]},"properties":{"radiance":9.3}},{"type":"Feature","geometry":{"type":"Polygon","coordinates":[[[25.777083,62.210417],[25.78125,62.210417],[25.78125,62.214583],[25.777083,62.214583],[25.777083,62.210417]]]},"properties":{"radiance":8.81}},{"type":"Feature","geometry":{"type":"Polygon","coordinates":[[[25.78125,62.210417],[25.785417,62.210417],[25.785417,62.214583],[25.78125,62.214583],[25.78125,62.210417]]]},"properties":{"radiance":5.7}},{"type":"Feature","geometry":{"type":"Polygon","coordinates":[[[25.702083,62.20625],[25.70625,62.20625],[25.70625,62.210417],[25.702083,62.210417],[25.702083,62.20625]]]},"properties":{"radiance":6.6}},{"type":"Feature","geometry":{"type":"Polygon","coordinates":[[[25.70625,62.20625],[25.710417,62.20625],[25.710417,62.210417],[25.70625,62.210417],[25.70625,62.20625]]]},"properties":{"radiance":9.76}},{"type":"Feature","geometry":{"type":"Polygon","coordinates":[[[25.710417,62.20625],[25.714583,62.20625],[25.714583,62.210417],[25.710417,62.210417],[25.710417,62.20625]]]},"properties":{"radiance":11.01}},{"type":"Feature","geometry":{"type":"Polygon","coordinates":[[[25.714583,62.20625],[25.71875,62.20625],[25.71875,62.210417],[25.714583,62.210417],[25.714583,62.20625]]]},"properties":{"radiance":11.29}},{"type":"Feature","geometry":{"type":"Polygon","coordinates":[[[25.71875,62.20625],[25.722917,62.20625],[25.722917,62.210417],[25.71875,62.210417],[25.71875,62.20625]]]},"properties":{"radiance":8.71}},{"type":"Feature","geometry":{"type":"Polygon","coordinates":[[[25.722917,62.20625],[25.727083,62.20625],[25.727083,62.210417],[25.722917,62.210417],[25.722917,62.20625]]]},"properties":{"radiance":5.4}},{"type":"Feature","geometry":{"type":"Polygon","coordinates":[[[25.74375,62.20625],[25.747917,62.20625],[25.747917,62.210417],[25.74375,62.210417],[25.74375,62.20625]]]},"properties":{"radiance":5.65}},{"type":"Feature","geometry":{"type":"Polygon","coordinates":[[[25.747917,62.20625],[25.752083,62.20625],[25.752083,62.210417],[25.747917,62.210417],[25.747917,62.20625]]]},"properties":{"radiance":6.81}},{"type":"Feature","geometry":{"type":"Polygon","coordinates":[[[25.752083,62.20625],[25.75625,62.20625],[25.75625,62.210417],[25.752083,62.210417],[25.752083,62.20625]]]},"properties":{"radiance":6.16}},{"type":"Feature","geometry":{"type":"Polygon","coordinates":[[[25.75625,62.20625],[25.760417,62.20625],[25.760417,62.210417],[25.75625,62.210417],[25.75625,62.20625]]]},"properties":{"radiance":6.29}},{"type":"Feature","geometry":{"type":"Polygon","coordinates":[[[25.760417,62.20625],[25.764583,62.20625],[25.764583,62.210417],[25.760417,62.210417],[25.760417,62.20625]]]},"properties":{"radiance":6.15}},{"type":"Feature","geometry":{"type":"Polygon","coordinates":[[[25.764583,62.20625],[25.76875,62.20625],[25.76875,62.210417],[25.764583,62.210417],[25.764583,62.20625]]]},"properties":{"radiance":7.61}},{"type":"Feature","geometry":{"type":"Polygon","coordinates":[[[25.76875,62.20625],[25.772917,62.20625],[25.772917,62.210417],[25.76875,62.210417],[25.76875,62.20625]]]},"properties":{"radiance":6.25}},{"type":"Feature","geometry":{"type":"Polygon","coordinates":[[[25.772917,62.20625],[25.777083,62.20625],[25.777083,62.210417],[25.772917,62.210417],[25.772917,62.20625]]]},"properties":{"radiance":6.89}},{"type":"Feature","geometry":{"type":"Polygon","coordinates":[[[25.777083,62.20625],[25.78125,62.20625],[25.78125,62.210417],[25.777083,62.210417],[25.777083,62.20625]]]},"properties":{"radiance":5.54}},{"type":"Feature","geometry":{"type":"Polygon","coordinates":[[[25.697917,62.202083],[25.702083,62.202083],[25.702083,62.20625],[25.697917,62.20625],[25.697917,62.202083]]]},"properties":{"radiance":5.9}},{"type":"Feature","geometry":{"type":"Polygon","coordinates":[[[25.702083,62.202083],[25.70625,62.202083],[25.70625,62.20625],[25.702083,62.20625],[25.702083,62.202083]]]},"properties":{"radiance":6.99}},{"type":"Feature","geometry":{"type":"Polygon","coordinates":[[[25.70625,62.202083],[25.710417,62.202083],[25.710417,62.20625],[25.70625,62.20625],[25.70625,62.202083]]]},"properties":{"radiance":9.3}},{"type":"Feature","geometry":{"type":"Polygon","coordinates":[[[25.710417,62.202083],[25.714583,62.202083],[25.714583,62.20625],[25.710417,62.20625],[25.710417,62.202083]]]},"properties":{"radiance":9.99}},{"type":"Feature","geometry":{"type":"Polygon","coordinates":[[[25.714583,62.202083],[25.71875,62.202083],[25.71875,62.20625],[25.714583,62.20625],[25.714583,62.202083]]]},"properties":{"radiance":8.88}},{"type":"Feature","geometry":{"type":"Polygon","coordinates":[[[25.71875,62.202083],[25.722917,62.202083],[25.722917,62.20625],[25.71875,62.20625],[25.71875,62.202083]]]},"properties":{"radiance":7.81}},{"type":"Feature","geometry":{"type":"Polygon","coordinates":[[[25.747917,62.202083],[25.752083,62.202083],[25.752083,62.20625],[25.747917,62.20625],[25.747917,62.202083]]]},"properties":{"radiance":5.79}},{"type":"Feature","geometry":{"type":"Polygon","coordinates":[[[25.69375,62.197917],[25.697917,62.197917],[25.697917,62.202083],[25.69375,62.202083],[25.69375,62.197917]]]},"properties":{"radiance":7.33}},{"type":"Feature","geometry":{"type":"Polygon","coordinates":[[[25.697917,62.197917],[25.702083,62.197917],[25.702083,62.202083],[25.697917,62.202083],[25.697917,62.197917]]]},"properties":{"radiance":6.95}},{"type":"Feature","geometry":{"type":"Polygon","coordinates":[[[25.702083,62.197917],[25.70625,62.197917],[25.70625,62.202083],[25.702083,62.202083],[25.702083,62.197917]]]},"properties":{"radiance":6.99}},{"type":"Feature","geometry":{"type":"Polygon","coordinates":[[[25.70625,62.197917],[25.710417,62.197917],[25.710417,62.202083],[25.70625,62.202083],[25.70625,62.197917]]]},"properties":{"radiance":9.8}},{"type":"Feature","geometry":{"type":"Polygon","coordinates":[[[25.710417,62.197917],[25.714583,62.197917],[25.714583,62.202083],[25.710417,62.202083],[25.710417,62.197917]]]},"properties":{"radiance":8.26}},{"type":"Feature","geometry":{"type":"Polygon","coordinates":[[[25.714583,62.197917],[25.71875,62.197917],[25.71875,62.202083],[25.714583,62.202083],[25.714583,62.197917]]]},"properties":{"radiance":7.68}},{"type":"Feature","geometry":{"type":"Polygon","coordinates":[[[25.71875,62.197917],[25.722917,62.197917],[25.722917,62.202083],[25.71875,62.202083],[25.71875,62.197917]]]},"properties":{"radiance":7.34}},{"type":"Feature","geometry":{"type":"Polygon","coordinates":[[[25.722917,62.197917],[25.727083,62.197917],[25.727083,62.202083],[25.722917,62.202083],[25.722917,62.197917]]]},"properties":{"radiance":7.85}},{"type":"Feature","geometry":{"type":"Polygon","coordinates":[[[25.727083,62.197917],[25.73125,62.197917],[25.73125,62.202083],[25.727083,62.202083],[25.727083,62.197917]]]},"properties":{"radiance":17.35}},{"type":"Feature","geometry":{"type":"Polygon","coordinates":[[[25.73125,62.197917],[25.735417,62.197917],[25.735417,62.202083],[25.73125,62.202083],[25.73125,62.197917]]]},"properties":{"radiance":11.68}},{"type":"Feature","geometry":{"type":"Polygon","coordinates":[[[25.735417,62.197917],[25.739583,62.197917],[25.739583,62.202083],[25.735417,62.202083],[25.735417,62.197917]]]},"properties":{"radiance":19.06}},{"type":"Feature","geometry":{"type":"Polygon","coordinates":[[[25.739583,62.197917],[25.74375,62.197917],[25.74375,62.202083],[25.739583,62.202083],[25.739583,62.197917]]]},"properties":{"radiance":8.58}},{"type":"Feature","geometry":{"type":"Polygon","coordinates":[[[25.685417,62.19375],[25.689583,62.19375],[25.689583,62.197917],[25.685417,62.197917],[25.685417,62.19375]]]},"properties":{"radiance":7.61}},{"type":"Feature","geometry":{"type":"Polygon","coordinates":[[[25.689583,62.19375],[25.69375,62.19375],[25.69375,62.197917],[25.689583,62.197917],[25.689583,62.19375]]]},"properties":{"radiance":11.7}},{"type":"Feature","geometry":{"type":"Polygon","coordinates":[[[25.69375,62.19375],[25.697917,62.19375],[25.697917,62.197917],[25.69375,62.197917],[25.69375,62.19375]]]},"properties":{"radiance":12.4}},{"type":"Feature","geometry":{"type":"Polygon","coordinates":[[[25.697917,62.19375],[25.702083,62.19375],[25.702083,62.197917],[25.697917,62.197917],[25.697917,62.19375]]]},"properties":{"radiance":15.16}},{"type":"Feature","geometry":{"type":"Polygon","coordinates":[[[25.702083,62.19375],[25.70625,62.19375],[25.70625,62.197917],[25.702083,62.197917],[25.702083,62.19375]]]},"properties":{"radiance":14.2}},{"type":"Feature","geometry":{"type":"Polygon","coordinates":[[[25.70625,62.19375],[25.710417,62.19375],[25.710417,62.197917],[25.70625,62.197917],[25.70625,62.19375]]]},"properties":{"radiance":13.4}},{"type":"Feature","geometry":{"type":"Polygon","coordinates":[[[25.710417,62.19375],[25.714583,62.19375],[25.714583,62.197917],[25.710417,62.197917],[25.710417,62.19375]]]},"properties":{"radiance":11.37}},{"type":"Feature","geometry":{"type":"Polygon","coordinates":[[[25.714583,62.19375],[25.71875,62.19375],[25.71875,62.197917],[25.714583,62.197917],[25.714583,62.19375]]]},"properties":{"radiance":10.37}},{"type":"Feature","geometry":{"type":"Polygon","coordinates":[[[25.71875,62.19375],[25.722917,62.19375],[25.722917,62.197917],[25.71875,62.197917],[25.71875,62.19375]]]},"properties":{"radiance":10.87}},{"type":"Feature","geometry":{"type":"Polygon","coordinates":[[[25.722917,62.19375],[25.727083,62.19375],[25.727083,62.197917],[25.722917,62.197917],[25.722917,62.19375]]]},"properties":{"radiance":16.64}},{"type":"Feature","geometry":{"type":"Polygon","coordinates":[[[25.727083,62.19375],[25.73125,62.19375],[25.73125,62.197917],[25.727083,62.197917],[25.727083,62.19375]]]},"properties":{"radiance":16.22}},{"type":"Feature","geometry":{"type":"Polygon","coordinates":[[[25.73125,62.19375],[25.735417,62.19375],[25.735417,62.197917],[25.73125,62.197917],[25.73125,62.19375]]]},"properties":{"radiance":17.4}},{"type":"Feature","geometry":{"type":"Polygon","coordinates":[[[25.735417,62.19375],[25.739583,62.19375],[25.739583,62.197917],[25.735417,62.197917],[25.735417,62.19375]]]},"properties":{"radiance":16.2}},{"type":"Feature","geometry":{"type":"Polygon","coordinates":[[[25.739583,62.19375],[25.74375,62.19375],[25.74375,62.197917],[25.739583,62.197917],[25.739583,62.19375]]]},"properties":{"radiance":10.17}},{"type":"Feature","geometry":{"type":"Polygon","coordinates":[[[25.897917,62.19375],[25.902083,62.19375],[25.902083,62.197917],[25.897917,62.197917],[25.897917,62.19375]]]},"properties":{"radiance":5.22}},{"type":"Feature","geometry":{"type":"Polygon","coordinates":[[[25.677083,62.189583],[25.68125,62.189583],[25.68125,62.19375],[25.677083,62.19375],[25.677083,62.189583]]]},"properties":{"radiance":10.01}},{"type":"Feature","geometry":{"type":"Polygon","coordinates":[[[25.68125,62.189583],[25.685417,62.189583],[25.685417,62.19375],[25.68125,62.19375],[25.68125,62.189583]]]},"properties":{"radiance":14.86}},{"type":"Feature","geometry":{"type":"Polygon","coordinates":[[[25.685417,62.189583],[25.689583,62.189583],[25.689583,62.19375],[25.685417,62.19375],[25.685417,62.189583]]]},"properties":{"radiance":18.45}},{"type":"Feature","geometry":{"type":"Polygon","coordinates":[[[25.689583,62.189583],[25.69375,62.189583],[25.69375,62.19375],[25.689583,62.19375],[25.689583,62.189583]]]},"properties":{"radiance":47.94}},{"type":"Feature","geometry":{"type":"Polygon","coordinates":[[[25.69375,62.189583],[25.697917,62.189583],[25.697917,62.19375],[25.69375,62.19375],[25.69375,62.189583]]]},"properties":{"radiance":62.84}},{"type":"Feature","geometry":{"type":"Polygon","coordinates":[[[25.697917,62.189583],[25.702083,62.189583],[25.702083,62.19375],[25.697917,62.19375],[25.697917,62.189583]]]},"properties":{"radiance":40.34}},{"type":"Feature","geometry":{"type":"Polygon","coordinates":[[[25.702083,62.189583],[25.70625,62.189583],[25.70625,62.19375],[25.702083,62.19375],[25.702083,62.189583]]]},"properties":{"radiance":18.8}},{"type":"Feature","geometry":{"type":"Polygon","coordinates":[[[25.70625,62.189583],[25.710417,62.189583],[25.710417,62.19375],[25.70625,62.19375],[25.70625,62.189583]]]},"properties":{"radiance":17.36}},{"type":"Feature","geometry":{"type":"Polygon","coordinates":[[[25.710417,62.189583],[25.714583,62.189583],[25.714583,62.19375],[25.710417,62.19375],[25.710417,62.189583]]]},"properties":{"radiance":13.28}},{"type":"Feature","geometry":{"type":"Polygon","coordinates":[[[25.714583,62.189583],[25.71875,62.189583],[25.71875,62.19375],[25.714583,62.19375],[25.714583,62.189583]]]},"properties":{"radiance":9.3}},{"type":"Feature","geometry":{"type":"Polygon","coordinates":[[[25.71875,62.189583],[25.722917,62.189583],[25.722917,62.19375],[25.71875,62.19375],[25.71875,62.189583]]]},"properties":{"radiance":7.92}},{"type":"Feature","geometry":{"type":"Polygon","coordinates":[[[25.73125,62.189583],[25.735417,62.189583],[25.735417,62.19375],[25.73125,62.19375],[25.73125,62.189583]]]},"properties":{"radiance":10.37}},{"type":"Feature","geometry":{"type":"Polygon","coordinates":[[[25.735417,62.189583],[25.739583,62.189583],[25.739583,62.19375],[25.735417,62.19375],[25.735417,62.189583]]]},"properties":{"radiance":7.26}},{"type":"Feature","geometry":{"type":"Polygon","coordinates":[[[25.739583,62.189583],[25.74375,62.189583],[25.74375,62.19375],[25.739583,62.19375],[25.739583,62.189583]]]},"properties":{"radiance":7.27}},{"type":"Feature","geometry":{"type":"Polygon","coordinates":[[[25.897917,62.189583],[25.902083,62.189583],[25.902083,62.19375],[25.897917,62.19375],[25.897917,62.189583]]]},"properties":{"radiance":5.58}},{"type":"Feature","geometry":{"type":"Polygon","coordinates":[[[25.902083,62.189583],[25.90625,62.189583],[25.90625,62.19375],[25.902083,62.19375],[25.902083,62.189583]]]},"properties":{"radiance":5.21}},{"type":"Feature","geometry":{"type":"Polygon","coordinates":[[[25.677083,62.185417],[25.68125,62.185417],[25.68125,62.189583],[25.677083,62.189583],[25.677083,62.185417]]]},"properties":{"radiance":12.03}},{"type":"Feature","geometry":{"type":"Polygon","coordinates":[[[25.68125,62.185417],[25.685417,62.185417],[25.685417,62.189583],[25.68125,62.189583],[25.68125,62.185417]]]},"properties":{"radiance":18.19}},{"type":"Feature","geometry":{"type":"Polygon","coordinates":[[[25.685417,62.185417],[25.689583,62.185417],[25.689583,62.189583],[25.685417,62.189583],[25.685417,62.185417]]]},"properties":{"radiance":20.68}},{"type":"Feature","geometry":{"type":"Polygon","coordinates":[[[25.689583,62.185417],[25.69375,62.185417],[25.69375,62.189583],[25.689583,62.189583],[25.689583,62.185417]]]},"properties":{"radiance":20.14}},{"type":"Feature","geometry":{"type":"Polygon","coordinates":[[[25.69375,62.185417],[25.697917,62.185417],[25.697917,62.189583],[25.69375,62.189583],[25.69375,62.185417]]]},"properties":{"radiance":13.86}},{"type":"Feature","geometry":{"type":"Polygon","coordinates":[[[25.697917,62.185417],[25.702083,62.185417],[25.702083,62.189583],[25.697917,62.189583],[25.697917,62.185417]]]},"properties":{"radiance":12.41}},{"type":"Feature","geometry":{"type":"Polygon","coordinates":[[[25.702083,62.185417],[25.70625,62.185417],[25.70625,62.189583],[25.702083,62.189583],[25.702083,62.185417]]]},"properties":{"radiance":9.43}},{"type":"Feature","geometry":{"type":"Polygon","coordinates":[[[25.70625,62.185417],[25.710417,62.185417],[25.710417,62.189583],[25.70625,62.189583],[25.70625,62.185417]]]},"properties":{"radiance":11.28}},{"type":"Feature","geometry":{"type":"Polygon","coordinates":[[[25.710417,62.185417],[25.714583,62.185417],[25.714583,62.189583],[25.710417,62.189583],[25.710417,62.185417]]]},"properties":{"radiance":10.5}},{"type":"Feature","geometry":{"type":"Polygon","coordinates":[[[25.714583,62.185417],[25.71875,62.185417],[25.71875,62.189583],[25.714583,62.189583],[25.714583,62.185417]]]},"properties":{"radiance":6.4}},{"type":"Feature","geometry":{"type":"Polygon","coordinates":[[[25.71875,62.185417],[25.722917,62.185417],[25.722917,62.189583],[25.71875,62.189583],[25.71875,62.185417]]]},"properties":{"radiance":5.16}},{"type":"Feature","geometry":{"type":"Polygon","coordinates":[[[25.722917,62.185417],[25.727083,62.185417],[25.727083,62.189583],[25.722917,62.189583],[25.722917,62.185417]]]},"properties":{"radiance":5.8}},{"type":"Feature","geometry":{"type":"Polygon","coordinates":[[[25.727083,62.185417],[25.73125,62.185417],[25.73125,62.189583],[25.727083,62.189583],[25.727083,62.185417]]]},"properties":{"radiance":5.02}},{"type":"Feature","geometry":{"type":"Polygon","coordinates":[[[25.672917,62.18125],[25.677083,62.18125],[25.677083,62.185417],[25.672917,62.185417],[25.672917,62.18125]]]},"properties":{"radiance":8.83}},{"type":"Feature","geometry":{"type":"Polygon","coordinates":[[[25.677083,62.18125],[25.68125,62.18125],[25.68125,62.185417],[25.677083,62.185417],[25.677083,62.18125]]]},"properties":{"radiance":10.98}},{"type":"Feature","geometry":{"type":"Polygon","coordinates":[[[25.68125,62.18125],[25.685417,62.18125],[25.685417,62.185417],[25.68125,62.185417],[25.68125,62.18125]]]},"properties":{"radiance":11.71}},{"type":"Feature","geometry":{"type":"Polygon","coordinates":[[[25.685417,62.18125],[25.689583,62.18125],[25.689583,62.185417],[25.685417,62.185417],[25.685417,62.18125]]]},"properties":{"radiance":9.74}},{"type":"Feature","geometry":{"type":"Polygon","coordinates":[[[25.697917,62.18125],[25.702083,62.18125],[25.702083,62.185417],[25.697917,62.185417],[25.697917,62.18125]]]},"properties":{"radiance":5.41}},{"type":"Feature","geometry":{"type":"Polygon","coordinates":[[[25.702083,62.18125],[25.70625,62.18125],[25.70625,62.185417],[25.702083,62.185417],[25.702083,62.18125]]]},"properties":{"radiance":6.56}},{"type":"Feature","geometry":{"type":"Polygon","coordinates":[[[25.70625,62.18125],[25.710417,62.18125],[25.710417,62.185417],[25.70625,62.185417],[25.70625,62.18125]]]},"properties":{"radiance":6.51}},{"type":"Feature","geometry":{"type":"Polygon","coordinates":[[[25.710417,62.18125],[25.714583,62.18125],[25.714583,62.185417],[25.710417,62.185417],[25.710417,62.18125]]]},"properties":{"radiance":6.9}},{"type":"Feature","geometry":{"type":"Polygon","coordinates":[[[25.714583,62.18125],[25.71875,62.18125],[25.71875,62.185417],[25.714583,62.185417],[25.714583,62.18125]]]},"properties":{"radiance":6.91}},{"type":"Feature","geometry":{"type":"Polygon","coordinates":[[[25.71875,62.18125],[25.722917,62.18125],[25.722917,62.185417],[25.71875,62.185417],[25.71875,62.18125]]]},"properties":{"radiance":7.86}},{"type":"Feature","geometry":{"type":"Polygon","coordinates":[[[25.722917,62.18125],[25.727083,62.18125],[25.727083,62.185417],[25.722917,62.185417],[25.722917,62.18125]]]},"properties":{"radiance":7.06}},{"type":"Feature","geometry":{"type":"Polygon","coordinates":[[[25.727083,62.18125],[25.73125,62.18125],[25.73125,62.185417],[25.727083,62.185417],[25.727083,62.18125]]]},"properties":{"radiance":7.34}},{"type":"Feature","geometry":{"type":"Polygon","coordinates":[[[25.73125,62.18125],[25.735417,62.18125],[25.735417,62.185417],[25.73125,62.185417],[25.73125,62.18125]]]},"properties":{"radiance":6.5}},{"type":"Feature","geometry":{"type":"Polygon","coordinates":[[[25.735417,62.18125],[25.739583,62.18125],[25.739583,62.185417],[25.735417,62.185417],[25.735417,62.18125]]]},"properties":{"radiance":5.84}},{"type":"Feature","geometry":{"type":"Polygon","coordinates":[[[25.714583,62.177083],[25.71875,62.177083],[25.71875,62.18125],[25.714583,62.18125],[25.714583,62.177083]]]},"properties":{"radiance":5.96}},{"type":"Feature","geometry":{"type":"Polygon","coordinates":[[[25.73125,62.177083],[25.735417,62.177083],[25.735417,62.18125],[25.73125,62.18125],[25.73125,62.177083]]]},"properties":{"radiance":5.19}},{"type":"Feature","geometry":{"type":"Polygon","coordinates":[[[25.664583,62.147917],[25.66875,62.147917],[25.66875,62.152083],[25.664583,62.152083],[25.664583,62.147917]]]},"properties":{"radiance":5.27}},{"type":"Feature","geometry":{"type":"Polygon","coordinates":[[[25.66875,62.147917],[25.672917,62.147917],[25.672917,62.152083],[25.66875,62.152083],[25.66875,62.147917]]]},"properties":{"radiance":5.89}},{"type":"Feature","geometry":{"type":"Polygon","coordinates":[[[25.672917,62.147917],[25.677083,62.147917],[25.677083,62.152083],[25.672917,62.152083],[25.672917,62.147917]]]},"properties":{"radiance":6.8}},{"type":"Feature","geometry":{"type":"Polygon","coordinates":[[[25.677083,62.147917],[25.68125,62.147917],[25.68125,62.152083],[25.677083,62.152083],[25.677083,62.147917]]]},"properties":{"radiance":6.43}},{"type":"Feature","geometry":{"type":"Polygon","coordinates":[[[25.664583,62.14375],[25.66875,62.14375],[25.66875,62.147917],[25.664583,62.147917],[25.664583,62.14375]]]},"properties":{"radiance":6}},{"type":"Feature","geometry":{"type":"Polygon","coordinates":[[[25.66875,62.14375],[25.672917,62.14375],[25.672917,62.147917],[25.66875,62.147917],[25.66875,62.14375]]]},"properties":{"radiance":7.52}},{"type":"Feature","geometry":{"type":"Polygon","coordinates":[[[25.672917,62.14375],[25.677083,62.14375],[25.677083,62.147917],[25.672917,62.147917],[25.672917,62.14375]]]},"properties":{"radiance":6.54}},{"type":"Feature","geometry":{"type":"Polygon","coordinates":[[[25.677083,62.14375],[25.68125,62.14375],[25.68125,62.147917],[25.677083,62.147917],[25.677083,62.14375]]]},"properties":{"radiance":5.71}},{"type":"Feature","geometry":{"type":"Polygon","coordinates":[[[25.760417,62.14375],[25.764583,62.14375],[25.764583,62.147917],[25.760417,62.147917],[25.760417,62.14375]]]},"properties":{"radiance":7.31}},{"type":"Feature","geometry":{"type":"Polygon","coordinates":[[[25.764583,62.14375],[25.76875,62.14375],[25.76875,62.147917],[25.764583,62.147917],[25.764583,62.14375]]]},"properties":{"radiance":7.45}},{"type":"Feature","geometry":{"type":"Polygon","coordinates":[[[25.76875,62.14375],[25.772917,62.14375],[25.772917,62.147917],[25.76875,62.147917],[25.76875,62.14375]]]},"properties":{"radiance":7.83}},{"type":"Feature","geometry":{"type":"Polygon","coordinates":[[[25.65625,62.139583],[25.660417,62.139583],[25.660417,62.14375],[25.65625,62.14375],[25.65625,62.139583]]]},"properties":{"radiance":7}},{"type":"Feature","geometry":{"type":"Polygon","coordinates":[[[25.660417,62.139583],[25.664583,62.139583],[25.664583,62.14375],[25.660417,62.14375],[25.660417,62.139583]]]},"properties":{"radiance":8.72}},{"type":"Feature","geometry":{"type":"Polygon","coordinates":[[[25.664583,62.139583],[25.66875,62.139583],[25.66875,62.14375],[25.664583,62.14375],[25.664583,62.139583]]]},"properties":{"radiance":6.59}},{"type":"Feature","geometry":{"type":"Polygon","coordinates":[[[25.66875,62.139583],[25.672917,62.139583],[25.672917,62.14375],[25.66875,62.14375],[25.66875,62.139583]]]},"properties":{"radiance":12.29}},{"type":"Feature","geometry":{"type":"Polygon","coordinates":[[[25.672917,62.139583],[25.677083,62.139583],[25.677083,62.14375],[25.672917,62.14375],[25.672917,62.139583]]]},"properties":{"radiance":5.99}},{"type":"Feature","geometry":{"type":"Polygon","coordinates":[[[25.73125,62.139583],[25.735417,62.139583],[25.735417,62.14375],[25.73125,62.14375],[25.73125,62.139583]]]},"properties":{"radiance":5.87}},{"type":"Feature","geometry":{"type":"Polygon","coordinates":[[[25.735417,62.139583],[25.739583,62.139583],[25.739583,62.14375],[25.735417,62.14375],[25.735417,62.139583]]]},"properties":{"radiance":6.27}},{"type":"Feature","geometry":{"type":"Polygon","coordinates":[[[25.739583,62.139583],[25.74375,62.139583],[25.74375,62.14375],[25.739583,62.14375],[25.739583,62.139583]]]},"properties":{"radiance":5.8}},{"type":"Feature","geometry":{"type":"Polygon","coordinates":[[[25.75625,62.139583],[25.760417,62.139583],[25.760417,62.14375],[25.75625,62.14375],[25.75625,62.139583]]]},"properties":{"radiance":6}},{"type":"Feature","geometry":{"type":"Polygon","coordinates":[[[25.760417,62.139583],[25.764583,62.139583],[25.764583,62.14375],[25.760417,62.14375],[25.760417,62.139583]]]},"properties":{"radiance":6.38}},{"type":"Feature","geometry":{"type":"Polygon","coordinates":[[[25.764583,62.139583],[25.76875,62.139583],[25.76875,62.14375],[25.764583,62.14375],[25.764583,62.139583]]]},"properties":{"radiance":8.49}},{"type":"Feature","geometry":{"type":"Polygon","coordinates":[[[25.76875,62.139583],[25.772917,62.139583],[25.772917,62.14375],[25.76875,62.14375],[25.76875,62.139583]]]},"properties":{"radiance":7.95}},{"type":"Feature","geometry":{"type":"Polygon","coordinates":[[[25.772917,62.139583],[25.777083,62.139583],[25.777083,62.14375],[25.772917,62.14375],[25.772917,62.139583]]]},"properties":{"radiance":6.48}},{"type":"Feature","geometry":{"type":"Polygon","coordinates":[[[25.65625,62.135417],[25.660417,62.135417],[25.660417,62.139583],[25.65625,62.139583],[25.65625,62.135417]]]},"properties":{"radiance":11.67}},{"type":"Feature","geometry":{"type":"Polygon","coordinates":[[[25.660417,62.135417],[25.664583,62.135417],[25.664583,62.139583],[25.660417,62.139583],[25.660417,62.135417]]]},"properties":{"radiance":7.28}},{"type":"Feature","geometry":{"type":"Polygon","coordinates":[[[25.664583,62.135417],[25.66875,62.135417],[25.66875,62.139583],[25.664583,62.139583],[25.664583,62.135417]]]},"properties":{"radiance":14.07}},{"type":"Feature","geometry":{"type":"Polygon","coordinates":[[[25.66875,62.135417],[25.672917,62.135417],[25.672917,62.139583],[25.66875,62.139583],[25.66875,62.135417]]]},"properties":{"radiance":16.43}},{"type":"Feature","geometry":{"type":"Polygon","coordinates":[[[25.672917,62.135417],[25.677083,62.135417],[25.677083,62.139583],[25.672917,62.139583],[25.672917,62.135417]]]},"properties":{"radiance":15.04}},{"type":"Feature","geometry":{"type":"Polygon","coordinates":[[[25.677083,62.135417],[25.68125,62.135417],[25.68125,62.139583],[25.677083,62.139583],[25.677083,62.135417]]]},"properties":{"radiance":11.69}},{"type":"Feature","geometry":{"type":"Polygon","coordinates":[[[25.75625,62.135417],[25.760417,62.135417],[25.760417,62.139583],[25.75625,62.139583],[25.75625,62.135417]]]},"properties":{"radiance":7.45}},{"type":"Feature","geometry":{"type":"Polygon","coordinates":[[[25.760417,62.135417],[25.764583,62.135417],[25.764583,62.139583],[25.760417,62.139583],[25.760417,62.135417]]]},"properties":{"radiance":8.54}},{"type":"Feature","geometry":{"type":"Polygon","coordinates":[[[25.764583,62.135417],[25.76875,62.135417],[25.76875,62.139583],[25.764583,62.139583],[25.764583,62.135417]]]},"properties":{"radiance":8.19}},{"type":"Feature","geometry":{"type":"Polygon","coordinates":[[[25.76875,62.135417],[25.772917,62.135417],[25.772917,62.139583],[25.76875,62.139583],[25.76875,62.135417]]]},"properties":{"radiance":5.03}},{"type":"Feature","geometry":{"type":"Polygon","coordinates":[[[25.772917,62.135417],[25.777083,62.135417],[25.777083,62.139583],[25.772917,62.139583],[25.772917,62.135417]]]},"properties":{"radiance":6.15}},{"type":"Feature","geometry":{"type":"Polygon","coordinates":[[[25.65625,62.13125],[25.660417,62.13125],[25.660417,62.135417],[25.65625,62.135417],[25.65625,62.13125]]]},"properties":{"radiance":6.49}},{"type":"Feature","geometry":{"type":"Polygon","coordinates":[[[25.660417,62.13125],[25.664583,62.13125],[25.664583,62.135417],[25.660417,62.135417],[25.660417,62.13125]]]},"properties":{"radiance":11.56}},{"type":"Feature","geometry":{"type":"Polygon","coordinates":[[[25.664583,62.13125],[25.66875,62.13125],[25.66875,62.135417],[25.664583,62.135417],[25.664583,62.13125]]]},"properties":{"radiance":13.13}},{"type":"Feature","geometry":{"type":"Polygon","coordinates":[[[25.66875,62.13125],[25.672917,62.13125],[25.672917,62.135417],[25.66875,62.135417],[25.66875,62.13125]]]},"properties":{"radiance":16.08}},{"type":"Feature","geometry":{"type":"Polygon","coordinates":[[[25.672917,62.13125],[25.677083,62.13125],[25.677083,62.135417],[25.672917,62.135417],[25.672917,62.13125]]]},"properties":{"radiance":16.04}},{"type":"Feature","geometry":{"type":"Polygon","coordinates":[[[25.677083,62.13125],[25.68125,62.13125],[25.68125,62.135417],[25.677083,62.135417],[25.677083,62.13125]]]},"properties":{"radiance":10.61}},{"type":"Feature","geometry":{"type":"Polygon","coordinates":[[[25.760417,62.13125],[25.764583,62.13125],[25.764583,62.135417],[25.760417,62.135417],[25.760417,62.13125]]]},"properties":{"radiance":5.05}},{"type":"Feature","geometry":{"type":"Polygon","coordinates":[[[25.764583,62.13125],[25.76875,62.13125],[25.76875,62.135417],[25.764583,62.135417],[25.764583,62.13125]]]},"properties":{"radiance":6.59}},{"type":"Feature","geometry":{"type":"Polygon","coordinates":[[[25.65625,62.127083],[25.660417,62.127083],[25.660417,62.13125],[25.65625,62.13125],[25.65625,62.127083]]]},"properties":{"radiance":5.29}},{"type":"Feature","geometry":{"type":"Polygon","coordinates":[[[25.660417,62.127083],[25.664583,62.127083],[25.664583,62.13125],[25.660417,62.13125],[25.660417,62.127083]]]},"properties":{"radiance":5.03}},{"type":"Feature","geometry":{"type":"Polygon","coordinates":[[[25.664583,62.127083],[25.66875,62.127083],[25.66875,62.13125],[25.664583,62.13125],[25.664583,62.127083]]]},"properties":{"radiance":8.47}},{"type":"Feature","geometry":{"type":"Polygon","coordinates":[[[25.66875,62.127083],[25.672917,62.127083],[25.672917,62.13125],[25.66875,62.13125],[25.66875,62.127083]]]},"properties":{"radiance":9.27}},{"type":"Feature","geometry":{"type":"Polygon","coordinates":[[[25.672917,62.127083],[25.677083,62.127083],[25.677083,62.13125],[25.672917,62.13125],[25.672917,62.127083]]]},"properties":{"radiance":6.93}},{"type":"Feature","geometry":{"type":"Polygon","coordinates":[[[25.677083,62.127083],[25.68125,62.127083],[25.68125,62.13125],[25.677083,62.13125],[25.677083,62.127083]]]},"properties":{"radiance":8.12}},{"type":"Feature","geometry":{"type":"Polygon","coordinates":[[[25.639583,62.10625],[25.64375,62.10625],[25.64375,62.110417],[25.639583,62.110417],[25.639583,62.10625]]]},"properties":{"radiance":5.38}},{"type":"Feature","geometry":{"type":"Polygon","coordinates":[[[25.64375,62.10625],[25.647917,62.10625],[25.647917,62.110417],[25.64375,62.110417],[25.64375,62.10625]]]},"properties":{"radiance":5.49}},{"type":"Feature","geometry":{"type":"Polygon","coordinates":[[[25.647917,62.10625],[25.652083,62.10625],[25.652083,62.110417],[25.647917,62.110417],[25.647917,62.10625]]]},"properties":{"radiance":5.02}},{"type":"Feature","geometry":{"type":"Polygon","coordinates":[[[25.64375,62.102083],[25.647917,62.102083],[25.647917,62.10625],[25.64375,62.10625],[25.64375,62.102083]]]},"properties":{"radiance":5.2}},{"type":"Feature","geometry":{"type":"Polygon","coordinates":[[[25.614583,62.089583],[25.61875,62.089583],[25.61875,62.09375],[25.614583,62.09375],[25.614583,62.089583]]]},"properties":{"radiance":5.73}},{"type":"Feature","geometry":{"type":"Polygon","coordinates":[[[25.61875,62.089583],[25.622917,62.089583],[25.622917,62.09375],[25.61875,62.09375],[25.61875,62.089583]]]},"properties":{"radiance":6.65}},{"type":"Feature","geometry":{"type":"Polygon","coordinates":[[[25.61875,62.085417],[25.622917,62.085417],[25.622917,62.089583],[25.61875,62.089583],[25.61875,62.085417]]]},"properties":{"radiance":5.24}},{"type":"Feature","geometry":{"type":"Polygon","coordinates":[[[26.035417,62.072917],[26.039583,62.072917],[26.039583,62.077083],[26.035417,62.077083],[26.035417,62.072917]]]},"properties":{"radiance":6.06}},{"type":"Feature","geometry":{"type":"Polygon","coordinates":[[[26.635417,62.010417],[26.639583,62.010417],[26.639583,62.014583],[26.635417,62.014583],[26.635417,62.010417]]]},"properties":{"radiance":6.08}},{"type":"Feature","geometry":{"type":"Polygon","coordinates":[[[26.639583,62.010417],[26.64375,62.010417],[26.64375,62.014583],[26.639583,62.014583],[26.639583,62.010417]]]},"properties":{"radiance":5.72}},{"type":"Feature","geometry":{"type":"Polygon","coordinates":[[[26.64375,62.010417],[26.647917,62.010417],[26.647917,62.014583],[26.64375,62.014583],[26.64375,62.010417]]]},"properties":{"radiance":7.12}},{"type":"Feature","geometry":{"type":"Polygon","coordinates":[[[26.647917,62.010417],[26.652083,62.010417],[26.652083,62.014583],[26.647917,62.014583],[26.647917,62.010417]]]},"properties":{"radiance":5.53}},{"type":"Feature","geometry":{"type":"Polygon","coordinates":[[[26.635417,62.00625],[26.639583,62.00625],[26.639583,62.010417],[26.635417,62.010417],[26.635417,62.00625]]]},"properties":{"radiance":5.54}},{"type":"Feature","geometry":{"type":"Polygon","coordinates":[[[26.639583,62.00625],[26.64375,62.00625],[26.64375,62.010417],[26.639583,62.010417],[26.639583,62.00625]]]},"properties":{"radiance":13.13}},{"type":"Feature","geometry":{"type":"Polygon","coordinates":[[[26.64375,62.00625],[26.647917,62.00625],[26.647917,62.010417],[26.64375,62.010417],[26.64375,62.00625]]]},"properties":{"radiance":11.55}},{"type":"Feature","geometry":{"type":"Polygon","coordinates":[[[26.647917,62.00625],[26.652083,62.00625],[26.652083,62.010417],[26.647917,62.010417],[26.647917,62.00625]]]},"properties":{"radiance":13.31}},{"type":"Feature","geometry":{"type":"Polygon","coordinates":[[[26.652083,62.00625],[26.65625,62.00625],[26.65625,62.010417],[26.652083,62.010417],[26.652083,62.00625]]]},"properties":{"radiance":11.32}},{"type":"Feature","geometry":{"type":"Polygon","coordinates":[[[26.65625,62.00625],[26.660417,62.00625],[26.660417,62.010417],[26.65625,62.010417],[26.65625,62.00625]]]},"properties":{"radiance":7.54}},{"type":"Feature","geometry":{"type":"Polygon","coordinates":[[[26.660417,62.00625],[26.664583,62.00625],[26.664583,62.010417],[26.660417,62.010417],[26.660417,62.00625]]]},"properties":{"radiance":5.45}},{"type":"Feature","geometry":{"type":"Polygon","coordinates":[[[26.64375,62.002083],[26.647917,62.002083],[26.647917,62.00625],[26.64375,62.00625],[26.64375,62.002083]]]},"properties":{"radiance":5.55}},{"type":"Feature","geometry":{"type":"Polygon","coordinates":[[[26.647917,62.002083],[26.652083,62.002083],[26.652083,62.00625],[26.647917,62.00625],[26.647917,62.002083]]]},"properties":{"radiance":9.47}},{"type":"Feature","geometry":{"type":"Polygon","coordinates":[[[26.652083,62.002083],[26.65625,62.002083],[26.65625,62.00625],[26.652083,62.00625],[26.652083,62.002083]]]},"properties":{"radiance":5.48}},{"type":"Feature","geometry":{"type":"Polygon","coordinates":[[[26.65625,62.002083],[26.660417,62.002083],[26.660417,62.00625],[26.65625,62.00625],[26.65625,62.002083]]]},"properties":{"radiance":8.06}},{"type":"Feature","geometry":{"type":"Polygon","coordinates":[[[26.660417,62.002083],[26.664583,62.002083],[26.664583,62.00625],[26.660417,62.00625],[26.660417,62.002083]]]},"properties":{"radiance":5.38}},{"type":"Feature","geometry":{"type":"Polygon","coordinates":[[[26.63125,61.99375],[26.635417,61.99375],[26.635417,61.997917],[26.63125,61.997917],[26.63125,61.99375]]]},"properties":{"radiance":5.35}},{"type":"Feature","geometry":{"type":"Polygon","coordinates":[[[26.635417,61.99375],[26.639583,61.99375],[26.639583,61.997917],[26.635417,61.997917],[26.635417,61.99375]]]},"properties":{"radiance":8.52}},{"type":"Feature","geometry":{"type":"Polygon","coordinates":[[[26.639583,61.99375],[26.64375,61.99375],[26.64375,61.997917],[26.639583,61.997917],[26.639583,61.99375]]]},"properties":{"radiance":10.42}},{"type":"Feature","geometry":{"type":"Polygon","coordinates":[[[26.64375,61.99375],[26.647917,61.99375],[26.647917,61.997917],[26.64375,61.997917],[26.64375,61.99375]]]},"properties":{"radiance":10.23}},{"type":"Feature","geometry":{"type":"Polygon","coordinates":[[[26.627083,61.989583],[26.63125,61.989583],[26.63125,61.99375],[26.627083,61.99375],[26.627083,61.989583]]]},"properties":{"radiance":7.85}},{"type":"Feature","geometry":{"type":"Polygon","coordinates":[[[26.63125,61.989583],[26.635417,61.989583],[26.635417,61.99375],[26.63125,61.99375],[26.63125,61.989583]]]},"properties":{"radiance":8.82}},{"type":"Feature","geometry":{"type":"Polygon","coordinates":[[[26.635417,61.989583],[26.639583,61.989583],[26.639583,61.99375],[26.635417,61.99375],[26.635417,61.989583]]]},"properties":{"radiance":17.38}},{"type":"Feature","geometry":{"type":"Polygon","coordinates":[[[26.639583,61.989583],[26.64375,61.989583],[26.64375,61.99375],[26.639583,61.99375],[26.639583,61.989583]]]},"properties":{"radiance":16.33}},{"type":"Feature","geometry":{"type":"Polygon","coordinates":[[[26.64375,61.989583],[26.647917,61.989583],[26.647917,61.99375],[26.64375,61.99375],[26.64375,61.989583]]]},"properties":{"radiance":12.69}},{"type":"Feature","geometry":{"type":"Polygon","coordinates":[[[26.627083,61.985417],[26.63125,61.985417],[26.63125,61.989583],[26.627083,61.989583],[26.627083,61.985417]]]},"properties":{"radiance":8.28}},{"type":"Feature","geometry":{"type":"Polygon","coordinates":[[[26.63125,61.985417],[26.635417,61.985417],[26.635417,61.989583],[26.63125,61.989583],[26.63125,61.985417]]]},"properties":{"radiance":10.35}},{"type":"Feature","geometry":{"type":"Polygon","coordinates":[[[26.635417,61.985417],[26.639583,61.985417],[26.639583,61.989583],[26.635417,61.989583],[26.635417,61.985417]]]},"properties":{"radiance":10.91}},{"type":"Feature","geometry":{"type":"Polygon","coordinates":[[[26.639583,61.985417],[26.64375,61.985417],[26.64375,61.989583],[26.639583,61.989583],[26.639583,61.985417]]]},"properties":{"radiance":9.42}},{"type":"Feature","geometry":{"type":"Polygon","coordinates":[[[26.64375,61.985417],[26.647917,61.985417],[26.647917,61.989583],[26.64375,61.989583],[26.64375,61.985417]]]},"properties":{"radiance":8.56}},{"type":"Feature","geometry":{"type":"Polygon","coordinates":[[[26.635417,61.98125],[26.639583,61.98125],[26.639583,61.985417],[26.635417,61.985417],[26.635417,61.98125]]]},"properties":{"radiance":5.47}},{"type":"Feature","geometry":{"type":"Polygon","coordinates":[[[26.639583,61.98125],[26.64375,61.98125],[26.64375,61.985417],[26.639583,61.985417],[26.639583,61.98125]]]},"properties":{"radiance":5.57}},{"type":"Feature","geometry":{"type":"Polygon","coordinates":[[[26.64375,61.972917],[26.647917,61.972917],[26.647917,61.977083],[26.64375,61.977083],[26.64375,61.972917]]]},"properties":{"radiance":11.03}},{"type":"Feature","geometry":{"type":"Polygon","coordinates":[[[26.647917,61.972917],[26.652083,61.972917],[26.652083,61.977083],[26.647917,61.977083],[26.647917,61.972917]]]},"properties":{"radiance":8.8}},{"type":"Feature","geometry":{"type":"Polygon","coordinates":[[[26.652083,61.972917],[26.65625,61.972917],[26.65625,61.977083],[26.652083,61.977083],[26.652083,61.972917]]]},"properties":{"radiance":6.25}}]}