{"type":"FeatureCollection","features":[{"type":"Feature","geometry":{"type":"Polygon","coordinates":[[[21.44375,61.10625],[21.447917,61.10625],[21.447917,61.110417],[21.44375,61.110417],[21.44375,61.10625]]]},"properties":{"radiance":17.93}},{"type":"Feature","geometry":{"type":"Polygon","coordinates":[[[21.452083,61.10625],[21.45625,61.10625],[21.45625,61.110417],[21.452083,61.110417],[21.452083,61.10625]]]},"properties":{"radiance":51.17}},{"type":"Feature","geometry":{"type":"Polygon","coordinates":[[[21.45625,61.10625],[21.460417,61.10625],[21.460417,61.110417],[21.45625,61.110417],[21.45625,61.10625]]]},"properties":{"radiance":47.73}},{"type":"Feature","geometry":{"type":"Polygon","coordinates":[[[21.460417,61.10625],[21.464583,61.10625],[21.464583,61.110417],[21.460417,61.110417],[21.460417,61.10625]]]},"properties":{"radiance":64.93}},{"type":"Feature","geometry":{"type":"Polygon","coordinates":[[[21.464583,61.10625],[21.46875,61.10625],[21.46875,61.110417],[21.464583,61.110417],[21.464583,61.10625]]]},"properties":{"radiance":79.59}},{"type":"Feature","geometry":{"type":"Polygon","coordinates":[[[21.46875,61.10625],[21.472917,61.10625],[21.472917,61.110417],[21.46875,61.110417],[21.46875,61.10625]]]},"properties":{"radiance":83.42}},{"type":"Feature","geometry":{"type":"Polygon","coordinates":[[[21.472917,61.10625],[21.477083,61.10625],[21.477083,61.110417],[21.472917,61.110417],[21.472917,61.10625]]]},"properties":{"radiance":21.09}},{"type":"Feature","geometry":{"type":"Polygon","coordinates":[[[21.477083,61.10625],[21.48125,61.10625],[21.48125,61.110417],[21.477083,61.110417],[21.477083,61.10625]]]},"properties":{"radiance":16.86}},{"type":"Feature","geometry":{"type":"Polygon","coordinates":[[[21.48125,61.10625],[21.485417,61.10625],[21.485417,61.110417],[21.48125,61.110417],[21.48125,61.10625]]]},"properties":{"radiance":21.59}},{"type":"Feature","geometry":{"type":"Polygon","coordinates":[[[21.485417,61.10625],[21.489583,61.10625],[21.489583,61.110417],[21.485417,61.110417],[21.485417,61.10625]]]},"properties":{"radiance":22.56}},{"type":"Feature","geometry":{"type":"Polygon","coordinates":[[[21.489583,61.10625],[21.49375,61.10625],[21.49375,61.110417],[21.489583,61.110417],[21.489583,61.10625]]]},"properties":{"radiance":19.89}},{"type":"Feature","geometry":{"type":"Polygon","coordinates":[[[21.49375,61.10625],[21.497917,61.10625],[21.497917,61.110417],[21.49375,61.110417],[21.49375,61.10625]]]},"properties":{"radiance":19.2}},{"type":"Feature","geometry":{"type":"Polygon","coordinates":[[[21.497917,61.10625],[21.502083,61.10625],[21.502083,61.110417],[21.497917,61.110417],[21.497917,61.10625]]]},"properties":{"radiance":15.5}},{"type":"Feature","geometry":{"type":"Polygon","coordinates":[[[21.502083,61.10625],[21.50625,61.10625],[21.50625,61.110417],[21.502083,61.110417],[21.502083,61.10625]]]},"properties":{"radiance":12.44}},{"type":"Feature","geometry":{"type":"Polygon","coordinates":[[[21.50625,61.10625],[21.510417,61.10625],[21.510417,61.110417],[21.50625,61.110417],[21.50625,61.10625]]]},"properties":{"radiance":11.55}},{"type":"Feature","geometry":{"type":"Polygon","coordinates":[[[21.510417,61.10625],[21.514583,61.10625],[21.514583,61.110417],[21.510417,61.110417],[21.510417,61.10625]]]},"properties":{"radiance":13.4}},{"type":"Feature","geometry":{"type":"Polygon","coordinates":[[[21.522917,61.10625],[21.527083,61.10625],[21.527083,61.110417],[21.522917,61.110417],[21.522917,61.10625]]]},"properties":{"radiance":5.57}},{"type":"Feature","geometry":{"type":"Polygon","coordinates":[[[21.527083,61.10625],[21.53125,61.10625],[21.53125,61.110417],[21.527083,61.110417],[21.527083,61.10625]]]},"properties":{"radiance":5.72}},{"type":"Feature","geometry":{"type":"Polygon","coordinates":[[[21.464583,61.102083],[21.46875,61.102083],[21.46875,61.10625],[21.464583,61.10625],[21.464583,61.102083]]]},"properties":{"radiance":9.31}},{"type":"Feature","geometry":{"type":"Polygon","coordinates":[[[21.472917,61.102083],[21.477083,61.102083],[21.477083,61.10625],[21.472917,61.10625],[21.472917,61.102083]]]},"properties":{"radiance":5.99}},{"type":"Feature","geometry":{"type":"Polygon","coordinates":[[[21.477083,61.102083],[21.48125,61.102083],[21.48125,61.10625],[21.477083,61.10625],[21.477083,61.102083]]]},"properties":{"radiance":5.69}},{"type":"Feature","geometry":{"type":"Polygon","coordinates":[[[21.48125,61.102083],[21.485417,61.102083],[21.485417,61.10625],[21.48125,61.10625],[21.48125,61.102083]]]},"properties":{"radiance":12.42}},{"type":"Feature","geometry":{"type":"Polygon","coordinates":[[[21.485417,61.102083],[21.489583,61.102083],[21.489583,61.10625],[21.485417,61.10625],[21.485417,61.102083]]]},"properties":{"radiance":15.29}},{"type":"Feature","geometry":{"type":"Polygon","coordinates":[[[21.489583,61.102083],[21.49375,61.102083],[21.49375,61.10625],[21.489583,61.10625],[21.489583,61.102083]]]},"properties":{"radiance":18.23}},{"type":"Feature","geometry":{"type":"Polygon","coordinates":[[[21.49375,61.102083],[21.497917,61.102083],[21.497917,61.10625],[21.49375,61.10625],[21.49375,61.102083]]]},"properties":{"radiance":15.77}},{"type":"Feature","geometry":{"type":"Polygon","coordinates":[[[21.497917,61.102083],[21.502083,61.102083],[21.502083,61.10625],[21.497917,61.10625],[21.497917,61.102083]]]},"properties":{"radiance":13.1}},{"type":"Feature","geometry":{"type":"Polygon","coordinates":[[[21.502083,61.102083],[21.50625,61.102083],[21.50625,61.10625],[21.502083,61.10625],[21.502083,61.102083]]]},"properties":{"radiance":13.02}},{"type":"Feature","geometry":{"type":"Polygon","coordinates":[[[21.50625,61.102083],[21.510417,61.102083],[21.510417,61.10625],[21.50625,61.10625],[21.50625,61.102083]]]},"properties":{"radiance":10.8}},{"type":"Feature","geometry":{"type":"Polygon","coordinates":[[[21.510417,61.102083],[21.514583,61.102083],[21.514583,61.10625],[21.510417,61.10625],[21.510417,61.102083]]]},"properties":{"radiance":7.39}},{"type":"Feature","geometry":{"type":"Polygon","coordinates":[[[21.83125,61.102083],[21.835417,61.102083],[21.835417,61.10625],[21.83125,61.10625],[21.83125,61.102083]]]},"properties":{"radiance":5.66}},{"type":"Feature","geometry":{"type":"Polygon","coordinates":[[[21.835417,61.102083],[21.839583,61.102083],[21.839583,61.10625],[21.835417,61.10625],[21.835417,61.102083]]]},"properties":{"radiance":6.86}},{"type":"Feature","geometry":{"type":"Polygon","coordinates":[[[21.839583,61.102083],[21.84375,61.102083],[21.84375,61.10625],[21.839583,61.10625],[21.839583,61.102083]]]},"properties":{"radiance":7.16}},{"type":"Feature","geometry":{"type":"Polygon","coordinates":[[[21.489583,61.097917],[21.49375,61.097917],[21.49375,61.102083],[21.489583,61.102083],[21.489583,61.097917]]]},"properties":{"radiance":8.42}},{"type":"Feature","geometry":{"type":"Polygon","coordinates":[[[21.49375,61.097917],[21.497917,61.097917],[21.497917,61.102083],[21.49375,61.102083],[21.49375,61.097917]]]},"properties":{"radiance":11.82}},{"type":"Feature","geometry":{"type":"Polygon","coordinates":[[[21.497917,61.097917],[21.502083,61.097917],[21.502083,61.102083],[21.497917,61.102083],[21.497917,61.097917]]]},"properties":{"radiance":16.81}},{"type":"Feature","geometry":{"type":"Polygon","coordinates":[[[21.502083,61.097917],[21.50625,61.097917],[21.50625,61.102083],[21.502083,61.102083],[21.502083,61.097917]]]},"properties":{"radiance":15.96}},{"type":"Feature","geometry":{"type":"Polygon","coordinates":[[[21.50625,61.097917],[21.510417,61.097917],[21.510417,61.102083],[21.50625,61.102083],[21.50625,61.097917]]]},"properties":{"radiance":15.7}},{"type":"Feature","geometry":{"type":"Polygon","coordinates":[[[21.822917,61.097917],[21.827083,61.097917],[21.827083,61.102083],[21.822917,61.102083],[21.822917,61.097917]]]},"properties":{"radiance":9.72}},{"type":"Feature","geometry":{"type":"Polygon","coordinates":[[[21.827083,61.097917],[21.83125,61.097917],[21.83125,61.102083],[21.827083,61.102083],[21.827083,61.097917]]]},"properties":{"radiance":12.33}},{"type":"Feature","geometry":{"type":"Polygon","coordinates":[[[21.83125,61.097917],[21.835417,61.097917],[21.835417,61.102083],[21.83125,61.102083],[21.83125,61.097917]]]},"properties":{"radiance":11.78}},{"type":"Feature","geometry":{"type":"Polygon","coordinates":[[[21.835417,61.097917],[21.839583,61.097917],[21.839583,61.102083],[21.835417,61.102083],[21.835417,61.097917]]]},"properties":{"radiance":10.61}},{"type":"Feature","geometry":{"type":"Polygon","coordinates":[[[21.839583,61.097917],[21.84375,61.097917],[21.84375,61.102083],[21.839583,61.102083],[21.839583,61.097917]]]},"properties":{"radiance":5.74}},{"type":"Feature","geometry":{"type":"Polygon","coordinates":[[[21.49375,61.09375],[21.497917,61.09375],[21.497917,61.097917],[21.49375,61.097917],[21.49375,61.09375]]]},"properties":{"radiance":7.18}},{"type":"Feature","geometry":{"type":"Polygon","coordinates":[[[21.497917,61.09375],[21.502083,61.09375],[21.502083,61.097917],[21.497917,61.097917],[21.497917,61.09375]]]},"properties":{"radiance":8.23}},{"type":"Feature","geometry":{"type":"Polygon","coordinates":[[[21.502083,61.09375],[21.50625,61.09375],[21.50625,61.097917],[21.502083,61.097917],[21.502083,61.09375]]]},"properties":{"radiance":6.08}},{"type":"Feature","geometry":{"type":"Polygon","coordinates":[[[21.822917,61.09375],[21.827083,61.09375],[21.827083,61.097917],[21.822917,61.097917],[21.822917,61.09375]]]},"properties":{"radiance":8.33}},{"type":"Feature","geometry":{"type":"Polygon","coordinates":[[[21.827083,61.09375],[21.83125,61.09375],[21.83125,61.097917],[21.827083,61.097917],[21.827083,61.09375]]]},"properties":{"radiance":14.01}},{"type":"Feature","geometry":{"type":"Polygon","coordinates":[[[21.83125,61.09375],[21.835417,61.09375],[21.835417,61.097917],[21.83125,61.097917],[21.83125,61.09375]]]},"properties":{"radiance":9.72}},{"type":"Feature","geometry":{"type":"Polygon","coordinates":[[[21.985417,60.997917],[21.989583,60.997917],[21.989583,61.002083],[21.985417,61.002083],[21.985417,60.997917]]]},"properties":{"radiance":6.44}},{"type":"Feature","geometry":{"type":"Polygon","coordinates":[[[21.989583,60.997917],[21.99375,60.997917],[21.99375,61.002083],[21.989583,61.002083],[21.989583,60.997917]]]},"properties":{"radiance":6.31}},{"type":"Feature","geometry":{"type":"Polygon","coordinates":[[[21.96875,60.99375],[21.972917,60.99375],[21.972917,60.997917],[21.96875,60.997917],[21.96875,60.99375]]]},"properties":{"radiance":5.1}},{"type":"Feature","geometry":{"type":"Polygon","coordinates":[[[21.972917,60.99375],[21.977083,60.99375],[21.977083,60.997917],[21.972917,60.997917],[21.972917,60.99375]]]},"properties":{"radiance":6.32}},{"type":"Feature","geometry":{"type":"Polygon","coordinates":[[[21.977083,60.99375],[21.98125,60.99375],[21.98125,60.997917],[21.977083,60.997917],[21.977083,60.99375]]]},"properties":{"radiance":6}},{"type":"Feature","geometry":{"type":"Polygon","coordinates":[[[21.44375,60.947917],[21.447917,60.947917],[21.447917,60.952083],[21.44375,60.952083],[21.44375,60.947917]]]},"properties":{"radiance":5.26}},{"type":"Feature","geometry":{"type":"Polygon","coordinates":[[[21.447917,60.947917],[21.452083,60.947917],[21.452083,60.952083],[21.447917,60.952083],[21.447917,60.947917]]]},"properties":{"radiance":5.27}},{"type":"Feature","geometry":{"type":"Polygon","coordinates":[[[21.610417,60.93125],[21.614583,60.93125],[21.614583,60.935417],[21.610417,60.935417],[21.610417,60.93125]]]},"properties":{"radiance":5.17}},{"type":"Feature","geometry":{"type":"Polygon","coordinates":[[[21.610417,60.927083],[21.614583,60.927083],[21.614583,60.93125],[21.610417,60.93125],[21.610417,60.927083]]]},"properties":{"radiance":5.97}},{"type":"Feature","geometry":{"type":"Polygon","coordinates":[[[21.614583,60.927083],[21.61875,60.927083],[21.61875,60.93125],[21.614583,60.93125],[21.614583,60.927083]]]},"properties":{"radiance":5.34}},{"type":"Feature","geometry":{"type":"Polygon","coordinates":[[[21.74375,60.889583],[21.747917,60.889583],[21.747917,60.89375],[21.74375,60.89375],[21.74375,60.889583]]]},"properties":{"radiance":5.13}},{"type":"Feature","geometry":{"type":"Polygon","coordinates":[[[21.747917,60.889583],[21.752083,60.889583],[21.752083,60.89375],[21.747917,60.89375],[21.747917,60.889583]]]},"properties":{"radiance":5.62}},{"type":"Feature","geometry":{"type":"Polygon","coordinates":[[[21.68125,60.885417],[21.685417,60.885417],[21.685417,60.889583],[21.68125,60.889583],[21.68125,60.885417]]]},"properties":{"radiance":6.11}},{"type":"Feature","geometry":{"type":"Polygon","coordinates":[[[21.685417,60.885417],[21.689583,60.885417],[21.689583,60.889583],[21.685417,60.889583],[21.685417,60.885417]]]},"properties":{"radiance":9.68}},{"type":"Feature","geometry":{"type":"Polygon","coordinates":[[[21.689583,60.885417],[21.69375,60.885417],[21.69375,60.889583],[21.689583,60.889583],[21.689583,60.885417]]]},"properties":{"radiance":13.47}},{"type":"Feature","geometry":{"type":"Polygon","coordinates":[[[21.69375,60.885417],[21.697917,60.885417],[21.697917,60.889583],[21.69375,60.889583],[21.69375,60.885417]]]},"properties":{"radiance":10.34}},{"type":"Feature","geometry":{"type":"Polygon","coordinates":[[[21.697917,60.885417],[21.702083,60.885417],[21.702083,60.889583],[21.697917,60.889583],[21.697917,60.885417]]]},"properties":{"radiance":8.77}},{"type":"Feature","geometry":{"type":"Polygon","coordinates":[[[21.702083,60.885417],[21.70625,60.885417],[21.70625,60.889583],[21.702083,60.889583],[21.702083,60.885417]]]},"properties":{"radiance":8.58}},{"type":"Feature","geometry":{"type":"Polygon","coordinates":[[[21.70625,60.885417],[21.710417,60.885417],[21.710417,60.889583],[21.70625,60.889583],[21.70625,60.885417]]]},"properties":{"radiance":6.2}},{"type":"Feature","geometry":{"type":"Polygon","coordinates":[[[21.710417,60.885417],[21.714583,60.885417],[21.714583,60.889583],[21.710417,60.889583],[21.710417,60.885417]]]},"properties":{"radiance":7.39}},{"type":"Feature","geometry":{"type":"Polygon","coordinates":[[[21.714583,60.885417],[21.71875,60.885417],[21.71875,60.889583],[21.714583,60.889583],[21.714583,60.885417]]]},"properties":{"radiance":5.31}},{"type":"Feature","geometry":{"type":"Polygon","coordinates":[[[21.71875,60.885417],[21.722917,60.885417],[21.722917,60.889583],[21.71875,60.889583],[21.71875,60.885417]]]},"properties":{"radiance":6.97}},{"type":"Feature","geometry":{"type":"Polygon","coordinates":[[[21.677083,60.88125],[21.68125,60.88125],[21.68125,60.885417],[21.677083,60.885417],[21.677083,60.88125]]]},"properties":{"radiance":13.04}},{"type":"Feature","geometry":{"type":"Polygon","coordinates":[[[21.68125,60.88125],[21.685417,60.88125],[21.685417,60.885417],[21.68125,60.885417],[21.68125,60.88125]]]},"properties":{"radiance":20.3}},{"type":"Feature","geometry":{"type":"Polygon","coordinates":[[[21.685417,60.88125],[21.689583,60.88125],[21.689583,60.885417],[21.685417,60.885417],[21.685417,60.88125]]]},"properties":{"radiance":25.58}},{"type":"Feature","geometry":{"type":"Polygon","coordinates":[[[21.689583,60.88125],[21.69375,60.88125],[21.69375,60.885417],[21.689583,60.885417],[21.689583,60.88125]]]},"properties":{"radiance":27.63}},{"type":"Feature","geometry":{"type":"Polygon","coordinates":[[[21.69375,60.88125],[21.697917,60.88125],[21.697917,60.885417],[21.69375,60.885417],[21.69375,60.88125]]]},"properties":{"radiance":20.22}},{"type":"Feature","geometry":{"type":"Polygon","coordinates":[[[21.697917,60.88125],[21.702083,60.88125],[21.702083,60.885417],[21.697917,60.885417],[21.697917,60.88125]]]},"properties":{"radiance":15.8}},{"type":"Feature","geometry":{"type":"Polygon","coordinates":[[[21.702083,60.88125],[21.70625,60.88125],[21.70625,60.885417],[21.702083,60.885417],[21.702083,60.88125]]]},"properties":{"radiance":10.09}},{"type":"Feature","geometry":{"type":"Polygon","coordinates":[[[21.70625,60.88125],[21.710417,60.88125],[21.710417,60.885417],[21.70625,60.885417],[21.70625,60.88125]]]},"properties":{"radiance":9.06}},{"type":"Feature","geometry":{"type":"Polygon","coordinates":[[[21.710417,60.88125],[21.714583,60.88125],[21.714583,60.885417],[21.710417,60.885417],[21.710417,60.88125]]]},"properties":{"radiance":7.24}},{"type":"Feature","geometry":{"type":"Polygon","coordinates":[[[21.714583,60.88125],[21.71875,60.88125],[21.71875,60.885417],[21.714583,60.885417],[21.714583,60.88125]]]},"properties":{"radiance":5.52}},{"type":"Feature","geometry":{"type":"Polygon","coordinates":[[[21.677083,60.877083],[21.68125,60.877083],[21.68125,60.88125],[21.677083,60.88125],[21.677083,60.877083]]]},"properties":{"radiance":13.1}},{"type":"Feature","geometry":{"type":"Polygon","coordinates":[[[21.68125,60.877083],[21.685417,60.877083],[21.685417,60.88125],[21.68125,60.88125],[21.68125,60.877083]]]},"properties":{"radiance":19.92}},{"type":"Feature","geometry":{"type":"Polygon","coordinates":[[[21.685417,60.877083],[21.689583,60.877083],[21.689583,60.88125],[21.685417,60.88125],[21.685417,60.877083]]]},"properties":{"radiance":28.08}},{"type":"Feature","geometry":{"type":"Polygon","coordinates":[[[21.689583,60.877083],[21.69375,60.877083],[21.69375,60.88125],[21.689583,60.88125],[21.689583,60.877083]]]},"properties":{"radiance":27.92}},{"type":"Feature","geometry":{"type":"Polygon","coordinates":[[[21.69375,60.877083],[21.697917,60.877083],[21.697917,60.88125],[21.69375,60.88125],[21.69375,60.877083]]]},"properties":{"radiance":28.55}},{"type":"Feature","geometry":{"type":"Polygon","coordinates":[[[21.697917,60.877083],[21.702083,60.877083],[21.702083,60.88125],[21.697917,60.88125],[21.697917,60.877083]]]},"properties":{"radiance":26.22}},{"type":"Feature","geometry":{"type":"Polygon","coordinates":[[[21.702083,60.877083],[21.70625,60.877083],[21.70625,60.88125],[21.702083,60.88125],[21.702083,60.877083]]]},"properties":{"radiance":17.56}},{"type":"Feature","geometry":{"type":"Polygon","coordinates":[[[21.70625,60.877083],[21.710417,60.877083],[21.710417,60.88125],[21.70625,60.88125],[21.70625,60.877083]]]},"properties":{"radiance":7.93}},{"type":"Feature","geometry":{"type":"Polygon","coordinates":[[[21.710417,60.877083],[21.714583,60.877083],[21.714583,60.88125],[21.710417,60.88125],[21.710417,60.877083]]]},"properties":{"radiance":6.5}},{"type":"Feature","geometry":{"type":"Polygon","coordinates":[[[21.677083,60.872917],[21.68125,60.872917],[21.68125,60.877083],[21.677083,60.877083],[21.677083,60.872917]]]},"properties":{"radiance":9.04}},{"type":"Feature","geometry":{"type":"Polygon","coordinates":[[[21.68125,60.872917],[21.685417,60.872917],[21.685417,60.877083],[21.68125,60.877083],[21.68125,60.872917]]]},"properties":{"radiance":10.58}},{"type":"Feature","geometry":{"type":"Polygon","coordinates":[[[21.685417,60.872917],[21.689583,60.872917],[21.689583,60.877083],[21.685417,60.877083],[21.685417,60.872917]]]},"properties":{"radiance":17.85}},{"type":"Feature","geometry":{"type":"Polygon","coordinates":[[[21.689583,60.872917],[21.69375,60.872917],[21.69375,60.877083],[21.689583,60.877083],[21.689583,60.872917]]]},"properties":{"radiance":22.34}},{"type":"Feature","geometry":{"type":"Polygon","coordinates":[[[21.69375,60.872917],[21.697917,60.872917],[21.697917,60.877083],[21.69375,60.877083],[21.69375,60.872917]]]},"properties":{"radiance":17.09}},{"type":"Feature","geometry":{"type":"Polygon","coordinates":[[[21.697917,60.872917],[21.702083,60.872917],[21.702083,60.877083],[21.697917,60.877083],[21.697917,60.872917]]]},"properties":{"radiance":18.79}},{"type":"Feature","geometry":{"type":"Polygon","coordinates":[[[21.702083,60.872917],[21.70625,60.872917],[21.70625,60.877083],[21.702083,60.877083],[21.702083,60.872917]]]},"properties":{"radiance":5.45}},{"type":"Feature","geometry":{"type":"Polygon","coordinates":[[[21.70625,60.872917],[21.710417,60.872917],[21.710417,60.877083],[21.70625,60.877083],[21.70625,60.872917]]]},"properties":{"radiance":5.08}},{"type":"Feature","geometry":{"type":"Polygon","coordinates":[[[21.677083,60.86875],[21.68125,60.86875],[21.68125,60.872917],[21.677083,60.872917],[21.677083,60.86875]]]},"properties":{"radiance":5.34}},{"type":"Feature","geometry":{"type":"Polygon","coordinates":[[[21.68125,60.86875],[21.685417,60.86875],[21.685417,60.872917],[21.68125,60.872917],[21.68125,60.86875]]]},"properties":{"radiance":8.77}},{"type":"Feature","geometry":{"type":"Polygon","coordinates":[[[21.685417,60.86875],[21.689583,60.86875],[21.689583,60.872917],[21.685417,60.872917],[21.685417,60.86875]]]},"properties":{"radiance":10.95}},{"type":"Feature","geometry":{"type":"Polygon","coordinates":[[[21.689583,60.86875],[21.69375,60.86875],[21.69375,60.872917],[21.689583,60.872917],[21.689583,60.86875]]]},"properties":{"radiance":6.14}},{"type":"Feature","geometry":{"type":"Polygon","coordinates":[[[21.69375,60.86875],[21.697917,60.86875],[21.697917,60.872917],[21.69375,60.872917],[21.69375,60.86875]]]},"properties":{"radiance":5.72}},{"type":"Feature","geometry":{"type":"Polygon","coordinates":[[[21.697917,60.86875],[21.702083,60.86875],[21.702083,60.872917],[21.697917,60.872917],[21.697917,60.86875]]]},"properties":{"radiance":7.11}},{"type":"Feature","geometry":{"type":"Polygon","coordinates":[[[21.685417,60.864583],[21.689583,60.864583],[21.689583,60.86875],[21.685417,60.86875],[21.685417,60.864583]]]},"properties":{"radiance":5.51}},{"type":"Feature","geometry":{"type":"Polygon","coordinates":[[[21.689583,60.864583],[21.69375,60.864583],[21.69375,60.86875],[21.689583,60.86875],[21.689583,60.864583]]]},"properties":{"radiance":5.18}},{"type":"Feature","geometry":{"type":"Polygon","coordinates":[[[21.727083,60.860417],[21.73125,60.860417],[21.73125,60.864583],[21.727083,60.864583],[21.727083,60.860417]]]},"properties":{"radiance":6.17}},{"type":"Feature","geometry":{"type":"Polygon","coordinates":[[[21.73125,60.860417],[21.735417,60.860417],[21.735417,60.864583],[21.73125,60.864583],[21.73125,60.860417]]]},"properties":{"radiance":6.61}},{"type":"Feature","geometry":{"type":"Polygon","coordinates":[[[21.735417,60.860417],[21.739583,60.860417],[21.739583,60.864583],[21.735417,60.864583],[21.735417,60.860417]]]},"properties":{"radiance":5.13}},{"type":"Feature","geometry":{"type":"Polygon","coordinates":[[[21.39375,60.822917],[21.397917,60.822917],[21.397917,60.827083],[21.39375,60.827083],[21.39375,60.822917]]]},"properties":{"radiance":5.23}},{"type":"Feature","geometry":{"type":"Polygon","coordinates":[[[21.397917,60.822917],[21.402083,60.822917],[21.402083,60.827083],[21.397917,60.827083],[21.397917,60.822917]]]},"properties":{"radiance":5.45}},{"type":"Feature","geometry":{"type":"Polygon","coordinates":[[[21.547917,60.822917],[21.552083,60.822917],[21.552083,60.827083],[21.547917,60.827083],[21.547917,60.822917]]]},"properties":{"radiance":5.56}},{"type":"Feature","geometry":{"type":"Polygon","coordinates":[[[21.552083,60.822917],[21.55625,60.822917],[21.55625,60.827083],[21.552083,60.827083],[21.552083,60.822917]]]},"properties":{"radiance":5.18}},{"type":"Feature","geometry":{"type":"Polygon","coordinates":[[[21.572917,60.822917],[21.577083,60.822917],[21.577083,60.827083],[21.572917,60.827083],[21.572917,60.822917]]]},"properties":{"radiance":6.17}},{"type":"Feature","geometry":{"type":"Polygon","coordinates":[[[21.577083,60.822917],[21.58125,60.822917],[21.58125,60.827083],[21.577083,60.827083],[21.577083,60.822917]]]},"properties":{"radiance":6.91}},{"type":"Feature","geometry":{"type":"Polygon","coordinates":[[[21.39375,60.81875],[21.397917,60.81875],[21.397917,60.822917],[21.39375,60.822917],[21.39375,60.81875]]]},"properties":{"radiance":6.01}},{"type":"Feature","geometry":{"type":"Polygon","coordinates":[[[21.397917,60.81875],[21.402083,60.81875],[21.402083,60.822917],[21.397917,60.822917],[21.397917,60.81875]]]},"properties":{"radiance":6.71}},{"type":"Feature","geometry":{"type":"Polygon","coordinates":[[[21.402083,60.81875],[21.40625,60.81875],[21.40625,60.822917],[21.402083,60.822917],[21.402083,60.81875]]]},"properties":{"radiance":6.57}},{"type":"Feature","geometry":{"type":"Polygon","coordinates":[[[21.40625,60.81875],[21.410417,60.81875],[21.410417,60.822917],[21.40625,60.822917],[21.40625,60.81875]]]},"properties":{"radiance":7.74}},{"type":"Feature","geometry":{"type":"Polygon","coordinates":[[[21.410417,60.81875],[21.414583,60.81875],[21.414583,60.822917],[21.410417,60.822917],[21.410417,60.81875]]]},"properties":{"radiance":5.67}},{"type":"Feature","geometry":{"type":"Polygon","coordinates":[[[21.414583,60.81875],[21.41875,60.81875],[21.41875,60.822917],[21.414583,60.822917],[21.414583,60.81875]]]},"properties":{"radiance":8.73}},{"type":"Feature","geometry":{"type":"Polygon","coordinates":[[[21.41875,60.81875],[21.422917,60.81875],[21.422917,60.822917],[21.41875,60.822917],[21.41875,60.81875]]]},"properties":{"radiance":5.98}},{"type":"Feature","geometry":{"type":"Polygon","coordinates":[[[21.422917,60.81875],[21.427083,60.81875],[21.427083,60.822917],[21.422917,60.822917],[21.422917,60.81875]]]},"properties":{"radiance":7.94}},{"type":"Feature","geometry":{"type":"Polygon","coordinates":[[[21.535417,60.81875],[21.539583,60.81875],[21.539583,60.822917],[21.535417,60.822917],[21.535417,60.81875]]]},"properties":{"radiance":5.06}},{"type":"Feature","geometry":{"type":"Polygon","coordinates":[[[21.539583,60.81875],[21.54375,60.81875],[21.54375,60.822917],[21.539583,60.822917],[21.539583,60.81875]]]},"properties":{"radiance":5.87}},{"type":"Feature","geometry":{"type":"Polygon","coordinates":[[[21.54375,60.81875],[21.547917,60.81875],[21.547917,60.822917],[21.54375,60.822917],[21.54375,60.81875]]]},"properties":{"radiance":7.02}},{"type":"Feature","geometry":{"type":"Polygon","coordinates":[[[21.547917,60.81875],[21.552083,60.81875],[21.552083,60.822917],[21.547917,60.822917],[21.547917,60.81875]]]},"properties":{"radiance":7.05}},{"type":"Feature","geometry":{"type":"Polygon","coordinates":[[[21.552083,60.81875],[21.55625,60.81875],[21.55625,60.822917],[21.552083,60.822917],[21.552083,60.81875]]]},"properties":{"radiance":6.66}},{"type":"Feature","geometry":{"type":"Polygon","coordinates":[[[21.55625,60.81875],[21.560417,60.81875],[21.560417,60.822917],[21.55625,60.822917],[21.55625,60.81875]]]},"properties":{"radiance":7.17}},{"type":"Feature","geometry":{"type":"Polygon","coordinates":[[[21.560417,60.81875],[21.564583,60.81875],[21.564583,60.822917],[21.560417,60.822917],[21.560417,60.81875]]]},"properties":{"radiance":6.27}},{"type":"Feature","geometry":{"type":"Polygon","coordinates":[[[21.564583,60.81875],[21.56875,60.81875],[21.56875,60.822917],[21.564583,60.822917],[21.564583,60.81875]]]},"properties":{"radiance":5.3}},{"type":"Feature","geometry":{"type":"Polygon","coordinates":[[[21.39375,60.814583],[21.397917,60.814583],[21.397917,60.81875],[21.39375,60.81875],[21.39375,60.814583]]]},"properties":{"radiance":6.87}},{"type":"Feature","geometry":{"type":"Polygon","coordinates":[[[21.397917,60.814583],[21.402083,60.814583],[21.402083,60.81875],[21.397917,60.81875],[21.397917,60.814583]]]},"properties":{"radiance":8.07}},{"type":"Feature","geometry":{"type":"Polygon","coordinates":[[[21.402083,60.814583],[21.40625,60.814583],[21.40625,60.81875],[21.402083,60.81875],[21.402083,60.814583]]]},"properties":{"radiance":9.97}},{"type":"Feature","geometry":{"type":"Polygon","coordinates":[[[21.40625,60.814583],[21.410417,60.814583],[21.410417,60.81875],[21.40625,60.81875],[21.40625,60.814583]]]},"properties":{"radiance":6.25}},{"type":"Feature","geometry":{"type":"Polygon","coordinates":[[[21.410417,60.814583],[21.414583,60.814583],[21.414583,60.81875],[21.410417,60.81875],[21.410417,60.814583]]]},"properties":{"radiance":8.26}},{"type":"Feature","geometry":{"type":"Polygon","coordinates":[[[21.414583,60.814583],[21.41875,60.814583],[21.41875,60.81875],[21.414583,60.81875],[21.414583,60.814583]]]},"properties":{"radiance":7.34}},{"type":"Feature","geometry":{"type":"Polygon","coordinates":[[[21.41875,60.814583],[21.422917,60.814583],[21.422917,60.81875],[21.41875,60.81875],[21.41875,60.814583]]]},"properties":{"radiance":9.14}},{"type":"Feature","geometry":{"type":"Polygon","coordinates":[[[21.422917,60.814583],[21.427083,60.814583],[21.427083,60.81875],[21.422917,60.81875],[21.422917,60.814583]]]},"properties":{"radiance":11.9}},{"type":"Feature","geometry":{"type":"Polygon","coordinates":[[[21.427083,60.814583],[21.43125,60.814583],[21.43125,60.81875],[21.427083,60.81875],[21.427083,60.814583]]]},"properties":{"radiance":12.32}},{"type":"Feature","geometry":{"type":"Polygon","coordinates":[[[21.43125,60.814583],[21.435417,60.814583],[21.435417,60.81875],[21.43125,60.81875],[21.43125,60.814583]]]},"properties":{"radiance":65.8}},{"type":"Feature","geometry":{"type":"Polygon","coordinates":[[[21.435417,60.814583],[21.439583,60.814583],[21.439583,60.81875],[21.435417,60.81875],[21.435417,60.814583]]]},"properties":{"radiance":53.37}},{"type":"Feature","geometry":{"type":"Polygon","coordinates":[[[21.439583,60.814583],[21.44375,60.814583],[21.44375,60.81875],[21.439583,60.81875],[21.439583,60.814583]]]},"properties":{"radiance":48.36}},{"type":"Feature","geometry":{"type":"Polygon","coordinates":[[[21.44375,60.814583],[21.447917,60.814583],[21.447917,60.81875],[21.44375,60.81875],[21.44375,60.814583]]]},"properties":{"radiance":37.35}},{"type":"Feature","geometry":{"type":"Polygon","coordinates":[[[21.447917,60.814583],[21.452083,60.814583],[21.452083,60.81875],[21.447917,60.81875],[21.447917,60.814583]]]},"properties":{"radiance":34.74}},{"type":"Feature","geometry":{"type":"Polygon","coordinates":[[[21.464583,60.814583],[21.46875,60.814583],[21.46875,60.81875],[21.464583,60.81875],[21.464583,60.814583]]]},"properties":{"radiance":5.32}},{"type":"Feature","geometry":{"type":"Polygon","coordinates":[[[21.46875,60.814583],[21.472917,60.814583],[21.472917,60.81875],[21.46875,60.81875],[21.46875,60.814583]]]},"properties":{"radiance":11.2}},{"type":"Feature","geometry":{"type":"Polygon","coordinates":[[[21.539583,60.814583],[21.54375,60.814583],[21.54375,60.81875],[21.539583,60.81875],[21.539583,60.814583]]]},"properties":{"radiance":5.27}},{"type":"Feature","geometry":{"type":"Polygon","coordinates":[[[21.54375,60.814583],[21.547917,60.814583],[21.547917,60.81875],[21.54375,60.81875],[21.54375,60.814583]]]},"properties":{"radiance":5.25}},{"type":"Feature","geometry":{"type":"Polygon","coordinates":[[[21.39375,60.810417],[21.397917,60.810417],[21.397917,60.814583],[21.39375,60.814583],[21.39375,60.810417]]]},"properties":{"radiance":13.65}},{"type":"Feature","geometry":{"type":"Polygon","coordinates":[[[21.397917,60.810417],[21.402083,60.810417],[21.402083,60.814583],[21.397917,60.814583],[21.397917,60.810417]]]},"properties":{"radiance":13.96}},{"type":"Feature","geometry":{"type":"Polygon","coordinates":[[[21.402083,60.810417],[21.40625,60.810417],[21.40625,60.814583],[21.402083,60.814583],[21.402083,60.810417]]]},"properties":{"radiance":15.73}},{"type":"Feature","geometry":{"type":"Polygon","coordinates":[[[21.40625,60.810417],[21.410417,60.810417],[21.410417,60.814583],[21.40625,60.814583],[21.40625,60.810417]]]},"properties":{"radiance":17.81}},{"type":"Feature","geometry":{"type":"Polygon","coordinates":[[[21.410417,60.810417],[21.414583,60.810417],[21.414583,60.814583],[21.410417,60.814583],[21.410417,60.810417]]]},"properties":{"radiance":16.07}},{"type":"Feature","geometry":{"type":"Polygon","coordinates":[[[21.414583,60.810417],[21.41875,60.810417],[21.41875,60.814583],[21.414583,60.814583],[21.414583,60.810417]]]},"properties":{"radiance":15.83}},{"type":"Feature","geometry":{"type":"Polygon","coordinates":[[[21.41875,60.810417],[21.422917,60.810417],[21.422917,60.814583],[21.41875,60.814583],[21.41875,60.810417]]]},"properties":{"radiance":17.63}},{"type":"Feature","geometry":{"type":"Polygon","coordinates":[[[21.422917,60.810417],[21.427083,60.810417],[21.427083,60.814583],[21.422917,60.814583],[21.422917,60.810417]]]},"properties":{"radiance":23.41}},{"type":"Feature","geometry":{"type":"Polygon","coordinates":[[[21.427083,60.810417],[21.43125,60.810417],[21.43125,60.814583],[21.427083,60.814583],[21.427083,60.810417]]]},"properties":{"radiance":43.6}},{"type":"Feature","geometry":{"type":"Polygon","coordinates":[[[21.43125,60.810417],[21.435417,60.810417],[21.435417,60.814583],[21.43125,60.814583],[21.43125,60.810417]]]},"properties":{"radiance":48.12}},{"type":"Feature","geometry":{"type":"Polygon","coordinates":[[[21.435417,60.810417],[21.439583,60.810417],[21.439583,60.814583],[21.435417,60.814583],[21.435417,60.810417]]]},"properties":{"radiance":59.01}},{"type":"Feature","geometry":{"type":"Polygon","coordinates":[[[21.439583,60.810417],[21.44375,60.810417],[21.44375,60.814583],[21.439583,60.814583],[21.439583,60.810417]]]},"properties":{"radiance":48.28}},{"type":"Feature","geometry":{"type":"Polygon","coordinates":[[[21.44375,60.810417],[21.447917,60.810417],[21.447917,60.814583],[21.44375,60.814583],[21.44375,60.810417]]]},"properties":{"radiance":38.92}},{"type":"Feature","geometry":{"type":"Polygon","coordinates":[[[21.447917,60.810417],[21.452083,60.810417],[21.452083,60.814583],[21.447917,60.814583],[21.447917,60.810417]]]},"properties":{"radiance":21.36}},{"type":"Feature","geometry":{"type":"Polygon","coordinates":[[[21.452083,60.810417],[21.45625,60.810417],[21.45625,60.814583],[21.452083,60.814583],[21.452083,60.810417]]]},"properties":{"radiance":9.74}},{"type":"Feature","geometry":{"type":"Polygon","coordinates":[[[21.45625,60.810417],[21.460417,60.810417],[21.460417,60.814583],[21.45625,60.814583],[21.45625,60.810417]]]},"properties":{"radiance":7.52}},{"type":"Feature","geometry":{"type":"Polygon","coordinates":[[[21.460417,60.810417],[21.464583,60.810417],[21.464583,60.814583],[21.460417,60.814583],[21.460417,60.810417]]]},"properties":{"radiance":5.72}},{"type":"Feature","geometry":{"type":"Polygon","coordinates":[[[21.464583,60.810417],[21.46875,60.810417],[21.46875,60.814583],[21.464583,60.814583],[21.464583,60.810417]]]},"properties":{"radiance":12.03}},{"type":"Feature","geometry":{"type":"Polygon","coordinates":[[[21.46875,60.810417],[21.472917,60.810417],[21.472917,60.814583],[21.46875,60.814583],[21.46875,60.810417]]]},"properties":{"radiance":14.25}},{"type":"Feature","geometry":{"type":"Polygon","coordinates":[[[21.472917,60.810417],[21.477083,60.810417],[21.477083,60.814583],[21.472917,60.814583],[21.472917,60.810417]]]},"properties":{"radiance":12.68}},{"type":"Feature","geometry":{"type":"Polygon","coordinates":[[[21.477083,60.810417],[21.48125,60.810417],[21.48125,60.814583],[21.477083,60.814583],[21.477083,60.810417]]]},"properties":{"radiance":5.82}},{"type":"Feature","geometry":{"type":"Polygon","coordinates":[[[21.372917,60.80625],[21.377083,60.80625],[21.377083,60.810417],[21.372917,60.810417],[21.372917,60.80625]]]},"properties":{"radiance":13.09}},{"type":"Feature","geometry":{"type":"Polygon","coordinates":[[[21.38125,60.80625],[21.385417,60.80625],[21.385417,60.810417],[21.38125,60.810417],[21.38125,60.80625]]]},"properties":{"radiance":12.75}},{"type":"Feature","geometry":{"type":"Polygon","coordinates":[[[21.385417,60.80625],[21.389583,60.80625],[21.389583,60.810417],[21.385417,60.810417],[21.385417,60.80625]]]},"properties":{"radiance":15.61}},{"type":"Feature","geometry":{"type":"Polygon","coordinates":[[[21.389583,60.80625],[21.39375,60.80625],[21.39375,60.810417],[21.389583,60.810417],[21.389583,60.80625]]]},"properties":{"radiance":18.48}},{"type":"Feature","geometry":{"type":"Polygon","coordinates":[[[21.39375,60.80625],[21.397917,60.80625],[21.397917,60.810417],[21.39375,60.810417],[21.39375,60.80625]]]},"properties":{"radiance":21.94}},{"type":"Feature","geometry":{"type":"Polygon","coordinates":[[[21.397917,60.80625],[21.402083,60.80625],[21.402083,60.810417],[21.397917,60.810417],[21.397917,60.80625]]]},"properties":{"radiance":22.92}},{"type":"Feature","geometry":{"type":"Polygon","coordinates":[[[21.402083,60.80625],[21.40625,60.80625],[21.40625,60.810417],[21.402083,60.810417],[21.402083,60.80625]]]},"properties":{"radiance":31.3}},{"type":"Feature","geometry":{"type":"Polygon","coordinates":[[[21.40625,60.80625],[21.410417,60.80625],[21.410417,60.810417],[21.40625,60.810417],[21.40625,60.80625]]]},"properties":{"radiance":27.58}},{"type":"Feature","geometry":{"type":"Polygon","coordinates":[[[21.410417,60.80625],[21.414583,60.80625],[21.414583,60.810417],[21.410417,60.810417],[21.410417,60.80625]]]},"properties":{"radiance":24.19}},{"type":"Feature","geometry":{"type":"Polygon","coordinates":[[[21.414583,60.80625],[21.41875,60.80625],[21.41875,60.810417],[21.414583,60.810417],[21.414583,60.80625]]]},"properties":{"radiance":18.81}},{"type":"Feature","geometry":{"type":"Polygon","coordinates":[[[21.41875,60.80625],[21.422917,60.80625],[21.422917,60.810417],[21.41875,60.810417],[21.41875,60.80625]]]},"properties":{"radiance":19.53}},{"type":"Feature","geometry":{"type":"Polygon","coordinates":[[[21.422917,60.80625],[21.427083,60.80625],[21.427083,60.810417],[21.422917,60.810417],[21.422917,60.80625]]]},"properties":{"radiance":21.65}},{"type":"Feature","geometry":{"type":"Polygon","coordinates":[[[21.427083,60.80625],[21.43125,60.80625],[21.43125,60.810417],[21.427083,60.810417],[21.427083,60.80625]]]},"properties":{"radiance":20.53}},{"type":"Feature","geometry":{"type":"Polygon","coordinates":[[[21.43125,60.80625],[21.435417,60.80625],[21.435417,60.810417],[21.43125,60.810417],[21.43125,60.80625]]]},"properties":{"radiance":18.63}},{"type":"Feature","geometry":{"type":"Polygon","coordinates":[[[21.435417,60.80625],[21.439583,60.80625],[21.439583,60.810417],[21.435417,60.810417],[21.435417,60.80625]]]},"properties":{"radiance":15.38}},{"type":"Feature","geometry":{"type":"Polygon","coordinates":[[[21.439583,60.80625],[21.44375,60.80625],[21.44375,60.810417],[21.439583,60.810417],[21.439583,60.80625]]]},"properties":{"radiance":15.4}},{"type":"Feature","geometry":{"type":"Polygon","coordinates":[[[21.44375,60.80625],[21.447917,60.80625],[21.447917,60.810417],[21.44375,60.810417],[21.44375,60.80625]]]},"properties":{"radiance":12.48}},{"type":"Feature","geometry":{"type":"Polygon","coordinates":[[[21.447917,60.80625],[21.452083,60.80625],[21.452083,60.810417],[21.447917,60.810417],[21.447917,60.80625]]]},"properties":{"radiance":8.2}},{"type":"Feature","geometry":{"type":"Polygon","coordinates":[[[21.452083,60.80625],[21.45625,60.80625],[21.45625,60.810417],[21.452083,60.810417],[21.452083,60.80625]]]},"properties":{"radiance":7.78}},{"type":"Feature","geometry":{"type":"Polygon","coordinates":[[[21.45625,60.80625],[21.460417,60.80625],[21.460417,60.810417],[21.45625,60.810417],[21.45625,60.80625]]]},"properties":{"radiance":8.12}},{"type":"Feature","geometry":{"type":"Polygon","coordinates":[[[21.460417,60.80625],[21.464583,60.80625],[21.464583,60.810417],[21.460417,60.810417],[21.460417,60.80625]]]},"properties":{"radiance":8.95}},{"type":"Feature","geometry":{"type":"Polygon","coordinates":[[[21.464583,60.80625],[21.46875,60.80625],[21.46875,60.810417],[21.464583,60.810417],[21.464583,60.80625]]]},"properties":{"radiance":9.93}},{"type":"Feature","geometry":{"type":"Polygon","coordinates":[[[21.46875,60.80625],[21.472917,60.80625],[21.472917,60.810417],[21.46875,60.810417],[21.46875,60.80625]]]},"properties":{"radiance":8.41}},{"type":"Feature","geometry":{"type":"Polygon","coordinates":[[[21.472917,60.80625],[21.477083,60.80625],[21.477083,60.810417],[21.472917,60.810417],[21.472917,60.80625]]]},"properties":{"radiance":10.24}},{"type":"Feature","geometry":{"type":"Polygon","coordinates":[[[21.477083,60.80625],[21.48125,60.80625],[21.48125,60.810417],[21.477083,60.810417],[21.477083,60.80625]]]},"properties":{"radiance":5.06}},{"type":"Feature","geometry":{"type":"Polygon","coordinates":[[[21.360417,60.802083],[21.364583,60.802083],[21.364583,60.80625],[21.360417,60.80625],[21.360417,60.802083]]]},"properties":{"radiance":6.03}},{"type":"Feature","geometry":{"type":"Polygon","coordinates":[[[21.364583,60.802083],[21.36875,60.802083],[21.36875,60.80625],[21.364583,60.80625],[21.364583,60.802083]]]},"properties":{"radiance":10.98}},{"type":"Feature","geometry":{"type":"Polygon","coordinates":[[[21.36875,60.802083],[21.372917,60.802083],[21.372917,60.80625],[21.36875,60.80625],[21.36875,60.802083]]]},"properties":{"radiance":29.13}},{"type":"Feature","geometry":{"type":"Polygon","coordinates":[[[21.372917,60.802083],[21.377083,60.802083],[21.377083,60.80625],[21.372917,60.80625],[21.372917,60.802083]]]},"properties":{"radiance":24.88}},{"type":"Feature","geometry":{"type":"Polygon","coordinates":[[[21.377083,60.802083],[21.38125,60.802083],[21.38125,60.80625],[21.377083,60.80625],[21.377083,60.802083]]]},"properties":{"radiance":39.41}},{"type":"Feature","geometry":{"type":"Polygon","coordinates":[[[21.38125,60.802083],[21.385417,60.802083],[21.385417,60.80625],[21.38125,60.80625],[21.38125,60.802083]]]},"properties":{"radiance":37.85}},{"type":"Feature","geometry":{"type":"Polygon","coordinates":[[[21.385417,60.802083],[21.389583,60.802083],[21.389583,60.80625],[21.385417,60.80625],[21.385417,60.802083]]]},"properties":{"radiance":28.93}},{"type":"Feature","geometry":{"type":"Polygon","coordinates":[[[21.389583,60.802083],[21.39375,60.802083],[21.39375,60.80625],[21.389583,60.80625],[21.389583,60.802083]]]},"properties":{"radiance":18.18}},{"type":"Feature","geometry":{"type":"Polygon","coordinates":[[[21.39375,60.802083],[21.397917,60.802083],[21.397917,60.80625],[21.39375,60.80625],[21.39375,60.802083]]]},"properties":{"radiance":22.92}},{"type":"Feature","geometry":{"type":"Polygon","coordinates":[[[21.397917,60.802083],[21.402083,60.802083],[21.402083,60.80625],[21.397917,60.80625],[21.397917,60.802083]]]},"properties":{"radiance":29.19}},{"type":"Feature","geometry":{"type":"Polygon","coordinates":[[[21.402083,60.802083],[21.40625,60.802083],[21.40625,60.80625],[21.402083,60.80625],[21.402083,60.802083]]]},"properties":{"radiance":38.44}},{"type":"Feature","geometry":{"type":"Polygon","coordinates":[[[21.40625,60.802083],[21.410417,60.802083],[21.410417,60.80625],[21.40625,60.80625],[21.40625,60.802083]]]},"properties":{"radiance":38.56}},{"type":"Feature","geometry":{"type":"Polygon","coordinates":[[[21.410417,60.802083],[21.414583,60.802083],[21.414583,60.80625],[21.410417,60.80625],[21.410417,60.802083]]]},"properties":{"radiance":34.46}},{"type":"Feature","geometry":{"type":"Polygon","coordinates":[[[21.414583,60.802083],[21.41875,60.802083],[21.41875,60.80625],[21.414583,60.80625],[21.414583,60.802083]]]},"properties":{"radiance":27.35}},{"type":"Feature","geometry":{"type":"Polygon","coordinates":[[[21.41875,60.802083],[21.422917,60.802083],[21.422917,60.80625],[21.41875,60.80625],[21.41875,60.802083]]]},"properties":{"radiance":23}},{"type":"Feature","geometry":{"type":"Polygon","coordinates":[[[21.422917,60.802083],[21.427083,60.802083],[21.427083,60.80625],[21.422917,60.80625],[21.422917,60.802083]]]},"properties":{"radiance":15.24}},{"type":"Feature","geometry":{"type":"Polygon","coordinates":[[[21.427083,60.802083],[21.43125,60.802083],[21.43125,60.80625],[21.427083,60.80625],[21.427083,60.802083]]]},"properties":{"radiance":13.14}},{"type":"Feature","geometry":{"type":"Polygon","coordinates":[[[21.43125,60.802083],[21.435417,60.802083],[21.435417,60.80625],[21.43125,60.80625],[21.43125,60.802083]]]},"properties":{"radiance":8.37}},{"type":"Feature","geometry":{"type":"Polygon","coordinates":[[[21.435417,60.802083],[21.439583,60.802083],[21.439583,60.80625],[21.435417,60.80625],[21.435417,60.802083]]]},"properties":{"radiance":6.96}},{"type":"Feature","geometry":{"type":"Polygon","coordinates":[[[21.439583,60.802083],[21.44375,60.802083],[21.44375,60.80625],[21.439583,60.80625],[21.439583,60.802083]]]},"properties":{"radiance":6.69}},{"type":"Feature","geometry":{"type":"Polygon","coordinates":[[[21.44375,60.802083],[21.447917,60.802083],[21.447917,60.80625],[21.44375,60.80625],[21.44375,60.802083]]]},"properties":{"radiance":7.87}},{"type":"Feature","geometry":{"type":"Polygon","coordinates":[[[21.447917,60.802083],[21.452083,60.802083],[21.452083,60.80625],[21.447917,60.80625],[21.447917,60.802083]]]},"properties":{"radiance":8.3}},{"type":"Feature","geometry":{"type":"Polygon","coordinates":[[[21.452083,60.802083],[21.45625,60.802083],[21.45625,60.80625],[21.452083,60.80625],[21.452083,60.802083]]]},"properties":{"radiance":8.05}},{"type":"Feature","geometry":{"type":"Polygon","coordinates":[[[21.45625,60.802083],[21.460417,60.802083],[21.460417,60.80625],[21.45625,60.80625],[21.45625,60.802083]]]},"properties":{"radiance":9.08}},{"type":"Feature","geometry":{"type":"Polygon","coordinates":[[[21.460417,60.802083],[21.464583,60.802083],[21.464583,60.80625],[21.460417,60.80625],[21.460417,60.802083]]]},"properties":{"radiance":10.23}},{"type":"Feature","geometry":{"type":"Polygon","coordinates":[[[21.464583,60.802083],[21.46875,60.802083],[21.46875,60.80625],[21.464583,60.80625],[21.464583,60.802083]]]},"properties":{"radiance":10.46}},{"type":"Feature","geometry":{"type":"Polygon","coordinates":[[[21.46875,60.802083],[21.472917,60.802083],[21.472917,60.80625],[21.46875,60.80625],[21.46875,60.802083]]]},"properties":{"radiance":9.51}},{"type":"Feature","geometry":{"type":"Polygon","coordinates":[[[21.472917,60.802083],[21.477083,60.802083],[21.477083,60.80625],[21.472917,60.80625],[21.472917,60.802083]]]},"properties":{"radiance":7.81}},{"type":"Feature","geometry":{"type":"Polygon","coordinates":[[[21.477083,60.802083],[21.48125,60.802083],[21.48125,60.80625],[21.477083,60.80625],[21.477083,60.802083]]]},"properties":{"radiance":5.64}},{"type":"Feature","geometry":{"type":"Polygon","coordinates":[[[21.33125,60.797917],[21.335417,60.797917],[21.335417,60.802083],[21.33125,60.802083],[21.33125,60.797917]]]},"properties":{"radiance":6.59}},{"type":"Feature","geometry":{"type":"Polygon","coordinates":[[[21.335417,60.797917],[21.339583,60.797917],[21.339583,60.802083],[21.335417,60.802083],[21.335417,60.797917]]]},"properties":{"radiance":15.25}},{"type":"Feature","geometry":{"type":"Polygon","coordinates":[[[21.339583,60.797917],[21.34375,60.797917],[21.34375,60.802083],[21.339583,60.802083],[21.339583,60.797917]]]},"properties":{"radiance":22.82}},{"type":"Feature","geometry":{"type":"Polygon","coordinates":[[[21.34375,60.797917],[21.347917,60.797917],[21.347917,60.802083],[21.34375,60.802083],[21.34375,60.797917]]]},"properties":{"radiance":19.87}},{"type":"Feature","geometry":{"type":"Polygon","coordinates":[[[21.352083,60.797917],[21.35625,60.797917],[21.35625,60.802083],[21.352083,60.802083],[21.352083,60.797917]]]},"properties":{"radiance":8.76}},{"type":"Feature","geometry":{"type":"Polygon","coordinates":[[[21.360417,60.797917],[21.364583,60.797917],[21.364583,60.802083],[21.360417,60.802083],[21.360417,60.797917]]]},"properties":{"radiance":11.79}},{"type":"Feature","geometry":{"type":"Polygon","coordinates":[[[21.364583,60.797917],[21.36875,60.797917],[21.36875,60.802083],[21.364583,60.802083],[21.364583,60.797917]]]},"properties":{"radiance":11.71}},{"type":"Feature","geometry":{"type":"Polygon","coordinates":[[[21.377083,60.797917],[21.38125,60.797917],[21.38125,60.802083],[21.377083,60.802083],[21.377083,60.797917]]]},"properties":{"radiance":51.72}},{"type":"Feature","geometry":{"type":"Polygon","coordinates":[[[21.38125,60.797917],[21.385417,60.797917],[21.385417,60.802083],[21.38125,60.802083],[21.38125,60.797917]]]},"properties":{"radiance":52.36}},{"type":"Feature","geometry":{"type":"Polygon","coordinates":[[[21.385417,60.797917],[21.389583,60.797917],[21.389583,60.802083],[21.385417,60.802083],[21.385417,60.797917]]]},"properties":{"radiance":39.17}},{"type":"Feature","geometry":{"type":"Polygon","coordinates":[[[21.389583,60.797917],[21.39375,60.797917],[21.39375,60.802083],[21.389583,60.802083],[21.389583,60.797917]]]},"properties":{"radiance":27.15}},{"type":"Feature","geometry":{"type":"Polygon","coordinates":[[[21.39375,60.797917],[21.397917,60.797917],[21.397917,60.802083],[21.39375,60.802083],[21.39375,60.797917]]]},"properties":{"radiance":28.37}},{"type":"Feature","geometry":{"type":"Polygon","coordinates":[[[21.397917,60.797917],[21.402083,60.797917],[21.402083,60.802083],[21.397917,60.802083],[21.397917,60.797917]]]},"properties":{"radiance":25.3}},{"type":"Feature","geometry":{"type":"Polygon","coordinates":[[[21.402083,60.797917],[21.40625,60.797917],[21.40625,60.802083],[21.402083,60.802083],[21.402083,60.797917]]]},"properties":{"radiance":27.42}},{"type":"Feature","geometry":{"type":"Polygon","coordinates":[[[21.40625,60.797917],[21.410417,60.797917],[21.410417,60.802083],[21.40625,60.802083],[21.40625,60.797917]]]},"properties":{"radiance":26.59}},{"type":"Feature","geometry":{"type":"Polygon","coordinates":[[[21.410417,60.797917],[21.414583,60.797917],[21.414583,60.802083],[21.410417,60.802083],[21.410417,60.797917]]]},"properties":{"radiance":26.74}},{"type":"Feature","geometry":{"type":"Polygon","coordinates":[[[21.414583,60.797917],[21.41875,60.797917],[21.41875,60.802083],[21.414583,60.802083],[21.414583,60.797917]]]},"properties":{"radiance":22.46}},{"type":"Feature","geometry":{"type":"Polygon","coordinates":[[[21.41875,60.797917],[21.422917,60.797917],[21.422917,60.802083],[21.41875,60.802083],[21.41875,60.797917]]]},"properties":{"radiance":17.99}},{"type":"Feature","geometry":{"type":"Polygon","coordinates":[[[21.422917,60.797917],[21.427083,60.797917],[21.427083,60.802083],[21.422917,60.802083],[21.422917,60.797917]]]},"properties":{"radiance":13.08}},{"type":"Feature","geometry":{"type":"Polygon","coordinates":[[[21.427083,60.797917],[21.43125,60.797917],[21.43125,60.802083],[21.427083,60.802083],[21.427083,60.797917]]]},"properties":{"radiance":10.65}},{"type":"Feature","geometry":{"type":"Polygon","coordinates":[[[21.43125,60.797917],[21.435417,60.797917],[21.435417,60.802083],[21.43125,60.802083],[21.43125,60.797917]]]},"properties":{"radiance":7.57}},{"type":"Feature","geometry":{"type":"Polygon","coordinates":[[[21.435417,60.797917],[21.439583,60.797917],[21.439583,60.802083],[21.435417,60.802083],[21.435417,60.797917]]]},"properties":{"radiance":5.17}},{"type":"Feature","geometry":{"type":"Polygon","coordinates":[[[21.439583,60.797917],[21.44375,60.797917],[21.44375,60.802083],[21.439583,60.802083],[21.439583,60.797917]]]},"properties":{"radiance":5.14}},{"type":"Feature","geometry":{"type":"Polygon","coordinates":[[[21.44375,60.797917],[21.447917,60.797917],[21.447917,60.802083],[21.44375,60.802083],[21.44375,60.797917]]]},"properties":{"radiance":6.41}},{"type":"Feature","geometry":{"type":"Polygon","coordinates":[[[21.447917,60.797917],[21.452083,60.797917],[21.452083,60.802083],[21.447917,60.802083],[21.447917,60.797917]]]},"properties":{"radiance":6.83}},{"type":"Feature","geometry":{"type":"Polygon","coordinates":[[[21.452083,60.797917],[21.45625,60.797917],[21.45625,60.802083],[21.452083,60.802083],[21.452083,60.797917]]]},"properties":{"radiance":8.9}},{"type":"Feature","geometry":{"type":"Polygon","coordinates":[[[21.45625,60.797917],[21.460417,60.797917],[21.460417,60.802083],[21.45625,60.802083],[21.45625,60.797917]]]},"properties":{"radiance":8.56}},{"type":"Feature","geometry":{"type":"Polygon","coordinates":[[[21.460417,60.797917],[21.464583,60.797917],[21.464583,60.802083],[21.460417,60.802083],[21.460417,60.797917]]]},"properties":{"radiance":6.66}},{"type":"Feature","geometry":{"type":"Polygon","coordinates":[[[21.464583,60.797917],[21.46875,60.797917],[21.46875,60.802083],[21.464583,60.802083],[21.464583,60.797917]]]},"properties":{"radiance":6.68}},{"type":"Feature","geometry":{"type":"Polygon","coordinates":[[[21.46875,60.797917],[21.472917,60.797917],[21.472917,60.802083],[21.46875,60.802083],[21.46875,60.797917]]]},"properties":{"radiance":7.45}},{"type":"Feature","geometry":{"type":"Polygon","coordinates":[[[21.472917,60.797917],[21.477083,60.797917],[21.477083,60.802083],[21.472917,60.802083],[21.472917,60.797917]]]},"properties":{"radiance":5.09}},{"type":"Feature","geometry":{"type":"Polygon","coordinates":[[[21.327083,60.79375],[21.33125,60.79375],[21.33125,60.797917],[21.327083,60.797917],[21.327083,60.79375]]]},"properties":{"radiance":45.62}},{"type":"Feature","geometry":{"type":"Polygon","coordinates":[[[21.33125,60.79375],[21.335417,60.79375],[21.335417,60.797917],[21.33125,60.797917],[21.33125,60.79375]]]},"properties":{"radiance":72.6}},{"type":"Feature","geometry":{"type":"Polygon","coordinates":[[[21.335417,60.79375],[21.339583,60.79375],[21.339583,60.797917],[21.335417,60.797917],[21.335417,60.79375]]]},"properties":{"radiance":75.68}},{"type":"Feature","geometry":{"type":"Polygon","coordinates":[[[21.339583,60.79375],[21.34375,60.79375],[21.34375,60.797917],[21.339583,60.797917],[21.339583,60.79375]]]},"properties":{"radiance":76.45}},{"type":"Feature","geometry":{"type":"Polygon","coordinates":[[[21.34375,60.79375],[21.347917,60.79375],[21.347917,60.797917],[21.34375,60.797917],[21.34375,60.79375]]]},"properties":{"radiance":51.12}},{"type":"Feature","geometry":{"type":"Polygon","coordinates":[[[21.347917,60.79375],[21.352083,60.79375],[21.352083,60.797917],[21.347917,60.797917],[21.347917,60.79375]]]},"properties":{"radiance":45.5}},{"type":"Feature","geometry":{"type":"Polygon","coordinates":[[[21.352083,60.79375],[21.35625,60.79375],[21.35625,60.797917],[21.352083,60.797917],[21.352083,60.79375]]]},"properties":{"radiance":17.87}},{"type":"Feature","geometry":{"type":"Polygon","coordinates":[[[21.35625,60.79375],[21.360417,60.79375],[21.360417,60.797917],[21.35625,60.797917],[21.35625,60.79375]]]},"properties":{"radiance":6.64}},{"type":"Feature","geometry":{"type":"Polygon","coordinates":[[[21.377083,60.79375],[21.38125,60.79375],[21.38125,60.797917],[21.377083,60.797917],[21.377083,60.79375]]]},"properties":{"radiance":30.3}},{"type":"Feature","geometry":{"type":"Polygon","coordinates":[[[21.38125,60.79375],[21.385417,60.79375],[21.385417,60.797917],[21.38125,60.797917],[21.38125,60.79375]]]},"properties":{"radiance":31.35}},{"type":"Feature","geometry":{"type":"Polygon","coordinates":[[[21.39375,60.79375],[21.397917,60.79375],[21.397917,60.797917],[21.39375,60.797917],[21.39375,60.79375]]]},"properties":{"radiance":10.65}},{"type":"Feature","geometry":{"type":"Polygon","coordinates":[[[21.397917,60.79375],[21.402083,60.79375],[21.402083,60.797917],[21.397917,60.797917],[21.397917,60.79375]]]},"properties":{"radiance":17.1}},{"type":"Feature","geometry":{"type":"Polygon","coordinates":[[[21.402083,60.79375],[21.40625,60.79375],[21.40625,60.797917],[21.402083,60.797917],[21.402083,60.79375]]]},"properties":{"radiance":16.57}},{"type":"Feature","geometry":{"type":"Polygon","coordinates":[[[21.40625,60.79375],[21.410417,60.79375],[21.410417,60.797917],[21.40625,60.797917],[21.40625,60.79375]]]},"properties":{"radiance":14.56}},{"type":"Feature","geometry":{"type":"Polygon","coordinates":[[[21.410417,60.79375],[21.414583,60.79375],[21.414583,60.797917],[21.410417,60.797917],[21.410417,60.79375]]]},"properties":{"radiance":12.31}},{"type":"Feature","geometry":{"type":"Polygon","coordinates":[[[21.414583,60.79375],[21.41875,60.79375],[21.41875,60.797917],[21.414583,60.797917],[21.414583,60.79375]]]},"properties":{"radiance":11.55}},{"type":"Feature","geometry":{"type":"Polygon","coordinates":[[[21.41875,60.79375],[21.422917,60.79375],[21.422917,60.797917],[21.41875,60.797917],[21.41875,60.79375]]]},"properties":{"radiance":10.94}},{"type":"Feature","geometry":{"type":"Polygon","coordinates":[[[21.422917,60.79375],[21.427083,60.79375],[21.427083,60.797917],[21.422917,60.797917],[21.422917,60.79375]]]},"properties":{"radiance":9.68}},{"type":"Feature","geometry":{"type":"Polygon","coordinates":[[[21.427083,60.79375],[21.43125,60.79375],[21.43125,60.797917],[21.427083,60.797917],[21.427083,60.79375]]]},"properties":{"radiance":7.62}},{"type":"Feature","geometry":{"type":"Polygon","coordinates":[[[21.447917,60.79375],[21.452083,60.79375],[21.452083,60.797917],[21.447917,60.797917],[21.447917,60.79375]]]},"properties":{"radiance":5.37}},{"type":"Feature","geometry":{"type":"Polygon","coordinates":[[[21.452083,60.79375],[21.45625,60.79375],[21.45625,60.797917],[21.452083,60.797917],[21.452083,60.79375]]]},"properties":{"radiance":5.8}},{"type":"Feature","geometry":{"type":"Polygon","coordinates":[[[21.45625,60.79375],[21.460417,60.79375],[21.460417,60.797917],[21.45625,60.797917],[21.45625,60.79375]]]},"properties":{"radiance":5.33}},{"type":"Feature","geometry":{"type":"Polygon","coordinates":[[[21.327083,60.789583],[21.33125,60.789583],[21.33125,60.79375],[21.327083,60.79375],[21.327083,60.789583]]]},"properties":{"radiance":11.42}},{"type":"Feature","geometry":{"type":"Polygon","coordinates":[[[21.335417,60.789583],[21.339583,60.789583],[21.339583,60.79375],[21.335417,60.79375],[21.335417,60.789583]]]},"properties":{"radiance":54.43}},{"type":"Feature","geometry":{"type":"Polygon","coordinates":[[[21.339583,60.789583],[21.34375,60.789583],[21.34375,60.79375],[21.339583,60.79375],[21.339583,60.789583]]]},"properties":{"radiance":58.54}},{"type":"Feature","geometry":{"type":"Polygon","coordinates":[[[21.34375,60.789583],[21.347917,60.789583],[21.347917,60.79375],[21.34375,60.79375],[21.34375,60.789583]]]},"properties":{"radiance":35.32}},{"type":"Feature","geometry":{"type":"Polygon","coordinates":[[[21.347917,60.789583],[21.352083,60.789583],[21.352083,60.79375],[21.347917,60.79375],[21.347917,60.789583]]]},"properties":{"radiance":15}},{"type":"Feature","geometry":{"type":"Polygon","coordinates":[[[21.377083,60.789583],[21.38125,60.789583],[21.38125,60.79375],[21.377083,60.79375],[21.377083,60.789583]]]},"properties":{"radiance":17.63}},{"type":"Feature","geometry":{"type":"Polygon","coordinates":[[[21.460417,60.685417],[21.464583,60.685417],[21.464583,60.689583],[21.460417,60.689583],[21.460417,60.685417]]]},"properties":{"radiance":5.14}},{"type":"Feature","geometry":{"type":"Polygon","coordinates":[[[21.464583,60.685417],[21.46875,60.685417],[21.46875,60.689583],[21.464583,60.689583],[21.464583,60.685417]]]},"properties":{"radiance":6.07}},{"type":"Feature","geometry":{"type":"Polygon","coordinates":[[[21.70625,60.685417],[21.710417,60.685417],[21.710417,60.689583],[21.70625,60.689583],[21.70625,60.685417]]]},"properties":{"radiance":7.01}},{"type":"Feature","geometry":{"type":"Polygon","coordinates":[[[21.710417,60.685417],[21.714583,60.685417],[21.714583,60.689583],[21.710417,60.689583],[21.710417,60.685417]]]},"properties":{"radiance":6.78}},{"type":"Feature","geometry":{"type":"Polygon","coordinates":[[[21.714583,60.685417],[21.71875,60.685417],[21.71875,60.689583],[21.714583,60.689583],[21.714583,60.685417]]]},"properties":{"radiance":6.04}},{"type":"Feature","geometry":{"type":"Polygon","coordinates":[[[21.977083,60.685417],[21.98125,60.685417],[21.98125,60.689583],[21.977083,60.689583],[21.977083,60.685417]]]},"properties":{"radiance":5.18}},{"type":"Feature","geometry":{"type":"Polygon","coordinates":[[[21.98125,60.685417],[21.985417,60.685417],[21.985417,60.689583],[21.98125,60.689583],[21.98125,60.685417]]]},"properties":{"radiance":8.01}},{"type":"Feature","geometry":{"type":"Polygon","coordinates":[[[21.985417,60.685417],[21.989583,60.685417],[21.989583,60.689583],[21.985417,60.689583],[21.985417,60.685417]]]},"properties":{"radiance":8.72}},{"type":"Feature","geometry":{"type":"Polygon","coordinates":[[[21.989583,60.685417],[21.99375,60.685417],[21.99375,60.689583],[21.989583,60.689583],[21.989583,60.685417]]]},"properties":{"radiance":8.06}},{"type":"Feature","geometry":{"type":"Polygon","coordinates":[[[21.45625,60.68125],[21.460417,60.68125],[21.460417,60.685417],[21.45625,60.685417],[21.45625,60.68125]]]},"properties":{"radiance":5.83}},{"type":"Feature","geometry":{"type":"Polygon","coordinates":[[[21.460417,60.68125],[21.464583,60.68125],[21.464583,60.685417],[21.460417,60.685417],[21.460417,60.68125]]]},"properties":{"radiance":8.27}},{"type":"Feature","geometry":{"type":"Polygon","coordinates":[[[21.464583,60.68125],[21.46875,60.68125],[21.46875,60.685417],[21.464583,60.685417],[21.464583,60.68125]]]},"properties":{"radiance":7.56}},{"type":"Feature","geometry":{"type":"Polygon","coordinates":[[[21.46875,60.68125],[21.472917,60.68125],[21.472917,60.685417],[21.46875,60.685417],[21.46875,60.68125]]]},"properties":{"radiance":8.26}},{"type":"Feature","geometry":{"type":"Polygon","coordinates":[[[21.972917,60.68125],[21.977083,60.68125],[21.977083,60.685417],[21.972917,60.685417],[21.972917,60.68125]]]},"properties":{"radiance":5.38}},{"type":"Feature","geometry":{"type":"Polygon","coordinates":[[[21.977083,60.68125],[21.98125,60.68125],[21.98125,60.685417],[21.977083,60.685417],[21.977083,60.68125]]]},"properties":{"radiance":5.1}},{"type":"Feature","geometry":{"type":"Polygon","coordinates":[[[21.98125,60.68125],[21.985417,60.68125],[21.985417,60.685417],[21.98125,60.685417],[21.98125,60.68125]]]},"properties":{"radiance":9.4}},{"type":"Feature","geometry":{"type":"Polygon","coordinates":[[[21.985417,60.68125],[21.989583,60.68125],[21.989583,60.685417],[21.985417,60.685417],[21.985417,60.68125]]]},"properties":{"radiance":9.81}},{"type":"Feature","geometry":{"type":"Polygon","coordinates":[[[21.989583,60.68125],[21.99375,60.68125],[21.99375,60.685417],[21.989583,60.685417],[21.989583,60.68125]]]},"properties":{"radiance":7.59}},{"type":"Feature","geometry":{"type":"Polygon","coordinates":[[[21.99375,60.68125],[21.997917,60.68125],[21.997917,60.685417],[21.99375,60.685417],[21.99375,60.68125]]]},"properties":{"radiance":6.18}},{"type":"Feature","geometry":{"type":"Polygon","coordinates":[[[22.010417,60.68125],[22.014583,60.68125],[22.014583,60.685417],[22.010417,60.685417],[22.010417,60.68125]]]},"properties":{"radiance":6.81}},{"type":"Feature","geometry":{"type":"Polygon","coordinates":[[[21.972917,60.677083],[21.977083,60.677083],[21.977083,60.68125],[21.972917,60.68125],[21.972917,60.677083]]]},"properties":{"radiance":5.6}},{"type":"Feature","geometry":{"type":"Polygon","coordinates":[[[21.977083,60.677083],[21.98125,60.677083],[21.98125,60.68125],[21.977083,60.68125],[21.977083,60.677083]]]},"properties":{"radiance":5.66}},{"type":"Feature","geometry":{"type":"Polygon","coordinates":[[[21.98125,60.677083],[21.985417,60.677083],[21.985417,60.68125],[21.98125,60.68125],[21.98125,60.677083]]]},"properties":{"radiance":11.71}},{"type":"Feature","geometry":{"type":"Polygon","coordinates":[[[21.985417,60.677083],[21.989583,60.677083],[21.989583,60.68125],[21.985417,60.68125],[21.985417,60.677083]]]},"properties":{"radiance":10.45}},{"type":"Feature","geometry":{"type":"Polygon","coordinates":[[[21.989583,60.677083],[21.99375,60.677083],[21.99375,60.68125],[21.989583,60.68125],[21.989583,60.677083]]]},"properties":{"radiance":8.46}},{"type":"Feature","geometry":{"type":"Polygon","coordinates":[[[21.99375,60.677083],[21.997917,60.677083],[21.997917,60.68125],[21.99375,60.68125],[21.99375,60.677083]]]},"properties":{"radiance":8.21}},{"type":"Feature","geometry":{"type":"Polygon","coordinates":[[[21.997917,60.677083],[22.002083,60.677083],[22.002083,60.68125],[21.997917,60.68125],[21.997917,60.677083]]]},"properties":{"radiance":7.92}},{"type":"Feature","geometry":{"type":"Polygon","coordinates":[[[22.002083,60.677083],[22.00625,60.677083],[22.00625,60.68125],[22.002083,60.68125],[22.002083,60.677083]]]},"properties":{"radiance":6.88}},{"type":"Feature","geometry":{"type":"Polygon","coordinates":[[[22.00625,60.677083],[22.010417,60.677083],[22.010417,60.68125],[22.00625,60.68125],[22.00625,60.677083]]]},"properties":{"radiance":85.56}},{"type":"Feature","geometry":{"type":"Polygon","coordinates":[[[22.010417,60.677083],[22.014583,60.677083],[22.014583,60.68125],[22.010417,60.68125],[22.010417,60.677083]]]},"properties":{"radiance":100.66}},{"type":"Feature","geometry":{"type":"Polygon","coordinates":[[[22.014583,60.677083],[22.01875,60.677083],[22.01875,60.68125],[22.014583,60.68125],[22.014583,60.677083]]]},"properties":{"radiance":101.58}},{"type":"Feature","geometry":{"type":"Polygon","coordinates":[[[22.01875,60.677083],[22.022917,60.677083],[22.022917,60.68125],[22.01875,60.68125],[22.01875,60.677083]]]},"properties":{"radiance":59.11}},{"type":"Feature","geometry":{"type":"Polygon","coordinates":[[[21.985417,60.672917],[21.989583,60.672917],[21.989583,60.677083],[21.985417,60.677083],[21.985417,60.672917]]]},"properties":{"radiance":5.15}},{"type":"Feature","geometry":{"type":"Polygon","coordinates":[[[21.989583,60.672917],[21.99375,60.672917],[21.99375,60.677083],[21.989583,60.677083],[21.989583,60.672917]]]},"properties":{"radiance":5.83}},{"type":"Feature","geometry":{"type":"Polygon","coordinates":[[[21.99375,60.672917],[21.997917,60.672917],[21.997917,60.677083],[21.99375,60.677083],[21.99375,60.672917]]]},"properties":{"radiance":6.33}},{"type":"Feature","geometry":{"type":"Polygon","coordinates":[[[21.997917,60.672917],[22.002083,60.672917],[22.002083,60.677083],[21.997917,60.677083],[21.997917,60.672917]]]},"properties":{"radiance":7.13}},{"type":"Feature","geometry":{"type":"Polygon","coordinates":[[[22.002083,60.672917],[22.00625,60.672917],[22.00625,60.677083],[22.002083,60.677083],[22.002083,60.672917]]]},"properties":{"radiance":5.94}},{"type":"Feature","geometry":{"type":"Polygon","coordinates":[[[22.00625,60.672917],[22.010417,60.672917],[22.010417,60.677083],[22.00625,60.677083],[22.00625,60.672917]]]},"properties":{"radiance":10.1}},{"type":"Feature","geometry":{"type":"Polygon","coordinates":[[[22.010417,60.672917],[22.014583,60.672917],[22.014583,60.677083],[22.010417,60.677083],[22.010417,60.672917]]]},"properties":{"radiance":106.37}},{"type":"Feature","geometry":{"type":"Polygon","coordinates":[[[22.014583,60.672917],[22.01875,60.672917],[22.01875,60.677083],[22.014583,60.677083],[22.014583,60.672917]]]},"properties":{"radiance":102.8}},{"type":"Feature","geometry":{"type":"Polygon","coordinates":[[[22.01875,60.672917],[22.022917,60.672917],[22.022917,60.677083],[22.01875,60.677083],[22.01875,60.672917]]]},"properties":{"radiance":57.54}},{"type":"Feature","geometry":{"type":"Polygon","coordinates":[[[22.01875,60.660417],[22.022917,60.660417],[22.022917,60.664583],[22.01875,60.664583],[22.01875,60.660417]]]},"properties":{"radiance":5.31}},{"type":"Feature","geometry":{"type":"Polygon","coordinates":[[[22.060417,60.602083],[22.064583,60.602083],[22.064583,60.60625],[22.060417,60.60625],[22.060417,60.602083]]]},"properties":{"radiance":5.51}},{"type":"Feature","geometry":{"type":"Polygon","coordinates":[[[22.064583,60.602083],[22.06875,60.602083],[22.06875,60.60625],[22.064583,60.60625],[22.064583,60.602083]]]},"properties":{"radiance":6}},{"type":"Feature","geometry":{"type":"Polygon","coordinates":[[[22.06875,60.602083],[22.072917,60.602083],[22.072917,60.60625],[22.06875,60.60625],[22.06875,60.602083]]]},"properties":{"radiance":6.21}},{"type":"Feature","geometry":{"type":"Polygon","coordinates":[[[22.072917,60.602083],[22.077083,60.602083],[22.077083,60.60625],[22.072917,60.60625],[22.072917,60.602083]]]},"properties":{"radiance":6.28}},{"type":"Feature","geometry":{"type":"Polygon","coordinates":[[[22.064583,60.597917],[22.06875,60.597917],[22.06875,60.602083],[22.064583,60.602083],[22.064583,60.597917]]]},"properties":{"radiance":6.81}},{"type":"Feature","geometry":{"type":"Polygon","coordinates":[[[22.06875,60.597917],[22.072917,60.597917],[22.072917,60.602083],[22.06875,60.602083],[22.06875,60.597917]]]},"properties":{"radiance":9.08}},{"type":"Feature","geometry":{"type":"Polygon","coordinates":[[[22.072917,60.597917],[22.077083,60.597917],[22.077083,60.602083],[22.072917,60.602083],[22.072917,60.597917]]]},"properties":{"radiance":9.2}},{"type":"Feature","geometry":{"type":"Polygon","coordinates":[[[22.077083,60.597917],[22.08125,60.597917],[22.08125,60.602083],[22.077083,60.602083],[22.077083,60.597917]]]},"properties":{"radiance":9.53}},{"type":"Feature","geometry":{"type":"Polygon","coordinates":[[[22.08125,60.597917],[22.085417,60.597917],[22.085417,60.602083],[22.08125,60.602083],[22.08125,60.597917]]]},"properties":{"radiance":7.94}},{"type":"Feature","geometry":{"type":"Polygon","coordinates":[[[22.06875,60.59375],[22.072917,60.59375],[22.072917,60.597917],[22.06875,60.597917],[22.06875,60.59375]]]},"properties":{"radiance":12.07}},{"type":"Feature","geometry":{"type":"Polygon","coordinates":[[[22.072917,60.59375],[22.077083,60.59375],[22.077083,60.597917],[22.072917,60.597917],[22.072917,60.59375]]]},"properties":{"radiance":11.93}},{"type":"Feature","geometry":{"type":"Polygon","coordinates":[[[22.077083,60.59375],[22.08125,60.59375],[22.08125,60.597917],[22.077083,60.597917],[22.077083,60.59375]]]},"properties":{"radiance":12.34}},{"type":"Feature","geometry":{"type":"Polygon","coordinates":[[[22.08125,60.59375],[22.085417,60.59375],[22.085417,60.597917],[22.08125,60.597917],[22.08125,60.59375]]]},"properties":{"radiance":6.01}},{"type":"Feature","geometry":{"type":"Polygon","coordinates":[[[22.072917,60.589583],[22.077083,60.589583],[22.077083,60.59375],[22.072917,60.59375],[22.072917,60.589583]]]},"properties":{"radiance":6.49}},{"type":"Feature","geometry":{"type":"Polygon","coordinates":[[[22.077083,60.589583],[22.08125,60.589583],[22.08125,60.59375],[22.077083,60.59375],[22.077083,60.589583]]]},"properties":{"radiance":7.88}},{"type":"Feature","geometry":{"type":"Polygon","coordinates":[[[22.08125,60.589583],[22.085417,60.589583],[22.085417,60.59375],[22.08125,60.59375],[22.08125,60.589583]]]},"properties":{"radiance":6.28}},{"type":"Feature","geometry":{"type":"Polygon","coordinates":[[[22.085417,60.589583],[22.089583,60.589583],[22.089583,60.59375],[22.085417,60.59375],[22.085417,60.589583]]]},"properties":{"radiance":5.22}},{"type":"Feature","geometry":{"type":"Polygon","coordinates":[[[21.86875,60.577083],[21.872917,60.577083],[21.872917,60.58125],[21.86875,60.58125],[21.86875,60.577083]]]},"properties":{"radiance":5.04}},{"type":"Feature","geometry":{"type":"Polygon","coordinates":[[[22.089583,60.577083],[22.09375,60.577083],[22.09375,60.58125],[22.089583,60.58125],[22.089583,60.577083]]]},"properties":{"radiance":8.28}},{"type":"Feature","geometry":{"type":"Polygon","coordinates":[[[22.09375,60.577083],[22.097917,60.577083],[22.097917,60.58125],[22.09375,60.58125],[22.09375,60.577083]]]},"properties":{"radiance":6.76}},{"type":"Feature","geometry":{"type":"Polygon","coordinates":[[[22.097917,60.577083],[22.102083,60.577083],[22.102083,60.58125],[22.097917,60.58125],[22.097917,60.577083]]]},"properties":{"radiance":8.45}},{"type":"Feature","geometry":{"type":"Polygon","coordinates":[[[22.102083,60.577083],[22.10625,60.577083],[22.10625,60.58125],[22.102083,60.58125],[22.102083,60.577083]]]},"properties":{"radiance":6.14}},{"type":"Feature","geometry":{"type":"Polygon","coordinates":[[[21.860417,60.572917],[21.864583,60.572917],[21.864583,60.577083],[21.860417,60.577083],[21.860417,60.572917]]]},"properties":{"radiance":7.41}},{"type":"Feature","geometry":{"type":"Polygon","coordinates":[[[21.864583,60.572917],[21.86875,60.572917],[21.86875,60.577083],[21.864583,60.577083],[21.864583,60.572917]]]},"properties":{"radiance":6.66}},{"type":"Feature","geometry":{"type":"Polygon","coordinates":[[[21.86875,60.572917],[21.872917,60.572917],[21.872917,60.577083],[21.86875,60.577083],[21.86875,60.572917]]]},"properties":{"radiance":6.55}},{"type":"Feature","geometry":{"type":"Polygon","coordinates":[[[21.872917,60.572917],[21.877083,60.572917],[21.877083,60.577083],[21.872917,60.577083],[21.872917,60.572917]]]},"properties":{"radiance":6.17}},{"type":"Feature","geometry":{"type":"Polygon","coordinates":[[[21.977083,60.572917],[21.98125,60.572917],[21.98125,60.577083],[21.977083,60.577083],[21.977083,60.572917]]]},"properties":{"radiance":6.1}},{"type":"Feature","geometry":{"type":"Polygon","coordinates":[[[21.98125,60.572917],[21.985417,60.572917],[21.985417,60.577083],[21.98125,60.577083],[21.98125,60.572917]]]},"properties":{"radiance":5.42}},{"type":"Feature","geometry":{"type":"Polygon","coordinates":[[[22.089583,60.572917],[22.09375,60.572917],[22.09375,60.577083],[22.089583,60.577083],[22.089583,60.572917]]]},"properties":{"radiance":9.48}},{"type":"Feature","geometry":{"type":"Polygon","coordinates":[[[22.09375,60.572917],[22.097917,60.572917],[22.097917,60.577083],[22.09375,60.577083],[22.09375,60.572917]]]},"properties":{"radiance":16.82}},{"type":"Feature","geometry":{"type":"Polygon","coordinates":[[[22.097917,60.572917],[22.102083,60.572917],[22.102083,60.577083],[22.097917,60.577083],[22.097917,60.572917]]]},"properties":{"radiance":11.84}},{"type":"Feature","geometry":{"type":"Polygon","coordinates":[[[22.102083,60.572917],[22.10625,60.572917],[22.10625,60.577083],[22.102083,60.577083],[22.102083,60.572917]]]},"properties":{"radiance":9.54}},{"type":"Feature","geometry":{"type":"Polygon","coordinates":[[[22.10625,60.572917],[22.110417,60.572917],[22.110417,60.577083],[22.10625,60.577083],[22.10625,60.572917]]]},"properties":{"radiance":10.58}},{"type":"Feature","geometry":{"type":"Polygon","coordinates":[[[21.85625,60.56875],[21.860417,60.56875],[21.860417,60.572917],[21.85625,60.572917],[21.85625,60.56875]]]},"properties":{"radiance":7.41}},{"type":"Feature","geometry":{"type":"Polygon","coordinates":[[[21.860417,60.56875],[21.864583,60.56875],[21.864583,60.572917],[21.860417,60.572917],[21.860417,60.56875]]]},"properties":{"radiance":6.99}},{"type":"Feature","geometry":{"type":"Polygon","coordinates":[[[21.95625,60.56875],[21.960417,60.56875],[21.960417,60.572917],[21.95625,60.572917],[21.95625,60.56875]]]},"properties":{"radiance":6.13}},{"type":"Feature","geometry":{"type":"Polygon","coordinates":[[[21.960417,60.56875],[21.964583,60.56875],[21.964583,60.572917],[21.960417,60.572917],[21.960417,60.56875]]]},"properties":{"radiance":7.12}},{"type":"Feature","geometry":{"type":"Polygon","coordinates":[[[21.964583,60.56875],[21.96875,60.56875],[21.96875,60.572917],[21.964583,60.572917],[21.964583,60.56875]]]},"properties":{"radiance":10.17}},{"type":"Feature","geometry":{"type":"Polygon","coordinates":[[[21.96875,60.56875],[21.972917,60.56875],[21.972917,60.572917],[21.96875,60.572917],[21.96875,60.56875]]]},"properties":{"radiance":8.61}},{"type":"Feature","geometry":{"type":"Polygon","coordinates":[[[21.972917,60.56875],[21.977083,60.56875],[21.977083,60.572917],[21.972917,60.572917],[21.972917,60.56875]]]},"properties":{"radiance":7.25}},{"type":"Feature","geometry":{"type":"Polygon","coordinates":[[[21.977083,60.56875],[21.98125,60.56875],[21.98125,60.572917],[21.977083,60.572917],[21.977083,60.56875]]]},"properties":{"radiance":7.58}},{"type":"Feature","geometry":{"type":"Polygon","coordinates":[[[21.98125,60.56875],[21.985417,60.56875],[21.985417,60.572917],[21.98125,60.572917],[21.98125,60.56875]]]},"properties":{"radiance":6.19}},{"type":"Feature","geometry":{"type":"Polygon","coordinates":[[[21.985417,60.56875],[21.989583,60.56875],[21.989583,60.572917],[21.985417,60.572917],[21.985417,60.56875]]]},"properties":{"radiance":5.37}},{"type":"Feature","geometry":{"type":"Polygon","coordinates":[[[22.077083,60.56875],[22.08125,60.56875],[22.08125,60.572917],[22.077083,60.572917],[22.077083,60.56875]]]},"properties":{"radiance":5.7}},{"type":"Feature","geometry":{"type":"Polygon","coordinates":[[[22.08125,60.56875],[22.085417,60.56875],[22.085417,60.572917],[22.08125,60.572917],[22.08125,60.56875]]]},"properties":{"radiance":6.18}},{"type":"Feature","geometry":{"type":"Polygon","coordinates":[[[22.085417,60.56875],[22.089583,60.56875],[22.089583,60.572917],[22.085417,60.572917],[22.085417,60.56875]]]},"properties":{"radiance":9.02}},{"type":"Feature","geometry":{"type":"Polygon","coordinates":[[[22.089583,60.56875],[22.09375,60.56875],[22.09375,60.572917],[22.089583,60.572917],[22.089583,60.56875]]]},"properties":{"radiance":12.72}},{"type":"Feature","geometry":{"type":"Polygon","coordinates":[[[22.09375,60.56875],[22.097917,60.56875],[22.097917,60.572917],[22.09375,60.572917],[22.09375,60.56875]]]},"properties":{"radiance":19.97}},{"type":"Feature","geometry":{"type":"Polygon","coordinates":[[[22.097917,60.56875],[22.102083,60.56875],[22.102083,60.572917],[22.097917,60.572917],[22.097917,60.56875]]]},"properties":{"radiance":22.52}},{"type":"Feature","geometry":{"type":"Polygon","coordinates":[[[22.102083,60.56875],[22.10625,60.56875],[22.10625,60.572917],[22.102083,60.572917],[22.102083,60.56875]]]},"properties":{"radiance":21.5}},{"type":"Feature","geometry":{"type":"Polygon","coordinates":[[[22.10625,60.56875],[22.110417,60.56875],[22.110417,60.572917],[22.10625,60.572917],[22.10625,60.56875]]]},"properties":{"radiance":9.29}},{"type":"Feature","geometry":{"type":"Polygon","coordinates":[[[22.110417,60.56875],[22.114583,60.56875],[22.114583,60.572917],[22.110417,60.572917],[22.110417,60.56875]]]},"properties":{"radiance":6.03}},{"type":"Feature","geometry":{"type":"Polygon","coordinates":[[[22.114583,60.56875],[22.11875,60.56875],[22.11875,60.572917],[22.114583,60.572917],[22.114583,60.56875]]]},"properties":{"radiance":5.06}},{"type":"Feature","geometry":{"type":"Polygon","coordinates":[[[21.964583,60.564583],[21.96875,60.564583],[21.96875,60.56875],[21.964583,60.56875],[21.964583,60.564583]]]},"properties":{"radiance":6.34}},{"type":"Feature","geometry":{"type":"Polygon","coordinates":[[[21.96875,60.564583],[21.972917,60.564583],[21.972917,60.56875],[21.96875,60.56875],[21.96875,60.564583]]]},"properties":{"radiance":9.78}},{"type":"Feature","geometry":{"type":"Polygon","coordinates":[[[21.972917,60.564583],[21.977083,60.564583],[21.977083,60.56875],[21.972917,60.56875],[21.972917,60.564583]]]},"properties":{"radiance":8.08}},{"type":"Feature","geometry":{"type":"Polygon","coordinates":[[[21.977083,60.564583],[21.98125,60.564583],[21.98125,60.56875],[21.977083,60.56875],[21.977083,60.564583]]]},"properties":{"radiance":6.36}},{"type":"Feature","geometry":{"type":"Polygon","coordinates":[[[21.98125,60.564583],[21.985417,60.564583],[21.985417,60.56875],[21.98125,60.56875],[21.98125,60.564583]]]},"properties":{"radiance":5.23}},{"type":"Feature","geometry":{"type":"Polygon","coordinates":[[[22.064583,60.564583],[22.06875,60.564583],[22.06875,60.56875],[22.064583,60.56875],[22.064583,60.564583]]]},"properties":{"radiance":5.45}},{"type":"Feature","geometry":{"type":"Polygon","coordinates":[[[22.06875,60.564583],[22.072917,60.564583],[22.072917,60.56875],[22.06875,60.56875],[22.06875,60.564583]]]},"properties":{"radiance":5.34}},{"type":"Feature","geometry":{"type":"Polygon","coordinates":[[[22.072917,60.564583],[22.077083,60.564583],[22.077083,60.56875],[22.072917,60.56875],[22.072917,60.564583]]]},"properties":{"radiance":7.57}},{"type":"Feature","geometry":{"type":"Polygon","coordinates":[[[22.077083,60.564583],[22.08125,60.564583],[22.08125,60.56875],[22.077083,60.56875],[22.077083,60.564583]]]},"properties":{"radiance":9.66}},{"type":"Feature","geometry":{"type":"Polygon","coordinates":[[[22.08125,60.564583],[22.085417,60.564583],[22.085417,60.56875],[22.08125,60.56875],[22.08125,60.564583]]]},"properties":{"radiance":8.31}},{"type":"Feature","geometry":{"type":"Polygon","coordinates":[[[22.085417,60.564583],[22.089583,60.564583],[22.089583,60.56875],[22.085417,60.56875],[22.085417,60.564583]]]},"properties":{"radiance":9.32}},{"type":"Feature","geometry":{"type":"Polygon","coordinates":[[[22.089583,60.564583],[22.09375,60.564583],[22.09375,60.56875],[22.089583,60.56875],[22.089583,60.564583]]]},"properties":{"radiance":11.02}},{"type":"Feature","geometry":{"type":"Polygon","coordinates":[[[22.09375,60.564583],[22.097917,60.564583],[22.097917,60.56875],[22.09375,60.56875],[22.09375,60.564583]]]},"properties":{"radiance":9.32}},{"type":"Feature","geometry":{"type":"Polygon","coordinates":[[[22.097917,60.564583],[22.102083,60.564583],[22.102083,60.56875],[22.097917,60.56875],[22.097917,60.564583]]]},"properties":{"radiance":14.8}},{"type":"Feature","geometry":{"type":"Polygon","coordinates":[[[22.102083,60.564583],[22.10625,60.564583],[22.10625,60.56875],[22.102083,60.56875],[22.102083,60.564583]]]},"properties":{"radiance":16.49}},{"type":"Feature","geometry":{"type":"Polygon","coordinates":[[[22.10625,60.564583],[22.110417,60.564583],[22.110417,60.56875],[22.10625,60.56875],[22.10625,60.564583]]]},"properties":{"radiance":9.31}},{"type":"Feature","geometry":{"type":"Polygon","coordinates":[[[22.110417,60.564583],[22.114583,60.564583],[22.114583,60.56875],[22.110417,60.56875],[22.110417,60.564583]]]},"properties":{"radiance":8.31}},{"type":"Feature","geometry":{"type":"Polygon","coordinates":[[[22.114583,60.564583],[22.11875,60.564583],[22.11875,60.56875],[22.114583,60.56875],[22.114583,60.564583]]]},"properties":{"radiance":6.94}},{"type":"Feature","geometry":{"type":"Polygon","coordinates":[[[22.11875,60.564583],[22.122917,60.564583],[22.122917,60.56875],[22.11875,60.56875],[22.11875,60.564583]]]},"properties":{"radiance":6.01}},{"type":"Feature","geometry":{"type":"Polygon","coordinates":[[[21.60625,60.560417],[21.610417,60.560417],[21.610417,60.564583],[21.60625,60.564583],[21.60625,60.560417]]]},"properties":{"radiance":7.11}},{"type":"Feature","geometry":{"type":"Polygon","coordinates":[[[21.610417,60.560417],[21.614583,60.560417],[21.614583,60.564583],[21.610417,60.564583],[21.610417,60.560417]]]},"properties":{"radiance":6.24}},{"type":"Feature","geometry":{"type":"Polygon","coordinates":[[[21.964583,60.560417],[21.96875,60.560417],[21.96875,60.564583],[21.964583,60.564583],[21.964583,60.560417]]]},"properties":{"radiance":5.81}},{"type":"Feature","geometry":{"type":"Polygon","coordinates":[[[21.96875,60.560417],[21.972917,60.560417],[21.972917,60.564583],[21.96875,60.564583],[21.96875,60.560417]]]},"properties":{"radiance":11.41}},{"type":"Feature","geometry":{"type":"Polygon","coordinates":[[[21.972917,60.560417],[21.977083,60.560417],[21.977083,60.564583],[21.972917,60.564583],[21.972917,60.560417]]]},"properties":{"radiance":9.49}},{"type":"Feature","geometry":{"type":"Polygon","coordinates":[[[21.977083,60.560417],[21.98125,60.560417],[21.98125,60.564583],[21.977083,60.564583],[21.977083,60.560417]]]},"properties":{"radiance":5.81}},{"type":"Feature","geometry":{"type":"Polygon","coordinates":[[[22.06875,60.560417],[22.072917,60.560417],[22.072917,60.564583],[22.06875,60.564583],[22.06875,60.560417]]]},"properties":{"radiance":5.18}},{"type":"Feature","geometry":{"type":"Polygon","coordinates":[[[22.072917,60.560417],[22.077083,60.560417],[22.077083,60.564583],[22.072917,60.564583],[22.072917,60.560417]]]},"properties":{"radiance":7.03}},{"type":"Feature","geometry":{"type":"Polygon","coordinates":[[[22.077083,60.560417],[22.08125,60.560417],[22.08125,60.564583],[22.077083,60.564583],[22.077083,60.560417]]]},"properties":{"radiance":7.57}},{"type":"Feature","geometry":{"type":"Polygon","coordinates":[[[22.08125,60.560417],[22.085417,60.560417],[22.085417,60.564583],[22.08125,60.564583],[22.08125,60.560417]]]},"properties":{"radiance":6.46}},{"type":"Feature","geometry":{"type":"Polygon","coordinates":[[[22.085417,60.560417],[22.089583,60.560417],[22.089583,60.564583],[22.085417,60.564583],[22.085417,60.560417]]]},"properties":{"radiance":5.23}},{"type":"Feature","geometry":{"type":"Polygon","coordinates":[[[22.089583,60.560417],[22.09375,60.560417],[22.09375,60.564583],[22.089583,60.564583],[22.089583,60.560417]]]},"properties":{"radiance":5.05}},{"type":"Feature","geometry":{"type":"Polygon","coordinates":[[[22.09375,60.560417],[22.097917,60.560417],[22.097917,60.564583],[22.09375,60.564583],[22.09375,60.560417]]]},"properties":{"radiance":6.55}},{"type":"Feature","geometry":{"type":"Polygon","coordinates":[[[22.097917,60.560417],[22.102083,60.560417],[22.102083,60.564583],[22.097917,60.564583],[22.097917,60.560417]]]},"properties":{"radiance":8.13}},{"type":"Feature","geometry":{"type":"Polygon","coordinates":[[[22.102083,60.560417],[22.10625,60.560417],[22.10625,60.564583],[22.102083,60.564583],[22.102083,60.560417]]]},"properties":{"radiance":9.15}},{"type":"Feature","geometry":{"type":"Polygon","coordinates":[[[22.10625,60.560417],[22.110417,60.560417],[22.110417,60.564583],[22.10625,60.564583],[22.10625,60.560417]]]},"properties":{"radiance":10.19}},{"type":"Feature","geometry":{"type":"Polygon","coordinates":[[[22.110417,60.560417],[22.114583,60.560417],[22.114583,60.564583],[22.110417,60.564583],[22.110417,60.560417]]]},"properties":{"radiance":10.24}},{"type":"Feature","geometry":{"type":"Polygon","coordinates":[[[22.114583,60.560417],[22.11875,60.560417],[22.11875,60.564583],[22.114583,60.564583],[22.114583,60.560417]]]},"properties":{"radiance":11.07}},{"type":"Feature","geometry":{"type":"Polygon","coordinates":[[[22.11875,60.560417],[22.122917,60.560417],[22.122917,60.564583],[22.11875,60.564583],[22.11875,60.560417]]]},"properties":{"radiance":10.2}},{"type":"Feature","geometry":{"type":"Polygon","coordinates":[[[22.122917,60.560417],[22.127083,60.560417],[22.127083,60.564583],[22.122917,60.564583],[22.122917,60.560417]]]},"properties":{"radiance":10}},{"type":"Feature","geometry":{"type":"Polygon","coordinates":[[[22.127083,60.560417],[22.13125,60.560417],[22.13125,60.564583],[22.127083,60.564583],[22.127083,60.560417]]]},"properties":{"radiance":11.16}},{"type":"Feature","geometry":{"type":"Polygon","coordinates":[[[22.13125,60.560417],[22.135417,60.560417],[22.135417,60.564583],[22.13125,60.564583],[22.13125,60.560417]]]},"properties":{"radiance":8.09}},{"type":"Feature","geometry":{"type":"Polygon","coordinates":[[[22.135417,60.560417],[22.139583,60.560417],[22.139583,60.564583],[22.135417,60.564583],[22.135417,60.560417]]]},"properties":{"radiance":7.57}},{"type":"Feature","geometry":{"type":"Polygon","coordinates":[[[22.102083,60.55625],[22.10625,60.55625],[22.10625,60.560417],[22.102083,60.560417],[22.102083,60.55625]]]},"properties":{"radiance":5.96}},{"type":"Feature","geometry":{"type":"Polygon","coordinates":[[[22.10625,60.55625],[22.110417,60.55625],[22.110417,60.560417],[22.10625,60.560417],[22.10625,60.55625]]]},"properties":{"radiance":8.09}},{"type":"Feature","geometry":{"type":"Polygon","coordinates":[[[22.110417,60.55625],[22.114583,60.55625],[22.114583,60.560417],[22.110417,60.560417],[22.110417,60.55625]]]},"properties":{"radiance":10.64}},{"type":"Feature","geometry":{"type":"Polygon","coordinates":[[[22.114583,60.55625],[22.11875,60.55625],[22.11875,60.560417],[22.114583,60.560417],[22.114583,60.55625]]]},"properties":{"radiance":11.29}},{"type":"Feature","geometry":{"type":"Polygon","coordinates":[[[22.11875,60.55625],[22.122917,60.55625],[22.122917,60.560417],[22.11875,60.560417],[22.11875,60.55625]]]},"properties":{"radiance":10.03}},{"type":"Feature","geometry":{"type":"Polygon","coordinates":[[[22.122917,60.55625],[22.127083,60.55625],[22.127083,60.560417],[22.122917,60.560417],[22.122917,60.55625]]]},"properties":{"radiance":11.01}},{"type":"Feature","geometry":{"type":"Polygon","coordinates":[[[22.127083,60.55625],[22.13125,60.55625],[22.13125,60.560417],[22.127083,60.560417],[22.127083,60.55625]]]},"properties":{"radiance":9.44}},{"type":"Feature","geometry":{"type":"Polygon","coordinates":[[[22.13125,60.55625],[22.135417,60.55625],[22.135417,60.560417],[22.13125,60.560417],[22.13125,60.55625]]]},"properties":{"radiance":9.94}},{"type":"Feature","geometry":{"type":"Polygon","coordinates":[[[22.135417,60.55625],[22.139583,60.55625],[22.139583,60.560417],[22.135417,60.560417],[22.135417,60.55625]]]},"properties":{"radiance":9.98}},{"type":"Feature","geometry":{"type":"Polygon","coordinates":[[[22.110417,60.552083],[22.114583,60.552083],[22.114583,60.55625],[22.110417,60.55625],[22.110417,60.552083]]]},"properties":{"radiance":8.34}},{"type":"Feature","geometry":{"type":"Polygon","coordinates":[[[22.114583,60.552083],[22.11875,60.552083],[22.11875,60.55625],[22.114583,60.55625],[22.114583,60.552083]]]},"properties":{"radiance":10.1}},{"type":"Feature","geometry":{"type":"Polygon","coordinates":[[[22.11875,60.552083],[22.122917,60.552083],[22.122917,60.55625],[22.11875,60.55625],[22.11875,60.552083]]]},"properties":{"radiance":10.53}},{"type":"Feature","geometry":{"type":"Polygon","coordinates":[[[22.122917,60.552083],[22.127083,60.552083],[22.127083,60.55625],[22.122917,60.55625],[22.122917,60.552083]]]},"properties":{"radiance":10.76}},{"type":"Feature","geometry":{"type":"Polygon","coordinates":[[[22.127083,60.552083],[22.13125,60.552083],[22.13125,60.55625],[22.127083,60.55625],[22.127083,60.552083]]]},"properties":{"radiance":8.31}},{"type":"Feature","geometry":{"type":"Polygon","coordinates":[[[22.13125,60.552083],[22.135417,60.552083],[22.135417,60.55625],[22.13125,60.55625],[22.13125,60.552083]]]},"properties":{"radiance":8.35}},{"type":"Feature","geometry":{"type":"Polygon","coordinates":[[[22.135417,60.552083],[22.139583,60.552083],[22.139583,60.55625],[22.135417,60.55625],[22.135417,60.552083]]]},"properties":{"radiance":9.88}},{"type":"Feature","geometry":{"type":"Polygon","coordinates":[[[22.110417,60.547917],[22.114583,60.547917],[22.114583,60.552083],[22.110417,60.552083],[22.110417,60.547917]]]},"properties":{"radiance":5.21}},{"type":"Feature","geometry":{"type":"Polygon","coordinates":[[[22.114583,60.547917],[22.11875,60.547917],[22.11875,60.552083],[22.114583,60.552083],[22.114583,60.547917]]]},"properties":{"radiance":7.67}},{"type":"Feature","geometry":{"type":"Polygon","coordinates":[[[22.11875,60.547917],[22.122917,60.547917],[22.122917,60.552083],[22.11875,60.552083],[22.11875,60.547917]]]},"properties":{"radiance":10.48}},{"type":"Feature","geometry":{"type":"Polygon","coordinates":[[[22.122917,60.547917],[22.127083,60.547917],[22.127083,60.552083],[22.122917,60.552083],[22.122917,60.547917]]]},"properties":{"radiance":10.59}},{"type":"Feature","geometry":{"type":"Polygon","coordinates":[[[22.127083,60.547917],[22.13125,60.547917],[22.13125,60.552083],[22.127083,60.552083],[22.127083,60.547917]]]},"properties":{"radiance":9.9}},{"type":"Feature","geometry":{"type":"Polygon","coordinates":[[[22.13125,60.547917],[22.135417,60.547917],[22.135417,60.552083],[22.13125,60.552083],[22.13125,60.547917]]]},"properties":{"radiance":9.74}},{"type":"Feature","geometry":{"type":"Polygon","coordinates":[[[22.135417,60.547917],[22.139583,60.547917],[22.139583,60.552083],[22.135417,60.552083],[22.135417,60.547917]]]},"properties":{"radiance":9.18}},{"type":"Feature","geometry":{"type":"Polygon","coordinates":[[[22.114583,60.54375],[22.11875,60.54375],[22.11875,60.547917],[22.114583,60.547917],[22.114583,60.54375]]]},"properties":{"radiance":9.52}},{"type":"Feature","geometry":{"type":"Polygon","coordinates":[[[22.11875,60.54375],[22.122917,60.54375],[22.122917,60.547917],[22.11875,60.547917],[22.11875,60.54375]]]},"properties":{"radiance":12.81}},{"type":"Feature","geometry":{"type":"Polygon","coordinates":[[[22.122917,60.54375],[22.127083,60.54375],[22.127083,60.547917],[22.122917,60.547917],[22.122917,60.54375]]]},"properties":{"radiance":14.06}},{"type":"Feature","geometry":{"type":"Polygon","coordinates":[[[22.127083,60.54375],[22.13125,60.54375],[22.13125,60.547917],[22.127083,60.547917],[22.127083,60.54375]]]},"properties":{"radiance":10.15}},{"type":"Feature","geometry":{"type":"Polygon","coordinates":[[[22.13125,60.54375],[22.135417,60.54375],[22.135417,60.547917],[22.13125,60.547917],[22.13125,60.54375]]]},"properties":{"radiance":6.12}},{"type":"Feature","geometry":{"type":"Polygon","coordinates":[[[22.04375,60.539583],[22.047917,60.539583],[22.047917,60.54375],[22.04375,60.54375],[22.04375,60.539583]]]},"properties":{"radiance":6.87}},{"type":"Feature","geometry":{"type":"Polygon","coordinates":[[[22.047917,60.539583],[22.052083,60.539583],[22.052083,60.54375],[22.047917,60.54375],[22.047917,60.539583]]]},"properties":{"radiance":5.45}},{"type":"Feature","geometry":{"type":"Polygon","coordinates":[[[22.097917,60.539583],[22.102083,60.539583],[22.102083,60.54375],[22.097917,60.54375],[22.097917,60.539583]]]},"properties":{"radiance":5.55}},{"type":"Feature","geometry":{"type":"Polygon","coordinates":[[[22.102083,60.539583],[22.10625,60.539583],[22.10625,60.54375],[22.102083,60.54375],[22.102083,60.539583]]]},"properties":{"radiance":7.24}},{"type":"Feature","geometry":{"type":"Polygon","coordinates":[[[22.10625,60.539583],[22.110417,60.539583],[22.110417,60.54375],[22.10625,60.54375],[22.10625,60.539583]]]},"properties":{"radiance":8.84}},{"type":"Feature","geometry":{"type":"Polygon","coordinates":[[[22.110417,60.539583],[22.114583,60.539583],[22.114583,60.54375],[22.110417,60.54375],[22.110417,60.539583]]]},"properties":{"radiance":7.82}},{"type":"Feature","geometry":{"type":"Polygon","coordinates":[[[22.114583,60.539583],[22.11875,60.539583],[22.11875,60.54375],[22.114583,60.54375],[22.114583,60.539583]]]},"properties":{"radiance":8.67}},{"type":"Feature","geometry":{"type":"Polygon","coordinates":[[[22.11875,60.539583],[22.122917,60.539583],[22.122917,60.54375],[22.11875,60.54375],[22.11875,60.539583]]]},"properties":{"radiance":6.87}},{"type":"Feature","geometry":{"type":"Polygon","coordinates":[[[22.122917,60.539583],[22.127083,60.539583],[22.127083,60.54375],[22.122917,60.54375],[22.122917,60.539583]]]},"properties":{"radiance":8.35}},{"type":"Feature","geometry":{"type":"Polygon","coordinates":[[[22.127083,60.539583],[22.13125,60.539583],[22.13125,60.54375],[22.127083,60.54375],[22.127083,60.539583]]]},"properties":{"radiance":6.67}},{"type":"Feature","geometry":{"type":"Polygon","coordinates":[[[22.10625,60.535417],[22.110417,60.535417],[22.110417,60.539583],[22.10625,60.539583],[22.10625,60.535417]]]},"properties":{"radiance":5.5}},{"type":"Feature","geometry":{"type":"Polygon","coordinates":[[[22.110417,60.535417],[22.114583,60.535417],[22.114583,60.539583],[22.110417,60.539583],[22.110417,60.535417]]]},"properties":{"radiance":6.41}},{"type":"Feature","geometry":{"type":"Polygon","coordinates":[[[22.114583,60.535417],[22.11875,60.535417],[22.11875,60.539583],[22.114583,60.539583],[22.114583,60.535417]]]},"properties":{"radiance":6.59}},{"type":"Feature","geometry":{"type":"Polygon","coordinates":[[[22.11875,60.535417],[22.122917,60.535417],[22.122917,60.539583],[22.11875,60.539583],[22.11875,60.535417]]]},"properties":{"radiance":7.19}},{"type":"Feature","geometry":{"type":"Polygon","coordinates":[[[22.10625,60.53125],[22.110417,60.53125],[22.110417,60.535417],[22.10625,60.535417],[22.10625,60.53125]]]},"properties":{"radiance":5.22}},{"type":"Feature","geometry":{"type":"Polygon","coordinates":[[[22.110417,60.53125],[22.114583,60.53125],[22.114583,60.535417],[22.110417,60.535417],[22.110417,60.53125]]]},"properties":{"radiance":5.7}},{"type":"Feature","geometry":{"type":"Polygon","coordinates":[[[22.114583,60.53125],[22.11875,60.53125],[22.11875,60.535417],[22.114583,60.535417],[22.114583,60.53125]]]},"properties":{"radiance":5.05}},{"type":"Feature","geometry":{"type":"Polygon","coordinates":[[[22.11875,60.53125],[22.122917,60.53125],[22.122917,60.535417],[22.11875,60.535417],[22.11875,60.53125]]]},"properties":{"radiance":5.21}},{"type":"Feature","geometry":{"type":"Polygon","coordinates":[[[22.127083,60.50625],[22.13125,60.50625],[22.13125,60.510417],[22.127083,60.510417],[22.127083,60.50625]]]},"properties":{"radiance":6.49}},{"type":"Feature","geometry":{"type":"Polygon","coordinates":[[[22.13125,60.50625],[22.135417,60.50625],[22.135417,60.510417],[22.13125,60.510417],[22.13125,60.50625]]]},"properties":{"radiance":10.24}},{"type":"Feature","geometry":{"type":"Polygon","coordinates":[[[22.135417,60.50625],[22.139583,60.50625],[22.139583,60.510417],[22.135417,60.510417],[22.135417,60.50625]]]},"properties":{"radiance":10.89}},{"type":"Feature","geometry":{"type":"Polygon","coordinates":[[[22.04375,60.502083],[22.047917,60.502083],[22.047917,60.50625],[22.04375,60.50625],[22.04375,60.502083]]]},"properties":{"radiance":6.56}},{"type":"Feature","geometry":{"type":"Polygon","coordinates":[[[22.047917,60.502083],[22.052083,60.502083],[22.052083,60.50625],[22.047917,60.50625],[22.047917,60.502083]]]},"properties":{"radiance":6.34}},{"type":"Feature","geometry":{"type":"Polygon","coordinates":[[[22.052083,60.502083],[22.05625,60.502083],[22.05625,60.50625],[22.052083,60.50625],[22.052083,60.502083]]]},"properties":{"radiance":5.65}},{"type":"Feature","geometry":{"type":"Polygon","coordinates":[[[22.127083,60.502083],[22.13125,60.502083],[22.13125,60.50625],[22.127083,60.50625],[22.127083,60.502083]]]},"properties":{"radiance":7.89}},{"type":"Feature","geometry":{"type":"Polygon","coordinates":[[[22.13125,60.502083],[22.135417,60.502083],[22.135417,60.50625],[22.13125,60.50625],[22.13125,60.502083]]]},"properties":{"radiance":9.52}},{"type":"Feature","geometry":{"type":"Polygon","coordinates":[[[22.135417,60.502083],[22.139583,60.502083],[22.139583,60.50625],[22.135417,60.50625],[22.135417,60.502083]]]},"properties":{"radiance":12.33}},{"type":"Feature","geometry":{"type":"Polygon","coordinates":[[[22.01875,60.497917],[22.022917,60.497917],[22.022917,60.502083],[22.01875,60.502083],[22.01875,60.497917]]]},"properties":{"radiance":5.6}},{"type":"Feature","geometry":{"type":"Polygon","coordinates":[[[22.022917,60.497917],[22.027083,60.497917],[22.027083,60.502083],[22.022917,60.502083],[22.022917,60.497917]]]},"properties":{"radiance":7.77}},{"type":"Feature","geometry":{"type":"Polygon","coordinates":[[[22.027083,60.497917],[22.03125,60.497917],[22.03125,60.502083],[22.027083,60.502083],[22.027083,60.497917]]]},"properties":{"radiance":9.65}},{"type":"Feature","geometry":{"type":"Polygon","coordinates":[[[22.03125,60.497917],[22.035417,60.497917],[22.035417,60.502083],[22.03125,60.502083],[22.03125,60.497917]]]},"properties":{"radiance":11.48}},{"type":"Feature","geometry":{"type":"Polygon","coordinates":[[[22.035417,60.497917],[22.039583,60.497917],[22.039583,60.502083],[22.035417,60.502083],[22.035417,60.497917]]]},"properties":{"radiance":12.74}},{"type":"Feature","geometry":{"type":"Polygon","coordinates":[[[22.039583,60.497917],[22.04375,60.497917],[22.04375,60.502083],[22.039583,60.502083],[22.039583,60.497917]]]},"properties":{"radiance":11.94}},{"type":"Feature","geometry":{"type":"Polygon","coordinates":[[[22.04375,60.497917],[22.047917,60.497917],[22.047917,60.502083],[22.04375,60.502083],[22.04375,60.497917]]]},"properties":{"radiance":10.22}},{"type":"Feature","geometry":{"type":"Polygon","coordinates":[[[22.047917,60.497917],[22.052083,60.497917],[22.052083,60.502083],[22.047917,60.502083],[22.047917,60.497917]]]},"properties":{"radiance":9.04}},{"type":"Feature","geometry":{"type":"Polygon","coordinates":[[[22.052083,60.497917],[22.05625,60.497917],[22.05625,60.502083],[22.052083,60.502083],[22.052083,60.497917]]]},"properties":{"radiance":13.28}},{"type":"Feature","geometry":{"type":"Polygon","coordinates":[[[22.05625,60.497917],[22.060417,60.497917],[22.060417,60.502083],[22.05625,60.502083],[22.05625,60.497917]]]},"properties":{"radiance":14.51}},{"type":"Feature","geometry":{"type":"Polygon","coordinates":[[[22.060417,60.497917],[22.064583,60.497917],[22.064583,60.502083],[22.060417,60.502083],[22.060417,60.497917]]]},"properties":{"radiance":8.55}},{"type":"Feature","geometry":{"type":"Polygon","coordinates":[[[22.127083,60.497917],[22.13125,60.497917],[22.13125,60.502083],[22.127083,60.502083],[22.127083,60.497917]]]},"properties":{"radiance":5.58}},{"type":"Feature","geometry":{"type":"Polygon","coordinates":[[[22.13125,60.497917],[22.135417,60.497917],[22.135417,60.502083],[22.13125,60.502083],[22.13125,60.497917]]]},"properties":{"radiance":7.75}},{"type":"Feature","geometry":{"type":"Polygon","coordinates":[[[22.135417,60.497917],[22.139583,60.497917],[22.139583,60.502083],[22.135417,60.502083],[22.135417,60.497917]]]},"properties":{"radiance":9.91}},{"type":"Feature","geometry":{"type":"Polygon","coordinates":[[[22.014583,60.49375],[22.01875,60.49375],[22.01875,60.497917],[22.014583,60.497917],[22.014583,60.49375]]]},"properties":{"radiance":6.14}},{"type":"Feature","geometry":{"type":"Polygon","coordinates":[[[22.01875,60.49375],[22.022917,60.49375],[22.022917,60.497917],[22.01875,60.497917],[22.01875,60.49375]]]},"properties":{"radiance":12.99}},{"type":"Feature","geometry":{"type":"Polygon","coordinates":[[[22.022917,60.49375],[22.027083,60.49375],[22.027083,60.497917],[22.022917,60.497917],[22.022917,60.49375]]]},"properties":{"radiance":10.61}},{"type":"Feature","geometry":{"type":"Polygon","coordinates":[[[22.027083,60.49375],[22.03125,60.49375],[22.03125,60.497917],[22.027083,60.497917],[22.027083,60.49375]]]},"properties":{"radiance":12.12}},{"type":"Feature","geometry":{"type":"Polygon","coordinates":[[[22.03125,60.49375],[22.035417,60.49375],[22.035417,60.497917],[22.03125,60.497917],[22.03125,60.49375]]]},"properties":{"radiance":11.12}},{"type":"Feature","geometry":{"type":"Polygon","coordinates":[[[22.035417,60.49375],[22.039583,60.49375],[22.039583,60.497917],[22.035417,60.497917],[22.035417,60.49375]]]},"properties":{"radiance":11.82}},{"type":"Feature","geometry":{"type":"Polygon","coordinates":[[[22.039583,60.49375],[22.04375,60.49375],[22.04375,60.497917],[22.039583,60.497917],[22.039583,60.49375]]]},"properties":{"radiance":10.86}},{"type":"Feature","geometry":{"type":"Polygon","coordinates":[[[22.04375,60.49375],[22.047917,60.49375],[22.047917,60.497917],[22.04375,60.497917],[22.04375,60.49375]]]},"properties":{"radiance":11.08}},{"type":"Feature","geometry":{"type":"Polygon","coordinates":[[[22.047917,60.49375],[22.052083,60.49375],[22.052083,60.497917],[22.047917,60.497917],[22.047917,60.49375]]]},"properties":{"radiance":10.24}},{"type":"Feature","geometry":{"type":"Polygon","coordinates":[[[22.052083,60.49375],[22.05625,60.49375],[22.05625,60.497917],[22.052083,60.497917],[22.052083,60.49375]]]},"properties":{"radiance":12.07}},{"type":"Feature","geometry":{"type":"Polygon","coordinates":[[[22.05625,60.49375],[22.060417,60.49375],[22.060417,60.497917],[22.05625,60.497917],[22.05625,60.49375]]]},"properties":{"radiance":11.2}},{"type":"Feature","geometry":{"type":"Polygon","coordinates":[[[22.060417,60.49375],[22.064583,60.49375],[22.064583,60.497917],[22.060417,60.497917],[22.060417,60.49375]]]},"properties":{"radiance":10.97}},{"type":"Feature","geometry":{"type":"Polygon","coordinates":[[[22.064583,60.49375],[22.06875,60.49375],[22.06875,60.497917],[22.064583,60.497917],[22.064583,60.49375]]]},"properties":{"radiance":7.12}},{"type":"Feature","geometry":{"type":"Polygon","coordinates":[[[22.089583,60.49375],[22.09375,60.49375],[22.09375,60.497917],[22.089583,60.497917],[22.089583,60.49375]]]},"properties":{"radiance":6.1}},{"type":"Feature","geometry":{"type":"Polygon","coordinates":[[[22.09375,60.49375],[22.097917,60.49375],[22.097917,60.497917],[22.09375,60.497917],[22.09375,60.49375]]]},"properties":{"radiance":7.1}},{"type":"Feature","geometry":{"type":"Polygon","coordinates":[[[22.097917,60.49375],[22.102083,60.49375],[22.102083,60.497917],[22.097917,60.497917],[22.097917,60.49375]]]},"properties":{"radiance":6.16}},{"type":"Feature","geometry":{"type":"Polygon","coordinates":[[[22.102083,60.49375],[22.10625,60.49375],[22.10625,60.497917],[22.102083,60.497917],[22.102083,60.49375]]]},"properties":{"radiance":7.14}},{"type":"Feature","geometry":{"type":"Polygon","coordinates":[[[22.10625,60.49375],[22.110417,60.49375],[22.110417,60.497917],[22.10625,60.497917],[22.10625,60.49375]]]},"properties":{"radiance":5.56}},{"type":"Feature","geometry":{"type":"Polygon","coordinates":[[[22.110417,60.49375],[22.114583,60.49375],[22.114583,60.497917],[22.110417,60.497917],[22.110417,60.49375]]]},"properties":{"radiance":5.96}},{"type":"Feature","geometry":{"type":"Polygon","coordinates":[[[22.114583,60.49375],[22.11875,60.49375],[22.11875,60.497917],[22.114583,60.497917],[22.114583,60.49375]]]},"properties":{"radiance":5.37}},{"type":"Feature","geometry":{"type":"Polygon","coordinates":[[[22.13125,60.49375],[22.135417,60.49375],[22.135417,60.497917],[22.13125,60.497917],[22.13125,60.49375]]]},"properties":{"radiance":7.5}},{"type":"Feature","geometry":{"type":"Polygon","coordinates":[[[22.135417,60.49375],[22.139583,60.49375],[22.139583,60.497917],[22.135417,60.497917],[22.135417,60.49375]]]},"properties":{"radiance":9.65}},{"type":"Feature","geometry":{"type":"Polygon","coordinates":[[[22.014583,60.489583],[22.01875,60.489583],[22.01875,60.49375],[22.014583,60.49375],[22.014583,60.489583]]]},"properties":{"radiance":5.39}},{"type":"Feature","geometry":{"type":"Polygon","coordinates":[[[22.01875,60.489583],[22.022917,60.489583],[22.022917,60.49375],[22.01875,60.49375],[22.01875,60.489583]]]},"properties":{"radiance":7.94}},{"type":"Feature","geometry":{"type":"Polygon","coordinates":[[[22.022917,60.489583],[22.027083,60.489583],[22.027083,60.49375],[22.022917,60.49375],[22.022917,60.489583]]]},"properties":{"radiance":8.69}},{"type":"Feature","geometry":{"type":"Polygon","coordinates":[[[22.027083,60.489583],[22.03125,60.489583],[22.03125,60.49375],[22.027083,60.49375],[22.027083,60.489583]]]},"properties":{"radiance":9.95}},{"type":"Feature","geometry":{"type":"Polygon","coordinates":[[[22.03125,60.489583],[22.035417,60.489583],[22.035417,60.49375],[22.03125,60.49375],[22.03125,60.489583]]]},"properties":{"radiance":10.11}},{"type":"Feature","geometry":{"type":"Polygon","coordinates":[[[22.035417,60.489583],[22.039583,60.489583],[22.039583,60.49375],[22.035417,60.49375],[22.035417,60.489583]]]},"properties":{"radiance":10.97}},{"type":"Feature","geometry":{"type":"Polygon","coordinates":[[[22.039583,60.489583],[22.04375,60.489583],[22.04375,60.49375],[22.039583,60.49375],[22.039583,60.489583]]]},"properties":{"radiance":12.21}},{"type":"Feature","geometry":{"type":"Polygon","coordinates":[[[22.04375,60.489583],[22.047917,60.489583],[22.047917,60.49375],[22.04375,60.49375],[22.04375,60.489583]]]},"properties":{"radiance":14.61}},{"type":"Feature","geometry":{"type":"Polygon","coordinates":[[[22.047917,60.489583],[22.052083,60.489583],[22.052083,60.49375],[22.047917,60.49375],[22.047917,60.489583]]]},"properties":{"radiance":14.3}},{"type":"Feature","geometry":{"type":"Polygon","coordinates":[[[22.052083,60.489583],[22.05625,60.489583],[22.05625,60.49375],[22.052083,60.49375],[22.052083,60.489583]]]},"properties":{"radiance":13.92}},{"type":"Feature","geometry":{"type":"Polygon","coordinates":[[[22.05625,60.489583],[22.060417,60.489583],[22.060417,60.49375],[22.05625,60.49375],[22.05625,60.489583]]]},"properties":{"radiance":14.53}},{"type":"Feature","geometry":{"type":"Polygon","coordinates":[[[22.060417,60.489583],[22.064583,60.489583],[22.064583,60.49375],[22.060417,60.49375],[22.060417,60.489583]]]},"properties":{"radiance":13.59}},{"type":"Feature","geometry":{"type":"Polygon","coordinates":[[[22.064583,60.489583],[22.06875,60.489583],[22.06875,60.49375],[22.064583,60.49375],[22.064583,60.489583]]]},"properties":{"radiance":15.44}},{"type":"Feature","geometry":{"type":"Polygon","coordinates":[[[22.06875,60.489583],[22.072917,60.489583],[22.072917,60.49375],[22.06875,60.49375],[22.06875,60.489583]]]},"properties":{"radiance":11.29}},{"type":"Feature","geometry":{"type":"Polygon","coordinates":[[[22.077083,60.489583],[22.08125,60.489583],[22.08125,60.49375],[22.077083,60.49375],[22.077083,60.489583]]]},"properties":{"radiance":5.29}},{"type":"Feature","geometry":{"type":"Polygon","coordinates":[[[22.08125,60.489583],[22.085417,60.489583],[22.085417,60.49375],[22.08125,60.49375],[22.08125,60.489583]]]},"properties":{"radiance":5.78}},{"type":"Feature","geometry":{"type":"Polygon","coordinates":[[[22.089583,60.489583],[22.09375,60.489583],[22.09375,60.49375],[22.089583,60.49375],[22.089583,60.489583]]]},"properties":{"radiance":8.29}},{"type":"Feature","geometry":{"type":"Polygon","coordinates":[[[22.09375,60.489583],[22.097917,60.489583],[22.097917,60.49375],[22.09375,60.49375],[22.09375,60.489583]]]},"properties":{"radiance":6.54}},{"type":"Feature","geometry":{"type":"Polygon","coordinates":[[[22.097917,60.489583],[22.102083,60.489583],[22.102083,60.49375],[22.097917,60.49375],[22.097917,60.489583]]]},"properties":{"radiance":6.37}},{"type":"Feature","geometry":{"type":"Polygon","coordinates":[[[22.102083,60.489583],[22.10625,60.489583],[22.10625,60.49375],[22.102083,60.49375],[22.102083,60.489583]]]},"properties":{"radiance":7.79}},{"type":"Feature","geometry":{"type":"Polygon","coordinates":[[[22.10625,60.489583],[22.110417,60.489583],[22.110417,60.49375],[22.10625,60.49375],[22.10625,60.489583]]]},"properties":{"radiance":7.35}},{"type":"Feature","geometry":{"type":"Polygon","coordinates":[[[22.110417,60.489583],[22.114583,60.489583],[22.114583,60.49375],[22.110417,60.49375],[22.110417,60.489583]]]},"properties":{"radiance":8.08}},{"type":"Feature","geometry":{"type":"Polygon","coordinates":[[[22.114583,60.489583],[22.11875,60.489583],[22.11875,60.49375],[22.114583,60.49375],[22.114583,60.489583]]]},"properties":{"radiance":8.04}},{"type":"Feature","geometry":{"type":"Polygon","coordinates":[[[22.11875,60.489583],[22.122917,60.489583],[22.122917,60.49375],[22.11875,60.49375],[22.11875,60.489583]]]},"properties":{"radiance":16.93}},{"type":"Feature","geometry":{"type":"Polygon","coordinates":[[[22.122917,60.489583],[22.127083,60.489583],[22.127083,60.49375],[22.122917,60.49375],[22.122917,60.489583]]]},"properties":{"radiance":16.11}},{"type":"Feature","geometry":{"type":"Polygon","coordinates":[[[22.127083,60.489583],[22.13125,60.489583],[22.13125,60.49375],[22.127083,60.49375],[22.127083,60.489583]]]},"properties":{"radiance":16.11}},{"type":"Feature","geometry":{"type":"Polygon","coordinates":[[[22.13125,60.489583],[22.135417,60.489583],[22.135417,60.49375],[22.13125,60.49375],[22.13125,60.489583]]]},"properties":{"radiance":20.63}},{"type":"Feature","geometry":{"type":"Polygon","coordinates":[[[22.135417,60.489583],[22.139583,60.489583],[22.139583,60.49375],[22.135417,60.49375],[22.135417,60.489583]]]},"properties":{"radiance":22.56}},{"type":"Feature","geometry":{"type":"Polygon","coordinates":[[[22.027083,60.485417],[22.03125,60.485417],[22.03125,60.489583],[22.027083,60.489583],[22.027083,60.485417]]]},"properties":{"radiance":11.21}},{"type":"Feature","geometry":{"type":"Polygon","coordinates":[[[22.03125,60.485417],[22.035417,60.485417],[22.035417,60.489583],[22.03125,60.489583],[22.03125,60.485417]]]},"properties":{"radiance":12.87}},{"type":"Feature","geometry":{"type":"Polygon","coordinates":[[[22.035417,60.485417],[22.039583,60.485417],[22.039583,60.489583],[22.035417,60.489583],[22.035417,60.485417]]]},"properties":{"radiance":14.43}},{"type":"Feature","geometry":{"type":"Polygon","coordinates":[[[22.039583,60.485417],[22.04375,60.485417],[22.04375,60.489583],[22.039583,60.489583],[22.039583,60.485417]]]},"properties":{"radiance":18.69}},{"type":"Feature","geometry":{"type":"Polygon","coordinates":[[[22.04375,60.485417],[22.047917,60.485417],[22.047917,60.489583],[22.04375,60.489583],[22.04375,60.485417]]]},"properties":{"radiance":21.24}},{"type":"Feature","geometry":{"type":"Polygon","coordinates":[[[22.047917,60.485417],[22.052083,60.485417],[22.052083,60.489583],[22.047917,60.489583],[22.047917,60.485417]]]},"properties":{"radiance":21.58}},{"type":"Feature","geometry":{"type":"Polygon","coordinates":[[[22.052083,60.485417],[22.05625,60.485417],[22.05625,60.489583],[22.052083,60.489583],[22.052083,60.485417]]]},"properties":{"radiance":18.61}},{"type":"Feature","geometry":{"type":"Polygon","coordinates":[[[22.05625,60.485417],[22.060417,60.485417],[22.060417,60.489583],[22.05625,60.489583],[22.05625,60.485417]]]},"properties":{"radiance":17.85}},{"type":"Feature","geometry":{"type":"Polygon","coordinates":[[[22.060417,60.485417],[22.064583,60.485417],[22.064583,60.489583],[22.060417,60.489583],[22.060417,60.485417]]]},"properties":{"radiance":18}},{"type":"Feature","geometry":{"type":"Polygon","coordinates":[[[22.064583,60.485417],[22.06875,60.485417],[22.06875,60.489583],[22.064583,60.489583],[22.064583,60.485417]]]},"properties":{"radiance":17.03}},{"type":"Feature","geometry":{"type":"Polygon","coordinates":[[[22.06875,60.485417],[22.072917,60.485417],[22.072917,60.489583],[22.06875,60.489583],[22.06875,60.485417]]]},"properties":{"radiance":9.92}},{"type":"Feature","geometry":{"type":"Polygon","coordinates":[[[22.072917,60.485417],[22.077083,60.485417],[22.077083,60.489583],[22.072917,60.489583],[22.072917,60.485417]]]},"properties":{"radiance":9.15}},{"type":"Feature","geometry":{"type":"Polygon","coordinates":[[[22.077083,60.485417],[22.08125,60.485417],[22.08125,60.489583],[22.077083,60.489583],[22.077083,60.485417]]]},"properties":{"radiance":7.82}},{"type":"Feature","geometry":{"type":"Polygon","coordinates":[[[22.08125,60.485417],[22.085417,60.485417],[22.085417,60.489583],[22.08125,60.489583],[22.08125,60.485417]]]},"properties":{"radiance":9.31}},{"type":"Feature","geometry":{"type":"Polygon","coordinates":[[[22.085417,60.485417],[22.089583,60.485417],[22.089583,60.489583],[22.085417,60.489583],[22.085417,60.485417]]]},"properties":{"radiance":11.21}},{"type":"Feature","geometry":{"type":"Polygon","coordinates":[[[22.089583,60.485417],[22.09375,60.485417],[22.09375,60.489583],[22.089583,60.489583],[22.089583,60.485417]]]},"properties":{"radiance":11.35}},{"type":"Feature","geometry":{"type":"Polygon","coordinates":[[[22.09375,60.485417],[22.097917,60.485417],[22.097917,60.489583],[22.09375,60.489583],[22.09375,60.485417]]]},"properties":{"radiance":11.52}},{"type":"Feature","geometry":{"type":"Polygon","coordinates":[[[22.097917,60.485417],[22.102083,60.485417],[22.102083,60.489583],[22.097917,60.489583],[22.097917,60.485417]]]},"properties":{"radiance":8.21}},{"type":"Feature","geometry":{"type":"Polygon","coordinates":[[[22.102083,60.485417],[22.10625,60.485417],[22.10625,60.489583],[22.102083,60.489583],[22.102083,60.485417]]]},"properties":{"radiance":8.16}},{"type":"Feature","geometry":{"type":"Polygon","coordinates":[[[22.10625,60.485417],[22.110417,60.485417],[22.110417,60.489583],[22.10625,60.489583],[22.10625,60.485417]]]},"properties":{"radiance":7.53}},{"type":"Feature","geometry":{"type":"Polygon","coordinates":[[[22.110417,60.485417],[22.114583,60.485417],[22.114583,60.489583],[22.110417,60.489583],[22.110417,60.485417]]]},"properties":{"radiance":7.36}},{"type":"Feature","geometry":{"type":"Polygon","coordinates":[[[22.114583,60.485417],[22.11875,60.485417],[22.11875,60.489583],[22.114583,60.489583],[22.114583,60.485417]]]},"properties":{"radiance":14.37}},{"type":"Feature","geometry":{"type":"Polygon","coordinates":[[[22.11875,60.485417],[22.122917,60.485417],[22.122917,60.489583],[22.11875,60.489583],[22.11875,60.485417]]]},"properties":{"radiance":18.65}},{"type":"Feature","geometry":{"type":"Polygon","coordinates":[[[22.122917,60.485417],[22.127083,60.485417],[22.127083,60.489583],[22.122917,60.489583],[22.122917,60.485417]]]},"properties":{"radiance":21.1}},{"type":"Feature","geometry":{"type":"Polygon","coordinates":[[[22.127083,60.485417],[22.13125,60.485417],[22.13125,60.489583],[22.127083,60.489583],[22.127083,60.485417]]]},"properties":{"radiance":47.07}},{"type":"Feature","geometry":{"type":"Polygon","coordinates":[[[22.13125,60.485417],[22.135417,60.485417],[22.135417,60.489583],[22.13125,60.489583],[22.13125,60.485417]]]},"properties":{"radiance":52.23}},{"type":"Feature","geometry":{"type":"Polygon","coordinates":[[[22.135417,60.485417],[22.139583,60.485417],[22.139583,60.489583],[22.135417,60.489583],[22.135417,60.485417]]]},"properties":{"radiance":50.96}},{"type":"Feature","geometry":{"type":"Polygon","coordinates":[[[22.139583,60.485417],[22.14375,60.485417],[22.14375,60.489583],[22.139583,60.489583],[22.139583,60.485417]]]},"properties":{"radiance":49.75}},{"type":"Feature","geometry":{"type":"Polygon","coordinates":[[[22.14375,60.485417],[22.147917,60.485417],[22.147917,60.489583],[22.14375,60.489583],[22.14375,60.485417]]]},"properties":{"radiance":17.24}},{"type":"Feature","geometry":{"type":"Polygon","coordinates":[[[22.022917,60.48125],[22.027083,60.48125],[22.027083,60.485417],[22.022917,60.485417],[22.022917,60.48125]]]},"properties":{"radiance":6.72}},{"type":"Feature","geometry":{"type":"Polygon","coordinates":[[[22.027083,60.48125],[22.03125,60.48125],[22.03125,60.485417],[22.027083,60.485417],[22.027083,60.48125]]]},"properties":{"radiance":12.93}},{"type":"Feature","geometry":{"type":"Polygon","coordinates":[[[22.03125,60.48125],[22.035417,60.48125],[22.035417,60.485417],[22.03125,60.485417],[22.03125,60.48125]]]},"properties":{"radiance":15.61}},{"type":"Feature","geometry":{"type":"Polygon","coordinates":[[[22.035417,60.48125],[22.039583,60.48125],[22.039583,60.485417],[22.035417,60.485417],[22.035417,60.48125]]]},"properties":{"radiance":22.5}},{"type":"Feature","geometry":{"type":"Polygon","coordinates":[[[22.039583,60.48125],[22.04375,60.48125],[22.04375,60.485417],[22.039583,60.485417],[22.039583,60.48125]]]},"properties":{"radiance":24.06}},{"type":"Feature","geometry":{"type":"Polygon","coordinates":[[[22.04375,60.48125],[22.047917,60.48125],[22.047917,60.485417],[22.04375,60.485417],[22.04375,60.48125]]]},"properties":{"radiance":25.3}},{"type":"Feature","geometry":{"type":"Polygon","coordinates":[[[22.047917,60.48125],[22.052083,60.48125],[22.052083,60.485417],[22.047917,60.485417],[22.047917,60.48125]]]},"properties":{"radiance":25.76}},{"type":"Feature","geometry":{"type":"Polygon","coordinates":[[[22.052083,60.48125],[22.05625,60.48125],[22.05625,60.485417],[22.052083,60.485417],[22.052083,60.48125]]]},"properties":{"radiance":22.59}},{"type":"Feature","geometry":{"type":"Polygon","coordinates":[[[22.05625,60.48125],[22.060417,60.48125],[22.060417,60.485417],[22.05625,60.485417],[22.05625,60.48125]]]},"properties":{"radiance":22.51}},{"type":"Feature","geometry":{"type":"Polygon","coordinates":[[[22.060417,60.48125],[22.064583,60.48125],[22.064583,60.485417],[22.060417,60.485417],[22.060417,60.48125]]]},"properties":{"radiance":18.9}},{"type":"Feature","geometry":{"type":"Polygon","coordinates":[[[22.064583,60.48125],[22.06875,60.48125],[22.06875,60.485417],[22.064583,60.485417],[22.064583,60.48125]]]},"properties":{"radiance":17.76}},{"type":"Feature","geometry":{"type":"Polygon","coordinates":[[[22.06875,60.48125],[22.072917,60.48125],[22.072917,60.485417],[22.06875,60.485417],[22.06875,60.48125]]]},"properties":{"radiance":10.33}},{"type":"Feature","geometry":{"type":"Polygon","coordinates":[[[22.072917,60.48125],[22.077083,60.48125],[22.077083,60.485417],[22.072917,60.485417],[22.072917,60.48125]]]},"properties":{"radiance":9.46}},{"type":"Feature","geometry":{"type":"Polygon","coordinates":[[[22.077083,60.48125],[22.08125,60.48125],[22.08125,60.485417],[22.077083,60.485417],[22.077083,60.48125]]]},"properties":{"radiance":7.67}},{"type":"Feature","geometry":{"type":"Polygon","coordinates":[[[22.08125,60.48125],[22.085417,60.48125],[22.085417,60.485417],[22.08125,60.485417],[22.08125,60.48125]]]},"properties":{"radiance":5.4}},{"type":"Feature","geometry":{"type":"Polygon","coordinates":[[[22.085417,60.48125],[22.089583,60.48125],[22.089583,60.485417],[22.085417,60.485417],[22.085417,60.48125]]]},"properties":{"radiance":5.25}},{"type":"Feature","geometry":{"type":"Polygon","coordinates":[[[22.089583,60.48125],[22.09375,60.48125],[22.09375,60.485417],[22.089583,60.485417],[22.089583,60.48125]]]},"properties":{"radiance":8.32}},{"type":"Feature","geometry":{"type":"Polygon","coordinates":[[[22.09375,60.48125],[22.097917,60.48125],[22.097917,60.485417],[22.09375,60.485417],[22.09375,60.48125]]]},"properties":{"radiance":7.74}},{"type":"Feature","geometry":{"type":"Polygon","coordinates":[[[22.097917,60.48125],[22.102083,60.48125],[22.102083,60.485417],[22.097917,60.485417],[22.097917,60.48125]]]},"properties":{"radiance":7.92}},{"type":"Feature","geometry":{"type":"Polygon","coordinates":[[[22.102083,60.48125],[22.10625,60.48125],[22.10625,60.485417],[22.102083,60.485417],[22.102083,60.48125]]]},"properties":{"radiance":8.43}},{"type":"Feature","geometry":{"type":"Polygon","coordinates":[[[22.10625,60.48125],[22.110417,60.48125],[22.110417,60.485417],[22.10625,60.485417],[22.10625,60.48125]]]},"properties":{"radiance":7.36}},{"type":"Feature","geometry":{"type":"Polygon","coordinates":[[[22.114583,60.48125],[22.11875,60.48125],[22.11875,60.485417],[22.114583,60.485417],[22.114583,60.48125]]]},"properties":{"radiance":13.34}},{"type":"Feature","geometry":{"type":"Polygon","coordinates":[[[22.11875,60.48125],[22.122917,60.48125],[22.122917,60.485417],[22.11875,60.485417],[22.11875,60.48125]]]},"properties":{"radiance":13.71}},{"type":"Feature","geometry":{"type":"Polygon","coordinates":[[[22.122917,60.48125],[22.127083,60.48125],[22.127083,60.485417],[22.122917,60.485417],[22.122917,60.48125]]]},"properties":{"radiance":13.51}},{"type":"Feature","geometry":{"type":"Polygon","coordinates":[[[22.127083,60.48125],[22.13125,60.48125],[22.13125,60.485417],[22.127083,60.485417],[22.127083,60.48125]]]},"properties":{"radiance":26.05}},{"type":"Feature","geometry":{"type":"Polygon","coordinates":[[[22.13125,60.48125],[22.135417,60.48125],[22.135417,60.485417],[22.13125,60.485417],[22.13125,60.48125]]]},"properties":{"radiance":46.52}},{"type":"Feature","geometry":{"type":"Polygon","coordinates":[[[22.135417,60.48125],[22.139583,60.48125],[22.139583,60.485417],[22.135417,60.485417],[22.135417,60.48125]]]},"properties":{"radiance":50.17}},{"type":"Feature","geometry":{"type":"Polygon","coordinates":[[[22.139583,60.48125],[22.14375,60.48125],[22.14375,60.485417],[22.139583,60.485417],[22.139583,60.48125]]]},"properties":{"radiance":16.77}},{"type":"Feature","geometry":{"type":"Polygon","coordinates":[[[22.14375,60.48125],[22.147917,60.48125],[22.147917,60.485417],[22.14375,60.485417],[22.14375,60.48125]]]},"properties":{"radiance":16.8}},{"type":"Feature","geometry":{"type":"Polygon","coordinates":[[[22.010417,60.477083],[22.014583,60.477083],[22.014583,60.48125],[22.010417,60.48125],[22.010417,60.477083]]]},"properties":{"radiance":10.38}},{"type":"Feature","geometry":{"type":"Polygon","coordinates":[[[22.014583,60.477083],[22.01875,60.477083],[22.01875,60.48125],[22.014583,60.48125],[22.014583,60.477083]]]},"properties":{"radiance":6.69}},{"type":"Feature","geometry":{"type":"Polygon","coordinates":[[[22.01875,60.477083],[22.022917,60.477083],[22.022917,60.48125],[22.01875,60.48125],[22.01875,60.477083]]]},"properties":{"radiance":7.92}},{"type":"Feature","geometry":{"type":"Polygon","coordinates":[[[22.022917,60.477083],[22.027083,60.477083],[22.027083,60.48125],[22.022917,60.48125],[22.022917,60.477083]]]},"properties":{"radiance":13.03}},{"type":"Feature","geometry":{"type":"Polygon","coordinates":[[[22.027083,60.477083],[22.03125,60.477083],[22.03125,60.48125],[22.027083,60.48125],[22.027083,60.477083]]]},"properties":{"radiance":16.71}},{"type":"Feature","geometry":{"type":"Polygon","coordinates":[[[22.03125,60.477083],[22.035417,60.477083],[22.035417,60.48125],[22.03125,60.48125],[22.03125,60.477083]]]},"properties":{"radiance":16.92}},{"type":"Feature","geometry":{"type":"Polygon","coordinates":[[[22.035417,60.477083],[22.039583,60.477083],[22.039583,60.48125],[22.035417,60.48125],[22.035417,60.477083]]]},"properties":{"radiance":18.26}},{"type":"Feature","geometry":{"type":"Polygon","coordinates":[[[22.039583,60.477083],[22.04375,60.477083],[22.04375,60.48125],[22.039583,60.48125],[22.039583,60.477083]]]},"properties":{"radiance":22.91}},{"type":"Feature","geometry":{"type":"Polygon","coordinates":[[[22.04375,60.477083],[22.047917,60.477083],[22.047917,60.48125],[22.04375,60.48125],[22.04375,60.477083]]]},"properties":{"radiance":25.54}},{"type":"Feature","geometry":{"type":"Polygon","coordinates":[[[22.047917,60.477083],[22.052083,60.477083],[22.052083,60.48125],[22.047917,60.48125],[22.047917,60.477083]]]},"properties":{"radiance":25.81}},{"type":"Feature","geometry":{"type":"Polygon","coordinates":[[[22.052083,60.477083],[22.05625,60.477083],[22.05625,60.48125],[22.052083,60.48125],[22.052083,60.477083]]]},"properties":{"radiance":25.96}},{"type":"Feature","geometry":{"type":"Polygon","coordinates":[[[22.05625,60.477083],[22.060417,60.477083],[22.060417,60.48125],[22.05625,60.48125],[22.05625,60.477083]]]},"properties":{"radiance":25.83}},{"type":"Feature","geometry":{"type":"Polygon","coordinates":[[[22.060417,60.477083],[22.064583,60.477083],[22.064583,60.48125],[22.060417,60.48125],[22.060417,60.477083]]]},"properties":{"radiance":23.88}},{"type":"Feature","geometry":{"type":"Polygon","coordinates":[[[22.064583,60.477083],[22.06875,60.477083],[22.06875,60.48125],[22.064583,60.48125],[22.064583,60.477083]]]},"properties":{"radiance":15.05}},{"type":"Feature","geometry":{"type":"Polygon","coordinates":[[[22.06875,60.477083],[22.072917,60.477083],[22.072917,60.48125],[22.06875,60.48125],[22.06875,60.477083]]]},"properties":{"radiance":13.05}},{"type":"Feature","geometry":{"type":"Polygon","coordinates":[[[22.072917,60.477083],[22.077083,60.477083],[22.077083,60.48125],[22.072917,60.48125],[22.072917,60.477083]]]},"properties":{"radiance":11.39}},{"type":"Feature","geometry":{"type":"Polygon","coordinates":[[[22.077083,60.477083],[22.08125,60.477083],[22.08125,60.48125],[22.077083,60.48125],[22.077083,60.477083]]]},"properties":{"radiance":5.9}},{"type":"Feature","geometry":{"type":"Polygon","coordinates":[[[22.089583,60.477083],[22.09375,60.477083],[22.09375,60.48125],[22.089583,60.48125],[22.089583,60.477083]]]},"properties":{"radiance":5.48}},{"type":"Feature","geometry":{"type":"Polygon","coordinates":[[[22.09375,60.477083],[22.097917,60.477083],[22.097917,60.48125],[22.09375,60.48125],[22.09375,60.477083]]]},"properties":{"radiance":9.53}},{"type":"Feature","geometry":{"type":"Polygon","coordinates":[[[22.097917,60.477083],[22.102083,60.477083],[22.102083,60.48125],[22.097917,60.48125],[22.097917,60.477083]]]},"properties":{"radiance":9.15}},{"type":"Feature","geometry":{"type":"Polygon","coordinates":[[[22.102083,60.477083],[22.10625,60.477083],[22.10625,60.48125],[22.102083,60.48125],[22.102083,60.477083]]]},"properties":{"radiance":9.97}},{"type":"Feature","geometry":{"type":"Polygon","coordinates":[[[22.10625,60.477083],[22.110417,60.477083],[22.110417,60.48125],[22.10625,60.48125],[22.10625,60.477083]]]},"properties":{"radiance":5.43}},{"type":"Feature","geometry":{"type":"Polygon","coordinates":[[[22.11875,60.477083],[22.122917,60.477083],[22.122917,60.48125],[22.11875,60.48125],[22.11875,60.477083]]]},"properties":{"radiance":6.04}},{"type":"Feature","geometry":{"type":"Polygon","coordinates":[[[22.122917,60.477083],[22.127083,60.477083],[22.127083,60.48125],[22.122917,60.48125],[22.122917,60.477083]]]},"properties":{"radiance":7.43}},{"type":"Feature","geometry":{"type":"Polygon","coordinates":[[[22.127083,60.477083],[22.13125,60.477083],[22.13125,60.48125],[22.127083,60.48125],[22.127083,60.477083]]]},"properties":{"radiance":7.2}},{"type":"Feature","geometry":{"type":"Polygon","coordinates":[[[22.13125,60.477083],[22.135417,60.477083],[22.135417,60.48125],[22.13125,60.48125],[22.13125,60.477083]]]},"properties":{"radiance":7.71}},{"type":"Feature","geometry":{"type":"Polygon","coordinates":[[[22.135417,60.477083],[22.139583,60.477083],[22.139583,60.48125],[22.135417,60.48125],[22.135417,60.477083]]]},"properties":{"radiance":24.14}},{"type":"Feature","geometry":{"type":"Polygon","coordinates":[[[22.139583,60.477083],[22.14375,60.477083],[22.14375,60.48125],[22.139583,60.48125],[22.139583,60.477083]]]},"properties":{"radiance":15.05}},{"type":"Feature","geometry":{"type":"Polygon","coordinates":[[[22.14375,60.477083],[22.147917,60.477083],[22.147917,60.48125],[22.14375,60.48125],[22.14375,60.477083]]]},"properties":{"radiance":16.67}},{"type":"Feature","geometry":{"type":"Polygon","coordinates":[[[22.00625,60.472917],[22.010417,60.472917],[22.010417,60.477083],[22.00625,60.477083],[22.00625,60.472917]]]},"properties":{"radiance":8.01}},{"type":"Feature","geometry":{"type":"Polygon","coordinates":[[[22.010417,60.472917],[22.014583,60.472917],[22.014583,60.477083],[22.010417,60.477083],[22.010417,60.472917]]]},"properties":{"radiance":12.18}},{"type":"Feature","geometry":{"type":"Polygon","coordinates":[[[22.014583,60.472917],[22.01875,60.472917],[22.01875,60.477083],[22.014583,60.477083],[22.014583,60.472917]]]},"properties":{"radiance":16.03}},{"type":"Feature","geometry":{"type":"Polygon","coordinates":[[[22.01875,60.472917],[22.022917,60.472917],[22.022917,60.477083],[22.01875,60.477083],[22.01875,60.472917]]]},"properties":{"radiance":22.95}},{"type":"Feature","geometry":{"type":"Polygon","coordinates":[[[22.022917,60.472917],[22.027083,60.472917],[22.027083,60.477083],[22.022917,60.477083],[22.022917,60.472917]]]},"properties":{"radiance":23.61}},{"type":"Feature","geometry":{"type":"Polygon","coordinates":[[[22.027083,60.472917],[22.03125,60.472917],[22.03125,60.477083],[22.027083,60.477083],[22.027083,60.472917]]]},"properties":{"radiance":19.77}},{"type":"Feature","geometry":{"type":"Polygon","coordinates":[[[22.03125,60.472917],[22.035417,60.472917],[22.035417,60.477083],[22.03125,60.477083],[22.03125,60.472917]]]},"properties":{"radiance":18.12}},{"type":"Feature","geometry":{"type":"Polygon","coordinates":[[[22.035417,60.472917],[22.039583,60.472917],[22.039583,60.477083],[22.035417,60.477083],[22.035417,60.472917]]]},"properties":{"radiance":17.13}},{"type":"Feature","geometry":{"type":"Polygon","coordinates":[[[22.039583,60.472917],[22.04375,60.472917],[22.04375,60.477083],[22.039583,60.477083],[22.039583,60.472917]]]},"properties":{"radiance":15.45}},{"type":"Feature","geometry":{"type":"Polygon","coordinates":[[[22.04375,60.472917],[22.047917,60.472917],[22.047917,60.477083],[22.04375,60.477083],[22.04375,60.472917]]]},"properties":{"radiance":16.84}},{"type":"Feature","geometry":{"type":"Polygon","coordinates":[[[22.047917,60.472917],[22.052083,60.472917],[22.052083,60.477083],[22.047917,60.477083],[22.047917,60.472917]]]},"properties":{"radiance":26.9}},{"type":"Feature","geometry":{"type":"Polygon","coordinates":[[[22.052083,60.472917],[22.05625,60.472917],[22.05625,60.477083],[22.052083,60.477083],[22.052083,60.472917]]]},"properties":{"radiance":40.07}},{"type":"Feature","geometry":{"type":"Polygon","coordinates":[[[22.05625,60.472917],[22.060417,60.472917],[22.060417,60.477083],[22.05625,60.477083],[22.05625,60.472917]]]},"properties":{"radiance":38.28}},{"type":"Feature","geometry":{"type":"Polygon","coordinates":[[[22.060417,60.472917],[22.064583,60.472917],[22.064583,60.477083],[22.060417,60.477083],[22.060417,60.472917]]]},"properties":{"radiance":36.72}},{"type":"Feature","geometry":{"type":"Polygon","coordinates":[[[22.064583,60.472917],[22.06875,60.472917],[22.06875,60.477083],[22.064583,60.477083],[22.064583,60.472917]]]},"properties":{"radiance":24}},{"type":"Feature","geometry":{"type":"Polygon","coordinates":[[[22.06875,60.472917],[22.072917,60.472917],[22.072917,60.477083],[22.06875,60.477083],[22.06875,60.472917]]]},"properties":{"radiance":16.37}},{"type":"Feature","geometry":{"type":"Polygon","coordinates":[[[22.072917,60.472917],[22.077083,60.472917],[22.077083,60.477083],[22.072917,60.477083],[22.072917,60.472917]]]},"properties":{"radiance":13.88}},{"type":"Feature","geometry":{"type":"Polygon","coordinates":[[[22.089583,60.472917],[22.09375,60.472917],[22.09375,60.477083],[22.089583,60.477083],[22.089583,60.472917]]]},"properties":{"radiance":5.95}},{"type":"Feature","geometry":{"type":"Polygon","coordinates":[[[22.09375,60.472917],[22.097917,60.472917],[22.097917,60.477083],[22.09375,60.477083],[22.09375,60.472917]]]},"properties":{"radiance":6.07}},{"type":"Feature","geometry":{"type":"Polygon","coordinates":[[[22.097917,60.472917],[22.102083,60.472917],[22.102083,60.477083],[22.097917,60.477083],[22.097917,60.472917]]]},"properties":{"radiance":7.51}},{"type":"Feature","geometry":{"type":"Polygon","coordinates":[[[22.102083,60.472917],[22.10625,60.472917],[22.10625,60.477083],[22.102083,60.477083],[22.102083,60.472917]]]},"properties":{"radiance":7.29}},{"type":"Feature","geometry":{"type":"Polygon","coordinates":[[[22.10625,60.472917],[22.110417,60.472917],[22.110417,60.477083],[22.10625,60.477083],[22.10625,60.472917]]]},"properties":{"radiance":6.21}},{"type":"Feature","geometry":{"type":"Polygon","coordinates":[[[22.110417,60.472917],[22.114583,60.472917],[22.114583,60.477083],[22.110417,60.477083],[22.110417,60.472917]]]},"properties":{"radiance":6.09}},{"type":"Feature","geometry":{"type":"Polygon","coordinates":[[[22.114583,60.472917],[22.11875,60.472917],[22.11875,60.477083],[22.114583,60.477083],[22.114583,60.472917]]]},"properties":{"radiance":5.33}},{"type":"Feature","geometry":{"type":"Polygon","coordinates":[[[22.127083,60.472917],[22.13125,60.472917],[22.13125,60.477083],[22.127083,60.477083],[22.127083,60.472917]]]},"properties":{"radiance":6.46}},{"type":"Feature","geometry":{"type":"Polygon","coordinates":[[[22.13125,60.472917],[22.135417,60.472917],[22.135417,60.477083],[22.13125,60.477083],[22.13125,60.472917]]]},"properties":{"radiance":6.95}},{"type":"Feature","geometry":{"type":"Polygon","coordinates":[[[22.135417,60.472917],[22.139583,60.472917],[22.139583,60.477083],[22.135417,60.477083],[22.135417,60.472917]]]},"properties":{"radiance":13.84}},{"type":"Feature","geometry":{"type":"Polygon","coordinates":[[[22.139583,60.472917],[22.14375,60.472917],[22.14375,60.477083],[22.139583,60.477083],[22.139583,60.472917]]]},"properties":{"radiance":15.33}},{"type":"Feature","geometry":{"type":"Polygon","coordinates":[[[22.14375,60.472917],[22.147917,60.472917],[22.147917,60.477083],[22.14375,60.477083],[22.14375,60.472917]]]},"properties":{"radiance":15.97}},{"type":"Feature","geometry":{"type":"Polygon","coordinates":[[[22.00625,60.46875],[22.010417,60.46875],[22.010417,60.472917],[22.00625,60.472917],[22.00625,60.46875]]]},"properties":{"radiance":7.49}},{"type":"Feature","geometry":{"type":"Polygon","coordinates":[[[22.010417,60.46875],[22.014583,60.46875],[22.014583,60.472917],[22.010417,60.472917],[22.010417,60.46875]]]},"properties":{"radiance":11.49}},{"type":"Feature","geometry":{"type":"Polygon","coordinates":[[[22.014583,60.46875],[22.01875,60.46875],[22.01875,60.472917],[22.014583,60.472917],[22.014583,60.46875]]]},"properties":{"radiance":13.39}},{"type":"Feature","geometry":{"type":"Polygon","coordinates":[[[22.01875,60.46875],[22.022917,60.46875],[22.022917,60.472917],[22.01875,60.472917],[22.01875,60.46875]]]},"properties":{"radiance":31.83}},{"type":"Feature","geometry":{"type":"Polygon","coordinates":[[[22.022917,60.46875],[22.027083,60.46875],[22.027083,60.472917],[22.022917,60.472917],[22.022917,60.46875]]]},"properties":{"radiance":41.03}},{"type":"Feature","geometry":{"type":"Polygon","coordinates":[[[22.027083,60.46875],[22.03125,60.46875],[22.03125,60.472917],[22.027083,60.472917],[22.027083,60.46875]]]},"properties":{"radiance":39.42}},{"type":"Feature","geometry":{"type":"Polygon","coordinates":[[[22.03125,60.46875],[22.035417,60.46875],[22.035417,60.472917],[22.03125,60.472917],[22.03125,60.46875]]]},"properties":{"radiance":23.38}},{"type":"Feature","geometry":{"type":"Polygon","coordinates":[[[22.035417,60.46875],[22.039583,60.46875],[22.039583,60.472917],[22.035417,60.472917],[22.035417,60.46875]]]},"properties":{"radiance":12.13}},{"type":"Feature","geometry":{"type":"Polygon","coordinates":[[[22.039583,60.46875],[22.04375,60.46875],[22.04375,60.472917],[22.039583,60.472917],[22.039583,60.46875]]]},"properties":{"radiance":9.63}},{"type":"Feature","geometry":{"type":"Polygon","coordinates":[[[22.04375,60.46875],[22.047917,60.46875],[22.047917,60.472917],[22.04375,60.472917],[22.04375,60.46875]]]},"properties":{"radiance":12.42}},{"type":"Feature","geometry":{"type":"Polygon","coordinates":[[[22.047917,60.46875],[22.052083,60.46875],[22.052083,60.472917],[22.047917,60.472917],[22.047917,60.46875]]]},"properties":{"radiance":40.17}},{"type":"Feature","geometry":{"type":"Polygon","coordinates":[[[22.052083,60.46875],[22.05625,60.46875],[22.05625,60.472917],[22.052083,60.472917],[22.052083,60.46875]]]},"properties":{"radiance":47.23}},{"type":"Feature","geometry":{"type":"Polygon","coordinates":[[[22.05625,60.46875],[22.060417,60.46875],[22.060417,60.472917],[22.05625,60.472917],[22.05625,60.46875]]]},"properties":{"radiance":52.26}},{"type":"Feature","geometry":{"type":"Polygon","coordinates":[[[22.060417,60.46875],[22.064583,60.46875],[22.064583,60.472917],[22.060417,60.472917],[22.060417,60.46875]]]},"properties":{"radiance":44.18}},{"type":"Feature","geometry":{"type":"Polygon","coordinates":[[[22.064583,60.46875],[22.06875,60.46875],[22.06875,60.472917],[22.064583,60.472917],[22.064583,60.46875]]]},"properties":{"radiance":36.92}},{"type":"Feature","geometry":{"type":"Polygon","coordinates":[[[22.06875,60.46875],[22.072917,60.46875],[22.072917,60.472917],[22.06875,60.472917],[22.06875,60.46875]]]},"properties":{"radiance":27.03}},{"type":"Feature","geometry":{"type":"Polygon","coordinates":[[[22.072917,60.46875],[22.077083,60.46875],[22.077083,60.472917],[22.072917,60.472917],[22.072917,60.46875]]]},"properties":{"radiance":12.57}},{"type":"Feature","geometry":{"type":"Polygon","coordinates":[[[22.077083,60.46875],[22.08125,60.46875],[22.08125,60.472917],[22.077083,60.472917],[22.077083,60.46875]]]},"properties":{"radiance":6.4}},{"type":"Feature","geometry":{"type":"Polygon","coordinates":[[[22.08125,60.46875],[22.085417,60.46875],[22.085417,60.472917],[22.08125,60.472917],[22.08125,60.46875]]]},"properties":{"radiance":5.19}},{"type":"Feature","geometry":{"type":"Polygon","coordinates":[[[22.089583,60.46875],[22.09375,60.46875],[22.09375,60.472917],[22.089583,60.472917],[22.089583,60.46875]]]},"properties":{"radiance":5.54}},{"type":"Feature","geometry":{"type":"Polygon","coordinates":[[[22.09375,60.46875],[22.097917,60.46875],[22.097917,60.472917],[22.09375,60.472917],[22.09375,60.46875]]]},"properties":{"radiance":8.76}},{"type":"Feature","geometry":{"type":"Polygon","coordinates":[[[22.097917,60.46875],[22.102083,60.46875],[22.102083,60.472917],[22.097917,60.472917],[22.097917,60.46875]]]},"properties":{"radiance":9.25}},{"type":"Feature","geometry":{"type":"Polygon","coordinates":[[[22.102083,60.46875],[22.10625,60.46875],[22.10625,60.472917],[22.102083,60.472917],[22.102083,60.46875]]]},"properties":{"radiance":10.53}},{"type":"Feature","geometry":{"type":"Polygon","coordinates":[[[22.10625,60.46875],[22.110417,60.46875],[22.110417,60.472917],[22.10625,60.472917],[22.10625,60.46875]]]},"properties":{"radiance":9.48}},{"type":"Feature","geometry":{"type":"Polygon","coordinates":[[[22.110417,60.46875],[22.114583,60.46875],[22.114583,60.472917],[22.110417,60.472917],[22.110417,60.46875]]]},"properties":{"radiance":8.44}},{"type":"Feature","geometry":{"type":"Polygon","coordinates":[[[22.114583,60.46875],[22.11875,60.46875],[22.11875,60.472917],[22.114583,60.472917],[22.114583,60.46875]]]},"properties":{"radiance":8.54}},{"type":"Feature","geometry":{"type":"Polygon","coordinates":[[[22.11875,60.46875],[22.122917,60.46875],[22.122917,60.472917],[22.11875,60.472917],[22.11875,60.46875]]]},"properties":{"radiance":8.83}},{"type":"Feature","geometry":{"type":"Polygon","coordinates":[[[22.122917,60.46875],[22.127083,60.46875],[22.127083,60.472917],[22.122917,60.472917],[22.122917,60.46875]]]},"properties":{"radiance":5.53}},{"type":"Feature","geometry":{"type":"Polygon","coordinates":[[[22.127083,60.46875],[22.13125,60.46875],[22.13125,60.472917],[22.127083,60.472917],[22.127083,60.46875]]]},"properties":{"radiance":6.06}},{"type":"Feature","geometry":{"type":"Polygon","coordinates":[[[22.13125,60.46875],[22.135417,60.46875],[22.135417,60.472917],[22.13125,60.472917],[22.13125,60.46875]]]},"properties":{"radiance":10.42}},{"type":"Feature","geometry":{"type":"Polygon","coordinates":[[[22.135417,60.46875],[22.139583,60.46875],[22.139583,60.472917],[22.135417,60.472917],[22.135417,60.46875]]]},"properties":{"radiance":10.44}},{"type":"Feature","geometry":{"type":"Polygon","coordinates":[[[22.139583,60.46875],[22.14375,60.46875],[22.14375,60.472917],[22.139583,60.472917],[22.139583,60.46875]]]},"properties":{"radiance":11.53}},{"type":"Feature","geometry":{"type":"Polygon","coordinates":[[[22.14375,60.46875],[22.147917,60.46875],[22.147917,60.472917],[22.14375,60.472917],[22.14375,60.46875]]]},"properties":{"radiance":12.68}},{"type":"Feature","geometry":{"type":"Polygon","coordinates":[[[21.989583,60.464583],[21.99375,60.464583],[21.99375,60.46875],[21.989583,60.46875],[21.989583,60.464583]]]},"properties":{"radiance":7.46}},{"type":"Feature","geometry":{"type":"Polygon","coordinates":[[[21.99375,60.464583],[21.997917,60.464583],[21.997917,60.46875],[21.99375,60.46875],[21.99375,60.464583]]]},"properties":{"radiance":7.88}},{"type":"Feature","geometry":{"type":"Polygon","coordinates":[[[21.997917,60.464583],[22.002083,60.464583],[22.002083,60.46875],[21.997917,60.46875],[21.997917,60.464583]]]},"properties":{"radiance":6.66}},{"type":"Feature","geometry":{"type":"Polygon","coordinates":[[[22.010417,60.464583],[22.014583,60.464583],[22.014583,60.46875],[22.010417,60.46875],[22.010417,60.464583]]]},"properties":{"radiance":6.4}},{"type":"Feature","geometry":{"type":"Polygon","coordinates":[[[22.014583,60.464583],[22.01875,60.464583],[22.01875,60.46875],[22.014583,60.46875],[22.014583,60.464583]]]},"properties":{"radiance":29.22}},{"type":"Feature","geometry":{"type":"Polygon","coordinates":[[[22.01875,60.464583],[22.022917,60.464583],[22.022917,60.46875],[22.01875,60.46875],[22.01875,60.464583]]]},"properties":{"radiance":26.99}},{"type":"Feature","geometry":{"type":"Polygon","coordinates":[[[22.022917,60.464583],[22.027083,60.464583],[22.027083,60.46875],[22.022917,60.46875],[22.022917,60.464583]]]},"properties":{"radiance":31.42}},{"type":"Feature","geometry":{"type":"Polygon","coordinates":[[[22.027083,60.464583],[22.03125,60.464583],[22.03125,60.46875],[22.027083,60.46875],[22.027083,60.464583]]]},"properties":{"radiance":23.21}},{"type":"Feature","geometry":{"type":"Polygon","coordinates":[[[22.03125,60.464583],[22.035417,60.464583],[22.035417,60.46875],[22.03125,60.46875],[22.03125,60.464583]]]},"properties":{"radiance":20.36}},{"type":"Feature","geometry":{"type":"Polygon","coordinates":[[[22.035417,60.464583],[22.039583,60.464583],[22.039583,60.46875],[22.035417,60.46875],[22.035417,60.464583]]]},"properties":{"radiance":14.15}},{"type":"Feature","geometry":{"type":"Polygon","coordinates":[[[22.039583,60.464583],[22.04375,60.464583],[22.04375,60.46875],[22.039583,60.46875],[22.039583,60.464583]]]},"properties":{"radiance":12.41}},{"type":"Feature","geometry":{"type":"Polygon","coordinates":[[[22.04375,60.464583],[22.047917,60.464583],[22.047917,60.46875],[22.04375,60.46875],[22.04375,60.464583]]]},"properties":{"radiance":18.98}},{"type":"Feature","geometry":{"type":"Polygon","coordinates":[[[22.047917,60.464583],[22.052083,60.464583],[22.052083,60.46875],[22.047917,60.46875],[22.047917,60.464583]]]},"properties":{"radiance":21.29}},{"type":"Feature","geometry":{"type":"Polygon","coordinates":[[[22.052083,60.464583],[22.05625,60.464583],[22.05625,60.46875],[22.052083,60.46875],[22.052083,60.464583]]]},"properties":{"radiance":22.38}},{"type":"Feature","geometry":{"type":"Polygon","coordinates":[[[22.05625,60.464583],[22.060417,60.464583],[22.060417,60.46875],[22.05625,60.46875],[22.05625,60.464583]]]},"properties":{"radiance":20.53}},{"type":"Feature","geometry":{"type":"Polygon","coordinates":[[[22.060417,60.464583],[22.064583,60.464583],[22.064583,60.46875],[22.060417,60.46875],[22.060417,60.464583]]]},"properties":{"radiance":14.72}},{"type":"Feature","geometry":{"type":"Polygon","coordinates":[[[22.064583,60.464583],[22.06875,60.464583],[22.06875,60.46875],[22.064583,60.46875],[22.064583,60.464583]]]},"properties":{"radiance":11.69}},{"type":"Feature","geometry":{"type":"Polygon","coordinates":[[[22.06875,60.464583],[22.072917,60.464583],[22.072917,60.46875],[22.06875,60.46875],[22.06875,60.464583]]]},"properties":{"radiance":11.9}},{"type":"Feature","geometry":{"type":"Polygon","coordinates":[[[22.072917,60.464583],[22.077083,60.464583],[22.077083,60.46875],[22.072917,60.46875],[22.072917,60.464583]]]},"properties":{"radiance":9.52}},{"type":"Feature","geometry":{"type":"Polygon","coordinates":[[[22.077083,60.464583],[22.08125,60.464583],[22.08125,60.46875],[22.077083,60.46875],[22.077083,60.464583]]]},"properties":{"radiance":5.57}},{"type":"Feature","geometry":{"type":"Polygon","coordinates":[[[22.08125,60.464583],[22.085417,60.464583],[22.085417,60.46875],[22.08125,60.46875],[22.08125,60.464583]]]},"properties":{"radiance":5.11}},{"type":"Feature","geometry":{"type":"Polygon","coordinates":[[[22.085417,60.464583],[22.089583,60.464583],[22.089583,60.46875],[22.085417,60.46875],[22.085417,60.464583]]]},"properties":{"radiance":5.03}},{"type":"Feature","geometry":{"type":"Polygon","coordinates":[[[22.089583,60.464583],[22.09375,60.464583],[22.09375,60.46875],[22.089583,60.46875],[22.089583,60.464583]]]},"properties":{"radiance":5.97}},{"type":"Feature","geometry":{"type":"Polygon","coordinates":[[[22.09375,60.464583],[22.097917,60.464583],[22.097917,60.46875],[22.09375,60.46875],[22.09375,60.464583]]]},"properties":{"radiance":6.59}},{"type":"Feature","geometry":{"type":"Polygon","coordinates":[[[22.097917,60.464583],[22.102083,60.464583],[22.102083,60.46875],[22.097917,60.46875],[22.097917,60.464583]]]},"properties":{"radiance":8.81}},{"type":"Feature","geometry":{"type":"Polygon","coordinates":[[[22.102083,60.464583],[22.10625,60.464583],[22.10625,60.46875],[22.102083,60.46875],[22.102083,60.464583]]]},"properties":{"radiance":14.24}},{"type":"Feature","geometry":{"type":"Polygon","coordinates":[[[22.10625,60.464583],[22.110417,60.464583],[22.110417,60.46875],[22.10625,60.46875],[22.10625,60.464583]]]},"properties":{"radiance":18.61}},{"type":"Feature","geometry":{"type":"Polygon","coordinates":[[[22.110417,60.464583],[22.114583,60.464583],[22.114583,60.46875],[22.110417,60.46875],[22.110417,60.464583]]]},"properties":{"radiance":16.34}},{"type":"Feature","geometry":{"type":"Polygon","coordinates":[[[22.114583,60.464583],[22.11875,60.464583],[22.11875,60.46875],[22.114583,60.46875],[22.114583,60.464583]]]},"properties":{"radiance":22.31}},{"type":"Feature","geometry":{"type":"Polygon","coordinates":[[[22.11875,60.464583],[22.122917,60.464583],[22.122917,60.46875],[22.11875,60.46875],[22.11875,60.464583]]]},"properties":{"radiance":18.74}},{"type":"Feature","geometry":{"type":"Polygon","coordinates":[[[22.122917,60.464583],[22.127083,60.464583],[22.127083,60.46875],[22.122917,60.46875],[22.122917,60.464583]]]},"properties":{"radiance":19.97}},{"type":"Feature","geometry":{"type":"Polygon","coordinates":[[[22.127083,60.464583],[22.13125,60.464583],[22.13125,60.46875],[22.127083,60.46875],[22.127083,60.464583]]]},"properties":{"radiance":20.12}},{"type":"Feature","geometry":{"type":"Polygon","coordinates":[[[22.13125,60.464583],[22.135417,60.464583],[22.135417,60.46875],[22.13125,60.46875],[22.13125,60.464583]]]},"properties":{"radiance":32.94}},{"type":"Feature","geometry":{"type":"Polygon","coordinates":[[[22.135417,60.464583],[22.139583,60.464583],[22.139583,60.46875],[22.135417,60.46875],[22.135417,60.464583]]]},"properties":{"radiance":22.75}},{"type":"Feature","geometry":{"type":"Polygon","coordinates":[[[22.139583,60.464583],[22.14375,60.464583],[22.14375,60.46875],[22.139583,60.46875],[22.139583,60.464583]]]},"properties":{"radiance":12.31}},{"type":"Feature","geometry":{"type":"Polygon","coordinates":[[[22.14375,60.464583],[22.147917,60.464583],[22.147917,60.46875],[22.14375,60.46875],[22.14375,60.464583]]]},"properties":{"radiance":12.55}},{"type":"Feature","geometry":{"type":"Polygon","coordinates":[[[21.927083,60.460417],[21.93125,60.460417],[21.93125,60.464583],[21.927083,60.464583],[21.927083,60.460417]]]},"properties":{"radiance":6.15}},{"type":"Feature","geometry":{"type":"Polygon","coordinates":[[[21.93125,60.460417],[21.935417,60.460417],[21.935417,60.464583],[21.93125,60.464583],[21.93125,60.460417]]]},"properties":{"radiance":5.27}},{"type":"Feature","geometry":{"type":"Polygon","coordinates":[[[21.935417,60.460417],[21.939583,60.460417],[21.939583,60.464583],[21.935417,60.464583],[21.935417,60.460417]]]},"properties":{"radiance":7.02}},{"type":"Feature","geometry":{"type":"Polygon","coordinates":[[[21.939583,60.460417],[21.94375,60.460417],[21.94375,60.464583],[21.939583,60.464583],[21.939583,60.460417]]]},"properties":{"radiance":7.06}},{"type":"Feature","geometry":{"type":"Polygon","coordinates":[[[21.985417,60.460417],[21.989583,60.460417],[21.989583,60.464583],[21.985417,60.464583],[21.985417,60.460417]]]},"properties":{"radiance":6.64}},{"type":"Feature","geometry":{"type":"Polygon","coordinates":[[[21.989583,60.460417],[21.99375,60.460417],[21.99375,60.464583],[21.989583,60.464583],[21.989583,60.460417]]]},"properties":{"radiance":7.47}},{"type":"Feature","geometry":{"type":"Polygon","coordinates":[[[21.99375,60.460417],[21.997917,60.460417],[21.997917,60.464583],[21.99375,60.464583],[21.99375,60.460417]]]},"properties":{"radiance":7.86}},{"type":"Feature","geometry":{"type":"Polygon","coordinates":[[[21.997917,60.460417],[22.002083,60.460417],[22.002083,60.464583],[21.997917,60.464583],[21.997917,60.460417]]]},"properties":{"radiance":7.49}},{"type":"Feature","geometry":{"type":"Polygon","coordinates":[[[22.002083,60.460417],[22.00625,60.460417],[22.00625,60.464583],[22.002083,60.464583],[22.002083,60.460417]]]},"properties":{"radiance":7.67}},{"type":"Feature","geometry":{"type":"Polygon","coordinates":[[[22.00625,60.460417],[22.010417,60.460417],[22.010417,60.464583],[22.00625,60.464583],[22.00625,60.460417]]]},"properties":{"radiance":7.22}},{"type":"Feature","geometry":{"type":"Polygon","coordinates":[[[22.010417,60.460417],[22.014583,60.460417],[22.014583,60.464583],[22.010417,60.464583],[22.010417,60.460417]]]},"properties":{"radiance":9.43}},{"type":"Feature","geometry":{"type":"Polygon","coordinates":[[[22.014583,60.460417],[22.01875,60.460417],[22.01875,60.464583],[22.014583,60.464583],[22.014583,60.460417]]]},"properties":{"radiance":10.29}},{"type":"Feature","geometry":{"type":"Polygon","coordinates":[[[22.01875,60.460417],[22.022917,60.460417],[22.022917,60.464583],[22.01875,60.464583],[22.01875,60.460417]]]},"properties":{"radiance":11.19}},{"type":"Feature","geometry":{"type":"Polygon","coordinates":[[[22.022917,60.460417],[22.027083,60.460417],[22.027083,60.464583],[22.022917,60.464583],[22.022917,60.460417]]]},"properties":{"radiance":11.61}},{"type":"Feature","geometry":{"type":"Polygon","coordinates":[[[22.027083,60.460417],[22.03125,60.460417],[22.03125,60.464583],[22.027083,60.464583],[22.027083,60.460417]]]},"properties":{"radiance":21.95}},{"type":"Feature","geometry":{"type":"Polygon","coordinates":[[[22.03125,60.460417],[22.035417,60.460417],[22.035417,60.464583],[22.03125,60.464583],[22.03125,60.460417]]]},"properties":{"radiance":38.03}},{"type":"Feature","geometry":{"type":"Polygon","coordinates":[[[22.035417,60.460417],[22.039583,60.460417],[22.039583,60.464583],[22.035417,60.464583],[22.035417,60.460417]]]},"properties":{"radiance":48.61}},{"type":"Feature","geometry":{"type":"Polygon","coordinates":[[[22.039583,60.460417],[22.04375,60.460417],[22.04375,60.464583],[22.039583,60.464583],[22.039583,60.460417]]]},"properties":{"radiance":43.94}},{"type":"Feature","geometry":{"type":"Polygon","coordinates":[[[22.04375,60.460417],[22.047917,60.460417],[22.047917,60.464583],[22.04375,60.464583],[22.04375,60.460417]]]},"properties":{"radiance":50.66}},{"type":"Feature","geometry":{"type":"Polygon","coordinates":[[[22.047917,60.460417],[22.052083,60.460417],[22.052083,60.464583],[22.047917,60.464583],[22.047917,60.460417]]]},"properties":{"radiance":51.25}},{"type":"Feature","geometry":{"type":"Polygon","coordinates":[[[22.052083,60.460417],[22.05625,60.460417],[22.05625,60.464583],[22.052083,60.464583],[22.052083,60.460417]]]},"properties":{"radiance":51.98}},{"type":"Feature","geometry":{"type":"Polygon","coordinates":[[[22.05625,60.460417],[22.060417,60.460417],[22.060417,60.464583],[22.05625,60.464583],[22.05625,60.460417]]]},"properties":{"radiance":25.68}},{"type":"Feature","geometry":{"type":"Polygon","coordinates":[[[22.060417,60.460417],[22.064583,60.460417],[22.064583,60.464583],[22.060417,60.464583],[22.060417,60.460417]]]},"properties":{"radiance":17.74}},{"type":"Feature","geometry":{"type":"Polygon","coordinates":[[[22.064583,60.460417],[22.06875,60.460417],[22.06875,60.464583],[22.064583,60.464583],[22.064583,60.460417]]]},"properties":{"radiance":14.22}},{"type":"Feature","geometry":{"type":"Polygon","coordinates":[[[22.06875,60.460417],[22.072917,60.460417],[22.072917,60.464583],[22.06875,60.464583],[22.06875,60.460417]]]},"properties":{"radiance":14.25}},{"type":"Feature","geometry":{"type":"Polygon","coordinates":[[[22.072917,60.460417],[22.077083,60.460417],[22.077083,60.464583],[22.072917,60.464583],[22.072917,60.460417]]]},"properties":{"radiance":13.69}},{"type":"Feature","geometry":{"type":"Polygon","coordinates":[[[22.077083,60.460417],[22.08125,60.460417],[22.08125,60.464583],[22.077083,60.464583],[22.077083,60.460417]]]},"properties":{"radiance":7.64}},{"type":"Feature","geometry":{"type":"Polygon","coordinates":[[[22.08125,60.460417],[22.085417,60.460417],[22.085417,60.464583],[22.08125,60.464583],[22.08125,60.460417]]]},"properties":{"radiance":8.54}},{"type":"Feature","geometry":{"type":"Polygon","coordinates":[[[22.085417,60.460417],[22.089583,60.460417],[22.089583,60.464583],[22.085417,60.464583],[22.085417,60.460417]]]},"properties":{"radiance":7.41}},{"type":"Feature","geometry":{"type":"Polygon","coordinates":[[[22.089583,60.460417],[22.09375,60.460417],[22.09375,60.464583],[22.089583,60.464583],[22.089583,60.460417]]]},"properties":{"radiance":9.6}},{"type":"Feature","geometry":{"type":"Polygon","coordinates":[[[22.09375,60.460417],[22.097917,60.460417],[22.097917,60.464583],[22.09375,60.464583],[22.09375,60.460417]]]},"properties":{"radiance":7.8}},{"type":"Feature","geometry":{"type":"Polygon","coordinates":[[[22.097917,60.460417],[22.102083,60.460417],[22.102083,60.464583],[22.097917,60.464583],[22.097917,60.460417]]]},"properties":{"radiance":9.92}},{"type":"Feature","geometry":{"type":"Polygon","coordinates":[[[22.102083,60.460417],[22.10625,60.460417],[22.10625,60.464583],[22.102083,60.464583],[22.102083,60.460417]]]},"properties":{"radiance":11.47}},{"type":"Feature","geometry":{"type":"Polygon","coordinates":[[[22.10625,60.460417],[22.110417,60.460417],[22.110417,60.464583],[22.10625,60.464583],[22.10625,60.460417]]]},"properties":{"radiance":15.92}},{"type":"Feature","geometry":{"type":"Polygon","coordinates":[[[22.110417,60.460417],[22.114583,60.460417],[22.114583,60.464583],[22.110417,60.464583],[22.110417,60.460417]]]},"properties":{"radiance":73.01}},{"type":"Feature","geometry":{"type":"Polygon","coordinates":[[[22.114583,60.460417],[22.11875,60.460417],[22.11875,60.464583],[22.114583,60.464583],[22.114583,60.460417]]]},"properties":{"radiance":110.52}},{"type":"Feature","geometry":{"type":"Polygon","coordinates":[[[22.11875,60.460417],[22.122917,60.460417],[22.122917,60.464583],[22.11875,60.464583],[22.11875,60.460417]]]},"properties":{"radiance":122.06}},{"type":"Feature","geometry":{"type":"Polygon","coordinates":[[[22.122917,60.460417],[22.127083,60.460417],[22.127083,60.464583],[22.122917,60.464583],[22.122917,60.460417]]]},"properties":{"radiance":140}},{"type":"Feature","geometry":{"type":"Polygon","coordinates":[[[22.127083,60.460417],[22.13125,60.460417],[22.13125,60.464583],[22.127083,60.464583],[22.127083,60.460417]]]},"properties":{"radiance":102.66}},{"type":"Feature","geometry":{"type":"Polygon","coordinates":[[[22.13125,60.460417],[22.135417,60.460417],[22.135417,60.464583],[22.13125,60.464583],[22.13125,60.460417]]]},"properties":{"radiance":72.97}},{"type":"Feature","geometry":{"type":"Polygon","coordinates":[[[22.135417,60.460417],[22.139583,60.460417],[22.139583,60.464583],[22.135417,60.464583],[22.135417,60.460417]]]},"properties":{"radiance":47.07}},{"type":"Feature","geometry":{"type":"Polygon","coordinates":[[[22.139583,60.460417],[22.14375,60.460417],[22.14375,60.464583],[22.139583,60.464583],[22.139583,60.460417]]]},"properties":{"radiance":13.11}},{"type":"Feature","geometry":{"type":"Polygon","coordinates":[[[22.14375,60.460417],[22.147917,60.460417],[22.147917,60.464583],[22.14375,60.464583],[22.14375,60.460417]]]},"properties":{"radiance":16.05}},{"type":"Feature","geometry":{"type":"Polygon","coordinates":[[[21.93125,60.45625],[21.935417,60.45625],[21.935417,60.460417],[21.93125,60.460417],[21.93125,60.45625]]]},"properties":{"radiance":6.66}},{"type":"Feature","geometry":{"type":"Polygon","coordinates":[[[21.935417,60.45625],[21.939583,60.45625],[21.939583,60.460417],[21.935417,60.460417],[21.935417,60.45625]]]},"properties":{"radiance":6.2}},{"type":"Feature","geometry":{"type":"Polygon","coordinates":[[[21.939583,60.45625],[21.94375,60.45625],[21.94375,60.460417],[21.939583,60.460417],[21.939583,60.45625]]]},"properties":{"radiance":6.9}},{"type":"Feature","geometry":{"type":"Polygon","coordinates":[[[21.94375,60.45625],[21.947917,60.45625],[21.947917,60.460417],[21.94375,60.460417],[21.94375,60.45625]]]},"properties":{"radiance":7.68}},{"type":"Feature","geometry":{"type":"Polygon","coordinates":[[[21.947917,60.45625],[21.952083,60.45625],[21.952083,60.460417],[21.947917,60.460417],[21.947917,60.45625]]]},"properties":{"radiance":7.01}},{"type":"Feature","geometry":{"type":"Polygon","coordinates":[[[21.952083,60.45625],[21.95625,60.45625],[21.95625,60.460417],[21.952083,60.460417],[21.952083,60.45625]]]},"properties":{"radiance":8.15}},{"type":"Feature","geometry":{"type":"Polygon","coordinates":[[[21.95625,60.45625],[21.960417,60.45625],[21.960417,60.460417],[21.95625,60.460417],[21.95625,60.45625]]]},"properties":{"radiance":8.56}},{"type":"Feature","geometry":{"type":"Polygon","coordinates":[[[21.960417,60.45625],[21.964583,60.45625],[21.964583,60.460417],[21.960417,60.460417],[21.960417,60.45625]]]},"properties":{"radiance":9.46}},{"type":"Feature","geometry":{"type":"Polygon","coordinates":[[[21.964583,60.45625],[21.96875,60.45625],[21.96875,60.460417],[21.964583,60.460417],[21.964583,60.45625]]]},"properties":{"radiance":9.38}},{"type":"Feature","geometry":{"type":"Polygon","coordinates":[[[21.96875,60.45625],[21.972917,60.45625],[21.972917,60.460417],[21.96875,60.460417],[21.96875,60.45625]]]},"properties":{"radiance":5.32}},{"type":"Feature","geometry":{"type":"Polygon","coordinates":[[[21.972917,60.45625],[21.977083,60.45625],[21.977083,60.460417],[21.972917,60.460417],[21.972917,60.45625]]]},"properties":{"radiance":5.22}},{"type":"Feature","geometry":{"type":"Polygon","coordinates":[[[21.977083,60.45625],[21.98125,60.45625],[21.98125,60.460417],[21.977083,60.460417],[21.977083,60.45625]]]},"properties":{"radiance":5.19}},{"type":"Feature","geometry":{"type":"Polygon","coordinates":[[[21.98125,60.45625],[21.985417,60.45625],[21.985417,60.460417],[21.98125,60.460417],[21.98125,60.45625]]]},"properties":{"radiance":7.92}},{"type":"Feature","geometry":{"type":"Polygon","coordinates":[[[21.985417,60.45625],[21.989583,60.45625],[21.989583,60.460417],[21.985417,60.460417],[21.985417,60.45625]]]},"properties":{"radiance":8.34}},{"type":"Feature","geometry":{"type":"Polygon","coordinates":[[[21.989583,60.45625],[21.99375,60.45625],[21.99375,60.460417],[21.989583,60.460417],[21.989583,60.45625]]]},"properties":{"radiance":8.55}},{"type":"Feature","geometry":{"type":"Polygon","coordinates":[[[21.99375,60.45625],[21.997917,60.45625],[21.997917,60.460417],[21.99375,60.460417],[21.99375,60.45625]]]},"properties":{"radiance":6.3}},{"type":"Feature","geometry":{"type":"Polygon","coordinates":[[[21.997917,60.45625],[22.002083,60.45625],[22.002083,60.460417],[21.997917,60.460417],[21.997917,60.45625]]]},"properties":{"radiance":7.16}},{"type":"Feature","geometry":{"type":"Polygon","coordinates":[[[22.002083,60.45625],[22.00625,60.45625],[22.00625,60.460417],[22.002083,60.460417],[22.002083,60.45625]]]},"properties":{"radiance":9.77}},{"type":"Feature","geometry":{"type":"Polygon","coordinates":[[[22.00625,60.45625],[22.010417,60.45625],[22.010417,60.460417],[22.00625,60.460417],[22.00625,60.45625]]]},"properties":{"radiance":8.9}},{"type":"Feature","geometry":{"type":"Polygon","coordinates":[[[22.010417,60.45625],[22.014583,60.45625],[22.014583,60.460417],[22.010417,60.460417],[22.010417,60.45625]]]},"properties":{"radiance":9.58}},{"type":"Feature","geometry":{"type":"Polygon","coordinates":[[[22.014583,60.45625],[22.01875,60.45625],[22.01875,60.460417],[22.014583,60.460417],[22.014583,60.45625]]]},"properties":{"radiance":9.44}},{"type":"Feature","geometry":{"type":"Polygon","coordinates":[[[22.01875,60.45625],[22.022917,60.45625],[22.022917,60.460417],[22.01875,60.460417],[22.01875,60.45625]]]},"properties":{"radiance":9.85}},{"type":"Feature","geometry":{"type":"Polygon","coordinates":[[[22.022917,60.45625],[22.027083,60.45625],[22.027083,60.460417],[22.022917,60.460417],[22.022917,60.45625]]]},"properties":{"radiance":14.59}},{"type":"Feature","geometry":{"type":"Polygon","coordinates":[[[22.027083,60.45625],[22.03125,60.45625],[22.03125,60.460417],[22.027083,60.460417],[22.027083,60.45625]]]},"properties":{"radiance":21.68}},{"type":"Feature","geometry":{"type":"Polygon","coordinates":[[[22.03125,60.45625],[22.035417,60.45625],[22.035417,60.460417],[22.03125,60.460417],[22.03125,60.45625]]]},"properties":{"radiance":49.16}},{"type":"Feature","geometry":{"type":"Polygon","coordinates":[[[22.035417,60.45625],[22.039583,60.45625],[22.039583,60.460417],[22.035417,60.460417],[22.035417,60.45625]]]},"properties":{"radiance":31.99}},{"type":"Feature","geometry":{"type":"Polygon","coordinates":[[[22.039583,60.45625],[22.04375,60.45625],[22.04375,60.460417],[22.039583,60.460417],[22.039583,60.45625]]]},"properties":{"radiance":60.13}},{"type":"Feature","geometry":{"type":"Polygon","coordinates":[[[22.04375,60.45625],[22.047917,60.45625],[22.047917,60.460417],[22.04375,60.460417],[22.04375,60.45625]]]},"properties":{"radiance":55.71}},{"type":"Feature","geometry":{"type":"Polygon","coordinates":[[[22.047917,60.45625],[22.052083,60.45625],[22.052083,60.460417],[22.047917,60.460417],[22.047917,60.45625]]]},"properties":{"radiance":46.43}},{"type":"Feature","geometry":{"type":"Polygon","coordinates":[[[22.052083,60.45625],[22.05625,60.45625],[22.05625,60.460417],[22.052083,60.460417],[22.052083,60.45625]]]},"properties":{"radiance":37.23}},{"type":"Feature","geometry":{"type":"Polygon","coordinates":[[[22.05625,60.45625],[22.060417,60.45625],[22.060417,60.460417],[22.05625,60.460417],[22.05625,60.45625]]]},"properties":{"radiance":32.32}},{"type":"Feature","geometry":{"type":"Polygon","coordinates":[[[22.060417,60.45625],[22.064583,60.45625],[22.064583,60.460417],[22.060417,60.460417],[22.060417,60.45625]]]},"properties":{"radiance":34.69}},{"type":"Feature","geometry":{"type":"Polygon","coordinates":[[[22.064583,60.45625],[22.06875,60.45625],[22.06875,60.460417],[22.064583,60.460417],[22.064583,60.45625]]]},"properties":{"radiance":36.91}},{"type":"Feature","geometry":{"type":"Polygon","coordinates":[[[22.06875,60.45625],[22.072917,60.45625],[22.072917,60.460417],[22.06875,60.460417],[22.06875,60.45625]]]},"properties":{"radiance":28.53}},{"type":"Feature","geometry":{"type":"Polygon","coordinates":[[[22.072917,60.45625],[22.077083,60.45625],[22.077083,60.460417],[22.072917,60.460417],[22.072917,60.45625]]]},"properties":{"radiance":23.71}},{"type":"Feature","geometry":{"type":"Polygon","coordinates":[[[22.077083,60.45625],[22.08125,60.45625],[22.08125,60.460417],[22.077083,60.460417],[22.077083,60.45625]]]},"properties":{"radiance":20.35}},{"type":"Feature","geometry":{"type":"Polygon","coordinates":[[[22.08125,60.45625],[22.085417,60.45625],[22.085417,60.460417],[22.08125,60.460417],[22.08125,60.45625]]]},"properties":{"radiance":22.05}},{"type":"Feature","geometry":{"type":"Polygon","coordinates":[[[22.085417,60.45625],[22.089583,60.45625],[22.089583,60.460417],[22.085417,60.460417],[22.085417,60.45625]]]},"properties":{"radiance":21.77}},{"type":"Feature","geometry":{"type":"Polygon","coordinates":[[[22.089583,60.45625],[22.09375,60.45625],[22.09375,60.460417],[22.089583,60.460417],[22.089583,60.45625]]]},"properties":{"radiance":22.12}},{"type":"Feature","geometry":{"type":"Polygon","coordinates":[[[22.09375,60.45625],[22.097917,60.45625],[22.097917,60.460417],[22.09375,60.460417],[22.09375,60.45625]]]},"properties":{"radiance":17.61}},{"type":"Feature","geometry":{"type":"Polygon","coordinates":[[[22.097917,60.45625],[22.102083,60.45625],[22.102083,60.460417],[22.097917,60.460417],[22.097917,60.45625]]]},"properties":{"radiance":18.15}},{"type":"Feature","geometry":{"type":"Polygon","coordinates":[[[22.102083,60.45625],[22.10625,60.45625],[22.10625,60.460417],[22.102083,60.460417],[22.102083,60.45625]]]},"properties":{"radiance":10.63}},{"type":"Feature","geometry":{"type":"Polygon","coordinates":[[[22.10625,60.45625],[22.110417,60.45625],[22.110417,60.460417],[22.10625,60.460417],[22.10625,60.45625]]]},"properties":{"radiance":16.71}},{"type":"Feature","geometry":{"type":"Polygon","coordinates":[[[22.110417,60.45625],[22.114583,60.45625],[22.114583,60.460417],[22.110417,60.460417],[22.110417,60.45625]]]},"properties":{"radiance":118.21}},{"type":"Feature","geometry":{"type":"Polygon","coordinates":[[[22.114583,60.45625],[22.11875,60.45625],[22.11875,60.460417],[22.114583,60.460417],[22.114583,60.45625]]]},"properties":{"radiance":131.88}},{"type":"Feature","geometry":{"type":"Polygon","coordinates":[[[22.11875,60.45625],[22.122917,60.45625],[22.122917,60.460417],[22.11875,60.460417],[22.11875,60.45625]]]},"properties":{"radiance":146.52}},{"type":"Feature","geometry":{"type":"Polygon","coordinates":[[[22.122917,60.45625],[22.127083,60.45625],[22.127083,60.460417],[22.122917,60.460417],[22.122917,60.45625]]]},"properties":{"radiance":150.12}},{"type":"Feature","geometry":{"type":"Polygon","coordinates":[[[22.127083,60.45625],[22.13125,60.45625],[22.13125,60.460417],[22.127083,60.460417],[22.127083,60.45625]]]},"properties":{"radiance":150.59}},{"type":"Feature","geometry":{"type":"Polygon","coordinates":[[[22.13125,60.45625],[22.135417,60.45625],[22.135417,60.460417],[22.13125,60.460417],[22.13125,60.45625]]]},"properties":{"radiance":98.34}},{"type":"Feature","geometry":{"type":"Polygon","coordinates":[[[22.135417,60.45625],[22.139583,60.45625],[22.139583,60.460417],[22.135417,60.460417],[22.135417,60.45625]]]},"properties":{"radiance":46.44}},{"type":"Feature","geometry":{"type":"Polygon","coordinates":[[[22.139583,60.45625],[22.14375,60.45625],[22.14375,60.460417],[22.139583,60.460417],[22.139583,60.45625]]]},"properties":{"radiance":19.79}},{"type":"Feature","geometry":{"type":"Polygon","coordinates":[[[22.14375,60.45625],[22.147917,60.45625],[22.147917,60.460417],[22.14375,60.460417],[22.14375,60.45625]]]},"properties":{"radiance":17.72}},{"type":"Feature","geometry":{"type":"Polygon","coordinates":[[[21.939583,60.452083],[21.94375,60.452083],[21.94375,60.45625],[21.939583,60.45625],[21.939583,60.452083]]]},"properties":{"radiance":5.68}},{"type":"Feature","geometry":{"type":"Polygon","coordinates":[[[21.95625,60.452083],[21.960417,60.452083],[21.960417,60.45625],[21.95625,60.45625],[21.95625,60.452083]]]},"properties":{"radiance":6.03}},{"type":"Feature","geometry":{"type":"Polygon","coordinates":[[[21.960417,60.452083],[21.964583,60.452083],[21.964583,60.45625],[21.960417,60.45625],[21.960417,60.452083]]]},"properties":{"radiance":6.13}},{"type":"Feature","geometry":{"type":"Polygon","coordinates":[[[21.964583,60.452083],[21.96875,60.452083],[21.96875,60.45625],[21.964583,60.45625],[21.964583,60.452083]]]},"properties":{"radiance":8.38}},{"type":"Feature","geometry":{"type":"Polygon","coordinates":[[[21.96875,60.452083],[21.972917,60.452083],[21.972917,60.45625],[21.96875,60.45625],[21.96875,60.452083]]]},"properties":{"radiance":5.28}},{"type":"Feature","geometry":{"type":"Polygon","coordinates":[[[21.972917,60.452083],[21.977083,60.452083],[21.977083,60.45625],[21.972917,60.45625],[21.972917,60.452083]]]},"properties":{"radiance":5.21}},{"type":"Feature","geometry":{"type":"Polygon","coordinates":[[[21.989583,60.452083],[21.99375,60.452083],[21.99375,60.45625],[21.989583,60.45625],[21.989583,60.452083]]]},"properties":{"radiance":5.15}},{"type":"Feature","geometry":{"type":"Polygon","coordinates":[[[21.99375,60.452083],[21.997917,60.452083],[21.997917,60.45625],[21.99375,60.45625],[21.99375,60.452083]]]},"properties":{"radiance":5.34}},{"type":"Feature","geometry":{"type":"Polygon","coordinates":[[[21.997917,60.452083],[22.002083,60.452083],[22.002083,60.45625],[21.997917,60.45625],[21.997917,60.452083]]]},"properties":{"radiance":6.51}},{"type":"Feature","geometry":{"type":"Polygon","coordinates":[[[22.002083,60.452083],[22.00625,60.452083],[22.00625,60.45625],[22.002083,60.45625],[22.002083,60.452083]]]},"properties":{"radiance":6.47}},{"type":"Feature","geometry":{"type":"Polygon","coordinates":[[[22.00625,60.452083],[22.010417,60.452083],[22.010417,60.45625],[22.00625,60.45625],[22.00625,60.452083]]]},"properties":{"radiance":8.04}},{"type":"Feature","geometry":{"type":"Polygon","coordinates":[[[22.010417,60.452083],[22.014583,60.452083],[22.014583,60.45625],[22.010417,60.45625],[22.010417,60.452083]]]},"properties":{"radiance":9.35}},{"type":"Feature","geometry":{"type":"Polygon","coordinates":[[[22.014583,60.452083],[22.01875,60.452083],[22.01875,60.45625],[22.014583,60.45625],[22.014583,60.452083]]]},"properties":{"radiance":12.25}},{"type":"Feature","geometry":{"type":"Polygon","coordinates":[[[22.01875,60.452083],[22.022917,60.452083],[22.022917,60.45625],[22.01875,60.45625],[22.01875,60.452083]]]},"properties":{"radiance":12.9}},{"type":"Feature","geometry":{"type":"Polygon","coordinates":[[[22.022917,60.452083],[22.027083,60.452083],[22.027083,60.45625],[22.022917,60.45625],[22.022917,60.452083]]]},"properties":{"radiance":21.78}},{"type":"Feature","geometry":{"type":"Polygon","coordinates":[[[22.027083,60.452083],[22.03125,60.452083],[22.03125,60.45625],[22.027083,60.45625],[22.027083,60.452083]]]},"properties":{"radiance":53.46}},{"type":"Feature","geometry":{"type":"Polygon","coordinates":[[[22.03125,60.452083],[22.035417,60.452083],[22.035417,60.45625],[22.03125,60.45625],[22.03125,60.452083]]]},"properties":{"radiance":23.48}},{"type":"Feature","geometry":{"type":"Polygon","coordinates":[[[22.060417,60.452083],[22.064583,60.452083],[22.064583,60.45625],[22.060417,60.45625],[22.060417,60.452083]]]},"properties":{"radiance":22.95}},{"type":"Feature","geometry":{"type":"Polygon","coordinates":[[[22.064583,60.452083],[22.06875,60.452083],[22.06875,60.45625],[22.064583,60.45625],[22.064583,60.452083]]]},"properties":{"radiance":108.53}},{"type":"Feature","geometry":{"type":"Polygon","coordinates":[[[22.06875,60.452083],[22.072917,60.452083],[22.072917,60.45625],[22.06875,60.45625],[22.06875,60.452083]]]},"properties":{"radiance":22.88}},{"type":"Feature","geometry":{"type":"Polygon","coordinates":[[[22.072917,60.452083],[22.077083,60.452083],[22.077083,60.45625],[22.072917,60.45625],[22.072917,60.452083]]]},"properties":{"radiance":21.61}},{"type":"Feature","geometry":{"type":"Polygon","coordinates":[[[22.077083,60.452083],[22.08125,60.452083],[22.08125,60.45625],[22.077083,60.45625],[22.077083,60.452083]]]},"properties":{"radiance":23.91}},{"type":"Feature","geometry":{"type":"Polygon","coordinates":[[[22.08125,60.452083],[22.085417,60.452083],[22.085417,60.45625],[22.08125,60.45625],[22.08125,60.452083]]]},"properties":{"radiance":35.02}},{"type":"Feature","geometry":{"type":"Polygon","coordinates":[[[22.085417,60.452083],[22.089583,60.452083],[22.089583,60.45625],[22.085417,60.45625],[22.085417,60.452083]]]},"properties":{"radiance":47.93}},{"type":"Feature","geometry":{"type":"Polygon","coordinates":[[[22.089583,60.452083],[22.09375,60.452083],[22.09375,60.45625],[22.089583,60.45625],[22.089583,60.452083]]]},"properties":{"radiance":46.95}},{"type":"Feature","geometry":{"type":"Polygon","coordinates":[[[22.09375,60.452083],[22.097917,60.452083],[22.097917,60.45625],[22.09375,60.45625],[22.09375,60.452083]]]},"properties":{"radiance":49.97}},{"type":"Feature","geometry":{"type":"Polygon","coordinates":[[[22.097917,60.452083],[22.102083,60.452083],[22.102083,60.45625],[22.097917,60.45625],[22.097917,60.452083]]]},"properties":{"radiance":45.75}},{"type":"Feature","geometry":{"type":"Polygon","coordinates":[[[22.102083,60.452083],[22.10625,60.452083],[22.10625,60.45625],[22.102083,60.45625],[22.102083,60.452083]]]},"properties":{"radiance":24.24}},{"type":"Feature","geometry":{"type":"Polygon","coordinates":[[[22.10625,60.452083],[22.110417,60.452083],[22.110417,60.45625],[22.10625,60.45625],[22.10625,60.452083]]]},"properties":{"radiance":23.22}},{"type":"Feature","geometry":{"type":"Polygon","coordinates":[[[22.11875,60.452083],[22.122917,60.452083],[22.122917,60.45625],[22.11875,60.45625],[22.11875,60.452083]]]},"properties":{"radiance":76.04}},{"type":"Feature","geometry":{"type":"Polygon","coordinates":[[[22.122917,60.452083],[22.127083,60.452083],[22.127083,60.45625],[22.122917,60.45625],[22.122917,60.452083]]]},"properties":{"radiance":82.4}},{"type":"Feature","geometry":{"type":"Polygon","coordinates":[[[22.127083,60.452083],[22.13125,60.452083],[22.13125,60.45625],[22.127083,60.45625],[22.127083,60.452083]]]},"properties":{"radiance":71.5}},{"type":"Feature","geometry":{"type":"Polygon","coordinates":[[[22.13125,60.452083],[22.135417,60.452083],[22.135417,60.45625],[22.13125,60.45625],[22.13125,60.452083]]]},"properties":{"radiance":52.48}},{"type":"Feature","geometry":{"type":"Polygon","coordinates":[[[22.135417,60.452083],[22.139583,60.452083],[22.139583,60.45625],[22.135417,60.45625],[22.135417,60.452083]]]},"properties":{"radiance":26.41}},{"type":"Feature","geometry":{"type":"Polygon","coordinates":[[[22.139583,60.452083],[22.14375,60.452083],[22.14375,60.45625],[22.139583,60.45625],[22.139583,60.452083]]]},"properties":{"radiance":18.22}},{"type":"Feature","geometry":{"type":"Polygon","coordinates":[[[22.14375,60.452083],[22.147917,60.452083],[22.147917,60.45625],[22.14375,60.45625],[22.14375,60.452083]]]},"properties":{"radiance":18.23}},{"type":"Feature","geometry":{"type":"Polygon","coordinates":[[[22.002083,60.447917],[22.00625,60.447917],[22.00625,60.452083],[22.002083,60.452083],[22.002083,60.447917]]]},"properties":{"radiance":5.04}},{"type":"Feature","geometry":{"type":"Polygon","coordinates":[[[22.00625,60.447917],[22.010417,60.447917],[22.010417,60.452083],[22.00625,60.452083],[22.00625,60.447917]]]},"properties":{"radiance":6.73}},{"type":"Feature","geometry":{"type":"Polygon","coordinates":[[[22.010417,60.447917],[22.014583,60.447917],[22.014583,60.452083],[22.010417,60.452083],[22.010417,60.447917]]]},"properties":{"radiance":6.55}},{"type":"Feature","geometry":{"type":"Polygon","coordinates":[[[22.014583,60.447917],[22.01875,60.447917],[22.01875,60.452083],[22.014583,60.452083],[22.014583,60.447917]]]},"properties":{"radiance":7.95}},{"type":"Feature","geometry":{"type":"Polygon","coordinates":[[[22.01875,60.447917],[22.022917,60.447917],[22.022917,60.452083],[22.01875,60.452083],[22.01875,60.447917]]]},"properties":{"radiance":6.85}},{"type":"Feature","geometry":{"type":"Polygon","coordinates":[[[22.022917,60.447917],[22.027083,60.447917],[22.027083,60.452083],[22.022917,60.452083],[22.022917,60.447917]]]},"properties":{"radiance":9.35}},{"type":"Feature","geometry":{"type":"Polygon","coordinates":[[[22.027083,60.447917],[22.03125,60.447917],[22.03125,60.452083],[22.027083,60.452083],[22.027083,60.447917]]]},"properties":{"radiance":11.13}},{"type":"Feature","geometry":{"type":"Polygon","coordinates":[[[22.03125,60.447917],[22.035417,60.447917],[22.035417,60.452083],[22.03125,60.452083],[22.03125,60.447917]]]},"properties":{"radiance":13.07}},{"type":"Feature","geometry":{"type":"Polygon","coordinates":[[[22.072917,60.447917],[22.077083,60.447917],[22.077083,60.452083],[22.072917,60.452083],[22.072917,60.447917]]]},"properties":{"radiance":10.89}},{"type":"Feature","geometry":{"type":"Polygon","coordinates":[[[22.077083,60.447917],[22.08125,60.447917],[22.08125,60.452083],[22.077083,60.452083],[22.077083,60.447917]]]},"properties":{"radiance":11.12}},{"type":"Feature","geometry":{"type":"Polygon","coordinates":[[[22.08125,60.447917],[22.085417,60.447917],[22.085417,60.452083],[22.08125,60.452083],[22.08125,60.447917]]]},"properties":{"radiance":32.26}},{"type":"Feature","geometry":{"type":"Polygon","coordinates":[[[22.085417,60.447917],[22.089583,60.447917],[22.089583,60.452083],[22.085417,60.452083],[22.085417,60.447917]]]},"properties":{"radiance":35.98}},{"type":"Feature","geometry":{"type":"Polygon","coordinates":[[[22.089583,60.447917],[22.09375,60.447917],[22.09375,60.452083],[22.089583,60.452083],[22.089583,60.447917]]]},"properties":{"radiance":50.77}},{"type":"Feature","geometry":{"type":"Polygon","coordinates":[[[22.09375,60.447917],[22.097917,60.447917],[22.097917,60.452083],[22.09375,60.452083],[22.09375,60.447917]]]},"properties":{"radiance":43.77}},{"type":"Feature","geometry":{"type":"Polygon","coordinates":[[[22.097917,60.447917],[22.102083,60.447917],[22.102083,60.452083],[22.097917,60.452083],[22.097917,60.447917]]]},"properties":{"radiance":37.24}},{"type":"Feature","geometry":{"type":"Polygon","coordinates":[[[22.102083,60.447917],[22.10625,60.447917],[22.10625,60.452083],[22.102083,60.452083],[22.102083,60.447917]]]},"properties":{"radiance":15.39}},{"type":"Feature","geometry":{"type":"Polygon","coordinates":[[[22.10625,60.447917],[22.110417,60.447917],[22.110417,60.452083],[22.10625,60.452083],[22.10625,60.447917]]]},"properties":{"radiance":11.9}},{"type":"Feature","geometry":{"type":"Polygon","coordinates":[[[22.114583,60.447917],[22.11875,60.447917],[22.11875,60.452083],[22.114583,60.452083],[22.114583,60.447917]]]},"properties":{"radiance":25.87}},{"type":"Feature","geometry":{"type":"Polygon","coordinates":[[[22.11875,60.447917],[22.122917,60.447917],[22.122917,60.452083],[22.11875,60.452083],[22.11875,60.447917]]]},"properties":{"radiance":25.32}},{"type":"Feature","geometry":{"type":"Polygon","coordinates":[[[22.122917,60.447917],[22.127083,60.447917],[22.127083,60.452083],[22.122917,60.452083],[22.122917,60.447917]]]},"properties":{"radiance":46.46}},{"type":"Feature","geometry":{"type":"Polygon","coordinates":[[[22.127083,60.447917],[22.13125,60.447917],[22.13125,60.452083],[22.127083,60.452083],[22.127083,60.447917]]]},"properties":{"radiance":33.73}},{"type":"Feature","geometry":{"type":"Polygon","coordinates":[[[22.13125,60.447917],[22.135417,60.447917],[22.135417,60.452083],[22.13125,60.452083],[22.13125,60.447917]]]},"properties":{"radiance":14.76}},{"type":"Feature","geometry":{"type":"Polygon","coordinates":[[[22.135417,60.447917],[22.139583,60.447917],[22.139583,60.452083],[22.135417,60.452083],[22.135417,60.447917]]]},"properties":{"radiance":18.01}},{"type":"Feature","geometry":{"type":"Polygon","coordinates":[[[22.139583,60.447917],[22.14375,60.447917],[22.14375,60.452083],[22.139583,60.452083],[22.139583,60.447917]]]},"properties":{"radiance":21.15}},{"type":"Feature","geometry":{"type":"Polygon","coordinates":[[[22.14375,60.447917],[22.147917,60.447917],[22.147917,60.452083],[22.14375,60.452083],[22.14375,60.447917]]]},"properties":{"radiance":22.13}},{"type":"Feature","geometry":{"type":"Polygon","coordinates":[[[22.010417,60.44375],[22.014583,60.44375],[22.014583,60.447917],[22.010417,60.447917],[22.010417,60.44375]]]},"properties":{"radiance":5.13}},{"type":"Feature","geometry":{"type":"Polygon","coordinates":[[[22.014583,60.44375],[22.01875,60.44375],[22.01875,60.447917],[22.014583,60.447917],[22.014583,60.44375]]]},"properties":{"radiance":7.18}},{"type":"Feature","geometry":{"type":"Polygon","coordinates":[[[22.08125,60.44375],[22.085417,60.44375],[22.085417,60.447917],[22.08125,60.447917],[22.08125,60.44375]]]},"properties":{"radiance":11.24}},{"type":"Feature","geometry":{"type":"Polygon","coordinates":[[[22.085417,60.44375],[22.089583,60.44375],[22.089583,60.447917],[22.085417,60.447917],[22.085417,60.44375]]]},"properties":{"radiance":13.29}},{"type":"Feature","geometry":{"type":"Polygon","coordinates":[[[22.089583,60.44375],[22.09375,60.44375],[22.09375,60.447917],[22.089583,60.447917],[22.089583,60.44375]]]},"properties":{"radiance":12.86}},{"type":"Feature","geometry":{"type":"Polygon","coordinates":[[[22.09375,60.44375],[22.097917,60.44375],[22.097917,60.447917],[22.09375,60.447917],[22.09375,60.44375]]]},"properties":{"radiance":10.66}},{"type":"Feature","geometry":{"type":"Polygon","coordinates":[[[22.097917,60.44375],[22.102083,60.44375],[22.102083,60.447917],[22.097917,60.447917],[22.097917,60.44375]]]},"properties":{"radiance":15.3}},{"type":"Feature","geometry":{"type":"Polygon","coordinates":[[[22.102083,60.44375],[22.10625,60.44375],[22.10625,60.447917],[22.102083,60.447917],[22.102083,60.44375]]]},"properties":{"radiance":7.93}},{"type":"Feature","geometry":{"type":"Polygon","coordinates":[[[22.114583,60.44375],[22.11875,60.44375],[22.11875,60.447917],[22.114583,60.447917],[22.114583,60.44375]]]},"properties":{"radiance":8.37}},{"type":"Feature","geometry":{"type":"Polygon","coordinates":[[[22.11875,60.44375],[22.122917,60.44375],[22.122917,60.447917],[22.11875,60.447917],[22.11875,60.44375]]]},"properties":{"radiance":22.37}},{"type":"Feature","geometry":{"type":"Polygon","coordinates":[[[22.122917,60.44375],[22.127083,60.44375],[22.127083,60.447917],[22.122917,60.447917],[22.122917,60.44375]]]},"properties":{"radiance":22.28}},{"type":"Feature","geometry":{"type":"Polygon","coordinates":[[[22.127083,60.44375],[22.13125,60.44375],[22.13125,60.447917],[22.127083,60.447917],[22.127083,60.44375]]]},"properties":{"radiance":34.69}},{"type":"Feature","geometry":{"type":"Polygon","coordinates":[[[22.13125,60.44375],[22.135417,60.44375],[22.135417,60.447917],[22.13125,60.447917],[22.13125,60.44375]]]},"properties":{"radiance":57.04}},{"type":"Feature","geometry":{"type":"Polygon","coordinates":[[[22.135417,60.44375],[22.139583,60.44375],[22.139583,60.447917],[22.135417,60.447917],[22.135417,60.44375]]]},"properties":{"radiance":20.28}},{"type":"Feature","geometry":{"type":"Polygon","coordinates":[[[22.139583,60.44375],[22.14375,60.44375],[22.14375,60.447917],[22.139583,60.447917],[22.139583,60.44375]]]},"properties":{"radiance":55.09}},{"type":"Feature","geometry":{"type":"Polygon","coordinates":[[[22.14375,60.44375],[22.147917,60.44375],[22.147917,60.447917],[22.14375,60.447917],[22.14375,60.44375]]]},"properties":{"radiance":21.44}},{"type":"Feature","geometry":{"type":"Polygon","coordinates":[[[22.127083,60.439583],[22.13125,60.439583],[22.13125,60.44375],[22.127083,60.44375],[22.127083,60.439583]]]},"properties":{"radiance":33.68}},{"type":"Feature","geometry":{"type":"Polygon","coordinates":[[[22.13125,60.439583],[22.135417,60.439583],[22.135417,60.44375],[22.13125,60.44375],[22.13125,60.439583]]]},"properties":{"radiance":31.68}},{"type":"Feature","geometry":{"type":"Polygon","coordinates":[[[22.135417,60.439583],[22.139583,60.439583],[22.139583,60.44375],[22.135417,60.44375],[22.135417,60.439583]]]},"properties":{"radiance":15.61}},{"type":"Feature","geometry":{"type":"Polygon","coordinates":[[[22.139583,60.439583],[22.14375,60.439583],[22.14375,60.44375],[22.139583,60.44375],[22.139583,60.439583]]]},"properties":{"radiance":16.97}},{"type":"Feature","geometry":{"type":"Polygon","coordinates":[[[22.14375,60.439583],[22.147917,60.439583],[22.147917,60.44375],[22.14375,60.44375],[22.14375,60.439583]]]},"properties":{"radiance":14.24}}]}