{"type":"FeatureCollection","features":[{"type":"Feature","geometry":{"type":"Polygon","coordinates":[[[24.55625,61.172917],[24.560417,61.172917],[24.560417,61.177083],[24.55625,61.177083],[24.55625,61.172917]]]},"properties":{"radiance":7.71}},{"type":"Feature","geometry":{"type":"Polygon","coordinates":[[[24.560417,61.172917],[24.564583,61.172917],[24.564583,61.177083],[24.560417,61.177083],[24.560417,61.172917]]]},"properties":{"radiance":8.97}},{"type":"Feature","geometry":{"type":"Polygon","coordinates":[[[24.564583,61.172917],[24.56875,61.172917],[24.56875,61.177083],[24.564583,61.177083],[24.564583,61.172917]]]},"properties":{"radiance":7.94}},{"type":"Feature","geometry":{"type":"Polygon","coordinates":[[[24.56875,61.172917],[24.572917,61.172917],[24.572917,61.177083],[24.56875,61.177083],[24.56875,61.172917]]]},"properties":{"radiance":5.37}},{"type":"Feature","geometry":{"type":"Polygon","coordinates":[[[24.560417,61.16875],[24.564583,61.16875],[24.564583,61.172917],[24.560417,61.172917],[24.560417,61.16875]]]},"properties":{"radiance":7.81}},{"type":"Feature","geometry":{"type":"Polygon","coordinates":[[[24.814583,61.114583],[24.81875,61.114583],[24.81875,61.11875],[24.814583,61.11875],[24.814583,61.114583]]]},"properties":{"radiance":6.64}},{"type":"Feature","geometry":{"type":"Polygon","coordinates":[[[24.814583,61.110417],[24.81875,61.110417],[24.81875,61.114583],[24.814583,61.114583],[24.814583,61.110417]]]},"properties":{"radiance":5.63}},{"type":"Feature","geometry":{"type":"Polygon","coordinates":[[[24.835417,61.110417],[24.839583,61.110417],[24.839583,61.114583],[24.835417,61.114583],[24.835417,61.110417]]]},"properties":{"radiance":5.13}},{"type":"Feature","geometry":{"type":"Polygon","coordinates":[[[24.84375,61.110417],[24.847917,61.110417],[24.847917,61.114583],[24.84375,61.114583],[24.84375,61.110417]]]},"properties":{"radiance":5.34}},{"type":"Feature","geometry":{"type":"Polygon","coordinates":[[[24.84375,61.10625],[24.847917,61.10625],[24.847917,61.110417],[24.84375,61.110417],[24.84375,61.10625]]]},"properties":{"radiance":6.87}},{"type":"Feature","geometry":{"type":"Polygon","coordinates":[[[24.852083,61.10625],[24.85625,61.10625],[24.85625,61.110417],[24.852083,61.110417],[24.852083,61.10625]]]},"properties":{"radiance":5.57}},{"type":"Feature","geometry":{"type":"Polygon","coordinates":[[[24.85625,61.10625],[24.860417,61.10625],[24.860417,61.110417],[24.85625,61.110417],[24.85625,61.10625]]]},"properties":{"radiance":6.42}},{"type":"Feature","geometry":{"type":"Polygon","coordinates":[[[24.860417,61.10625],[24.864583,61.10625],[24.864583,61.110417],[24.860417,61.110417],[24.860417,61.10625]]]},"properties":{"radiance":6.37}},{"type":"Feature","geometry":{"type":"Polygon","coordinates":[[[24.864583,61.10625],[24.86875,61.10625],[24.86875,61.110417],[24.864583,61.110417],[24.864583,61.10625]]]},"properties":{"radiance":10.22}},{"type":"Feature","geometry":{"type":"Polygon","coordinates":[[[24.852083,61.102083],[24.85625,61.102083],[24.85625,61.10625],[24.852083,61.10625],[24.852083,61.102083]]]},"properties":{"radiance":5.3}},{"type":"Feature","geometry":{"type":"Polygon","coordinates":[[[24.85625,61.102083],[24.860417,61.102083],[24.860417,61.10625],[24.85625,61.10625],[24.85625,61.102083]]]},"properties":{"radiance":6.2}},{"type":"Feature","geometry":{"type":"Polygon","coordinates":[[[24.860417,61.102083],[24.864583,61.102083],[24.864583,61.10625],[24.860417,61.10625],[24.860417,61.102083]]]},"properties":{"radiance":13.54}},{"type":"Feature","geometry":{"type":"Polygon","coordinates":[[[24.864583,61.102083],[24.86875,61.102083],[24.86875,61.10625],[24.864583,61.10625],[24.864583,61.102083]]]},"properties":{"radiance":5.2}},{"type":"Feature","geometry":{"type":"Polygon","coordinates":[[[24.80625,61.09375],[24.810417,61.09375],[24.810417,61.097917],[24.80625,61.097917],[24.80625,61.09375]]]},"properties":{"radiance":7.07}},{"type":"Feature","geometry":{"type":"Polygon","coordinates":[[[24.764583,61.085417],[24.76875,61.085417],[24.76875,61.089583],[24.764583,61.089583],[24.764583,61.085417]]]},"properties":{"radiance":5.42}},{"type":"Feature","geometry":{"type":"Polygon","coordinates":[[[25.00625,61.085417],[25.010417,61.085417],[25.010417,61.089583],[25.00625,61.089583],[25.00625,61.085417]]]},"properties":{"radiance":5.53}},{"type":"Feature","geometry":{"type":"Polygon","coordinates":[[[24.985417,61.08125],[24.989583,61.08125],[24.989583,61.085417],[24.985417,61.085417],[24.985417,61.08125]]]},"properties":{"radiance":6.1}},{"type":"Feature","geometry":{"type":"Polygon","coordinates":[[[24.989583,61.08125],[24.99375,61.08125],[24.99375,61.085417],[24.989583,61.085417],[24.989583,61.08125]]]},"properties":{"radiance":6.02}},{"type":"Feature","geometry":{"type":"Polygon","coordinates":[[[24.99375,61.08125],[24.997917,61.08125],[24.997917,61.085417],[24.99375,61.085417],[24.99375,61.08125]]]},"properties":{"radiance":6.79}},{"type":"Feature","geometry":{"type":"Polygon","coordinates":[[[24.997917,61.08125],[25.002083,61.08125],[25.002083,61.085417],[24.997917,61.085417],[24.997917,61.08125]]]},"properties":{"radiance":5.95}},{"type":"Feature","geometry":{"type":"Polygon","coordinates":[[[25.002083,61.08125],[25.00625,61.08125],[25.00625,61.085417],[25.002083,61.085417],[25.002083,61.08125]]]},"properties":{"radiance":17.62}},{"type":"Feature","geometry":{"type":"Polygon","coordinates":[[[25.00625,61.08125],[25.010417,61.08125],[25.010417,61.085417],[25.00625,61.085417],[25.00625,61.08125]]]},"properties":{"radiance":11.96}},{"type":"Feature","geometry":{"type":"Polygon","coordinates":[[[25.010417,61.08125],[25.014583,61.08125],[25.014583,61.085417],[25.010417,61.085417],[25.010417,61.08125]]]},"properties":{"radiance":10.35}},{"type":"Feature","geometry":{"type":"Polygon","coordinates":[[[25.014583,61.08125],[25.01875,61.08125],[25.01875,61.085417],[25.014583,61.085417],[25.014583,61.08125]]]},"properties":{"radiance":5.83}},{"type":"Feature","geometry":{"type":"Polygon","coordinates":[[[24.31875,61.077083],[24.322917,61.077083],[24.322917,61.08125],[24.31875,61.08125],[24.31875,61.077083]]]},"properties":{"radiance":10.53}},{"type":"Feature","geometry":{"type":"Polygon","coordinates":[[[24.322917,61.077083],[24.327083,61.077083],[24.327083,61.08125],[24.322917,61.08125],[24.322917,61.077083]]]},"properties":{"radiance":5.81}},{"type":"Feature","geometry":{"type":"Polygon","coordinates":[[[24.96875,61.077083],[24.972917,61.077083],[24.972917,61.08125],[24.96875,61.08125],[24.96875,61.077083]]]},"properties":{"radiance":5.16}},{"type":"Feature","geometry":{"type":"Polygon","coordinates":[[[24.977083,61.077083],[24.98125,61.077083],[24.98125,61.08125],[24.977083,61.08125],[24.977083,61.077083]]]},"properties":{"radiance":5.13}},{"type":"Feature","geometry":{"type":"Polygon","coordinates":[[[24.98125,61.077083],[24.985417,61.077083],[24.985417,61.08125],[24.98125,61.08125],[24.98125,61.077083]]]},"properties":{"radiance":7.75}},{"type":"Feature","geometry":{"type":"Polygon","coordinates":[[[24.985417,61.077083],[24.989583,61.077083],[24.989583,61.08125],[24.985417,61.08125],[24.985417,61.077083]]]},"properties":{"radiance":5.57}},{"type":"Feature","geometry":{"type":"Polygon","coordinates":[[[24.989583,61.077083],[24.99375,61.077083],[24.99375,61.08125],[24.989583,61.08125],[24.989583,61.077083]]]},"properties":{"radiance":7.42}},{"type":"Feature","geometry":{"type":"Polygon","coordinates":[[[24.99375,61.077083],[24.997917,61.077083],[24.997917,61.08125],[24.99375,61.08125],[24.99375,61.077083]]]},"properties":{"radiance":9.65}},{"type":"Feature","geometry":{"type":"Polygon","coordinates":[[[24.997917,61.077083],[25.002083,61.077083],[25.002083,61.08125],[24.997917,61.08125],[24.997917,61.077083]]]},"properties":{"radiance":17.84}},{"type":"Feature","geometry":{"type":"Polygon","coordinates":[[[25.002083,61.077083],[25.00625,61.077083],[25.00625,61.08125],[25.002083,61.08125],[25.002083,61.077083]]]},"properties":{"radiance":30.85}},{"type":"Feature","geometry":{"type":"Polygon","coordinates":[[[25.00625,61.077083],[25.010417,61.077083],[25.010417,61.08125],[25.00625,61.08125],[25.00625,61.077083]]]},"properties":{"radiance":30.51}},{"type":"Feature","geometry":{"type":"Polygon","coordinates":[[[25.010417,61.077083],[25.014583,61.077083],[25.014583,61.08125],[25.010417,61.08125],[25.010417,61.077083]]]},"properties":{"radiance":14.83}},{"type":"Feature","geometry":{"type":"Polygon","coordinates":[[[25.014583,61.077083],[25.01875,61.077083],[25.01875,61.08125],[25.014583,61.08125],[25.014583,61.077083]]]},"properties":{"radiance":8.12}},{"type":"Feature","geometry":{"type":"Polygon","coordinates":[[[25.01875,61.077083],[25.022917,61.077083],[25.022917,61.08125],[25.01875,61.08125],[25.01875,61.077083]]]},"properties":{"radiance":7.62}},{"type":"Feature","geometry":{"type":"Polygon","coordinates":[[[24.31875,61.072917],[24.322917,61.072917],[24.322917,61.077083],[24.31875,61.077083],[24.31875,61.072917]]]},"properties":{"radiance":14.16}},{"type":"Feature","geometry":{"type":"Polygon","coordinates":[[[24.322917,61.072917],[24.327083,61.072917],[24.327083,61.077083],[24.322917,61.077083],[24.322917,61.072917]]]},"properties":{"radiance":14.98}},{"type":"Feature","geometry":{"type":"Polygon","coordinates":[[[24.327083,61.072917],[24.33125,61.072917],[24.33125,61.077083],[24.327083,61.077083],[24.327083,61.072917]]]},"properties":{"radiance":11.04}},{"type":"Feature","geometry":{"type":"Polygon","coordinates":[[[24.33125,61.072917],[24.335417,61.072917],[24.335417,61.077083],[24.33125,61.077083],[24.33125,61.072917]]]},"properties":{"radiance":6.32}},{"type":"Feature","geometry":{"type":"Polygon","coordinates":[[[24.335417,61.072917],[24.339583,61.072917],[24.339583,61.077083],[24.335417,61.077083],[24.335417,61.072917]]]},"properties":{"radiance":5.7}},{"type":"Feature","geometry":{"type":"Polygon","coordinates":[[[24.977083,61.072917],[24.98125,61.072917],[24.98125,61.077083],[24.977083,61.077083],[24.977083,61.072917]]]},"properties":{"radiance":5.79}},{"type":"Feature","geometry":{"type":"Polygon","coordinates":[[[24.98125,61.072917],[24.985417,61.072917],[24.985417,61.077083],[24.98125,61.077083],[24.98125,61.072917]]]},"properties":{"radiance":5.22}},{"type":"Feature","geometry":{"type":"Polygon","coordinates":[[[24.985417,61.072917],[24.989583,61.072917],[24.989583,61.077083],[24.985417,61.077083],[24.985417,61.072917]]]},"properties":{"radiance":5.36}},{"type":"Feature","geometry":{"type":"Polygon","coordinates":[[[24.989583,61.072917],[24.99375,61.072917],[24.99375,61.077083],[24.989583,61.077083],[24.989583,61.072917]]]},"properties":{"radiance":6}},{"type":"Feature","geometry":{"type":"Polygon","coordinates":[[[24.99375,61.072917],[24.997917,61.072917],[24.997917,61.077083],[24.99375,61.077083],[24.99375,61.072917]]]},"properties":{"radiance":9.33}},{"type":"Feature","geometry":{"type":"Polygon","coordinates":[[[24.997917,61.072917],[25.002083,61.072917],[25.002083,61.077083],[24.997917,61.077083],[24.997917,61.072917]]]},"properties":{"radiance":12.47}},{"type":"Feature","geometry":{"type":"Polygon","coordinates":[[[25.002083,61.072917],[25.00625,61.072917],[25.00625,61.077083],[25.002083,61.077083],[25.002083,61.072917]]]},"properties":{"radiance":12.75}},{"type":"Feature","geometry":{"type":"Polygon","coordinates":[[[25.00625,61.072917],[25.010417,61.072917],[25.010417,61.077083],[25.00625,61.077083],[25.00625,61.072917]]]},"properties":{"radiance":13.26}},{"type":"Feature","geometry":{"type":"Polygon","coordinates":[[[25.010417,61.072917],[25.014583,61.072917],[25.014583,61.077083],[25.010417,61.077083],[25.010417,61.072917]]]},"properties":{"radiance":7.94}},{"type":"Feature","geometry":{"type":"Polygon","coordinates":[[[25.014583,61.072917],[25.01875,61.072917],[25.01875,61.077083],[25.014583,61.077083],[25.014583,61.072917]]]},"properties":{"radiance":6.65}},{"type":"Feature","geometry":{"type":"Polygon","coordinates":[[[25.01875,61.072917],[25.022917,61.072917],[25.022917,61.077083],[25.01875,61.077083],[25.01875,61.072917]]]},"properties":{"radiance":5.62}},{"type":"Feature","geometry":{"type":"Polygon","coordinates":[[[24.31875,61.06875],[24.322917,61.06875],[24.322917,61.072917],[24.31875,61.072917],[24.31875,61.06875]]]},"properties":{"radiance":9.33}},{"type":"Feature","geometry":{"type":"Polygon","coordinates":[[[24.322917,61.06875],[24.327083,61.06875],[24.327083,61.072917],[24.322917,61.072917],[24.322917,61.06875]]]},"properties":{"radiance":9.75}},{"type":"Feature","geometry":{"type":"Polygon","coordinates":[[[24.327083,61.06875],[24.33125,61.06875],[24.33125,61.072917],[24.327083,61.072917],[24.327083,61.06875]]]},"properties":{"radiance":9.37}},{"type":"Feature","geometry":{"type":"Polygon","coordinates":[[[24.33125,61.06875],[24.335417,61.06875],[24.335417,61.072917],[24.33125,61.072917],[24.33125,61.06875]]]},"properties":{"radiance":9.26}},{"type":"Feature","geometry":{"type":"Polygon","coordinates":[[[24.335417,61.06875],[24.339583,61.06875],[24.339583,61.072917],[24.335417,61.072917],[24.335417,61.06875]]]},"properties":{"radiance":7.82}},{"type":"Feature","geometry":{"type":"Polygon","coordinates":[[[24.339583,61.06875],[24.34375,61.06875],[24.34375,61.072917],[24.339583,61.072917],[24.339583,61.06875]]]},"properties":{"radiance":6.39}},{"type":"Feature","geometry":{"type":"Polygon","coordinates":[[[24.385417,61.06875],[24.389583,61.06875],[24.389583,61.072917],[24.385417,61.072917],[24.385417,61.06875]]]},"properties":{"radiance":5.63}},{"type":"Feature","geometry":{"type":"Polygon","coordinates":[[[24.389583,61.06875],[24.39375,61.06875],[24.39375,61.072917],[24.389583,61.072917],[24.389583,61.06875]]]},"properties":{"radiance":5.47}},{"type":"Feature","geometry":{"type":"Polygon","coordinates":[[[25.00625,61.06875],[25.010417,61.06875],[25.010417,61.072917],[25.00625,61.072917],[25.00625,61.06875]]]},"properties":{"radiance":9.16}},{"type":"Feature","geometry":{"type":"Polygon","coordinates":[[[24.327083,61.064583],[24.33125,61.064583],[24.33125,61.06875],[24.327083,61.06875],[24.327083,61.064583]]]},"properties":{"radiance":5.6}},{"type":"Feature","geometry":{"type":"Polygon","coordinates":[[[24.33125,61.064583],[24.335417,61.064583],[24.335417,61.06875],[24.33125,61.06875],[24.33125,61.064583]]]},"properties":{"radiance":6.61}},{"type":"Feature","geometry":{"type":"Polygon","coordinates":[[[24.335417,61.064583],[24.339583,61.064583],[24.339583,61.06875],[24.335417,61.06875],[24.335417,61.064583]]]},"properties":{"radiance":7.62}},{"type":"Feature","geometry":{"type":"Polygon","coordinates":[[[24.339583,61.064583],[24.34375,61.064583],[24.34375,61.06875],[24.339583,61.06875],[24.339583,61.064583]]]},"properties":{"radiance":6.42}},{"type":"Feature","geometry":{"type":"Polygon","coordinates":[[[24.34375,61.064583],[24.347917,61.064583],[24.347917,61.06875],[24.34375,61.06875],[24.34375,61.064583]]]},"properties":{"radiance":5.77}},{"type":"Feature","geometry":{"type":"Polygon","coordinates":[[[24.38125,61.064583],[24.385417,61.064583],[24.385417,61.06875],[24.38125,61.06875],[24.38125,61.064583]]]},"properties":{"radiance":5.38}},{"type":"Feature","geometry":{"type":"Polygon","coordinates":[[[24.385417,61.064583],[24.389583,61.064583],[24.389583,61.06875],[24.385417,61.06875],[24.385417,61.064583]]]},"properties":{"radiance":6.68}},{"type":"Feature","geometry":{"type":"Polygon","coordinates":[[[24.389583,61.064583],[24.39375,61.064583],[24.39375,61.06875],[24.389583,61.06875],[24.389583,61.064583]]]},"properties":{"radiance":5.99}},{"type":"Feature","geometry":{"type":"Polygon","coordinates":[[[24.39375,61.064583],[24.397917,61.064583],[24.397917,61.06875],[24.39375,61.06875],[24.39375,61.064583]]]},"properties":{"radiance":5.65}},{"type":"Feature","geometry":{"type":"Polygon","coordinates":[[[24.339583,61.060417],[24.34375,61.060417],[24.34375,61.064583],[24.339583,61.064583],[24.339583,61.060417]]]},"properties":{"radiance":6.75}},{"type":"Feature","geometry":{"type":"Polygon","coordinates":[[[24.34375,61.060417],[24.347917,61.060417],[24.347917,61.064583],[24.34375,61.064583],[24.34375,61.060417]]]},"properties":{"radiance":6.29}},{"type":"Feature","geometry":{"type":"Polygon","coordinates":[[[24.347917,61.060417],[24.352083,61.060417],[24.352083,61.064583],[24.347917,61.064583],[24.347917,61.060417]]]},"properties":{"radiance":6.94}},{"type":"Feature","geometry":{"type":"Polygon","coordinates":[[[24.352083,61.060417],[24.35625,61.060417],[24.35625,61.064583],[24.352083,61.064583],[24.352083,61.060417]]]},"properties":{"radiance":6.87}},{"type":"Feature","geometry":{"type":"Polygon","coordinates":[[[24.35625,61.060417],[24.360417,61.060417],[24.360417,61.064583],[24.35625,61.064583],[24.35625,61.060417]]]},"properties":{"radiance":5.76}},{"type":"Feature","geometry":{"type":"Polygon","coordinates":[[[24.360417,61.060417],[24.364583,61.060417],[24.364583,61.064583],[24.360417,61.064583],[24.360417,61.060417]]]},"properties":{"radiance":5.5}},{"type":"Feature","geometry":{"type":"Polygon","coordinates":[[[24.364583,61.060417],[24.36875,61.060417],[24.36875,61.064583],[24.364583,61.064583],[24.364583,61.060417]]]},"properties":{"radiance":6.31}},{"type":"Feature","geometry":{"type":"Polygon","coordinates":[[[24.36875,61.060417],[24.372917,61.060417],[24.372917,61.064583],[24.36875,61.064583],[24.36875,61.060417]]]},"properties":{"radiance":10.21}},{"type":"Feature","geometry":{"type":"Polygon","coordinates":[[[24.372917,61.060417],[24.377083,61.060417],[24.377083,61.064583],[24.372917,61.064583],[24.372917,61.060417]]]},"properties":{"radiance":13.12}},{"type":"Feature","geometry":{"type":"Polygon","coordinates":[[[24.377083,61.060417],[24.38125,61.060417],[24.38125,61.064583],[24.377083,61.064583],[24.377083,61.060417]]]},"properties":{"radiance":12.22}},{"type":"Feature","geometry":{"type":"Polygon","coordinates":[[[24.38125,61.060417],[24.385417,61.060417],[24.385417,61.064583],[24.38125,61.064583],[24.38125,61.060417]]]},"properties":{"radiance":11.92}},{"type":"Feature","geometry":{"type":"Polygon","coordinates":[[[24.385417,61.060417],[24.389583,61.060417],[24.389583,61.064583],[24.385417,61.064583],[24.385417,61.060417]]]},"properties":{"radiance":10.63}},{"type":"Feature","geometry":{"type":"Polygon","coordinates":[[[24.389583,61.060417],[24.39375,61.060417],[24.39375,61.064583],[24.389583,61.064583],[24.389583,61.060417]]]},"properties":{"radiance":6.44}},{"type":"Feature","geometry":{"type":"Polygon","coordinates":[[[24.347917,61.05625],[24.352083,61.05625],[24.352083,61.060417],[24.347917,61.060417],[24.347917,61.05625]]]},"properties":{"radiance":6.36}},{"type":"Feature","geometry":{"type":"Polygon","coordinates":[[[24.352083,61.05625],[24.35625,61.05625],[24.35625,61.060417],[24.352083,61.060417],[24.352083,61.05625]]]},"properties":{"radiance":7.17}},{"type":"Feature","geometry":{"type":"Polygon","coordinates":[[[24.35625,61.05625],[24.360417,61.05625],[24.360417,61.060417],[24.35625,61.060417],[24.35625,61.05625]]]},"properties":{"radiance":11.9}},{"type":"Feature","geometry":{"type":"Polygon","coordinates":[[[24.360417,61.05625],[24.364583,61.05625],[24.364583,61.060417],[24.360417,61.060417],[24.360417,61.05625]]]},"properties":{"radiance":13.15}},{"type":"Feature","geometry":{"type":"Polygon","coordinates":[[[24.364583,61.05625],[24.36875,61.05625],[24.36875,61.060417],[24.364583,61.060417],[24.364583,61.05625]]]},"properties":{"radiance":17.79}},{"type":"Feature","geometry":{"type":"Polygon","coordinates":[[[24.36875,61.05625],[24.372917,61.05625],[24.372917,61.060417],[24.36875,61.060417],[24.36875,61.05625]]]},"properties":{"radiance":18.76}},{"type":"Feature","geometry":{"type":"Polygon","coordinates":[[[24.372917,61.05625],[24.377083,61.05625],[24.377083,61.060417],[24.372917,61.060417],[24.372917,61.05625]]]},"properties":{"radiance":15.05}},{"type":"Feature","geometry":{"type":"Polygon","coordinates":[[[24.377083,61.05625],[24.38125,61.05625],[24.38125,61.060417],[24.377083,61.060417],[24.377083,61.05625]]]},"properties":{"radiance":11.29}},{"type":"Feature","geometry":{"type":"Polygon","coordinates":[[[24.38125,61.05625],[24.385417,61.05625],[24.385417,61.060417],[24.38125,61.060417],[24.38125,61.05625]]]},"properties":{"radiance":10.22}},{"type":"Feature","geometry":{"type":"Polygon","coordinates":[[[24.385417,61.05625],[24.389583,61.05625],[24.389583,61.060417],[24.385417,61.060417],[24.385417,61.05625]]]},"properties":{"radiance":8.55}},{"type":"Feature","geometry":{"type":"Polygon","coordinates":[[[24.389583,61.05625],[24.39375,61.05625],[24.39375,61.060417],[24.389583,61.060417],[24.389583,61.05625]]]},"properties":{"radiance":6.54}},{"type":"Feature","geometry":{"type":"Polygon","coordinates":[[[25.03125,61.05625],[25.035417,61.05625],[25.035417,61.060417],[25.03125,61.060417],[25.03125,61.05625]]]},"properties":{"radiance":6.11}},{"type":"Feature","geometry":{"type":"Polygon","coordinates":[[[24.347917,61.052083],[24.352083,61.052083],[24.352083,61.05625],[24.347917,61.05625],[24.347917,61.052083]]]},"properties":{"radiance":12.42}},{"type":"Feature","geometry":{"type":"Polygon","coordinates":[[[24.352083,61.052083],[24.35625,61.052083],[24.35625,61.05625],[24.352083,61.05625],[24.352083,61.052083]]]},"properties":{"radiance":15.04}},{"type":"Feature","geometry":{"type":"Polygon","coordinates":[[[24.35625,61.052083],[24.360417,61.052083],[24.360417,61.05625],[24.35625,61.05625],[24.35625,61.052083]]]},"properties":{"radiance":16.63}},{"type":"Feature","geometry":{"type":"Polygon","coordinates":[[[24.360417,61.052083],[24.364583,61.052083],[24.364583,61.05625],[24.360417,61.05625],[24.360417,61.052083]]]},"properties":{"radiance":15.07}},{"type":"Feature","geometry":{"type":"Polygon","coordinates":[[[24.364583,61.052083],[24.36875,61.052083],[24.36875,61.05625],[24.364583,61.05625],[24.364583,61.052083]]]},"properties":{"radiance":13.8}},{"type":"Feature","geometry":{"type":"Polygon","coordinates":[[[24.36875,61.052083],[24.372917,61.052083],[24.372917,61.05625],[24.36875,61.05625],[24.36875,61.052083]]]},"properties":{"radiance":12.45}},{"type":"Feature","geometry":{"type":"Polygon","coordinates":[[[24.372917,61.052083],[24.377083,61.052083],[24.377083,61.05625],[24.372917,61.05625],[24.372917,61.052083]]]},"properties":{"radiance":9.43}},{"type":"Feature","geometry":{"type":"Polygon","coordinates":[[[24.377083,61.052083],[24.38125,61.052083],[24.38125,61.05625],[24.377083,61.05625],[24.377083,61.052083]]]},"properties":{"radiance":5.99}},{"type":"Feature","geometry":{"type":"Polygon","coordinates":[[[24.38125,61.052083],[24.385417,61.052083],[24.385417,61.05625],[24.38125,61.05625],[24.38125,61.052083]]]},"properties":{"radiance":5.35}},{"type":"Feature","geometry":{"type":"Polygon","coordinates":[[[24.385417,61.052083],[24.389583,61.052083],[24.389583,61.05625],[24.385417,61.05625],[24.385417,61.052083]]]},"properties":{"radiance":5.09}},{"type":"Feature","geometry":{"type":"Polygon","coordinates":[[[24.347917,61.047917],[24.352083,61.047917],[24.352083,61.052083],[24.347917,61.052083],[24.347917,61.047917]]]},"properties":{"radiance":16.85}},{"type":"Feature","geometry":{"type":"Polygon","coordinates":[[[24.352083,61.047917],[24.35625,61.047917],[24.35625,61.052083],[24.352083,61.052083],[24.352083,61.047917]]]},"properties":{"radiance":16.34}},{"type":"Feature","geometry":{"type":"Polygon","coordinates":[[[24.35625,61.047917],[24.360417,61.047917],[24.360417,61.052083],[24.35625,61.052083],[24.35625,61.047917]]]},"properties":{"radiance":16.15}},{"type":"Feature","geometry":{"type":"Polygon","coordinates":[[[24.360417,61.047917],[24.364583,61.047917],[24.364583,61.052083],[24.360417,61.052083],[24.360417,61.047917]]]},"properties":{"radiance":5.67}},{"type":"Feature","geometry":{"type":"Polygon","coordinates":[[[24.364583,61.047917],[24.36875,61.047917],[24.36875,61.052083],[24.364583,61.052083],[24.364583,61.047917]]]},"properties":{"radiance":5.6}},{"type":"Feature","geometry":{"type":"Polygon","coordinates":[[[24.36875,61.047917],[24.372917,61.047917],[24.372917,61.052083],[24.36875,61.052083],[24.36875,61.047917]]]},"properties":{"radiance":7.11}},{"type":"Feature","geometry":{"type":"Polygon","coordinates":[[[24.352083,61.04375],[24.35625,61.04375],[24.35625,61.047917],[24.352083,61.047917],[24.352083,61.04375]]]},"properties":{"radiance":7.69}},{"type":"Feature","geometry":{"type":"Polygon","coordinates":[[[24.35625,61.04375],[24.360417,61.04375],[24.360417,61.047917],[24.35625,61.047917],[24.35625,61.04375]]]},"properties":{"radiance":11.41}},{"type":"Feature","geometry":{"type":"Polygon","coordinates":[[[24.339583,61.039583],[24.34375,61.039583],[24.34375,61.04375],[24.339583,61.04375],[24.339583,61.039583]]]},"properties":{"radiance":5.68}},{"type":"Feature","geometry":{"type":"Polygon","coordinates":[[[24.347917,61.039583],[24.352083,61.039583],[24.352083,61.04375],[24.347917,61.04375],[24.347917,61.039583]]]},"properties":{"radiance":5.48}},{"type":"Feature","geometry":{"type":"Polygon","coordinates":[[[24.352083,61.039583],[24.35625,61.039583],[24.35625,61.04375],[24.352083,61.04375],[24.352083,61.039583]]]},"properties":{"radiance":6}},{"type":"Feature","geometry":{"type":"Polygon","coordinates":[[[24.35625,61.039583],[24.360417,61.039583],[24.360417,61.04375],[24.35625,61.04375],[24.35625,61.039583]]]},"properties":{"radiance":12.65}},{"type":"Feature","geometry":{"type":"Polygon","coordinates":[[[24.360417,61.039583],[24.364583,61.039583],[24.364583,61.04375],[24.360417,61.04375],[24.360417,61.039583]]]},"properties":{"radiance":12.16}},{"type":"Feature","geometry":{"type":"Polygon","coordinates":[[[24.364583,61.039583],[24.36875,61.039583],[24.36875,61.04375],[24.364583,61.04375],[24.364583,61.039583]]]},"properties":{"radiance":14.38}},{"type":"Feature","geometry":{"type":"Polygon","coordinates":[[[24.36875,61.039583],[24.372917,61.039583],[24.372917,61.04375],[24.36875,61.04375],[24.36875,61.039583]]]},"properties":{"radiance":19.4}},{"type":"Feature","geometry":{"type":"Polygon","coordinates":[[[24.372917,61.039583],[24.377083,61.039583],[24.377083,61.04375],[24.372917,61.04375],[24.372917,61.039583]]]},"properties":{"radiance":9}},{"type":"Feature","geometry":{"type":"Polygon","coordinates":[[[24.39375,61.039583],[24.397917,61.039583],[24.397917,61.04375],[24.39375,61.04375],[24.39375,61.039583]]]},"properties":{"radiance":5.7}},{"type":"Feature","geometry":{"type":"Polygon","coordinates":[[[24.397917,61.039583],[24.402083,61.039583],[24.402083,61.04375],[24.397917,61.04375],[24.397917,61.039583]]]},"properties":{"radiance":5.21}},{"type":"Feature","geometry":{"type":"Polygon","coordinates":[[[24.402083,61.039583],[24.40625,61.039583],[24.40625,61.04375],[24.402083,61.04375],[24.402083,61.039583]]]},"properties":{"radiance":5.88}},{"type":"Feature","geometry":{"type":"Polygon","coordinates":[[[24.40625,61.039583],[24.410417,61.039583],[24.410417,61.04375],[24.40625,61.04375],[24.40625,61.039583]]]},"properties":{"radiance":5.26}},{"type":"Feature","geometry":{"type":"Polygon","coordinates":[[[24.352083,61.035417],[24.35625,61.035417],[24.35625,61.039583],[24.352083,61.039583],[24.352083,61.035417]]]},"properties":{"radiance":13.21}},{"type":"Feature","geometry":{"type":"Polygon","coordinates":[[[24.35625,61.035417],[24.360417,61.035417],[24.360417,61.039583],[24.35625,61.039583],[24.35625,61.035417]]]},"properties":{"radiance":13.3}},{"type":"Feature","geometry":{"type":"Polygon","coordinates":[[[24.360417,61.035417],[24.364583,61.035417],[24.364583,61.039583],[24.360417,61.039583],[24.360417,61.035417]]]},"properties":{"radiance":17.6}},{"type":"Feature","geometry":{"type":"Polygon","coordinates":[[[24.364583,61.035417],[24.36875,61.035417],[24.36875,61.039583],[24.364583,61.039583],[24.364583,61.035417]]]},"properties":{"radiance":23.67}},{"type":"Feature","geometry":{"type":"Polygon","coordinates":[[[24.36875,61.035417],[24.372917,61.035417],[24.372917,61.039583],[24.36875,61.039583],[24.36875,61.035417]]]},"properties":{"radiance":28.09}},{"type":"Feature","geometry":{"type":"Polygon","coordinates":[[[24.372917,61.035417],[24.377083,61.035417],[24.377083,61.039583],[24.372917,61.039583],[24.372917,61.035417]]]},"properties":{"radiance":26.84}},{"type":"Feature","geometry":{"type":"Polygon","coordinates":[[[24.377083,61.035417],[24.38125,61.035417],[24.38125,61.039583],[24.377083,61.039583],[24.377083,61.035417]]]},"properties":{"radiance":21.13}},{"type":"Feature","geometry":{"type":"Polygon","coordinates":[[[24.39375,61.035417],[24.397917,61.035417],[24.397917,61.039583],[24.39375,61.039583],[24.39375,61.035417]]]},"properties":{"radiance":6.3}},{"type":"Feature","geometry":{"type":"Polygon","coordinates":[[[24.397917,61.035417],[24.402083,61.035417],[24.402083,61.039583],[24.397917,61.039583],[24.397917,61.035417]]]},"properties":{"radiance":7.08}},{"type":"Feature","geometry":{"type":"Polygon","coordinates":[[[24.402083,61.035417],[24.40625,61.035417],[24.40625,61.039583],[24.402083,61.039583],[24.402083,61.035417]]]},"properties":{"radiance":8.57}},{"type":"Feature","geometry":{"type":"Polygon","coordinates":[[[24.40625,61.035417],[24.410417,61.035417],[24.410417,61.039583],[24.40625,61.039583],[24.40625,61.035417]]]},"properties":{"radiance":7.26}},{"type":"Feature","geometry":{"type":"Polygon","coordinates":[[[24.347917,61.03125],[24.352083,61.03125],[24.352083,61.035417],[24.347917,61.035417],[24.347917,61.03125]]]},"properties":{"radiance":7.9}},{"type":"Feature","geometry":{"type":"Polygon","coordinates":[[[24.352083,61.03125],[24.35625,61.03125],[24.35625,61.035417],[24.352083,61.035417],[24.352083,61.03125]]]},"properties":{"radiance":8.82}},{"type":"Feature","geometry":{"type":"Polygon","coordinates":[[[24.35625,61.03125],[24.360417,61.03125],[24.360417,61.035417],[24.35625,61.035417],[24.35625,61.03125]]]},"properties":{"radiance":10.05}},{"type":"Feature","geometry":{"type":"Polygon","coordinates":[[[24.360417,61.03125],[24.364583,61.03125],[24.364583,61.035417],[24.360417,61.035417],[24.360417,61.03125]]]},"properties":{"radiance":10.46}},{"type":"Feature","geometry":{"type":"Polygon","coordinates":[[[24.364583,61.03125],[24.36875,61.03125],[24.36875,61.035417],[24.364583,61.035417],[24.364583,61.03125]]]},"properties":{"radiance":20.08}},{"type":"Feature","geometry":{"type":"Polygon","coordinates":[[[24.36875,61.03125],[24.372917,61.03125],[24.372917,61.035417],[24.36875,61.035417],[24.36875,61.03125]]]},"properties":{"radiance":11.85}},{"type":"Feature","geometry":{"type":"Polygon","coordinates":[[[24.372917,61.03125],[24.377083,61.03125],[24.377083,61.035417],[24.372917,61.035417],[24.372917,61.03125]]]},"properties":{"radiance":16.07}},{"type":"Feature","geometry":{"type":"Polygon","coordinates":[[[24.377083,61.03125],[24.38125,61.03125],[24.38125,61.035417],[24.377083,61.035417],[24.377083,61.03125]]]},"properties":{"radiance":16.11}},{"type":"Feature","geometry":{"type":"Polygon","coordinates":[[[24.31875,61.027083],[24.322917,61.027083],[24.322917,61.03125],[24.31875,61.03125],[24.31875,61.027083]]]},"properties":{"radiance":5.77}},{"type":"Feature","geometry":{"type":"Polygon","coordinates":[[[24.364583,61.027083],[24.36875,61.027083],[24.36875,61.03125],[24.364583,61.03125],[24.364583,61.027083]]]},"properties":{"radiance":8.59}},{"type":"Feature","geometry":{"type":"Polygon","coordinates":[[[24.36875,61.027083],[24.372917,61.027083],[24.372917,61.03125],[24.36875,61.03125],[24.36875,61.027083]]]},"properties":{"radiance":8.93}},{"type":"Feature","geometry":{"type":"Polygon","coordinates":[[[24.372917,61.027083],[24.377083,61.027083],[24.377083,61.03125],[24.372917,61.03125],[24.372917,61.027083]]]},"properties":{"radiance":7.64}},{"type":"Feature","geometry":{"type":"Polygon","coordinates":[[[24.422917,61.027083],[24.427083,61.027083],[24.427083,61.03125],[24.422917,61.03125],[24.422917,61.027083]]]},"properties":{"radiance":5.09}},{"type":"Feature","geometry":{"type":"Polygon","coordinates":[[[24.43125,61.027083],[24.435417,61.027083],[24.435417,61.03125],[24.43125,61.03125],[24.43125,61.027083]]]},"properties":{"radiance":6.24}},{"type":"Feature","geometry":{"type":"Polygon","coordinates":[[[24.435417,61.027083],[24.439583,61.027083],[24.439583,61.03125],[24.435417,61.03125],[24.435417,61.027083]]]},"properties":{"radiance":6.88}},{"type":"Feature","geometry":{"type":"Polygon","coordinates":[[[24.439583,61.027083],[24.44375,61.027083],[24.44375,61.03125],[24.439583,61.03125],[24.439583,61.027083]]]},"properties":{"radiance":5.67}},{"type":"Feature","geometry":{"type":"Polygon","coordinates":[[[25.147917,61.027083],[25.152083,61.027083],[25.152083,61.03125],[25.147917,61.03125],[25.147917,61.027083]]]},"properties":{"radiance":5.52}},{"type":"Feature","geometry":{"type":"Polygon","coordinates":[[[25.152083,61.027083],[25.15625,61.027083],[25.15625,61.03125],[25.152083,61.03125],[25.152083,61.027083]]]},"properties":{"radiance":7.28}},{"type":"Feature","geometry":{"type":"Polygon","coordinates":[[[24.31875,61.022917],[24.322917,61.022917],[24.322917,61.027083],[24.31875,61.027083],[24.31875,61.022917]]]},"properties":{"radiance":6.55}},{"type":"Feature","geometry":{"type":"Polygon","coordinates":[[[24.385417,61.022917],[24.389583,61.022917],[24.389583,61.027083],[24.385417,61.027083],[24.385417,61.022917]]]},"properties":{"radiance":7.58}},{"type":"Feature","geometry":{"type":"Polygon","coordinates":[[[24.389583,61.022917],[24.39375,61.022917],[24.39375,61.027083],[24.389583,61.027083],[24.389583,61.022917]]]},"properties":{"radiance":7.23}},{"type":"Feature","geometry":{"type":"Polygon","coordinates":[[[24.39375,61.022917],[24.397917,61.022917],[24.397917,61.027083],[24.39375,61.027083],[24.39375,61.022917]]]},"properties":{"radiance":6.74}},{"type":"Feature","geometry":{"type":"Polygon","coordinates":[[[24.397917,61.022917],[24.402083,61.022917],[24.402083,61.027083],[24.397917,61.027083],[24.397917,61.022917]]]},"properties":{"radiance":12.17}},{"type":"Feature","geometry":{"type":"Polygon","coordinates":[[[24.402083,61.022917],[24.40625,61.022917],[24.40625,61.027083],[24.402083,61.027083],[24.402083,61.022917]]]},"properties":{"radiance":6.43}},{"type":"Feature","geometry":{"type":"Polygon","coordinates":[[[24.40625,61.022917],[24.410417,61.022917],[24.410417,61.027083],[24.40625,61.027083],[24.40625,61.022917]]]},"properties":{"radiance":10.25}},{"type":"Feature","geometry":{"type":"Polygon","coordinates":[[[24.410417,61.022917],[24.414583,61.022917],[24.414583,61.027083],[24.410417,61.027083],[24.410417,61.022917]]]},"properties":{"radiance":7.65}},{"type":"Feature","geometry":{"type":"Polygon","coordinates":[[[24.414583,61.022917],[24.41875,61.022917],[24.41875,61.027083],[24.414583,61.027083],[24.414583,61.022917]]]},"properties":{"radiance":11.88}},{"type":"Feature","geometry":{"type":"Polygon","coordinates":[[[24.41875,61.022917],[24.422917,61.022917],[24.422917,61.027083],[24.41875,61.027083],[24.41875,61.022917]]]},"properties":{"radiance":10.76}},{"type":"Feature","geometry":{"type":"Polygon","coordinates":[[[24.422917,61.022917],[24.427083,61.022917],[24.427083,61.027083],[24.422917,61.027083],[24.422917,61.022917]]]},"properties":{"radiance":9.14}},{"type":"Feature","geometry":{"type":"Polygon","coordinates":[[[24.427083,61.022917],[24.43125,61.022917],[24.43125,61.027083],[24.427083,61.027083],[24.427083,61.022917]]]},"properties":{"radiance":7.18}},{"type":"Feature","geometry":{"type":"Polygon","coordinates":[[[24.43125,61.022917],[24.435417,61.022917],[24.435417,61.027083],[24.43125,61.027083],[24.43125,61.022917]]]},"properties":{"radiance":8.26}},{"type":"Feature","geometry":{"type":"Polygon","coordinates":[[[24.435417,61.022917],[24.439583,61.022917],[24.439583,61.027083],[24.435417,61.027083],[24.435417,61.022917]]]},"properties":{"radiance":8.46}},{"type":"Feature","geometry":{"type":"Polygon","coordinates":[[[24.439583,61.022917],[24.44375,61.022917],[24.44375,61.027083],[24.439583,61.027083],[24.439583,61.022917]]]},"properties":{"radiance":10.19}},{"type":"Feature","geometry":{"type":"Polygon","coordinates":[[[24.44375,61.022917],[24.447917,61.022917],[24.447917,61.027083],[24.44375,61.027083],[24.44375,61.022917]]]},"properties":{"radiance":8.54}},{"type":"Feature","geometry":{"type":"Polygon","coordinates":[[[24.502083,61.022917],[24.50625,61.022917],[24.50625,61.027083],[24.502083,61.027083],[24.502083,61.022917]]]},"properties":{"radiance":5.87}},{"type":"Feature","geometry":{"type":"Polygon","coordinates":[[[24.50625,61.022917],[24.510417,61.022917],[24.510417,61.027083],[24.50625,61.027083],[24.50625,61.022917]]]},"properties":{"radiance":5.87}},{"type":"Feature","geometry":{"type":"Polygon","coordinates":[[[24.514583,61.022917],[24.51875,61.022917],[24.51875,61.027083],[24.514583,61.027083],[24.514583,61.022917]]]},"properties":{"radiance":6.5}},{"type":"Feature","geometry":{"type":"Polygon","coordinates":[[[25.139583,61.022917],[25.14375,61.022917],[25.14375,61.027083],[25.139583,61.027083],[25.139583,61.022917]]]},"properties":{"radiance":5.34}},{"type":"Feature","geometry":{"type":"Polygon","coordinates":[[[25.14375,61.022917],[25.147917,61.022917],[25.147917,61.027083],[25.14375,61.027083],[25.14375,61.022917]]]},"properties":{"radiance":5.65}},{"type":"Feature","geometry":{"type":"Polygon","coordinates":[[[25.147917,61.022917],[25.152083,61.022917],[25.152083,61.027083],[25.147917,61.027083],[25.147917,61.022917]]]},"properties":{"radiance":6.72}},{"type":"Feature","geometry":{"type":"Polygon","coordinates":[[[25.152083,61.022917],[25.15625,61.022917],[25.15625,61.027083],[25.152083,61.027083],[25.152083,61.022917]]]},"properties":{"radiance":8.64}},{"type":"Feature","geometry":{"type":"Polygon","coordinates":[[[25.15625,61.022917],[25.160417,61.022917],[25.160417,61.027083],[25.15625,61.027083],[25.15625,61.022917]]]},"properties":{"radiance":6.95}},{"type":"Feature","geometry":{"type":"Polygon","coordinates":[[[24.38125,61.01875],[24.385417,61.01875],[24.385417,61.022917],[24.38125,61.022917],[24.38125,61.01875]]]},"properties":{"radiance":8.69}},{"type":"Feature","geometry":{"type":"Polygon","coordinates":[[[24.385417,61.01875],[24.389583,61.01875],[24.389583,61.022917],[24.385417,61.022917],[24.385417,61.01875]]]},"properties":{"radiance":15.48}},{"type":"Feature","geometry":{"type":"Polygon","coordinates":[[[24.389583,61.01875],[24.39375,61.01875],[24.39375,61.022917],[24.389583,61.022917],[24.389583,61.01875]]]},"properties":{"radiance":21.76}},{"type":"Feature","geometry":{"type":"Polygon","coordinates":[[[24.39375,61.01875],[24.397917,61.01875],[24.397917,61.022917],[24.39375,61.022917],[24.39375,61.01875]]]},"properties":{"radiance":25.25}},{"type":"Feature","geometry":{"type":"Polygon","coordinates":[[[24.397917,61.01875],[24.402083,61.01875],[24.402083,61.022917],[24.397917,61.022917],[24.397917,61.01875]]]},"properties":{"radiance":28.16}},{"type":"Feature","geometry":{"type":"Polygon","coordinates":[[[24.402083,61.01875],[24.40625,61.01875],[24.40625,61.022917],[24.402083,61.022917],[24.402083,61.01875]]]},"properties":{"radiance":31.48}},{"type":"Feature","geometry":{"type":"Polygon","coordinates":[[[24.40625,61.01875],[24.410417,61.01875],[24.410417,61.022917],[24.40625,61.022917],[24.40625,61.01875]]]},"properties":{"radiance":23.2}},{"type":"Feature","geometry":{"type":"Polygon","coordinates":[[[24.410417,61.01875],[24.414583,61.01875],[24.414583,61.022917],[24.410417,61.022917],[24.410417,61.01875]]]},"properties":{"radiance":24.49}},{"type":"Feature","geometry":{"type":"Polygon","coordinates":[[[24.414583,61.01875],[24.41875,61.01875],[24.41875,61.022917],[24.414583,61.022917],[24.414583,61.01875]]]},"properties":{"radiance":20.5}},{"type":"Feature","geometry":{"type":"Polygon","coordinates":[[[24.41875,61.01875],[24.422917,61.01875],[24.422917,61.022917],[24.41875,61.022917],[24.41875,61.01875]]]},"properties":{"radiance":15.62}},{"type":"Feature","geometry":{"type":"Polygon","coordinates":[[[24.422917,61.01875],[24.427083,61.01875],[24.427083,61.022917],[24.422917,61.022917],[24.422917,61.01875]]]},"properties":{"radiance":14.44}},{"type":"Feature","geometry":{"type":"Polygon","coordinates":[[[24.427083,61.01875],[24.43125,61.01875],[24.43125,61.022917],[24.427083,61.022917],[24.427083,61.01875]]]},"properties":{"radiance":12.22}},{"type":"Feature","geometry":{"type":"Polygon","coordinates":[[[24.43125,61.01875],[24.435417,61.01875],[24.435417,61.022917],[24.43125,61.022917],[24.43125,61.01875]]]},"properties":{"radiance":9.2}},{"type":"Feature","geometry":{"type":"Polygon","coordinates":[[[24.435417,61.01875],[24.439583,61.01875],[24.439583,61.022917],[24.435417,61.022917],[24.435417,61.01875]]]},"properties":{"radiance":9.5}},{"type":"Feature","geometry":{"type":"Polygon","coordinates":[[[24.439583,61.01875],[24.44375,61.01875],[24.44375,61.022917],[24.439583,61.022917],[24.439583,61.01875]]]},"properties":{"radiance":9.33}},{"type":"Feature","geometry":{"type":"Polygon","coordinates":[[[24.44375,61.01875],[24.447917,61.01875],[24.447917,61.022917],[24.44375,61.022917],[24.44375,61.01875]]]},"properties":{"radiance":7.66}},{"type":"Feature","geometry":{"type":"Polygon","coordinates":[[[24.489583,61.01875],[24.49375,61.01875],[24.49375,61.022917],[24.489583,61.022917],[24.489583,61.01875]]]},"properties":{"radiance":5.13}},{"type":"Feature","geometry":{"type":"Polygon","coordinates":[[[24.497917,61.01875],[24.502083,61.01875],[24.502083,61.022917],[24.497917,61.022917],[24.497917,61.01875]]]},"properties":{"radiance":8.93}},{"type":"Feature","geometry":{"type":"Polygon","coordinates":[[[24.502083,61.01875],[24.50625,61.01875],[24.50625,61.022917],[24.502083,61.022917],[24.502083,61.01875]]]},"properties":{"radiance":8.02}},{"type":"Feature","geometry":{"type":"Polygon","coordinates":[[[24.50625,61.01875],[24.510417,61.01875],[24.510417,61.022917],[24.50625,61.022917],[24.50625,61.01875]]]},"properties":{"radiance":10.06}},{"type":"Feature","geometry":{"type":"Polygon","coordinates":[[[24.510417,61.01875],[24.514583,61.01875],[24.514583,61.022917],[24.510417,61.022917],[24.510417,61.01875]]]},"properties":{"radiance":8.44}},{"type":"Feature","geometry":{"type":"Polygon","coordinates":[[[24.514583,61.01875],[24.51875,61.01875],[24.51875,61.022917],[24.514583,61.022917],[24.514583,61.01875]]]},"properties":{"radiance":7.67}},{"type":"Feature","geometry":{"type":"Polygon","coordinates":[[[24.51875,61.01875],[24.522917,61.01875],[24.522917,61.022917],[24.51875,61.022917],[24.51875,61.01875]]]},"properties":{"radiance":6.29}},{"type":"Feature","geometry":{"type":"Polygon","coordinates":[[[24.522917,61.01875],[24.527083,61.01875],[24.527083,61.022917],[24.522917,61.022917],[24.522917,61.01875]]]},"properties":{"radiance":5.76}},{"type":"Feature","geometry":{"type":"Polygon","coordinates":[[[25.147917,61.01875],[25.152083,61.01875],[25.152083,61.022917],[25.147917,61.022917],[25.147917,61.01875]]]},"properties":{"radiance":7.02}},{"type":"Feature","geometry":{"type":"Polygon","coordinates":[[[25.152083,61.01875],[25.15625,61.01875],[25.15625,61.022917],[25.152083,61.022917],[25.152083,61.01875]]]},"properties":{"radiance":6.98}},{"type":"Feature","geometry":{"type":"Polygon","coordinates":[[[25.15625,61.01875],[25.160417,61.01875],[25.160417,61.022917],[25.15625,61.022917],[25.15625,61.01875]]]},"properties":{"radiance":7.51}},{"type":"Feature","geometry":{"type":"Polygon","coordinates":[[[25.160417,61.01875],[25.164583,61.01875],[25.164583,61.022917],[25.160417,61.022917],[25.160417,61.01875]]]},"properties":{"radiance":7.4}},{"type":"Feature","geometry":{"type":"Polygon","coordinates":[[[24.377083,61.014583],[24.38125,61.014583],[24.38125,61.01875],[24.377083,61.01875],[24.377083,61.014583]]]},"properties":{"radiance":5.05}},{"type":"Feature","geometry":{"type":"Polygon","coordinates":[[[24.38125,61.014583],[24.385417,61.014583],[24.385417,61.01875],[24.38125,61.01875],[24.38125,61.014583]]]},"properties":{"radiance":11.83}},{"type":"Feature","geometry":{"type":"Polygon","coordinates":[[[24.385417,61.014583],[24.389583,61.014583],[24.389583,61.01875],[24.385417,61.01875],[24.385417,61.014583]]]},"properties":{"radiance":14.57}},{"type":"Feature","geometry":{"type":"Polygon","coordinates":[[[24.389583,61.014583],[24.39375,61.014583],[24.39375,61.01875],[24.389583,61.01875],[24.389583,61.014583]]]},"properties":{"radiance":17.01}},{"type":"Feature","geometry":{"type":"Polygon","coordinates":[[[24.39375,61.014583],[24.397917,61.014583],[24.397917,61.01875],[24.39375,61.01875],[24.39375,61.014583]]]},"properties":{"radiance":28.36}},{"type":"Feature","geometry":{"type":"Polygon","coordinates":[[[24.397917,61.014583],[24.402083,61.014583],[24.402083,61.01875],[24.397917,61.01875],[24.397917,61.014583]]]},"properties":{"radiance":33.32}},{"type":"Feature","geometry":{"type":"Polygon","coordinates":[[[24.402083,61.014583],[24.40625,61.014583],[24.40625,61.01875],[24.402083,61.01875],[24.402083,61.014583]]]},"properties":{"radiance":36.3}},{"type":"Feature","geometry":{"type":"Polygon","coordinates":[[[24.40625,61.014583],[24.410417,61.014583],[24.410417,61.01875],[24.40625,61.01875],[24.40625,61.014583]]]},"properties":{"radiance":40.49}},{"type":"Feature","geometry":{"type":"Polygon","coordinates":[[[24.410417,61.014583],[24.414583,61.014583],[24.414583,61.01875],[24.410417,61.01875],[24.410417,61.014583]]]},"properties":{"radiance":47.57}},{"type":"Feature","geometry":{"type":"Polygon","coordinates":[[[24.414583,61.014583],[24.41875,61.014583],[24.41875,61.01875],[24.414583,61.01875],[24.414583,61.014583]]]},"properties":{"radiance":44.12}},{"type":"Feature","geometry":{"type":"Polygon","coordinates":[[[24.41875,61.014583],[24.422917,61.014583],[24.422917,61.01875],[24.41875,61.01875],[24.41875,61.014583]]]},"properties":{"radiance":50.48}},{"type":"Feature","geometry":{"type":"Polygon","coordinates":[[[24.422917,61.014583],[24.427083,61.014583],[24.427083,61.01875],[24.422917,61.01875],[24.422917,61.014583]]]},"properties":{"radiance":23.47}},{"type":"Feature","geometry":{"type":"Polygon","coordinates":[[[24.427083,61.014583],[24.43125,61.014583],[24.43125,61.01875],[24.427083,61.01875],[24.427083,61.014583]]]},"properties":{"radiance":13.74}},{"type":"Feature","geometry":{"type":"Polygon","coordinates":[[[24.43125,61.014583],[24.435417,61.014583],[24.435417,61.01875],[24.43125,61.01875],[24.43125,61.014583]]]},"properties":{"radiance":12.14}},{"type":"Feature","geometry":{"type":"Polygon","coordinates":[[[24.435417,61.014583],[24.439583,61.014583],[24.439583,61.01875],[24.435417,61.01875],[24.435417,61.014583]]]},"properties":{"radiance":11.32}},{"type":"Feature","geometry":{"type":"Polygon","coordinates":[[[24.439583,61.014583],[24.44375,61.014583],[24.44375,61.01875],[24.439583,61.01875],[24.439583,61.014583]]]},"properties":{"radiance":8.36}},{"type":"Feature","geometry":{"type":"Polygon","coordinates":[[[24.44375,61.014583],[24.447917,61.014583],[24.447917,61.01875],[24.44375,61.01875],[24.44375,61.014583]]]},"properties":{"radiance":6.87}},{"type":"Feature","geometry":{"type":"Polygon","coordinates":[[[24.447917,61.014583],[24.452083,61.014583],[24.452083,61.01875],[24.447917,61.01875],[24.447917,61.014583]]]},"properties":{"radiance":7.07}},{"type":"Feature","geometry":{"type":"Polygon","coordinates":[[[24.452083,61.014583],[24.45625,61.014583],[24.45625,61.01875],[24.452083,61.01875],[24.452083,61.014583]]]},"properties":{"radiance":7.02}},{"type":"Feature","geometry":{"type":"Polygon","coordinates":[[[24.45625,61.014583],[24.460417,61.014583],[24.460417,61.01875],[24.45625,61.01875],[24.45625,61.014583]]]},"properties":{"radiance":8.11}},{"type":"Feature","geometry":{"type":"Polygon","coordinates":[[[24.460417,61.014583],[24.464583,61.014583],[24.464583,61.01875],[24.460417,61.01875],[24.460417,61.014583]]]},"properties":{"radiance":8.2}},{"type":"Feature","geometry":{"type":"Polygon","coordinates":[[[24.464583,61.014583],[24.46875,61.014583],[24.46875,61.01875],[24.464583,61.01875],[24.464583,61.014583]]]},"properties":{"radiance":6.05}},{"type":"Feature","geometry":{"type":"Polygon","coordinates":[[[24.46875,61.014583],[24.472917,61.014583],[24.472917,61.01875],[24.46875,61.01875],[24.46875,61.014583]]]},"properties":{"radiance":5.56}},{"type":"Feature","geometry":{"type":"Polygon","coordinates":[[[24.472917,61.014583],[24.477083,61.014583],[24.477083,61.01875],[24.472917,61.01875],[24.472917,61.014583]]]},"properties":{"radiance":5.79}},{"type":"Feature","geometry":{"type":"Polygon","coordinates":[[[24.485417,61.014583],[24.489583,61.014583],[24.489583,61.01875],[24.485417,61.01875],[24.485417,61.014583]]]},"properties":{"radiance":5.41}},{"type":"Feature","geometry":{"type":"Polygon","coordinates":[[[24.489583,61.014583],[24.49375,61.014583],[24.49375,61.01875],[24.489583,61.01875],[24.489583,61.014583]]]},"properties":{"radiance":7.17}},{"type":"Feature","geometry":{"type":"Polygon","coordinates":[[[24.49375,61.014583],[24.497917,61.014583],[24.497917,61.01875],[24.49375,61.01875],[24.49375,61.014583]]]},"properties":{"radiance":9.87}},{"type":"Feature","geometry":{"type":"Polygon","coordinates":[[[24.497917,61.014583],[24.502083,61.014583],[24.502083,61.01875],[24.497917,61.01875],[24.497917,61.014583]]]},"properties":{"radiance":11.39}},{"type":"Feature","geometry":{"type":"Polygon","coordinates":[[[24.502083,61.014583],[24.50625,61.014583],[24.50625,61.01875],[24.502083,61.01875],[24.502083,61.014583]]]},"properties":{"radiance":15.02}},{"type":"Feature","geometry":{"type":"Polygon","coordinates":[[[24.50625,61.014583],[24.510417,61.014583],[24.510417,61.01875],[24.50625,61.01875],[24.50625,61.014583]]]},"properties":{"radiance":11.54}},{"type":"Feature","geometry":{"type":"Polygon","coordinates":[[[24.510417,61.014583],[24.514583,61.014583],[24.514583,61.01875],[24.510417,61.01875],[24.510417,61.014583]]]},"properties":{"radiance":14.55}},{"type":"Feature","geometry":{"type":"Polygon","coordinates":[[[24.514583,61.014583],[24.51875,61.014583],[24.51875,61.01875],[24.514583,61.01875],[24.514583,61.014583]]]},"properties":{"radiance":14.4}},{"type":"Feature","geometry":{"type":"Polygon","coordinates":[[[24.51875,61.014583],[24.522917,61.014583],[24.522917,61.01875],[24.51875,61.01875],[24.51875,61.014583]]]},"properties":{"radiance":12.83}},{"type":"Feature","geometry":{"type":"Polygon","coordinates":[[[24.522917,61.014583],[24.527083,61.014583],[24.527083,61.01875],[24.522917,61.01875],[24.522917,61.014583]]]},"properties":{"radiance":11.94}},{"type":"Feature","geometry":{"type":"Polygon","coordinates":[[[24.527083,61.014583],[24.53125,61.014583],[24.53125,61.01875],[24.527083,61.01875],[24.527083,61.014583]]]},"properties":{"radiance":12.2}},{"type":"Feature","geometry":{"type":"Polygon","coordinates":[[[24.53125,61.014583],[24.535417,61.014583],[24.535417,61.01875],[24.53125,61.01875],[24.53125,61.014583]]]},"properties":{"radiance":11.73}},{"type":"Feature","geometry":{"type":"Polygon","coordinates":[[[24.535417,61.014583],[24.539583,61.014583],[24.539583,61.01875],[24.535417,61.01875],[24.535417,61.014583]]]},"properties":{"radiance":10.02}},{"type":"Feature","geometry":{"type":"Polygon","coordinates":[[[24.539583,61.014583],[24.54375,61.014583],[24.54375,61.01875],[24.539583,61.01875],[24.539583,61.014583]]]},"properties":{"radiance":8.94}},{"type":"Feature","geometry":{"type":"Polygon","coordinates":[[[24.54375,61.014583],[24.547917,61.014583],[24.547917,61.01875],[24.54375,61.01875],[24.54375,61.014583]]]},"properties":{"radiance":5.59}},{"type":"Feature","geometry":{"type":"Polygon","coordinates":[[[24.547917,61.014583],[24.552083,61.014583],[24.552083,61.01875],[24.547917,61.01875],[24.547917,61.014583]]]},"properties":{"radiance":6.1}},{"type":"Feature","geometry":{"type":"Polygon","coordinates":[[[24.552083,61.014583],[24.55625,61.014583],[24.55625,61.01875],[24.552083,61.01875],[24.552083,61.014583]]]},"properties":{"radiance":6}},{"type":"Feature","geometry":{"type":"Polygon","coordinates":[[[24.38125,61.010417],[24.385417,61.010417],[24.385417,61.014583],[24.38125,61.014583],[24.38125,61.010417]]]},"properties":{"radiance":6.18}},{"type":"Feature","geometry":{"type":"Polygon","coordinates":[[[24.385417,61.010417],[24.389583,61.010417],[24.389583,61.014583],[24.385417,61.014583],[24.385417,61.010417]]]},"properties":{"radiance":5.8}},{"type":"Feature","geometry":{"type":"Polygon","coordinates":[[[24.389583,61.010417],[24.39375,61.010417],[24.39375,61.014583],[24.389583,61.014583],[24.389583,61.010417]]]},"properties":{"radiance":12.26}},{"type":"Feature","geometry":{"type":"Polygon","coordinates":[[[24.39375,61.010417],[24.397917,61.010417],[24.397917,61.014583],[24.39375,61.014583],[24.39375,61.010417]]]},"properties":{"radiance":14.64}},{"type":"Feature","geometry":{"type":"Polygon","coordinates":[[[24.397917,61.010417],[24.402083,61.010417],[24.402083,61.014583],[24.397917,61.014583],[24.397917,61.010417]]]},"properties":{"radiance":16.94}},{"type":"Feature","geometry":{"type":"Polygon","coordinates":[[[24.402083,61.010417],[24.40625,61.010417],[24.40625,61.014583],[24.402083,61.014583],[24.402083,61.010417]]]},"properties":{"radiance":28.34}},{"type":"Feature","geometry":{"type":"Polygon","coordinates":[[[24.40625,61.010417],[24.410417,61.010417],[24.410417,61.014583],[24.40625,61.014583],[24.40625,61.010417]]]},"properties":{"radiance":39.36}},{"type":"Feature","geometry":{"type":"Polygon","coordinates":[[[24.410417,61.010417],[24.414583,61.010417],[24.414583,61.014583],[24.410417,61.014583],[24.410417,61.010417]]]},"properties":{"radiance":40.44}},{"type":"Feature","geometry":{"type":"Polygon","coordinates":[[[24.414583,61.010417],[24.41875,61.010417],[24.41875,61.014583],[24.414583,61.014583],[24.414583,61.010417]]]},"properties":{"radiance":41.21}},{"type":"Feature","geometry":{"type":"Polygon","coordinates":[[[24.41875,61.010417],[24.422917,61.010417],[24.422917,61.014583],[24.41875,61.014583],[24.41875,61.010417]]]},"properties":{"radiance":30.68}},{"type":"Feature","geometry":{"type":"Polygon","coordinates":[[[24.422917,61.010417],[24.427083,61.010417],[24.427083,61.014583],[24.422917,61.014583],[24.422917,61.010417]]]},"properties":{"radiance":21.26}},{"type":"Feature","geometry":{"type":"Polygon","coordinates":[[[24.427083,61.010417],[24.43125,61.010417],[24.43125,61.014583],[24.427083,61.014583],[24.427083,61.010417]]]},"properties":{"radiance":17.66}},{"type":"Feature","geometry":{"type":"Polygon","coordinates":[[[24.43125,61.010417],[24.435417,61.010417],[24.435417,61.014583],[24.43125,61.014583],[24.43125,61.010417]]]},"properties":{"radiance":16.46}},{"type":"Feature","geometry":{"type":"Polygon","coordinates":[[[24.435417,61.010417],[24.439583,61.010417],[24.439583,61.014583],[24.435417,61.014583],[24.435417,61.010417]]]},"properties":{"radiance":16.82}},{"type":"Feature","geometry":{"type":"Polygon","coordinates":[[[24.439583,61.010417],[24.44375,61.010417],[24.44375,61.014583],[24.439583,61.014583],[24.439583,61.010417]]]},"properties":{"radiance":15.68}},{"type":"Feature","geometry":{"type":"Polygon","coordinates":[[[24.44375,61.010417],[24.447917,61.010417],[24.447917,61.014583],[24.44375,61.014583],[24.44375,61.010417]]]},"properties":{"radiance":14.49}},{"type":"Feature","geometry":{"type":"Polygon","coordinates":[[[24.447917,61.010417],[24.452083,61.010417],[24.452083,61.014583],[24.447917,61.014583],[24.447917,61.010417]]]},"properties":{"radiance":17.14}},{"type":"Feature","geometry":{"type":"Polygon","coordinates":[[[24.452083,61.010417],[24.45625,61.010417],[24.45625,61.014583],[24.452083,61.014583],[24.452083,61.010417]]]},"properties":{"radiance":12.8}},{"type":"Feature","geometry":{"type":"Polygon","coordinates":[[[24.45625,61.010417],[24.460417,61.010417],[24.460417,61.014583],[24.45625,61.014583],[24.45625,61.010417]]]},"properties":{"radiance":13.46}},{"type":"Feature","geometry":{"type":"Polygon","coordinates":[[[24.460417,61.010417],[24.464583,61.010417],[24.464583,61.014583],[24.460417,61.014583],[24.460417,61.010417]]]},"properties":{"radiance":11.54}},{"type":"Feature","geometry":{"type":"Polygon","coordinates":[[[24.464583,61.010417],[24.46875,61.010417],[24.46875,61.014583],[24.464583,61.014583],[24.464583,61.010417]]]},"properties":{"radiance":10.44}},{"type":"Feature","geometry":{"type":"Polygon","coordinates":[[[24.46875,61.010417],[24.472917,61.010417],[24.472917,61.014583],[24.46875,61.014583],[24.46875,61.010417]]]},"properties":{"radiance":12.06}},{"type":"Feature","geometry":{"type":"Polygon","coordinates":[[[24.472917,61.010417],[24.477083,61.010417],[24.477083,61.014583],[24.472917,61.014583],[24.472917,61.010417]]]},"properties":{"radiance":10.23}},{"type":"Feature","geometry":{"type":"Polygon","coordinates":[[[24.477083,61.010417],[24.48125,61.010417],[24.48125,61.014583],[24.477083,61.014583],[24.477083,61.010417]]]},"properties":{"radiance":9.25}},{"type":"Feature","geometry":{"type":"Polygon","coordinates":[[[24.48125,61.010417],[24.485417,61.010417],[24.485417,61.014583],[24.48125,61.014583],[24.48125,61.010417]]]},"properties":{"radiance":8.66}},{"type":"Feature","geometry":{"type":"Polygon","coordinates":[[[24.485417,61.010417],[24.489583,61.010417],[24.489583,61.014583],[24.485417,61.014583],[24.485417,61.010417]]]},"properties":{"radiance":7.23}},{"type":"Feature","geometry":{"type":"Polygon","coordinates":[[[24.489583,61.010417],[24.49375,61.010417],[24.49375,61.014583],[24.489583,61.014583],[24.489583,61.010417]]]},"properties":{"radiance":10}},{"type":"Feature","geometry":{"type":"Polygon","coordinates":[[[24.49375,61.010417],[24.497917,61.010417],[24.497917,61.014583],[24.49375,61.014583],[24.49375,61.010417]]]},"properties":{"radiance":15}},{"type":"Feature","geometry":{"type":"Polygon","coordinates":[[[24.497917,61.010417],[24.502083,61.010417],[24.502083,61.014583],[24.497917,61.014583],[24.497917,61.010417]]]},"properties":{"radiance":16.11}},{"type":"Feature","geometry":{"type":"Polygon","coordinates":[[[24.502083,61.010417],[24.50625,61.010417],[24.50625,61.014583],[24.502083,61.014583],[24.502083,61.010417]]]},"properties":{"radiance":17.38}},{"type":"Feature","geometry":{"type":"Polygon","coordinates":[[[24.50625,61.010417],[24.510417,61.010417],[24.510417,61.014583],[24.50625,61.014583],[24.50625,61.010417]]]},"properties":{"radiance":18.1}},{"type":"Feature","geometry":{"type":"Polygon","coordinates":[[[24.510417,61.010417],[24.514583,61.010417],[24.514583,61.014583],[24.510417,61.014583],[24.510417,61.010417]]]},"properties":{"radiance":16.09}},{"type":"Feature","geometry":{"type":"Polygon","coordinates":[[[24.514583,61.010417],[24.51875,61.010417],[24.51875,61.014583],[24.514583,61.014583],[24.514583,61.010417]]]},"properties":{"radiance":13.54}},{"type":"Feature","geometry":{"type":"Polygon","coordinates":[[[24.51875,61.010417],[24.522917,61.010417],[24.522917,61.014583],[24.51875,61.014583],[24.51875,61.010417]]]},"properties":{"radiance":13.65}},{"type":"Feature","geometry":{"type":"Polygon","coordinates":[[[24.522917,61.010417],[24.527083,61.010417],[24.527083,61.014583],[24.522917,61.014583],[24.522917,61.010417]]]},"properties":{"radiance":15}},{"type":"Feature","geometry":{"type":"Polygon","coordinates":[[[24.527083,61.010417],[24.53125,61.010417],[24.53125,61.014583],[24.527083,61.014583],[24.527083,61.010417]]]},"properties":{"radiance":15.18}},{"type":"Feature","geometry":{"type":"Polygon","coordinates":[[[24.53125,61.010417],[24.535417,61.010417],[24.535417,61.014583],[24.53125,61.014583],[24.53125,61.010417]]]},"properties":{"radiance":15.09}},{"type":"Feature","geometry":{"type":"Polygon","coordinates":[[[24.535417,61.010417],[24.539583,61.010417],[24.539583,61.014583],[24.535417,61.014583],[24.535417,61.010417]]]},"properties":{"radiance":10.92}},{"type":"Feature","geometry":{"type":"Polygon","coordinates":[[[24.539583,61.010417],[24.54375,61.010417],[24.54375,61.014583],[24.539583,61.014583],[24.539583,61.010417]]]},"properties":{"radiance":9.71}},{"type":"Feature","geometry":{"type":"Polygon","coordinates":[[[24.54375,61.010417],[24.547917,61.010417],[24.547917,61.014583],[24.54375,61.014583],[24.54375,61.010417]]]},"properties":{"radiance":8}},{"type":"Feature","geometry":{"type":"Polygon","coordinates":[[[24.547917,61.010417],[24.552083,61.010417],[24.552083,61.014583],[24.547917,61.014583],[24.547917,61.010417]]]},"properties":{"radiance":7.7}},{"type":"Feature","geometry":{"type":"Polygon","coordinates":[[[24.552083,61.010417],[24.55625,61.010417],[24.55625,61.014583],[24.552083,61.014583],[24.552083,61.010417]]]},"properties":{"radiance":7.12}},{"type":"Feature","geometry":{"type":"Polygon","coordinates":[[[24.55625,61.010417],[24.560417,61.010417],[24.560417,61.014583],[24.55625,61.014583],[24.55625,61.010417]]]},"properties":{"radiance":6.17}},{"type":"Feature","geometry":{"type":"Polygon","coordinates":[[[24.38125,61.00625],[24.385417,61.00625],[24.385417,61.010417],[24.38125,61.010417],[24.38125,61.00625]]]},"properties":{"radiance":5.4}},{"type":"Feature","geometry":{"type":"Polygon","coordinates":[[[24.385417,61.00625],[24.389583,61.00625],[24.389583,61.010417],[24.385417,61.010417],[24.385417,61.00625]]]},"properties":{"radiance":6.34}},{"type":"Feature","geometry":{"type":"Polygon","coordinates":[[[24.389583,61.00625],[24.39375,61.00625],[24.39375,61.010417],[24.389583,61.010417],[24.389583,61.00625]]]},"properties":{"radiance":7.18}},{"type":"Feature","geometry":{"type":"Polygon","coordinates":[[[24.39375,61.00625],[24.397917,61.00625],[24.397917,61.010417],[24.39375,61.010417],[24.39375,61.00625]]]},"properties":{"radiance":6.24}},{"type":"Feature","geometry":{"type":"Polygon","coordinates":[[[24.397917,61.00625],[24.402083,61.00625],[24.402083,61.010417],[24.397917,61.010417],[24.397917,61.00625]]]},"properties":{"radiance":7.39}},{"type":"Feature","geometry":{"type":"Polygon","coordinates":[[[24.402083,61.00625],[24.40625,61.00625],[24.40625,61.010417],[24.402083,61.010417],[24.402083,61.00625]]]},"properties":{"radiance":18.36}},{"type":"Feature","geometry":{"type":"Polygon","coordinates":[[[24.40625,61.00625],[24.410417,61.00625],[24.410417,61.010417],[24.40625,61.010417],[24.40625,61.00625]]]},"properties":{"radiance":29.53}},{"type":"Feature","geometry":{"type":"Polygon","coordinates":[[[24.410417,61.00625],[24.414583,61.00625],[24.414583,61.010417],[24.410417,61.010417],[24.410417,61.00625]]]},"properties":{"radiance":32.44}},{"type":"Feature","geometry":{"type":"Polygon","coordinates":[[[24.414583,61.00625],[24.41875,61.00625],[24.41875,61.010417],[24.414583,61.010417],[24.414583,61.00625]]]},"properties":{"radiance":29.32}},{"type":"Feature","geometry":{"type":"Polygon","coordinates":[[[24.41875,61.00625],[24.422917,61.00625],[24.422917,61.010417],[24.41875,61.010417],[24.41875,61.00625]]]},"properties":{"radiance":17.04}},{"type":"Feature","geometry":{"type":"Polygon","coordinates":[[[24.422917,61.00625],[24.427083,61.00625],[24.427083,61.010417],[24.422917,61.010417],[24.422917,61.00625]]]},"properties":{"radiance":16.37}},{"type":"Feature","geometry":{"type":"Polygon","coordinates":[[[24.427083,61.00625],[24.43125,61.00625],[24.43125,61.010417],[24.427083,61.010417],[24.427083,61.00625]]]},"properties":{"radiance":16.56}},{"type":"Feature","geometry":{"type":"Polygon","coordinates":[[[24.43125,61.00625],[24.435417,61.00625],[24.435417,61.010417],[24.43125,61.010417],[24.43125,61.00625]]]},"properties":{"radiance":19.93}},{"type":"Feature","geometry":{"type":"Polygon","coordinates":[[[24.435417,61.00625],[24.439583,61.00625],[24.439583,61.010417],[24.435417,61.010417],[24.435417,61.00625]]]},"properties":{"radiance":20.65}},{"type":"Feature","geometry":{"type":"Polygon","coordinates":[[[24.439583,61.00625],[24.44375,61.00625],[24.44375,61.010417],[24.439583,61.010417],[24.439583,61.00625]]]},"properties":{"radiance":18.63}},{"type":"Feature","geometry":{"type":"Polygon","coordinates":[[[24.44375,61.00625],[24.447917,61.00625],[24.447917,61.010417],[24.44375,61.010417],[24.44375,61.00625]]]},"properties":{"radiance":19.9}},{"type":"Feature","geometry":{"type":"Polygon","coordinates":[[[24.447917,61.00625],[24.452083,61.00625],[24.452083,61.010417],[24.447917,61.010417],[24.447917,61.00625]]]},"properties":{"radiance":22.99}},{"type":"Feature","geometry":{"type":"Polygon","coordinates":[[[24.452083,61.00625],[24.45625,61.00625],[24.45625,61.010417],[24.452083,61.010417],[24.452083,61.00625]]]},"properties":{"radiance":27.63}},{"type":"Feature","geometry":{"type":"Polygon","coordinates":[[[24.45625,61.00625],[24.460417,61.00625],[24.460417,61.010417],[24.45625,61.010417],[24.45625,61.00625]]]},"properties":{"radiance":23.94}},{"type":"Feature","geometry":{"type":"Polygon","coordinates":[[[24.460417,61.00625],[24.464583,61.00625],[24.464583,61.010417],[24.460417,61.010417],[24.460417,61.00625]]]},"properties":{"radiance":24.73}},{"type":"Feature","geometry":{"type":"Polygon","coordinates":[[[24.464583,61.00625],[24.46875,61.00625],[24.46875,61.010417],[24.464583,61.010417],[24.464583,61.00625]]]},"properties":{"radiance":25.1}},{"type":"Feature","geometry":{"type":"Polygon","coordinates":[[[24.46875,61.00625],[24.472917,61.00625],[24.472917,61.010417],[24.46875,61.010417],[24.46875,61.00625]]]},"properties":{"radiance":25.91}},{"type":"Feature","geometry":{"type":"Polygon","coordinates":[[[24.472917,61.00625],[24.477083,61.00625],[24.477083,61.010417],[24.472917,61.010417],[24.472917,61.00625]]]},"properties":{"radiance":24.12}},{"type":"Feature","geometry":{"type":"Polygon","coordinates":[[[24.477083,61.00625],[24.48125,61.00625],[24.48125,61.010417],[24.477083,61.010417],[24.477083,61.00625]]]},"properties":{"radiance":22.77}},{"type":"Feature","geometry":{"type":"Polygon","coordinates":[[[24.48125,61.00625],[24.485417,61.00625],[24.485417,61.010417],[24.48125,61.010417],[24.48125,61.00625]]]},"properties":{"radiance":18.43}},{"type":"Feature","geometry":{"type":"Polygon","coordinates":[[[24.485417,61.00625],[24.489583,61.00625],[24.489583,61.010417],[24.485417,61.010417],[24.485417,61.00625]]]},"properties":{"radiance":15.42}},{"type":"Feature","geometry":{"type":"Polygon","coordinates":[[[24.489583,61.00625],[24.49375,61.00625],[24.49375,61.010417],[24.489583,61.010417],[24.489583,61.00625]]]},"properties":{"radiance":15.21}},{"type":"Feature","geometry":{"type":"Polygon","coordinates":[[[24.49375,61.00625],[24.497917,61.00625],[24.497917,61.010417],[24.49375,61.010417],[24.49375,61.00625]]]},"properties":{"radiance":17.43}},{"type":"Feature","geometry":{"type":"Polygon","coordinates":[[[24.497917,61.00625],[24.502083,61.00625],[24.502083,61.010417],[24.497917,61.010417],[24.497917,61.00625]]]},"properties":{"radiance":15.8}},{"type":"Feature","geometry":{"type":"Polygon","coordinates":[[[24.502083,61.00625],[24.50625,61.00625],[24.50625,61.010417],[24.502083,61.010417],[24.502083,61.00625]]]},"properties":{"radiance":17.15}},{"type":"Feature","geometry":{"type":"Polygon","coordinates":[[[24.50625,61.00625],[24.510417,61.00625],[24.510417,61.010417],[24.50625,61.010417],[24.50625,61.00625]]]},"properties":{"radiance":12.1}},{"type":"Feature","geometry":{"type":"Polygon","coordinates":[[[24.510417,61.00625],[24.514583,61.00625],[24.514583,61.010417],[24.510417,61.010417],[24.510417,61.00625]]]},"properties":{"radiance":11.77}},{"type":"Feature","geometry":{"type":"Polygon","coordinates":[[[24.514583,61.00625],[24.51875,61.00625],[24.51875,61.010417],[24.514583,61.010417],[24.514583,61.00625]]]},"properties":{"radiance":9.4}},{"type":"Feature","geometry":{"type":"Polygon","coordinates":[[[24.51875,61.00625],[24.522917,61.00625],[24.522917,61.010417],[24.51875,61.010417],[24.51875,61.00625]]]},"properties":{"radiance":5.94}},{"type":"Feature","geometry":{"type":"Polygon","coordinates":[[[24.522917,61.00625],[24.527083,61.00625],[24.527083,61.010417],[24.522917,61.010417],[24.522917,61.00625]]]},"properties":{"radiance":6.17}},{"type":"Feature","geometry":{"type":"Polygon","coordinates":[[[24.527083,61.00625],[24.53125,61.00625],[24.53125,61.010417],[24.527083,61.010417],[24.527083,61.00625]]]},"properties":{"radiance":7.94}},{"type":"Feature","geometry":{"type":"Polygon","coordinates":[[[24.53125,61.00625],[24.535417,61.00625],[24.535417,61.010417],[24.53125,61.010417],[24.53125,61.00625]]]},"properties":{"radiance":7.83}},{"type":"Feature","geometry":{"type":"Polygon","coordinates":[[[24.535417,61.00625],[24.539583,61.00625],[24.539583,61.010417],[24.535417,61.010417],[24.535417,61.00625]]]},"properties":{"radiance":7.44}},{"type":"Feature","geometry":{"type":"Polygon","coordinates":[[[24.539583,61.00625],[24.54375,61.00625],[24.54375,61.010417],[24.539583,61.010417],[24.539583,61.00625]]]},"properties":{"radiance":6.13}},{"type":"Feature","geometry":{"type":"Polygon","coordinates":[[[24.54375,61.00625],[24.547917,61.00625],[24.547917,61.010417],[24.54375,61.010417],[24.54375,61.00625]]]},"properties":{"radiance":5.19}},{"type":"Feature","geometry":{"type":"Polygon","coordinates":[[[24.547917,61.00625],[24.552083,61.00625],[24.552083,61.010417],[24.547917,61.010417],[24.547917,61.00625]]]},"properties":{"radiance":5.61}},{"type":"Feature","geometry":{"type":"Polygon","coordinates":[[[24.552083,61.00625],[24.55625,61.00625],[24.55625,61.010417],[24.552083,61.010417],[24.552083,61.00625]]]},"properties":{"radiance":5.4}},{"type":"Feature","geometry":{"type":"Polygon","coordinates":[[[24.38125,61.002083],[24.385417,61.002083],[24.385417,61.00625],[24.38125,61.00625],[24.38125,61.002083]]]},"properties":{"radiance":6.13}},{"type":"Feature","geometry":{"type":"Polygon","coordinates":[[[24.385417,61.002083],[24.389583,61.002083],[24.389583,61.00625],[24.385417,61.00625],[24.385417,61.002083]]]},"properties":{"radiance":7.86}},{"type":"Feature","geometry":{"type":"Polygon","coordinates":[[[24.389583,61.002083],[24.39375,61.002083],[24.39375,61.00625],[24.389583,61.00625],[24.389583,61.002083]]]},"properties":{"radiance":7.9}},{"type":"Feature","geometry":{"type":"Polygon","coordinates":[[[24.39375,61.002083],[24.397917,61.002083],[24.397917,61.00625],[24.39375,61.00625],[24.39375,61.002083]]]},"properties":{"radiance":5.59}},{"type":"Feature","geometry":{"type":"Polygon","coordinates":[[[24.410417,61.002083],[24.414583,61.002083],[24.414583,61.00625],[24.410417,61.00625],[24.410417,61.002083]]]},"properties":{"radiance":9.55}},{"type":"Feature","geometry":{"type":"Polygon","coordinates":[[[24.414583,61.002083],[24.41875,61.002083],[24.41875,61.00625],[24.414583,61.00625],[24.414583,61.002083]]]},"properties":{"radiance":11.29}},{"type":"Feature","geometry":{"type":"Polygon","coordinates":[[[24.41875,61.002083],[24.422917,61.002083],[24.422917,61.00625],[24.41875,61.00625],[24.41875,61.002083]]]},"properties":{"radiance":15.09}},{"type":"Feature","geometry":{"type":"Polygon","coordinates":[[[24.422917,61.002083],[24.427083,61.002083],[24.427083,61.00625],[24.422917,61.00625],[24.422917,61.002083]]]},"properties":{"radiance":15.33}},{"type":"Feature","geometry":{"type":"Polygon","coordinates":[[[24.427083,61.002083],[24.43125,61.002083],[24.43125,61.00625],[24.427083,61.00625],[24.427083,61.002083]]]},"properties":{"radiance":16.97}},{"type":"Feature","geometry":{"type":"Polygon","coordinates":[[[24.43125,61.002083],[24.435417,61.002083],[24.435417,61.00625],[24.43125,61.00625],[24.43125,61.002083]]]},"properties":{"radiance":21.62}},{"type":"Feature","geometry":{"type":"Polygon","coordinates":[[[24.435417,61.002083],[24.439583,61.002083],[24.439583,61.00625],[24.435417,61.00625],[24.435417,61.002083]]]},"properties":{"radiance":24.22}},{"type":"Feature","geometry":{"type":"Polygon","coordinates":[[[24.439583,61.002083],[24.44375,61.002083],[24.44375,61.00625],[24.439583,61.00625],[24.439583,61.002083]]]},"properties":{"radiance":24.34}},{"type":"Feature","geometry":{"type":"Polygon","coordinates":[[[24.44375,61.002083],[24.447917,61.002083],[24.447917,61.00625],[24.44375,61.00625],[24.44375,61.002083]]]},"properties":{"radiance":30.16}},{"type":"Feature","geometry":{"type":"Polygon","coordinates":[[[24.447917,61.002083],[24.452083,61.002083],[24.452083,61.00625],[24.447917,61.00625],[24.447917,61.002083]]]},"properties":{"radiance":33.58}},{"type":"Feature","geometry":{"type":"Polygon","coordinates":[[[24.452083,61.002083],[24.45625,61.002083],[24.45625,61.00625],[24.452083,61.00625],[24.452083,61.002083]]]},"properties":{"radiance":35.28}},{"type":"Feature","geometry":{"type":"Polygon","coordinates":[[[24.45625,61.002083],[24.460417,61.002083],[24.460417,61.00625],[24.45625,61.00625],[24.45625,61.002083]]]},"properties":{"radiance":35.84}},{"type":"Feature","geometry":{"type":"Polygon","coordinates":[[[24.460417,61.002083],[24.464583,61.002083],[24.464583,61.00625],[24.460417,61.00625],[24.460417,61.002083]]]},"properties":{"radiance":37.13}},{"type":"Feature","geometry":{"type":"Polygon","coordinates":[[[24.464583,61.002083],[24.46875,61.002083],[24.46875,61.00625],[24.464583,61.00625],[24.464583,61.002083]]]},"properties":{"radiance":32.27}},{"type":"Feature","geometry":{"type":"Polygon","coordinates":[[[24.46875,61.002083],[24.472917,61.002083],[24.472917,61.00625],[24.46875,61.00625],[24.46875,61.002083]]]},"properties":{"radiance":29.1}},{"type":"Feature","geometry":{"type":"Polygon","coordinates":[[[24.472917,61.002083],[24.477083,61.002083],[24.477083,61.00625],[24.472917,61.00625],[24.472917,61.002083]]]},"properties":{"radiance":43.96}},{"type":"Feature","geometry":{"type":"Polygon","coordinates":[[[24.477083,61.002083],[24.48125,61.002083],[24.48125,61.00625],[24.477083,61.00625],[24.477083,61.002083]]]},"properties":{"radiance":40.51}},{"type":"Feature","geometry":{"type":"Polygon","coordinates":[[[24.48125,61.002083],[24.485417,61.002083],[24.485417,61.00625],[24.48125,61.00625],[24.48125,61.002083]]]},"properties":{"radiance":31.75}},{"type":"Feature","geometry":{"type":"Polygon","coordinates":[[[24.485417,61.002083],[24.489583,61.002083],[24.489583,61.00625],[24.485417,61.00625],[24.485417,61.002083]]]},"properties":{"radiance":28.7}},{"type":"Feature","geometry":{"type":"Polygon","coordinates":[[[24.489583,61.002083],[24.49375,61.002083],[24.49375,61.00625],[24.489583,61.00625],[24.489583,61.002083]]]},"properties":{"radiance":20.31}},{"type":"Feature","geometry":{"type":"Polygon","coordinates":[[[24.49375,61.002083],[24.497917,61.002083],[24.497917,61.00625],[24.49375,61.00625],[24.49375,61.002083]]]},"properties":{"radiance":16.09}},{"type":"Feature","geometry":{"type":"Polygon","coordinates":[[[24.497917,61.002083],[24.502083,61.002083],[24.502083,61.00625],[24.497917,61.00625],[24.497917,61.002083]]]},"properties":{"radiance":15.61}},{"type":"Feature","geometry":{"type":"Polygon","coordinates":[[[24.502083,61.002083],[24.50625,61.002083],[24.50625,61.00625],[24.502083,61.00625],[24.502083,61.002083]]]},"properties":{"radiance":11.68}},{"type":"Feature","geometry":{"type":"Polygon","coordinates":[[[24.50625,61.002083],[24.510417,61.002083],[24.510417,61.00625],[24.50625,61.00625],[24.50625,61.002083]]]},"properties":{"radiance":6.24}},{"type":"Feature","geometry":{"type":"Polygon","coordinates":[[[24.414583,60.997917],[24.41875,60.997917],[24.41875,61.002083],[24.414583,61.002083],[24.414583,60.997917]]]},"properties":{"radiance":5.31}},{"type":"Feature","geometry":{"type":"Polygon","coordinates":[[[24.41875,60.997917],[24.422917,60.997917],[24.422917,61.002083],[24.41875,61.002083],[24.41875,60.997917]]]},"properties":{"radiance":10.36}},{"type":"Feature","geometry":{"type":"Polygon","coordinates":[[[24.422917,60.997917],[24.427083,60.997917],[24.427083,61.002083],[24.422917,61.002083],[24.422917,60.997917]]]},"properties":{"radiance":15.18}},{"type":"Feature","geometry":{"type":"Polygon","coordinates":[[[24.427083,60.997917],[24.43125,60.997917],[24.43125,61.002083],[24.427083,61.002083],[24.427083,60.997917]]]},"properties":{"radiance":21.81}},{"type":"Feature","geometry":{"type":"Polygon","coordinates":[[[24.43125,60.997917],[24.435417,60.997917],[24.435417,61.002083],[24.43125,61.002083],[24.43125,60.997917]]]},"properties":{"radiance":23.93}},{"type":"Feature","geometry":{"type":"Polygon","coordinates":[[[24.435417,60.997917],[24.439583,60.997917],[24.439583,61.002083],[24.435417,61.002083],[24.435417,60.997917]]]},"properties":{"radiance":28.39}},{"type":"Feature","geometry":{"type":"Polygon","coordinates":[[[24.439583,60.997917],[24.44375,60.997917],[24.44375,61.002083],[24.439583,61.002083],[24.439583,60.997917]]]},"properties":{"radiance":30.63}},{"type":"Feature","geometry":{"type":"Polygon","coordinates":[[[24.44375,60.997917],[24.447917,60.997917],[24.447917,61.002083],[24.44375,61.002083],[24.44375,60.997917]]]},"properties":{"radiance":33.05}},{"type":"Feature","geometry":{"type":"Polygon","coordinates":[[[24.447917,60.997917],[24.452083,60.997917],[24.452083,61.002083],[24.447917,61.002083],[24.447917,60.997917]]]},"properties":{"radiance":35.83}},{"type":"Feature","geometry":{"type":"Polygon","coordinates":[[[24.452083,60.997917],[24.45625,60.997917],[24.45625,61.002083],[24.452083,61.002083],[24.452083,60.997917]]]},"properties":{"radiance":57.28}},{"type":"Feature","geometry":{"type":"Polygon","coordinates":[[[24.45625,60.997917],[24.460417,60.997917],[24.460417,61.002083],[24.45625,61.002083],[24.45625,60.997917]]]},"properties":{"radiance":60.51}},{"type":"Feature","geometry":{"type":"Polygon","coordinates":[[[24.460417,60.997917],[24.464583,60.997917],[24.464583,61.002083],[24.460417,61.002083],[24.460417,60.997917]]]},"properties":{"radiance":55.55}},{"type":"Feature","geometry":{"type":"Polygon","coordinates":[[[24.464583,60.997917],[24.46875,60.997917],[24.46875,61.002083],[24.464583,61.002083],[24.464583,60.997917]]]},"properties":{"radiance":49.88}},{"type":"Feature","geometry":{"type":"Polygon","coordinates":[[[24.46875,60.997917],[24.472917,60.997917],[24.472917,61.002083],[24.46875,61.002083],[24.46875,60.997917]]]},"properties":{"radiance":55.68}},{"type":"Feature","geometry":{"type":"Polygon","coordinates":[[[24.472917,60.997917],[24.477083,60.997917],[24.477083,61.002083],[24.472917,61.002083],[24.472917,60.997917]]]},"properties":{"radiance":48.3}},{"type":"Feature","geometry":{"type":"Polygon","coordinates":[[[24.477083,60.997917],[24.48125,60.997917],[24.48125,61.002083],[24.477083,61.002083],[24.477083,60.997917]]]},"properties":{"radiance":44.38}},{"type":"Feature","geometry":{"type":"Polygon","coordinates":[[[24.48125,60.997917],[24.485417,60.997917],[24.485417,61.002083],[24.48125,61.002083],[24.48125,60.997917]]]},"properties":{"radiance":37.78}},{"type":"Feature","geometry":{"type":"Polygon","coordinates":[[[24.485417,60.997917],[24.489583,60.997917],[24.489583,61.002083],[24.485417,61.002083],[24.485417,60.997917]]]},"properties":{"radiance":26.41}},{"type":"Feature","geometry":{"type":"Polygon","coordinates":[[[24.489583,60.997917],[24.49375,60.997917],[24.49375,61.002083],[24.489583,61.002083],[24.489583,60.997917]]]},"properties":{"radiance":21.4}},{"type":"Feature","geometry":{"type":"Polygon","coordinates":[[[24.49375,60.997917],[24.497917,60.997917],[24.497917,61.002083],[24.49375,61.002083],[24.49375,60.997917]]]},"properties":{"radiance":15.81}},{"type":"Feature","geometry":{"type":"Polygon","coordinates":[[[24.497917,60.997917],[24.502083,60.997917],[24.502083,61.002083],[24.497917,61.002083],[24.497917,60.997917]]]},"properties":{"radiance":13.58}},{"type":"Feature","geometry":{"type":"Polygon","coordinates":[[[24.502083,60.997917],[24.50625,60.997917],[24.50625,61.002083],[24.502083,61.002083],[24.502083,60.997917]]]},"properties":{"radiance":8.9}},{"type":"Feature","geometry":{"type":"Polygon","coordinates":[[[24.50625,60.997917],[24.510417,60.997917],[24.510417,61.002083],[24.50625,61.002083],[24.50625,60.997917]]]},"properties":{"radiance":5.38}},{"type":"Feature","geometry":{"type":"Polygon","coordinates":[[[24.402083,60.99375],[24.40625,60.99375],[24.40625,60.997917],[24.402083,60.997917],[24.402083,60.99375]]]},"properties":{"radiance":6.81}},{"type":"Feature","geometry":{"type":"Polygon","coordinates":[[[24.40625,60.99375],[24.410417,60.99375],[24.410417,60.997917],[24.40625,60.997917],[24.40625,60.99375]]]},"properties":{"radiance":10.34}},{"type":"Feature","geometry":{"type":"Polygon","coordinates":[[[24.410417,60.99375],[24.414583,60.99375],[24.414583,60.997917],[24.410417,60.997917],[24.410417,60.99375]]]},"properties":{"radiance":15.02}},{"type":"Feature","geometry":{"type":"Polygon","coordinates":[[[24.414583,60.99375],[24.41875,60.99375],[24.41875,60.997917],[24.414583,60.997917],[24.414583,60.99375]]]},"properties":{"radiance":13.79}},{"type":"Feature","geometry":{"type":"Polygon","coordinates":[[[24.41875,60.99375],[24.422917,60.99375],[24.422917,60.997917],[24.41875,60.997917],[24.41875,60.99375]]]},"properties":{"radiance":14.3}},{"type":"Feature","geometry":{"type":"Polygon","coordinates":[[[24.422917,60.99375],[24.427083,60.99375],[24.427083,60.997917],[24.422917,60.997917],[24.422917,60.99375]]]},"properties":{"radiance":19.3}},{"type":"Feature","geometry":{"type":"Polygon","coordinates":[[[24.427083,60.99375],[24.43125,60.99375],[24.43125,60.997917],[24.427083,60.997917],[24.427083,60.99375]]]},"properties":{"radiance":19.61}},{"type":"Feature","geometry":{"type":"Polygon","coordinates":[[[24.43125,60.99375],[24.435417,60.99375],[24.435417,60.997917],[24.43125,60.997917],[24.43125,60.99375]]]},"properties":{"radiance":24.07}},{"type":"Feature","geometry":{"type":"Polygon","coordinates":[[[24.435417,60.99375],[24.439583,60.99375],[24.439583,60.997917],[24.435417,60.997917],[24.435417,60.99375]]]},"properties":{"radiance":25.33}},{"type":"Feature","geometry":{"type":"Polygon","coordinates":[[[24.439583,60.99375],[24.44375,60.99375],[24.44375,60.997917],[24.439583,60.997917],[24.439583,60.99375]]]},"properties":{"radiance":27.7}},{"type":"Feature","geometry":{"type":"Polygon","coordinates":[[[24.44375,60.99375],[24.447917,60.99375],[24.447917,60.997917],[24.44375,60.997917],[24.44375,60.99375]]]},"properties":{"radiance":36.12}},{"type":"Feature","geometry":{"type":"Polygon","coordinates":[[[24.447917,60.99375],[24.452083,60.99375],[24.452083,60.997917],[24.447917,60.997917],[24.447917,60.99375]]]},"properties":{"radiance":85.69}},{"type":"Feature","geometry":{"type":"Polygon","coordinates":[[[24.452083,60.99375],[24.45625,60.99375],[24.45625,60.997917],[24.452083,60.997917],[24.452083,60.99375]]]},"properties":{"radiance":61.2}},{"type":"Feature","geometry":{"type":"Polygon","coordinates":[[[24.45625,60.99375],[24.460417,60.99375],[24.460417,60.997917],[24.45625,60.997917],[24.45625,60.99375]]]},"properties":{"radiance":56.61}},{"type":"Feature","geometry":{"type":"Polygon","coordinates":[[[24.460417,60.99375],[24.464583,60.99375],[24.464583,60.997917],[24.460417,60.997917],[24.460417,60.99375]]]},"properties":{"radiance":49.9}},{"type":"Feature","geometry":{"type":"Polygon","coordinates":[[[24.464583,60.99375],[24.46875,60.99375],[24.46875,60.997917],[24.464583,60.997917],[24.464583,60.99375]]]},"properties":{"radiance":40.31}},{"type":"Feature","geometry":{"type":"Polygon","coordinates":[[[24.46875,60.99375],[24.472917,60.99375],[24.472917,60.997917],[24.46875,60.997917],[24.46875,60.99375]]]},"properties":{"radiance":28.04}},{"type":"Feature","geometry":{"type":"Polygon","coordinates":[[[24.472917,60.99375],[24.477083,60.99375],[24.477083,60.997917],[24.472917,60.997917],[24.472917,60.99375]]]},"properties":{"radiance":34.11}},{"type":"Feature","geometry":{"type":"Polygon","coordinates":[[[24.477083,60.99375],[24.48125,60.99375],[24.48125,60.997917],[24.477083,60.997917],[24.477083,60.99375]]]},"properties":{"radiance":34.17}},{"type":"Feature","geometry":{"type":"Polygon","coordinates":[[[24.48125,60.99375],[24.485417,60.99375],[24.485417,60.997917],[24.48125,60.997917],[24.48125,60.99375]]]},"properties":{"radiance":24.12}},{"type":"Feature","geometry":{"type":"Polygon","coordinates":[[[24.485417,60.99375],[24.489583,60.99375],[24.489583,60.997917],[24.485417,60.997917],[24.485417,60.99375]]]},"properties":{"radiance":24.1}},{"type":"Feature","geometry":{"type":"Polygon","coordinates":[[[24.489583,60.99375],[24.49375,60.99375],[24.49375,60.997917],[24.489583,60.997917],[24.489583,60.99375]]]},"properties":{"radiance":21.57}},{"type":"Feature","geometry":{"type":"Polygon","coordinates":[[[24.49375,60.99375],[24.497917,60.99375],[24.497917,60.997917],[24.49375,60.997917],[24.49375,60.99375]]]},"properties":{"radiance":16.78}},{"type":"Feature","geometry":{"type":"Polygon","coordinates":[[[24.497917,60.99375],[24.502083,60.99375],[24.502083,60.997917],[24.497917,60.997917],[24.497917,60.99375]]]},"properties":{"radiance":11.22}},{"type":"Feature","geometry":{"type":"Polygon","coordinates":[[[24.502083,60.99375],[24.50625,60.99375],[24.50625,60.997917],[24.502083,60.997917],[24.502083,60.99375]]]},"properties":{"radiance":8.7}},{"type":"Feature","geometry":{"type":"Polygon","coordinates":[[[24.50625,60.99375],[24.510417,60.99375],[24.510417,60.997917],[24.50625,60.997917],[24.50625,60.99375]]]},"properties":{"radiance":5.09}},{"type":"Feature","geometry":{"type":"Polygon","coordinates":[[[24.385417,60.989583],[24.389583,60.989583],[24.389583,60.99375],[24.385417,60.99375],[24.385417,60.989583]]]},"properties":{"radiance":5.44}},{"type":"Feature","geometry":{"type":"Polygon","coordinates":[[[24.389583,60.989583],[24.39375,60.989583],[24.39375,60.99375],[24.389583,60.99375],[24.389583,60.989583]]]},"properties":{"radiance":6.52}},{"type":"Feature","geometry":{"type":"Polygon","coordinates":[[[24.39375,60.989583],[24.397917,60.989583],[24.397917,60.99375],[24.39375,60.99375],[24.39375,60.989583]]]},"properties":{"radiance":6.82}},{"type":"Feature","geometry":{"type":"Polygon","coordinates":[[[24.397917,60.989583],[24.402083,60.989583],[24.402083,60.99375],[24.397917,60.99375],[24.397917,60.989583]]]},"properties":{"radiance":8.26}},{"type":"Feature","geometry":{"type":"Polygon","coordinates":[[[24.402083,60.989583],[24.40625,60.989583],[24.40625,60.99375],[24.402083,60.99375],[24.402083,60.989583]]]},"properties":{"radiance":21.23}},{"type":"Feature","geometry":{"type":"Polygon","coordinates":[[[24.40625,60.989583],[24.410417,60.989583],[24.410417,60.99375],[24.40625,60.99375],[24.40625,60.989583]]]},"properties":{"radiance":27.52}},{"type":"Feature","geometry":{"type":"Polygon","coordinates":[[[24.410417,60.989583],[24.414583,60.989583],[24.414583,60.99375],[24.410417,60.99375],[24.410417,60.989583]]]},"properties":{"radiance":30.26}},{"type":"Feature","geometry":{"type":"Polygon","coordinates":[[[24.414583,60.989583],[24.41875,60.989583],[24.41875,60.99375],[24.414583,60.99375],[24.414583,60.989583]]]},"properties":{"radiance":25.39}},{"type":"Feature","geometry":{"type":"Polygon","coordinates":[[[24.41875,60.989583],[24.422917,60.989583],[24.422917,60.99375],[24.41875,60.99375],[24.41875,60.989583]]]},"properties":{"radiance":21.7}},{"type":"Feature","geometry":{"type":"Polygon","coordinates":[[[24.422917,60.989583],[24.427083,60.989583],[24.427083,60.99375],[24.422917,60.99375],[24.422917,60.989583]]]},"properties":{"radiance":20.54}},{"type":"Feature","geometry":{"type":"Polygon","coordinates":[[[24.427083,60.989583],[24.43125,60.989583],[24.43125,60.99375],[24.427083,60.99375],[24.427083,60.989583]]]},"properties":{"radiance":19.55}},{"type":"Feature","geometry":{"type":"Polygon","coordinates":[[[24.43125,60.989583],[24.435417,60.989583],[24.435417,60.99375],[24.43125,60.99375],[24.43125,60.989583]]]},"properties":{"radiance":22.89}},{"type":"Feature","geometry":{"type":"Polygon","coordinates":[[[24.435417,60.989583],[24.439583,60.989583],[24.439583,60.99375],[24.435417,60.99375],[24.435417,60.989583]]]},"properties":{"radiance":24.76}},{"type":"Feature","geometry":{"type":"Polygon","coordinates":[[[24.439583,60.989583],[24.44375,60.989583],[24.44375,60.99375],[24.439583,60.99375],[24.439583,60.989583]]]},"properties":{"radiance":24.08}},{"type":"Feature","geometry":{"type":"Polygon","coordinates":[[[24.44375,60.989583],[24.447917,60.989583],[24.447917,60.99375],[24.44375,60.99375],[24.44375,60.989583]]]},"properties":{"radiance":28.67}},{"type":"Feature","geometry":{"type":"Polygon","coordinates":[[[24.447917,60.989583],[24.452083,60.989583],[24.452083,60.99375],[24.447917,60.99375],[24.447917,60.989583]]]},"properties":{"radiance":31.98}},{"type":"Feature","geometry":{"type":"Polygon","coordinates":[[[24.452083,60.989583],[24.45625,60.989583],[24.45625,60.99375],[24.452083,60.99375],[24.452083,60.989583]]]},"properties":{"radiance":31.51}},{"type":"Feature","geometry":{"type":"Polygon","coordinates":[[[24.45625,60.989583],[24.460417,60.989583],[24.460417,60.99375],[24.45625,60.99375],[24.45625,60.989583]]]},"properties":{"radiance":93.64}},{"type":"Feature","geometry":{"type":"Polygon","coordinates":[[[24.460417,60.989583],[24.464583,60.989583],[24.464583,60.99375],[24.460417,60.99375],[24.460417,60.989583]]]},"properties":{"radiance":18.7}},{"type":"Feature","geometry":{"type":"Polygon","coordinates":[[[24.464583,60.989583],[24.46875,60.989583],[24.46875,60.99375],[24.464583,60.99375],[24.464583,60.989583]]]},"properties":{"radiance":9.33}},{"type":"Feature","geometry":{"type":"Polygon","coordinates":[[[24.46875,60.989583],[24.472917,60.989583],[24.472917,60.99375],[24.46875,60.99375],[24.46875,60.989583]]]},"properties":{"radiance":14.19}},{"type":"Feature","geometry":{"type":"Polygon","coordinates":[[[24.472917,60.989583],[24.477083,60.989583],[24.477083,60.99375],[24.472917,60.99375],[24.472917,60.989583]]]},"properties":{"radiance":12.75}},{"type":"Feature","geometry":{"type":"Polygon","coordinates":[[[24.477083,60.989583],[24.48125,60.989583],[24.48125,60.99375],[24.477083,60.99375],[24.477083,60.989583]]]},"properties":{"radiance":21.12}},{"type":"Feature","geometry":{"type":"Polygon","coordinates":[[[24.48125,60.989583],[24.485417,60.989583],[24.485417,60.99375],[24.48125,60.99375],[24.48125,60.989583]]]},"properties":{"radiance":22.32}},{"type":"Feature","geometry":{"type":"Polygon","coordinates":[[[24.485417,60.989583],[24.489583,60.989583],[24.489583,60.99375],[24.485417,60.99375],[24.485417,60.989583]]]},"properties":{"radiance":21.98}},{"type":"Feature","geometry":{"type":"Polygon","coordinates":[[[24.489583,60.989583],[24.49375,60.989583],[24.49375,60.99375],[24.489583,60.99375],[24.489583,60.989583]]]},"properties":{"radiance":20.79}},{"type":"Feature","geometry":{"type":"Polygon","coordinates":[[[24.49375,60.989583],[24.497917,60.989583],[24.497917,60.99375],[24.49375,60.99375],[24.49375,60.989583]]]},"properties":{"radiance":17.73}},{"type":"Feature","geometry":{"type":"Polygon","coordinates":[[[24.497917,60.989583],[24.502083,60.989583],[24.502083,60.99375],[24.497917,60.99375],[24.497917,60.989583]]]},"properties":{"radiance":12.44}},{"type":"Feature","geometry":{"type":"Polygon","coordinates":[[[24.502083,60.989583],[24.50625,60.989583],[24.50625,60.99375],[24.502083,60.99375],[24.502083,60.989583]]]},"properties":{"radiance":6.66}},{"type":"Feature","geometry":{"type":"Polygon","coordinates":[[[24.50625,60.989583],[24.510417,60.989583],[24.510417,60.99375],[24.50625,60.99375],[24.50625,60.989583]]]},"properties":{"radiance":6.71}},{"type":"Feature","geometry":{"type":"Polygon","coordinates":[[[24.38125,60.985417],[24.385417,60.985417],[24.385417,60.989583],[24.38125,60.989583],[24.38125,60.985417]]]},"properties":{"radiance":6.44}},{"type":"Feature","geometry":{"type":"Polygon","coordinates":[[[24.385417,60.985417],[24.389583,60.985417],[24.389583,60.989583],[24.385417,60.989583],[24.385417,60.985417]]]},"properties":{"radiance":6.24}},{"type":"Feature","geometry":{"type":"Polygon","coordinates":[[[24.389583,60.985417],[24.39375,60.985417],[24.39375,60.989583],[24.389583,60.989583],[24.389583,60.985417]]]},"properties":{"radiance":9.03}},{"type":"Feature","geometry":{"type":"Polygon","coordinates":[[[24.39375,60.985417],[24.397917,60.985417],[24.397917,60.989583],[24.39375,60.989583],[24.39375,60.985417]]]},"properties":{"radiance":8.59}},{"type":"Feature","geometry":{"type":"Polygon","coordinates":[[[24.397917,60.985417],[24.402083,60.985417],[24.402083,60.989583],[24.397917,60.989583],[24.397917,60.985417]]]},"properties":{"radiance":12.83}},{"type":"Feature","geometry":{"type":"Polygon","coordinates":[[[24.402083,60.985417],[24.40625,60.985417],[24.40625,60.989583],[24.402083,60.989583],[24.402083,60.985417]]]},"properties":{"radiance":21.48}},{"type":"Feature","geometry":{"type":"Polygon","coordinates":[[[24.40625,60.985417],[24.410417,60.985417],[24.410417,60.989583],[24.40625,60.989583],[24.40625,60.985417]]]},"properties":{"radiance":28.95}},{"type":"Feature","geometry":{"type":"Polygon","coordinates":[[[24.410417,60.985417],[24.414583,60.985417],[24.414583,60.989583],[24.410417,60.989583],[24.410417,60.985417]]]},"properties":{"radiance":34.31}},{"type":"Feature","geometry":{"type":"Polygon","coordinates":[[[24.414583,60.985417],[24.41875,60.985417],[24.41875,60.989583],[24.414583,60.989583],[24.414583,60.985417]]]},"properties":{"radiance":27.9}},{"type":"Feature","geometry":{"type":"Polygon","coordinates":[[[24.41875,60.985417],[24.422917,60.985417],[24.422917,60.989583],[24.41875,60.989583],[24.41875,60.985417]]]},"properties":{"radiance":25.52}},{"type":"Feature","geometry":{"type":"Polygon","coordinates":[[[24.422917,60.985417],[24.427083,60.985417],[24.427083,60.989583],[24.422917,60.989583],[24.422917,60.985417]]]},"properties":{"radiance":21.27}},{"type":"Feature","geometry":{"type":"Polygon","coordinates":[[[24.427083,60.985417],[24.43125,60.985417],[24.43125,60.989583],[24.427083,60.989583],[24.427083,60.985417]]]},"properties":{"radiance":18.15}},{"type":"Feature","geometry":{"type":"Polygon","coordinates":[[[24.43125,60.985417],[24.435417,60.985417],[24.435417,60.989583],[24.43125,60.989583],[24.43125,60.985417]]]},"properties":{"radiance":22.64}},{"type":"Feature","geometry":{"type":"Polygon","coordinates":[[[24.435417,60.985417],[24.439583,60.985417],[24.439583,60.989583],[24.435417,60.989583],[24.435417,60.985417]]]},"properties":{"radiance":22.13}},{"type":"Feature","geometry":{"type":"Polygon","coordinates":[[[24.439583,60.985417],[24.44375,60.985417],[24.44375,60.989583],[24.439583,60.989583],[24.439583,60.985417]]]},"properties":{"radiance":20.83}},{"type":"Feature","geometry":{"type":"Polygon","coordinates":[[[24.44375,60.985417],[24.447917,60.985417],[24.447917,60.989583],[24.44375,60.989583],[24.44375,60.985417]]]},"properties":{"radiance":19.49}},{"type":"Feature","geometry":{"type":"Polygon","coordinates":[[[24.447917,60.985417],[24.452083,60.985417],[24.452083,60.989583],[24.447917,60.989583],[24.447917,60.985417]]]},"properties":{"radiance":17.21}},{"type":"Feature","geometry":{"type":"Polygon","coordinates":[[[24.452083,60.985417],[24.45625,60.985417],[24.45625,60.989583],[24.452083,60.989583],[24.452083,60.985417]]]},"properties":{"radiance":20.33}},{"type":"Feature","geometry":{"type":"Polygon","coordinates":[[[24.45625,60.985417],[24.460417,60.985417],[24.460417,60.989583],[24.45625,60.989583],[24.45625,60.985417]]]},"properties":{"radiance":17.62}},{"type":"Feature","geometry":{"type":"Polygon","coordinates":[[[24.460417,60.985417],[24.464583,60.985417],[24.464583,60.989583],[24.460417,60.989583],[24.460417,60.985417]]]},"properties":{"radiance":14.9}},{"type":"Feature","geometry":{"type":"Polygon","coordinates":[[[24.464583,60.985417],[24.46875,60.985417],[24.46875,60.989583],[24.464583,60.989583],[24.464583,60.985417]]]},"properties":{"radiance":12.01}},{"type":"Feature","geometry":{"type":"Polygon","coordinates":[[[24.46875,60.985417],[24.472917,60.985417],[24.472917,60.989583],[24.46875,60.989583],[24.46875,60.985417]]]},"properties":{"radiance":9.43}},{"type":"Feature","geometry":{"type":"Polygon","coordinates":[[[24.472917,60.985417],[24.477083,60.985417],[24.477083,60.989583],[24.472917,60.989583],[24.472917,60.985417]]]},"properties":{"radiance":11.38}},{"type":"Feature","geometry":{"type":"Polygon","coordinates":[[[24.477083,60.985417],[24.48125,60.985417],[24.48125,60.989583],[24.477083,60.989583],[24.477083,60.985417]]]},"properties":{"radiance":14.3}},{"type":"Feature","geometry":{"type":"Polygon","coordinates":[[[24.48125,60.985417],[24.485417,60.985417],[24.485417,60.989583],[24.48125,60.989583],[24.48125,60.985417]]]},"properties":{"radiance":17.47}},{"type":"Feature","geometry":{"type":"Polygon","coordinates":[[[24.485417,60.985417],[24.489583,60.985417],[24.489583,60.989583],[24.485417,60.989583],[24.485417,60.985417]]]},"properties":{"radiance":21.89}},{"type":"Feature","geometry":{"type":"Polygon","coordinates":[[[24.489583,60.985417],[24.49375,60.985417],[24.49375,60.989583],[24.489583,60.989583],[24.489583,60.985417]]]},"properties":{"radiance":21.09}},{"type":"Feature","geometry":{"type":"Polygon","coordinates":[[[24.49375,60.985417],[24.497917,60.985417],[24.497917,60.989583],[24.49375,60.989583],[24.49375,60.985417]]]},"properties":{"radiance":16.9}},{"type":"Feature","geometry":{"type":"Polygon","coordinates":[[[24.497917,60.985417],[24.502083,60.985417],[24.502083,60.989583],[24.497917,60.989583],[24.497917,60.985417]]]},"properties":{"radiance":15.17}},{"type":"Feature","geometry":{"type":"Polygon","coordinates":[[[24.502083,60.985417],[24.50625,60.985417],[24.50625,60.989583],[24.502083,60.989583],[24.502083,60.985417]]]},"properties":{"radiance":12.15}},{"type":"Feature","geometry":{"type":"Polygon","coordinates":[[[24.50625,60.985417],[24.510417,60.985417],[24.510417,60.989583],[24.50625,60.989583],[24.50625,60.985417]]]},"properties":{"radiance":11.3}},{"type":"Feature","geometry":{"type":"Polygon","coordinates":[[[24.510417,60.985417],[24.514583,60.985417],[24.514583,60.989583],[24.510417,60.989583],[24.510417,60.985417]]]},"properties":{"radiance":8.2}},{"type":"Feature","geometry":{"type":"Polygon","coordinates":[[[24.514583,60.985417],[24.51875,60.985417],[24.51875,60.989583],[24.514583,60.989583],[24.514583,60.985417]]]},"properties":{"radiance":7.52}},{"type":"Feature","geometry":{"type":"Polygon","coordinates":[[[24.51875,60.985417],[24.522917,60.985417],[24.522917,60.989583],[24.51875,60.989583],[24.51875,60.985417]]]},"properties":{"radiance":7.11}},{"type":"Feature","geometry":{"type":"Polygon","coordinates":[[[24.364583,60.98125],[24.36875,60.98125],[24.36875,60.985417],[24.364583,60.985417],[24.364583,60.98125]]]},"properties":{"radiance":5.07}},{"type":"Feature","geometry":{"type":"Polygon","coordinates":[[[24.36875,60.98125],[24.372917,60.98125],[24.372917,60.985417],[24.36875,60.985417],[24.36875,60.98125]]]},"properties":{"radiance":6.27}},{"type":"Feature","geometry":{"type":"Polygon","coordinates":[[[24.372917,60.98125],[24.377083,60.98125],[24.377083,60.985417],[24.372917,60.985417],[24.372917,60.98125]]]},"properties":{"radiance":5.88}},{"type":"Feature","geometry":{"type":"Polygon","coordinates":[[[24.377083,60.98125],[24.38125,60.98125],[24.38125,60.985417],[24.377083,60.985417],[24.377083,60.98125]]]},"properties":{"radiance":5.41}},{"type":"Feature","geometry":{"type":"Polygon","coordinates":[[[24.38125,60.98125],[24.385417,60.98125],[24.385417,60.985417],[24.38125,60.985417],[24.38125,60.98125]]]},"properties":{"radiance":5.4}},{"type":"Feature","geometry":{"type":"Polygon","coordinates":[[[24.385417,60.98125],[24.389583,60.98125],[24.389583,60.985417],[24.385417,60.985417],[24.385417,60.98125]]]},"properties":{"radiance":6}},{"type":"Feature","geometry":{"type":"Polygon","coordinates":[[[24.389583,60.98125],[24.39375,60.98125],[24.39375,60.985417],[24.389583,60.985417],[24.389583,60.98125]]]},"properties":{"radiance":7.88}},{"type":"Feature","geometry":{"type":"Polygon","coordinates":[[[24.39375,60.98125],[24.397917,60.98125],[24.397917,60.985417],[24.39375,60.985417],[24.39375,60.98125]]]},"properties":{"radiance":7.98}},{"type":"Feature","geometry":{"type":"Polygon","coordinates":[[[24.397917,60.98125],[24.402083,60.98125],[24.402083,60.985417],[24.397917,60.985417],[24.397917,60.98125]]]},"properties":{"radiance":9.57}},{"type":"Feature","geometry":{"type":"Polygon","coordinates":[[[24.402083,60.98125],[24.40625,60.98125],[24.40625,60.985417],[24.402083,60.985417],[24.402083,60.98125]]]},"properties":{"radiance":10.33}},{"type":"Feature","geometry":{"type":"Polygon","coordinates":[[[24.40625,60.98125],[24.410417,60.98125],[24.410417,60.985417],[24.40625,60.985417],[24.40625,60.98125]]]},"properties":{"radiance":11.5}},{"type":"Feature","geometry":{"type":"Polygon","coordinates":[[[24.410417,60.98125],[24.414583,60.98125],[24.414583,60.985417],[24.410417,60.985417],[24.410417,60.98125]]]},"properties":{"radiance":17.55}},{"type":"Feature","geometry":{"type":"Polygon","coordinates":[[[24.414583,60.98125],[24.41875,60.98125],[24.41875,60.985417],[24.414583,60.985417],[24.414583,60.98125]]]},"properties":{"radiance":18.24}},{"type":"Feature","geometry":{"type":"Polygon","coordinates":[[[24.41875,60.98125],[24.422917,60.98125],[24.422917,60.985417],[24.41875,60.985417],[24.41875,60.98125]]]},"properties":{"radiance":19.1}},{"type":"Feature","geometry":{"type":"Polygon","coordinates":[[[24.422917,60.98125],[24.427083,60.98125],[24.427083,60.985417],[24.422917,60.985417],[24.422917,60.98125]]]},"properties":{"radiance":19.93}},{"type":"Feature","geometry":{"type":"Polygon","coordinates":[[[24.427083,60.98125],[24.43125,60.98125],[24.43125,60.985417],[24.427083,60.985417],[24.427083,60.98125]]]},"properties":{"radiance":15.98}},{"type":"Feature","geometry":{"type":"Polygon","coordinates":[[[24.43125,60.98125],[24.435417,60.98125],[24.435417,60.985417],[24.43125,60.985417],[24.43125,60.98125]]]},"properties":{"radiance":15.91}},{"type":"Feature","geometry":{"type":"Polygon","coordinates":[[[24.435417,60.98125],[24.439583,60.98125],[24.439583,60.985417],[24.435417,60.985417],[24.435417,60.98125]]]},"properties":{"radiance":14.29}},{"type":"Feature","geometry":{"type":"Polygon","coordinates":[[[24.439583,60.98125],[24.44375,60.98125],[24.44375,60.985417],[24.439583,60.985417],[24.439583,60.98125]]]},"properties":{"radiance":11.95}},{"type":"Feature","geometry":{"type":"Polygon","coordinates":[[[24.44375,60.98125],[24.447917,60.98125],[24.447917,60.985417],[24.44375,60.985417],[24.44375,60.98125]]]},"properties":{"radiance":12.73}},{"type":"Feature","geometry":{"type":"Polygon","coordinates":[[[24.447917,60.98125],[24.452083,60.98125],[24.452083,60.985417],[24.447917,60.985417],[24.447917,60.98125]]]},"properties":{"radiance":10.99}},{"type":"Feature","geometry":{"type":"Polygon","coordinates":[[[24.452083,60.98125],[24.45625,60.98125],[24.45625,60.985417],[24.452083,60.985417],[24.452083,60.98125]]]},"properties":{"radiance":12.46}},{"type":"Feature","geometry":{"type":"Polygon","coordinates":[[[24.45625,60.98125],[24.460417,60.98125],[24.460417,60.985417],[24.45625,60.985417],[24.45625,60.98125]]]},"properties":{"radiance":12.98}},{"type":"Feature","geometry":{"type":"Polygon","coordinates":[[[24.460417,60.98125],[24.464583,60.98125],[24.464583,60.985417],[24.460417,60.985417],[24.460417,60.98125]]]},"properties":{"radiance":17.43}},{"type":"Feature","geometry":{"type":"Polygon","coordinates":[[[24.464583,60.98125],[24.46875,60.98125],[24.46875,60.985417],[24.464583,60.985417],[24.464583,60.98125]]]},"properties":{"radiance":15.44}},{"type":"Feature","geometry":{"type":"Polygon","coordinates":[[[24.46875,60.98125],[24.472917,60.98125],[24.472917,60.985417],[24.46875,60.985417],[24.46875,60.98125]]]},"properties":{"radiance":14.4}},{"type":"Feature","geometry":{"type":"Polygon","coordinates":[[[24.472917,60.98125],[24.477083,60.98125],[24.477083,60.985417],[24.472917,60.985417],[24.472917,60.98125]]]},"properties":{"radiance":14.28}},{"type":"Feature","geometry":{"type":"Polygon","coordinates":[[[24.477083,60.98125],[24.48125,60.98125],[24.48125,60.985417],[24.477083,60.985417],[24.477083,60.98125]]]},"properties":{"radiance":13.81}},{"type":"Feature","geometry":{"type":"Polygon","coordinates":[[[24.48125,60.98125],[24.485417,60.98125],[24.485417,60.985417],[24.48125,60.985417],[24.48125,60.98125]]]},"properties":{"radiance":15.35}},{"type":"Feature","geometry":{"type":"Polygon","coordinates":[[[24.485417,60.98125],[24.489583,60.98125],[24.489583,60.985417],[24.485417,60.985417],[24.485417,60.98125]]]},"properties":{"radiance":16.43}},{"type":"Feature","geometry":{"type":"Polygon","coordinates":[[[24.489583,60.98125],[24.49375,60.98125],[24.49375,60.985417],[24.489583,60.985417],[24.489583,60.98125]]]},"properties":{"radiance":15.88}},{"type":"Feature","geometry":{"type":"Polygon","coordinates":[[[24.49375,60.98125],[24.497917,60.98125],[24.497917,60.985417],[24.49375,60.985417],[24.49375,60.98125]]]},"properties":{"radiance":14.33}},{"type":"Feature","geometry":{"type":"Polygon","coordinates":[[[24.497917,60.98125],[24.502083,60.98125],[24.502083,60.985417],[24.497917,60.985417],[24.497917,60.98125]]]},"properties":{"radiance":14.52}},{"type":"Feature","geometry":{"type":"Polygon","coordinates":[[[24.502083,60.98125],[24.50625,60.98125],[24.50625,60.985417],[24.502083,60.985417],[24.502083,60.98125]]]},"properties":{"radiance":14.44}},{"type":"Feature","geometry":{"type":"Polygon","coordinates":[[[24.50625,60.98125],[24.510417,60.98125],[24.510417,60.985417],[24.50625,60.985417],[24.50625,60.98125]]]},"properties":{"radiance":13.92}},{"type":"Feature","geometry":{"type":"Polygon","coordinates":[[[24.510417,60.98125],[24.514583,60.98125],[24.514583,60.985417],[24.510417,60.985417],[24.510417,60.98125]]]},"properties":{"radiance":15.12}},{"type":"Feature","geometry":{"type":"Polygon","coordinates":[[[24.514583,60.98125],[24.51875,60.98125],[24.51875,60.985417],[24.514583,60.985417],[24.514583,60.98125]]]},"properties":{"radiance":14.08}},{"type":"Feature","geometry":{"type":"Polygon","coordinates":[[[24.51875,60.98125],[24.522917,60.98125],[24.522917,60.985417],[24.51875,60.985417],[24.51875,60.98125]]]},"properties":{"radiance":12.46}},{"type":"Feature","geometry":{"type":"Polygon","coordinates":[[[24.522917,60.98125],[24.527083,60.98125],[24.527083,60.985417],[24.522917,60.985417],[24.522917,60.98125]]]},"properties":{"radiance":8.29}},{"type":"Feature","geometry":{"type":"Polygon","coordinates":[[[24.527083,60.98125],[24.53125,60.98125],[24.53125,60.985417],[24.527083,60.985417],[24.527083,60.98125]]]},"properties":{"radiance":5.91}},{"type":"Feature","geometry":{"type":"Polygon","coordinates":[[[24.364583,60.977083],[24.36875,60.977083],[24.36875,60.98125],[24.364583,60.98125],[24.364583,60.977083]]]},"properties":{"radiance":5.85}},{"type":"Feature","geometry":{"type":"Polygon","coordinates":[[[24.36875,60.977083],[24.372917,60.977083],[24.372917,60.98125],[24.36875,60.98125],[24.36875,60.977083]]]},"properties":{"radiance":5.69}},{"type":"Feature","geometry":{"type":"Polygon","coordinates":[[[24.372917,60.977083],[24.377083,60.977083],[24.377083,60.98125],[24.372917,60.98125],[24.372917,60.977083]]]},"properties":{"radiance":6.53}},{"type":"Feature","geometry":{"type":"Polygon","coordinates":[[[24.377083,60.977083],[24.38125,60.977083],[24.38125,60.98125],[24.377083,60.98125],[24.377083,60.977083]]]},"properties":{"radiance":6.27}},{"type":"Feature","geometry":{"type":"Polygon","coordinates":[[[24.38125,60.977083],[24.385417,60.977083],[24.385417,60.98125],[24.38125,60.98125],[24.38125,60.977083]]]},"properties":{"radiance":6.8}},{"type":"Feature","geometry":{"type":"Polygon","coordinates":[[[24.385417,60.977083],[24.389583,60.977083],[24.389583,60.98125],[24.385417,60.98125],[24.385417,60.977083]]]},"properties":{"radiance":6.19}},{"type":"Feature","geometry":{"type":"Polygon","coordinates":[[[24.389583,60.977083],[24.39375,60.977083],[24.39375,60.98125],[24.389583,60.98125],[24.389583,60.977083]]]},"properties":{"radiance":6.96}},{"type":"Feature","geometry":{"type":"Polygon","coordinates":[[[24.39375,60.977083],[24.397917,60.977083],[24.397917,60.98125],[24.39375,60.98125],[24.39375,60.977083]]]},"properties":{"radiance":6.91}},{"type":"Feature","geometry":{"type":"Polygon","coordinates":[[[24.397917,60.977083],[24.402083,60.977083],[24.402083,60.98125],[24.397917,60.98125],[24.397917,60.977083]]]},"properties":{"radiance":6.55}},{"type":"Feature","geometry":{"type":"Polygon","coordinates":[[[24.402083,60.977083],[24.40625,60.977083],[24.40625,60.98125],[24.402083,60.98125],[24.402083,60.977083]]]},"properties":{"radiance":7.35}},{"type":"Feature","geometry":{"type":"Polygon","coordinates":[[[24.40625,60.977083],[24.410417,60.977083],[24.410417,60.98125],[24.40625,60.98125],[24.40625,60.977083]]]},"properties":{"radiance":7.29}},{"type":"Feature","geometry":{"type":"Polygon","coordinates":[[[24.410417,60.977083],[24.414583,60.977083],[24.414583,60.98125],[24.410417,60.98125],[24.410417,60.977083]]]},"properties":{"radiance":8.84}},{"type":"Feature","geometry":{"type":"Polygon","coordinates":[[[24.414583,60.977083],[24.41875,60.977083],[24.41875,60.98125],[24.414583,60.98125],[24.414583,60.977083]]]},"properties":{"radiance":11.27}},{"type":"Feature","geometry":{"type":"Polygon","coordinates":[[[24.41875,60.977083],[24.422917,60.977083],[24.422917,60.98125],[24.41875,60.98125],[24.41875,60.977083]]]},"properties":{"radiance":13.94}},{"type":"Feature","geometry":{"type":"Polygon","coordinates":[[[24.422917,60.977083],[24.427083,60.977083],[24.427083,60.98125],[24.422917,60.98125],[24.422917,60.977083]]]},"properties":{"radiance":13.54}},{"type":"Feature","geometry":{"type":"Polygon","coordinates":[[[24.427083,60.977083],[24.43125,60.977083],[24.43125,60.98125],[24.427083,60.98125],[24.427083,60.977083]]]},"properties":{"radiance":13.26}},{"type":"Feature","geometry":{"type":"Polygon","coordinates":[[[24.43125,60.977083],[24.435417,60.977083],[24.435417,60.98125],[24.43125,60.98125],[24.43125,60.977083]]]},"properties":{"radiance":11.92}},{"type":"Feature","geometry":{"type":"Polygon","coordinates":[[[24.435417,60.977083],[24.439583,60.977083],[24.439583,60.98125],[24.435417,60.98125],[24.435417,60.977083]]]},"properties":{"radiance":5.83}},{"type":"Feature","geometry":{"type":"Polygon","coordinates":[[[24.439583,60.977083],[24.44375,60.977083],[24.44375,60.98125],[24.439583,60.98125],[24.439583,60.977083]]]},"properties":{"radiance":6.68}},{"type":"Feature","geometry":{"type":"Polygon","coordinates":[[[24.447917,60.977083],[24.452083,60.977083],[24.452083,60.98125],[24.447917,60.98125],[24.447917,60.977083]]]},"properties":{"radiance":6.48}},{"type":"Feature","geometry":{"type":"Polygon","coordinates":[[[24.452083,60.977083],[24.45625,60.977083],[24.45625,60.98125],[24.452083,60.98125],[24.452083,60.977083]]]},"properties":{"radiance":6.82}},{"type":"Feature","geometry":{"type":"Polygon","coordinates":[[[24.45625,60.977083],[24.460417,60.977083],[24.460417,60.98125],[24.45625,60.98125],[24.45625,60.977083]]]},"properties":{"radiance":8.12}},{"type":"Feature","geometry":{"type":"Polygon","coordinates":[[[24.460417,60.977083],[24.464583,60.977083],[24.464583,60.98125],[24.460417,60.98125],[24.460417,60.977083]]]},"properties":{"radiance":15.11}},{"type":"Feature","geometry":{"type":"Polygon","coordinates":[[[24.464583,60.977083],[24.46875,60.977083],[24.46875,60.98125],[24.464583,60.98125],[24.464583,60.977083]]]},"properties":{"radiance":15.41}},{"type":"Feature","geometry":{"type":"Polygon","coordinates":[[[24.46875,60.977083],[24.472917,60.977083],[24.472917,60.98125],[24.46875,60.98125],[24.46875,60.977083]]]},"properties":{"radiance":18.49}},{"type":"Feature","geometry":{"type":"Polygon","coordinates":[[[24.472917,60.977083],[24.477083,60.977083],[24.477083,60.98125],[24.472917,60.98125],[24.472917,60.977083]]]},"properties":{"radiance":16.54}},{"type":"Feature","geometry":{"type":"Polygon","coordinates":[[[24.477083,60.977083],[24.48125,60.977083],[24.48125,60.98125],[24.477083,60.98125],[24.477083,60.977083]]]},"properties":{"radiance":13.19}},{"type":"Feature","geometry":{"type":"Polygon","coordinates":[[[24.48125,60.977083],[24.485417,60.977083],[24.485417,60.98125],[24.48125,60.98125],[24.48125,60.977083]]]},"properties":{"radiance":7.41}},{"type":"Feature","geometry":{"type":"Polygon","coordinates":[[[24.485417,60.977083],[24.489583,60.977083],[24.489583,60.98125],[24.485417,60.98125],[24.485417,60.977083]]]},"properties":{"radiance":7.34}},{"type":"Feature","geometry":{"type":"Polygon","coordinates":[[[24.489583,60.977083],[24.49375,60.977083],[24.49375,60.98125],[24.489583,60.98125],[24.489583,60.977083]]]},"properties":{"radiance":10.3}},{"type":"Feature","geometry":{"type":"Polygon","coordinates":[[[24.49375,60.977083],[24.497917,60.977083],[24.497917,60.98125],[24.49375,60.98125],[24.49375,60.977083]]]},"properties":{"radiance":16}},{"type":"Feature","geometry":{"type":"Polygon","coordinates":[[[24.497917,60.977083],[24.502083,60.977083],[24.502083,60.98125],[24.497917,60.98125],[24.497917,60.977083]]]},"properties":{"radiance":14.36}},{"type":"Feature","geometry":{"type":"Polygon","coordinates":[[[24.502083,60.977083],[24.50625,60.977083],[24.50625,60.98125],[24.502083,60.98125],[24.502083,60.977083]]]},"properties":{"radiance":15.91}},{"type":"Feature","geometry":{"type":"Polygon","coordinates":[[[24.50625,60.977083],[24.510417,60.977083],[24.510417,60.98125],[24.50625,60.98125],[24.50625,60.977083]]]},"properties":{"radiance":15.3}},{"type":"Feature","geometry":{"type":"Polygon","coordinates":[[[24.510417,60.977083],[24.514583,60.977083],[24.514583,60.98125],[24.510417,60.98125],[24.510417,60.977083]]]},"properties":{"radiance":17.58}},{"type":"Feature","geometry":{"type":"Polygon","coordinates":[[[24.514583,60.977083],[24.51875,60.977083],[24.51875,60.98125],[24.514583,60.98125],[24.514583,60.977083]]]},"properties":{"radiance":18.45}},{"type":"Feature","geometry":{"type":"Polygon","coordinates":[[[24.51875,60.977083],[24.522917,60.977083],[24.522917,60.98125],[24.51875,60.98125],[24.51875,60.977083]]]},"properties":{"radiance":21.96}},{"type":"Feature","geometry":{"type":"Polygon","coordinates":[[[24.522917,60.977083],[24.527083,60.977083],[24.527083,60.98125],[24.522917,60.98125],[24.522917,60.977083]]]},"properties":{"radiance":21.62}},{"type":"Feature","geometry":{"type":"Polygon","coordinates":[[[24.527083,60.977083],[24.53125,60.977083],[24.53125,60.98125],[24.527083,60.98125],[24.527083,60.977083]]]},"properties":{"radiance":23.1}},{"type":"Feature","geometry":{"type":"Polygon","coordinates":[[[24.53125,60.977083],[24.535417,60.977083],[24.535417,60.98125],[24.53125,60.98125],[24.53125,60.977083]]]},"properties":{"radiance":14.59}},{"type":"Feature","geometry":{"type":"Polygon","coordinates":[[[24.535417,60.977083],[24.539583,60.977083],[24.539583,60.98125],[24.535417,60.98125],[24.535417,60.977083]]]},"properties":{"radiance":8.11}},{"type":"Feature","geometry":{"type":"Polygon","coordinates":[[[24.547917,60.977083],[24.552083,60.977083],[24.552083,60.98125],[24.547917,60.98125],[24.547917,60.977083]]]},"properties":{"radiance":5.91}},{"type":"Feature","geometry":{"type":"Polygon","coordinates":[[[24.552083,60.977083],[24.55625,60.977083],[24.55625,60.98125],[24.552083,60.98125],[24.552083,60.977083]]]},"properties":{"radiance":5.36}},{"type":"Feature","geometry":{"type":"Polygon","coordinates":[[[24.372917,60.972917],[24.377083,60.972917],[24.377083,60.977083],[24.372917,60.977083],[24.372917,60.972917]]]},"properties":{"radiance":5.66}},{"type":"Feature","geometry":{"type":"Polygon","coordinates":[[[24.377083,60.972917],[24.38125,60.972917],[24.38125,60.977083],[24.377083,60.977083],[24.377083,60.972917]]]},"properties":{"radiance":7.22}},{"type":"Feature","geometry":{"type":"Polygon","coordinates":[[[24.38125,60.972917],[24.385417,60.972917],[24.385417,60.977083],[24.38125,60.977083],[24.38125,60.972917]]]},"properties":{"radiance":7.39}},{"type":"Feature","geometry":{"type":"Polygon","coordinates":[[[24.385417,60.972917],[24.389583,60.972917],[24.389583,60.977083],[24.385417,60.977083],[24.385417,60.972917]]]},"properties":{"radiance":6.5}},{"type":"Feature","geometry":{"type":"Polygon","coordinates":[[[24.39375,60.972917],[24.397917,60.972917],[24.397917,60.977083],[24.39375,60.977083],[24.39375,60.972917]]]},"properties":{"radiance":5.24}},{"type":"Feature","geometry":{"type":"Polygon","coordinates":[[[24.422917,60.972917],[24.427083,60.972917],[24.427083,60.977083],[24.422917,60.977083],[24.422917,60.972917]]]},"properties":{"radiance":5.04}},{"type":"Feature","geometry":{"type":"Polygon","coordinates":[[[24.427083,60.972917],[24.43125,60.972917],[24.43125,60.977083],[24.427083,60.977083],[24.427083,60.972917]]]},"properties":{"radiance":5.14}},{"type":"Feature","geometry":{"type":"Polygon","coordinates":[[[24.45625,60.972917],[24.460417,60.972917],[24.460417,60.977083],[24.45625,60.977083],[24.45625,60.972917]]]},"properties":{"radiance":5.8}},{"type":"Feature","geometry":{"type":"Polygon","coordinates":[[[24.460417,60.972917],[24.464583,60.972917],[24.464583,60.977083],[24.460417,60.977083],[24.460417,60.972917]]]},"properties":{"radiance":13.58}},{"type":"Feature","geometry":{"type":"Polygon","coordinates":[[[24.464583,60.972917],[24.46875,60.972917],[24.46875,60.977083],[24.464583,60.977083],[24.464583,60.972917]]]},"properties":{"radiance":14.6}},{"type":"Feature","geometry":{"type":"Polygon","coordinates":[[[24.46875,60.972917],[24.472917,60.972917],[24.472917,60.977083],[24.46875,60.977083],[24.46875,60.972917]]]},"properties":{"radiance":17.22}},{"type":"Feature","geometry":{"type":"Polygon","coordinates":[[[24.472917,60.972917],[24.477083,60.972917],[24.477083,60.977083],[24.472917,60.977083],[24.472917,60.972917]]]},"properties":{"radiance":16.86}},{"type":"Feature","geometry":{"type":"Polygon","coordinates":[[[24.477083,60.972917],[24.48125,60.972917],[24.48125,60.977083],[24.477083,60.977083],[24.477083,60.972917]]]},"properties":{"radiance":10.88}},{"type":"Feature","geometry":{"type":"Polygon","coordinates":[[[24.48125,60.972917],[24.485417,60.972917],[24.485417,60.977083],[24.48125,60.977083],[24.48125,60.972917]]]},"properties":{"radiance":6.57}},{"type":"Feature","geometry":{"type":"Polygon","coordinates":[[[24.485417,60.972917],[24.489583,60.972917],[24.489583,60.977083],[24.485417,60.977083],[24.485417,60.972917]]]},"properties":{"radiance":5.51}},{"type":"Feature","geometry":{"type":"Polygon","coordinates":[[[24.489583,60.972917],[24.49375,60.972917],[24.49375,60.977083],[24.489583,60.977083],[24.489583,60.972917]]]},"properties":{"radiance":10.67}},{"type":"Feature","geometry":{"type":"Polygon","coordinates":[[[24.49375,60.972917],[24.497917,60.972917],[24.497917,60.977083],[24.49375,60.977083],[24.49375,60.972917]]]},"properties":{"radiance":15.06}},{"type":"Feature","geometry":{"type":"Polygon","coordinates":[[[24.497917,60.972917],[24.502083,60.972917],[24.502083,60.977083],[24.497917,60.977083],[24.497917,60.972917]]]},"properties":{"radiance":17.1}},{"type":"Feature","geometry":{"type":"Polygon","coordinates":[[[24.502083,60.972917],[24.50625,60.972917],[24.50625,60.977083],[24.502083,60.977083],[24.502083,60.972917]]]},"properties":{"radiance":12.09}},{"type":"Feature","geometry":{"type":"Polygon","coordinates":[[[24.50625,60.972917],[24.510417,60.972917],[24.510417,60.977083],[24.50625,60.977083],[24.50625,60.972917]]]},"properties":{"radiance":9.87}},{"type":"Feature","geometry":{"type":"Polygon","coordinates":[[[24.510417,60.972917],[24.514583,60.972917],[24.514583,60.977083],[24.510417,60.977083],[24.510417,60.972917]]]},"properties":{"radiance":12.13}},{"type":"Feature","geometry":{"type":"Polygon","coordinates":[[[24.514583,60.972917],[24.51875,60.972917],[24.51875,60.977083],[24.514583,60.977083],[24.514583,60.972917]]]},"properties":{"radiance":13.65}},{"type":"Feature","geometry":{"type":"Polygon","coordinates":[[[24.51875,60.972917],[24.522917,60.972917],[24.522917,60.977083],[24.51875,60.977083],[24.51875,60.972917]]]},"properties":{"radiance":18.96}},{"type":"Feature","geometry":{"type":"Polygon","coordinates":[[[24.522917,60.972917],[24.527083,60.972917],[24.527083,60.977083],[24.522917,60.977083],[24.522917,60.972917]]]},"properties":{"radiance":29.55}},{"type":"Feature","geometry":{"type":"Polygon","coordinates":[[[24.527083,60.972917],[24.53125,60.972917],[24.53125,60.977083],[24.527083,60.977083],[24.527083,60.972917]]]},"properties":{"radiance":31.74}},{"type":"Feature","geometry":{"type":"Polygon","coordinates":[[[24.53125,60.972917],[24.535417,60.972917],[24.535417,60.977083],[24.53125,60.977083],[24.53125,60.972917]]]},"properties":{"radiance":30.45}},{"type":"Feature","geometry":{"type":"Polygon","coordinates":[[[24.535417,60.972917],[24.539583,60.972917],[24.539583,60.977083],[24.535417,60.977083],[24.535417,60.972917]]]},"properties":{"radiance":25.73}},{"type":"Feature","geometry":{"type":"Polygon","coordinates":[[[24.539583,60.972917],[24.54375,60.972917],[24.54375,60.977083],[24.539583,60.977083],[24.539583,60.972917]]]},"properties":{"radiance":15.64}},{"type":"Feature","geometry":{"type":"Polygon","coordinates":[[[24.54375,60.972917],[24.547917,60.972917],[24.547917,60.977083],[24.54375,60.977083],[24.54375,60.972917]]]},"properties":{"radiance":13.64}},{"type":"Feature","geometry":{"type":"Polygon","coordinates":[[[24.547917,60.972917],[24.552083,60.972917],[24.552083,60.977083],[24.547917,60.977083],[24.547917,60.972917]]]},"properties":{"radiance":8.22}},{"type":"Feature","geometry":{"type":"Polygon","coordinates":[[[24.552083,60.972917],[24.55625,60.972917],[24.55625,60.977083],[24.552083,60.977083],[24.552083,60.972917]]]},"properties":{"radiance":5.34}},{"type":"Feature","geometry":{"type":"Polygon","coordinates":[[[24.55625,60.972917],[24.560417,60.972917],[24.560417,60.977083],[24.55625,60.977083],[24.55625,60.972917]]]},"properties":{"radiance":5.48}},{"type":"Feature","geometry":{"type":"Polygon","coordinates":[[[24.377083,60.96875],[24.38125,60.96875],[24.38125,60.972917],[24.377083,60.972917],[24.377083,60.96875]]]},"properties":{"radiance":6.11}},{"type":"Feature","geometry":{"type":"Polygon","coordinates":[[[24.43125,60.96875],[24.435417,60.96875],[24.435417,60.972917],[24.43125,60.972917],[24.43125,60.96875]]]},"properties":{"radiance":6.01}},{"type":"Feature","geometry":{"type":"Polygon","coordinates":[[[24.44375,60.96875],[24.447917,60.96875],[24.447917,60.972917],[24.44375,60.972917],[24.44375,60.96875]]]},"properties":{"radiance":5.61}},{"type":"Feature","geometry":{"type":"Polygon","coordinates":[[[24.460417,60.96875],[24.464583,60.96875],[24.464583,60.972917],[24.460417,60.972917],[24.460417,60.96875]]]},"properties":{"radiance":5.73}},{"type":"Feature","geometry":{"type":"Polygon","coordinates":[[[24.464583,60.96875],[24.46875,60.96875],[24.46875,60.972917],[24.464583,60.972917],[24.464583,60.96875]]]},"properties":{"radiance":12.8}},{"type":"Feature","geometry":{"type":"Polygon","coordinates":[[[24.46875,60.96875],[24.472917,60.96875],[24.472917,60.972917],[24.46875,60.972917],[24.46875,60.96875]]]},"properties":{"radiance":15.04}},{"type":"Feature","geometry":{"type":"Polygon","coordinates":[[[24.472917,60.96875],[24.477083,60.96875],[24.477083,60.972917],[24.472917,60.972917],[24.472917,60.96875]]]},"properties":{"radiance":13.69}},{"type":"Feature","geometry":{"type":"Polygon","coordinates":[[[24.477083,60.96875],[24.48125,60.96875],[24.48125,60.972917],[24.477083,60.972917],[24.477083,60.96875]]]},"properties":{"radiance":9.2}},{"type":"Feature","geometry":{"type":"Polygon","coordinates":[[[24.48125,60.96875],[24.485417,60.96875],[24.485417,60.972917],[24.48125,60.972917],[24.48125,60.96875]]]},"properties":{"radiance":7.6}},{"type":"Feature","geometry":{"type":"Polygon","coordinates":[[[24.497917,60.96875],[24.502083,60.96875],[24.502083,60.972917],[24.497917,60.972917],[24.497917,60.96875]]]},"properties":{"radiance":6}},{"type":"Feature","geometry":{"type":"Polygon","coordinates":[[[24.502083,60.96875],[24.50625,60.96875],[24.50625,60.972917],[24.502083,60.972917],[24.502083,60.96875]]]},"properties":{"radiance":5.68}},{"type":"Feature","geometry":{"type":"Polygon","coordinates":[[[24.50625,60.96875],[24.510417,60.96875],[24.510417,60.972917],[24.50625,60.972917],[24.50625,60.96875]]]},"properties":{"radiance":8.63}},{"type":"Feature","geometry":{"type":"Polygon","coordinates":[[[24.510417,60.96875],[24.514583,60.96875],[24.514583,60.972917],[24.510417,60.972917],[24.510417,60.96875]]]},"properties":{"radiance":8.62}},{"type":"Feature","geometry":{"type":"Polygon","coordinates":[[[24.514583,60.96875],[24.51875,60.96875],[24.51875,60.972917],[24.514583,60.972917],[24.514583,60.96875]]]},"properties":{"radiance":8.74}},{"type":"Feature","geometry":{"type":"Polygon","coordinates":[[[24.51875,60.96875],[24.522917,60.96875],[24.522917,60.972917],[24.51875,60.972917],[24.51875,60.96875]]]},"properties":{"radiance":15.31}},{"type":"Feature","geometry":{"type":"Polygon","coordinates":[[[24.522917,60.96875],[24.527083,60.96875],[24.527083,60.972917],[24.522917,60.972917],[24.522917,60.96875]]]},"properties":{"radiance":21.76}},{"type":"Feature","geometry":{"type":"Polygon","coordinates":[[[24.527083,60.96875],[24.53125,60.96875],[24.53125,60.972917],[24.527083,60.972917],[24.527083,60.96875]]]},"properties":{"radiance":25.9}},{"type":"Feature","geometry":{"type":"Polygon","coordinates":[[[24.53125,60.96875],[24.535417,60.96875],[24.535417,60.972917],[24.53125,60.972917],[24.53125,60.96875]]]},"properties":{"radiance":26.4}},{"type":"Feature","geometry":{"type":"Polygon","coordinates":[[[24.535417,60.96875],[24.539583,60.96875],[24.539583,60.972917],[24.535417,60.972917],[24.535417,60.96875]]]},"properties":{"radiance":24.55}},{"type":"Feature","geometry":{"type":"Polygon","coordinates":[[[24.539583,60.96875],[24.54375,60.96875],[24.54375,60.972917],[24.539583,60.972917],[24.539583,60.96875]]]},"properties":{"radiance":15.41}},{"type":"Feature","geometry":{"type":"Polygon","coordinates":[[[24.54375,60.96875],[24.547917,60.96875],[24.547917,60.972917],[24.54375,60.972917],[24.54375,60.96875]]]},"properties":{"radiance":13.02}},{"type":"Feature","geometry":{"type":"Polygon","coordinates":[[[24.547917,60.96875],[24.552083,60.96875],[24.552083,60.972917],[24.547917,60.972917],[24.547917,60.96875]]]},"properties":{"radiance":8.14}},{"type":"Feature","geometry":{"type":"Polygon","coordinates":[[[24.552083,60.96875],[24.55625,60.96875],[24.55625,60.972917],[24.552083,60.972917],[24.552083,60.96875]]]},"properties":{"radiance":6.57}},{"type":"Feature","geometry":{"type":"Polygon","coordinates":[[[24.55625,60.96875],[24.560417,60.96875],[24.560417,60.972917],[24.55625,60.972917],[24.55625,60.96875]]]},"properties":{"radiance":6.43}},{"type":"Feature","geometry":{"type":"Polygon","coordinates":[[[24.560417,60.96875],[24.564583,60.96875],[24.564583,60.972917],[24.560417,60.972917],[24.560417,60.96875]]]},"properties":{"radiance":5.05}},{"type":"Feature","geometry":{"type":"Polygon","coordinates":[[[24.427083,60.964583],[24.43125,60.964583],[24.43125,60.96875],[24.427083,60.96875],[24.427083,60.964583]]]},"properties":{"radiance":7.19}},{"type":"Feature","geometry":{"type":"Polygon","coordinates":[[[24.43125,60.964583],[24.435417,60.964583],[24.435417,60.96875],[24.43125,60.96875],[24.43125,60.964583]]]},"properties":{"radiance":10.83}},{"type":"Feature","geometry":{"type":"Polygon","coordinates":[[[24.435417,60.964583],[24.439583,60.964583],[24.439583,60.96875],[24.435417,60.96875],[24.435417,60.964583]]]},"properties":{"radiance":17.97}},{"type":"Feature","geometry":{"type":"Polygon","coordinates":[[[24.439583,60.964583],[24.44375,60.964583],[24.44375,60.96875],[24.439583,60.96875],[24.439583,60.964583]]]},"properties":{"radiance":20.44}},{"type":"Feature","geometry":{"type":"Polygon","coordinates":[[[24.44375,60.964583],[24.447917,60.964583],[24.447917,60.96875],[24.44375,60.96875],[24.44375,60.964583]]]},"properties":{"radiance":19.99}},{"type":"Feature","geometry":{"type":"Polygon","coordinates":[[[24.447917,60.964583],[24.452083,60.964583],[24.452083,60.96875],[24.447917,60.96875],[24.447917,60.964583]]]},"properties":{"radiance":12.68}},{"type":"Feature","geometry":{"type":"Polygon","coordinates":[[[24.452083,60.964583],[24.45625,60.964583],[24.45625,60.96875],[24.452083,60.96875],[24.452083,60.964583]]]},"properties":{"radiance":7.23}},{"type":"Feature","geometry":{"type":"Polygon","coordinates":[[[24.460417,60.964583],[24.464583,60.964583],[24.464583,60.96875],[24.460417,60.96875],[24.460417,60.964583]]]},"properties":{"radiance":5.45}},{"type":"Feature","geometry":{"type":"Polygon","coordinates":[[[24.464583,60.964583],[24.46875,60.964583],[24.46875,60.96875],[24.464583,60.96875],[24.464583,60.964583]]]},"properties":{"radiance":6.34}},{"type":"Feature","geometry":{"type":"Polygon","coordinates":[[[24.46875,60.964583],[24.472917,60.964583],[24.472917,60.96875],[24.46875,60.96875],[24.46875,60.964583]]]},"properties":{"radiance":8.87}},{"type":"Feature","geometry":{"type":"Polygon","coordinates":[[[24.472917,60.964583],[24.477083,60.964583],[24.477083,60.96875],[24.472917,60.96875],[24.472917,60.964583]]]},"properties":{"radiance":8.64}},{"type":"Feature","geometry":{"type":"Polygon","coordinates":[[[24.477083,60.964583],[24.48125,60.964583],[24.48125,60.96875],[24.477083,60.96875],[24.477083,60.964583]]]},"properties":{"radiance":8.15}},{"type":"Feature","geometry":{"type":"Polygon","coordinates":[[[24.514583,60.964583],[24.51875,60.964583],[24.51875,60.96875],[24.514583,60.96875],[24.514583,60.964583]]]},"properties":{"radiance":5.16}},{"type":"Feature","geometry":{"type":"Polygon","coordinates":[[[24.527083,60.964583],[24.53125,60.964583],[24.53125,60.96875],[24.527083,60.96875],[24.527083,60.964583]]]},"properties":{"radiance":6}},{"type":"Feature","geometry":{"type":"Polygon","coordinates":[[[24.53125,60.964583],[24.535417,60.964583],[24.535417,60.96875],[24.53125,60.96875],[24.53125,60.964583]]]},"properties":{"radiance":13.37}},{"type":"Feature","geometry":{"type":"Polygon","coordinates":[[[24.535417,60.964583],[24.539583,60.964583],[24.539583,60.96875],[24.535417,60.96875],[24.535417,60.964583]]]},"properties":{"radiance":11.6}},{"type":"Feature","geometry":{"type":"Polygon","coordinates":[[[24.539583,60.964583],[24.54375,60.964583],[24.54375,60.96875],[24.539583,60.96875],[24.539583,60.964583]]]},"properties":{"radiance":9.33}},{"type":"Feature","geometry":{"type":"Polygon","coordinates":[[[24.54375,60.964583],[24.547917,60.964583],[24.547917,60.96875],[24.54375,60.96875],[24.54375,60.964583]]]},"properties":{"radiance":8.64}},{"type":"Feature","geometry":{"type":"Polygon","coordinates":[[[24.547917,60.964583],[24.552083,60.964583],[24.552083,60.96875],[24.547917,60.96875],[24.547917,60.964583]]]},"properties":{"radiance":9.57}},{"type":"Feature","geometry":{"type":"Polygon","coordinates":[[[24.552083,60.964583],[24.55625,60.964583],[24.55625,60.96875],[24.552083,60.96875],[24.552083,60.964583]]]},"properties":{"radiance":9.75}},{"type":"Feature","geometry":{"type":"Polygon","coordinates":[[[24.55625,60.964583],[24.560417,60.964583],[24.560417,60.96875],[24.55625,60.96875],[24.55625,60.964583]]]},"properties":{"radiance":8.74}},{"type":"Feature","geometry":{"type":"Polygon","coordinates":[[[24.560417,60.964583],[24.564583,60.964583],[24.564583,60.96875],[24.560417,60.96875],[24.560417,60.964583]]]},"properties":{"radiance":6.73}},{"type":"Feature","geometry":{"type":"Polygon","coordinates":[[[24.564583,60.964583],[24.56875,60.964583],[24.56875,60.96875],[24.564583,60.96875],[24.564583,60.964583]]]},"properties":{"radiance":6.62}},{"type":"Feature","geometry":{"type":"Polygon","coordinates":[[[24.43125,60.960417],[24.435417,60.960417],[24.435417,60.964583],[24.43125,60.964583],[24.43125,60.960417]]]},"properties":{"radiance":6.15}},{"type":"Feature","geometry":{"type":"Polygon","coordinates":[[[24.435417,60.960417],[24.439583,60.960417],[24.439583,60.964583],[24.435417,60.964583],[24.435417,60.960417]]]},"properties":{"radiance":16.66}},{"type":"Feature","geometry":{"type":"Polygon","coordinates":[[[24.439583,60.960417],[24.44375,60.960417],[24.44375,60.964583],[24.439583,60.964583],[24.439583,60.960417]]]},"properties":{"radiance":21.3}},{"type":"Feature","geometry":{"type":"Polygon","coordinates":[[[24.44375,60.960417],[24.447917,60.960417],[24.447917,60.964583],[24.44375,60.964583],[24.44375,60.960417]]]},"properties":{"radiance":24}},{"type":"Feature","geometry":{"type":"Polygon","coordinates":[[[24.447917,60.960417],[24.452083,60.960417],[24.452083,60.964583],[24.447917,60.964583],[24.447917,60.960417]]]},"properties":{"radiance":24.42}},{"type":"Feature","geometry":{"type":"Polygon","coordinates":[[[24.452083,60.960417],[24.45625,60.960417],[24.45625,60.964583],[24.452083,60.964583],[24.452083,60.960417]]]},"properties":{"radiance":20.24}},{"type":"Feature","geometry":{"type":"Polygon","coordinates":[[[24.45625,60.960417],[24.460417,60.960417],[24.460417,60.964583],[24.45625,60.964583],[24.45625,60.960417]]]},"properties":{"radiance":13.03}},{"type":"Feature","geometry":{"type":"Polygon","coordinates":[[[24.460417,60.960417],[24.464583,60.960417],[24.464583,60.964583],[24.460417,60.964583],[24.460417,60.960417]]]},"properties":{"radiance":11.2}},{"type":"Feature","geometry":{"type":"Polygon","coordinates":[[[24.464583,60.960417],[24.46875,60.960417],[24.46875,60.964583],[24.464583,60.964583],[24.464583,60.960417]]]},"properties":{"radiance":12.08}},{"type":"Feature","geometry":{"type":"Polygon","coordinates":[[[24.46875,60.960417],[24.472917,60.960417],[24.472917,60.964583],[24.46875,60.964583],[24.46875,60.960417]]]},"properties":{"radiance":12.78}},{"type":"Feature","geometry":{"type":"Polygon","coordinates":[[[24.472917,60.960417],[24.477083,60.960417],[24.477083,60.964583],[24.472917,60.964583],[24.472917,60.960417]]]},"properties":{"radiance":11.41}},{"type":"Feature","geometry":{"type":"Polygon","coordinates":[[[24.477083,60.960417],[24.48125,60.960417],[24.48125,60.964583],[24.477083,60.964583],[24.477083,60.960417]]]},"properties":{"radiance":12.33}},{"type":"Feature","geometry":{"type":"Polygon","coordinates":[[[24.48125,60.960417],[24.485417,60.960417],[24.485417,60.964583],[24.48125,60.964583],[24.48125,60.960417]]]},"properties":{"radiance":5.69}},{"type":"Feature","geometry":{"type":"Polygon","coordinates":[[[24.485417,60.960417],[24.489583,60.960417],[24.489583,60.964583],[24.485417,60.964583],[24.485417,60.960417]]]},"properties":{"radiance":6.5}},{"type":"Feature","geometry":{"type":"Polygon","coordinates":[[[24.53125,60.960417],[24.535417,60.960417],[24.535417,60.964583],[24.53125,60.964583],[24.53125,60.960417]]]},"properties":{"radiance":5.52}},{"type":"Feature","geometry":{"type":"Polygon","coordinates":[[[24.535417,60.960417],[24.539583,60.960417],[24.539583,60.964583],[24.535417,60.964583],[24.535417,60.960417]]]},"properties":{"radiance":5.38}},{"type":"Feature","geometry":{"type":"Polygon","coordinates":[[[24.539583,60.960417],[24.54375,60.960417],[24.54375,60.964583],[24.539583,60.964583],[24.539583,60.960417]]]},"properties":{"radiance":5.93}},{"type":"Feature","geometry":{"type":"Polygon","coordinates":[[[24.54375,60.960417],[24.547917,60.960417],[24.547917,60.964583],[24.54375,60.964583],[24.54375,60.960417]]]},"properties":{"radiance":5.07}},{"type":"Feature","geometry":{"type":"Polygon","coordinates":[[[24.552083,60.960417],[24.55625,60.960417],[24.55625,60.964583],[24.552083,60.964583],[24.552083,60.960417]]]},"properties":{"radiance":5.47}},{"type":"Feature","geometry":{"type":"Polygon","coordinates":[[[24.55625,60.960417],[24.560417,60.960417],[24.560417,60.964583],[24.55625,60.964583],[24.55625,60.960417]]]},"properties":{"radiance":5.72}},{"type":"Feature","geometry":{"type":"Polygon","coordinates":[[[24.560417,60.960417],[24.564583,60.960417],[24.564583,60.964583],[24.560417,60.964583],[24.560417,60.960417]]]},"properties":{"radiance":5.79}},{"type":"Feature","geometry":{"type":"Polygon","coordinates":[[[24.564583,60.960417],[24.56875,60.960417],[24.56875,60.964583],[24.564583,60.964583],[24.564583,60.960417]]]},"properties":{"radiance":5.55}},{"type":"Feature","geometry":{"type":"Polygon","coordinates":[[[24.439583,60.95625],[24.44375,60.95625],[24.44375,60.960417],[24.439583,60.960417],[24.439583,60.95625]]]},"properties":{"radiance":7.44}},{"type":"Feature","geometry":{"type":"Polygon","coordinates":[[[24.44375,60.95625],[24.447917,60.95625],[24.447917,60.960417],[24.44375,60.960417],[24.44375,60.95625]]]},"properties":{"radiance":19.3}},{"type":"Feature","geometry":{"type":"Polygon","coordinates":[[[24.447917,60.95625],[24.452083,60.95625],[24.452083,60.960417],[24.447917,60.960417],[24.447917,60.95625]]]},"properties":{"radiance":23.77}},{"type":"Feature","geometry":{"type":"Polygon","coordinates":[[[24.452083,60.95625],[24.45625,60.95625],[24.45625,60.960417],[24.452083,60.960417],[24.452083,60.95625]]]},"properties":{"radiance":19.98}},{"type":"Feature","geometry":{"type":"Polygon","coordinates":[[[24.45625,60.95625],[24.460417,60.95625],[24.460417,60.960417],[24.45625,60.960417],[24.45625,60.95625]]]},"properties":{"radiance":18.27}},{"type":"Feature","geometry":{"type":"Polygon","coordinates":[[[24.460417,60.95625],[24.464583,60.95625],[24.464583,60.960417],[24.460417,60.960417],[24.460417,60.95625]]]},"properties":{"radiance":16.9}},{"type":"Feature","geometry":{"type":"Polygon","coordinates":[[[24.464583,60.95625],[24.46875,60.95625],[24.46875,60.960417],[24.464583,60.960417],[24.464583,60.95625]]]},"properties":{"radiance":18.21}},{"type":"Feature","geometry":{"type":"Polygon","coordinates":[[[24.46875,60.95625],[24.472917,60.95625],[24.472917,60.960417],[24.46875,60.960417],[24.46875,60.95625]]]},"properties":{"radiance":16.34}},{"type":"Feature","geometry":{"type":"Polygon","coordinates":[[[24.472917,60.95625],[24.477083,60.95625],[24.477083,60.960417],[24.472917,60.960417],[24.472917,60.95625]]]},"properties":{"radiance":16.64}},{"type":"Feature","geometry":{"type":"Polygon","coordinates":[[[24.477083,60.95625],[24.48125,60.95625],[24.48125,60.960417],[24.477083,60.960417],[24.477083,60.95625]]]},"properties":{"radiance":18.02}},{"type":"Feature","geometry":{"type":"Polygon","coordinates":[[[24.48125,60.95625],[24.485417,60.95625],[24.485417,60.960417],[24.48125,60.960417],[24.48125,60.95625]]]},"properties":{"radiance":22.12}},{"type":"Feature","geometry":{"type":"Polygon","coordinates":[[[24.485417,60.95625],[24.489583,60.95625],[24.489583,60.960417],[24.485417,60.960417],[24.485417,60.95625]]]},"properties":{"radiance":16.15}},{"type":"Feature","geometry":{"type":"Polygon","coordinates":[[[24.489583,60.95625],[24.49375,60.95625],[24.49375,60.960417],[24.489583,60.960417],[24.489583,60.95625]]]},"properties":{"radiance":13.93}},{"type":"Feature","geometry":{"type":"Polygon","coordinates":[[[24.49375,60.95625],[24.497917,60.95625],[24.497917,60.960417],[24.49375,60.960417],[24.49375,60.95625]]]},"properties":{"radiance":7.96}},{"type":"Feature","geometry":{"type":"Polygon","coordinates":[[[24.439583,60.952083],[24.44375,60.952083],[24.44375,60.95625],[24.439583,60.95625],[24.439583,60.952083]]]},"properties":{"radiance":5.39}},{"type":"Feature","geometry":{"type":"Polygon","coordinates":[[[24.44375,60.952083],[24.447917,60.952083],[24.447917,60.95625],[24.44375,60.95625],[24.44375,60.952083]]]},"properties":{"radiance":11.9}},{"type":"Feature","geometry":{"type":"Polygon","coordinates":[[[24.447917,60.952083],[24.452083,60.952083],[24.452083,60.95625],[24.447917,60.95625],[24.447917,60.952083]]]},"properties":{"radiance":13.37}},{"type":"Feature","geometry":{"type":"Polygon","coordinates":[[[24.452083,60.952083],[24.45625,60.952083],[24.45625,60.95625],[24.452083,60.95625],[24.452083,60.952083]]]},"properties":{"radiance":15.02}},{"type":"Feature","geometry":{"type":"Polygon","coordinates":[[[24.45625,60.952083],[24.460417,60.952083],[24.460417,60.95625],[24.45625,60.95625],[24.45625,60.952083]]]},"properties":{"radiance":11.48}},{"type":"Feature","geometry":{"type":"Polygon","coordinates":[[[24.460417,60.952083],[24.464583,60.952083],[24.464583,60.95625],[24.460417,60.95625],[24.460417,60.952083]]]},"properties":{"radiance":14.37}},{"type":"Feature","geometry":{"type":"Polygon","coordinates":[[[24.464583,60.952083],[24.46875,60.952083],[24.46875,60.95625],[24.464583,60.95625],[24.464583,60.952083]]]},"properties":{"radiance":11.97}},{"type":"Feature","geometry":{"type":"Polygon","coordinates":[[[24.46875,60.952083],[24.472917,60.952083],[24.472917,60.95625],[24.46875,60.95625],[24.46875,60.952083]]]},"properties":{"radiance":11.05}},{"type":"Feature","geometry":{"type":"Polygon","coordinates":[[[24.472917,60.952083],[24.477083,60.952083],[24.477083,60.95625],[24.472917,60.95625],[24.472917,60.952083]]]},"properties":{"radiance":13.91}},{"type":"Feature","geometry":{"type":"Polygon","coordinates":[[[24.477083,60.952083],[24.48125,60.952083],[24.48125,60.95625],[24.477083,60.95625],[24.477083,60.952083]]]},"properties":{"radiance":11.57}},{"type":"Feature","geometry":{"type":"Polygon","coordinates":[[[24.485417,60.952083],[24.489583,60.952083],[24.489583,60.95625],[24.485417,60.95625],[24.485417,60.952083]]]},"properties":{"radiance":14.36}},{"type":"Feature","geometry":{"type":"Polygon","coordinates":[[[24.489583,60.952083],[24.49375,60.952083],[24.49375,60.95625],[24.489583,60.95625],[24.489583,60.952083]]]},"properties":{"radiance":11.44}},{"type":"Feature","geometry":{"type":"Polygon","coordinates":[[[24.49375,60.952083],[24.497917,60.952083],[24.497917,60.95625],[24.49375,60.95625],[24.49375,60.952083]]]},"properties":{"radiance":9.38}},{"type":"Feature","geometry":{"type":"Polygon","coordinates":[[[24.460417,60.947917],[24.464583,60.947917],[24.464583,60.952083],[24.460417,60.952083],[24.460417,60.947917]]]},"properties":{"radiance":6.16}},{"type":"Feature","geometry":{"type":"Polygon","coordinates":[[[24.464583,60.947917],[24.46875,60.947917],[24.46875,60.952083],[24.464583,60.952083],[24.464583,60.947917]]]},"properties":{"radiance":7.77}},{"type":"Feature","geometry":{"type":"Polygon","coordinates":[[[24.46875,60.947917],[24.472917,60.947917],[24.472917,60.952083],[24.46875,60.952083],[24.46875,60.947917]]]},"properties":{"radiance":7.66}},{"type":"Feature","geometry":{"type":"Polygon","coordinates":[[[24.472917,60.947917],[24.477083,60.947917],[24.477083,60.952083],[24.472917,60.952083],[24.472917,60.947917]]]},"properties":{"radiance":5.73}},{"type":"Feature","geometry":{"type":"Polygon","coordinates":[[[24.477083,60.947917],[24.48125,60.947917],[24.48125,60.952083],[24.477083,60.952083],[24.477083,60.947917]]]},"properties":{"radiance":5.41}},{"type":"Feature","geometry":{"type":"Polygon","coordinates":[[[24.48125,60.947917],[24.485417,60.947917],[24.485417,60.952083],[24.48125,60.952083],[24.48125,60.947917]]]},"properties":{"radiance":5.61}},{"type":"Feature","geometry":{"type":"Polygon","coordinates":[[[24.572917,60.947917],[24.577083,60.947917],[24.577083,60.952083],[24.572917,60.952083],[24.572917,60.947917]]]},"properties":{"radiance":5.57}},{"type":"Feature","geometry":{"type":"Polygon","coordinates":[[[24.577083,60.947917],[24.58125,60.947917],[24.58125,60.952083],[24.577083,60.952083],[24.577083,60.947917]]]},"properties":{"radiance":6.11}},{"type":"Feature","geometry":{"type":"Polygon","coordinates":[[[24.58125,60.947917],[24.585417,60.947917],[24.585417,60.952083],[24.58125,60.952083],[24.58125,60.947917]]]},"properties":{"radiance":5.68}},{"type":"Feature","geometry":{"type":"Polygon","coordinates":[[[24.61875,60.947917],[24.622917,60.947917],[24.622917,60.952083],[24.61875,60.952083],[24.61875,60.947917]]]},"properties":{"radiance":5.9}},{"type":"Feature","geometry":{"type":"Polygon","coordinates":[[[24.622917,60.947917],[24.627083,60.947917],[24.627083,60.952083],[24.622917,60.952083],[24.622917,60.947917]]]},"properties":{"radiance":5.04}},{"type":"Feature","geometry":{"type":"Polygon","coordinates":[[[25.260417,60.885417],[25.264583,60.885417],[25.264583,60.889583],[25.260417,60.889583],[25.260417,60.885417]]]},"properties":{"radiance":6.3}},{"type":"Feature","geometry":{"type":"Polygon","coordinates":[[[25.260417,60.88125],[25.264583,60.88125],[25.264583,60.885417],[25.260417,60.885417],[25.260417,60.88125]]]},"properties":{"radiance":6.03}},{"type":"Feature","geometry":{"type":"Polygon","coordinates":[[[25.264583,60.88125],[25.26875,60.88125],[25.26875,60.885417],[25.264583,60.885417],[25.264583,60.88125]]]},"properties":{"radiance":7.18}},{"type":"Feature","geometry":{"type":"Polygon","coordinates":[[[25.26875,60.88125],[25.272917,60.88125],[25.272917,60.885417],[25.26875,60.885417],[25.26875,60.88125]]]},"properties":{"radiance":7.04}},{"type":"Feature","geometry":{"type":"Polygon","coordinates":[[[25.272917,60.88125],[25.277083,60.88125],[25.277083,60.885417],[25.272917,60.885417],[25.272917,60.88125]]]},"properties":{"radiance":5.13}},{"type":"Feature","geometry":{"type":"Polygon","coordinates":[[[25.277083,60.88125],[25.28125,60.88125],[25.28125,60.885417],[25.277083,60.885417],[25.277083,60.88125]]]},"properties":{"radiance":5.14}},{"type":"Feature","geometry":{"type":"Polygon","coordinates":[[[25.260417,60.877083],[25.264583,60.877083],[25.264583,60.88125],[25.260417,60.88125],[25.260417,60.877083]]]},"properties":{"radiance":6.18}},{"type":"Feature","geometry":{"type":"Polygon","coordinates":[[[25.264583,60.877083],[25.26875,60.877083],[25.26875,60.88125],[25.264583,60.88125],[25.264583,60.877083]]]},"properties":{"radiance":7.18}},{"type":"Feature","geometry":{"type":"Polygon","coordinates":[[[25.26875,60.877083],[25.272917,60.877083],[25.272917,60.88125],[25.26875,60.88125],[25.26875,60.877083]]]},"properties":{"radiance":7.88}},{"type":"Feature","geometry":{"type":"Polygon","coordinates":[[[25.272917,60.877083],[25.277083,60.877083],[25.277083,60.88125],[25.272917,60.88125],[25.272917,60.877083]]]},"properties":{"radiance":7.41}},{"type":"Feature","geometry":{"type":"Polygon","coordinates":[[[25.277083,60.877083],[25.28125,60.877083],[25.28125,60.88125],[25.277083,60.88125],[25.277083,60.877083]]]},"properties":{"radiance":6.56}},{"type":"Feature","geometry":{"type":"Polygon","coordinates":[[[25.252083,60.872917],[25.25625,60.872917],[25.25625,60.877083],[25.252083,60.877083],[25.252083,60.872917]]]},"properties":{"radiance":6.53}},{"type":"Feature","geometry":{"type":"Polygon","coordinates":[[[25.25625,60.872917],[25.260417,60.872917],[25.260417,60.877083],[25.25625,60.877083],[25.25625,60.872917]]]},"properties":{"radiance":5.3}},{"type":"Feature","geometry":{"type":"Polygon","coordinates":[[[25.260417,60.872917],[25.264583,60.872917],[25.264583,60.877083],[25.260417,60.877083],[25.260417,60.872917]]]},"properties":{"radiance":6.19}},{"type":"Feature","geometry":{"type":"Polygon","coordinates":[[[25.264583,60.872917],[25.26875,60.872917],[25.26875,60.877083],[25.264583,60.877083],[25.264583,60.872917]]]},"properties":{"radiance":7.58}},{"type":"Feature","geometry":{"type":"Polygon","coordinates":[[[25.26875,60.872917],[25.272917,60.872917],[25.272917,60.877083],[25.26875,60.877083],[25.26875,60.872917]]]},"properties":{"radiance":10.87}},{"type":"Feature","geometry":{"type":"Polygon","coordinates":[[[25.272917,60.872917],[25.277083,60.872917],[25.277083,60.877083],[25.272917,60.877083],[25.272917,60.872917]]]},"properties":{"radiance":11.46}},{"type":"Feature","geometry":{"type":"Polygon","coordinates":[[[25.277083,60.872917],[25.28125,60.872917],[25.28125,60.877083],[25.277083,60.877083],[25.277083,60.872917]]]},"properties":{"radiance":9}},{"type":"Feature","geometry":{"type":"Polygon","coordinates":[[[25.24375,60.86875],[25.247917,60.86875],[25.247917,60.872917],[25.24375,60.872917],[25.24375,60.86875]]]},"properties":{"radiance":5.06}},{"type":"Feature","geometry":{"type":"Polygon","coordinates":[[[25.252083,60.86875],[25.25625,60.86875],[25.25625,60.872917],[25.252083,60.872917],[25.252083,60.86875]]]},"properties":{"radiance":13.34}},{"type":"Feature","geometry":{"type":"Polygon","coordinates":[[[25.25625,60.86875],[25.260417,60.86875],[25.260417,60.872917],[25.25625,60.872917],[25.25625,60.86875]]]},"properties":{"radiance":22.54}},{"type":"Feature","geometry":{"type":"Polygon","coordinates":[[[25.260417,60.86875],[25.264583,60.86875],[25.264583,60.872917],[25.260417,60.872917],[25.260417,60.86875]]]},"properties":{"radiance":20.8}},{"type":"Feature","geometry":{"type":"Polygon","coordinates":[[[25.264583,60.86875],[25.26875,60.86875],[25.26875,60.872917],[25.264583,60.872917],[25.264583,60.86875]]]},"properties":{"radiance":25.38}},{"type":"Feature","geometry":{"type":"Polygon","coordinates":[[[25.26875,60.86875],[25.272917,60.86875],[25.272917,60.872917],[25.26875,60.872917],[25.26875,60.86875]]]},"properties":{"radiance":29.67}},{"type":"Feature","geometry":{"type":"Polygon","coordinates":[[[25.272917,60.86875],[25.277083,60.86875],[25.277083,60.872917],[25.272917,60.872917],[25.272917,60.86875]]]},"properties":{"radiance":13.45}},{"type":"Feature","geometry":{"type":"Polygon","coordinates":[[[25.277083,60.86875],[25.28125,60.86875],[25.28125,60.872917],[25.277083,60.872917],[25.277083,60.86875]]]},"properties":{"radiance":11.69}},{"type":"Feature","geometry":{"type":"Polygon","coordinates":[[[25.24375,60.864583],[25.247917,60.864583],[25.247917,60.86875],[25.24375,60.86875],[25.24375,60.864583]]]},"properties":{"radiance":6.17}},{"type":"Feature","geometry":{"type":"Polygon","coordinates":[[[25.247917,60.864583],[25.252083,60.864583],[25.252083,60.86875],[25.247917,60.86875],[25.247917,60.864583]]]},"properties":{"radiance":43.19}},{"type":"Feature","geometry":{"type":"Polygon","coordinates":[[[25.252083,60.864583],[25.25625,60.864583],[25.25625,60.86875],[25.252083,60.86875],[25.252083,60.864583]]]},"properties":{"radiance":55.13}},{"type":"Feature","geometry":{"type":"Polygon","coordinates":[[[25.25625,60.864583],[25.260417,60.864583],[25.260417,60.86875],[25.25625,60.86875],[25.25625,60.864583]]]},"properties":{"radiance":50.95}},{"type":"Feature","geometry":{"type":"Polygon","coordinates":[[[25.260417,60.864583],[25.264583,60.864583],[25.264583,60.86875],[25.260417,60.86875],[25.260417,60.864583]]]},"properties":{"radiance":66.14}},{"type":"Feature","geometry":{"type":"Polygon","coordinates":[[[25.264583,60.864583],[25.26875,60.864583],[25.26875,60.86875],[25.264583,60.86875],[25.264583,60.864583]]]},"properties":{"radiance":46.91}},{"type":"Feature","geometry":{"type":"Polygon","coordinates":[[[25.26875,60.864583],[25.272917,60.864583],[25.272917,60.86875],[25.26875,60.86875],[25.26875,60.864583]]]},"properties":{"radiance":21.72}},{"type":"Feature","geometry":{"type":"Polygon","coordinates":[[[25.272917,60.864583],[25.277083,60.864583],[25.277083,60.86875],[25.272917,60.86875],[25.272917,60.864583]]]},"properties":{"radiance":21.75}},{"type":"Feature","geometry":{"type":"Polygon","coordinates":[[[25.277083,60.864583],[25.28125,60.864583],[25.28125,60.86875],[25.277083,60.86875],[25.277083,60.864583]]]},"properties":{"radiance":9.04}},{"type":"Feature","geometry":{"type":"Polygon","coordinates":[[[25.252083,60.860417],[25.25625,60.860417],[25.25625,60.864583],[25.252083,60.864583],[25.252083,60.860417]]]},"properties":{"radiance":40.09}},{"type":"Feature","geometry":{"type":"Polygon","coordinates":[[[25.25625,60.860417],[25.260417,60.860417],[25.260417,60.864583],[25.25625,60.864583],[25.25625,60.860417]]]},"properties":{"radiance":29.1}},{"type":"Feature","geometry":{"type":"Polygon","coordinates":[[[25.260417,60.860417],[25.264583,60.860417],[25.264583,60.864583],[25.260417,60.864583],[25.260417,60.860417]]]},"properties":{"radiance":40.89}},{"type":"Feature","geometry":{"type":"Polygon","coordinates":[[[25.264583,60.860417],[25.26875,60.860417],[25.26875,60.864583],[25.264583,60.864583],[25.264583,60.860417]]]},"properties":{"radiance":33.94}},{"type":"Feature","geometry":{"type":"Polygon","coordinates":[[[25.26875,60.860417],[25.272917,60.860417],[25.272917,60.864583],[25.26875,60.864583],[25.26875,60.860417]]]},"properties":{"radiance":15.77}},{"type":"Feature","geometry":{"type":"Polygon","coordinates":[[[25.272917,60.860417],[25.277083,60.860417],[25.277083,60.864583],[25.272917,60.864583],[25.272917,60.860417]]]},"properties":{"radiance":7.27}},{"type":"Feature","geometry":{"type":"Polygon","coordinates":[[[25.277083,60.860417],[25.28125,60.860417],[25.28125,60.864583],[25.277083,60.864583],[25.277083,60.860417]]]},"properties":{"radiance":6.54}}]}