{"type":"FeatureCollection","features":[{"type":"Feature","geometry":{"type":"Polygon","coordinates":[[[27.69375,60.672917],[27.697917,60.672917],[27.697917,60.677083],[27.69375,60.677083],[27.69375,60.672917]]]},"properties":{"radiance":5.6}},{"type":"Feature","geometry":{"type":"Polygon","coordinates":[[[27.847917,60.610417],[27.852083,60.610417],[27.852083,60.614583],[27.847917,60.614583],[27.847917,60.610417]]]},"properties":{"radiance":11.09}},{"type":"Feature","geometry":{"type":"Polygon","coordinates":[[[27.852083,60.610417],[27.85625,60.610417],[27.85625,60.614583],[27.852083,60.614583],[27.852083,60.610417]]]},"properties":{"radiance":17.55}},{"type":"Feature","geometry":{"type":"Polygon","coordinates":[[[27.83125,60.60625],[27.835417,60.60625],[27.835417,60.610417],[27.83125,60.610417],[27.83125,60.60625]]]},"properties":{"radiance":5.09}},{"type":"Feature","geometry":{"type":"Polygon","coordinates":[[[27.835417,60.60625],[27.839583,60.60625],[27.839583,60.610417],[27.835417,60.610417],[27.835417,60.60625]]]},"properties":{"radiance":9.61}},{"type":"Feature","geometry":{"type":"Polygon","coordinates":[[[27.839583,60.60625],[27.84375,60.60625],[27.84375,60.610417],[27.839583,60.610417],[27.839583,60.60625]]]},"properties":{"radiance":34.27}},{"type":"Feature","geometry":{"type":"Polygon","coordinates":[[[27.84375,60.60625],[27.847917,60.60625],[27.847917,60.610417],[27.84375,60.610417],[27.84375,60.60625]]]},"properties":{"radiance":47.98}},{"type":"Feature","geometry":{"type":"Polygon","coordinates":[[[27.847917,60.60625],[27.852083,60.60625],[27.852083,60.610417],[27.847917,60.610417],[27.847917,60.60625]]]},"properties":{"radiance":43.44}},{"type":"Feature","geometry":{"type":"Polygon","coordinates":[[[27.852083,60.60625],[27.85625,60.60625],[27.85625,60.610417],[27.852083,60.610417],[27.852083,60.60625]]]},"properties":{"radiance":43.63}},{"type":"Feature","geometry":{"type":"Polygon","coordinates":[[[27.85625,60.60625],[27.860417,60.60625],[27.860417,60.610417],[27.85625,60.610417],[27.85625,60.60625]]]},"properties":{"radiance":23.67}},{"type":"Feature","geometry":{"type":"Polygon","coordinates":[[[27.860417,60.60625],[27.864583,60.60625],[27.864583,60.610417],[27.860417,60.610417],[27.860417,60.60625]]]},"properties":{"radiance":16.83}},{"type":"Feature","geometry":{"type":"Polygon","coordinates":[[[27.864583,60.60625],[27.86875,60.60625],[27.86875,60.610417],[27.864583,60.610417],[27.864583,60.60625]]]},"properties":{"radiance":16.09}},{"type":"Feature","geometry":{"type":"Polygon","coordinates":[[[27.86875,60.60625],[27.872917,60.60625],[27.872917,60.610417],[27.86875,60.610417],[27.86875,60.60625]]]},"properties":{"radiance":18.13}},{"type":"Feature","geometry":{"type":"Polygon","coordinates":[[[27.872917,60.60625],[27.877083,60.60625],[27.877083,60.610417],[27.872917,60.610417],[27.872917,60.60625]]]},"properties":{"radiance":9.88}},{"type":"Feature","geometry":{"type":"Polygon","coordinates":[[[27.877083,60.60625],[27.88125,60.60625],[27.88125,60.610417],[27.877083,60.610417],[27.877083,60.60625]]]},"properties":{"radiance":6.01}},{"type":"Feature","geometry":{"type":"Polygon","coordinates":[[[27.822917,60.602083],[27.827083,60.602083],[27.827083,60.60625],[27.822917,60.60625],[27.822917,60.602083]]]},"properties":{"radiance":5.52}},{"type":"Feature","geometry":{"type":"Polygon","coordinates":[[[27.827083,60.602083],[27.83125,60.602083],[27.83125,60.60625],[27.827083,60.60625],[27.827083,60.602083]]]},"properties":{"radiance":6.85}},{"type":"Feature","geometry":{"type":"Polygon","coordinates":[[[27.83125,60.602083],[27.835417,60.602083],[27.835417,60.60625],[27.83125,60.60625],[27.83125,60.602083]]]},"properties":{"radiance":17.26}},{"type":"Feature","geometry":{"type":"Polygon","coordinates":[[[27.835417,60.602083],[27.839583,60.602083],[27.839583,60.60625],[27.835417,60.60625],[27.835417,60.602083]]]},"properties":{"radiance":32.77}},{"type":"Feature","geometry":{"type":"Polygon","coordinates":[[[27.839583,60.602083],[27.84375,60.602083],[27.84375,60.60625],[27.839583,60.60625],[27.839583,60.602083]]]},"properties":{"radiance":53.72}},{"type":"Feature","geometry":{"type":"Polygon","coordinates":[[[27.84375,60.602083],[27.847917,60.602083],[27.847917,60.60625],[27.84375,60.60625],[27.84375,60.602083]]]},"properties":{"radiance":54.45}},{"type":"Feature","geometry":{"type":"Polygon","coordinates":[[[27.847917,60.602083],[27.852083,60.602083],[27.852083,60.60625],[27.847917,60.60625],[27.847917,60.602083]]]},"properties":{"radiance":39.72}},{"type":"Feature","geometry":{"type":"Polygon","coordinates":[[[27.852083,60.602083],[27.85625,60.602083],[27.85625,60.60625],[27.852083,60.60625],[27.852083,60.602083]]]},"properties":{"radiance":15.05}},{"type":"Feature","geometry":{"type":"Polygon","coordinates":[[[27.85625,60.602083],[27.860417,60.602083],[27.860417,60.60625],[27.85625,60.60625],[27.85625,60.602083]]]},"properties":{"radiance":14.04}},{"type":"Feature","geometry":{"type":"Polygon","coordinates":[[[27.864583,60.602083],[27.86875,60.602083],[27.86875,60.60625],[27.864583,60.60625],[27.864583,60.602083]]]},"properties":{"radiance":9.17}},{"type":"Feature","geometry":{"type":"Polygon","coordinates":[[[27.86875,60.602083],[27.872917,60.602083],[27.872917,60.60625],[27.86875,60.60625],[27.86875,60.602083]]]},"properties":{"radiance":12.24}},{"type":"Feature","geometry":{"type":"Polygon","coordinates":[[[27.872917,60.602083],[27.877083,60.602083],[27.877083,60.60625],[27.872917,60.60625],[27.872917,60.602083]]]},"properties":{"radiance":12.92}},{"type":"Feature","geometry":{"type":"Polygon","coordinates":[[[27.822917,60.597917],[27.827083,60.597917],[27.827083,60.602083],[27.822917,60.602083],[27.822917,60.597917]]]},"properties":{"radiance":5.09}},{"type":"Feature","geometry":{"type":"Polygon","coordinates":[[[27.827083,60.597917],[27.83125,60.597917],[27.83125,60.602083],[27.827083,60.602083],[27.827083,60.597917]]]},"properties":{"radiance":5.48}},{"type":"Feature","geometry":{"type":"Polygon","coordinates":[[[27.83125,60.597917],[27.835417,60.597917],[27.835417,60.602083],[27.83125,60.602083],[27.83125,60.597917]]]},"properties":{"radiance":5.35}},{"type":"Feature","geometry":{"type":"Polygon","coordinates":[[[27.835417,60.597917],[27.839583,60.597917],[27.839583,60.602083],[27.835417,60.602083],[27.835417,60.597917]]]},"properties":{"radiance":6.06}},{"type":"Feature","geometry":{"type":"Polygon","coordinates":[[[27.84375,60.597917],[27.847917,60.597917],[27.847917,60.602083],[27.84375,60.602083],[27.84375,60.597917]]]},"properties":{"radiance":5.34}},{"type":"Feature","geometry":{"type":"Polygon","coordinates":[[[27.847917,60.597917],[27.852083,60.597917],[27.852083,60.602083],[27.847917,60.602083],[27.847917,60.597917]]]},"properties":{"radiance":7.87}},{"type":"Feature","geometry":{"type":"Polygon","coordinates":[[[27.70625,60.585417],[27.710417,60.585417],[27.710417,60.589583],[27.70625,60.589583],[27.70625,60.585417]]]},"properties":{"radiance":5.63}},{"type":"Feature","geometry":{"type":"Polygon","coordinates":[[[27.702083,60.58125],[27.70625,60.58125],[27.70625,60.585417],[27.702083,60.585417],[27.702083,60.58125]]]},"properties":{"radiance":5.4}},{"type":"Feature","geometry":{"type":"Polygon","coordinates":[[[27.70625,60.58125],[27.710417,60.58125],[27.710417,60.585417],[27.70625,60.585417],[27.70625,60.58125]]]},"properties":{"radiance":5.5}},{"type":"Feature","geometry":{"type":"Polygon","coordinates":[[[27.064583,60.552083],[27.06875,60.552083],[27.06875,60.55625],[27.064583,60.55625],[27.064583,60.552083]]]},"properties":{"radiance":5.31}},{"type":"Feature","geometry":{"type":"Polygon","coordinates":[[[27.06875,60.552083],[27.072917,60.552083],[27.072917,60.55625],[27.06875,60.55625],[27.06875,60.552083]]]},"properties":{"radiance":6.84}},{"type":"Feature","geometry":{"type":"Polygon","coordinates":[[[27.072917,60.552083],[27.077083,60.552083],[27.077083,60.55625],[27.072917,60.55625],[27.072917,60.552083]]]},"properties":{"radiance":6.89}},{"type":"Feature","geometry":{"type":"Polygon","coordinates":[[[27.077083,60.552083],[27.08125,60.552083],[27.08125,60.55625],[27.077083,60.55625],[27.077083,60.552083]]]},"properties":{"radiance":7.15}},{"type":"Feature","geometry":{"type":"Polygon","coordinates":[[[27.11875,60.552083],[27.122917,60.552083],[27.122917,60.55625],[27.11875,60.55625],[27.11875,60.552083]]]},"properties":{"radiance":6.49}},{"type":"Feature","geometry":{"type":"Polygon","coordinates":[[[27.122917,60.552083],[27.127083,60.552083],[27.127083,60.55625],[27.122917,60.55625],[27.122917,60.552083]]]},"properties":{"radiance":6.66}},{"type":"Feature","geometry":{"type":"Polygon","coordinates":[[[27.127083,60.552083],[27.13125,60.552083],[27.13125,60.55625],[27.127083,60.55625],[27.127083,60.552083]]]},"properties":{"radiance":6.4}},{"type":"Feature","geometry":{"type":"Polygon","coordinates":[[[27.13125,60.552083],[27.135417,60.552083],[27.135417,60.55625],[27.13125,60.55625],[27.13125,60.552083]]]},"properties":{"radiance":5.2}},{"type":"Feature","geometry":{"type":"Polygon","coordinates":[[[27.147917,60.552083],[27.152083,60.552083],[27.152083,60.55625],[27.147917,60.55625],[27.147917,60.552083]]]},"properties":{"radiance":10.59}},{"type":"Feature","geometry":{"type":"Polygon","coordinates":[[[27.152083,60.552083],[27.15625,60.552083],[27.15625,60.55625],[27.152083,60.55625],[27.152083,60.552083]]]},"properties":{"radiance":29.65}},{"type":"Feature","geometry":{"type":"Polygon","coordinates":[[[27.15625,60.552083],[27.160417,60.552083],[27.160417,60.55625],[27.15625,60.55625],[27.15625,60.552083]]]},"properties":{"radiance":36.85}},{"type":"Feature","geometry":{"type":"Polygon","coordinates":[[[27.160417,60.552083],[27.164583,60.552083],[27.164583,60.55625],[27.160417,60.55625],[27.160417,60.552083]]]},"properties":{"radiance":58.21}},{"type":"Feature","geometry":{"type":"Polygon","coordinates":[[[27.164583,60.552083],[27.16875,60.552083],[27.16875,60.55625],[27.164583,60.55625],[27.164583,60.552083]]]},"properties":{"radiance":44.31}},{"type":"Feature","geometry":{"type":"Polygon","coordinates":[[[27.16875,60.552083],[27.172917,60.552083],[27.172917,60.55625],[27.16875,60.55625],[27.16875,60.552083]]]},"properties":{"radiance":33.1}},{"type":"Feature","geometry":{"type":"Polygon","coordinates":[[[27.172917,60.552083],[27.177083,60.552083],[27.177083,60.55625],[27.172917,60.55625],[27.172917,60.552083]]]},"properties":{"radiance":17.41}},{"type":"Feature","geometry":{"type":"Polygon","coordinates":[[[27.202083,60.552083],[27.20625,60.552083],[27.20625,60.55625],[27.202083,60.55625],[27.202083,60.552083]]]},"properties":{"radiance":5.63}},{"type":"Feature","geometry":{"type":"Polygon","coordinates":[[[27.20625,60.552083],[27.210417,60.552083],[27.210417,60.55625],[27.20625,60.55625],[27.20625,60.552083]]]},"properties":{"radiance":6.09}},{"type":"Feature","geometry":{"type":"Polygon","coordinates":[[[26.972917,60.547917],[26.977083,60.547917],[26.977083,60.552083],[26.972917,60.552083],[26.972917,60.547917]]]},"properties":{"radiance":5.21}},{"type":"Feature","geometry":{"type":"Polygon","coordinates":[[[27.072917,60.547917],[27.077083,60.547917],[27.077083,60.552083],[27.072917,60.552083],[27.072917,60.547917]]]},"properties":{"radiance":5.33}},{"type":"Feature","geometry":{"type":"Polygon","coordinates":[[[27.122917,60.547917],[27.127083,60.547917],[27.127083,60.552083],[27.122917,60.552083],[27.122917,60.547917]]]},"properties":{"radiance":5.08}},{"type":"Feature","geometry":{"type":"Polygon","coordinates":[[[27.127083,60.547917],[27.13125,60.547917],[27.13125,60.552083],[27.127083,60.552083],[27.127083,60.547917]]]},"properties":{"radiance":5.66}},{"type":"Feature","geometry":{"type":"Polygon","coordinates":[[[27.13125,60.547917],[27.135417,60.547917],[27.135417,60.552083],[27.13125,60.552083],[27.13125,60.547917]]]},"properties":{"radiance":5.41}},{"type":"Feature","geometry":{"type":"Polygon","coordinates":[[[27.147917,60.547917],[27.152083,60.547917],[27.152083,60.552083],[27.147917,60.552083],[27.147917,60.547917]]]},"properties":{"radiance":26.29}},{"type":"Feature","geometry":{"type":"Polygon","coordinates":[[[27.152083,60.547917],[27.15625,60.547917],[27.15625,60.552083],[27.152083,60.552083],[27.152083,60.547917]]]},"properties":{"radiance":35.88}},{"type":"Feature","geometry":{"type":"Polygon","coordinates":[[[27.15625,60.547917],[27.160417,60.547917],[27.160417,60.552083],[27.15625,60.552083],[27.15625,60.547917]]]},"properties":{"radiance":52.88}},{"type":"Feature","geometry":{"type":"Polygon","coordinates":[[[27.160417,60.547917],[27.164583,60.547917],[27.164583,60.552083],[27.160417,60.552083],[27.160417,60.547917]]]},"properties":{"radiance":62.31}},{"type":"Feature","geometry":{"type":"Polygon","coordinates":[[[27.164583,60.547917],[27.16875,60.547917],[27.16875,60.552083],[27.164583,60.552083],[27.164583,60.547917]]]},"properties":{"radiance":41.57}},{"type":"Feature","geometry":{"type":"Polygon","coordinates":[[[27.16875,60.547917],[27.172917,60.547917],[27.172917,60.552083],[27.16875,60.552083],[27.16875,60.547917]]]},"properties":{"radiance":44.1}},{"type":"Feature","geometry":{"type":"Polygon","coordinates":[[[27.172917,60.547917],[27.177083,60.547917],[27.177083,60.552083],[27.172917,60.552083],[27.172917,60.547917]]]},"properties":{"radiance":23.3}},{"type":"Feature","geometry":{"type":"Polygon","coordinates":[[[26.902083,60.54375],[26.90625,60.54375],[26.90625,60.547917],[26.902083,60.547917],[26.902083,60.54375]]]},"properties":{"radiance":5.14}},{"type":"Feature","geometry":{"type":"Polygon","coordinates":[[[26.94375,60.54375],[26.947917,60.54375],[26.947917,60.547917],[26.94375,60.547917],[26.94375,60.54375]]]},"properties":{"radiance":7.07}},{"type":"Feature","geometry":{"type":"Polygon","coordinates":[[[26.947917,60.54375],[26.952083,60.54375],[26.952083,60.547917],[26.947917,60.547917],[26.947917,60.54375]]]},"properties":{"radiance":9.19}},{"type":"Feature","geometry":{"type":"Polygon","coordinates":[[[26.952083,60.54375],[26.95625,60.54375],[26.95625,60.547917],[26.952083,60.547917],[26.952083,60.54375]]]},"properties":{"radiance":8.27}},{"type":"Feature","geometry":{"type":"Polygon","coordinates":[[[26.95625,60.54375],[26.960417,60.54375],[26.960417,60.547917],[26.95625,60.547917],[26.95625,60.54375]]]},"properties":{"radiance":10.41}},{"type":"Feature","geometry":{"type":"Polygon","coordinates":[[[26.960417,60.54375],[26.964583,60.54375],[26.964583,60.547917],[26.960417,60.547917],[26.960417,60.54375]]]},"properties":{"radiance":14.41}},{"type":"Feature","geometry":{"type":"Polygon","coordinates":[[[26.964583,60.54375],[26.96875,60.54375],[26.96875,60.547917],[26.964583,60.547917],[26.964583,60.54375]]]},"properties":{"radiance":12.83}},{"type":"Feature","geometry":{"type":"Polygon","coordinates":[[[26.96875,60.54375],[26.972917,60.54375],[26.972917,60.547917],[26.96875,60.547917],[26.96875,60.54375]]]},"properties":{"radiance":18.84}},{"type":"Feature","geometry":{"type":"Polygon","coordinates":[[[26.972917,60.54375],[26.977083,60.54375],[26.977083,60.547917],[26.972917,60.547917],[26.972917,60.54375]]]},"properties":{"radiance":34.36}},{"type":"Feature","geometry":{"type":"Polygon","coordinates":[[[26.977083,60.54375],[26.98125,60.54375],[26.98125,60.547917],[26.977083,60.547917],[26.977083,60.54375]]]},"properties":{"radiance":29.63}},{"type":"Feature","geometry":{"type":"Polygon","coordinates":[[[26.98125,60.54375],[26.985417,60.54375],[26.985417,60.547917],[26.98125,60.547917],[26.98125,60.54375]]]},"properties":{"radiance":14.08}},{"type":"Feature","geometry":{"type":"Polygon","coordinates":[[[27.110417,60.54375],[27.114583,60.54375],[27.114583,60.547917],[27.110417,60.547917],[27.110417,60.54375]]]},"properties":{"radiance":11.8}},{"type":"Feature","geometry":{"type":"Polygon","coordinates":[[[27.114583,60.54375],[27.11875,60.54375],[27.11875,60.547917],[27.114583,60.547917],[27.114583,60.54375]]]},"properties":{"radiance":11.3}},{"type":"Feature","geometry":{"type":"Polygon","coordinates":[[[27.11875,60.54375],[27.122917,60.54375],[27.122917,60.547917],[27.11875,60.547917],[27.11875,60.54375]]]},"properties":{"radiance":9.13}},{"type":"Feature","geometry":{"type":"Polygon","coordinates":[[[27.122917,60.54375],[27.127083,60.54375],[27.127083,60.547917],[27.122917,60.547917],[27.122917,60.54375]]]},"properties":{"radiance":6.04}},{"type":"Feature","geometry":{"type":"Polygon","coordinates":[[[27.127083,60.54375],[27.13125,60.54375],[27.13125,60.547917],[27.127083,60.547917],[27.127083,60.54375]]]},"properties":{"radiance":7.03}},{"type":"Feature","geometry":{"type":"Polygon","coordinates":[[[27.14375,60.54375],[27.147917,60.54375],[27.147917,60.547917],[27.14375,60.547917],[27.14375,60.54375]]]},"properties":{"radiance":12.86}},{"type":"Feature","geometry":{"type":"Polygon","coordinates":[[[27.147917,60.54375],[27.152083,60.54375],[27.152083,60.547917],[27.147917,60.547917],[27.147917,60.54375]]]},"properties":{"radiance":34.21}},{"type":"Feature","geometry":{"type":"Polygon","coordinates":[[[27.152083,60.54375],[27.15625,60.54375],[27.15625,60.547917],[27.152083,60.547917],[27.152083,60.54375]]]},"properties":{"radiance":42.13}},{"type":"Feature","geometry":{"type":"Polygon","coordinates":[[[27.15625,60.54375],[27.160417,60.54375],[27.160417,60.547917],[27.15625,60.547917],[27.15625,60.54375]]]},"properties":{"radiance":41.52}},{"type":"Feature","geometry":{"type":"Polygon","coordinates":[[[27.160417,60.54375],[27.164583,60.54375],[27.164583,60.547917],[27.160417,60.547917],[27.160417,60.54375]]]},"properties":{"radiance":47.27}},{"type":"Feature","geometry":{"type":"Polygon","coordinates":[[[27.164583,60.54375],[27.16875,60.54375],[27.16875,60.547917],[27.164583,60.547917],[27.164583,60.54375]]]},"properties":{"radiance":50}},{"type":"Feature","geometry":{"type":"Polygon","coordinates":[[[27.16875,60.54375],[27.172917,60.54375],[27.172917,60.547917],[27.16875,60.547917],[27.16875,60.54375]]]},"properties":{"radiance":26.68}},{"type":"Feature","geometry":{"type":"Polygon","coordinates":[[[27.172917,60.54375],[27.177083,60.54375],[27.177083,60.547917],[27.172917,60.547917],[27.172917,60.54375]]]},"properties":{"radiance":25.07}},{"type":"Feature","geometry":{"type":"Polygon","coordinates":[[[26.89375,60.539583],[26.897917,60.539583],[26.897917,60.54375],[26.89375,60.54375],[26.89375,60.539583]]]},"properties":{"radiance":5.61}},{"type":"Feature","geometry":{"type":"Polygon","coordinates":[[[26.897917,60.539583],[26.902083,60.539583],[26.902083,60.54375],[26.897917,60.54375],[26.897917,60.539583]]]},"properties":{"radiance":11.02}},{"type":"Feature","geometry":{"type":"Polygon","coordinates":[[[26.902083,60.539583],[26.90625,60.539583],[26.90625,60.54375],[26.902083,60.54375],[26.902083,60.539583]]]},"properties":{"radiance":10.52}},{"type":"Feature","geometry":{"type":"Polygon","coordinates":[[[26.90625,60.539583],[26.910417,60.539583],[26.910417,60.54375],[26.90625,60.54375],[26.90625,60.539583]]]},"properties":{"radiance":6.2}},{"type":"Feature","geometry":{"type":"Polygon","coordinates":[[[26.910417,60.539583],[26.914583,60.539583],[26.914583,60.54375],[26.910417,60.54375],[26.910417,60.539583]]]},"properties":{"radiance":7.97}},{"type":"Feature","geometry":{"type":"Polygon","coordinates":[[[26.914583,60.539583],[26.91875,60.539583],[26.91875,60.54375],[26.914583,60.54375],[26.914583,60.539583]]]},"properties":{"radiance":6.18}},{"type":"Feature","geometry":{"type":"Polygon","coordinates":[[[26.939583,60.539583],[26.94375,60.539583],[26.94375,60.54375],[26.939583,60.54375],[26.939583,60.539583]]]},"properties":{"radiance":5.8}},{"type":"Feature","geometry":{"type":"Polygon","coordinates":[[[26.94375,60.539583],[26.947917,60.539583],[26.947917,60.54375],[26.94375,60.54375],[26.94375,60.539583]]]},"properties":{"radiance":6.95}},{"type":"Feature","geometry":{"type":"Polygon","coordinates":[[[26.947917,60.539583],[26.952083,60.539583],[26.952083,60.54375],[26.947917,60.54375],[26.947917,60.539583]]]},"properties":{"radiance":8.01}},{"type":"Feature","geometry":{"type":"Polygon","coordinates":[[[26.952083,60.539583],[26.95625,60.539583],[26.95625,60.54375],[26.952083,60.54375],[26.952083,60.539583]]]},"properties":{"radiance":7.69}},{"type":"Feature","geometry":{"type":"Polygon","coordinates":[[[26.95625,60.539583],[26.960417,60.539583],[26.960417,60.54375],[26.95625,60.54375],[26.95625,60.539583]]]},"properties":{"radiance":7.98}},{"type":"Feature","geometry":{"type":"Polygon","coordinates":[[[26.960417,60.539583],[26.964583,60.539583],[26.964583,60.54375],[26.960417,60.54375],[26.960417,60.539583]]]},"properties":{"radiance":13.96}},{"type":"Feature","geometry":{"type":"Polygon","coordinates":[[[26.964583,60.539583],[26.96875,60.539583],[26.96875,60.54375],[26.964583,60.54375],[26.964583,60.539583]]]},"properties":{"radiance":14.67}},{"type":"Feature","geometry":{"type":"Polygon","coordinates":[[[26.96875,60.539583],[26.972917,60.539583],[26.972917,60.54375],[26.96875,60.54375],[26.96875,60.539583]]]},"properties":{"radiance":53.46}},{"type":"Feature","geometry":{"type":"Polygon","coordinates":[[[26.972917,60.539583],[26.977083,60.539583],[26.977083,60.54375],[26.972917,60.54375],[26.972917,60.539583]]]},"properties":{"radiance":68.74}},{"type":"Feature","geometry":{"type":"Polygon","coordinates":[[[26.977083,60.539583],[26.98125,60.539583],[26.98125,60.54375],[26.977083,60.54375],[26.977083,60.539583]]]},"properties":{"radiance":11.52}},{"type":"Feature","geometry":{"type":"Polygon","coordinates":[[[26.98125,60.539583],[26.985417,60.539583],[26.985417,60.54375],[26.98125,60.54375],[26.98125,60.539583]]]},"properties":{"radiance":24.53}},{"type":"Feature","geometry":{"type":"Polygon","coordinates":[[[26.989583,60.539583],[26.99375,60.539583],[26.99375,60.54375],[26.989583,60.54375],[26.989583,60.539583]]]},"properties":{"radiance":5.25}},{"type":"Feature","geometry":{"type":"Polygon","coordinates":[[[27.102083,60.539583],[27.10625,60.539583],[27.10625,60.54375],[27.102083,60.54375],[27.102083,60.539583]]]},"properties":{"radiance":9.03}},{"type":"Feature","geometry":{"type":"Polygon","coordinates":[[[27.10625,60.539583],[27.110417,60.539583],[27.110417,60.54375],[27.10625,60.54375],[27.10625,60.539583]]]},"properties":{"radiance":19.7}},{"type":"Feature","geometry":{"type":"Polygon","coordinates":[[[27.110417,60.539583],[27.114583,60.539583],[27.114583,60.54375],[27.110417,60.54375],[27.110417,60.539583]]]},"properties":{"radiance":16.68}},{"type":"Feature","geometry":{"type":"Polygon","coordinates":[[[27.114583,60.539583],[27.11875,60.539583],[27.11875,60.54375],[27.114583,60.54375],[27.114583,60.539583]]]},"properties":{"radiance":33.7}},{"type":"Feature","geometry":{"type":"Polygon","coordinates":[[[27.11875,60.539583],[27.122917,60.539583],[27.122917,60.54375],[27.11875,60.54375],[27.11875,60.539583]]]},"properties":{"radiance":14.5}},{"type":"Feature","geometry":{"type":"Polygon","coordinates":[[[27.122917,60.539583],[27.127083,60.539583],[27.127083,60.54375],[27.122917,60.54375],[27.122917,60.539583]]]},"properties":{"radiance":12.2}},{"type":"Feature","geometry":{"type":"Polygon","coordinates":[[[27.127083,60.539583],[27.13125,60.539583],[27.13125,60.54375],[27.127083,60.54375],[27.127083,60.539583]]]},"properties":{"radiance":9.64}},{"type":"Feature","geometry":{"type":"Polygon","coordinates":[[[27.13125,60.539583],[27.135417,60.539583],[27.135417,60.54375],[27.13125,60.54375],[27.13125,60.539583]]]},"properties":{"radiance":5.16}},{"type":"Feature","geometry":{"type":"Polygon","coordinates":[[[27.152083,60.539583],[27.15625,60.539583],[27.15625,60.54375],[27.152083,60.54375],[27.152083,60.539583]]]},"properties":{"radiance":89.06}},{"type":"Feature","geometry":{"type":"Polygon","coordinates":[[[27.15625,60.539583],[27.160417,60.539583],[27.160417,60.54375],[27.15625,60.54375],[27.15625,60.539583]]]},"properties":{"radiance":31.49}},{"type":"Feature","geometry":{"type":"Polygon","coordinates":[[[27.160417,60.539583],[27.164583,60.539583],[27.164583,60.54375],[27.160417,60.54375],[27.160417,60.539583]]]},"properties":{"radiance":44.87}},{"type":"Feature","geometry":{"type":"Polygon","coordinates":[[[27.164583,60.539583],[27.16875,60.539583],[27.16875,60.54375],[27.164583,60.54375],[27.164583,60.539583]]]},"properties":{"radiance":40.1}},{"type":"Feature","geometry":{"type":"Polygon","coordinates":[[[27.16875,60.539583],[27.172917,60.539583],[27.172917,60.54375],[27.16875,60.54375],[27.16875,60.539583]]]},"properties":{"radiance":30.08}},{"type":"Feature","geometry":{"type":"Polygon","coordinates":[[[27.172917,60.539583],[27.177083,60.539583],[27.177083,60.54375],[27.172917,60.54375],[27.172917,60.539583]]]},"properties":{"radiance":12.47}},{"type":"Feature","geometry":{"type":"Polygon","coordinates":[[[26.889583,60.535417],[26.89375,60.535417],[26.89375,60.539583],[26.889583,60.539583],[26.889583,60.535417]]]},"properties":{"radiance":5.11}},{"type":"Feature","geometry":{"type":"Polygon","coordinates":[[[26.89375,60.535417],[26.897917,60.535417],[26.897917,60.539583],[26.89375,60.539583],[26.89375,60.535417]]]},"properties":{"radiance":8.16}},{"type":"Feature","geometry":{"type":"Polygon","coordinates":[[[26.897917,60.535417],[26.902083,60.535417],[26.902083,60.539583],[26.897917,60.539583],[26.897917,60.535417]]]},"properties":{"radiance":15.75}},{"type":"Feature","geometry":{"type":"Polygon","coordinates":[[[26.902083,60.535417],[26.90625,60.535417],[26.90625,60.539583],[26.902083,60.539583],[26.902083,60.535417]]]},"properties":{"radiance":20.31}},{"type":"Feature","geometry":{"type":"Polygon","coordinates":[[[26.90625,60.535417],[26.910417,60.535417],[26.910417,60.539583],[26.90625,60.539583],[26.90625,60.535417]]]},"properties":{"radiance":29.09}},{"type":"Feature","geometry":{"type":"Polygon","coordinates":[[[26.910417,60.535417],[26.914583,60.535417],[26.914583,60.539583],[26.910417,60.539583],[26.910417,60.535417]]]},"properties":{"radiance":30.98}},{"type":"Feature","geometry":{"type":"Polygon","coordinates":[[[26.914583,60.535417],[26.91875,60.535417],[26.91875,60.539583],[26.914583,60.539583],[26.914583,60.535417]]]},"properties":{"radiance":16.71}},{"type":"Feature","geometry":{"type":"Polygon","coordinates":[[[26.91875,60.535417],[26.922917,60.535417],[26.922917,60.539583],[26.91875,60.539583],[26.91875,60.535417]]]},"properties":{"radiance":6.47}},{"type":"Feature","geometry":{"type":"Polygon","coordinates":[[[26.947917,60.535417],[26.952083,60.535417],[26.952083,60.539583],[26.947917,60.539583],[26.947917,60.535417]]]},"properties":{"radiance":5.49}},{"type":"Feature","geometry":{"type":"Polygon","coordinates":[[[26.952083,60.535417],[26.95625,60.535417],[26.95625,60.539583],[26.952083,60.539583],[26.952083,60.535417]]]},"properties":{"radiance":5.36}},{"type":"Feature","geometry":{"type":"Polygon","coordinates":[[[26.95625,60.535417],[26.960417,60.535417],[26.960417,60.539583],[26.95625,60.539583],[26.95625,60.535417]]]},"properties":{"radiance":5.94}},{"type":"Feature","geometry":{"type":"Polygon","coordinates":[[[26.960417,60.535417],[26.964583,60.535417],[26.964583,60.539583],[26.960417,60.539583],[26.960417,60.535417]]]},"properties":{"radiance":6.5}},{"type":"Feature","geometry":{"type":"Polygon","coordinates":[[[26.964583,60.535417],[26.96875,60.535417],[26.96875,60.539583],[26.964583,60.539583],[26.964583,60.535417]]]},"properties":{"radiance":7.3}},{"type":"Feature","geometry":{"type":"Polygon","coordinates":[[[26.96875,60.535417],[26.972917,60.535417],[26.972917,60.539583],[26.96875,60.539583],[26.96875,60.535417]]]},"properties":{"radiance":7.29}},{"type":"Feature","geometry":{"type":"Polygon","coordinates":[[[26.977083,60.535417],[26.98125,60.535417],[26.98125,60.539583],[26.977083,60.539583],[26.977083,60.535417]]]},"properties":{"radiance":5.36}},{"type":"Feature","geometry":{"type":"Polygon","coordinates":[[[27.10625,60.535417],[27.110417,60.535417],[27.110417,60.539583],[27.10625,60.539583],[27.10625,60.535417]]]},"properties":{"radiance":24.71}},{"type":"Feature","geometry":{"type":"Polygon","coordinates":[[[27.110417,60.535417],[27.114583,60.535417],[27.114583,60.539583],[27.110417,60.539583],[27.110417,60.535417]]]},"properties":{"radiance":127.32}},{"type":"Feature","geometry":{"type":"Polygon","coordinates":[[[27.114583,60.535417],[27.11875,60.535417],[27.11875,60.539583],[27.114583,60.539583],[27.114583,60.535417]]]},"properties":{"radiance":53.81}},{"type":"Feature","geometry":{"type":"Polygon","coordinates":[[[27.11875,60.535417],[27.122917,60.535417],[27.122917,60.539583],[27.11875,60.539583],[27.11875,60.535417]]]},"properties":{"radiance":73.24}},{"type":"Feature","geometry":{"type":"Polygon","coordinates":[[[27.122917,60.535417],[27.127083,60.535417],[27.127083,60.539583],[27.122917,60.539583],[27.122917,60.535417]]]},"properties":{"radiance":58.87}},{"type":"Feature","geometry":{"type":"Polygon","coordinates":[[[27.127083,60.535417],[27.13125,60.535417],[27.13125,60.539583],[27.127083,60.539583],[27.127083,60.535417]]]},"properties":{"radiance":33.42}},{"type":"Feature","geometry":{"type":"Polygon","coordinates":[[[27.13125,60.535417],[27.135417,60.535417],[27.135417,60.539583],[27.13125,60.539583],[27.13125,60.535417]]]},"properties":{"radiance":5.12}},{"type":"Feature","geometry":{"type":"Polygon","coordinates":[[[27.14375,60.535417],[27.147917,60.535417],[27.147917,60.539583],[27.14375,60.539583],[27.14375,60.535417]]]},"properties":{"radiance":9.54}},{"type":"Feature","geometry":{"type":"Polygon","coordinates":[[[27.147917,60.535417],[27.152083,60.535417],[27.152083,60.539583],[27.147917,60.539583],[27.147917,60.535417]]]},"properties":{"radiance":16.41}},{"type":"Feature","geometry":{"type":"Polygon","coordinates":[[[27.152083,60.535417],[27.15625,60.535417],[27.15625,60.539583],[27.152083,60.539583],[27.152083,60.535417]]]},"properties":{"radiance":68.02}},{"type":"Feature","geometry":{"type":"Polygon","coordinates":[[[27.15625,60.535417],[27.160417,60.535417],[27.160417,60.539583],[27.15625,60.539583],[27.15625,60.535417]]]},"properties":{"radiance":38.2}},{"type":"Feature","geometry":{"type":"Polygon","coordinates":[[[27.160417,60.535417],[27.164583,60.535417],[27.164583,60.539583],[27.160417,60.539583],[27.160417,60.535417]]]},"properties":{"radiance":45.96}},{"type":"Feature","geometry":{"type":"Polygon","coordinates":[[[27.164583,60.535417],[27.16875,60.535417],[27.16875,60.539583],[27.164583,60.539583],[27.164583,60.535417]]]},"properties":{"radiance":52.45}},{"type":"Feature","geometry":{"type":"Polygon","coordinates":[[[27.16875,60.535417],[27.172917,60.535417],[27.172917,60.539583],[27.16875,60.539583],[27.16875,60.535417]]]},"properties":{"radiance":54.49}},{"type":"Feature","geometry":{"type":"Polygon","coordinates":[[[27.172917,60.535417],[27.177083,60.535417],[27.177083,60.539583],[27.172917,60.539583],[27.172917,60.535417]]]},"properties":{"radiance":33.38}},{"type":"Feature","geometry":{"type":"Polygon","coordinates":[[[26.902083,60.53125],[26.90625,60.53125],[26.90625,60.535417],[26.902083,60.535417],[26.902083,60.53125]]]},"properties":{"radiance":5.42}},{"type":"Feature","geometry":{"type":"Polygon","coordinates":[[[26.90625,60.53125],[26.910417,60.53125],[26.910417,60.535417],[26.90625,60.535417],[26.90625,60.53125]]]},"properties":{"radiance":17.31}},{"type":"Feature","geometry":{"type":"Polygon","coordinates":[[[26.910417,60.53125],[26.914583,60.53125],[26.914583,60.535417],[26.910417,60.535417],[26.910417,60.53125]]]},"properties":{"radiance":18.47}},{"type":"Feature","geometry":{"type":"Polygon","coordinates":[[[26.914583,60.53125],[26.91875,60.53125],[26.91875,60.535417],[26.914583,60.535417],[26.914583,60.53125]]]},"properties":{"radiance":5.94}},{"type":"Feature","geometry":{"type":"Polygon","coordinates":[[[26.91875,60.53125],[26.922917,60.53125],[26.922917,60.535417],[26.91875,60.535417],[26.91875,60.53125]]]},"properties":{"radiance":5.06}},{"type":"Feature","geometry":{"type":"Polygon","coordinates":[[[26.952083,60.53125],[26.95625,60.53125],[26.95625,60.535417],[26.952083,60.535417],[26.952083,60.53125]]]},"properties":{"radiance":6.39}},{"type":"Feature","geometry":{"type":"Polygon","coordinates":[[[26.95625,60.53125],[26.960417,60.53125],[26.960417,60.535417],[26.95625,60.535417],[26.95625,60.53125]]]},"properties":{"radiance":6.32}},{"type":"Feature","geometry":{"type":"Polygon","coordinates":[[[26.960417,60.53125],[26.964583,60.53125],[26.964583,60.535417],[26.960417,60.535417],[26.960417,60.53125]]]},"properties":{"radiance":5.63}},{"type":"Feature","geometry":{"type":"Polygon","coordinates":[[[27.114583,60.53125],[27.11875,60.53125],[27.11875,60.535417],[27.114583,60.535417],[27.114583,60.53125]]]},"properties":{"radiance":42.18}},{"type":"Feature","geometry":{"type":"Polygon","coordinates":[[[27.11875,60.53125],[27.122917,60.53125],[27.122917,60.535417],[27.11875,60.535417],[27.11875,60.53125]]]},"properties":{"radiance":37.93}},{"type":"Feature","geometry":{"type":"Polygon","coordinates":[[[27.122917,60.53125],[27.127083,60.53125],[27.127083,60.535417],[27.122917,60.535417],[27.122917,60.53125]]]},"properties":{"radiance":27.1}},{"type":"Feature","geometry":{"type":"Polygon","coordinates":[[[27.127083,60.53125],[27.13125,60.53125],[27.13125,60.535417],[27.127083,60.535417],[27.127083,60.53125]]]},"properties":{"radiance":16.83}},{"type":"Feature","geometry":{"type":"Polygon","coordinates":[[[27.13125,60.53125],[27.135417,60.53125],[27.135417,60.535417],[27.13125,60.535417],[27.13125,60.53125]]]},"properties":{"radiance":6.26}},{"type":"Feature","geometry":{"type":"Polygon","coordinates":[[[27.135417,60.53125],[27.139583,60.53125],[27.139583,60.535417],[27.135417,60.535417],[27.135417,60.53125]]]},"properties":{"radiance":5.75}},{"type":"Feature","geometry":{"type":"Polygon","coordinates":[[[27.139583,60.53125],[27.14375,60.53125],[27.14375,60.535417],[27.139583,60.535417],[27.139583,60.53125]]]},"properties":{"radiance":16.69}},{"type":"Feature","geometry":{"type":"Polygon","coordinates":[[[27.14375,60.53125],[27.147917,60.53125],[27.147917,60.535417],[27.14375,60.535417],[27.14375,60.53125]]]},"properties":{"radiance":25.08}},{"type":"Feature","geometry":{"type":"Polygon","coordinates":[[[27.147917,60.53125],[27.152083,60.53125],[27.152083,60.535417],[27.147917,60.535417],[27.147917,60.53125]]]},"properties":{"radiance":30.39}},{"type":"Feature","geometry":{"type":"Polygon","coordinates":[[[27.152083,60.53125],[27.15625,60.53125],[27.15625,60.535417],[27.152083,60.535417],[27.152083,60.53125]]]},"properties":{"radiance":50.38}},{"type":"Feature","geometry":{"type":"Polygon","coordinates":[[[27.15625,60.53125],[27.160417,60.53125],[27.160417,60.535417],[27.15625,60.535417],[27.15625,60.53125]]]},"properties":{"radiance":53.55}},{"type":"Feature","geometry":{"type":"Polygon","coordinates":[[[27.160417,60.53125],[27.164583,60.53125],[27.164583,60.535417],[27.160417,60.535417],[27.160417,60.53125]]]},"properties":{"radiance":58.55}},{"type":"Feature","geometry":{"type":"Polygon","coordinates":[[[27.164583,60.53125],[27.16875,60.53125],[27.16875,60.535417],[27.164583,60.535417],[27.164583,60.53125]]]},"properties":{"radiance":64.27}},{"type":"Feature","geometry":{"type":"Polygon","coordinates":[[[27.16875,60.53125],[27.172917,60.53125],[27.172917,60.535417],[27.16875,60.535417],[27.16875,60.53125]]]},"properties":{"radiance":51.7}},{"type":"Feature","geometry":{"type":"Polygon","coordinates":[[[27.172917,60.53125],[27.177083,60.53125],[27.177083,60.535417],[27.172917,60.535417],[27.172917,60.53125]]]},"properties":{"radiance":56.49}},{"type":"Feature","geometry":{"type":"Polygon","coordinates":[[[27.177083,60.53125],[27.18125,60.53125],[27.18125,60.535417],[27.177083,60.535417],[27.177083,60.53125]]]},"properties":{"radiance":29.1}},{"type":"Feature","geometry":{"type":"Polygon","coordinates":[[[26.927083,60.527083],[26.93125,60.527083],[26.93125,60.53125],[26.927083,60.53125],[26.927083,60.527083]]]},"properties":{"radiance":6.2}},{"type":"Feature","geometry":{"type":"Polygon","coordinates":[[[26.93125,60.527083],[26.935417,60.527083],[26.935417,60.53125],[26.93125,60.53125],[26.93125,60.527083]]]},"properties":{"radiance":7.61}},{"type":"Feature","geometry":{"type":"Polygon","coordinates":[[[26.935417,60.527083],[26.939583,60.527083],[26.939583,60.53125],[26.935417,60.53125],[26.935417,60.527083]]]},"properties":{"radiance":7.59}},{"type":"Feature","geometry":{"type":"Polygon","coordinates":[[[26.939583,60.527083],[26.94375,60.527083],[26.94375,60.53125],[26.939583,60.53125],[26.939583,60.527083]]]},"properties":{"radiance":7.23}},{"type":"Feature","geometry":{"type":"Polygon","coordinates":[[[26.94375,60.527083],[26.947917,60.527083],[26.947917,60.53125],[26.94375,60.53125],[26.94375,60.527083]]]},"properties":{"radiance":6.69}},{"type":"Feature","geometry":{"type":"Polygon","coordinates":[[[26.947917,60.527083],[26.952083,60.527083],[26.952083,60.53125],[26.947917,60.53125],[26.947917,60.527083]]]},"properties":{"radiance":6.27}},{"type":"Feature","geometry":{"type":"Polygon","coordinates":[[[26.952083,60.527083],[26.95625,60.527083],[26.95625,60.53125],[26.952083,60.53125],[26.952083,60.527083]]]},"properties":{"radiance":6.17}},{"type":"Feature","geometry":{"type":"Polygon","coordinates":[[[27.11875,60.527083],[27.122917,60.527083],[27.122917,60.53125],[27.11875,60.53125],[27.11875,60.527083]]]},"properties":{"radiance":5.85}},{"type":"Feature","geometry":{"type":"Polygon","coordinates":[[[27.135417,60.527083],[27.139583,60.527083],[27.139583,60.53125],[27.135417,60.53125],[27.135417,60.527083]]]},"properties":{"radiance":25.75}},{"type":"Feature","geometry":{"type":"Polygon","coordinates":[[[27.139583,60.527083],[27.14375,60.527083],[27.14375,60.53125],[27.139583,60.53125],[27.139583,60.527083]]]},"properties":{"radiance":41.76}},{"type":"Feature","geometry":{"type":"Polygon","coordinates":[[[27.14375,60.527083],[27.147917,60.527083],[27.147917,60.53125],[27.14375,60.53125],[27.14375,60.527083]]]},"properties":{"radiance":49.09}},{"type":"Feature","geometry":{"type":"Polygon","coordinates":[[[27.147917,60.527083],[27.152083,60.527083],[27.152083,60.53125],[27.147917,60.53125],[27.147917,60.527083]]]},"properties":{"radiance":57.78}},{"type":"Feature","geometry":{"type":"Polygon","coordinates":[[[27.152083,60.527083],[27.15625,60.527083],[27.15625,60.53125],[27.152083,60.53125],[27.152083,60.527083]]]},"properties":{"radiance":63.39}},{"type":"Feature","geometry":{"type":"Polygon","coordinates":[[[27.15625,60.527083],[27.160417,60.527083],[27.160417,60.53125],[27.15625,60.53125],[27.15625,60.527083]]]},"properties":{"radiance":73.44}},{"type":"Feature","geometry":{"type":"Polygon","coordinates":[[[27.160417,60.527083],[27.164583,60.527083],[27.164583,60.53125],[27.160417,60.53125],[27.160417,60.527083]]]},"properties":{"radiance":70.65}},{"type":"Feature","geometry":{"type":"Polygon","coordinates":[[[27.164583,60.527083],[27.16875,60.527083],[27.16875,60.53125],[27.164583,60.53125],[27.164583,60.527083]]]},"properties":{"radiance":62.92}},{"type":"Feature","geometry":{"type":"Polygon","coordinates":[[[27.16875,60.527083],[27.172917,60.527083],[27.172917,60.53125],[27.16875,60.53125],[27.16875,60.527083]]]},"properties":{"radiance":101.2}},{"type":"Feature","geometry":{"type":"Polygon","coordinates":[[[27.172917,60.527083],[27.177083,60.527083],[27.177083,60.53125],[27.172917,60.53125],[27.172917,60.527083]]]},"properties":{"radiance":52.62}},{"type":"Feature","geometry":{"type":"Polygon","coordinates":[[[27.177083,60.527083],[27.18125,60.527083],[27.18125,60.53125],[27.177083,60.53125],[27.177083,60.527083]]]},"properties":{"radiance":36.58}},{"type":"Feature","geometry":{"type":"Polygon","coordinates":[[[27.18125,60.527083],[27.185417,60.527083],[27.185417,60.53125],[27.18125,60.53125],[27.18125,60.527083]]]},"properties":{"radiance":31.33}},{"type":"Feature","geometry":{"type":"Polygon","coordinates":[[[26.922917,60.522917],[26.927083,60.522917],[26.927083,60.527083],[26.922917,60.527083],[26.922917,60.522917]]]},"properties":{"radiance":9.43}},{"type":"Feature","geometry":{"type":"Polygon","coordinates":[[[26.927083,60.522917],[26.93125,60.522917],[26.93125,60.527083],[26.927083,60.527083],[26.927083,60.522917]]]},"properties":{"radiance":10.05}},{"type":"Feature","geometry":{"type":"Polygon","coordinates":[[[26.93125,60.522917],[26.935417,60.522917],[26.935417,60.527083],[26.93125,60.527083],[26.93125,60.522917]]]},"properties":{"radiance":12.51}},{"type":"Feature","geometry":{"type":"Polygon","coordinates":[[[26.935417,60.522917],[26.939583,60.522917],[26.939583,60.527083],[26.935417,60.527083],[26.935417,60.522917]]]},"properties":{"radiance":17.19}},{"type":"Feature","geometry":{"type":"Polygon","coordinates":[[[26.939583,60.522917],[26.94375,60.522917],[26.94375,60.527083],[26.939583,60.527083],[26.939583,60.522917]]]},"properties":{"radiance":24.5}},{"type":"Feature","geometry":{"type":"Polygon","coordinates":[[[26.94375,60.522917],[26.947917,60.522917],[26.947917,60.527083],[26.94375,60.527083],[26.94375,60.522917]]]},"properties":{"radiance":22.96}},{"type":"Feature","geometry":{"type":"Polygon","coordinates":[[[26.947917,60.522917],[26.952083,60.522917],[26.952083,60.527083],[26.947917,60.527083],[26.947917,60.522917]]]},"properties":{"radiance":14.45}},{"type":"Feature","geometry":{"type":"Polygon","coordinates":[[[26.952083,60.522917],[26.95625,60.522917],[26.95625,60.527083],[26.952083,60.527083],[26.952083,60.522917]]]},"properties":{"radiance":6.18}},{"type":"Feature","geometry":{"type":"Polygon","coordinates":[[[27.135417,60.522917],[27.139583,60.522917],[27.139583,60.527083],[27.135417,60.527083],[27.135417,60.522917]]]},"properties":{"radiance":31.9}},{"type":"Feature","geometry":{"type":"Polygon","coordinates":[[[27.139583,60.522917],[27.14375,60.522917],[27.14375,60.527083],[27.139583,60.527083],[27.139583,60.522917]]]},"properties":{"radiance":39.5}},{"type":"Feature","geometry":{"type":"Polygon","coordinates":[[[27.14375,60.522917],[27.147917,60.522917],[27.147917,60.527083],[27.14375,60.527083],[27.14375,60.522917]]]},"properties":{"radiance":127.89}},{"type":"Feature","geometry":{"type":"Polygon","coordinates":[[[27.147917,60.522917],[27.152083,60.522917],[27.152083,60.527083],[27.147917,60.527083],[27.147917,60.522917]]]},"properties":{"radiance":89.33}},{"type":"Feature","geometry":{"type":"Polygon","coordinates":[[[27.152083,60.522917],[27.15625,60.522917],[27.15625,60.527083],[27.152083,60.527083],[27.152083,60.522917]]]},"properties":{"radiance":63.6}},{"type":"Feature","geometry":{"type":"Polygon","coordinates":[[[27.15625,60.522917],[27.160417,60.522917],[27.160417,60.527083],[27.15625,60.527083],[27.15625,60.522917]]]},"properties":{"radiance":70.04}},{"type":"Feature","geometry":{"type":"Polygon","coordinates":[[[27.160417,60.522917],[27.164583,60.522917],[27.164583,60.527083],[27.160417,60.527083],[27.160417,60.522917]]]},"properties":{"radiance":65.16}},{"type":"Feature","geometry":{"type":"Polygon","coordinates":[[[27.164583,60.522917],[27.16875,60.522917],[27.16875,60.527083],[27.164583,60.527083],[27.164583,60.522917]]]},"properties":{"radiance":58.67}},{"type":"Feature","geometry":{"type":"Polygon","coordinates":[[[27.16875,60.522917],[27.172917,60.522917],[27.172917,60.527083],[27.16875,60.527083],[27.16875,60.522917]]]},"properties":{"radiance":47.31}},{"type":"Feature","geometry":{"type":"Polygon","coordinates":[[[27.172917,60.522917],[27.177083,60.522917],[27.177083,60.527083],[27.172917,60.527083],[27.172917,60.522917]]]},"properties":{"radiance":29.86}},{"type":"Feature","geometry":{"type":"Polygon","coordinates":[[[27.177083,60.522917],[27.18125,60.522917],[27.18125,60.527083],[27.177083,60.527083],[27.177083,60.522917]]]},"properties":{"radiance":24.18}},{"type":"Feature","geometry":{"type":"Polygon","coordinates":[[[26.877083,60.51875],[26.88125,60.51875],[26.88125,60.522917],[26.877083,60.522917],[26.877083,60.51875]]]},"properties":{"radiance":5.01}},{"type":"Feature","geometry":{"type":"Polygon","coordinates":[[[26.88125,60.51875],[26.885417,60.51875],[26.885417,60.522917],[26.88125,60.522917],[26.88125,60.51875]]]},"properties":{"radiance":5.9}},{"type":"Feature","geometry":{"type":"Polygon","coordinates":[[[26.885417,60.51875],[26.889583,60.51875],[26.889583,60.522917],[26.885417,60.522917],[26.885417,60.51875]]]},"properties":{"radiance":6.45}},{"type":"Feature","geometry":{"type":"Polygon","coordinates":[[[26.889583,60.51875],[26.89375,60.51875],[26.89375,60.522917],[26.889583,60.522917],[26.889583,60.51875]]]},"properties":{"radiance":7}},{"type":"Feature","geometry":{"type":"Polygon","coordinates":[[[26.91875,60.51875],[26.922917,60.51875],[26.922917,60.522917],[26.91875,60.522917],[26.91875,60.51875]]]},"properties":{"radiance":36.36}},{"type":"Feature","geometry":{"type":"Polygon","coordinates":[[[26.922917,60.51875],[26.927083,60.51875],[26.927083,60.522917],[26.922917,60.522917],[26.922917,60.51875]]]},"properties":{"radiance":16.76}},{"type":"Feature","geometry":{"type":"Polygon","coordinates":[[[26.927083,60.51875],[26.93125,60.51875],[26.93125,60.522917],[26.927083,60.522917],[26.927083,60.51875]]]},"properties":{"radiance":16.66}},{"type":"Feature","geometry":{"type":"Polygon","coordinates":[[[26.93125,60.51875],[26.935417,60.51875],[26.935417,60.522917],[26.93125,60.522917],[26.93125,60.51875]]]},"properties":{"radiance":20.19}},{"type":"Feature","geometry":{"type":"Polygon","coordinates":[[[26.935417,60.51875],[26.939583,60.51875],[26.939583,60.522917],[26.935417,60.522917],[26.935417,60.51875]]]},"properties":{"radiance":24.97}},{"type":"Feature","geometry":{"type":"Polygon","coordinates":[[[26.939583,60.51875],[26.94375,60.51875],[26.94375,60.522917],[26.939583,60.522917],[26.939583,60.51875]]]},"properties":{"radiance":30.23}},{"type":"Feature","geometry":{"type":"Polygon","coordinates":[[[26.94375,60.51875],[26.947917,60.51875],[26.947917,60.522917],[26.94375,60.522917],[26.94375,60.51875]]]},"properties":{"radiance":27.66}},{"type":"Feature","geometry":{"type":"Polygon","coordinates":[[[26.947917,60.51875],[26.952083,60.51875],[26.952083,60.522917],[26.947917,60.522917],[26.947917,60.51875]]]},"properties":{"radiance":20.46}},{"type":"Feature","geometry":{"type":"Polygon","coordinates":[[[26.952083,60.51875],[26.95625,60.51875],[26.95625,60.522917],[26.952083,60.522917],[26.952083,60.51875]]]},"properties":{"radiance":8.7}},{"type":"Feature","geometry":{"type":"Polygon","coordinates":[[[26.95625,60.51875],[26.960417,60.51875],[26.960417,60.522917],[26.95625,60.522917],[26.95625,60.51875]]]},"properties":{"radiance":5.86}},{"type":"Feature","geometry":{"type":"Polygon","coordinates":[[[27.139583,60.51875],[27.14375,60.51875],[27.14375,60.522917],[27.139583,60.522917],[27.139583,60.51875]]]},"properties":{"radiance":10.82}},{"type":"Feature","geometry":{"type":"Polygon","coordinates":[[[27.14375,60.51875],[27.147917,60.51875],[27.147917,60.522917],[27.14375,60.522917],[27.14375,60.51875]]]},"properties":{"radiance":8.01}},{"type":"Feature","geometry":{"type":"Polygon","coordinates":[[[27.147917,60.51875],[27.152083,60.51875],[27.152083,60.522917],[27.147917,60.522917],[27.147917,60.51875]]]},"properties":{"radiance":46.39}},{"type":"Feature","geometry":{"type":"Polygon","coordinates":[[[27.152083,60.51875],[27.15625,60.51875],[27.15625,60.522917],[27.152083,60.522917],[27.152083,60.51875]]]},"properties":{"radiance":91.84}},{"type":"Feature","geometry":{"type":"Polygon","coordinates":[[[27.15625,60.51875],[27.160417,60.51875],[27.160417,60.522917],[27.15625,60.522917],[27.15625,60.51875]]]},"properties":{"radiance":76.26}},{"type":"Feature","geometry":{"type":"Polygon","coordinates":[[[27.160417,60.51875],[27.164583,60.51875],[27.164583,60.522917],[27.160417,60.522917],[27.160417,60.51875]]]},"properties":{"radiance":100.98}},{"type":"Feature","geometry":{"type":"Polygon","coordinates":[[[27.164583,60.51875],[27.16875,60.51875],[27.16875,60.522917],[27.164583,60.522917],[27.164583,60.51875]]]},"properties":{"radiance":30.5}},{"type":"Feature","geometry":{"type":"Polygon","coordinates":[[[26.814583,60.514583],[26.81875,60.514583],[26.81875,60.51875],[26.814583,60.51875],[26.814583,60.514583]]]},"properties":{"radiance":5.41}},{"type":"Feature","geometry":{"type":"Polygon","coordinates":[[[26.877083,60.514583],[26.88125,60.514583],[26.88125,60.51875],[26.877083,60.51875],[26.877083,60.514583]]]},"properties":{"radiance":5.67}},{"type":"Feature","geometry":{"type":"Polygon","coordinates":[[[26.88125,60.514583],[26.885417,60.514583],[26.885417,60.51875],[26.88125,60.51875],[26.88125,60.514583]]]},"properties":{"radiance":6.75}},{"type":"Feature","geometry":{"type":"Polygon","coordinates":[[[26.885417,60.514583],[26.889583,60.514583],[26.889583,60.51875],[26.885417,60.51875],[26.885417,60.514583]]]},"properties":{"radiance":7.92}},{"type":"Feature","geometry":{"type":"Polygon","coordinates":[[[26.889583,60.514583],[26.89375,60.514583],[26.89375,60.51875],[26.889583,60.51875],[26.889583,60.514583]]]},"properties":{"radiance":6.71}},{"type":"Feature","geometry":{"type":"Polygon","coordinates":[[[26.89375,60.514583],[26.897917,60.514583],[26.897917,60.51875],[26.89375,60.51875],[26.89375,60.514583]]]},"properties":{"radiance":6.51}},{"type":"Feature","geometry":{"type":"Polygon","coordinates":[[[26.897917,60.514583],[26.902083,60.514583],[26.902083,60.51875],[26.897917,60.51875],[26.897917,60.514583]]]},"properties":{"radiance":5.59}},{"type":"Feature","geometry":{"type":"Polygon","coordinates":[[[26.902083,60.514583],[26.90625,60.514583],[26.90625,60.51875],[26.902083,60.51875],[26.902083,60.514583]]]},"properties":{"radiance":5.19}},{"type":"Feature","geometry":{"type":"Polygon","coordinates":[[[26.90625,60.514583],[26.910417,60.514583],[26.910417,60.51875],[26.90625,60.51875],[26.90625,60.514583]]]},"properties":{"radiance":6.19}},{"type":"Feature","geometry":{"type":"Polygon","coordinates":[[[26.910417,60.514583],[26.914583,60.514583],[26.914583,60.51875],[26.910417,60.51875],[26.910417,60.514583]]]},"properties":{"radiance":7.83}},{"type":"Feature","geometry":{"type":"Polygon","coordinates":[[[26.914583,60.514583],[26.91875,60.514583],[26.91875,60.51875],[26.914583,60.51875],[26.914583,60.514583]]]},"properties":{"radiance":13.2}},{"type":"Feature","geometry":{"type":"Polygon","coordinates":[[[26.91875,60.514583],[26.922917,60.514583],[26.922917,60.51875],[26.91875,60.51875],[26.91875,60.514583]]]},"properties":{"radiance":24.38}},{"type":"Feature","geometry":{"type":"Polygon","coordinates":[[[26.922917,60.514583],[26.927083,60.514583],[26.927083,60.51875],[26.922917,60.51875],[26.922917,60.514583]]]},"properties":{"radiance":24.14}},{"type":"Feature","geometry":{"type":"Polygon","coordinates":[[[26.927083,60.514583],[26.93125,60.514583],[26.93125,60.51875],[26.927083,60.51875],[26.927083,60.514583]]]},"properties":{"radiance":27.19}},{"type":"Feature","geometry":{"type":"Polygon","coordinates":[[[26.93125,60.514583],[26.935417,60.514583],[26.935417,60.51875],[26.93125,60.51875],[26.93125,60.514583]]]},"properties":{"radiance":21.33}},{"type":"Feature","geometry":{"type":"Polygon","coordinates":[[[26.935417,60.514583],[26.939583,60.514583],[26.939583,60.51875],[26.935417,60.51875],[26.935417,60.514583]]]},"properties":{"radiance":21.78}},{"type":"Feature","geometry":{"type":"Polygon","coordinates":[[[26.939583,60.514583],[26.94375,60.514583],[26.94375,60.51875],[26.939583,60.51875],[26.939583,60.514583]]]},"properties":{"radiance":21}},{"type":"Feature","geometry":{"type":"Polygon","coordinates":[[[26.94375,60.514583],[26.947917,60.514583],[26.947917,60.51875],[26.94375,60.51875],[26.94375,60.514583]]]},"properties":{"radiance":18.08}},{"type":"Feature","geometry":{"type":"Polygon","coordinates":[[[26.947917,60.514583],[26.952083,60.514583],[26.952083,60.51875],[26.947917,60.51875],[26.947917,60.514583]]]},"properties":{"radiance":14.75}},{"type":"Feature","geometry":{"type":"Polygon","coordinates":[[[26.952083,60.514583],[26.95625,60.514583],[26.95625,60.51875],[26.952083,60.51875],[26.952083,60.514583]]]},"properties":{"radiance":10.31}},{"type":"Feature","geometry":{"type":"Polygon","coordinates":[[[26.95625,60.514583],[26.960417,60.514583],[26.960417,60.51875],[26.95625,60.51875],[26.95625,60.514583]]]},"properties":{"radiance":6.94}},{"type":"Feature","geometry":{"type":"Polygon","coordinates":[[[27.152083,60.514583],[27.15625,60.514583],[27.15625,60.51875],[27.152083,60.51875],[27.152083,60.514583]]]},"properties":{"radiance":14.39}},{"type":"Feature","geometry":{"type":"Polygon","coordinates":[[[27.15625,60.514583],[27.160417,60.514583],[27.160417,60.51875],[27.15625,60.51875],[27.15625,60.514583]]]},"properties":{"radiance":45.33}},{"type":"Feature","geometry":{"type":"Polygon","coordinates":[[[27.160417,60.514583],[27.164583,60.514583],[27.164583,60.51875],[27.160417,60.51875],[27.160417,60.514583]]]},"properties":{"radiance":28.77}},{"type":"Feature","geometry":{"type":"Polygon","coordinates":[[[26.810417,60.510417],[26.814583,60.510417],[26.814583,60.514583],[26.810417,60.514583],[26.810417,60.510417]]]},"properties":{"radiance":5.75}},{"type":"Feature","geometry":{"type":"Polygon","coordinates":[[[26.814583,60.510417],[26.81875,60.510417],[26.81875,60.514583],[26.814583,60.514583],[26.814583,60.510417]]]},"properties":{"radiance":16.16}},{"type":"Feature","geometry":{"type":"Polygon","coordinates":[[[26.81875,60.510417],[26.822917,60.510417],[26.822917,60.514583],[26.81875,60.514583],[26.81875,60.510417]]]},"properties":{"radiance":16.19}},{"type":"Feature","geometry":{"type":"Polygon","coordinates":[[[26.822917,60.510417],[26.827083,60.510417],[26.827083,60.514583],[26.822917,60.514583],[26.822917,60.510417]]]},"properties":{"radiance":8.32}},{"type":"Feature","geometry":{"type":"Polygon","coordinates":[[[26.88125,60.510417],[26.885417,60.510417],[26.885417,60.514583],[26.88125,60.514583],[26.88125,60.510417]]]},"properties":{"radiance":5.56}},{"type":"Feature","geometry":{"type":"Polygon","coordinates":[[[26.885417,60.510417],[26.889583,60.510417],[26.889583,60.514583],[26.885417,60.514583],[26.885417,60.510417]]]},"properties":{"radiance":12.22}},{"type":"Feature","geometry":{"type":"Polygon","coordinates":[[[26.889583,60.510417],[26.89375,60.510417],[26.89375,60.514583],[26.889583,60.514583],[26.889583,60.510417]]]},"properties":{"radiance":13.44}},{"type":"Feature","geometry":{"type":"Polygon","coordinates":[[[26.89375,60.510417],[26.897917,60.510417],[26.897917,60.514583],[26.89375,60.514583],[26.89375,60.510417]]]},"properties":{"radiance":15.18}},{"type":"Feature","geometry":{"type":"Polygon","coordinates":[[[26.897917,60.510417],[26.902083,60.510417],[26.902083,60.514583],[26.897917,60.514583],[26.897917,60.510417]]]},"properties":{"radiance":13.82}},{"type":"Feature","geometry":{"type":"Polygon","coordinates":[[[26.902083,60.510417],[26.90625,60.510417],[26.90625,60.514583],[26.902083,60.514583],[26.902083,60.510417]]]},"properties":{"radiance":15.25}},{"type":"Feature","geometry":{"type":"Polygon","coordinates":[[[26.90625,60.510417],[26.910417,60.510417],[26.910417,60.514583],[26.90625,60.514583],[26.90625,60.510417]]]},"properties":{"radiance":11.74}},{"type":"Feature","geometry":{"type":"Polygon","coordinates":[[[26.910417,60.510417],[26.914583,60.510417],[26.914583,60.514583],[26.910417,60.514583],[26.910417,60.510417]]]},"properties":{"radiance":18.31}},{"type":"Feature","geometry":{"type":"Polygon","coordinates":[[[26.914583,60.510417],[26.91875,60.510417],[26.91875,60.514583],[26.914583,60.514583],[26.914583,60.510417]]]},"properties":{"radiance":25.86}},{"type":"Feature","geometry":{"type":"Polygon","coordinates":[[[26.91875,60.510417],[26.922917,60.510417],[26.922917,60.514583],[26.91875,60.514583],[26.91875,60.510417]]]},"properties":{"radiance":26.25}},{"type":"Feature","geometry":{"type":"Polygon","coordinates":[[[26.922917,60.510417],[26.927083,60.510417],[26.927083,60.514583],[26.922917,60.514583],[26.922917,60.510417]]]},"properties":{"radiance":25.26}},{"type":"Feature","geometry":{"type":"Polygon","coordinates":[[[26.927083,60.510417],[26.93125,60.510417],[26.93125,60.514583],[26.927083,60.514583],[26.927083,60.510417]]]},"properties":{"radiance":22.21}},{"type":"Feature","geometry":{"type":"Polygon","coordinates":[[[26.93125,60.510417],[26.935417,60.510417],[26.935417,60.514583],[26.93125,60.514583],[26.93125,60.510417]]]},"properties":{"radiance":22.51}},{"type":"Feature","geometry":{"type":"Polygon","coordinates":[[[26.935417,60.510417],[26.939583,60.510417],[26.939583,60.514583],[26.935417,60.514583],[26.935417,60.510417]]]},"properties":{"radiance":19.1}},{"type":"Feature","geometry":{"type":"Polygon","coordinates":[[[26.939583,60.510417],[26.94375,60.510417],[26.94375,60.514583],[26.939583,60.514583],[26.939583,60.510417]]]},"properties":{"radiance":17.91}},{"type":"Feature","geometry":{"type":"Polygon","coordinates":[[[26.94375,60.510417],[26.947917,60.510417],[26.947917,60.514583],[26.94375,60.514583],[26.94375,60.510417]]]},"properties":{"radiance":11.26}},{"type":"Feature","geometry":{"type":"Polygon","coordinates":[[[26.947917,60.510417],[26.952083,60.510417],[26.952083,60.514583],[26.947917,60.514583],[26.947917,60.510417]]]},"properties":{"radiance":8.13}},{"type":"Feature","geometry":{"type":"Polygon","coordinates":[[[26.952083,60.510417],[26.95625,60.510417],[26.95625,60.514583],[26.952083,60.514583],[26.952083,60.510417]]]},"properties":{"radiance":7.54}},{"type":"Feature","geometry":{"type":"Polygon","coordinates":[[[26.810417,60.50625],[26.814583,60.50625],[26.814583,60.510417],[26.810417,60.510417],[26.810417,60.50625]]]},"properties":{"radiance":5.93}},{"type":"Feature","geometry":{"type":"Polygon","coordinates":[[[26.814583,60.50625],[26.81875,60.50625],[26.81875,60.510417],[26.814583,60.510417],[26.814583,60.50625]]]},"properties":{"radiance":5.94}},{"type":"Feature","geometry":{"type":"Polygon","coordinates":[[[26.81875,60.50625],[26.822917,60.50625],[26.822917,60.510417],[26.81875,60.510417],[26.81875,60.50625]]]},"properties":{"radiance":5.03}},{"type":"Feature","geometry":{"type":"Polygon","coordinates":[[[26.864583,60.50625],[26.86875,60.50625],[26.86875,60.510417],[26.864583,60.510417],[26.864583,60.50625]]]},"properties":{"radiance":7}},{"type":"Feature","geometry":{"type":"Polygon","coordinates":[[[26.86875,60.50625],[26.872917,60.50625],[26.872917,60.510417],[26.86875,60.510417],[26.86875,60.50625]]]},"properties":{"radiance":8.83}},{"type":"Feature","geometry":{"type":"Polygon","coordinates":[[[26.872917,60.50625],[26.877083,60.50625],[26.877083,60.510417],[26.872917,60.510417],[26.872917,60.50625]]]},"properties":{"radiance":6.62}},{"type":"Feature","geometry":{"type":"Polygon","coordinates":[[[26.877083,60.50625],[26.88125,60.50625],[26.88125,60.510417],[26.877083,60.510417],[26.877083,60.50625]]]},"properties":{"radiance":8.48}},{"type":"Feature","geometry":{"type":"Polygon","coordinates":[[[26.88125,60.50625],[26.885417,60.50625],[26.885417,60.510417],[26.88125,60.510417],[26.88125,60.50625]]]},"properties":{"radiance":14.8}},{"type":"Feature","geometry":{"type":"Polygon","coordinates":[[[26.885417,60.50625],[26.889583,60.50625],[26.889583,60.510417],[26.885417,60.510417],[26.885417,60.50625]]]},"properties":{"radiance":24.48}},{"type":"Feature","geometry":{"type":"Polygon","coordinates":[[[26.889583,60.50625],[26.89375,60.50625],[26.89375,60.510417],[26.889583,60.510417],[26.889583,60.50625]]]},"properties":{"radiance":21.9}},{"type":"Feature","geometry":{"type":"Polygon","coordinates":[[[26.89375,60.50625],[26.897917,60.50625],[26.897917,60.510417],[26.89375,60.510417],[26.89375,60.50625]]]},"properties":{"radiance":26.06}},{"type":"Feature","geometry":{"type":"Polygon","coordinates":[[[26.897917,60.50625],[26.902083,60.50625],[26.902083,60.510417],[26.897917,60.510417],[26.897917,60.50625]]]},"properties":{"radiance":27.56}},{"type":"Feature","geometry":{"type":"Polygon","coordinates":[[[26.902083,60.50625],[26.90625,60.50625],[26.90625,60.510417],[26.902083,60.510417],[26.902083,60.50625]]]},"properties":{"radiance":27.35}},{"type":"Feature","geometry":{"type":"Polygon","coordinates":[[[26.90625,60.50625],[26.910417,60.50625],[26.910417,60.510417],[26.90625,60.510417],[26.90625,60.50625]]]},"properties":{"radiance":38.13}},{"type":"Feature","geometry":{"type":"Polygon","coordinates":[[[26.910417,60.50625],[26.914583,60.50625],[26.914583,60.510417],[26.910417,60.510417],[26.910417,60.50625]]]},"properties":{"radiance":33.35}},{"type":"Feature","geometry":{"type":"Polygon","coordinates":[[[26.914583,60.50625],[26.91875,60.50625],[26.91875,60.510417],[26.914583,60.510417],[26.914583,60.50625]]]},"properties":{"radiance":86.49}},{"type":"Feature","geometry":{"type":"Polygon","coordinates":[[[26.91875,60.50625],[26.922917,60.50625],[26.922917,60.510417],[26.91875,60.510417],[26.91875,60.50625]]]},"properties":{"radiance":31.63}},{"type":"Feature","geometry":{"type":"Polygon","coordinates":[[[26.922917,60.50625],[26.927083,60.50625],[26.927083,60.510417],[26.922917,60.510417],[26.922917,60.50625]]]},"properties":{"radiance":25.26}},{"type":"Feature","geometry":{"type":"Polygon","coordinates":[[[26.927083,60.50625],[26.93125,60.50625],[26.93125,60.510417],[26.927083,60.510417],[26.927083,60.50625]]]},"properties":{"radiance":21.08}},{"type":"Feature","geometry":{"type":"Polygon","coordinates":[[[26.93125,60.50625],[26.935417,60.50625],[26.935417,60.510417],[26.93125,60.510417],[26.93125,60.50625]]]},"properties":{"radiance":21.97}},{"type":"Feature","geometry":{"type":"Polygon","coordinates":[[[26.935417,60.50625],[26.939583,60.50625],[26.939583,60.510417],[26.935417,60.510417],[26.935417,60.50625]]]},"properties":{"radiance":20.06}},{"type":"Feature","geometry":{"type":"Polygon","coordinates":[[[26.939583,60.50625],[26.94375,60.50625],[26.94375,60.510417],[26.939583,60.510417],[26.939583,60.50625]]]},"properties":{"radiance":15.84}},{"type":"Feature","geometry":{"type":"Polygon","coordinates":[[[26.94375,60.50625],[26.947917,60.50625],[26.947917,60.510417],[26.94375,60.510417],[26.94375,60.50625]]]},"properties":{"radiance":11.5}},{"type":"Feature","geometry":{"type":"Polygon","coordinates":[[[26.947917,60.50625],[26.952083,60.50625],[26.952083,60.510417],[26.947917,60.510417],[26.947917,60.50625]]]},"properties":{"radiance":6.48}},{"type":"Feature","geometry":{"type":"Polygon","coordinates":[[[26.852083,60.502083],[26.85625,60.502083],[26.85625,60.50625],[26.852083,60.50625],[26.852083,60.502083]]]},"properties":{"radiance":9.97}},{"type":"Feature","geometry":{"type":"Polygon","coordinates":[[[26.85625,60.502083],[26.860417,60.502083],[26.860417,60.50625],[26.85625,60.50625],[26.85625,60.502083]]]},"properties":{"radiance":10.33}},{"type":"Feature","geometry":{"type":"Polygon","coordinates":[[[26.860417,60.502083],[26.864583,60.502083],[26.864583,60.50625],[26.860417,60.50625],[26.860417,60.502083]]]},"properties":{"radiance":14.84}},{"type":"Feature","geometry":{"type":"Polygon","coordinates":[[[26.864583,60.502083],[26.86875,60.502083],[26.86875,60.50625],[26.864583,60.50625],[26.864583,60.502083]]]},"properties":{"radiance":16.97}},{"type":"Feature","geometry":{"type":"Polygon","coordinates":[[[26.86875,60.502083],[26.872917,60.502083],[26.872917,60.50625],[26.86875,60.50625],[26.86875,60.502083]]]},"properties":{"radiance":16.59}},{"type":"Feature","geometry":{"type":"Polygon","coordinates":[[[26.872917,60.502083],[26.877083,60.502083],[26.877083,60.50625],[26.872917,60.50625],[26.872917,60.502083]]]},"properties":{"radiance":13.25}},{"type":"Feature","geometry":{"type":"Polygon","coordinates":[[[26.877083,60.502083],[26.88125,60.502083],[26.88125,60.50625],[26.877083,60.50625],[26.877083,60.502083]]]},"properties":{"radiance":12.31}},{"type":"Feature","geometry":{"type":"Polygon","coordinates":[[[26.88125,60.502083],[26.885417,60.502083],[26.885417,60.50625],[26.88125,60.50625],[26.88125,60.502083]]]},"properties":{"radiance":24.45}},{"type":"Feature","geometry":{"type":"Polygon","coordinates":[[[26.885417,60.502083],[26.889583,60.502083],[26.889583,60.50625],[26.885417,60.50625],[26.885417,60.502083]]]},"properties":{"radiance":22.79}},{"type":"Feature","geometry":{"type":"Polygon","coordinates":[[[26.889583,60.502083],[26.89375,60.502083],[26.89375,60.50625],[26.889583,60.50625],[26.889583,60.502083]]]},"properties":{"radiance":32.87}},{"type":"Feature","geometry":{"type":"Polygon","coordinates":[[[26.89375,60.502083],[26.897917,60.502083],[26.897917,60.50625],[26.89375,60.50625],[26.89375,60.502083]]]},"properties":{"radiance":38.14}},{"type":"Feature","geometry":{"type":"Polygon","coordinates":[[[26.897917,60.502083],[26.902083,60.502083],[26.902083,60.50625],[26.897917,60.50625],[26.897917,60.502083]]]},"properties":{"radiance":34.81}},{"type":"Feature","geometry":{"type":"Polygon","coordinates":[[[26.902083,60.502083],[26.90625,60.502083],[26.90625,60.50625],[26.902083,60.50625],[26.902083,60.502083]]]},"properties":{"radiance":29.74}},{"type":"Feature","geometry":{"type":"Polygon","coordinates":[[[26.90625,60.502083],[26.910417,60.502083],[26.910417,60.50625],[26.90625,60.50625],[26.90625,60.502083]]]},"properties":{"radiance":19.88}},{"type":"Feature","geometry":{"type":"Polygon","coordinates":[[[26.910417,60.502083],[26.914583,60.502083],[26.914583,60.50625],[26.910417,60.50625],[26.910417,60.502083]]]},"properties":{"radiance":11.48}},{"type":"Feature","geometry":{"type":"Polygon","coordinates":[[[26.914583,60.502083],[26.91875,60.502083],[26.91875,60.50625],[26.914583,60.50625],[26.914583,60.502083]]]},"properties":{"radiance":16.39}},{"type":"Feature","geometry":{"type":"Polygon","coordinates":[[[26.91875,60.502083],[26.922917,60.502083],[26.922917,60.50625],[26.91875,60.50625],[26.91875,60.502083]]]},"properties":{"radiance":9.37}},{"type":"Feature","geometry":{"type":"Polygon","coordinates":[[[26.922917,60.502083],[26.927083,60.502083],[26.927083,60.50625],[26.922917,60.50625],[26.922917,60.502083]]]},"properties":{"radiance":8.62}},{"type":"Feature","geometry":{"type":"Polygon","coordinates":[[[26.927083,60.502083],[26.93125,60.502083],[26.93125,60.50625],[26.927083,60.50625],[26.927083,60.502083]]]},"properties":{"radiance":9.85}},{"type":"Feature","geometry":{"type":"Polygon","coordinates":[[[26.93125,60.502083],[26.935417,60.502083],[26.935417,60.50625],[26.93125,60.50625],[26.93125,60.502083]]]},"properties":{"radiance":14.16}},{"type":"Feature","geometry":{"type":"Polygon","coordinates":[[[26.935417,60.502083],[26.939583,60.502083],[26.939583,60.50625],[26.935417,60.50625],[26.935417,60.502083]]]},"properties":{"radiance":17.86}},{"type":"Feature","geometry":{"type":"Polygon","coordinates":[[[26.939583,60.502083],[26.94375,60.502083],[26.94375,60.50625],[26.939583,60.50625],[26.939583,60.502083]]]},"properties":{"radiance":17.07}},{"type":"Feature","geometry":{"type":"Polygon","coordinates":[[[26.94375,60.502083],[26.947917,60.502083],[26.947917,60.50625],[26.94375,60.50625],[26.94375,60.502083]]]},"properties":{"radiance":50.54}},{"type":"Feature","geometry":{"type":"Polygon","coordinates":[[[26.947917,60.502083],[26.952083,60.502083],[26.952083,60.50625],[26.947917,60.50625],[26.947917,60.502083]]]},"properties":{"radiance":11.88}},{"type":"Feature","geometry":{"type":"Polygon","coordinates":[[[26.952083,60.502083],[26.95625,60.502083],[26.95625,60.50625],[26.952083,60.50625],[26.952083,60.502083]]]},"properties":{"radiance":5.44}},{"type":"Feature","geometry":{"type":"Polygon","coordinates":[[[26.735417,60.497917],[26.739583,60.497917],[26.739583,60.502083],[26.735417,60.502083],[26.735417,60.497917]]]},"properties":{"radiance":5.97}},{"type":"Feature","geometry":{"type":"Polygon","coordinates":[[[26.739583,60.497917],[26.74375,60.497917],[26.74375,60.502083],[26.739583,60.502083],[26.739583,60.497917]]]},"properties":{"radiance":6.44}},{"type":"Feature","geometry":{"type":"Polygon","coordinates":[[[26.814583,60.497917],[26.81875,60.497917],[26.81875,60.502083],[26.814583,60.502083],[26.814583,60.497917]]]},"properties":{"radiance":7.56}},{"type":"Feature","geometry":{"type":"Polygon","coordinates":[[[26.81875,60.497917],[26.822917,60.497917],[26.822917,60.502083],[26.81875,60.502083],[26.81875,60.497917]]]},"properties":{"radiance":8.26}},{"type":"Feature","geometry":{"type":"Polygon","coordinates":[[[26.822917,60.497917],[26.827083,60.497917],[26.827083,60.502083],[26.822917,60.502083],[26.822917,60.497917]]]},"properties":{"radiance":8.41}},{"type":"Feature","geometry":{"type":"Polygon","coordinates":[[[26.827083,60.497917],[26.83125,60.497917],[26.83125,60.502083],[26.827083,60.502083],[26.827083,60.497917]]]},"properties":{"radiance":7.77}},{"type":"Feature","geometry":{"type":"Polygon","coordinates":[[[26.83125,60.497917],[26.835417,60.497917],[26.835417,60.502083],[26.83125,60.502083],[26.83125,60.497917]]]},"properties":{"radiance":7.12}},{"type":"Feature","geometry":{"type":"Polygon","coordinates":[[[26.835417,60.497917],[26.839583,60.497917],[26.839583,60.502083],[26.835417,60.502083],[26.835417,60.497917]]]},"properties":{"radiance":6.72}},{"type":"Feature","geometry":{"type":"Polygon","coordinates":[[[26.839583,60.497917],[26.84375,60.497917],[26.84375,60.502083],[26.839583,60.502083],[26.839583,60.497917]]]},"properties":{"radiance":7.87}},{"type":"Feature","geometry":{"type":"Polygon","coordinates":[[[26.84375,60.497917],[26.847917,60.497917],[26.847917,60.502083],[26.84375,60.502083],[26.84375,60.497917]]]},"properties":{"radiance":9.7}},{"type":"Feature","geometry":{"type":"Polygon","coordinates":[[[26.847917,60.497917],[26.852083,60.497917],[26.852083,60.502083],[26.847917,60.502083],[26.847917,60.497917]]]},"properties":{"radiance":9.55}},{"type":"Feature","geometry":{"type":"Polygon","coordinates":[[[26.852083,60.497917],[26.85625,60.497917],[26.85625,60.502083],[26.852083,60.502083],[26.852083,60.497917]]]},"properties":{"radiance":10.06}},{"type":"Feature","geometry":{"type":"Polygon","coordinates":[[[26.85625,60.497917],[26.860417,60.497917],[26.860417,60.502083],[26.85625,60.502083],[26.85625,60.497917]]]},"properties":{"radiance":11.44}},{"type":"Feature","geometry":{"type":"Polygon","coordinates":[[[26.860417,60.497917],[26.864583,60.497917],[26.864583,60.502083],[26.860417,60.502083],[26.860417,60.497917]]]},"properties":{"radiance":13.79}},{"type":"Feature","geometry":{"type":"Polygon","coordinates":[[[26.864583,60.497917],[26.86875,60.497917],[26.86875,60.502083],[26.864583,60.502083],[26.864583,60.497917]]]},"properties":{"radiance":16.87}},{"type":"Feature","geometry":{"type":"Polygon","coordinates":[[[26.86875,60.497917],[26.872917,60.497917],[26.872917,60.502083],[26.86875,60.502083],[26.86875,60.497917]]]},"properties":{"radiance":17.66}},{"type":"Feature","geometry":{"type":"Polygon","coordinates":[[[26.872917,60.497917],[26.877083,60.497917],[26.877083,60.502083],[26.872917,60.502083],[26.872917,60.497917]]]},"properties":{"radiance":12.25}},{"type":"Feature","geometry":{"type":"Polygon","coordinates":[[[26.877083,60.497917],[26.88125,60.497917],[26.88125,60.502083],[26.877083,60.502083],[26.877083,60.497917]]]},"properties":{"radiance":6.27}},{"type":"Feature","geometry":{"type":"Polygon","coordinates":[[[26.88125,60.497917],[26.885417,60.497917],[26.885417,60.502083],[26.88125,60.502083],[26.88125,60.497917]]]},"properties":{"radiance":6.58}},{"type":"Feature","geometry":{"type":"Polygon","coordinates":[[[26.885417,60.497917],[26.889583,60.497917],[26.889583,60.502083],[26.885417,60.502083],[26.885417,60.497917]]]},"properties":{"radiance":12.83}},{"type":"Feature","geometry":{"type":"Polygon","coordinates":[[[26.889583,60.497917],[26.89375,60.497917],[26.89375,60.502083],[26.889583,60.502083],[26.889583,60.497917]]]},"properties":{"radiance":22.01}},{"type":"Feature","geometry":{"type":"Polygon","coordinates":[[[26.89375,60.497917],[26.897917,60.497917],[26.897917,60.502083],[26.89375,60.502083],[26.89375,60.497917]]]},"properties":{"radiance":27.52}},{"type":"Feature","geometry":{"type":"Polygon","coordinates":[[[26.897917,60.497917],[26.902083,60.497917],[26.902083,60.502083],[26.897917,60.502083],[26.897917,60.497917]]]},"properties":{"radiance":25.18}},{"type":"Feature","geometry":{"type":"Polygon","coordinates":[[[26.902083,60.497917],[26.90625,60.497917],[26.90625,60.502083],[26.902083,60.502083],[26.902083,60.497917]]]},"properties":{"radiance":19.36}},{"type":"Feature","geometry":{"type":"Polygon","coordinates":[[[26.90625,60.497917],[26.910417,60.497917],[26.910417,60.502083],[26.90625,60.502083],[26.90625,60.497917]]]},"properties":{"radiance":8.84}},{"type":"Feature","geometry":{"type":"Polygon","coordinates":[[[26.910417,60.497917],[26.914583,60.497917],[26.914583,60.502083],[26.910417,60.502083],[26.910417,60.497917]]]},"properties":{"radiance":7.37}},{"type":"Feature","geometry":{"type":"Polygon","coordinates":[[[26.93125,60.497917],[26.935417,60.497917],[26.935417,60.502083],[26.93125,60.502083],[26.93125,60.497917]]]},"properties":{"radiance":5.03}},{"type":"Feature","geometry":{"type":"Polygon","coordinates":[[[26.935417,60.497917],[26.939583,60.497917],[26.939583,60.502083],[26.935417,60.502083],[26.935417,60.497917]]]},"properties":{"radiance":20.14}},{"type":"Feature","geometry":{"type":"Polygon","coordinates":[[[26.939583,60.497917],[26.94375,60.497917],[26.94375,60.502083],[26.939583,60.502083],[26.939583,60.497917]]]},"properties":{"radiance":23.09}},{"type":"Feature","geometry":{"type":"Polygon","coordinates":[[[26.94375,60.497917],[26.947917,60.497917],[26.947917,60.502083],[26.94375,60.502083],[26.94375,60.497917]]]},"properties":{"radiance":61.21}},{"type":"Feature","geometry":{"type":"Polygon","coordinates":[[[26.947917,60.497917],[26.952083,60.497917],[26.952083,60.502083],[26.947917,60.502083],[26.947917,60.497917]]]},"properties":{"radiance":27.94}},{"type":"Feature","geometry":{"type":"Polygon","coordinates":[[[26.952083,60.497917],[26.95625,60.497917],[26.95625,60.502083],[26.952083,60.502083],[26.952083,60.497917]]]},"properties":{"radiance":17.02}},{"type":"Feature","geometry":{"type":"Polygon","coordinates":[[[26.95625,60.497917],[26.960417,60.497917],[26.960417,60.502083],[26.95625,60.502083],[26.95625,60.497917]]]},"properties":{"radiance":8.93}},{"type":"Feature","geometry":{"type":"Polygon","coordinates":[[[26.73125,60.49375],[26.735417,60.49375],[26.735417,60.497917],[26.73125,60.497917],[26.73125,60.49375]]]},"properties":{"radiance":7.37}},{"type":"Feature","geometry":{"type":"Polygon","coordinates":[[[26.735417,60.49375],[26.739583,60.49375],[26.739583,60.497917],[26.735417,60.497917],[26.735417,60.49375]]]},"properties":{"radiance":8.43}},{"type":"Feature","geometry":{"type":"Polygon","coordinates":[[[26.739583,60.49375],[26.74375,60.49375],[26.74375,60.497917],[26.739583,60.497917],[26.739583,60.49375]]]},"properties":{"radiance":8.08}},{"type":"Feature","geometry":{"type":"Polygon","coordinates":[[[26.74375,60.49375],[26.747917,60.49375],[26.747917,60.497917],[26.74375,60.497917],[26.74375,60.49375]]]},"properties":{"radiance":6.04}},{"type":"Feature","geometry":{"type":"Polygon","coordinates":[[[26.814583,60.49375],[26.81875,60.49375],[26.81875,60.497917],[26.814583,60.497917],[26.814583,60.49375]]]},"properties":{"radiance":7.22}},{"type":"Feature","geometry":{"type":"Polygon","coordinates":[[[26.81875,60.49375],[26.822917,60.49375],[26.822917,60.497917],[26.81875,60.497917],[26.81875,60.49375]]]},"properties":{"radiance":9.17}},{"type":"Feature","geometry":{"type":"Polygon","coordinates":[[[26.822917,60.49375],[26.827083,60.49375],[26.827083,60.497917],[26.822917,60.497917],[26.822917,60.49375]]]},"properties":{"radiance":8.41}},{"type":"Feature","geometry":{"type":"Polygon","coordinates":[[[26.827083,60.49375],[26.83125,60.49375],[26.83125,60.497917],[26.827083,60.497917],[26.827083,60.49375]]]},"properties":{"radiance":5.97}},{"type":"Feature","geometry":{"type":"Polygon","coordinates":[[[26.839583,60.49375],[26.84375,60.49375],[26.84375,60.497917],[26.839583,60.497917],[26.839583,60.49375]]]},"properties":{"radiance":6.67}},{"type":"Feature","geometry":{"type":"Polygon","coordinates":[[[26.84375,60.49375],[26.847917,60.49375],[26.847917,60.497917],[26.84375,60.497917],[26.84375,60.49375]]]},"properties":{"radiance":7.93}},{"type":"Feature","geometry":{"type":"Polygon","coordinates":[[[26.847917,60.49375],[26.852083,60.49375],[26.852083,60.497917],[26.847917,60.497917],[26.847917,60.49375]]]},"properties":{"radiance":9.53}},{"type":"Feature","geometry":{"type":"Polygon","coordinates":[[[26.852083,60.49375],[26.85625,60.49375],[26.85625,60.497917],[26.852083,60.497917],[26.852083,60.49375]]]},"properties":{"radiance":8.8}},{"type":"Feature","geometry":{"type":"Polygon","coordinates":[[[26.85625,60.49375],[26.860417,60.49375],[26.860417,60.497917],[26.85625,60.497917],[26.85625,60.49375]]]},"properties":{"radiance":7.28}},{"type":"Feature","geometry":{"type":"Polygon","coordinates":[[[26.860417,60.49375],[26.864583,60.49375],[26.864583,60.497917],[26.860417,60.497917],[26.860417,60.49375]]]},"properties":{"radiance":7.26}},{"type":"Feature","geometry":{"type":"Polygon","coordinates":[[[26.864583,60.49375],[26.86875,60.49375],[26.86875,60.497917],[26.864583,60.497917],[26.864583,60.49375]]]},"properties":{"radiance":7.29}},{"type":"Feature","geometry":{"type":"Polygon","coordinates":[[[26.86875,60.49375],[26.872917,60.49375],[26.872917,60.497917],[26.86875,60.497917],[26.86875,60.49375]]]},"properties":{"radiance":5.72}},{"type":"Feature","geometry":{"type":"Polygon","coordinates":[[[26.877083,60.49375],[26.88125,60.49375],[26.88125,60.497917],[26.877083,60.497917],[26.877083,60.49375]]]},"properties":{"radiance":5.21}},{"type":"Feature","geometry":{"type":"Polygon","coordinates":[[[26.88125,60.49375],[26.885417,60.49375],[26.885417,60.497917],[26.88125,60.497917],[26.88125,60.49375]]]},"properties":{"radiance":5}},{"type":"Feature","geometry":{"type":"Polygon","coordinates":[[[26.885417,60.49375],[26.889583,60.49375],[26.889583,60.497917],[26.885417,60.497917],[26.885417,60.49375]]]},"properties":{"radiance":8.1}},{"type":"Feature","geometry":{"type":"Polygon","coordinates":[[[26.889583,60.49375],[26.89375,60.49375],[26.89375,60.497917],[26.889583,60.497917],[26.889583,60.49375]]]},"properties":{"radiance":18.08}},{"type":"Feature","geometry":{"type":"Polygon","coordinates":[[[26.89375,60.49375],[26.897917,60.49375],[26.897917,60.497917],[26.89375,60.497917],[26.89375,60.49375]]]},"properties":{"radiance":22.61}},{"type":"Feature","geometry":{"type":"Polygon","coordinates":[[[26.897917,60.49375],[26.902083,60.49375],[26.902083,60.497917],[26.897917,60.497917],[26.897917,60.49375]]]},"properties":{"radiance":24.15}},{"type":"Feature","geometry":{"type":"Polygon","coordinates":[[[26.902083,60.49375],[26.90625,60.49375],[26.90625,60.497917],[26.902083,60.497917],[26.902083,60.49375]]]},"properties":{"radiance":25.53}},{"type":"Feature","geometry":{"type":"Polygon","coordinates":[[[26.90625,60.49375],[26.910417,60.49375],[26.910417,60.497917],[26.90625,60.497917],[26.90625,60.49375]]]},"properties":{"radiance":76.11}},{"type":"Feature","geometry":{"type":"Polygon","coordinates":[[[26.910417,60.49375],[26.914583,60.49375],[26.914583,60.497917],[26.910417,60.497917],[26.910417,60.49375]]]},"properties":{"radiance":62.42}},{"type":"Feature","geometry":{"type":"Polygon","coordinates":[[[26.914583,60.49375],[26.91875,60.49375],[26.91875,60.497917],[26.914583,60.497917],[26.914583,60.49375]]]},"properties":{"radiance":12.88}},{"type":"Feature","geometry":{"type":"Polygon","coordinates":[[[26.91875,60.49375],[26.922917,60.49375],[26.922917,60.497917],[26.91875,60.497917],[26.91875,60.49375]]]},"properties":{"radiance":9.41}},{"type":"Feature","geometry":{"type":"Polygon","coordinates":[[[26.922917,60.49375],[26.927083,60.49375],[26.927083,60.497917],[26.922917,60.497917],[26.922917,60.49375]]]},"properties":{"radiance":5.36}},{"type":"Feature","geometry":{"type":"Polygon","coordinates":[[[26.927083,60.49375],[26.93125,60.49375],[26.93125,60.497917],[26.927083,60.497917],[26.927083,60.49375]]]},"properties":{"radiance":6.36}},{"type":"Feature","geometry":{"type":"Polygon","coordinates":[[[26.93125,60.49375],[26.935417,60.49375],[26.935417,60.497917],[26.93125,60.497917],[26.93125,60.49375]]]},"properties":{"radiance":55.93}},{"type":"Feature","geometry":{"type":"Polygon","coordinates":[[[26.939583,60.49375],[26.94375,60.49375],[26.94375,60.497917],[26.939583,60.497917],[26.939583,60.49375]]]},"properties":{"radiance":53.7}},{"type":"Feature","geometry":{"type":"Polygon","coordinates":[[[26.94375,60.49375],[26.947917,60.49375],[26.947917,60.497917],[26.94375,60.497917],[26.94375,60.49375]]]},"properties":{"radiance":76.57}},{"type":"Feature","geometry":{"type":"Polygon","coordinates":[[[26.947917,60.49375],[26.952083,60.49375],[26.952083,60.497917],[26.947917,60.497917],[26.947917,60.49375]]]},"properties":{"radiance":74.7}},{"type":"Feature","geometry":{"type":"Polygon","coordinates":[[[26.952083,60.49375],[26.95625,60.49375],[26.95625,60.497917],[26.952083,60.497917],[26.952083,60.49375]]]},"properties":{"radiance":162.36}},{"type":"Feature","geometry":{"type":"Polygon","coordinates":[[[26.95625,60.49375],[26.960417,60.49375],[26.960417,60.497917],[26.95625,60.497917],[26.95625,60.49375]]]},"properties":{"radiance":39.16}},{"type":"Feature","geometry":{"type":"Polygon","coordinates":[[[26.84375,60.489583],[26.847917,60.489583],[26.847917,60.49375],[26.84375,60.49375],[26.84375,60.489583]]]},"properties":{"radiance":6.05}},{"type":"Feature","geometry":{"type":"Polygon","coordinates":[[[26.847917,60.489583],[26.852083,60.489583],[26.852083,60.49375],[26.847917,60.49375],[26.847917,60.489583]]]},"properties":{"radiance":7.68}},{"type":"Feature","geometry":{"type":"Polygon","coordinates":[[[26.852083,60.489583],[26.85625,60.489583],[26.85625,60.49375],[26.852083,60.49375],[26.852083,60.489583]]]},"properties":{"radiance":8.85}},{"type":"Feature","geometry":{"type":"Polygon","coordinates":[[[26.85625,60.489583],[26.860417,60.489583],[26.860417,60.49375],[26.85625,60.49375],[26.85625,60.489583]]]},"properties":{"radiance":7.3}},{"type":"Feature","geometry":{"type":"Polygon","coordinates":[[[26.860417,60.489583],[26.864583,60.489583],[26.864583,60.49375],[26.860417,60.49375],[26.860417,60.489583]]]},"properties":{"radiance":6.55}},{"type":"Feature","geometry":{"type":"Polygon","coordinates":[[[26.864583,60.489583],[26.86875,60.489583],[26.86875,60.49375],[26.864583,60.49375],[26.864583,60.489583]]]},"properties":{"radiance":6.13}},{"type":"Feature","geometry":{"type":"Polygon","coordinates":[[[26.86875,60.489583],[26.872917,60.489583],[26.872917,60.49375],[26.86875,60.49375],[26.86875,60.489583]]]},"properties":{"radiance":5.03}},{"type":"Feature","geometry":{"type":"Polygon","coordinates":[[[26.885417,60.489583],[26.889583,60.489583],[26.889583,60.49375],[26.885417,60.49375],[26.885417,60.489583]]]},"properties":{"radiance":5.62}},{"type":"Feature","geometry":{"type":"Polygon","coordinates":[[[26.889583,60.489583],[26.89375,60.489583],[26.89375,60.49375],[26.889583,60.49375],[26.889583,60.489583]]]},"properties":{"radiance":8.38}},{"type":"Feature","geometry":{"type":"Polygon","coordinates":[[[26.89375,60.489583],[26.897917,60.489583],[26.897917,60.49375],[26.89375,60.49375],[26.89375,60.489583]]]},"properties":{"radiance":17.56}},{"type":"Feature","geometry":{"type":"Polygon","coordinates":[[[26.897917,60.489583],[26.902083,60.489583],[26.902083,60.49375],[26.897917,60.49375],[26.897917,60.489583]]]},"properties":{"radiance":24.09}},{"type":"Feature","geometry":{"type":"Polygon","coordinates":[[[26.902083,60.489583],[26.90625,60.489583],[26.90625,60.49375],[26.902083,60.49375],[26.902083,60.489583]]]},"properties":{"radiance":31.04}},{"type":"Feature","geometry":{"type":"Polygon","coordinates":[[[26.90625,60.489583],[26.910417,60.489583],[26.910417,60.49375],[26.90625,60.49375],[26.90625,60.489583]]]},"properties":{"radiance":43.58}},{"type":"Feature","geometry":{"type":"Polygon","coordinates":[[[26.910417,60.489583],[26.914583,60.489583],[26.914583,60.49375],[26.910417,60.49375],[26.910417,60.489583]]]},"properties":{"radiance":67.36}},{"type":"Feature","geometry":{"type":"Polygon","coordinates":[[[26.914583,60.489583],[26.91875,60.489583],[26.91875,60.49375],[26.914583,60.49375],[26.914583,60.489583]]]},"properties":{"radiance":41.68}},{"type":"Feature","geometry":{"type":"Polygon","coordinates":[[[26.91875,60.489583],[26.922917,60.489583],[26.922917,60.49375],[26.91875,60.49375],[26.91875,60.489583]]]},"properties":{"radiance":35.21}},{"type":"Feature","geometry":{"type":"Polygon","coordinates":[[[26.93125,60.489583],[26.935417,60.489583],[26.935417,60.49375],[26.93125,60.49375],[26.93125,60.489583]]]},"properties":{"radiance":70.19}},{"type":"Feature","geometry":{"type":"Polygon","coordinates":[[[26.935417,60.489583],[26.939583,60.489583],[26.939583,60.49375],[26.935417,60.49375],[26.935417,60.489583]]]},"properties":{"radiance":66.84}},{"type":"Feature","geometry":{"type":"Polygon","coordinates":[[[26.939583,60.489583],[26.94375,60.489583],[26.94375,60.49375],[26.939583,60.49375],[26.939583,60.489583]]]},"properties":{"radiance":76.48}},{"type":"Feature","geometry":{"type":"Polygon","coordinates":[[[26.94375,60.489583],[26.947917,60.489583],[26.947917,60.49375],[26.94375,60.49375],[26.94375,60.489583]]]},"properties":{"radiance":74.68}},{"type":"Feature","geometry":{"type":"Polygon","coordinates":[[[26.947917,60.489583],[26.952083,60.489583],[26.952083,60.49375],[26.947917,60.49375],[26.947917,60.489583]]]},"properties":{"radiance":81.35}},{"type":"Feature","geometry":{"type":"Polygon","coordinates":[[[26.952083,60.489583],[26.95625,60.489583],[26.95625,60.49375],[26.952083,60.49375],[26.952083,60.489583]]]},"properties":{"radiance":185.72}},{"type":"Feature","geometry":{"type":"Polygon","coordinates":[[[26.95625,60.489583],[26.960417,60.489583],[26.960417,60.49375],[26.95625,60.49375],[26.95625,60.489583]]]},"properties":{"radiance":40.18}},{"type":"Feature","geometry":{"type":"Polygon","coordinates":[[[26.960417,60.489583],[26.964583,60.489583],[26.964583,60.49375],[26.960417,60.49375],[26.960417,60.489583]]]},"properties":{"radiance":9.82}},{"type":"Feature","geometry":{"type":"Polygon","coordinates":[[[26.964583,60.489583],[26.96875,60.489583],[26.96875,60.49375],[26.964583,60.49375],[26.964583,60.489583]]]},"properties":{"radiance":7.35}},{"type":"Feature","geometry":{"type":"Polygon","coordinates":[[[26.96875,60.489583],[26.972917,60.489583],[26.972917,60.49375],[26.96875,60.49375],[26.96875,60.489583]]]},"properties":{"radiance":5.91}},{"type":"Feature","geometry":{"type":"Polygon","coordinates":[[[26.84375,60.485417],[26.847917,60.485417],[26.847917,60.489583],[26.84375,60.489583],[26.84375,60.485417]]]},"properties":{"radiance":6.31}},{"type":"Feature","geometry":{"type":"Polygon","coordinates":[[[26.847917,60.485417],[26.852083,60.485417],[26.852083,60.489583],[26.847917,60.489583],[26.847917,60.485417]]]},"properties":{"radiance":9.13}},{"type":"Feature","geometry":{"type":"Polygon","coordinates":[[[26.852083,60.485417],[26.85625,60.485417],[26.85625,60.489583],[26.852083,60.489583],[26.852083,60.485417]]]},"properties":{"radiance":10.31}},{"type":"Feature","geometry":{"type":"Polygon","coordinates":[[[26.85625,60.485417],[26.860417,60.485417],[26.860417,60.489583],[26.85625,60.489583],[26.85625,60.485417]]]},"properties":{"radiance":9.7}},{"type":"Feature","geometry":{"type":"Polygon","coordinates":[[[26.860417,60.485417],[26.864583,60.485417],[26.864583,60.489583],[26.860417,60.489583],[26.860417,60.485417]]]},"properties":{"radiance":7.85}},{"type":"Feature","geometry":{"type":"Polygon","coordinates":[[[26.89375,60.485417],[26.897917,60.485417],[26.897917,60.489583],[26.89375,60.489583],[26.89375,60.485417]]]},"properties":{"radiance":9.14}},{"type":"Feature","geometry":{"type":"Polygon","coordinates":[[[26.897917,60.485417],[26.902083,60.485417],[26.902083,60.489583],[26.897917,60.489583],[26.897917,60.485417]]]},"properties":{"radiance":15.53}},{"type":"Feature","geometry":{"type":"Polygon","coordinates":[[[26.902083,60.485417],[26.90625,60.485417],[26.90625,60.489583],[26.902083,60.489583],[26.902083,60.485417]]]},"properties":{"radiance":26.55}},{"type":"Feature","geometry":{"type":"Polygon","coordinates":[[[26.90625,60.485417],[26.910417,60.485417],[26.910417,60.489583],[26.90625,60.489583],[26.90625,60.485417]]]},"properties":{"radiance":48.08}},{"type":"Feature","geometry":{"type":"Polygon","coordinates":[[[26.910417,60.485417],[26.914583,60.485417],[26.914583,60.489583],[26.910417,60.489583],[26.910417,60.485417]]]},"properties":{"radiance":38.23}},{"type":"Feature","geometry":{"type":"Polygon","coordinates":[[[26.914583,60.485417],[26.91875,60.485417],[26.91875,60.489583],[26.914583,60.489583],[26.914583,60.485417]]]},"properties":{"radiance":32.75}},{"type":"Feature","geometry":{"type":"Polygon","coordinates":[[[26.91875,60.485417],[26.922917,60.485417],[26.922917,60.489583],[26.91875,60.489583],[26.91875,60.485417]]]},"properties":{"radiance":43.87}},{"type":"Feature","geometry":{"type":"Polygon","coordinates":[[[26.922917,60.485417],[26.927083,60.485417],[26.927083,60.489583],[26.922917,60.489583],[26.922917,60.485417]]]},"properties":{"radiance":32.45}},{"type":"Feature","geometry":{"type":"Polygon","coordinates":[[[26.927083,60.485417],[26.93125,60.485417],[26.93125,60.489583],[26.927083,60.489583],[26.927083,60.485417]]]},"properties":{"radiance":64.46}},{"type":"Feature","geometry":{"type":"Polygon","coordinates":[[[26.93125,60.485417],[26.935417,60.485417],[26.935417,60.489583],[26.93125,60.489583],[26.93125,60.485417]]]},"properties":{"radiance":65.48}},{"type":"Feature","geometry":{"type":"Polygon","coordinates":[[[26.935417,60.485417],[26.939583,60.485417],[26.939583,60.489583],[26.935417,60.489583],[26.935417,60.485417]]]},"properties":{"radiance":89.67}},{"type":"Feature","geometry":{"type":"Polygon","coordinates":[[[26.939583,60.485417],[26.94375,60.485417],[26.94375,60.489583],[26.939583,60.489583],[26.939583,60.485417]]]},"properties":{"radiance":90.67}},{"type":"Feature","geometry":{"type":"Polygon","coordinates":[[[26.94375,60.485417],[26.947917,60.485417],[26.947917,60.489583],[26.94375,60.489583],[26.94375,60.485417]]]},"properties":{"radiance":80.86}},{"type":"Feature","geometry":{"type":"Polygon","coordinates":[[[26.947917,60.485417],[26.952083,60.485417],[26.952083,60.489583],[26.947917,60.489583],[26.947917,60.485417]]]},"properties":{"radiance":70.33}},{"type":"Feature","geometry":{"type":"Polygon","coordinates":[[[26.952083,60.485417],[26.95625,60.485417],[26.95625,60.489583],[26.952083,60.489583],[26.952083,60.485417]]]},"properties":{"radiance":39.82}},{"type":"Feature","geometry":{"type":"Polygon","coordinates":[[[26.95625,60.485417],[26.960417,60.485417],[26.960417,60.489583],[26.95625,60.489583],[26.95625,60.485417]]]},"properties":{"radiance":14.13}},{"type":"Feature","geometry":{"type":"Polygon","coordinates":[[[26.960417,60.485417],[26.964583,60.485417],[26.964583,60.489583],[26.960417,60.489583],[26.960417,60.485417]]]},"properties":{"radiance":13.55}},{"type":"Feature","geometry":{"type":"Polygon","coordinates":[[[26.964583,60.485417],[26.96875,60.485417],[26.96875,60.489583],[26.964583,60.489583],[26.964583,60.485417]]]},"properties":{"radiance":14.89}},{"type":"Feature","geometry":{"type":"Polygon","coordinates":[[[26.977083,60.485417],[26.98125,60.485417],[26.98125,60.489583],[26.977083,60.489583],[26.977083,60.485417]]]},"properties":{"radiance":7.44}},{"type":"Feature","geometry":{"type":"Polygon","coordinates":[[[26.89375,60.48125],[26.897917,60.48125],[26.897917,60.485417],[26.89375,60.485417],[26.89375,60.48125]]]},"properties":{"radiance":5.69}},{"type":"Feature","geometry":{"type":"Polygon","coordinates":[[[26.897917,60.48125],[26.902083,60.48125],[26.902083,60.485417],[26.897917,60.485417],[26.897917,60.48125]]]},"properties":{"radiance":12.19}},{"type":"Feature","geometry":{"type":"Polygon","coordinates":[[[26.902083,60.48125],[26.90625,60.48125],[26.90625,60.485417],[26.902083,60.485417],[26.902083,60.48125]]]},"properties":{"radiance":13.9}},{"type":"Feature","geometry":{"type":"Polygon","coordinates":[[[26.90625,60.48125],[26.910417,60.48125],[26.910417,60.485417],[26.90625,60.485417],[26.90625,60.48125]]]},"properties":{"radiance":23.83}},{"type":"Feature","geometry":{"type":"Polygon","coordinates":[[[26.910417,60.48125],[26.914583,60.48125],[26.914583,60.485417],[26.910417,60.485417],[26.910417,60.48125]]]},"properties":{"radiance":33.82}},{"type":"Feature","geometry":{"type":"Polygon","coordinates":[[[26.914583,60.48125],[26.91875,60.48125],[26.91875,60.485417],[26.914583,60.485417],[26.914583,60.48125]]]},"properties":{"radiance":29.64}},{"type":"Feature","geometry":{"type":"Polygon","coordinates":[[[26.91875,60.48125],[26.922917,60.48125],[26.922917,60.485417],[26.91875,60.485417],[26.91875,60.48125]]]},"properties":{"radiance":33.23}},{"type":"Feature","geometry":{"type":"Polygon","coordinates":[[[26.922917,60.48125],[26.927083,60.48125],[26.927083,60.485417],[26.922917,60.485417],[26.922917,60.48125]]]},"properties":{"radiance":34.68}},{"type":"Feature","geometry":{"type":"Polygon","coordinates":[[[26.927083,60.48125],[26.93125,60.48125],[26.93125,60.485417],[26.927083,60.485417],[26.927083,60.48125]]]},"properties":{"radiance":32.79}},{"type":"Feature","geometry":{"type":"Polygon","coordinates":[[[26.93125,60.48125],[26.935417,60.48125],[26.935417,60.485417],[26.93125,60.485417],[26.93125,60.48125]]]},"properties":{"radiance":47.69}},{"type":"Feature","geometry":{"type":"Polygon","coordinates":[[[26.935417,60.48125],[26.939583,60.48125],[26.939583,60.485417],[26.935417,60.485417],[26.935417,60.48125]]]},"properties":{"radiance":75.2}},{"type":"Feature","geometry":{"type":"Polygon","coordinates":[[[26.939583,60.48125],[26.94375,60.48125],[26.94375,60.485417],[26.939583,60.485417],[26.939583,60.48125]]]},"properties":{"radiance":171.2}},{"type":"Feature","geometry":{"type":"Polygon","coordinates":[[[26.94375,60.48125],[26.947917,60.48125],[26.947917,60.485417],[26.94375,60.485417],[26.94375,60.48125]]]},"properties":{"radiance":104.04}},{"type":"Feature","geometry":{"type":"Polygon","coordinates":[[[26.947917,60.48125],[26.952083,60.48125],[26.952083,60.485417],[26.947917,60.485417],[26.947917,60.48125]]]},"properties":{"radiance":95.85}},{"type":"Feature","geometry":{"type":"Polygon","coordinates":[[[26.964583,60.48125],[26.96875,60.48125],[26.96875,60.485417],[26.964583,60.485417],[26.964583,60.48125]]]},"properties":{"radiance":12.23}},{"type":"Feature","geometry":{"type":"Polygon","coordinates":[[[26.96875,60.48125],[26.972917,60.48125],[26.972917,60.485417],[26.96875,60.485417],[26.96875,60.48125]]]},"properties":{"radiance":13.25}},{"type":"Feature","geometry":{"type":"Polygon","coordinates":[[[26.972917,60.48125],[26.977083,60.48125],[26.977083,60.485417],[26.972917,60.485417],[26.972917,60.48125]]]},"properties":{"radiance":13.55}},{"type":"Feature","geometry":{"type":"Polygon","coordinates":[[[26.977083,60.48125],[26.98125,60.48125],[26.98125,60.485417],[26.977083,60.485417],[26.977083,60.48125]]]},"properties":{"radiance":10.51}},{"type":"Feature","geometry":{"type":"Polygon","coordinates":[[[26.864583,60.477083],[26.86875,60.477083],[26.86875,60.48125],[26.864583,60.48125],[26.864583,60.477083]]]},"properties":{"radiance":5.09}},{"type":"Feature","geometry":{"type":"Polygon","coordinates":[[[26.897917,60.477083],[26.902083,60.477083],[26.902083,60.48125],[26.897917,60.48125],[26.897917,60.477083]]]},"properties":{"radiance":8.61}},{"type":"Feature","geometry":{"type":"Polygon","coordinates":[[[26.902083,60.477083],[26.90625,60.477083],[26.90625,60.48125],[26.902083,60.48125],[26.902083,60.477083]]]},"properties":{"radiance":56.16}},{"type":"Feature","geometry":{"type":"Polygon","coordinates":[[[26.90625,60.477083],[26.910417,60.477083],[26.910417,60.48125],[26.90625,60.48125],[26.90625,60.477083]]]},"properties":{"radiance":24.65}},{"type":"Feature","geometry":{"type":"Polygon","coordinates":[[[26.910417,60.477083],[26.914583,60.477083],[26.914583,60.48125],[26.910417,60.48125],[26.910417,60.477083]]]},"properties":{"radiance":31.9}},{"type":"Feature","geometry":{"type":"Polygon","coordinates":[[[26.914583,60.477083],[26.91875,60.477083],[26.91875,60.48125],[26.914583,60.48125],[26.914583,60.477083]]]},"properties":{"radiance":32.42}},{"type":"Feature","geometry":{"type":"Polygon","coordinates":[[[26.91875,60.477083],[26.922917,60.477083],[26.922917,60.48125],[26.91875,60.48125],[26.91875,60.477083]]]},"properties":{"radiance":36.51}},{"type":"Feature","geometry":{"type":"Polygon","coordinates":[[[26.922917,60.477083],[26.927083,60.477083],[26.927083,60.48125],[26.922917,60.48125],[26.922917,60.477083]]]},"properties":{"radiance":32.15}},{"type":"Feature","geometry":{"type":"Polygon","coordinates":[[[26.927083,60.477083],[26.93125,60.477083],[26.93125,60.48125],[26.927083,60.48125],[26.927083,60.477083]]]},"properties":{"radiance":45.46}},{"type":"Feature","geometry":{"type":"Polygon","coordinates":[[[26.93125,60.477083],[26.935417,60.477083],[26.935417,60.48125],[26.93125,60.48125],[26.93125,60.477083]]]},"properties":{"radiance":54.11}},{"type":"Feature","geometry":{"type":"Polygon","coordinates":[[[26.935417,60.477083],[26.939583,60.477083],[26.939583,60.48125],[26.935417,60.48125],[26.935417,60.477083]]]},"properties":{"radiance":50.52}},{"type":"Feature","geometry":{"type":"Polygon","coordinates":[[[26.939583,60.477083],[26.94375,60.477083],[26.94375,60.48125],[26.939583,60.48125],[26.939583,60.477083]]]},"properties":{"radiance":79.95}},{"type":"Feature","geometry":{"type":"Polygon","coordinates":[[[26.94375,60.477083],[26.947917,60.477083],[26.947917,60.48125],[26.94375,60.48125],[26.94375,60.477083]]]},"properties":{"radiance":84.47}},{"type":"Feature","geometry":{"type":"Polygon","coordinates":[[[26.947917,60.477083],[26.952083,60.477083],[26.952083,60.48125],[26.947917,60.48125],[26.947917,60.477083]]]},"properties":{"radiance":74.49}},{"type":"Feature","geometry":{"type":"Polygon","coordinates":[[[26.964583,60.477083],[26.96875,60.477083],[26.96875,60.48125],[26.964583,60.48125],[26.964583,60.477083]]]},"properties":{"radiance":6.51}},{"type":"Feature","geometry":{"type":"Polygon","coordinates":[[[26.96875,60.477083],[26.972917,60.477083],[26.972917,60.48125],[26.96875,60.48125],[26.96875,60.477083]]]},"properties":{"radiance":6.14}},{"type":"Feature","geometry":{"type":"Polygon","coordinates":[[[26.972917,60.477083],[26.977083,60.477083],[26.977083,60.48125],[26.972917,60.48125],[26.972917,60.477083]]]},"properties":{"radiance":5.16}},{"type":"Feature","geometry":{"type":"Polygon","coordinates":[[[26.897917,60.472917],[26.902083,60.472917],[26.902083,60.477083],[26.897917,60.477083],[26.897917,60.472917]]]},"properties":{"radiance":17.95}},{"type":"Feature","geometry":{"type":"Polygon","coordinates":[[[26.902083,60.472917],[26.90625,60.472917],[26.90625,60.477083],[26.902083,60.477083],[26.902083,60.472917]]]},"properties":{"radiance":28.79}},{"type":"Feature","geometry":{"type":"Polygon","coordinates":[[[26.90625,60.472917],[26.910417,60.472917],[26.910417,60.477083],[26.90625,60.477083],[26.90625,60.472917]]]},"properties":{"radiance":34.95}},{"type":"Feature","geometry":{"type":"Polygon","coordinates":[[[26.910417,60.472917],[26.914583,60.472917],[26.914583,60.477083],[26.910417,60.477083],[26.910417,60.472917]]]},"properties":{"radiance":37.87}},{"type":"Feature","geometry":{"type":"Polygon","coordinates":[[[26.914583,60.472917],[26.91875,60.472917],[26.91875,60.477083],[26.914583,60.477083],[26.914583,60.472917]]]},"properties":{"radiance":30.63}},{"type":"Feature","geometry":{"type":"Polygon","coordinates":[[[26.91875,60.472917],[26.922917,60.472917],[26.922917,60.477083],[26.91875,60.477083],[26.91875,60.472917]]]},"properties":{"radiance":25.78}},{"type":"Feature","geometry":{"type":"Polygon","coordinates":[[[26.922917,60.472917],[26.927083,60.472917],[26.927083,60.477083],[26.922917,60.477083],[26.922917,60.472917]]]},"properties":{"radiance":20.38}},{"type":"Feature","geometry":{"type":"Polygon","coordinates":[[[26.927083,60.472917],[26.93125,60.472917],[26.93125,60.477083],[26.927083,60.477083],[26.927083,60.472917]]]},"properties":{"radiance":37.3}},{"type":"Feature","geometry":{"type":"Polygon","coordinates":[[[26.93125,60.472917],[26.935417,60.472917],[26.935417,60.477083],[26.93125,60.477083],[26.93125,60.472917]]]},"properties":{"radiance":50.17}},{"type":"Feature","geometry":{"type":"Polygon","coordinates":[[[26.935417,60.472917],[26.939583,60.472917],[26.939583,60.477083],[26.935417,60.477083],[26.935417,60.472917]]]},"properties":{"radiance":65.38}},{"type":"Feature","geometry":{"type":"Polygon","coordinates":[[[26.939583,60.472917],[26.94375,60.472917],[26.94375,60.477083],[26.939583,60.477083],[26.939583,60.472917]]]},"properties":{"radiance":70.07}},{"type":"Feature","geometry":{"type":"Polygon","coordinates":[[[26.94375,60.472917],[26.947917,60.472917],[26.947917,60.477083],[26.94375,60.477083],[26.94375,60.472917]]]},"properties":{"radiance":62.85}},{"type":"Feature","geometry":{"type":"Polygon","coordinates":[[[26.947917,60.472917],[26.952083,60.472917],[26.952083,60.477083],[26.947917,60.477083],[26.947917,60.472917]]]},"properties":{"radiance":89.25}},{"type":"Feature","geometry":{"type":"Polygon","coordinates":[[[26.952083,60.472917],[26.95625,60.472917],[26.95625,60.477083],[26.952083,60.477083],[26.952083,60.472917]]]},"properties":{"radiance":45.89}},{"type":"Feature","geometry":{"type":"Polygon","coordinates":[[[26.95625,60.472917],[26.960417,60.472917],[26.960417,60.477083],[26.95625,60.477083],[26.95625,60.472917]]]},"properties":{"radiance":43.26}},{"type":"Feature","geometry":{"type":"Polygon","coordinates":[[[26.964583,60.472917],[26.96875,60.472917],[26.96875,60.477083],[26.964583,60.477083],[26.964583,60.472917]]]},"properties":{"radiance":7.85}},{"type":"Feature","geometry":{"type":"Polygon","coordinates":[[[26.96875,60.472917],[26.972917,60.472917],[26.972917,60.477083],[26.96875,60.477083],[26.96875,60.472917]]]},"properties":{"radiance":6.58}},{"type":"Feature","geometry":{"type":"Polygon","coordinates":[[[26.90625,60.46875],[26.910417,60.46875],[26.910417,60.472917],[26.90625,60.472917],[26.90625,60.46875]]]},"properties":{"radiance":27.29}},{"type":"Feature","geometry":{"type":"Polygon","coordinates":[[[26.910417,60.46875],[26.914583,60.46875],[26.914583,60.472917],[26.910417,60.472917],[26.910417,60.46875]]]},"properties":{"radiance":107.83}},{"type":"Feature","geometry":{"type":"Polygon","coordinates":[[[26.914583,60.46875],[26.91875,60.46875],[26.91875,60.472917],[26.914583,60.472917],[26.914583,60.46875]]]},"properties":{"radiance":25.82}},{"type":"Feature","geometry":{"type":"Polygon","coordinates":[[[26.91875,60.46875],[26.922917,60.46875],[26.922917,60.472917],[26.91875,60.472917],[26.91875,60.46875]]]},"properties":{"radiance":25.3}},{"type":"Feature","geometry":{"type":"Polygon","coordinates":[[[26.922917,60.46875],[26.927083,60.46875],[26.927083,60.472917],[26.922917,60.472917],[26.922917,60.46875]]]},"properties":{"radiance":25.4}},{"type":"Feature","geometry":{"type":"Polygon","coordinates":[[[26.927083,60.46875],[26.93125,60.46875],[26.93125,60.472917],[26.927083,60.472917],[26.927083,60.46875]]]},"properties":{"radiance":27.64}},{"type":"Feature","geometry":{"type":"Polygon","coordinates":[[[26.93125,60.46875],[26.935417,60.46875],[26.935417,60.472917],[26.93125,60.472917],[26.93125,60.46875]]]},"properties":{"radiance":55.39}},{"type":"Feature","geometry":{"type":"Polygon","coordinates":[[[26.935417,60.46875],[26.939583,60.46875],[26.939583,60.472917],[26.935417,60.472917],[26.935417,60.46875]]]},"properties":{"radiance":51.46}},{"type":"Feature","geometry":{"type":"Polygon","coordinates":[[[26.939583,60.46875],[26.94375,60.46875],[26.94375,60.472917],[26.939583,60.472917],[26.939583,60.46875]]]},"properties":{"radiance":67.21}},{"type":"Feature","geometry":{"type":"Polygon","coordinates":[[[26.94375,60.46875],[26.947917,60.46875],[26.947917,60.472917],[26.94375,60.472917],[26.94375,60.46875]]]},"properties":{"radiance":108.91}},{"type":"Feature","geometry":{"type":"Polygon","coordinates":[[[26.947917,60.46875],[26.952083,60.46875],[26.952083,60.472917],[26.947917,60.472917],[26.947917,60.46875]]]},"properties":{"radiance":88.72}},{"type":"Feature","geometry":{"type":"Polygon","coordinates":[[[26.952083,60.46875],[26.95625,60.46875],[26.95625,60.472917],[26.952083,60.472917],[26.952083,60.46875]]]},"properties":{"radiance":75.63}},{"type":"Feature","geometry":{"type":"Polygon","coordinates":[[[26.95625,60.46875],[26.960417,60.46875],[26.960417,60.472917],[26.95625,60.472917],[26.95625,60.46875]]]},"properties":{"radiance":54.45}},{"type":"Feature","geometry":{"type":"Polygon","coordinates":[[[26.960417,60.46875],[26.964583,60.46875],[26.964583,60.472917],[26.960417,60.472917],[26.960417,60.46875]]]},"properties":{"radiance":19.68}},{"type":"Feature","geometry":{"type":"Polygon","coordinates":[[[26.914583,60.464583],[26.91875,60.464583],[26.91875,60.46875],[26.914583,60.46875],[26.914583,60.464583]]]},"properties":{"radiance":27.59}},{"type":"Feature","geometry":{"type":"Polygon","coordinates":[[[26.91875,60.464583],[26.922917,60.464583],[26.922917,60.46875],[26.91875,60.46875],[26.91875,60.464583]]]},"properties":{"radiance":26.17}},{"type":"Feature","geometry":{"type":"Polygon","coordinates":[[[26.922917,60.464583],[26.927083,60.464583],[26.927083,60.46875],[26.922917,60.46875],[26.922917,60.464583]]]},"properties":{"radiance":32.77}},{"type":"Feature","geometry":{"type":"Polygon","coordinates":[[[26.927083,60.464583],[26.93125,60.464583],[26.93125,60.46875],[26.927083,60.46875],[26.927083,60.464583]]]},"properties":{"radiance":47.43}},{"type":"Feature","geometry":{"type":"Polygon","coordinates":[[[26.93125,60.464583],[26.935417,60.464583],[26.935417,60.46875],[26.93125,60.46875],[26.93125,60.464583]]]},"properties":{"radiance":45.15}},{"type":"Feature","geometry":{"type":"Polygon","coordinates":[[[26.935417,60.464583],[26.939583,60.464583],[26.939583,60.46875],[26.935417,60.46875],[26.935417,60.464583]]]},"properties":{"radiance":46.34}},{"type":"Feature","geometry":{"type":"Polygon","coordinates":[[[26.939583,60.464583],[26.94375,60.464583],[26.94375,60.46875],[26.939583,60.46875],[26.939583,60.464583]]]},"properties":{"radiance":51.1}},{"type":"Feature","geometry":{"type":"Polygon","coordinates":[[[26.94375,60.464583],[26.947917,60.464583],[26.947917,60.46875],[26.94375,60.46875],[26.94375,60.464583]]]},"properties":{"radiance":62.92}},{"type":"Feature","geometry":{"type":"Polygon","coordinates":[[[26.947917,60.464583],[26.952083,60.464583],[26.952083,60.46875],[26.947917,60.46875],[26.947917,60.464583]]]},"properties":{"radiance":71.94}},{"type":"Feature","geometry":{"type":"Polygon","coordinates":[[[26.952083,60.464583],[26.95625,60.464583],[26.95625,60.46875],[26.952083,60.46875],[26.952083,60.464583]]]},"properties":{"radiance":74.37}},{"type":"Feature","geometry":{"type":"Polygon","coordinates":[[[26.95625,60.464583],[26.960417,60.464583],[26.960417,60.46875],[26.95625,60.46875],[26.95625,60.464583]]]},"properties":{"radiance":41.28}},{"type":"Feature","geometry":{"type":"Polygon","coordinates":[[[26.960417,60.464583],[26.964583,60.464583],[26.964583,60.46875],[26.960417,60.46875],[26.960417,60.464583]]]},"properties":{"radiance":37.79}},{"type":"Feature","geometry":{"type":"Polygon","coordinates":[[[26.91875,60.460417],[26.922917,60.460417],[26.922917,60.464583],[26.91875,60.464583],[26.91875,60.460417]]]},"properties":{"radiance":52.38}},{"type":"Feature","geometry":{"type":"Polygon","coordinates":[[[26.922917,60.460417],[26.927083,60.460417],[26.927083,60.464583],[26.922917,60.464583],[26.922917,60.460417]]]},"properties":{"radiance":45.32}},{"type":"Feature","geometry":{"type":"Polygon","coordinates":[[[26.927083,60.460417],[26.93125,60.460417],[26.93125,60.464583],[26.927083,60.464583],[26.927083,60.460417]]]},"properties":{"radiance":47.43}},{"type":"Feature","geometry":{"type":"Polygon","coordinates":[[[26.93125,60.460417],[26.935417,60.460417],[26.935417,60.464583],[26.93125,60.464583],[26.93125,60.460417]]]},"properties":{"radiance":45.08}},{"type":"Feature","geometry":{"type":"Polygon","coordinates":[[[26.935417,60.460417],[26.939583,60.460417],[26.939583,60.464583],[26.935417,60.464583],[26.935417,60.460417]]]},"properties":{"radiance":46.4}},{"type":"Feature","geometry":{"type":"Polygon","coordinates":[[[26.939583,60.460417],[26.94375,60.460417],[26.94375,60.464583],[26.939583,60.464583],[26.939583,60.460417]]]},"properties":{"radiance":40.21}},{"type":"Feature","geometry":{"type":"Polygon","coordinates":[[[26.94375,60.460417],[26.947917,60.460417],[26.947917,60.464583],[26.94375,60.464583],[26.94375,60.460417]]]},"properties":{"radiance":36.48}},{"type":"Feature","geometry":{"type":"Polygon","coordinates":[[[26.947917,60.460417],[26.952083,60.460417],[26.952083,60.464583],[26.947917,60.464583],[26.947917,60.460417]]]},"properties":{"radiance":46.73}},{"type":"Feature","geometry":{"type":"Polygon","coordinates":[[[26.952083,60.460417],[26.95625,60.460417],[26.95625,60.464583],[26.952083,60.464583],[26.952083,60.460417]]]},"properties":{"radiance":42.07}},{"type":"Feature","geometry":{"type":"Polygon","coordinates":[[[26.95625,60.460417],[26.960417,60.460417],[26.960417,60.464583],[26.95625,60.464583],[26.95625,60.460417]]]},"properties":{"radiance":44.35}},{"type":"Feature","geometry":{"type":"Polygon","coordinates":[[[26.960417,60.460417],[26.964583,60.460417],[26.964583,60.464583],[26.960417,60.464583],[26.960417,60.460417]]]},"properties":{"radiance":18.23}},{"type":"Feature","geometry":{"type":"Polygon","coordinates":[[[26.964583,60.460417],[26.96875,60.460417],[26.96875,60.464583],[26.964583,60.464583],[26.964583,60.460417]]]},"properties":{"radiance":35.64}},{"type":"Feature","geometry":{"type":"Polygon","coordinates":[[[26.897917,60.45625],[26.902083,60.45625],[26.902083,60.460417],[26.897917,60.460417],[26.897917,60.45625]]]},"properties":{"radiance":7.89}},{"type":"Feature","geometry":{"type":"Polygon","coordinates":[[[26.902083,60.45625],[26.90625,60.45625],[26.90625,60.460417],[26.902083,60.460417],[26.902083,60.45625]]]},"properties":{"radiance":7.89}},{"type":"Feature","geometry":{"type":"Polygon","coordinates":[[[26.90625,60.45625],[26.910417,60.45625],[26.910417,60.460417],[26.90625,60.460417],[26.90625,60.45625]]]},"properties":{"radiance":8.01}},{"type":"Feature","geometry":{"type":"Polygon","coordinates":[[[26.910417,60.45625],[26.914583,60.45625],[26.914583,60.460417],[26.910417,60.460417],[26.910417,60.45625]]]},"properties":{"radiance":13.17}},{"type":"Feature","geometry":{"type":"Polygon","coordinates":[[[26.91875,60.45625],[26.922917,60.45625],[26.922917,60.460417],[26.91875,60.460417],[26.91875,60.45625]]]},"properties":{"radiance":12.73}},{"type":"Feature","geometry":{"type":"Polygon","coordinates":[[[26.922917,60.45625],[26.927083,60.45625],[26.927083,60.460417],[26.922917,60.460417],[26.922917,60.45625]]]},"properties":{"radiance":15.31}},{"type":"Feature","geometry":{"type":"Polygon","coordinates":[[[26.927083,60.45625],[26.93125,60.45625],[26.93125,60.460417],[26.927083,60.460417],[26.927083,60.45625]]]},"properties":{"radiance":19.02}},{"type":"Feature","geometry":{"type":"Polygon","coordinates":[[[26.93125,60.45625],[26.935417,60.45625],[26.935417,60.460417],[26.93125,60.460417],[26.93125,60.45625]]]},"properties":{"radiance":29.04}},{"type":"Feature","geometry":{"type":"Polygon","coordinates":[[[26.935417,60.45625],[26.939583,60.45625],[26.939583,60.460417],[26.935417,60.460417],[26.935417,60.45625]]]},"properties":{"radiance":26.87}},{"type":"Feature","geometry":{"type":"Polygon","coordinates":[[[26.939583,60.45625],[26.94375,60.45625],[26.94375,60.460417],[26.939583,60.460417],[26.939583,60.45625]]]},"properties":{"radiance":16.21}},{"type":"Feature","geometry":{"type":"Polygon","coordinates":[[[26.94375,60.45625],[26.947917,60.45625],[26.947917,60.460417],[26.94375,60.460417],[26.94375,60.45625]]]},"properties":{"radiance":15.19}},{"type":"Feature","geometry":{"type":"Polygon","coordinates":[[[26.947917,60.45625],[26.952083,60.45625],[26.952083,60.460417],[26.947917,60.460417],[26.947917,60.45625]]]},"properties":{"radiance":12.66}},{"type":"Feature","geometry":{"type":"Polygon","coordinates":[[[26.952083,60.45625],[26.95625,60.45625],[26.95625,60.460417],[26.952083,60.460417],[26.952083,60.45625]]]},"properties":{"radiance":14.63}},{"type":"Feature","geometry":{"type":"Polygon","coordinates":[[[26.960417,60.45625],[26.964583,60.45625],[26.964583,60.460417],[26.960417,60.460417],[26.960417,60.45625]]]},"properties":{"radiance":5.64}},{"type":"Feature","geometry":{"type":"Polygon","coordinates":[[[26.889583,60.452083],[26.89375,60.452083],[26.89375,60.45625],[26.889583,60.45625],[26.889583,60.452083]]]},"properties":{"radiance":6.18}},{"type":"Feature","geometry":{"type":"Polygon","coordinates":[[[26.89375,60.452083],[26.897917,60.452083],[26.897917,60.45625],[26.89375,60.45625],[26.89375,60.452083]]]},"properties":{"radiance":6.36}},{"type":"Feature","geometry":{"type":"Polygon","coordinates":[[[26.897917,60.452083],[26.902083,60.452083],[26.902083,60.45625],[26.897917,60.45625],[26.897917,60.452083]]]},"properties":{"radiance":9.33}},{"type":"Feature","geometry":{"type":"Polygon","coordinates":[[[26.902083,60.452083],[26.90625,60.452083],[26.90625,60.45625],[26.902083,60.45625],[26.902083,60.452083]]]},"properties":{"radiance":9.97}},{"type":"Feature","geometry":{"type":"Polygon","coordinates":[[[26.90625,60.452083],[26.910417,60.452083],[26.910417,60.45625],[26.90625,60.45625],[26.90625,60.452083]]]},"properties":{"radiance":7.34}},{"type":"Feature","geometry":{"type":"Polygon","coordinates":[[[26.922917,60.452083],[26.927083,60.452083],[26.927083,60.45625],[26.922917,60.45625],[26.922917,60.452083]]]},"properties":{"radiance":22.67}},{"type":"Feature","geometry":{"type":"Polygon","coordinates":[[[26.927083,60.452083],[26.93125,60.452083],[26.93125,60.45625],[26.927083,60.45625],[26.927083,60.452083]]]},"properties":{"radiance":6.51}},{"type":"Feature","geometry":{"type":"Polygon","coordinates":[[[26.935417,60.452083],[26.939583,60.452083],[26.939583,60.45625],[26.935417,60.45625],[26.935417,60.452083]]]},"properties":{"radiance":8.71}},{"type":"Feature","geometry":{"type":"Polygon","coordinates":[[[26.88125,60.447917],[26.885417,60.447917],[26.885417,60.452083],[26.88125,60.452083],[26.88125,60.447917]]]},"properties":{"radiance":6.91}},{"type":"Feature","geometry":{"type":"Polygon","coordinates":[[[26.885417,60.447917],[26.889583,60.447917],[26.889583,60.452083],[26.885417,60.452083],[26.885417,60.447917]]]},"properties":{"radiance":14.56}},{"type":"Feature","geometry":{"type":"Polygon","coordinates":[[[26.889583,60.447917],[26.89375,60.447917],[26.89375,60.452083],[26.889583,60.452083],[26.889583,60.447917]]]},"properties":{"radiance":11.32}},{"type":"Feature","geometry":{"type":"Polygon","coordinates":[[[26.89375,60.447917],[26.897917,60.447917],[26.897917,60.452083],[26.89375,60.452083],[26.89375,60.447917]]]},"properties":{"radiance":16.8}},{"type":"Feature","geometry":{"type":"Polygon","coordinates":[[[26.897917,60.447917],[26.902083,60.447917],[26.902083,60.452083],[26.897917,60.452083],[26.897917,60.447917]]]},"properties":{"radiance":15.01}},{"type":"Feature","geometry":{"type":"Polygon","coordinates":[[[26.902083,60.447917],[26.90625,60.447917],[26.90625,60.452083],[26.902083,60.452083],[26.902083,60.447917]]]},"properties":{"radiance":9.96}},{"type":"Feature","geometry":{"type":"Polygon","coordinates":[[[26.90625,60.447917],[26.910417,60.447917],[26.910417,60.452083],[26.90625,60.452083],[26.90625,60.447917]]]},"properties":{"radiance":7.43}},{"type":"Feature","geometry":{"type":"Polygon","coordinates":[[[26.877083,60.44375],[26.88125,60.44375],[26.88125,60.447917],[26.877083,60.447917],[26.877083,60.44375]]]},"properties":{"radiance":7.02}},{"type":"Feature","geometry":{"type":"Polygon","coordinates":[[[26.88125,60.44375],[26.885417,60.44375],[26.885417,60.447917],[26.88125,60.447917],[26.88125,60.44375]]]},"properties":{"radiance":6.92}},{"type":"Feature","geometry":{"type":"Polygon","coordinates":[[[26.885417,60.44375],[26.889583,60.44375],[26.889583,60.447917],[26.885417,60.447917],[26.885417,60.44375]]]},"properties":{"radiance":26.56}},{"type":"Feature","geometry":{"type":"Polygon","coordinates":[[[26.889583,60.44375],[26.89375,60.44375],[26.89375,60.447917],[26.889583,60.447917],[26.889583,60.44375]]]},"properties":{"radiance":30.52}},{"type":"Feature","geometry":{"type":"Polygon","coordinates":[[[26.89375,60.44375],[26.897917,60.44375],[26.897917,60.447917],[26.89375,60.447917],[26.89375,60.44375]]]},"properties":{"radiance":33.98}},{"type":"Feature","geometry":{"type":"Polygon","coordinates":[[[26.897917,60.44375],[26.902083,60.44375],[26.902083,60.447917],[26.897917,60.447917],[26.897917,60.44375]]]},"properties":{"radiance":21.64}},{"type":"Feature","geometry":{"type":"Polygon","coordinates":[[[26.902083,60.44375],[26.90625,60.44375],[26.90625,60.447917],[26.902083,60.447917],[26.902083,60.44375]]]},"properties":{"radiance":20.12}},{"type":"Feature","geometry":{"type":"Polygon","coordinates":[[[26.90625,60.44375],[26.910417,60.44375],[26.910417,60.447917],[26.90625,60.447917],[26.90625,60.44375]]]},"properties":{"radiance":13.63}},{"type":"Feature","geometry":{"type":"Polygon","coordinates":[[[26.910417,60.44375],[26.914583,60.44375],[26.914583,60.447917],[26.910417,60.447917],[26.910417,60.44375]]]},"properties":{"radiance":17.29}},{"type":"Feature","geometry":{"type":"Polygon","coordinates":[[[26.914583,60.44375],[26.91875,60.44375],[26.91875,60.447917],[26.914583,60.447917],[26.914583,60.44375]]]},"properties":{"radiance":5.36}},{"type":"Feature","geometry":{"type":"Polygon","coordinates":[[[26.872917,60.439583],[26.877083,60.439583],[26.877083,60.44375],[26.872917,60.44375],[26.872917,60.439583]]]},"properties":{"radiance":10.51}},{"type":"Feature","geometry":{"type":"Polygon","coordinates":[[[26.877083,60.439583],[26.88125,60.439583],[26.88125,60.44375],[26.877083,60.44375],[26.877083,60.439583]]]},"properties":{"radiance":12.15}},{"type":"Feature","geometry":{"type":"Polygon","coordinates":[[[26.88125,60.439583],[26.885417,60.439583],[26.885417,60.44375],[26.88125,60.44375],[26.88125,60.439583]]]},"properties":{"radiance":40.6}},{"type":"Feature","geometry":{"type":"Polygon","coordinates":[[[26.885417,60.439583],[26.889583,60.439583],[26.889583,60.44375],[26.885417,60.44375],[26.885417,60.439583]]]},"properties":{"radiance":39.73}},{"type":"Feature","geometry":{"type":"Polygon","coordinates":[[[26.889583,60.439583],[26.89375,60.439583],[26.89375,60.44375],[26.889583,60.44375],[26.889583,60.439583]]]},"properties":{"radiance":52.94}},{"type":"Feature","geometry":{"type":"Polygon","coordinates":[[[26.89375,60.439583],[26.897917,60.439583],[26.897917,60.44375],[26.89375,60.44375],[26.89375,60.439583]]]},"properties":{"radiance":55.69}},{"type":"Feature","geometry":{"type":"Polygon","coordinates":[[[26.897917,60.439583],[26.902083,60.439583],[26.902083,60.44375],[26.897917,60.44375],[26.897917,60.439583]]]},"properties":{"radiance":48.35}},{"type":"Feature","geometry":{"type":"Polygon","coordinates":[[[26.902083,60.439583],[26.90625,60.439583],[26.90625,60.44375],[26.902083,60.44375],[26.902083,60.439583]]]},"properties":{"radiance":58.32}},{"type":"Feature","geometry":{"type":"Polygon","coordinates":[[[26.90625,60.439583],[26.910417,60.439583],[26.910417,60.44375],[26.90625,60.44375],[26.90625,60.439583]]]},"properties":{"radiance":60.21}},{"type":"Feature","geometry":{"type":"Polygon","coordinates":[[[26.910417,60.439583],[26.914583,60.439583],[26.914583,60.44375],[26.910417,60.44375],[26.910417,60.439583]]]},"properties":{"radiance":81.39}},{"type":"Feature","geometry":{"type":"Polygon","coordinates":[[[26.914583,60.439583],[26.91875,60.439583],[26.91875,60.44375],[26.914583,60.44375],[26.914583,60.439583]]]},"properties":{"radiance":47.97}},{"type":"Feature","geometry":{"type":"Polygon","coordinates":[[[26.86875,60.435417],[26.872917,60.435417],[26.872917,60.439583],[26.86875,60.439583],[26.86875,60.435417]]]},"properties":{"radiance":9.22}},{"type":"Feature","geometry":{"type":"Polygon","coordinates":[[[26.872917,60.435417],[26.877083,60.435417],[26.877083,60.439583],[26.872917,60.439583],[26.872917,60.435417]]]},"properties":{"radiance":16.61}},{"type":"Feature","geometry":{"type":"Polygon","coordinates":[[[26.877083,60.435417],[26.88125,60.435417],[26.88125,60.439583],[26.877083,60.439583],[26.877083,60.435417]]]},"properties":{"radiance":29.25}},{"type":"Feature","geometry":{"type":"Polygon","coordinates":[[[26.88125,60.435417],[26.885417,60.435417],[26.885417,60.439583],[26.88125,60.439583],[26.88125,60.435417]]]},"properties":{"radiance":54.59}},{"type":"Feature","geometry":{"type":"Polygon","coordinates":[[[26.885417,60.435417],[26.889583,60.435417],[26.889583,60.439583],[26.885417,60.439583],[26.885417,60.435417]]]},"properties":{"radiance":66.34}},{"type":"Feature","geometry":{"type":"Polygon","coordinates":[[[26.889583,60.435417],[26.89375,60.435417],[26.89375,60.439583],[26.889583,60.439583],[26.889583,60.435417]]]},"properties":{"radiance":67.39}},{"type":"Feature","geometry":{"type":"Polygon","coordinates":[[[26.89375,60.435417],[26.897917,60.435417],[26.897917,60.439583],[26.89375,60.439583],[26.89375,60.435417]]]},"properties":{"radiance":82.63}},{"type":"Feature","geometry":{"type":"Polygon","coordinates":[[[26.897917,60.435417],[26.902083,60.435417],[26.902083,60.439583],[26.897917,60.439583],[26.897917,60.435417]]]},"properties":{"radiance":88.68}},{"type":"Feature","geometry":{"type":"Polygon","coordinates":[[[26.902083,60.435417],[26.90625,60.435417],[26.90625,60.439583],[26.902083,60.439583],[26.902083,60.435417]]]},"properties":{"radiance":115.65}},{"type":"Feature","geometry":{"type":"Polygon","coordinates":[[[26.90625,60.435417],[26.910417,60.435417],[26.910417,60.439583],[26.90625,60.439583],[26.90625,60.435417]]]},"properties":{"radiance":89.27}},{"type":"Feature","geometry":{"type":"Polygon","coordinates":[[[26.910417,60.435417],[26.914583,60.435417],[26.914583,60.439583],[26.910417,60.439583],[26.910417,60.435417]]]},"properties":{"radiance":67.62}},{"type":"Feature","geometry":{"type":"Polygon","coordinates":[[[26.914583,60.435417],[26.91875,60.435417],[26.91875,60.439583],[26.914583,60.439583],[26.914583,60.435417]]]},"properties":{"radiance":33.45}},{"type":"Feature","geometry":{"type":"Polygon","coordinates":[[[26.91875,60.435417],[26.922917,60.435417],[26.922917,60.439583],[26.91875,60.439583],[26.91875,60.435417]]]},"properties":{"radiance":56.64}},{"type":"Feature","geometry":{"type":"Polygon","coordinates":[[[26.872917,60.43125],[26.877083,60.43125],[26.877083,60.435417],[26.872917,60.435417],[26.872917,60.43125]]]},"properties":{"radiance":9.79}},{"type":"Feature","geometry":{"type":"Polygon","coordinates":[[[26.877083,60.43125],[26.88125,60.43125],[26.88125,60.435417],[26.877083,60.435417],[26.877083,60.43125]]]},"properties":{"radiance":47.28}},{"type":"Feature","geometry":{"type":"Polygon","coordinates":[[[26.88125,60.43125],[26.885417,60.43125],[26.885417,60.435417],[26.88125,60.435417],[26.88125,60.43125]]]},"properties":{"radiance":53.05}},{"type":"Feature","geometry":{"type":"Polygon","coordinates":[[[26.885417,60.43125],[26.889583,60.43125],[26.889583,60.435417],[26.885417,60.435417],[26.885417,60.43125]]]},"properties":{"radiance":187.4}},{"type":"Feature","geometry":{"type":"Polygon","coordinates":[[[26.889583,60.43125],[26.89375,60.43125],[26.89375,60.435417],[26.889583,60.435417],[26.889583,60.43125]]]},"properties":{"radiance":188.55}},{"type":"Feature","geometry":{"type":"Polygon","coordinates":[[[26.89375,60.43125],[26.897917,60.43125],[26.897917,60.435417],[26.89375,60.435417],[26.89375,60.43125]]]},"properties":{"radiance":102.23}},{"type":"Feature","geometry":{"type":"Polygon","coordinates":[[[26.897917,60.43125],[26.902083,60.43125],[26.902083,60.435417],[26.897917,60.435417],[26.897917,60.43125]]]},"properties":{"radiance":105.21}},{"type":"Feature","geometry":{"type":"Polygon","coordinates":[[[26.902083,60.43125],[26.90625,60.43125],[26.90625,60.435417],[26.902083,60.435417],[26.902083,60.43125]]]},"properties":{"radiance":104.92}},{"type":"Feature","geometry":{"type":"Polygon","coordinates":[[[26.90625,60.43125],[26.910417,60.43125],[26.910417,60.435417],[26.90625,60.435417],[26.90625,60.43125]]]},"properties":{"radiance":94.13}},{"type":"Feature","geometry":{"type":"Polygon","coordinates":[[[26.910417,60.43125],[26.914583,60.43125],[26.914583,60.435417],[26.910417,60.435417],[26.910417,60.43125]]]},"properties":{"radiance":104.56}},{"type":"Feature","geometry":{"type":"Polygon","coordinates":[[[26.914583,60.43125],[26.91875,60.43125],[26.91875,60.435417],[26.914583,60.435417],[26.914583,60.43125]]]},"properties":{"radiance":115.51}},{"type":"Feature","geometry":{"type":"Polygon","coordinates":[[[26.91875,60.43125],[26.922917,60.43125],[26.922917,60.435417],[26.91875,60.435417],[26.91875,60.43125]]]},"properties":{"radiance":71.47}},{"type":"Feature","geometry":{"type":"Polygon","coordinates":[[[26.922917,60.43125],[26.927083,60.43125],[26.927083,60.435417],[26.922917,60.435417],[26.922917,60.43125]]]},"properties":{"radiance":38.06}},{"type":"Feature","geometry":{"type":"Polygon","coordinates":[[[26.927083,60.43125],[26.93125,60.43125],[26.93125,60.435417],[26.927083,60.435417],[26.927083,60.43125]]]},"properties":{"radiance":14.13}},{"type":"Feature","geometry":{"type":"Polygon","coordinates":[[[26.88125,60.427083],[26.885417,60.427083],[26.885417,60.43125],[26.88125,60.43125],[26.88125,60.427083]]]},"properties":{"radiance":126.23}},{"type":"Feature","geometry":{"type":"Polygon","coordinates":[[[26.885417,60.427083],[26.889583,60.427083],[26.889583,60.43125],[26.885417,60.43125],[26.885417,60.427083]]]},"properties":{"radiance":132.25}},{"type":"Feature","geometry":{"type":"Polygon","coordinates":[[[26.889583,60.427083],[26.89375,60.427083],[26.89375,60.43125],[26.889583,60.43125],[26.889583,60.427083]]]},"properties":{"radiance":170.3}},{"type":"Feature","geometry":{"type":"Polygon","coordinates":[[[26.89375,60.427083],[26.897917,60.427083],[26.897917,60.43125],[26.89375,60.43125],[26.89375,60.427083]]]},"properties":{"radiance":325.15}},{"type":"Feature","geometry":{"type":"Polygon","coordinates":[[[26.897917,60.427083],[26.902083,60.427083],[26.902083,60.43125],[26.897917,60.43125],[26.897917,60.427083]]]},"properties":{"radiance":213.01}},{"type":"Feature","geometry":{"type":"Polygon","coordinates":[[[26.902083,60.427083],[26.90625,60.427083],[26.90625,60.43125],[26.902083,60.43125],[26.902083,60.427083]]]},"properties":{"radiance":215.94}},{"type":"Feature","geometry":{"type":"Polygon","coordinates":[[[26.90625,60.427083],[26.910417,60.427083],[26.910417,60.43125],[26.90625,60.43125],[26.90625,60.427083]]]},"properties":{"radiance":209.71}},{"type":"Feature","geometry":{"type":"Polygon","coordinates":[[[26.910417,60.427083],[26.914583,60.427083],[26.914583,60.43125],[26.910417,60.43125],[26.910417,60.427083]]]},"properties":{"radiance":167.91}},{"type":"Feature","geometry":{"type":"Polygon","coordinates":[[[26.914583,60.427083],[26.91875,60.427083],[26.91875,60.43125],[26.914583,60.43125],[26.914583,60.427083]]]},"properties":{"radiance":136.49}},{"type":"Feature","geometry":{"type":"Polygon","coordinates":[[[26.91875,60.427083],[26.922917,60.427083],[26.922917,60.43125],[26.91875,60.43125],[26.91875,60.427083]]]},"properties":{"radiance":109}},{"type":"Feature","geometry":{"type":"Polygon","coordinates":[[[26.922917,60.427083],[26.927083,60.427083],[26.927083,60.43125],[26.922917,60.43125],[26.922917,60.427083]]]},"properties":{"radiance":40.04}},{"type":"Feature","geometry":{"type":"Polygon","coordinates":[[[26.927083,60.427083],[26.93125,60.427083],[26.93125,60.43125],[26.927083,60.43125],[26.927083,60.427083]]]},"properties":{"radiance":30.12}},{"type":"Feature","geometry":{"type":"Polygon","coordinates":[[[26.88125,60.422917],[26.885417,60.422917],[26.885417,60.427083],[26.88125,60.427083],[26.88125,60.422917]]]},"properties":{"radiance":39.29}},{"type":"Feature","geometry":{"type":"Polygon","coordinates":[[[26.885417,60.422917],[26.889583,60.422917],[26.889583,60.427083],[26.885417,60.427083],[26.885417,60.422917]]]},"properties":{"radiance":47.91}},{"type":"Feature","geometry":{"type":"Polygon","coordinates":[[[26.889583,60.422917],[26.89375,60.422917],[26.89375,60.427083],[26.889583,60.427083],[26.889583,60.422917]]]},"properties":{"radiance":482.3}},{"type":"Feature","geometry":{"type":"Polygon","coordinates":[[[26.89375,60.422917],[26.897917,60.422917],[26.897917,60.427083],[26.89375,60.427083],[26.89375,60.422917]]]},"properties":{"radiance":308.88}},{"type":"Feature","geometry":{"type":"Polygon","coordinates":[[[26.897917,60.422917],[26.902083,60.422917],[26.902083,60.427083],[26.897917,60.427083],[26.897917,60.422917]]]},"properties":{"radiance":299.58}},{"type":"Feature","geometry":{"type":"Polygon","coordinates":[[[26.902083,60.422917],[26.90625,60.422917],[26.90625,60.427083],[26.902083,60.427083],[26.902083,60.422917]]]},"properties":{"radiance":340.87}},{"type":"Feature","geometry":{"type":"Polygon","coordinates":[[[26.90625,60.422917],[26.910417,60.422917],[26.910417,60.427083],[26.90625,60.427083],[26.90625,60.422917]]]},"properties":{"radiance":210.95}},{"type":"Feature","geometry":{"type":"Polygon","coordinates":[[[26.910417,60.422917],[26.914583,60.422917],[26.914583,60.427083],[26.910417,60.427083],[26.910417,60.422917]]]},"properties":{"radiance":188.19}},{"type":"Feature","geometry":{"type":"Polygon","coordinates":[[[26.914583,60.422917],[26.91875,60.422917],[26.91875,60.427083],[26.914583,60.427083],[26.914583,60.422917]]]},"properties":{"radiance":170.12}},{"type":"Feature","geometry":{"type":"Polygon","coordinates":[[[26.91875,60.422917],[26.922917,60.422917],[26.922917,60.427083],[26.91875,60.427083],[26.91875,60.422917]]]},"properties":{"radiance":90.71}},{"type":"Feature","geometry":{"type":"Polygon","coordinates":[[[26.922917,60.422917],[26.927083,60.422917],[26.927083,60.427083],[26.922917,60.427083],[26.922917,60.422917]]]},"properties":{"radiance":54.26}},{"type":"Feature","geometry":{"type":"Polygon","coordinates":[[[26.88125,60.41875],[26.885417,60.41875],[26.885417,60.422917],[26.88125,60.422917],[26.88125,60.41875]]]},"properties":{"radiance":10.25}},{"type":"Feature","geometry":{"type":"Polygon","coordinates":[[[26.89375,60.41875],[26.897917,60.41875],[26.897917,60.422917],[26.89375,60.422917],[26.89375,60.41875]]]},"properties":{"radiance":172.49}},{"type":"Feature","geometry":{"type":"Polygon","coordinates":[[[26.897917,60.41875],[26.902083,60.41875],[26.902083,60.422917],[26.897917,60.422917],[26.897917,60.41875]]]},"properties":{"radiance":210.92}},{"type":"Feature","geometry":{"type":"Polygon","coordinates":[[[26.902083,60.41875],[26.90625,60.41875],[26.90625,60.422917],[26.902083,60.422917],[26.902083,60.41875]]]},"properties":{"radiance":261.65}},{"type":"Feature","geometry":{"type":"Polygon","coordinates":[[[26.90625,60.41875],[26.910417,60.41875],[26.910417,60.422917],[26.90625,60.422917],[26.90625,60.41875]]]},"properties":{"radiance":130.29}},{"type":"Feature","geometry":{"type":"Polygon","coordinates":[[[26.910417,60.41875],[26.914583,60.41875],[26.914583,60.422917],[26.910417,60.422917],[26.910417,60.41875]]]},"properties":{"radiance":132.5}},{"type":"Feature","geometry":{"type":"Polygon","coordinates":[[[26.914583,60.41875],[26.91875,60.41875],[26.91875,60.422917],[26.914583,60.422917],[26.914583,60.41875]]]},"properties":{"radiance":80.32}},{"type":"Feature","geometry":{"type":"Polygon","coordinates":[[[26.91875,60.41875],[26.922917,60.41875],[26.922917,60.422917],[26.91875,60.422917],[26.91875,60.41875]]]},"properties":{"radiance":34.17}},{"type":"Feature","geometry":{"type":"Polygon","coordinates":[[[26.922917,60.41875],[26.927083,60.41875],[26.927083,60.422917],[26.922917,60.422917],[26.922917,60.41875]]]},"properties":{"radiance":26.3}},{"type":"Feature","geometry":{"type":"Polygon","coordinates":[[[26.88125,60.414583],[26.885417,60.414583],[26.885417,60.41875],[26.88125,60.41875],[26.88125,60.414583]]]},"properties":{"radiance":8.03}},{"type":"Feature","geometry":{"type":"Polygon","coordinates":[[[26.902083,60.414583],[26.90625,60.414583],[26.90625,60.41875],[26.902083,60.41875],[26.902083,60.414583]]]},"properties":{"radiance":50.11}},{"type":"Feature","geometry":{"type":"Polygon","coordinates":[[[26.90625,60.414583],[26.910417,60.414583],[26.910417,60.41875],[26.90625,60.41875],[26.90625,60.414583]]]},"properties":{"radiance":82.68}}]}