{"type":"FeatureCollection","features":[{"type":"Feature","geometry":{"type":"Polygon","coordinates":[[[25.360417,64.927083],[25.364583,64.927083],[25.364583,64.93125],[25.360417,64.93125],[25.360417,64.927083]]]},"properties":{"radiance":46.07}},{"type":"Feature","geometry":{"type":"Polygon","coordinates":[[[25.364583,64.927083],[25.36875,64.927083],[25.36875,64.93125],[25.364583,64.93125],[25.364583,64.927083]]]},"properties":{"radiance":85.71}},{"type":"Feature","geometry":{"type":"Polygon","coordinates":[[[25.36875,64.927083],[25.372917,64.927083],[25.372917,64.93125],[25.36875,64.93125],[25.36875,64.927083]]]},"properties":{"radiance":111.45}},{"type":"Feature","geometry":{"type":"Polygon","coordinates":[[[25.372917,64.927083],[25.377083,64.927083],[25.377083,64.93125],[25.372917,64.93125],[25.372917,64.927083]]]},"properties":{"radiance":117.86}},{"type":"Feature","geometry":{"type":"Polygon","coordinates":[[[25.377083,64.927083],[25.38125,64.927083],[25.38125,64.93125],[25.377083,64.93125],[25.377083,64.927083]]]},"properties":{"radiance":55.61}},{"type":"Feature","geometry":{"type":"Polygon","coordinates":[[[25.38125,64.927083],[25.385417,64.927083],[25.385417,64.93125],[25.38125,64.93125],[25.38125,64.927083]]]},"properties":{"radiance":42.59}},{"type":"Feature","geometry":{"type":"Polygon","coordinates":[[[25.385417,64.927083],[25.389583,64.927083],[25.389583,64.93125],[25.385417,64.93125],[25.385417,64.927083]]]},"properties":{"radiance":33.15}},{"type":"Feature","geometry":{"type":"Polygon","coordinates":[[[25.389583,64.927083],[25.39375,64.927083],[25.39375,64.93125],[25.389583,64.93125],[25.389583,64.927083]]]},"properties":{"radiance":7.43}},{"type":"Feature","geometry":{"type":"Polygon","coordinates":[[[25.39375,64.927083],[25.397917,64.927083],[25.397917,64.93125],[25.39375,64.93125],[25.39375,64.927083]]]},"properties":{"radiance":5.8}},{"type":"Feature","geometry":{"type":"Polygon","coordinates":[[[25.397917,64.927083],[25.402083,64.927083],[25.402083,64.93125],[25.397917,64.93125],[25.397917,64.927083]]]},"properties":{"radiance":5.41}},{"type":"Feature","geometry":{"type":"Polygon","coordinates":[[[25.402083,64.927083],[25.40625,64.927083],[25.40625,64.93125],[25.402083,64.93125],[25.402083,64.927083]]]},"properties":{"radiance":7.9}},{"type":"Feature","geometry":{"type":"Polygon","coordinates":[[[25.40625,64.927083],[25.410417,64.927083],[25.410417,64.93125],[25.40625,64.93125],[25.40625,64.927083]]]},"properties":{"radiance":6.51}},{"type":"Feature","geometry":{"type":"Polygon","coordinates":[[[25.410417,64.927083],[25.414583,64.927083],[25.414583,64.93125],[25.410417,64.93125],[25.410417,64.927083]]]},"properties":{"radiance":5.85}},{"type":"Feature","geometry":{"type":"Polygon","coordinates":[[[25.414583,64.927083],[25.41875,64.927083],[25.41875,64.93125],[25.414583,64.93125],[25.414583,64.927083]]]},"properties":{"radiance":6.21}},{"type":"Feature","geometry":{"type":"Polygon","coordinates":[[[25.41875,64.927083],[25.422917,64.927083],[25.422917,64.93125],[25.41875,64.93125],[25.41875,64.927083]]]},"properties":{"radiance":5.82}},{"type":"Feature","geometry":{"type":"Polygon","coordinates":[[[25.49375,64.927083],[25.497917,64.927083],[25.497917,64.93125],[25.49375,64.93125],[25.49375,64.927083]]]},"properties":{"radiance":5.05}},{"type":"Feature","geometry":{"type":"Polygon","coordinates":[[[25.497917,64.927083],[25.502083,64.927083],[25.502083,64.93125],[25.497917,64.93125],[25.497917,64.927083]]]},"properties":{"radiance":12.44}},{"type":"Feature","geometry":{"type":"Polygon","coordinates":[[[25.502083,64.927083],[25.50625,64.927083],[25.50625,64.93125],[25.502083,64.93125],[25.502083,64.927083]]]},"properties":{"radiance":58.46}},{"type":"Feature","geometry":{"type":"Polygon","coordinates":[[[25.50625,64.927083],[25.510417,64.927083],[25.510417,64.93125],[25.50625,64.93125],[25.50625,64.927083]]]},"properties":{"radiance":47.07}},{"type":"Feature","geometry":{"type":"Polygon","coordinates":[[[25.510417,64.927083],[25.514583,64.927083],[25.514583,64.93125],[25.510417,64.93125],[25.510417,64.927083]]]},"properties":{"radiance":17.02}},{"type":"Feature","geometry":{"type":"Polygon","coordinates":[[[25.514583,64.927083],[25.51875,64.927083],[25.51875,64.93125],[25.514583,64.93125],[25.514583,64.927083]]]},"properties":{"radiance":14.61}},{"type":"Feature","geometry":{"type":"Polygon","coordinates":[[[25.51875,64.927083],[25.522917,64.927083],[25.522917,64.93125],[25.51875,64.93125],[25.51875,64.927083]]]},"properties":{"radiance":12.72}},{"type":"Feature","geometry":{"type":"Polygon","coordinates":[[[25.522917,64.927083],[25.527083,64.927083],[25.527083,64.93125],[25.522917,64.93125],[25.522917,64.927083]]]},"properties":{"radiance":12.15}},{"type":"Feature","geometry":{"type":"Polygon","coordinates":[[[25.527083,64.927083],[25.53125,64.927083],[25.53125,64.93125],[25.527083,64.93125],[25.527083,64.927083]]]},"properties":{"radiance":39.3}},{"type":"Feature","geometry":{"type":"Polygon","coordinates":[[[25.53125,64.927083],[25.535417,64.927083],[25.535417,64.93125],[25.53125,64.93125],[25.53125,64.927083]]]},"properties":{"radiance":16.65}},{"type":"Feature","geometry":{"type":"Polygon","coordinates":[[[25.535417,64.927083],[25.539583,64.927083],[25.539583,64.93125],[25.535417,64.93125],[25.535417,64.927083]]]},"properties":{"radiance":12.78}},{"type":"Feature","geometry":{"type":"Polygon","coordinates":[[[25.38125,64.922917],[25.385417,64.922917],[25.385417,64.927083],[25.38125,64.927083],[25.38125,64.922917]]]},"properties":{"radiance":6.35}},{"type":"Feature","geometry":{"type":"Polygon","coordinates":[[[25.385417,64.922917],[25.389583,64.922917],[25.389583,64.927083],[25.385417,64.927083],[25.385417,64.922917]]]},"properties":{"radiance":5.33}},{"type":"Feature","geometry":{"type":"Polygon","coordinates":[[[25.39375,64.922917],[25.397917,64.922917],[25.397917,64.927083],[25.39375,64.927083],[25.39375,64.922917]]]},"properties":{"radiance":5.71}},{"type":"Feature","geometry":{"type":"Polygon","coordinates":[[[25.397917,64.922917],[25.402083,64.922917],[25.402083,64.927083],[25.397917,64.927083],[25.397917,64.922917]]]},"properties":{"radiance":5.14}},{"type":"Feature","geometry":{"type":"Polygon","coordinates":[[[25.46875,64.922917],[25.472917,64.922917],[25.472917,64.927083],[25.46875,64.927083],[25.46875,64.922917]]]},"properties":{"radiance":5.79}},{"type":"Feature","geometry":{"type":"Polygon","coordinates":[[[25.472917,64.922917],[25.477083,64.922917],[25.477083,64.927083],[25.472917,64.927083],[25.472917,64.922917]]]},"properties":{"radiance":5.66}},{"type":"Feature","geometry":{"type":"Polygon","coordinates":[[[25.485417,64.922917],[25.489583,64.922917],[25.489583,64.927083],[25.485417,64.927083],[25.485417,64.922917]]]},"properties":{"radiance":7.79}},{"type":"Feature","geometry":{"type":"Polygon","coordinates":[[[25.489583,64.922917],[25.49375,64.922917],[25.49375,64.927083],[25.489583,64.927083],[25.489583,64.922917]]]},"properties":{"radiance":5.4}},{"type":"Feature","geometry":{"type":"Polygon","coordinates":[[[25.49375,64.922917],[25.497917,64.922917],[25.497917,64.927083],[25.49375,64.927083],[25.49375,64.922917]]]},"properties":{"radiance":7.88}},{"type":"Feature","geometry":{"type":"Polygon","coordinates":[[[25.497917,64.922917],[25.502083,64.922917],[25.502083,64.927083],[25.497917,64.927083],[25.497917,64.922917]]]},"properties":{"radiance":6.7}},{"type":"Feature","geometry":{"type":"Polygon","coordinates":[[[25.502083,64.922917],[25.50625,64.922917],[25.50625,64.927083],[25.502083,64.927083],[25.502083,64.922917]]]},"properties":{"radiance":13.6}},{"type":"Feature","geometry":{"type":"Polygon","coordinates":[[[25.50625,64.922917],[25.510417,64.922917],[25.510417,64.927083],[25.50625,64.927083],[25.50625,64.922917]]]},"properties":{"radiance":15.05}},{"type":"Feature","geometry":{"type":"Polygon","coordinates":[[[25.510417,64.922917],[25.514583,64.922917],[25.514583,64.927083],[25.510417,64.927083],[25.510417,64.922917]]]},"properties":{"radiance":13.56}},{"type":"Feature","geometry":{"type":"Polygon","coordinates":[[[25.514583,64.922917],[25.51875,64.922917],[25.51875,64.927083],[25.514583,64.927083],[25.514583,64.922917]]]},"properties":{"radiance":35.51}},{"type":"Feature","geometry":{"type":"Polygon","coordinates":[[[25.51875,64.922917],[25.522917,64.922917],[25.522917,64.927083],[25.51875,64.927083],[25.51875,64.922917]]]},"properties":{"radiance":40.26}},{"type":"Feature","geometry":{"type":"Polygon","coordinates":[[[25.522917,64.922917],[25.527083,64.922917],[25.527083,64.927083],[25.522917,64.927083],[25.522917,64.922917]]]},"properties":{"radiance":45.55}},{"type":"Feature","geometry":{"type":"Polygon","coordinates":[[[25.527083,64.922917],[25.53125,64.922917],[25.53125,64.927083],[25.527083,64.927083],[25.527083,64.922917]]]},"properties":{"radiance":48.52}},{"type":"Feature","geometry":{"type":"Polygon","coordinates":[[[25.53125,64.922917],[25.535417,64.922917],[25.535417,64.927083],[25.53125,64.927083],[25.53125,64.922917]]]},"properties":{"radiance":56.24}},{"type":"Feature","geometry":{"type":"Polygon","coordinates":[[[25.535417,64.922917],[25.539583,64.922917],[25.539583,64.927083],[25.535417,64.927083],[25.535417,64.922917]]]},"properties":{"radiance":46.87}},{"type":"Feature","geometry":{"type":"Polygon","coordinates":[[[25.464583,64.91875],[25.46875,64.91875],[25.46875,64.922917],[25.464583,64.922917],[25.464583,64.91875]]]},"properties":{"radiance":5.45}},{"type":"Feature","geometry":{"type":"Polygon","coordinates":[[[25.46875,64.91875],[25.472917,64.91875],[25.472917,64.922917],[25.46875,64.922917],[25.46875,64.91875]]]},"properties":{"radiance":14.46}},{"type":"Feature","geometry":{"type":"Polygon","coordinates":[[[25.472917,64.91875],[25.477083,64.91875],[25.477083,64.922917],[25.472917,64.922917],[25.472917,64.91875]]]},"properties":{"radiance":36.37}},{"type":"Feature","geometry":{"type":"Polygon","coordinates":[[[25.477083,64.91875],[25.48125,64.91875],[25.48125,64.922917],[25.477083,64.922917],[25.477083,64.91875]]]},"properties":{"radiance":43.09}},{"type":"Feature","geometry":{"type":"Polygon","coordinates":[[[25.48125,64.91875],[25.485417,64.91875],[25.485417,64.922917],[25.48125,64.922917],[25.48125,64.91875]]]},"properties":{"radiance":60.88}},{"type":"Feature","geometry":{"type":"Polygon","coordinates":[[[25.485417,64.91875],[25.489583,64.91875],[25.489583,64.922917],[25.485417,64.922917],[25.485417,64.91875]]]},"properties":{"radiance":65.97}},{"type":"Feature","geometry":{"type":"Polygon","coordinates":[[[25.489583,64.91875],[25.49375,64.91875],[25.49375,64.922917],[25.489583,64.922917],[25.489583,64.91875]]]},"properties":{"radiance":38.78}},{"type":"Feature","geometry":{"type":"Polygon","coordinates":[[[25.49375,64.91875],[25.497917,64.91875],[25.497917,64.922917],[25.49375,64.922917],[25.49375,64.91875]]]},"properties":{"radiance":39.3}},{"type":"Feature","geometry":{"type":"Polygon","coordinates":[[[25.497917,64.91875],[25.502083,64.91875],[25.502083,64.922917],[25.497917,64.922917],[25.497917,64.91875]]]},"properties":{"radiance":15}},{"type":"Feature","geometry":{"type":"Polygon","coordinates":[[[25.502083,64.91875],[25.50625,64.91875],[25.50625,64.922917],[25.502083,64.922917],[25.502083,64.91875]]]},"properties":{"radiance":15.14}},{"type":"Feature","geometry":{"type":"Polygon","coordinates":[[[25.50625,64.91875],[25.510417,64.91875],[25.510417,64.922917],[25.50625,64.922917],[25.50625,64.91875]]]},"properties":{"radiance":10.5}},{"type":"Feature","geometry":{"type":"Polygon","coordinates":[[[25.510417,64.91875],[25.514583,64.91875],[25.514583,64.922917],[25.510417,64.922917],[25.510417,64.91875]]]},"properties":{"radiance":12.57}},{"type":"Feature","geometry":{"type":"Polygon","coordinates":[[[25.514583,64.91875],[25.51875,64.91875],[25.51875,64.922917],[25.514583,64.922917],[25.514583,64.91875]]]},"properties":{"radiance":15.86}},{"type":"Feature","geometry":{"type":"Polygon","coordinates":[[[25.51875,64.91875],[25.522917,64.91875],[25.522917,64.922917],[25.51875,64.922917],[25.51875,64.91875]]]},"properties":{"radiance":17.46}},{"type":"Feature","geometry":{"type":"Polygon","coordinates":[[[25.522917,64.91875],[25.527083,64.91875],[25.527083,64.922917],[25.522917,64.922917],[25.522917,64.91875]]]},"properties":{"radiance":17.65}},{"type":"Feature","geometry":{"type":"Polygon","coordinates":[[[25.527083,64.91875],[25.53125,64.91875],[25.53125,64.922917],[25.527083,64.922917],[25.527083,64.91875]]]},"properties":{"radiance":20.4}},{"type":"Feature","geometry":{"type":"Polygon","coordinates":[[[25.53125,64.91875],[25.535417,64.91875],[25.535417,64.922917],[25.53125,64.922917],[25.53125,64.91875]]]},"properties":{"radiance":28.36}},{"type":"Feature","geometry":{"type":"Polygon","coordinates":[[[25.535417,64.91875],[25.539583,64.91875],[25.539583,64.922917],[25.535417,64.922917],[25.535417,64.91875]]]},"properties":{"radiance":42.68}},{"type":"Feature","geometry":{"type":"Polygon","coordinates":[[[25.464583,64.914583],[25.46875,64.914583],[25.46875,64.91875],[25.464583,64.91875],[25.464583,64.914583]]]},"properties":{"radiance":11.9}},{"type":"Feature","geometry":{"type":"Polygon","coordinates":[[[25.46875,64.914583],[25.472917,64.914583],[25.472917,64.91875],[25.46875,64.91875],[25.46875,64.914583]]]},"properties":{"radiance":36.76}},{"type":"Feature","geometry":{"type":"Polygon","coordinates":[[[25.472917,64.914583],[25.477083,64.914583],[25.477083,64.91875],[25.472917,64.91875],[25.472917,64.914583]]]},"properties":{"radiance":37.69}},{"type":"Feature","geometry":{"type":"Polygon","coordinates":[[[25.477083,64.914583],[25.48125,64.914583],[25.48125,64.91875],[25.477083,64.91875],[25.477083,64.914583]]]},"properties":{"radiance":53.26}},{"type":"Feature","geometry":{"type":"Polygon","coordinates":[[[25.48125,64.914583],[25.485417,64.914583],[25.485417,64.91875],[25.48125,64.91875],[25.48125,64.914583]]]},"properties":{"radiance":70}},{"type":"Feature","geometry":{"type":"Polygon","coordinates":[[[25.485417,64.914583],[25.489583,64.914583],[25.489583,64.91875],[25.485417,64.91875],[25.485417,64.914583]]]},"properties":{"radiance":63.86}},{"type":"Feature","geometry":{"type":"Polygon","coordinates":[[[25.489583,64.914583],[25.49375,64.914583],[25.49375,64.91875],[25.489583,64.91875],[25.489583,64.914583]]]},"properties":{"radiance":64}},{"type":"Feature","geometry":{"type":"Polygon","coordinates":[[[25.49375,64.914583],[25.497917,64.914583],[25.497917,64.91875],[25.49375,64.91875],[25.49375,64.914583]]]},"properties":{"radiance":79.57}},{"type":"Feature","geometry":{"type":"Polygon","coordinates":[[[25.497917,64.914583],[25.502083,64.914583],[25.502083,64.91875],[25.497917,64.91875],[25.497917,64.914583]]]},"properties":{"radiance":74.56}},{"type":"Feature","geometry":{"type":"Polygon","coordinates":[[[25.502083,64.914583],[25.50625,64.914583],[25.50625,64.91875],[25.502083,64.91875],[25.502083,64.914583]]]},"properties":{"radiance":72.05}},{"type":"Feature","geometry":{"type":"Polygon","coordinates":[[[25.50625,64.914583],[25.510417,64.914583],[25.510417,64.91875],[25.50625,64.91875],[25.50625,64.914583]]]},"properties":{"radiance":91.31}},{"type":"Feature","geometry":{"type":"Polygon","coordinates":[[[25.510417,64.914583],[25.514583,64.914583],[25.514583,64.91875],[25.510417,64.91875],[25.510417,64.914583]]]},"properties":{"radiance":26.58}},{"type":"Feature","geometry":{"type":"Polygon","coordinates":[[[25.514583,64.914583],[25.51875,64.914583],[25.51875,64.91875],[25.514583,64.91875],[25.514583,64.914583]]]},"properties":{"radiance":15.81}},{"type":"Feature","geometry":{"type":"Polygon","coordinates":[[[25.51875,64.914583],[25.522917,64.914583],[25.522917,64.91875],[25.51875,64.91875],[25.51875,64.914583]]]},"properties":{"radiance":16.11}},{"type":"Feature","geometry":{"type":"Polygon","coordinates":[[[25.522917,64.914583],[25.527083,64.914583],[25.527083,64.91875],[25.522917,64.91875],[25.522917,64.914583]]]},"properties":{"radiance":16.93}},{"type":"Feature","geometry":{"type":"Polygon","coordinates":[[[25.527083,64.914583],[25.53125,64.914583],[25.53125,64.91875],[25.527083,64.91875],[25.527083,64.914583]]]},"properties":{"radiance":45.32}},{"type":"Feature","geometry":{"type":"Polygon","coordinates":[[[25.53125,64.914583],[25.535417,64.914583],[25.535417,64.91875],[25.53125,64.91875],[25.53125,64.914583]]]},"properties":{"radiance":19.37}},{"type":"Feature","geometry":{"type":"Polygon","coordinates":[[[25.535417,64.914583],[25.539583,64.914583],[25.539583,64.91875],[25.535417,64.91875],[25.535417,64.914583]]]},"properties":{"radiance":18.11}},{"type":"Feature","geometry":{"type":"Polygon","coordinates":[[[25.46875,64.910417],[25.472917,64.910417],[25.472917,64.914583],[25.46875,64.914583],[25.46875,64.910417]]]},"properties":{"radiance":16.24}},{"type":"Feature","geometry":{"type":"Polygon","coordinates":[[[25.472917,64.910417],[25.477083,64.910417],[25.477083,64.914583],[25.472917,64.914583],[25.472917,64.910417]]]},"properties":{"radiance":37.44}},{"type":"Feature","geometry":{"type":"Polygon","coordinates":[[[25.477083,64.910417],[25.48125,64.910417],[25.48125,64.914583],[25.477083,64.914583],[25.477083,64.910417]]]},"properties":{"radiance":38.08}},{"type":"Feature","geometry":{"type":"Polygon","coordinates":[[[25.48125,64.910417],[25.485417,64.910417],[25.485417,64.914583],[25.48125,64.914583],[25.48125,64.910417]]]},"properties":{"radiance":39.83}},{"type":"Feature","geometry":{"type":"Polygon","coordinates":[[[25.485417,64.910417],[25.489583,64.910417],[25.489583,64.914583],[25.485417,64.914583],[25.485417,64.910417]]]},"properties":{"radiance":51.61}},{"type":"Feature","geometry":{"type":"Polygon","coordinates":[[[25.489583,64.910417],[25.49375,64.910417],[25.49375,64.914583],[25.489583,64.914583],[25.489583,64.910417]]]},"properties":{"radiance":46.34}},{"type":"Feature","geometry":{"type":"Polygon","coordinates":[[[25.49375,64.910417],[25.497917,64.910417],[25.497917,64.914583],[25.49375,64.914583],[25.49375,64.910417]]]},"properties":{"radiance":81.31}},{"type":"Feature","geometry":{"type":"Polygon","coordinates":[[[25.497917,64.910417],[25.502083,64.910417],[25.502083,64.914583],[25.497917,64.914583],[25.497917,64.910417]]]},"properties":{"radiance":87.15}},{"type":"Feature","geometry":{"type":"Polygon","coordinates":[[[25.502083,64.910417],[25.50625,64.910417],[25.50625,64.914583],[25.502083,64.914583],[25.502083,64.910417]]]},"properties":{"radiance":105.1}},{"type":"Feature","geometry":{"type":"Polygon","coordinates":[[[25.50625,64.910417],[25.510417,64.910417],[25.510417,64.914583],[25.50625,64.914583],[25.50625,64.910417]]]},"properties":{"radiance":91.28}},{"type":"Feature","geometry":{"type":"Polygon","coordinates":[[[25.510417,64.910417],[25.514583,64.910417],[25.514583,64.914583],[25.510417,64.914583],[25.510417,64.910417]]]},"properties":{"radiance":48.69}},{"type":"Feature","geometry":{"type":"Polygon","coordinates":[[[25.514583,64.910417],[25.51875,64.910417],[25.51875,64.914583],[25.514583,64.914583],[25.514583,64.910417]]]},"properties":{"radiance":26.54}},{"type":"Feature","geometry":{"type":"Polygon","coordinates":[[[25.51875,64.910417],[25.522917,64.910417],[25.522917,64.914583],[25.51875,64.914583],[25.51875,64.910417]]]},"properties":{"radiance":75.24}},{"type":"Feature","geometry":{"type":"Polygon","coordinates":[[[25.522917,64.910417],[25.527083,64.910417],[25.527083,64.914583],[25.522917,64.914583],[25.522917,64.910417]]]},"properties":{"radiance":75.08}},{"type":"Feature","geometry":{"type":"Polygon","coordinates":[[[25.527083,64.910417],[25.53125,64.910417],[25.53125,64.914583],[25.527083,64.914583],[25.527083,64.910417]]]},"properties":{"radiance":26.37}},{"type":"Feature","geometry":{"type":"Polygon","coordinates":[[[25.53125,64.910417],[25.535417,64.910417],[25.535417,64.914583],[25.53125,64.914583],[25.53125,64.910417]]]},"properties":{"radiance":81.15}},{"type":"Feature","geometry":{"type":"Polygon","coordinates":[[[25.535417,64.910417],[25.539583,64.910417],[25.539583,64.914583],[25.535417,64.914583],[25.535417,64.910417]]]},"properties":{"radiance":21.84}},{"type":"Feature","geometry":{"type":"Polygon","coordinates":[[[25.46875,64.90625],[25.472917,64.90625],[25.472917,64.910417],[25.46875,64.910417],[25.46875,64.90625]]]},"properties":{"radiance":5.44}},{"type":"Feature","geometry":{"type":"Polygon","coordinates":[[[25.472917,64.90625],[25.477083,64.90625],[25.477083,64.910417],[25.472917,64.910417],[25.472917,64.90625]]]},"properties":{"radiance":5.94}},{"type":"Feature","geometry":{"type":"Polygon","coordinates":[[[25.477083,64.90625],[25.48125,64.90625],[25.48125,64.910417],[25.477083,64.910417],[25.477083,64.90625]]]},"properties":{"radiance":7.68}},{"type":"Feature","geometry":{"type":"Polygon","coordinates":[[[25.48125,64.90625],[25.485417,64.90625],[25.485417,64.910417],[25.48125,64.910417],[25.48125,64.90625]]]},"properties":{"radiance":8.37}},{"type":"Feature","geometry":{"type":"Polygon","coordinates":[[[25.485417,64.90625],[25.489583,64.90625],[25.489583,64.910417],[25.485417,64.910417],[25.485417,64.90625]]]},"properties":{"radiance":6.75}},{"type":"Feature","geometry":{"type":"Polygon","coordinates":[[[25.489583,64.90625],[25.49375,64.90625],[25.49375,64.910417],[25.489583,64.910417],[25.489583,64.90625]]]},"properties":{"radiance":6.48}},{"type":"Feature","geometry":{"type":"Polygon","coordinates":[[[25.49375,64.90625],[25.497917,64.90625],[25.497917,64.910417],[25.49375,64.910417],[25.49375,64.90625]]]},"properties":{"radiance":6.42}},{"type":"Feature","geometry":{"type":"Polygon","coordinates":[[[25.497917,64.90625],[25.502083,64.90625],[25.502083,64.910417],[25.497917,64.910417],[25.497917,64.90625]]]},"properties":{"radiance":7.95}},{"type":"Feature","geometry":{"type":"Polygon","coordinates":[[[25.502083,64.90625],[25.50625,64.90625],[25.50625,64.910417],[25.502083,64.910417],[25.502083,64.90625]]]},"properties":{"radiance":12.93}},{"type":"Feature","geometry":{"type":"Polygon","coordinates":[[[25.50625,64.90625],[25.510417,64.90625],[25.510417,64.910417],[25.50625,64.910417],[25.50625,64.90625]]]},"properties":{"radiance":18.45}},{"type":"Feature","geometry":{"type":"Polygon","coordinates":[[[25.510417,64.90625],[25.514583,64.90625],[25.514583,64.910417],[25.510417,64.910417],[25.510417,64.90625]]]},"properties":{"radiance":15.93}},{"type":"Feature","geometry":{"type":"Polygon","coordinates":[[[25.514583,64.90625],[25.51875,64.90625],[25.51875,64.910417],[25.514583,64.910417],[25.514583,64.90625]]]},"properties":{"radiance":22.76}},{"type":"Feature","geometry":{"type":"Polygon","coordinates":[[[25.51875,64.90625],[25.522917,64.90625],[25.522917,64.910417],[25.51875,64.910417],[25.51875,64.90625]]]},"properties":{"radiance":36.47}},{"type":"Feature","geometry":{"type":"Polygon","coordinates":[[[25.522917,64.90625],[25.527083,64.90625],[25.527083,64.910417],[25.522917,64.910417],[25.522917,64.90625]]]},"properties":{"radiance":24.62}},{"type":"Feature","geometry":{"type":"Polygon","coordinates":[[[25.527083,64.90625],[25.53125,64.90625],[25.53125,64.910417],[25.527083,64.910417],[25.527083,64.90625]]]},"properties":{"radiance":49.74}},{"type":"Feature","geometry":{"type":"Polygon","coordinates":[[[25.53125,64.90625],[25.535417,64.90625],[25.535417,64.910417],[25.53125,64.910417],[25.53125,64.90625]]]},"properties":{"radiance":68.6}},{"type":"Feature","geometry":{"type":"Polygon","coordinates":[[[25.535417,64.90625],[25.539583,64.90625],[25.539583,64.910417],[25.535417,64.910417],[25.535417,64.90625]]]},"properties":{"radiance":59.71}},{"type":"Feature","geometry":{"type":"Polygon","coordinates":[[[25.472917,64.902083],[25.477083,64.902083],[25.477083,64.90625],[25.472917,64.90625],[25.472917,64.902083]]]},"properties":{"radiance":7.56}},{"type":"Feature","geometry":{"type":"Polygon","coordinates":[[[25.502083,64.902083],[25.50625,64.902083],[25.50625,64.90625],[25.502083,64.90625],[25.502083,64.902083]]]},"properties":{"radiance":5.91}},{"type":"Feature","geometry":{"type":"Polygon","coordinates":[[[25.50625,64.902083],[25.510417,64.902083],[25.510417,64.90625],[25.50625,64.90625],[25.50625,64.902083]]]},"properties":{"radiance":7.63}},{"type":"Feature","geometry":{"type":"Polygon","coordinates":[[[25.510417,64.902083],[25.514583,64.902083],[25.514583,64.90625],[25.510417,64.90625],[25.510417,64.902083]]]},"properties":{"radiance":7.94}},{"type":"Feature","geometry":{"type":"Polygon","coordinates":[[[25.514583,64.902083],[25.51875,64.902083],[25.51875,64.90625],[25.514583,64.90625],[25.514583,64.902083]]]},"properties":{"radiance":9.66}},{"type":"Feature","geometry":{"type":"Polygon","coordinates":[[[25.51875,64.902083],[25.522917,64.902083],[25.522917,64.90625],[25.51875,64.90625],[25.51875,64.902083]]]},"properties":{"radiance":11.89}},{"type":"Feature","geometry":{"type":"Polygon","coordinates":[[[25.522917,64.902083],[25.527083,64.902083],[25.527083,64.90625],[25.522917,64.90625],[25.522917,64.902083]]]},"properties":{"radiance":40.01}},{"type":"Feature","geometry":{"type":"Polygon","coordinates":[[[25.527083,64.902083],[25.53125,64.902083],[25.53125,64.90625],[25.527083,64.90625],[25.527083,64.902083]]]},"properties":{"radiance":42.23}},{"type":"Feature","geometry":{"type":"Polygon","coordinates":[[[25.53125,64.902083],[25.535417,64.902083],[25.535417,64.90625],[25.53125,64.90625],[25.53125,64.902083]]]},"properties":{"radiance":56.84}},{"type":"Feature","geometry":{"type":"Polygon","coordinates":[[[25.535417,64.902083],[25.539583,64.902083],[25.539583,64.90625],[25.535417,64.90625],[25.535417,64.902083]]]},"properties":{"radiance":62.18}},{"type":"Feature","geometry":{"type":"Polygon","coordinates":[[[25.502083,64.897917],[25.50625,64.897917],[25.50625,64.902083],[25.502083,64.902083],[25.502083,64.897917]]]},"properties":{"radiance":6.62}},{"type":"Feature","geometry":{"type":"Polygon","coordinates":[[[25.50625,64.897917],[25.510417,64.897917],[25.510417,64.902083],[25.50625,64.902083],[25.50625,64.897917]]]},"properties":{"radiance":7.2}},{"type":"Feature","geometry":{"type":"Polygon","coordinates":[[[25.510417,64.897917],[25.514583,64.897917],[25.514583,64.902083],[25.510417,64.902083],[25.510417,64.897917]]]},"properties":{"radiance":8.77}},{"type":"Feature","geometry":{"type":"Polygon","coordinates":[[[25.514583,64.897917],[25.51875,64.897917],[25.51875,64.902083],[25.514583,64.902083],[25.514583,64.897917]]]},"properties":{"radiance":8.88}},{"type":"Feature","geometry":{"type":"Polygon","coordinates":[[[25.51875,64.897917],[25.522917,64.897917],[25.522917,64.902083],[25.51875,64.902083],[25.51875,64.897917]]]},"properties":{"radiance":9.02}},{"type":"Feature","geometry":{"type":"Polygon","coordinates":[[[25.522917,64.897917],[25.527083,64.897917],[25.527083,64.902083],[25.522917,64.902083],[25.522917,64.897917]]]},"properties":{"radiance":11.69}},{"type":"Feature","geometry":{"type":"Polygon","coordinates":[[[25.527083,64.897917],[25.53125,64.897917],[25.53125,64.902083],[25.527083,64.902083],[25.527083,64.897917]]]},"properties":{"radiance":11.26}},{"type":"Feature","geometry":{"type":"Polygon","coordinates":[[[25.53125,64.897917],[25.535417,64.897917],[25.535417,64.902083],[25.53125,64.902083],[25.53125,64.897917]]]},"properties":{"radiance":10.55}},{"type":"Feature","geometry":{"type":"Polygon","coordinates":[[[25.535417,64.897917],[25.539583,64.897917],[25.539583,64.902083],[25.535417,64.902083],[25.535417,64.897917]]]},"properties":{"radiance":9.88}},{"type":"Feature","geometry":{"type":"Polygon","coordinates":[[[25.502083,64.89375],[25.50625,64.89375],[25.50625,64.897917],[25.502083,64.897917],[25.502083,64.89375]]]},"properties":{"radiance":5.87}},{"type":"Feature","geometry":{"type":"Polygon","coordinates":[[[25.50625,64.89375],[25.510417,64.89375],[25.510417,64.897917],[25.50625,64.897917],[25.50625,64.89375]]]},"properties":{"radiance":8.31}},{"type":"Feature","geometry":{"type":"Polygon","coordinates":[[[25.510417,64.89375],[25.514583,64.89375],[25.514583,64.897917],[25.510417,64.897917],[25.510417,64.89375]]]},"properties":{"radiance":12.22}},{"type":"Feature","geometry":{"type":"Polygon","coordinates":[[[25.514583,64.89375],[25.51875,64.89375],[25.51875,64.897917],[25.514583,64.897917],[25.514583,64.89375]]]},"properties":{"radiance":11.05}},{"type":"Feature","geometry":{"type":"Polygon","coordinates":[[[25.51875,64.89375],[25.522917,64.89375],[25.522917,64.897917],[25.51875,64.897917],[25.51875,64.89375]]]},"properties":{"radiance":11.93}},{"type":"Feature","geometry":{"type":"Polygon","coordinates":[[[25.522917,64.89375],[25.527083,64.89375],[25.527083,64.897917],[25.522917,64.897917],[25.522917,64.89375]]]},"properties":{"radiance":8.17}},{"type":"Feature","geometry":{"type":"Polygon","coordinates":[[[25.527083,64.89375],[25.53125,64.89375],[25.53125,64.897917],[25.527083,64.897917],[25.527083,64.89375]]]},"properties":{"radiance":7.13}},{"type":"Feature","geometry":{"type":"Polygon","coordinates":[[[25.50625,64.889583],[25.510417,64.889583],[25.510417,64.89375],[25.50625,64.89375],[25.50625,64.889583]]]},"properties":{"radiance":9.15}},{"type":"Feature","geometry":{"type":"Polygon","coordinates":[[[25.510417,64.889583],[25.514583,64.889583],[25.514583,64.89375],[25.510417,64.89375],[25.510417,64.889583]]]},"properties":{"radiance":5.75}},{"type":"Feature","geometry":{"type":"Polygon","coordinates":[[[25.514583,64.889583],[25.51875,64.889583],[25.51875,64.89375],[25.514583,64.89375],[25.514583,64.889583]]]},"properties":{"radiance":8.44}},{"type":"Feature","geometry":{"type":"Polygon","coordinates":[[[25.51875,64.889583],[25.522917,64.889583],[25.522917,64.89375],[25.51875,64.89375],[25.51875,64.889583]]]},"properties":{"radiance":7.15}},{"type":"Feature","geometry":{"type":"Polygon","coordinates":[[[25.522917,64.889583],[25.527083,64.889583],[25.527083,64.89375],[25.522917,64.89375],[25.522917,64.889583]]]},"properties":{"radiance":5.13}},{"type":"Feature","geometry":{"type":"Polygon","coordinates":[[[25.522917,64.86875],[25.527083,64.86875],[25.527083,64.872917],[25.522917,64.872917],[25.522917,64.86875]]]},"properties":{"radiance":5.59}},{"type":"Feature","geometry":{"type":"Polygon","coordinates":[[[25.477083,64.864583],[25.48125,64.864583],[25.48125,64.86875],[25.477083,64.86875],[25.477083,64.864583]]]},"properties":{"radiance":6.16}},{"type":"Feature","geometry":{"type":"Polygon","coordinates":[[[25.50625,64.864583],[25.510417,64.864583],[25.510417,64.86875],[25.50625,64.86875],[25.50625,64.864583]]]},"properties":{"radiance":11.74}},{"type":"Feature","geometry":{"type":"Polygon","coordinates":[[[25.510417,64.864583],[25.514583,64.864583],[25.514583,64.86875],[25.510417,64.86875],[25.510417,64.864583]]]},"properties":{"radiance":5.12}},{"type":"Feature","geometry":{"type":"Polygon","coordinates":[[[25.514583,64.864583],[25.51875,64.864583],[25.51875,64.86875],[25.514583,64.86875],[25.514583,64.864583]]]},"properties":{"radiance":42.78}},{"type":"Feature","geometry":{"type":"Polygon","coordinates":[[[25.51875,64.864583],[25.522917,64.864583],[25.522917,64.86875],[25.51875,64.86875],[25.51875,64.864583]]]},"properties":{"radiance":61.08}},{"type":"Feature","geometry":{"type":"Polygon","coordinates":[[[25.522917,64.864583],[25.527083,64.864583],[25.527083,64.86875],[25.522917,64.86875],[25.522917,64.864583]]]},"properties":{"radiance":10.08}},{"type":"Feature","geometry":{"type":"Polygon","coordinates":[[[25.527083,64.864583],[25.53125,64.864583],[25.53125,64.86875],[25.527083,64.86875],[25.527083,64.864583]]]},"properties":{"radiance":9.68}},{"type":"Feature","geometry":{"type":"Polygon","coordinates":[[[25.472917,64.860417],[25.477083,64.860417],[25.477083,64.864583],[25.472917,64.864583],[25.472917,64.860417]]]},"properties":{"radiance":5.29}},{"type":"Feature","geometry":{"type":"Polygon","coordinates":[[[25.50625,64.860417],[25.510417,64.860417],[25.510417,64.864583],[25.50625,64.864583],[25.50625,64.860417]]]},"properties":{"radiance":6.33}},{"type":"Feature","geometry":{"type":"Polygon","coordinates":[[[25.510417,64.860417],[25.514583,64.860417],[25.514583,64.864583],[25.510417,64.864583],[25.510417,64.860417]]]},"properties":{"radiance":7.08}},{"type":"Feature","geometry":{"type":"Polygon","coordinates":[[[25.514583,64.860417],[25.51875,64.860417],[25.51875,64.864583],[25.514583,64.864583],[25.514583,64.860417]]]},"properties":{"radiance":16.03}},{"type":"Feature","geometry":{"type":"Polygon","coordinates":[[[25.51875,64.860417],[25.522917,64.860417],[25.522917,64.864583],[25.51875,64.864583],[25.51875,64.860417]]]},"properties":{"radiance":55.32}},{"type":"Feature","geometry":{"type":"Polygon","coordinates":[[[25.522917,64.860417],[25.527083,64.860417],[25.527083,64.864583],[25.522917,64.864583],[25.522917,64.860417]]]},"properties":{"radiance":51.41}},{"type":"Feature","geometry":{"type":"Polygon","coordinates":[[[25.527083,64.860417],[25.53125,64.860417],[25.53125,64.864583],[25.527083,64.864583],[25.527083,64.860417]]]},"properties":{"radiance":10.49}},{"type":"Feature","geometry":{"type":"Polygon","coordinates":[[[25.53125,64.860417],[25.535417,64.860417],[25.535417,64.864583],[25.53125,64.864583],[25.53125,64.860417]]]},"properties":{"radiance":6.55}},{"type":"Feature","geometry":{"type":"Polygon","coordinates":[[[25.477083,64.85625],[25.48125,64.85625],[25.48125,64.860417],[25.477083,64.860417],[25.477083,64.85625]]]},"properties":{"radiance":5}},{"type":"Feature","geometry":{"type":"Polygon","coordinates":[[[25.48125,64.85625],[25.485417,64.85625],[25.485417,64.860417],[25.48125,64.860417],[25.48125,64.85625]]]},"properties":{"radiance":5.24}},{"type":"Feature","geometry":{"type":"Polygon","coordinates":[[[25.489583,64.85625],[25.49375,64.85625],[25.49375,64.860417],[25.489583,64.860417],[25.489583,64.85625]]]},"properties":{"radiance":6.67}},{"type":"Feature","geometry":{"type":"Polygon","coordinates":[[[25.502083,64.85625],[25.50625,64.85625],[25.50625,64.860417],[25.502083,64.860417],[25.502083,64.85625]]]},"properties":{"radiance":5.27}},{"type":"Feature","geometry":{"type":"Polygon","coordinates":[[[25.50625,64.85625],[25.510417,64.85625],[25.510417,64.860417],[25.50625,64.860417],[25.50625,64.85625]]]},"properties":{"radiance":6.3}},{"type":"Feature","geometry":{"type":"Polygon","coordinates":[[[25.510417,64.85625],[25.514583,64.85625],[25.514583,64.860417],[25.510417,64.860417],[25.510417,64.85625]]]},"properties":{"radiance":6.81}},{"type":"Feature","geometry":{"type":"Polygon","coordinates":[[[25.514583,64.85625],[25.51875,64.85625],[25.51875,64.860417],[25.514583,64.860417],[25.514583,64.85625]]]},"properties":{"radiance":12.05}},{"type":"Feature","geometry":{"type":"Polygon","coordinates":[[[25.51875,64.85625],[25.522917,64.85625],[25.522917,64.860417],[25.51875,64.860417],[25.51875,64.85625]]]},"properties":{"radiance":14.72}},{"type":"Feature","geometry":{"type":"Polygon","coordinates":[[[25.522917,64.85625],[25.527083,64.85625],[25.527083,64.860417],[25.522917,64.860417],[25.522917,64.85625]]]},"properties":{"radiance":7.72}},{"type":"Feature","geometry":{"type":"Polygon","coordinates":[[[25.527083,64.85625],[25.53125,64.85625],[25.53125,64.860417],[25.527083,64.860417],[25.527083,64.85625]]]},"properties":{"radiance":8.08}},{"type":"Feature","geometry":{"type":"Polygon","coordinates":[[[25.177083,64.839583],[25.18125,64.839583],[25.18125,64.84375],[25.177083,64.84375],[25.177083,64.839583]]]},"properties":{"radiance":6.87}},{"type":"Feature","geometry":{"type":"Polygon","coordinates":[[[25.18125,64.839583],[25.185417,64.839583],[25.185417,64.84375],[25.18125,64.84375],[25.18125,64.839583]]]},"properties":{"radiance":7.42}},{"type":"Feature","geometry":{"type":"Polygon","coordinates":[[[25.185417,64.839583],[25.189583,64.839583],[25.189583,64.84375],[25.185417,64.84375],[25.185417,64.839583]]]},"properties":{"radiance":6.8}},{"type":"Feature","geometry":{"type":"Polygon","coordinates":[[[25.18125,64.835417],[25.185417,64.835417],[25.185417,64.839583],[25.18125,64.839583],[25.18125,64.835417]]]},"properties":{"radiance":8.98}},{"type":"Feature","geometry":{"type":"Polygon","coordinates":[[[25.185417,64.835417],[25.189583,64.835417],[25.189583,64.839583],[25.185417,64.839583],[25.185417,64.835417]]]},"properties":{"radiance":12.89}},{"type":"Feature","geometry":{"type":"Polygon","coordinates":[[[25.189583,64.835417],[25.19375,64.835417],[25.19375,64.839583],[25.189583,64.839583],[25.189583,64.835417]]]},"properties":{"radiance":6.78}},{"type":"Feature","geometry":{"type":"Polygon","coordinates":[[[24.76875,64.81875],[24.772917,64.81875],[24.772917,64.822917],[24.76875,64.822917],[24.76875,64.81875]]]},"properties":{"radiance":5.56}},{"type":"Feature","geometry":{"type":"Polygon","coordinates":[[[25.472917,64.81875],[25.477083,64.81875],[25.477083,64.822917],[25.472917,64.822917],[25.472917,64.81875]]]},"properties":{"radiance":5.21}},{"type":"Feature","geometry":{"type":"Polygon","coordinates":[[[25.48125,64.81875],[25.485417,64.81875],[25.485417,64.822917],[25.48125,64.822917],[25.48125,64.81875]]]},"properties":{"radiance":5.38}},{"type":"Feature","geometry":{"type":"Polygon","coordinates":[[[25.485417,64.81875],[25.489583,64.81875],[25.489583,64.822917],[25.485417,64.822917],[25.485417,64.81875]]]},"properties":{"radiance":5.22}},{"type":"Feature","geometry":{"type":"Polygon","coordinates":[[[24.747917,64.814583],[24.752083,64.814583],[24.752083,64.81875],[24.747917,64.81875],[24.747917,64.814583]]]},"properties":{"radiance":5.69}},{"type":"Feature","geometry":{"type":"Polygon","coordinates":[[[24.75625,64.814583],[24.760417,64.814583],[24.760417,64.81875],[24.75625,64.81875],[24.75625,64.814583]]]},"properties":{"radiance":20.17}},{"type":"Feature","geometry":{"type":"Polygon","coordinates":[[[24.760417,64.814583],[24.764583,64.814583],[24.764583,64.81875],[24.760417,64.81875],[24.760417,64.814583]]]},"properties":{"radiance":7.35}},{"type":"Feature","geometry":{"type":"Polygon","coordinates":[[[24.764583,64.814583],[24.76875,64.814583],[24.76875,64.81875],[24.764583,64.81875],[24.764583,64.814583]]]},"properties":{"radiance":7.51}},{"type":"Feature","geometry":{"type":"Polygon","coordinates":[[[24.76875,64.814583],[24.772917,64.814583],[24.772917,64.81875],[24.76875,64.81875],[24.76875,64.814583]]]},"properties":{"radiance":5.26}},{"type":"Feature","geometry":{"type":"Polygon","coordinates":[[[25.402083,64.814583],[25.40625,64.814583],[25.40625,64.81875],[25.402083,64.81875],[25.402083,64.814583]]]},"properties":{"radiance":14.46}},{"type":"Feature","geometry":{"type":"Polygon","coordinates":[[[25.40625,64.814583],[25.410417,64.814583],[25.410417,64.81875],[25.40625,64.81875],[25.40625,64.814583]]]},"properties":{"radiance":6.21}},{"type":"Feature","geometry":{"type":"Polygon","coordinates":[[[25.410417,64.814583],[25.414583,64.814583],[25.414583,64.81875],[25.410417,64.81875],[25.410417,64.814583]]]},"properties":{"radiance":11.19}},{"type":"Feature","geometry":{"type":"Polygon","coordinates":[[[25.414583,64.814583],[25.41875,64.814583],[25.41875,64.81875],[25.414583,64.81875],[25.414583,64.814583]]]},"properties":{"radiance":9.01}},{"type":"Feature","geometry":{"type":"Polygon","coordinates":[[[25.41875,64.814583],[25.422917,64.814583],[25.422917,64.81875],[25.41875,64.81875],[25.41875,64.814583]]]},"properties":{"radiance":6.08}},{"type":"Feature","geometry":{"type":"Polygon","coordinates":[[[25.422917,64.814583],[25.427083,64.814583],[25.427083,64.81875],[25.422917,64.81875],[25.422917,64.814583]]]},"properties":{"radiance":5.27}},{"type":"Feature","geometry":{"type":"Polygon","coordinates":[[[25.46875,64.814583],[25.472917,64.814583],[25.472917,64.81875],[25.46875,64.81875],[25.46875,64.814583]]]},"properties":{"radiance":5.57}},{"type":"Feature","geometry":{"type":"Polygon","coordinates":[[[25.472917,64.814583],[25.477083,64.814583],[25.477083,64.81875],[25.472917,64.81875],[25.472917,64.814583]]]},"properties":{"radiance":8.71}},{"type":"Feature","geometry":{"type":"Polygon","coordinates":[[[25.477083,64.814583],[25.48125,64.814583],[25.48125,64.81875],[25.477083,64.81875],[25.477083,64.814583]]]},"properties":{"radiance":7.31}},{"type":"Feature","geometry":{"type":"Polygon","coordinates":[[[25.48125,64.814583],[25.485417,64.814583],[25.485417,64.81875],[25.48125,64.81875],[25.48125,64.814583]]]},"properties":{"radiance":8.79}},{"type":"Feature","geometry":{"type":"Polygon","coordinates":[[[24.739583,64.810417],[24.74375,64.810417],[24.74375,64.814583],[24.739583,64.814583],[24.739583,64.810417]]]},"properties":{"radiance":6.95}},{"type":"Feature","geometry":{"type":"Polygon","coordinates":[[[24.74375,64.810417],[24.747917,64.810417],[24.747917,64.814583],[24.74375,64.814583],[24.74375,64.810417]]]},"properties":{"radiance":7.6}},{"type":"Feature","geometry":{"type":"Polygon","coordinates":[[[24.752083,64.810417],[24.75625,64.810417],[24.75625,64.814583],[24.752083,64.814583],[24.752083,64.810417]]]},"properties":{"radiance":8.63}},{"type":"Feature","geometry":{"type":"Polygon","coordinates":[[[24.75625,64.810417],[24.760417,64.810417],[24.760417,64.814583],[24.75625,64.814583],[24.75625,64.810417]]]},"properties":{"radiance":7.74}},{"type":"Feature","geometry":{"type":"Polygon","coordinates":[[[24.760417,64.810417],[24.764583,64.810417],[24.764583,64.814583],[24.760417,64.814583],[24.760417,64.810417]]]},"properties":{"radiance":15.06}},{"type":"Feature","geometry":{"type":"Polygon","coordinates":[[[25.397917,64.810417],[25.402083,64.810417],[25.402083,64.814583],[25.397917,64.814583],[25.397917,64.810417]]]},"properties":{"radiance":12.57}},{"type":"Feature","geometry":{"type":"Polygon","coordinates":[[[25.402083,64.810417],[25.40625,64.810417],[25.40625,64.814583],[25.402083,64.814583],[25.402083,64.810417]]]},"properties":{"radiance":7.74}},{"type":"Feature","geometry":{"type":"Polygon","coordinates":[[[25.40625,64.810417],[25.410417,64.810417],[25.410417,64.814583],[25.40625,64.814583],[25.40625,64.810417]]]},"properties":{"radiance":9.3}},{"type":"Feature","geometry":{"type":"Polygon","coordinates":[[[25.410417,64.810417],[25.414583,64.810417],[25.414583,64.814583],[25.410417,64.814583],[25.410417,64.810417]]]},"properties":{"radiance":18.98}},{"type":"Feature","geometry":{"type":"Polygon","coordinates":[[[25.414583,64.810417],[25.41875,64.810417],[25.41875,64.814583],[25.414583,64.814583],[25.414583,64.810417]]]},"properties":{"radiance":9.38}},{"type":"Feature","geometry":{"type":"Polygon","coordinates":[[[25.41875,64.810417],[25.422917,64.810417],[25.422917,64.814583],[25.41875,64.814583],[25.41875,64.810417]]]},"properties":{"radiance":13.27}},{"type":"Feature","geometry":{"type":"Polygon","coordinates":[[[25.422917,64.810417],[25.427083,64.810417],[25.427083,64.814583],[25.422917,64.814583],[25.422917,64.810417]]]},"properties":{"radiance":6.03}},{"type":"Feature","geometry":{"type":"Polygon","coordinates":[[[25.447917,64.810417],[25.452083,64.810417],[25.452083,64.814583],[25.447917,64.814583],[25.447917,64.810417]]]},"properties":{"radiance":9.4}},{"type":"Feature","geometry":{"type":"Polygon","coordinates":[[[25.460417,64.810417],[25.464583,64.810417],[25.464583,64.814583],[25.460417,64.814583],[25.460417,64.810417]]]},"properties":{"radiance":9.37}},{"type":"Feature","geometry":{"type":"Polygon","coordinates":[[[25.464583,64.810417],[25.46875,64.810417],[25.46875,64.814583],[25.464583,64.814583],[25.464583,64.810417]]]},"properties":{"radiance":12.53}},{"type":"Feature","geometry":{"type":"Polygon","coordinates":[[[25.46875,64.810417],[25.472917,64.810417],[25.472917,64.814583],[25.46875,64.814583],[25.46875,64.810417]]]},"properties":{"radiance":11.82}},{"type":"Feature","geometry":{"type":"Polygon","coordinates":[[[25.472917,64.810417],[25.477083,64.810417],[25.477083,64.814583],[25.472917,64.814583],[25.472917,64.810417]]]},"properties":{"radiance":6.76}},{"type":"Feature","geometry":{"type":"Polygon","coordinates":[[[25.48125,64.810417],[25.485417,64.810417],[25.485417,64.814583],[25.48125,64.814583],[25.48125,64.810417]]]},"properties":{"radiance":5.7}},{"type":"Feature","geometry":{"type":"Polygon","coordinates":[[[25.397917,64.80625],[25.402083,64.80625],[25.402083,64.810417],[25.397917,64.810417],[25.397917,64.80625]]]},"properties":{"radiance":5.71}},{"type":"Feature","geometry":{"type":"Polygon","coordinates":[[[25.402083,64.80625],[25.40625,64.80625],[25.40625,64.810417],[25.402083,64.810417],[25.402083,64.80625]]]},"properties":{"radiance":7.29}},{"type":"Feature","geometry":{"type":"Polygon","coordinates":[[[25.40625,64.80625],[25.410417,64.80625],[25.410417,64.810417],[25.40625,64.810417],[25.40625,64.80625]]]},"properties":{"radiance":9.24}},{"type":"Feature","geometry":{"type":"Polygon","coordinates":[[[25.410417,64.80625],[25.414583,64.80625],[25.414583,64.810417],[25.410417,64.810417],[25.410417,64.80625]]]},"properties":{"radiance":9.1}},{"type":"Feature","geometry":{"type":"Polygon","coordinates":[[[25.414583,64.80625],[25.41875,64.80625],[25.41875,64.810417],[25.414583,64.810417],[25.414583,64.80625]]]},"properties":{"radiance":9.6}},{"type":"Feature","geometry":{"type":"Polygon","coordinates":[[[25.41875,64.80625],[25.422917,64.80625],[25.422917,64.810417],[25.41875,64.810417],[25.41875,64.80625]]]},"properties":{"radiance":23.78}},{"type":"Feature","geometry":{"type":"Polygon","coordinates":[[[25.422917,64.80625],[25.427083,64.80625],[25.427083,64.810417],[25.422917,64.810417],[25.422917,64.80625]]]},"properties":{"radiance":5.72}},{"type":"Feature","geometry":{"type":"Polygon","coordinates":[[[25.427083,64.80625],[25.43125,64.80625],[25.43125,64.810417],[25.427083,64.810417],[25.427083,64.80625]]]},"properties":{"radiance":5.87}},{"type":"Feature","geometry":{"type":"Polygon","coordinates":[[[25.43125,64.80625],[25.435417,64.80625],[25.435417,64.810417],[25.43125,64.810417],[25.43125,64.80625]]]},"properties":{"radiance":5.26}},{"type":"Feature","geometry":{"type":"Polygon","coordinates":[[[25.439583,64.80625],[25.44375,64.80625],[25.44375,64.810417],[25.439583,64.810417],[25.439583,64.80625]]]},"properties":{"radiance":8.42}},{"type":"Feature","geometry":{"type":"Polygon","coordinates":[[[25.44375,64.80625],[25.447917,64.80625],[25.447917,64.810417],[25.44375,64.810417],[25.44375,64.80625]]]},"properties":{"radiance":6.55}},{"type":"Feature","geometry":{"type":"Polygon","coordinates":[[[25.447917,64.80625],[25.452083,64.80625],[25.452083,64.810417],[25.447917,64.810417],[25.447917,64.80625]]]},"properties":{"radiance":8.55}},{"type":"Feature","geometry":{"type":"Polygon","coordinates":[[[25.452083,64.80625],[25.45625,64.80625],[25.45625,64.810417],[25.452083,64.810417],[25.452083,64.80625]]]},"properties":{"radiance":11.14}},{"type":"Feature","geometry":{"type":"Polygon","coordinates":[[[25.45625,64.80625],[25.460417,64.80625],[25.460417,64.810417],[25.45625,64.810417],[25.45625,64.80625]]]},"properties":{"radiance":8.34}},{"type":"Feature","geometry":{"type":"Polygon","coordinates":[[[25.460417,64.80625],[25.464583,64.80625],[25.464583,64.810417],[25.460417,64.810417],[25.460417,64.80625]]]},"properties":{"radiance":9.77}},{"type":"Feature","geometry":{"type":"Polygon","coordinates":[[[25.464583,64.80625],[25.46875,64.80625],[25.46875,64.810417],[25.464583,64.810417],[25.464583,64.80625]]]},"properties":{"radiance":6.54}},{"type":"Feature","geometry":{"type":"Polygon","coordinates":[[[25.397917,64.802083],[25.402083,64.802083],[25.402083,64.80625],[25.397917,64.80625],[25.397917,64.802083]]]},"properties":{"radiance":8.97}},{"type":"Feature","geometry":{"type":"Polygon","coordinates":[[[25.40625,64.802083],[25.410417,64.802083],[25.410417,64.80625],[25.40625,64.80625],[25.40625,64.802083]]]},"properties":{"radiance":5.03}},{"type":"Feature","geometry":{"type":"Polygon","coordinates":[[[25.410417,64.802083],[25.414583,64.802083],[25.414583,64.80625],[25.410417,64.80625],[25.410417,64.802083]]]},"properties":{"radiance":7.24}},{"type":"Feature","geometry":{"type":"Polygon","coordinates":[[[25.414583,64.802083],[25.41875,64.802083],[25.41875,64.80625],[25.414583,64.80625],[25.414583,64.802083]]]},"properties":{"radiance":19.94}},{"type":"Feature","geometry":{"type":"Polygon","coordinates":[[[25.41875,64.802083],[25.422917,64.802083],[25.422917,64.80625],[25.41875,64.80625],[25.41875,64.802083]]]},"properties":{"radiance":12.17}},{"type":"Feature","geometry":{"type":"Polygon","coordinates":[[[25.422917,64.802083],[25.427083,64.802083],[25.427083,64.80625],[25.422917,64.80625],[25.422917,64.802083]]]},"properties":{"radiance":9.89}},{"type":"Feature","geometry":{"type":"Polygon","coordinates":[[[25.427083,64.802083],[25.43125,64.802083],[25.43125,64.80625],[25.427083,64.80625],[25.427083,64.802083]]]},"properties":{"radiance":11.45}},{"type":"Feature","geometry":{"type":"Polygon","coordinates":[[[25.43125,64.802083],[25.435417,64.802083],[25.435417,64.80625],[25.43125,64.80625],[25.43125,64.802083]]]},"properties":{"radiance":7.89}},{"type":"Feature","geometry":{"type":"Polygon","coordinates":[[[25.39375,64.797917],[25.397917,64.797917],[25.397917,64.802083],[25.39375,64.802083],[25.39375,64.797917]]]},"properties":{"radiance":9.13}},{"type":"Feature","geometry":{"type":"Polygon","coordinates":[[[25.402083,64.797917],[25.40625,64.797917],[25.40625,64.802083],[25.402083,64.802083],[25.402083,64.797917]]]},"properties":{"radiance":5.19}},{"type":"Feature","geometry":{"type":"Polygon","coordinates":[[[25.40625,64.797917],[25.410417,64.797917],[25.410417,64.802083],[25.40625,64.802083],[25.40625,64.797917]]]},"properties":{"radiance":5.81}},{"type":"Feature","geometry":{"type":"Polygon","coordinates":[[[25.410417,64.797917],[25.414583,64.797917],[25.414583,64.802083],[25.410417,64.802083],[25.410417,64.797917]]]},"properties":{"radiance":8.03}},{"type":"Feature","geometry":{"type":"Polygon","coordinates":[[[25.414583,64.797917],[25.41875,64.797917],[25.41875,64.802083],[25.414583,64.802083],[25.414583,64.797917]]]},"properties":{"radiance":9.58}},{"type":"Feature","geometry":{"type":"Polygon","coordinates":[[[25.41875,64.797917],[25.422917,64.797917],[25.422917,64.802083],[25.41875,64.802083],[25.41875,64.797917]]]},"properties":{"radiance":15.15}},{"type":"Feature","geometry":{"type":"Polygon","coordinates":[[[25.422917,64.797917],[25.427083,64.797917],[25.427083,64.802083],[25.422917,64.802083],[25.422917,64.797917]]]},"properties":{"radiance":7.03}},{"type":"Feature","geometry":{"type":"Polygon","coordinates":[[[25.427083,64.797917],[25.43125,64.797917],[25.43125,64.802083],[25.427083,64.802083],[25.427083,64.797917]]]},"properties":{"radiance":5.8}},{"type":"Feature","geometry":{"type":"Polygon","coordinates":[[[25.39375,64.79375],[25.397917,64.79375],[25.397917,64.797917],[25.39375,64.797917],[25.39375,64.79375]]]},"properties":{"radiance":5.27}},{"type":"Feature","geometry":{"type":"Polygon","coordinates":[[[25.40625,64.79375],[25.410417,64.79375],[25.410417,64.797917],[25.40625,64.797917],[25.40625,64.79375]]]},"properties":{"radiance":6.9}},{"type":"Feature","geometry":{"type":"Polygon","coordinates":[[[25.289583,64.78125],[25.29375,64.78125],[25.29375,64.785417],[25.289583,64.785417],[25.289583,64.78125]]]},"properties":{"radiance":6.11}},{"type":"Feature","geometry":{"type":"Polygon","coordinates":[[[25.29375,64.78125],[25.297917,64.78125],[25.297917,64.785417],[25.29375,64.785417],[25.29375,64.78125]]]},"properties":{"radiance":5.15}},{"type":"Feature","geometry":{"type":"Polygon","coordinates":[[[24.597917,64.735417],[24.602083,64.735417],[24.602083,64.739583],[24.597917,64.739583],[24.597917,64.735417]]]},"properties":{"radiance":5.1}},{"type":"Feature","geometry":{"type":"Polygon","coordinates":[[[24.597917,64.73125],[24.602083,64.73125],[24.602083,64.735417],[24.597917,64.735417],[24.597917,64.73125]]]},"properties":{"radiance":5.7}},{"type":"Feature","geometry":{"type":"Polygon","coordinates":[[[24.602083,64.727083],[24.60625,64.727083],[24.60625,64.73125],[24.602083,64.73125],[24.602083,64.727083]]]},"properties":{"radiance":8.01}},{"type":"Feature","geometry":{"type":"Polygon","coordinates":[[[24.597917,64.722917],[24.602083,64.722917],[24.602083,64.727083],[24.597917,64.727083],[24.597917,64.722917]]]},"properties":{"radiance":5.36}},{"type":"Feature","geometry":{"type":"Polygon","coordinates":[[[24.60625,64.71875],[24.610417,64.71875],[24.610417,64.722917],[24.60625,64.722917],[24.60625,64.71875]]]},"properties":{"radiance":5.06}},{"type":"Feature","geometry":{"type":"Polygon","coordinates":[[[24.947917,64.71875],[24.952083,64.71875],[24.952083,64.722917],[24.947917,64.722917],[24.947917,64.71875]]]},"properties":{"radiance":5.71}},{"type":"Feature","geometry":{"type":"Polygon","coordinates":[[[24.952083,64.71875],[24.95625,64.71875],[24.95625,64.722917],[24.952083,64.722917],[24.952083,64.71875]]]},"properties":{"radiance":6.44}},{"type":"Feature","geometry":{"type":"Polygon","coordinates":[[[24.977083,64.71875],[24.98125,64.71875],[24.98125,64.722917],[24.977083,64.722917],[24.977083,64.71875]]]},"properties":{"radiance":6.68}},{"type":"Feature","geometry":{"type":"Polygon","coordinates":[[[24.597917,64.714583],[24.602083,64.714583],[24.602083,64.71875],[24.597917,64.71875],[24.597917,64.714583]]]},"properties":{"radiance":5.1}},{"type":"Feature","geometry":{"type":"Polygon","coordinates":[[[24.602083,64.714583],[24.60625,64.714583],[24.60625,64.71875],[24.602083,64.71875],[24.602083,64.714583]]]},"properties":{"radiance":6.16}},{"type":"Feature","geometry":{"type":"Polygon","coordinates":[[[24.60625,64.714583],[24.610417,64.714583],[24.610417,64.71875],[24.60625,64.71875],[24.60625,64.714583]]]},"properties":{"radiance":5.5}},{"type":"Feature","geometry":{"type":"Polygon","coordinates":[[[24.94375,64.714583],[24.947917,64.714583],[24.947917,64.71875],[24.94375,64.71875],[24.94375,64.714583]]]},"properties":{"radiance":5.87}},{"type":"Feature","geometry":{"type":"Polygon","coordinates":[[[24.947917,64.714583],[24.952083,64.714583],[24.952083,64.71875],[24.947917,64.71875],[24.947917,64.714583]]]},"properties":{"radiance":7.49}},{"type":"Feature","geometry":{"type":"Polygon","coordinates":[[[24.952083,64.714583],[24.95625,64.714583],[24.95625,64.71875],[24.952083,64.71875],[24.952083,64.714583]]]},"properties":{"radiance":7.35}},{"type":"Feature","geometry":{"type":"Polygon","coordinates":[[[24.972917,64.714583],[24.977083,64.714583],[24.977083,64.71875],[24.972917,64.71875],[24.972917,64.714583]]]},"properties":{"radiance":5.79}},{"type":"Feature","geometry":{"type":"Polygon","coordinates":[[[24.60625,64.710417],[24.610417,64.710417],[24.610417,64.714583],[24.60625,64.714583],[24.60625,64.710417]]]},"properties":{"radiance":5.41}},{"type":"Feature","geometry":{"type":"Polygon","coordinates":[[[24.589583,64.70625],[24.59375,64.70625],[24.59375,64.710417],[24.589583,64.710417],[24.589583,64.70625]]]},"properties":{"radiance":5.45}},{"type":"Feature","geometry":{"type":"Polygon","coordinates":[[[24.464583,64.697917],[24.46875,64.697917],[24.46875,64.702083],[24.464583,64.702083],[24.464583,64.697917]]]},"properties":{"radiance":7.55}},{"type":"Feature","geometry":{"type":"Polygon","coordinates":[[[24.46875,64.697917],[24.472917,64.697917],[24.472917,64.702083],[24.46875,64.702083],[24.46875,64.697917]]]},"properties":{"radiance":53.61}},{"type":"Feature","geometry":{"type":"Polygon","coordinates":[[[24.472917,64.697917],[24.477083,64.697917],[24.477083,64.702083],[24.472917,64.702083],[24.472917,64.697917]]]},"properties":{"radiance":45.75}},{"type":"Feature","geometry":{"type":"Polygon","coordinates":[[[24.477083,64.697917],[24.48125,64.697917],[24.48125,64.702083],[24.477083,64.702083],[24.477083,64.697917]]]},"properties":{"radiance":28.86}},{"type":"Feature","geometry":{"type":"Polygon","coordinates":[[[24.48125,64.697917],[24.485417,64.697917],[24.485417,64.702083],[24.48125,64.702083],[24.48125,64.697917]]]},"properties":{"radiance":5.85}},{"type":"Feature","geometry":{"type":"Polygon","coordinates":[[[24.485417,64.697917],[24.489583,64.697917],[24.489583,64.702083],[24.485417,64.702083],[24.485417,64.697917]]]},"properties":{"radiance":19.12}},{"type":"Feature","geometry":{"type":"Polygon","coordinates":[[[24.489583,64.697917],[24.49375,64.697917],[24.49375,64.702083],[24.489583,64.702083],[24.489583,64.697917]]]},"properties":{"radiance":5.57}},{"type":"Feature","geometry":{"type":"Polygon","coordinates":[[[24.49375,64.697917],[24.497917,64.697917],[24.497917,64.702083],[24.49375,64.702083],[24.49375,64.697917]]]},"properties":{"radiance":6.33}},{"type":"Feature","geometry":{"type":"Polygon","coordinates":[[[24.497917,64.697917],[24.502083,64.697917],[24.502083,64.702083],[24.497917,64.702083],[24.497917,64.697917]]]},"properties":{"radiance":5.81}},{"type":"Feature","geometry":{"type":"Polygon","coordinates":[[[24.502083,64.697917],[24.50625,64.697917],[24.50625,64.702083],[24.502083,64.702083],[24.502083,64.697917]]]},"properties":{"radiance":27.76}},{"type":"Feature","geometry":{"type":"Polygon","coordinates":[[[24.50625,64.697917],[24.510417,64.697917],[24.510417,64.702083],[24.50625,64.702083],[24.50625,64.697917]]]},"properties":{"radiance":28.92}},{"type":"Feature","geometry":{"type":"Polygon","coordinates":[[[24.510417,64.697917],[24.514583,64.697917],[24.514583,64.702083],[24.510417,64.702083],[24.510417,64.697917]]]},"properties":{"radiance":29.27}},{"type":"Feature","geometry":{"type":"Polygon","coordinates":[[[24.514583,64.697917],[24.51875,64.697917],[24.51875,64.702083],[24.514583,64.702083],[24.514583,64.697917]]]},"properties":{"radiance":30.24}},{"type":"Feature","geometry":{"type":"Polygon","coordinates":[[[24.51875,64.697917],[24.522917,64.697917],[24.522917,64.702083],[24.51875,64.702083],[24.51875,64.697917]]]},"properties":{"radiance":24.97}},{"type":"Feature","geometry":{"type":"Polygon","coordinates":[[[24.522917,64.697917],[24.527083,64.697917],[24.527083,64.702083],[24.522917,64.702083],[24.522917,64.697917]]]},"properties":{"radiance":18.38}},{"type":"Feature","geometry":{"type":"Polygon","coordinates":[[[24.527083,64.697917],[24.53125,64.697917],[24.53125,64.702083],[24.527083,64.702083],[24.527083,64.697917]]]},"properties":{"radiance":6.25}},{"type":"Feature","geometry":{"type":"Polygon","coordinates":[[[24.53125,64.697917],[24.535417,64.697917],[24.535417,64.702083],[24.53125,64.702083],[24.53125,64.697917]]]},"properties":{"radiance":6.55}},{"type":"Feature","geometry":{"type":"Polygon","coordinates":[[[24.539583,64.697917],[24.54375,64.697917],[24.54375,64.702083],[24.539583,64.702083],[24.539583,64.697917]]]},"properties":{"radiance":5.55}},{"type":"Feature","geometry":{"type":"Polygon","coordinates":[[[24.54375,64.697917],[24.547917,64.697917],[24.547917,64.702083],[24.54375,64.702083],[24.54375,64.697917]]]},"properties":{"radiance":7.11}},{"type":"Feature","geometry":{"type":"Polygon","coordinates":[[[24.55625,64.697917],[24.560417,64.697917],[24.560417,64.702083],[24.55625,64.702083],[24.55625,64.697917]]]},"properties":{"radiance":5.17}},{"type":"Feature","geometry":{"type":"Polygon","coordinates":[[[24.560417,64.697917],[24.564583,64.697917],[24.564583,64.702083],[24.560417,64.702083],[24.560417,64.697917]]]},"properties":{"radiance":5.95}},{"type":"Feature","geometry":{"type":"Polygon","coordinates":[[[24.564583,64.697917],[24.56875,64.697917],[24.56875,64.702083],[24.564583,64.702083],[24.564583,64.697917]]]},"properties":{"radiance":6.01}},{"type":"Feature","geometry":{"type":"Polygon","coordinates":[[[24.56875,64.697917],[24.572917,64.697917],[24.572917,64.702083],[24.56875,64.702083],[24.56875,64.697917]]]},"properties":{"radiance":6.21}},{"type":"Feature","geometry":{"type":"Polygon","coordinates":[[[24.572917,64.697917],[24.577083,64.697917],[24.577083,64.702083],[24.572917,64.702083],[24.572917,64.697917]]]},"properties":{"radiance":6.85}},{"type":"Feature","geometry":{"type":"Polygon","coordinates":[[[24.577083,64.697917],[24.58125,64.697917],[24.58125,64.702083],[24.577083,64.702083],[24.577083,64.697917]]]},"properties":{"radiance":6.32}},{"type":"Feature","geometry":{"type":"Polygon","coordinates":[[[24.58125,64.697917],[24.585417,64.697917],[24.585417,64.702083],[24.58125,64.702083],[24.58125,64.697917]]]},"properties":{"radiance":6.19}},{"type":"Feature","geometry":{"type":"Polygon","coordinates":[[[24.585417,64.697917],[24.589583,64.697917],[24.589583,64.702083],[24.585417,64.702083],[24.585417,64.697917]]]},"properties":{"radiance":5.38}},{"type":"Feature","geometry":{"type":"Polygon","coordinates":[[[24.589583,64.697917],[24.59375,64.697917],[24.59375,64.702083],[24.589583,64.702083],[24.589583,64.697917]]]},"properties":{"radiance":5.48}},{"type":"Feature","geometry":{"type":"Polygon","coordinates":[[[24.460417,64.69375],[24.464583,64.69375],[24.464583,64.697917],[24.460417,64.697917],[24.460417,64.69375]]]},"properties":{"radiance":11.06}},{"type":"Feature","geometry":{"type":"Polygon","coordinates":[[[24.464583,64.69375],[24.46875,64.69375],[24.46875,64.697917],[24.464583,64.697917],[24.464583,64.69375]]]},"properties":{"radiance":76.37}},{"type":"Feature","geometry":{"type":"Polygon","coordinates":[[[24.46875,64.69375],[24.472917,64.69375],[24.472917,64.697917],[24.46875,64.697917],[24.46875,64.69375]]]},"properties":{"radiance":70.59}},{"type":"Feature","geometry":{"type":"Polygon","coordinates":[[[24.472917,64.69375],[24.477083,64.69375],[24.477083,64.697917],[24.472917,64.697917],[24.472917,64.69375]]]},"properties":{"radiance":62.62}},{"type":"Feature","geometry":{"type":"Polygon","coordinates":[[[24.477083,64.69375],[24.48125,64.69375],[24.48125,64.697917],[24.477083,64.697917],[24.477083,64.69375]]]},"properties":{"radiance":51.81}},{"type":"Feature","geometry":{"type":"Polygon","coordinates":[[[24.48125,64.69375],[24.485417,64.69375],[24.485417,64.697917],[24.48125,64.697917],[24.48125,64.69375]]]},"properties":{"radiance":41.35}},{"type":"Feature","geometry":{"type":"Polygon","coordinates":[[[24.485417,64.69375],[24.489583,64.69375],[24.489583,64.697917],[24.485417,64.697917],[24.485417,64.69375]]]},"properties":{"radiance":41.02}},{"type":"Feature","geometry":{"type":"Polygon","coordinates":[[[24.489583,64.69375],[24.49375,64.69375],[24.49375,64.697917],[24.489583,64.697917],[24.489583,64.69375]]]},"properties":{"radiance":35.89}},{"type":"Feature","geometry":{"type":"Polygon","coordinates":[[[24.49375,64.69375],[24.497917,64.69375],[24.497917,64.697917],[24.49375,64.697917],[24.49375,64.69375]]]},"properties":{"radiance":40.09}},{"type":"Feature","geometry":{"type":"Polygon","coordinates":[[[24.497917,64.69375],[24.502083,64.69375],[24.502083,64.697917],[24.497917,64.697917],[24.497917,64.69375]]]},"properties":{"radiance":39.76}},{"type":"Feature","geometry":{"type":"Polygon","coordinates":[[[24.502083,64.69375],[24.50625,64.69375],[24.50625,64.697917],[24.502083,64.697917],[24.502083,64.69375]]]},"properties":{"radiance":40.33}},{"type":"Feature","geometry":{"type":"Polygon","coordinates":[[[24.50625,64.69375],[24.510417,64.69375],[24.510417,64.697917],[24.50625,64.697917],[24.50625,64.69375]]]},"properties":{"radiance":38.26}},{"type":"Feature","geometry":{"type":"Polygon","coordinates":[[[24.510417,64.69375],[24.514583,64.69375],[24.514583,64.697917],[24.510417,64.697917],[24.510417,64.69375]]]},"properties":{"radiance":36.22}},{"type":"Feature","geometry":{"type":"Polygon","coordinates":[[[24.514583,64.69375],[24.51875,64.69375],[24.51875,64.697917],[24.514583,64.697917],[24.514583,64.69375]]]},"properties":{"radiance":36.75}},{"type":"Feature","geometry":{"type":"Polygon","coordinates":[[[24.51875,64.69375],[24.522917,64.69375],[24.522917,64.697917],[24.51875,64.697917],[24.51875,64.69375]]]},"properties":{"radiance":29.76}},{"type":"Feature","geometry":{"type":"Polygon","coordinates":[[[24.522917,64.69375],[24.527083,64.69375],[24.527083,64.697917],[24.522917,64.697917],[24.522917,64.69375]]]},"properties":{"radiance":29.65}},{"type":"Feature","geometry":{"type":"Polygon","coordinates":[[[24.527083,64.69375],[24.53125,64.69375],[24.53125,64.697917],[24.527083,64.697917],[24.527083,64.69375]]]},"properties":{"radiance":31.08}},{"type":"Feature","geometry":{"type":"Polygon","coordinates":[[[24.53125,64.69375],[24.535417,64.69375],[24.535417,64.697917],[24.53125,64.697917],[24.53125,64.69375]]]},"properties":{"radiance":35.2}},{"type":"Feature","geometry":{"type":"Polygon","coordinates":[[[24.535417,64.69375],[24.539583,64.69375],[24.539583,64.697917],[24.535417,64.697917],[24.535417,64.69375]]]},"properties":{"radiance":28.75}},{"type":"Feature","geometry":{"type":"Polygon","coordinates":[[[24.539583,64.69375],[24.54375,64.69375],[24.54375,64.697917],[24.539583,64.697917],[24.539583,64.69375]]]},"properties":{"radiance":27.06}},{"type":"Feature","geometry":{"type":"Polygon","coordinates":[[[24.54375,64.69375],[24.547917,64.69375],[24.547917,64.697917],[24.54375,64.697917],[24.54375,64.69375]]]},"properties":{"radiance":7.3}},{"type":"Feature","geometry":{"type":"Polygon","coordinates":[[[24.547917,64.69375],[24.552083,64.69375],[24.552083,64.697917],[24.547917,64.697917],[24.547917,64.69375]]]},"properties":{"radiance":9.66}},{"type":"Feature","geometry":{"type":"Polygon","coordinates":[[[24.552083,64.69375],[24.55625,64.69375],[24.55625,64.697917],[24.552083,64.697917],[24.552083,64.69375]]]},"properties":{"radiance":7.26}},{"type":"Feature","geometry":{"type":"Polygon","coordinates":[[[24.55625,64.69375],[24.560417,64.69375],[24.560417,64.697917],[24.55625,64.697917],[24.55625,64.69375]]]},"properties":{"radiance":10.64}},{"type":"Feature","geometry":{"type":"Polygon","coordinates":[[[24.560417,64.69375],[24.564583,64.69375],[24.564583,64.697917],[24.560417,64.697917],[24.560417,64.69375]]]},"properties":{"radiance":10.39}},{"type":"Feature","geometry":{"type":"Polygon","coordinates":[[[24.564583,64.69375],[24.56875,64.69375],[24.56875,64.697917],[24.564583,64.697917],[24.564583,64.69375]]]},"properties":{"radiance":7.92}},{"type":"Feature","geometry":{"type":"Polygon","coordinates":[[[24.56875,64.69375],[24.572917,64.69375],[24.572917,64.697917],[24.56875,64.697917],[24.56875,64.69375]]]},"properties":{"radiance":33.78}},{"type":"Feature","geometry":{"type":"Polygon","coordinates":[[[24.572917,64.69375],[24.577083,64.69375],[24.577083,64.697917],[24.572917,64.697917],[24.572917,64.69375]]]},"properties":{"radiance":26.21}},{"type":"Feature","geometry":{"type":"Polygon","coordinates":[[[24.577083,64.69375],[24.58125,64.69375],[24.58125,64.697917],[24.577083,64.697917],[24.577083,64.69375]]]},"properties":{"radiance":29.27}},{"type":"Feature","geometry":{"type":"Polygon","coordinates":[[[24.58125,64.69375],[24.585417,64.69375],[24.585417,64.697917],[24.58125,64.697917],[24.58125,64.69375]]]},"properties":{"radiance":10.01}},{"type":"Feature","geometry":{"type":"Polygon","coordinates":[[[24.585417,64.69375],[24.589583,64.69375],[24.589583,64.697917],[24.585417,64.697917],[24.585417,64.69375]]]},"properties":{"radiance":6.98}},{"type":"Feature","geometry":{"type":"Polygon","coordinates":[[[24.45625,64.689583],[24.460417,64.689583],[24.460417,64.69375],[24.45625,64.69375],[24.45625,64.689583]]]},"properties":{"radiance":6.79}},{"type":"Feature","geometry":{"type":"Polygon","coordinates":[[[24.460417,64.689583],[24.464583,64.689583],[24.464583,64.69375],[24.460417,64.69375],[24.460417,64.689583]]]},"properties":{"radiance":62.41}},{"type":"Feature","geometry":{"type":"Polygon","coordinates":[[[24.464583,64.689583],[24.46875,64.689583],[24.46875,64.69375],[24.464583,64.69375],[24.464583,64.689583]]]},"properties":{"radiance":74.38}},{"type":"Feature","geometry":{"type":"Polygon","coordinates":[[[24.46875,64.689583],[24.472917,64.689583],[24.472917,64.69375],[24.46875,64.69375],[24.46875,64.689583]]]},"properties":{"radiance":77.83}},{"type":"Feature","geometry":{"type":"Polygon","coordinates":[[[24.472917,64.689583],[24.477083,64.689583],[24.477083,64.69375],[24.472917,64.69375],[24.472917,64.689583]]]},"properties":{"radiance":94.95}},{"type":"Feature","geometry":{"type":"Polygon","coordinates":[[[24.477083,64.689583],[24.48125,64.689583],[24.48125,64.69375],[24.477083,64.69375],[24.477083,64.689583]]]},"properties":{"radiance":90.39}},{"type":"Feature","geometry":{"type":"Polygon","coordinates":[[[24.48125,64.689583],[24.485417,64.689583],[24.485417,64.69375],[24.48125,64.69375],[24.48125,64.689583]]]},"properties":{"radiance":79.47}},{"type":"Feature","geometry":{"type":"Polygon","coordinates":[[[24.485417,64.689583],[24.489583,64.689583],[24.489583,64.69375],[24.485417,64.69375],[24.485417,64.689583]]]},"properties":{"radiance":75.57}},{"type":"Feature","geometry":{"type":"Polygon","coordinates":[[[24.489583,64.689583],[24.49375,64.689583],[24.49375,64.69375],[24.489583,64.69375],[24.489583,64.689583]]]},"properties":{"radiance":57.51}},{"type":"Feature","geometry":{"type":"Polygon","coordinates":[[[24.49375,64.689583],[24.497917,64.689583],[24.497917,64.69375],[24.49375,64.69375],[24.49375,64.689583]]]},"properties":{"radiance":54.71}},{"type":"Feature","geometry":{"type":"Polygon","coordinates":[[[24.497917,64.689583],[24.502083,64.689583],[24.502083,64.69375],[24.497917,64.69375],[24.497917,64.689583]]]},"properties":{"radiance":46.25}},{"type":"Feature","geometry":{"type":"Polygon","coordinates":[[[24.502083,64.689583],[24.50625,64.689583],[24.50625,64.69375],[24.502083,64.69375],[24.502083,64.689583]]]},"properties":{"radiance":42.2}},{"type":"Feature","geometry":{"type":"Polygon","coordinates":[[[24.50625,64.689583],[24.510417,64.689583],[24.510417,64.69375],[24.50625,64.69375],[24.50625,64.689583]]]},"properties":{"radiance":43.44}},{"type":"Feature","geometry":{"type":"Polygon","coordinates":[[[24.510417,64.689583],[24.514583,64.689583],[24.514583,64.69375],[24.510417,64.69375],[24.510417,64.689583]]]},"properties":{"radiance":43.65}},{"type":"Feature","geometry":{"type":"Polygon","coordinates":[[[24.514583,64.689583],[24.51875,64.689583],[24.51875,64.69375],[24.514583,64.69375],[24.514583,64.689583]]]},"properties":{"radiance":48.81}},{"type":"Feature","geometry":{"type":"Polygon","coordinates":[[[24.51875,64.689583],[24.522917,64.689583],[24.522917,64.69375],[24.51875,64.69375],[24.51875,64.689583]]]},"properties":{"radiance":48.13}},{"type":"Feature","geometry":{"type":"Polygon","coordinates":[[[24.522917,64.689583],[24.527083,64.689583],[24.527083,64.69375],[24.522917,64.69375],[24.522917,64.689583]]]},"properties":{"radiance":43.42}},{"type":"Feature","geometry":{"type":"Polygon","coordinates":[[[24.527083,64.689583],[24.53125,64.689583],[24.53125,64.69375],[24.527083,64.69375],[24.527083,64.689583]]]},"properties":{"radiance":40.85}},{"type":"Feature","geometry":{"type":"Polygon","coordinates":[[[24.53125,64.689583],[24.535417,64.689583],[24.535417,64.69375],[24.53125,64.69375],[24.53125,64.689583]]]},"properties":{"radiance":41.6}},{"type":"Feature","geometry":{"type":"Polygon","coordinates":[[[24.535417,64.689583],[24.539583,64.689583],[24.539583,64.69375],[24.535417,64.69375],[24.535417,64.689583]]]},"properties":{"radiance":40.43}},{"type":"Feature","geometry":{"type":"Polygon","coordinates":[[[24.539583,64.689583],[24.54375,64.689583],[24.54375,64.69375],[24.539583,64.69375],[24.539583,64.689583]]]},"properties":{"radiance":43.26}},{"type":"Feature","geometry":{"type":"Polygon","coordinates":[[[24.54375,64.689583],[24.547917,64.689583],[24.547917,64.69375],[24.54375,64.69375],[24.54375,64.689583]]]},"properties":{"radiance":12.16}},{"type":"Feature","geometry":{"type":"Polygon","coordinates":[[[24.547917,64.689583],[24.552083,64.689583],[24.552083,64.69375],[24.547917,64.69375],[24.547917,64.689583]]]},"properties":{"radiance":33.06}},{"type":"Feature","geometry":{"type":"Polygon","coordinates":[[[24.552083,64.689583],[24.55625,64.689583],[24.55625,64.69375],[24.552083,64.69375],[24.552083,64.689583]]]},"properties":{"radiance":30.66}},{"type":"Feature","geometry":{"type":"Polygon","coordinates":[[[24.55625,64.689583],[24.560417,64.689583],[24.560417,64.69375],[24.55625,64.69375],[24.55625,64.689583]]]},"properties":{"radiance":39.69}},{"type":"Feature","geometry":{"type":"Polygon","coordinates":[[[24.560417,64.689583],[24.564583,64.689583],[24.564583,64.69375],[24.560417,64.69375],[24.560417,64.689583]]]},"properties":{"radiance":46.68}},{"type":"Feature","geometry":{"type":"Polygon","coordinates":[[[24.564583,64.689583],[24.56875,64.689583],[24.56875,64.69375],[24.564583,64.69375],[24.564583,64.689583]]]},"properties":{"radiance":46.42}},{"type":"Feature","geometry":{"type":"Polygon","coordinates":[[[24.56875,64.689583],[24.572917,64.689583],[24.572917,64.69375],[24.56875,64.69375],[24.56875,64.689583]]]},"properties":{"radiance":55.38}},{"type":"Feature","geometry":{"type":"Polygon","coordinates":[[[24.572917,64.689583],[24.577083,64.689583],[24.577083,64.69375],[24.572917,64.69375],[24.572917,64.689583]]]},"properties":{"radiance":39.37}},{"type":"Feature","geometry":{"type":"Polygon","coordinates":[[[24.577083,64.689583],[24.58125,64.689583],[24.58125,64.69375],[24.577083,64.69375],[24.577083,64.689583]]]},"properties":{"radiance":11.9}},{"type":"Feature","geometry":{"type":"Polygon","coordinates":[[[24.58125,64.689583],[24.585417,64.689583],[24.585417,64.69375],[24.58125,64.69375],[24.58125,64.689583]]]},"properties":{"radiance":10.37}},{"type":"Feature","geometry":{"type":"Polygon","coordinates":[[[24.585417,64.689583],[24.589583,64.689583],[24.589583,64.69375],[24.585417,64.69375],[24.585417,64.689583]]]},"properties":{"radiance":7.16}},{"type":"Feature","geometry":{"type":"Polygon","coordinates":[[[24.589583,64.689583],[24.59375,64.689583],[24.59375,64.69375],[24.589583,64.69375],[24.589583,64.689583]]]},"properties":{"radiance":6.62}},{"type":"Feature","geometry":{"type":"Polygon","coordinates":[[[24.59375,64.689583],[24.597917,64.689583],[24.597917,64.69375],[24.59375,64.69375],[24.59375,64.689583]]]},"properties":{"radiance":5.38}},{"type":"Feature","geometry":{"type":"Polygon","coordinates":[[[24.597917,64.689583],[24.602083,64.689583],[24.602083,64.69375],[24.597917,64.69375],[24.597917,64.689583]]]},"properties":{"radiance":5.08}},{"type":"Feature","geometry":{"type":"Polygon","coordinates":[[[24.61875,64.689583],[24.622917,64.689583],[24.622917,64.69375],[24.61875,64.69375],[24.61875,64.689583]]]},"properties":{"radiance":6.15}},{"type":"Feature","geometry":{"type":"Polygon","coordinates":[[[24.622917,64.689583],[24.627083,64.689583],[24.627083,64.69375],[24.622917,64.69375],[24.622917,64.689583]]]},"properties":{"radiance":6.78}},{"type":"Feature","geometry":{"type":"Polygon","coordinates":[[[24.627083,64.689583],[24.63125,64.689583],[24.63125,64.69375],[24.627083,64.69375],[24.627083,64.689583]]]},"properties":{"radiance":7.7}},{"type":"Feature","geometry":{"type":"Polygon","coordinates":[[[24.635417,64.689583],[24.639583,64.689583],[24.639583,64.69375],[24.635417,64.69375],[24.635417,64.689583]]]},"properties":{"radiance":5.69}},{"type":"Feature","geometry":{"type":"Polygon","coordinates":[[[24.447917,64.685417],[24.452083,64.685417],[24.452083,64.689583],[24.447917,64.689583],[24.447917,64.685417]]]},"properties":{"radiance":11.33}},{"type":"Feature","geometry":{"type":"Polygon","coordinates":[[[24.45625,64.685417],[24.460417,64.685417],[24.460417,64.689583],[24.45625,64.689583],[24.45625,64.685417]]]},"properties":{"radiance":49.98}},{"type":"Feature","geometry":{"type":"Polygon","coordinates":[[[24.460417,64.685417],[24.464583,64.685417],[24.464583,64.689583],[24.460417,64.689583],[24.460417,64.685417]]]},"properties":{"radiance":56.14}},{"type":"Feature","geometry":{"type":"Polygon","coordinates":[[[24.464583,64.685417],[24.46875,64.685417],[24.46875,64.689583],[24.464583,64.689583],[24.464583,64.685417]]]},"properties":{"radiance":69.99}},{"type":"Feature","geometry":{"type":"Polygon","coordinates":[[[24.46875,64.685417],[24.472917,64.685417],[24.472917,64.689583],[24.46875,64.689583],[24.46875,64.685417]]]},"properties":{"radiance":69.29}},{"type":"Feature","geometry":{"type":"Polygon","coordinates":[[[24.472917,64.685417],[24.477083,64.685417],[24.477083,64.689583],[24.472917,64.689583],[24.472917,64.685417]]]},"properties":{"radiance":116.73}},{"type":"Feature","geometry":{"type":"Polygon","coordinates":[[[24.477083,64.685417],[24.48125,64.685417],[24.48125,64.689583],[24.477083,64.689583],[24.477083,64.685417]]]},"properties":{"radiance":117.68}},{"type":"Feature","geometry":{"type":"Polygon","coordinates":[[[24.48125,64.685417],[24.485417,64.685417],[24.485417,64.689583],[24.48125,64.689583],[24.48125,64.685417]]]},"properties":{"radiance":108.43}},{"type":"Feature","geometry":{"type":"Polygon","coordinates":[[[24.485417,64.685417],[24.489583,64.685417],[24.489583,64.689583],[24.485417,64.689583],[24.485417,64.685417]]]},"properties":{"radiance":90.22}},{"type":"Feature","geometry":{"type":"Polygon","coordinates":[[[24.489583,64.685417],[24.49375,64.685417],[24.49375,64.689583],[24.489583,64.689583],[24.489583,64.685417]]]},"properties":{"radiance":82.99}},{"type":"Feature","geometry":{"type":"Polygon","coordinates":[[[24.49375,64.685417],[24.497917,64.685417],[24.497917,64.689583],[24.49375,64.689583],[24.49375,64.685417]]]},"properties":{"radiance":68.72}},{"type":"Feature","geometry":{"type":"Polygon","coordinates":[[[24.497917,64.685417],[24.502083,64.685417],[24.502083,64.689583],[24.497917,64.689583],[24.497917,64.685417]]]},"properties":{"radiance":67.77}},{"type":"Feature","geometry":{"type":"Polygon","coordinates":[[[24.502083,64.685417],[24.50625,64.685417],[24.50625,64.689583],[24.502083,64.689583],[24.502083,64.685417]]]},"properties":{"radiance":63.6}},{"type":"Feature","geometry":{"type":"Polygon","coordinates":[[[24.50625,64.685417],[24.510417,64.685417],[24.510417,64.689583],[24.50625,64.689583],[24.50625,64.685417]]]},"properties":{"radiance":57.91}},{"type":"Feature","geometry":{"type":"Polygon","coordinates":[[[24.510417,64.685417],[24.514583,64.685417],[24.514583,64.689583],[24.510417,64.689583],[24.510417,64.685417]]]},"properties":{"radiance":56.78}},{"type":"Feature","geometry":{"type":"Polygon","coordinates":[[[24.514583,64.685417],[24.51875,64.685417],[24.51875,64.689583],[24.514583,64.689583],[24.514583,64.685417]]]},"properties":{"radiance":56.78}},{"type":"Feature","geometry":{"type":"Polygon","coordinates":[[[24.51875,64.685417],[24.522917,64.685417],[24.522917,64.689583],[24.51875,64.689583],[24.51875,64.685417]]]},"properties":{"radiance":55.02}},{"type":"Feature","geometry":{"type":"Polygon","coordinates":[[[24.522917,64.685417],[24.527083,64.685417],[24.527083,64.689583],[24.522917,64.689583],[24.522917,64.685417]]]},"properties":{"radiance":40.11}},{"type":"Feature","geometry":{"type":"Polygon","coordinates":[[[24.527083,64.685417],[24.53125,64.685417],[24.53125,64.689583],[24.527083,64.689583],[24.527083,64.685417]]]},"properties":{"radiance":41.16}},{"type":"Feature","geometry":{"type":"Polygon","coordinates":[[[24.53125,64.685417],[24.535417,64.685417],[24.535417,64.689583],[24.53125,64.689583],[24.53125,64.685417]]]},"properties":{"radiance":42.1}},{"type":"Feature","geometry":{"type":"Polygon","coordinates":[[[24.535417,64.685417],[24.539583,64.685417],[24.539583,64.689583],[24.535417,64.689583],[24.535417,64.685417]]]},"properties":{"radiance":46.9}},{"type":"Feature","geometry":{"type":"Polygon","coordinates":[[[24.539583,64.685417],[24.54375,64.685417],[24.54375,64.689583],[24.539583,64.689583],[24.539583,64.685417]]]},"properties":{"radiance":47.22}},{"type":"Feature","geometry":{"type":"Polygon","coordinates":[[[24.54375,64.685417],[24.547917,64.685417],[24.547917,64.689583],[24.54375,64.689583],[24.54375,64.685417]]]},"properties":{"radiance":16.66}},{"type":"Feature","geometry":{"type":"Polygon","coordinates":[[[24.547917,64.685417],[24.552083,64.685417],[24.552083,64.689583],[24.547917,64.689583],[24.547917,64.685417]]]},"properties":{"radiance":37.55}},{"type":"Feature","geometry":{"type":"Polygon","coordinates":[[[24.552083,64.685417],[24.55625,64.685417],[24.55625,64.689583],[24.552083,64.689583],[24.552083,64.685417]]]},"properties":{"radiance":32.56}},{"type":"Feature","geometry":{"type":"Polygon","coordinates":[[[24.55625,64.685417],[24.560417,64.685417],[24.560417,64.689583],[24.55625,64.689583],[24.55625,64.685417]]]},"properties":{"radiance":36.15}},{"type":"Feature","geometry":{"type":"Polygon","coordinates":[[[24.560417,64.685417],[24.564583,64.685417],[24.564583,64.689583],[24.560417,64.689583],[24.560417,64.685417]]]},"properties":{"radiance":49.23}},{"type":"Feature","geometry":{"type":"Polygon","coordinates":[[[24.564583,64.685417],[24.56875,64.685417],[24.56875,64.689583],[24.564583,64.689583],[24.564583,64.685417]]]},"properties":{"radiance":65.58}},{"type":"Feature","geometry":{"type":"Polygon","coordinates":[[[24.56875,64.685417],[24.572917,64.685417],[24.572917,64.689583],[24.56875,64.689583],[24.56875,64.685417]]]},"properties":{"radiance":47.03}},{"type":"Feature","geometry":{"type":"Polygon","coordinates":[[[24.572917,64.685417],[24.577083,64.685417],[24.577083,64.689583],[24.572917,64.689583],[24.572917,64.685417]]]},"properties":{"radiance":12.32}},{"type":"Feature","geometry":{"type":"Polygon","coordinates":[[[24.577083,64.685417],[24.58125,64.685417],[24.58125,64.689583],[24.577083,64.689583],[24.577083,64.685417]]]},"properties":{"radiance":10.16}},{"type":"Feature","geometry":{"type":"Polygon","coordinates":[[[24.58125,64.685417],[24.585417,64.685417],[24.585417,64.689583],[24.58125,64.689583],[24.58125,64.685417]]]},"properties":{"radiance":7.13}},{"type":"Feature","geometry":{"type":"Polygon","coordinates":[[[24.585417,64.685417],[24.589583,64.685417],[24.589583,64.689583],[24.585417,64.689583],[24.585417,64.685417]]]},"properties":{"radiance":5.97}},{"type":"Feature","geometry":{"type":"Polygon","coordinates":[[[24.589583,64.685417],[24.59375,64.685417],[24.59375,64.689583],[24.589583,64.689583],[24.589583,64.685417]]]},"properties":{"radiance":5.56}},{"type":"Feature","geometry":{"type":"Polygon","coordinates":[[[24.43125,64.68125],[24.435417,64.68125],[24.435417,64.685417],[24.43125,64.685417],[24.43125,64.68125]]]},"properties":{"radiance":6.22}},{"type":"Feature","geometry":{"type":"Polygon","coordinates":[[[24.452083,64.68125],[24.45625,64.68125],[24.45625,64.685417],[24.452083,64.685417],[24.452083,64.68125]]]},"properties":{"radiance":46.89}},{"type":"Feature","geometry":{"type":"Polygon","coordinates":[[[24.45625,64.68125],[24.460417,64.68125],[24.460417,64.685417],[24.45625,64.685417],[24.45625,64.68125]]]},"properties":{"radiance":64.14}},{"type":"Feature","geometry":{"type":"Polygon","coordinates":[[[24.460417,64.68125],[24.464583,64.68125],[24.464583,64.685417],[24.460417,64.685417],[24.460417,64.68125]]]},"properties":{"radiance":84.86}},{"type":"Feature","geometry":{"type":"Polygon","coordinates":[[[24.464583,64.68125],[24.46875,64.68125],[24.46875,64.685417],[24.464583,64.685417],[24.464583,64.68125]]]},"properties":{"radiance":86.64}},{"type":"Feature","geometry":{"type":"Polygon","coordinates":[[[24.46875,64.68125],[24.472917,64.68125],[24.472917,64.685417],[24.46875,64.685417],[24.46875,64.68125]]]},"properties":{"radiance":104.63}},{"type":"Feature","geometry":{"type":"Polygon","coordinates":[[[24.472917,64.68125],[24.477083,64.68125],[24.477083,64.685417],[24.472917,64.685417],[24.472917,64.68125]]]},"properties":{"radiance":116.35}},{"type":"Feature","geometry":{"type":"Polygon","coordinates":[[[24.477083,64.68125],[24.48125,64.68125],[24.48125,64.685417],[24.477083,64.685417],[24.477083,64.68125]]]},"properties":{"radiance":121.35}},{"type":"Feature","geometry":{"type":"Polygon","coordinates":[[[24.48125,64.68125],[24.485417,64.68125],[24.485417,64.685417],[24.48125,64.685417],[24.48125,64.68125]]]},"properties":{"radiance":98.61}},{"type":"Feature","geometry":{"type":"Polygon","coordinates":[[[24.485417,64.68125],[24.489583,64.68125],[24.489583,64.685417],[24.485417,64.685417],[24.485417,64.68125]]]},"properties":{"radiance":86.3}},{"type":"Feature","geometry":{"type":"Polygon","coordinates":[[[24.489583,64.68125],[24.49375,64.68125],[24.49375,64.685417],[24.489583,64.685417],[24.489583,64.68125]]]},"properties":{"radiance":58.27}},{"type":"Feature","geometry":{"type":"Polygon","coordinates":[[[24.49375,64.68125],[24.497917,64.68125],[24.497917,64.685417],[24.49375,64.685417],[24.49375,64.68125]]]},"properties":{"radiance":55.2}},{"type":"Feature","geometry":{"type":"Polygon","coordinates":[[[24.497917,64.68125],[24.502083,64.68125],[24.502083,64.685417],[24.497917,64.685417],[24.497917,64.68125]]]},"properties":{"radiance":56.96}},{"type":"Feature","geometry":{"type":"Polygon","coordinates":[[[24.502083,64.68125],[24.50625,64.68125],[24.50625,64.685417],[24.502083,64.685417],[24.502083,64.68125]]]},"properties":{"radiance":53.27}},{"type":"Feature","geometry":{"type":"Polygon","coordinates":[[[24.50625,64.68125],[24.510417,64.68125],[24.510417,64.685417],[24.50625,64.685417],[24.50625,64.68125]]]},"properties":{"radiance":55.7}},{"type":"Feature","geometry":{"type":"Polygon","coordinates":[[[24.510417,64.68125],[24.514583,64.68125],[24.514583,64.685417],[24.510417,64.685417],[24.510417,64.68125]]]},"properties":{"radiance":57.4}},{"type":"Feature","geometry":{"type":"Polygon","coordinates":[[[24.514583,64.68125],[24.51875,64.68125],[24.51875,64.685417],[24.514583,64.685417],[24.514583,64.68125]]]},"properties":{"radiance":59.33}},{"type":"Feature","geometry":{"type":"Polygon","coordinates":[[[24.51875,64.68125],[24.522917,64.68125],[24.522917,64.685417],[24.51875,64.685417],[24.51875,64.68125]]]},"properties":{"radiance":62.58}},{"type":"Feature","geometry":{"type":"Polygon","coordinates":[[[24.522917,64.68125],[24.527083,64.68125],[24.527083,64.685417],[24.522917,64.685417],[24.522917,64.68125]]]},"properties":{"radiance":54.63}},{"type":"Feature","geometry":{"type":"Polygon","coordinates":[[[24.527083,64.68125],[24.53125,64.68125],[24.53125,64.685417],[24.527083,64.685417],[24.527083,64.68125]]]},"properties":{"radiance":47.6}},{"type":"Feature","geometry":{"type":"Polygon","coordinates":[[[24.53125,64.68125],[24.535417,64.68125],[24.535417,64.685417],[24.53125,64.685417],[24.53125,64.68125]]]},"properties":{"radiance":41.12}},{"type":"Feature","geometry":{"type":"Polygon","coordinates":[[[24.535417,64.68125],[24.539583,64.68125],[24.539583,64.685417],[24.535417,64.685417],[24.535417,64.68125]]]},"properties":{"radiance":10.47}},{"type":"Feature","geometry":{"type":"Polygon","coordinates":[[[24.539583,64.68125],[24.54375,64.68125],[24.54375,64.685417],[24.539583,64.685417],[24.539583,64.68125]]]},"properties":{"radiance":11.03}},{"type":"Feature","geometry":{"type":"Polygon","coordinates":[[[24.54375,64.68125],[24.547917,64.68125],[24.547917,64.685417],[24.54375,64.685417],[24.54375,64.68125]]]},"properties":{"radiance":8.2}},{"type":"Feature","geometry":{"type":"Polygon","coordinates":[[[24.547917,64.68125],[24.552083,64.68125],[24.552083,64.685417],[24.547917,64.685417],[24.547917,64.68125]]]},"properties":{"radiance":9.24}},{"type":"Feature","geometry":{"type":"Polygon","coordinates":[[[24.552083,64.68125],[24.55625,64.68125],[24.55625,64.685417],[24.552083,64.685417],[24.552083,64.68125]]]},"properties":{"radiance":6.57}},{"type":"Feature","geometry":{"type":"Polygon","coordinates":[[[24.55625,64.68125],[24.560417,64.68125],[24.560417,64.685417],[24.55625,64.685417],[24.55625,64.68125]]]},"properties":{"radiance":6.62}},{"type":"Feature","geometry":{"type":"Polygon","coordinates":[[[24.560417,64.68125],[24.564583,64.68125],[24.564583,64.685417],[24.560417,64.685417],[24.560417,64.68125]]]},"properties":{"radiance":6.9}},{"type":"Feature","geometry":{"type":"Polygon","coordinates":[[[24.564583,64.68125],[24.56875,64.68125],[24.56875,64.685417],[24.564583,64.685417],[24.564583,64.68125]]]},"properties":{"radiance":6.7}},{"type":"Feature","geometry":{"type":"Polygon","coordinates":[[[24.56875,64.68125],[24.572917,64.68125],[24.572917,64.685417],[24.56875,64.685417],[24.56875,64.68125]]]},"properties":{"radiance":6}},{"type":"Feature","geometry":{"type":"Polygon","coordinates":[[[25.085417,64.68125],[25.089583,64.68125],[25.089583,64.685417],[25.085417,64.685417],[25.085417,64.68125]]]},"properties":{"radiance":5.69}},{"type":"Feature","geometry":{"type":"Polygon","coordinates":[[[24.447917,64.677083],[24.452083,64.677083],[24.452083,64.68125],[24.447917,64.68125],[24.447917,64.677083]]]},"properties":{"radiance":20.59}},{"type":"Feature","geometry":{"type":"Polygon","coordinates":[[[24.452083,64.677083],[24.45625,64.677083],[24.45625,64.68125],[24.452083,64.68125],[24.452083,64.677083]]]},"properties":{"radiance":67.31}},{"type":"Feature","geometry":{"type":"Polygon","coordinates":[[[24.45625,64.677083],[24.460417,64.677083],[24.460417,64.68125],[24.45625,64.68125],[24.45625,64.677083]]]},"properties":{"radiance":84.83}},{"type":"Feature","geometry":{"type":"Polygon","coordinates":[[[24.460417,64.677083],[24.464583,64.677083],[24.464583,64.68125],[24.460417,64.68125],[24.460417,64.677083]]]},"properties":{"radiance":83.92}},{"type":"Feature","geometry":{"type":"Polygon","coordinates":[[[24.464583,64.677083],[24.46875,64.677083],[24.46875,64.68125],[24.464583,64.68125],[24.464583,64.677083]]]},"properties":{"radiance":92.93}},{"type":"Feature","geometry":{"type":"Polygon","coordinates":[[[24.46875,64.677083],[24.472917,64.677083],[24.472917,64.68125],[24.46875,64.68125],[24.46875,64.677083]]]},"properties":{"radiance":91.17}},{"type":"Feature","geometry":{"type":"Polygon","coordinates":[[[24.472917,64.677083],[24.477083,64.677083],[24.477083,64.68125],[24.472917,64.68125],[24.472917,64.677083]]]},"properties":{"radiance":94.39}},{"type":"Feature","geometry":{"type":"Polygon","coordinates":[[[24.477083,64.677083],[24.48125,64.677083],[24.48125,64.68125],[24.477083,64.68125],[24.477083,64.677083]]]},"properties":{"radiance":89.43}},{"type":"Feature","geometry":{"type":"Polygon","coordinates":[[[24.48125,64.677083],[24.485417,64.677083],[24.485417,64.68125],[24.48125,64.68125],[24.48125,64.677083]]]},"properties":{"radiance":75.16}},{"type":"Feature","geometry":{"type":"Polygon","coordinates":[[[24.485417,64.677083],[24.489583,64.677083],[24.489583,64.68125],[24.485417,64.68125],[24.485417,64.677083]]]},"properties":{"radiance":58.81}},{"type":"Feature","geometry":{"type":"Polygon","coordinates":[[[24.489583,64.677083],[24.49375,64.677083],[24.49375,64.68125],[24.489583,64.68125],[24.489583,64.677083]]]},"properties":{"radiance":52.91}},{"type":"Feature","geometry":{"type":"Polygon","coordinates":[[[24.49375,64.677083],[24.497917,64.677083],[24.497917,64.68125],[24.49375,64.68125],[24.49375,64.677083]]]},"properties":{"radiance":53.54}},{"type":"Feature","geometry":{"type":"Polygon","coordinates":[[[24.497917,64.677083],[24.502083,64.677083],[24.502083,64.68125],[24.497917,64.68125],[24.497917,64.677083]]]},"properties":{"radiance":48.14}},{"type":"Feature","geometry":{"type":"Polygon","coordinates":[[[24.502083,64.677083],[24.50625,64.677083],[24.50625,64.68125],[24.502083,64.68125],[24.502083,64.677083]]]},"properties":{"radiance":45.65}},{"type":"Feature","geometry":{"type":"Polygon","coordinates":[[[24.50625,64.677083],[24.510417,64.677083],[24.510417,64.68125],[24.50625,64.68125],[24.50625,64.677083]]]},"properties":{"radiance":46.66}},{"type":"Feature","geometry":{"type":"Polygon","coordinates":[[[24.510417,64.677083],[24.514583,64.677083],[24.514583,64.68125],[24.510417,64.68125],[24.510417,64.677083]]]},"properties":{"radiance":45.95}},{"type":"Feature","geometry":{"type":"Polygon","coordinates":[[[24.514583,64.677083],[24.51875,64.677083],[24.51875,64.68125],[24.514583,64.68125],[24.514583,64.677083]]]},"properties":{"radiance":47.27}},{"type":"Feature","geometry":{"type":"Polygon","coordinates":[[[24.51875,64.677083],[24.522917,64.677083],[24.522917,64.68125],[24.51875,64.68125],[24.51875,64.677083]]]},"properties":{"radiance":38.72}},{"type":"Feature","geometry":{"type":"Polygon","coordinates":[[[24.522917,64.677083],[24.527083,64.677083],[24.527083,64.68125],[24.522917,64.68125],[24.522917,64.677083]]]},"properties":{"radiance":45.11}},{"type":"Feature","geometry":{"type":"Polygon","coordinates":[[[24.527083,64.677083],[24.53125,64.677083],[24.53125,64.68125],[24.527083,64.68125],[24.527083,64.677083]]]},"properties":{"radiance":44.91}},{"type":"Feature","geometry":{"type":"Polygon","coordinates":[[[24.53125,64.677083],[24.535417,64.677083],[24.535417,64.68125],[24.53125,64.68125],[24.53125,64.677083]]]},"properties":{"radiance":14.83}},{"type":"Feature","geometry":{"type":"Polygon","coordinates":[[[24.535417,64.677083],[24.539583,64.677083],[24.539583,64.68125],[24.535417,64.68125],[24.535417,64.677083]]]},"properties":{"radiance":6.31}},{"type":"Feature","geometry":{"type":"Polygon","coordinates":[[[24.439583,64.672917],[24.44375,64.672917],[24.44375,64.677083],[24.439583,64.677083],[24.439583,64.672917]]]},"properties":{"radiance":7.08}},{"type":"Feature","geometry":{"type":"Polygon","coordinates":[[[24.44375,64.672917],[24.447917,64.672917],[24.447917,64.677083],[24.44375,64.677083],[24.44375,64.672917]]]},"properties":{"radiance":26.77}},{"type":"Feature","geometry":{"type":"Polygon","coordinates":[[[24.447917,64.672917],[24.452083,64.672917],[24.452083,64.677083],[24.447917,64.677083],[24.447917,64.672917]]]},"properties":{"radiance":34.73}},{"type":"Feature","geometry":{"type":"Polygon","coordinates":[[[24.452083,64.672917],[24.45625,64.672917],[24.45625,64.677083],[24.452083,64.677083],[24.452083,64.672917]]]},"properties":{"radiance":51.61}},{"type":"Feature","geometry":{"type":"Polygon","coordinates":[[[24.45625,64.672917],[24.460417,64.672917],[24.460417,64.677083],[24.45625,64.677083],[24.45625,64.672917]]]},"properties":{"radiance":58.59}},{"type":"Feature","geometry":{"type":"Polygon","coordinates":[[[24.460417,64.672917],[24.464583,64.672917],[24.464583,64.677083],[24.460417,64.677083],[24.460417,64.672917]]]},"properties":{"radiance":70.8}},{"type":"Feature","geometry":{"type":"Polygon","coordinates":[[[24.464583,64.672917],[24.46875,64.672917],[24.46875,64.677083],[24.464583,64.677083],[24.464583,64.672917]]]},"properties":{"radiance":75.65}},{"type":"Feature","geometry":{"type":"Polygon","coordinates":[[[24.46875,64.672917],[24.472917,64.672917],[24.472917,64.677083],[24.46875,64.677083],[24.46875,64.672917]]]},"properties":{"radiance":78.56}},{"type":"Feature","geometry":{"type":"Polygon","coordinates":[[[24.472917,64.672917],[24.477083,64.672917],[24.477083,64.677083],[24.472917,64.677083],[24.472917,64.672917]]]},"properties":{"radiance":77.65}},{"type":"Feature","geometry":{"type":"Polygon","coordinates":[[[24.477083,64.672917],[24.48125,64.672917],[24.48125,64.677083],[24.477083,64.677083],[24.477083,64.672917]]]},"properties":{"radiance":80.55}},{"type":"Feature","geometry":{"type":"Polygon","coordinates":[[[24.48125,64.672917],[24.485417,64.672917],[24.485417,64.677083],[24.48125,64.677083],[24.48125,64.672917]]]},"properties":{"radiance":60.43}},{"type":"Feature","geometry":{"type":"Polygon","coordinates":[[[24.485417,64.672917],[24.489583,64.672917],[24.489583,64.677083],[24.485417,64.677083],[24.485417,64.672917]]]},"properties":{"radiance":58.27}},{"type":"Feature","geometry":{"type":"Polygon","coordinates":[[[24.489583,64.672917],[24.49375,64.672917],[24.49375,64.677083],[24.489583,64.677083],[24.489583,64.672917]]]},"properties":{"radiance":46.02}},{"type":"Feature","geometry":{"type":"Polygon","coordinates":[[[24.49375,64.672917],[24.497917,64.672917],[24.497917,64.677083],[24.49375,64.677083],[24.49375,64.672917]]]},"properties":{"radiance":16.65}},{"type":"Feature","geometry":{"type":"Polygon","coordinates":[[[24.497917,64.672917],[24.502083,64.672917],[24.502083,64.677083],[24.497917,64.677083],[24.497917,64.672917]]]},"properties":{"radiance":33.24}},{"type":"Feature","geometry":{"type":"Polygon","coordinates":[[[24.502083,64.672917],[24.50625,64.672917],[24.50625,64.677083],[24.502083,64.677083],[24.502083,64.672917]]]},"properties":{"radiance":31.36}},{"type":"Feature","geometry":{"type":"Polygon","coordinates":[[[24.50625,64.672917],[24.510417,64.672917],[24.510417,64.677083],[24.50625,64.677083],[24.50625,64.672917]]]},"properties":{"radiance":33}},{"type":"Feature","geometry":{"type":"Polygon","coordinates":[[[24.510417,64.672917],[24.514583,64.672917],[24.514583,64.677083],[24.510417,64.677083],[24.510417,64.672917]]]},"properties":{"radiance":36.49}},{"type":"Feature","geometry":{"type":"Polygon","coordinates":[[[24.514583,64.672917],[24.51875,64.672917],[24.51875,64.677083],[24.514583,64.677083],[24.514583,64.672917]]]},"properties":{"radiance":7.5}},{"type":"Feature","geometry":{"type":"Polygon","coordinates":[[[24.51875,64.672917],[24.522917,64.672917],[24.522917,64.677083],[24.51875,64.677083],[24.51875,64.672917]]]},"properties":{"radiance":7.93}},{"type":"Feature","geometry":{"type":"Polygon","coordinates":[[[24.522917,64.672917],[24.527083,64.672917],[24.527083,64.677083],[24.522917,64.677083],[24.522917,64.672917]]]},"properties":{"radiance":6.63}},{"type":"Feature","geometry":{"type":"Polygon","coordinates":[[[24.527083,64.672917],[24.53125,64.672917],[24.53125,64.677083],[24.527083,64.677083],[24.527083,64.672917]]]},"properties":{"radiance":5.75}},{"type":"Feature","geometry":{"type":"Polygon","coordinates":[[[25.08125,64.672917],[25.085417,64.672917],[25.085417,64.677083],[25.08125,64.677083],[25.08125,64.672917]]]},"properties":{"radiance":5.32}},{"type":"Feature","geometry":{"type":"Polygon","coordinates":[[[25.10625,64.672917],[25.110417,64.672917],[25.110417,64.677083],[25.10625,64.677083],[25.10625,64.672917]]]},"properties":{"radiance":6.88}},{"type":"Feature","geometry":{"type":"Polygon","coordinates":[[[25.110417,64.672917],[25.114583,64.672917],[25.114583,64.677083],[25.110417,64.677083],[25.110417,64.672917]]]},"properties":{"radiance":6.84}},{"type":"Feature","geometry":{"type":"Polygon","coordinates":[[[24.402083,64.66875],[24.40625,64.66875],[24.40625,64.672917],[24.402083,64.672917],[24.402083,64.66875]]]},"properties":{"radiance":20.62}},{"type":"Feature","geometry":{"type":"Polygon","coordinates":[[[24.410417,64.66875],[24.414583,64.66875],[24.414583,64.672917],[24.410417,64.672917],[24.410417,64.66875]]]},"properties":{"radiance":10.23}},{"type":"Feature","geometry":{"type":"Polygon","coordinates":[[[24.414583,64.66875],[24.41875,64.66875],[24.41875,64.672917],[24.414583,64.672917],[24.414583,64.66875]]]},"properties":{"radiance":12.77}},{"type":"Feature","geometry":{"type":"Polygon","coordinates":[[[24.41875,64.66875],[24.422917,64.66875],[24.422917,64.672917],[24.41875,64.672917],[24.41875,64.66875]]]},"properties":{"radiance":12.12}},{"type":"Feature","geometry":{"type":"Polygon","coordinates":[[[24.422917,64.66875],[24.427083,64.66875],[24.427083,64.672917],[24.422917,64.672917],[24.422917,64.66875]]]},"properties":{"radiance":12.71}},{"type":"Feature","geometry":{"type":"Polygon","coordinates":[[[24.427083,64.66875],[24.43125,64.66875],[24.43125,64.672917],[24.427083,64.672917],[24.427083,64.66875]]]},"properties":{"radiance":47.79}},{"type":"Feature","geometry":{"type":"Polygon","coordinates":[[[24.43125,64.66875],[24.435417,64.66875],[24.435417,64.672917],[24.43125,64.672917],[24.43125,64.66875]]]},"properties":{"radiance":40.07}},{"type":"Feature","geometry":{"type":"Polygon","coordinates":[[[24.435417,64.66875],[24.439583,64.66875],[24.439583,64.672917],[24.435417,64.672917],[24.435417,64.66875]]]},"properties":{"radiance":34.23}},{"type":"Feature","geometry":{"type":"Polygon","coordinates":[[[24.439583,64.66875],[24.44375,64.66875],[24.44375,64.672917],[24.439583,64.672917],[24.439583,64.66875]]]},"properties":{"radiance":41.98}},{"type":"Feature","geometry":{"type":"Polygon","coordinates":[[[24.44375,64.66875],[24.447917,64.66875],[24.447917,64.672917],[24.44375,64.672917],[24.44375,64.66875]]]},"properties":{"radiance":39.07}},{"type":"Feature","geometry":{"type":"Polygon","coordinates":[[[24.447917,64.66875],[24.452083,64.66875],[24.452083,64.672917],[24.447917,64.672917],[24.447917,64.66875]]]},"properties":{"radiance":38.27}},{"type":"Feature","geometry":{"type":"Polygon","coordinates":[[[24.452083,64.66875],[24.45625,64.66875],[24.45625,64.672917],[24.452083,64.672917],[24.452083,64.66875]]]},"properties":{"radiance":44.03}},{"type":"Feature","geometry":{"type":"Polygon","coordinates":[[[24.45625,64.66875],[24.460417,64.66875],[24.460417,64.672917],[24.45625,64.672917],[24.45625,64.66875]]]},"properties":{"radiance":34.74}},{"type":"Feature","geometry":{"type":"Polygon","coordinates":[[[24.460417,64.66875],[24.464583,64.66875],[24.464583,64.672917],[24.460417,64.672917],[24.460417,64.66875]]]},"properties":{"radiance":26.36}},{"type":"Feature","geometry":{"type":"Polygon","coordinates":[[[24.464583,64.66875],[24.46875,64.66875],[24.46875,64.672917],[24.464583,64.672917],[24.464583,64.66875]]]},"properties":{"radiance":31.15}},{"type":"Feature","geometry":{"type":"Polygon","coordinates":[[[24.46875,64.66875],[24.472917,64.66875],[24.472917,64.672917],[24.46875,64.672917],[24.46875,64.66875]]]},"properties":{"radiance":20.7}},{"type":"Feature","geometry":{"type":"Polygon","coordinates":[[[24.472917,64.66875],[24.477083,64.66875],[24.477083,64.672917],[24.472917,64.672917],[24.472917,64.66875]]]},"properties":{"radiance":35.81}},{"type":"Feature","geometry":{"type":"Polygon","coordinates":[[[24.477083,64.66875],[24.48125,64.66875],[24.48125,64.672917],[24.477083,64.672917],[24.477083,64.66875]]]},"properties":{"radiance":30.9}},{"type":"Feature","geometry":{"type":"Polygon","coordinates":[[[24.48125,64.66875],[24.485417,64.66875],[24.485417,64.672917],[24.48125,64.672917],[24.48125,64.66875]]]},"properties":{"radiance":20.26}},{"type":"Feature","geometry":{"type":"Polygon","coordinates":[[[24.485417,64.66875],[24.489583,64.66875],[24.489583,64.672917],[24.485417,64.672917],[24.485417,64.66875]]]},"properties":{"radiance":32.56}},{"type":"Feature","geometry":{"type":"Polygon","coordinates":[[[24.489583,64.66875],[24.49375,64.66875],[24.49375,64.672917],[24.489583,64.672917],[24.489583,64.66875]]]},"properties":{"radiance":8.11}},{"type":"Feature","geometry":{"type":"Polygon","coordinates":[[[24.49375,64.66875],[24.497917,64.66875],[24.497917,64.672917],[24.49375,64.672917],[24.49375,64.66875]]]},"properties":{"radiance":5}},{"type":"Feature","geometry":{"type":"Polygon","coordinates":[[[24.497917,64.66875],[24.502083,64.66875],[24.502083,64.672917],[24.497917,64.672917],[24.497917,64.66875]]]},"properties":{"radiance":5.9}},{"type":"Feature","geometry":{"type":"Polygon","coordinates":[[[24.502083,64.66875],[24.50625,64.66875],[24.50625,64.672917],[24.502083,64.672917],[24.502083,64.66875]]]},"properties":{"radiance":5.25}},{"type":"Feature","geometry":{"type":"Polygon","coordinates":[[[24.50625,64.66875],[24.510417,64.66875],[24.510417,64.672917],[24.50625,64.672917],[24.50625,64.66875]]]},"properties":{"radiance":5.67}},{"type":"Feature","geometry":{"type":"Polygon","coordinates":[[[24.51875,64.66875],[24.522917,64.66875],[24.522917,64.672917],[24.51875,64.672917],[24.51875,64.66875]]]},"properties":{"radiance":5.08}},{"type":"Feature","geometry":{"type":"Polygon","coordinates":[[[24.522917,64.66875],[24.527083,64.66875],[24.527083,64.672917],[24.522917,64.672917],[24.522917,64.66875]]]},"properties":{"radiance":5.06}},{"type":"Feature","geometry":{"type":"Polygon","coordinates":[[[25.089583,64.66875],[25.09375,64.66875],[25.09375,64.672917],[25.089583,64.672917],[25.089583,64.66875]]]},"properties":{"radiance":23.14}},{"type":"Feature","geometry":{"type":"Polygon","coordinates":[[[25.09375,64.66875],[25.097917,64.66875],[25.097917,64.672917],[25.09375,64.672917],[25.09375,64.66875]]]},"properties":{"radiance":23.72}},{"type":"Feature","geometry":{"type":"Polygon","coordinates":[[[25.097917,64.66875],[25.102083,64.66875],[25.102083,64.672917],[25.097917,64.672917],[25.097917,64.66875]]]},"properties":{"radiance":7.08}},{"type":"Feature","geometry":{"type":"Polygon","coordinates":[[[25.102083,64.66875],[25.10625,64.66875],[25.10625,64.672917],[25.102083,64.672917],[25.102083,64.66875]]]},"properties":{"radiance":11.02}},{"type":"Feature","geometry":{"type":"Polygon","coordinates":[[[25.10625,64.66875],[25.110417,64.66875],[25.110417,64.672917],[25.10625,64.672917],[25.10625,64.66875]]]},"properties":{"radiance":8.5}},{"type":"Feature","geometry":{"type":"Polygon","coordinates":[[[25.114583,64.66875],[25.11875,64.66875],[25.11875,64.672917],[25.114583,64.672917],[25.114583,64.66875]]]},"properties":{"radiance":5.89}},{"type":"Feature","geometry":{"type":"Polygon","coordinates":[[[24.40625,64.664583],[24.410417,64.664583],[24.410417,64.66875],[24.40625,64.66875],[24.40625,64.664583]]]},"properties":{"radiance":103.77}},{"type":"Feature","geometry":{"type":"Polygon","coordinates":[[[24.410417,64.664583],[24.414583,64.664583],[24.414583,64.66875],[24.410417,64.66875],[24.410417,64.664583]]]},"properties":{"radiance":122.21}},{"type":"Feature","geometry":{"type":"Polygon","coordinates":[[[24.414583,64.664583],[24.41875,64.664583],[24.41875,64.66875],[24.414583,64.66875],[24.414583,64.664583]]]},"properties":{"radiance":132.15}},{"type":"Feature","geometry":{"type":"Polygon","coordinates":[[[24.41875,64.664583],[24.422917,64.664583],[24.422917,64.66875],[24.41875,64.66875],[24.41875,64.664583]]]},"properties":{"radiance":151.2}},{"type":"Feature","geometry":{"type":"Polygon","coordinates":[[[24.422917,64.664583],[24.427083,64.664583],[24.427083,64.66875],[24.422917,64.66875],[24.422917,64.664583]]]},"properties":{"radiance":136.62}},{"type":"Feature","geometry":{"type":"Polygon","coordinates":[[[24.427083,64.664583],[24.43125,64.664583],[24.43125,64.66875],[24.427083,64.66875],[24.427083,64.664583]]]},"properties":{"radiance":71}},{"type":"Feature","geometry":{"type":"Polygon","coordinates":[[[24.43125,64.664583],[24.435417,64.664583],[24.435417,64.66875],[24.43125,64.66875],[24.43125,64.664583]]]},"properties":{"radiance":71.61}},{"type":"Feature","geometry":{"type":"Polygon","coordinates":[[[24.435417,64.664583],[24.439583,64.664583],[24.439583,64.66875],[24.435417,64.66875],[24.435417,64.664583]]]},"properties":{"radiance":90.61}},{"type":"Feature","geometry":{"type":"Polygon","coordinates":[[[24.439583,64.664583],[24.44375,64.664583],[24.44375,64.66875],[24.439583,64.66875],[24.439583,64.664583]]]},"properties":{"radiance":63.16}},{"type":"Feature","geometry":{"type":"Polygon","coordinates":[[[24.44375,64.664583],[24.447917,64.664583],[24.447917,64.66875],[24.44375,64.66875],[24.44375,64.664583]]]},"properties":{"radiance":63.56}},{"type":"Feature","geometry":{"type":"Polygon","coordinates":[[[24.447917,64.664583],[24.452083,64.664583],[24.452083,64.66875],[24.447917,64.66875],[24.447917,64.664583]]]},"properties":{"radiance":54.62}},{"type":"Feature","geometry":{"type":"Polygon","coordinates":[[[24.452083,64.664583],[24.45625,64.664583],[24.45625,64.66875],[24.452083,64.66875],[24.452083,64.664583]]]},"properties":{"radiance":42.45}},{"type":"Feature","geometry":{"type":"Polygon","coordinates":[[[24.45625,64.664583],[24.460417,64.664583],[24.460417,64.66875],[24.45625,64.66875],[24.45625,64.664583]]]},"properties":{"radiance":43.34}},{"type":"Feature","geometry":{"type":"Polygon","coordinates":[[[24.460417,64.664583],[24.464583,64.664583],[24.464583,64.66875],[24.460417,64.66875],[24.460417,64.664583]]]},"properties":{"radiance":35.5}},{"type":"Feature","geometry":{"type":"Polygon","coordinates":[[[24.464583,64.664583],[24.46875,64.664583],[24.46875,64.66875],[24.464583,64.66875],[24.464583,64.664583]]]},"properties":{"radiance":9.37}},{"type":"Feature","geometry":{"type":"Polygon","coordinates":[[[24.46875,64.664583],[24.472917,64.664583],[24.472917,64.66875],[24.46875,64.66875],[24.46875,64.664583]]]},"properties":{"radiance":10.31}},{"type":"Feature","geometry":{"type":"Polygon","coordinates":[[[24.472917,64.664583],[24.477083,64.664583],[24.477083,64.66875],[24.472917,64.66875],[24.472917,64.664583]]]},"properties":{"radiance":9.62}},{"type":"Feature","geometry":{"type":"Polygon","coordinates":[[[24.477083,64.664583],[24.48125,64.664583],[24.48125,64.66875],[24.477083,64.66875],[24.477083,64.664583]]]},"properties":{"radiance":8.48}},{"type":"Feature","geometry":{"type":"Polygon","coordinates":[[[24.48125,64.664583],[24.485417,64.664583],[24.485417,64.66875],[24.48125,64.66875],[24.48125,64.664583]]]},"properties":{"radiance":7}},{"type":"Feature","geometry":{"type":"Polygon","coordinates":[[[24.485417,64.664583],[24.489583,64.664583],[24.489583,64.66875],[24.485417,64.66875],[24.485417,64.664583]]]},"properties":{"radiance":5.59}},{"type":"Feature","geometry":{"type":"Polygon","coordinates":[[[25.085417,64.664583],[25.089583,64.664583],[25.089583,64.66875],[25.085417,64.66875],[25.085417,64.664583]]]},"properties":{"radiance":25.79}},{"type":"Feature","geometry":{"type":"Polygon","coordinates":[[[25.089583,64.664583],[25.09375,64.664583],[25.09375,64.66875],[25.089583,64.66875],[25.089583,64.664583]]]},"properties":{"radiance":30.63}},{"type":"Feature","geometry":{"type":"Polygon","coordinates":[[[25.09375,64.664583],[25.097917,64.664583],[25.097917,64.66875],[25.09375,64.66875],[25.09375,64.664583]]]},"properties":{"radiance":32.39}},{"type":"Feature","geometry":{"type":"Polygon","coordinates":[[[25.097917,64.664583],[25.102083,64.664583],[25.102083,64.66875],[25.097917,64.66875],[25.097917,64.664583]]]},"properties":{"radiance":28.44}},{"type":"Feature","geometry":{"type":"Polygon","coordinates":[[[25.102083,64.664583],[25.10625,64.664583],[25.10625,64.66875],[25.102083,64.66875],[25.102083,64.664583]]]},"properties":{"radiance":17.92}},{"type":"Feature","geometry":{"type":"Polygon","coordinates":[[[25.10625,64.664583],[25.110417,64.664583],[25.110417,64.66875],[25.10625,64.66875],[25.10625,64.664583]]]},"properties":{"radiance":13.44}},{"type":"Feature","geometry":{"type":"Polygon","coordinates":[[[24.402083,64.660417],[24.40625,64.660417],[24.40625,64.664583],[24.402083,64.664583],[24.402083,64.660417]]]},"properties":{"radiance":139.98}},{"type":"Feature","geometry":{"type":"Polygon","coordinates":[[[24.40625,64.660417],[24.410417,64.660417],[24.410417,64.664583],[24.40625,64.664583],[24.40625,64.660417]]]},"properties":{"radiance":164.44}},{"type":"Feature","geometry":{"type":"Polygon","coordinates":[[[24.410417,64.660417],[24.414583,64.660417],[24.414583,64.664583],[24.410417,64.664583],[24.410417,64.660417]]]},"properties":{"radiance":164.21}},{"type":"Feature","geometry":{"type":"Polygon","coordinates":[[[24.414583,64.660417],[24.41875,64.660417],[24.41875,64.664583],[24.414583,64.664583],[24.414583,64.660417]]]},"properties":{"radiance":174.58}},{"type":"Feature","geometry":{"type":"Polygon","coordinates":[[[24.41875,64.660417],[24.422917,64.660417],[24.422917,64.664583],[24.41875,64.664583],[24.41875,64.660417]]]},"properties":{"radiance":175.68}},{"type":"Feature","geometry":{"type":"Polygon","coordinates":[[[24.422917,64.660417],[24.427083,64.660417],[24.427083,64.664583],[24.422917,64.664583],[24.422917,64.660417]]]},"properties":{"radiance":188.13}},{"type":"Feature","geometry":{"type":"Polygon","coordinates":[[[24.427083,64.660417],[24.43125,64.660417],[24.43125,64.664583],[24.427083,64.664583],[24.427083,64.660417]]]},"properties":{"radiance":171.08}},{"type":"Feature","geometry":{"type":"Polygon","coordinates":[[[24.43125,64.660417],[24.435417,64.660417],[24.435417,64.664583],[24.43125,64.664583],[24.43125,64.660417]]]},"properties":{"radiance":147.57}},{"type":"Feature","geometry":{"type":"Polygon","coordinates":[[[24.435417,64.660417],[24.439583,64.660417],[24.439583,64.664583],[24.435417,64.664583],[24.435417,64.660417]]]},"properties":{"radiance":155.31}},{"type":"Feature","geometry":{"type":"Polygon","coordinates":[[[24.439583,64.660417],[24.44375,64.660417],[24.44375,64.664583],[24.439583,64.664583],[24.439583,64.660417]]]},"properties":{"radiance":113.14}},{"type":"Feature","geometry":{"type":"Polygon","coordinates":[[[24.44375,64.660417],[24.447917,64.660417],[24.447917,64.664583],[24.44375,64.664583],[24.44375,64.660417]]]},"properties":{"radiance":102.48}},{"type":"Feature","geometry":{"type":"Polygon","coordinates":[[[24.447917,64.660417],[24.452083,64.660417],[24.452083,64.664583],[24.447917,64.664583],[24.447917,64.660417]]]},"properties":{"radiance":68.95}},{"type":"Feature","geometry":{"type":"Polygon","coordinates":[[[24.452083,64.660417],[24.45625,64.660417],[24.45625,64.664583],[24.452083,64.664583],[24.452083,64.660417]]]},"properties":{"radiance":55.31}},{"type":"Feature","geometry":{"type":"Polygon","coordinates":[[[24.45625,64.660417],[24.460417,64.660417],[24.460417,64.664583],[24.45625,64.664583],[24.45625,64.660417]]]},"properties":{"radiance":46.32}},{"type":"Feature","geometry":{"type":"Polygon","coordinates":[[[24.460417,64.660417],[24.464583,64.660417],[24.464583,64.664583],[24.460417,64.664583],[24.460417,64.660417]]]},"properties":{"radiance":44.24}},{"type":"Feature","geometry":{"type":"Polygon","coordinates":[[[24.464583,64.660417],[24.46875,64.660417],[24.46875,64.664583],[24.464583,64.664583],[24.464583,64.660417]]]},"properties":{"radiance":41.67}},{"type":"Feature","geometry":{"type":"Polygon","coordinates":[[[24.46875,64.660417],[24.472917,64.660417],[24.472917,64.664583],[24.46875,64.664583],[24.46875,64.660417]]]},"properties":{"radiance":36.87}},{"type":"Feature","geometry":{"type":"Polygon","coordinates":[[[24.472917,64.660417],[24.477083,64.660417],[24.477083,64.664583],[24.472917,64.664583],[24.472917,64.660417]]]},"properties":{"radiance":32.54}},{"type":"Feature","geometry":{"type":"Polygon","coordinates":[[[24.477083,64.660417],[24.48125,64.660417],[24.48125,64.664583],[24.477083,64.664583],[24.477083,64.660417]]]},"properties":{"radiance":13.97}},{"type":"Feature","geometry":{"type":"Polygon","coordinates":[[[24.48125,64.660417],[24.485417,64.660417],[24.485417,64.664583],[24.48125,64.664583],[24.48125,64.660417]]]},"properties":{"radiance":6.65}},{"type":"Feature","geometry":{"type":"Polygon","coordinates":[[[24.485417,64.660417],[24.489583,64.660417],[24.489583,64.664583],[24.485417,64.664583],[24.485417,64.660417]]]},"properties":{"radiance":5.28}},{"type":"Feature","geometry":{"type":"Polygon","coordinates":[[[25.089583,64.660417],[25.09375,64.660417],[25.09375,64.664583],[25.089583,64.664583],[25.089583,64.660417]]]},"properties":{"radiance":20.09}},{"type":"Feature","geometry":{"type":"Polygon","coordinates":[[[25.09375,64.660417],[25.097917,64.660417],[25.097917,64.664583],[25.09375,64.664583],[25.09375,64.660417]]]},"properties":{"radiance":17.32}},{"type":"Feature","geometry":{"type":"Polygon","coordinates":[[[25.097917,64.660417],[25.102083,64.660417],[25.102083,64.664583],[25.097917,64.664583],[25.097917,64.660417]]]},"properties":{"radiance":24.38}},{"type":"Feature","geometry":{"type":"Polygon","coordinates":[[[25.102083,64.660417],[25.10625,64.660417],[25.10625,64.664583],[25.102083,64.664583],[25.102083,64.660417]]]},"properties":{"radiance":18.21}},{"type":"Feature","geometry":{"type":"Polygon","coordinates":[[[25.10625,64.660417],[25.110417,64.660417],[25.110417,64.664583],[25.10625,64.664583],[25.10625,64.660417]]]},"properties":{"radiance":14.73}},{"type":"Feature","geometry":{"type":"Polygon","coordinates":[[[24.40625,64.65625],[24.410417,64.65625],[24.410417,64.660417],[24.40625,64.660417],[24.40625,64.65625]]]},"properties":{"radiance":253.63}},{"type":"Feature","geometry":{"type":"Polygon","coordinates":[[[24.410417,64.65625],[24.414583,64.65625],[24.414583,64.660417],[24.410417,64.660417],[24.410417,64.65625]]]},"properties":{"radiance":265.48}},{"type":"Feature","geometry":{"type":"Polygon","coordinates":[[[24.414583,64.65625],[24.41875,64.65625],[24.41875,64.660417],[24.414583,64.660417],[24.414583,64.65625]]]},"properties":{"radiance":307.72}},{"type":"Feature","geometry":{"type":"Polygon","coordinates":[[[24.41875,64.65625],[24.422917,64.65625],[24.422917,64.660417],[24.41875,64.660417],[24.41875,64.65625]]]},"properties":{"radiance":356.23}},{"type":"Feature","geometry":{"type":"Polygon","coordinates":[[[24.422917,64.65625],[24.427083,64.65625],[24.427083,64.660417],[24.422917,64.660417],[24.422917,64.65625]]]},"properties":{"radiance":274.31}},{"type":"Feature","geometry":{"type":"Polygon","coordinates":[[[24.427083,64.65625],[24.43125,64.65625],[24.43125,64.660417],[24.427083,64.660417],[24.427083,64.65625]]]},"properties":{"radiance":277.85}},{"type":"Feature","geometry":{"type":"Polygon","coordinates":[[[24.43125,64.65625],[24.435417,64.65625],[24.435417,64.660417],[24.43125,64.660417],[24.43125,64.65625]]]},"properties":{"radiance":227.72}},{"type":"Feature","geometry":{"type":"Polygon","coordinates":[[[24.435417,64.65625],[24.439583,64.65625],[24.439583,64.660417],[24.435417,64.660417],[24.435417,64.65625]]]},"properties":{"radiance":181.84}},{"type":"Feature","geometry":{"type":"Polygon","coordinates":[[[24.439583,64.65625],[24.44375,64.65625],[24.44375,64.660417],[24.439583,64.660417],[24.439583,64.65625]]]},"properties":{"radiance":149.82}},{"type":"Feature","geometry":{"type":"Polygon","coordinates":[[[24.44375,64.65625],[24.447917,64.65625],[24.447917,64.660417],[24.44375,64.660417],[24.44375,64.65625]]]},"properties":{"radiance":92.79}},{"type":"Feature","geometry":{"type":"Polygon","coordinates":[[[24.447917,64.65625],[24.452083,64.65625],[24.452083,64.660417],[24.447917,64.660417],[24.447917,64.65625]]]},"properties":{"radiance":90.59}},{"type":"Feature","geometry":{"type":"Polygon","coordinates":[[[24.452083,64.65625],[24.45625,64.65625],[24.45625,64.660417],[24.452083,64.660417],[24.452083,64.65625]]]},"properties":{"radiance":47.88}},{"type":"Feature","geometry":{"type":"Polygon","coordinates":[[[24.45625,64.65625],[24.460417,64.65625],[24.460417,64.660417],[24.45625,64.660417],[24.45625,64.65625]]]},"properties":{"radiance":31.74}},{"type":"Feature","geometry":{"type":"Polygon","coordinates":[[[24.460417,64.65625],[24.464583,64.65625],[24.464583,64.660417],[24.460417,64.660417],[24.460417,64.65625]]]},"properties":{"radiance":25.05}},{"type":"Feature","geometry":{"type":"Polygon","coordinates":[[[24.464583,64.65625],[24.46875,64.65625],[24.46875,64.660417],[24.464583,64.660417],[24.464583,64.65625]]]},"properties":{"radiance":13.27}},{"type":"Feature","geometry":{"type":"Polygon","coordinates":[[[24.46875,64.65625],[24.472917,64.65625],[24.472917,64.660417],[24.46875,64.660417],[24.46875,64.65625]]]},"properties":{"radiance":29.03}},{"type":"Feature","geometry":{"type":"Polygon","coordinates":[[[24.472917,64.65625],[24.477083,64.65625],[24.477083,64.660417],[24.472917,64.660417],[24.472917,64.65625]]]},"properties":{"radiance":14.68}},{"type":"Feature","geometry":{"type":"Polygon","coordinates":[[[24.477083,64.65625],[24.48125,64.65625],[24.48125,64.660417],[24.477083,64.660417],[24.477083,64.65625]]]},"properties":{"radiance":6.16}},{"type":"Feature","geometry":{"type":"Polygon","coordinates":[[[24.48125,64.65625],[24.485417,64.65625],[24.485417,64.660417],[24.48125,64.660417],[24.48125,64.65625]]]},"properties":{"radiance":5.16}},{"type":"Feature","geometry":{"type":"Polygon","coordinates":[[[24.485417,64.65625],[24.489583,64.65625],[24.489583,64.660417],[24.485417,64.660417],[24.485417,64.65625]]]},"properties":{"radiance":6.27}},{"type":"Feature","geometry":{"type":"Polygon","coordinates":[[[25.09375,64.65625],[25.097917,64.65625],[25.097917,64.660417],[25.09375,64.660417],[25.09375,64.65625]]]},"properties":{"radiance":21.01}},{"type":"Feature","geometry":{"type":"Polygon","coordinates":[[[25.097917,64.65625],[25.102083,64.65625],[25.102083,64.660417],[25.097917,64.660417],[25.097917,64.65625]]]},"properties":{"radiance":37.36}},{"type":"Feature","geometry":{"type":"Polygon","coordinates":[[[25.102083,64.65625],[25.10625,64.65625],[25.10625,64.660417],[25.102083,64.660417],[25.102083,64.65625]]]},"properties":{"radiance":26.84}},{"type":"Feature","geometry":{"type":"Polygon","coordinates":[[[25.10625,64.65625],[25.110417,64.65625],[25.110417,64.660417],[25.10625,64.660417],[25.10625,64.65625]]]},"properties":{"radiance":23.59}},{"type":"Feature","geometry":{"type":"Polygon","coordinates":[[[25.110417,64.65625],[25.114583,64.65625],[25.114583,64.660417],[25.110417,64.660417],[25.110417,64.65625]]]},"properties":{"radiance":5.97}},{"type":"Feature","geometry":{"type":"Polygon","coordinates":[[[24.40625,64.652083],[24.410417,64.652083],[24.410417,64.65625],[24.40625,64.65625],[24.40625,64.652083]]]},"properties":{"radiance":292.69}},{"type":"Feature","geometry":{"type":"Polygon","coordinates":[[[24.410417,64.652083],[24.414583,64.652083],[24.414583,64.65625],[24.410417,64.65625],[24.410417,64.652083]]]},"properties":{"radiance":417.24}},{"type":"Feature","geometry":{"type":"Polygon","coordinates":[[[24.414583,64.652083],[24.41875,64.652083],[24.41875,64.65625],[24.414583,64.65625],[24.414583,64.652083]]]},"properties":{"radiance":386.03}},{"type":"Feature","geometry":{"type":"Polygon","coordinates":[[[24.41875,64.652083],[24.422917,64.652083],[24.422917,64.65625],[24.41875,64.65625],[24.41875,64.652083]]]},"properties":{"radiance":351.96}},{"type":"Feature","geometry":{"type":"Polygon","coordinates":[[[24.422917,64.652083],[24.427083,64.652083],[24.427083,64.65625],[24.422917,64.65625],[24.422917,64.652083]]]},"properties":{"radiance":299.81}},{"type":"Feature","geometry":{"type":"Polygon","coordinates":[[[24.427083,64.652083],[24.43125,64.652083],[24.43125,64.65625],[24.427083,64.65625],[24.427083,64.652083]]]},"properties":{"radiance":247.27}},{"type":"Feature","geometry":{"type":"Polygon","coordinates":[[[24.43125,64.652083],[24.435417,64.652083],[24.435417,64.65625],[24.43125,64.65625],[24.43125,64.652083]]]},"properties":{"radiance":240.69}},{"type":"Feature","geometry":{"type":"Polygon","coordinates":[[[24.435417,64.652083],[24.439583,64.652083],[24.439583,64.65625],[24.435417,64.65625],[24.435417,64.652083]]]},"properties":{"radiance":143.45}},{"type":"Feature","geometry":{"type":"Polygon","coordinates":[[[24.439583,64.652083],[24.44375,64.652083],[24.44375,64.65625],[24.439583,64.65625],[24.439583,64.652083]]]},"properties":{"radiance":148.07}},{"type":"Feature","geometry":{"type":"Polygon","coordinates":[[[24.44375,64.652083],[24.447917,64.652083],[24.447917,64.65625],[24.44375,64.65625],[24.44375,64.652083]]]},"properties":{"radiance":122.5}},{"type":"Feature","geometry":{"type":"Polygon","coordinates":[[[24.447917,64.652083],[24.452083,64.652083],[24.452083,64.65625],[24.447917,64.65625],[24.447917,64.652083]]]},"properties":{"radiance":38.35}},{"type":"Feature","geometry":{"type":"Polygon","coordinates":[[[24.452083,64.652083],[24.45625,64.652083],[24.45625,64.65625],[24.452083,64.65625],[24.452083,64.652083]]]},"properties":{"radiance":8.71}},{"type":"Feature","geometry":{"type":"Polygon","coordinates":[[[24.45625,64.652083],[24.460417,64.652083],[24.460417,64.65625],[24.45625,64.65625],[24.45625,64.652083]]]},"properties":{"radiance":7.85}},{"type":"Feature","geometry":{"type":"Polygon","coordinates":[[[24.460417,64.652083],[24.464583,64.652083],[24.464583,64.65625],[24.460417,64.65625],[24.460417,64.652083]]]},"properties":{"radiance":6.27}},{"type":"Feature","geometry":{"type":"Polygon","coordinates":[[[24.48125,64.652083],[24.485417,64.652083],[24.485417,64.65625],[24.48125,64.65625],[24.48125,64.652083]]]},"properties":{"radiance":5.56}},{"type":"Feature","geometry":{"type":"Polygon","coordinates":[[[24.485417,64.652083],[24.489583,64.652083],[24.489583,64.65625],[24.485417,64.65625],[24.485417,64.652083]]]},"properties":{"radiance":5.81}},{"type":"Feature","geometry":{"type":"Polygon","coordinates":[[[24.489583,64.652083],[24.49375,64.652083],[24.49375,64.65625],[24.489583,64.65625],[24.489583,64.652083]]]},"properties":{"radiance":5.78}},{"type":"Feature","geometry":{"type":"Polygon","coordinates":[[[24.397917,64.647917],[24.402083,64.647917],[24.402083,64.652083],[24.397917,64.652083],[24.397917,64.647917]]]},"properties":{"radiance":76.18}},{"type":"Feature","geometry":{"type":"Polygon","coordinates":[[[24.402083,64.647917],[24.40625,64.647917],[24.40625,64.652083],[24.402083,64.652083],[24.402083,64.647917]]]},"properties":{"radiance":263.09}},{"type":"Feature","geometry":{"type":"Polygon","coordinates":[[[24.40625,64.647917],[24.410417,64.647917],[24.410417,64.652083],[24.40625,64.652083],[24.40625,64.647917]]]},"properties":{"radiance":300.29}},{"type":"Feature","geometry":{"type":"Polygon","coordinates":[[[24.410417,64.647917],[24.414583,64.647917],[24.414583,64.652083],[24.410417,64.652083],[24.410417,64.647917]]]},"properties":{"radiance":364.11}},{"type":"Feature","geometry":{"type":"Polygon","coordinates":[[[24.414583,64.647917],[24.41875,64.647917],[24.41875,64.652083],[24.414583,64.652083],[24.414583,64.647917]]]},"properties":{"radiance":379.82}},{"type":"Feature","geometry":{"type":"Polygon","coordinates":[[[24.41875,64.647917],[24.422917,64.647917],[24.422917,64.652083],[24.41875,64.652083],[24.41875,64.647917]]]},"properties":{"radiance":327.43}},{"type":"Feature","geometry":{"type":"Polygon","coordinates":[[[24.422917,64.647917],[24.427083,64.647917],[24.427083,64.652083],[24.422917,64.652083],[24.422917,64.647917]]]},"properties":{"radiance":301.15}},{"type":"Feature","geometry":{"type":"Polygon","coordinates":[[[24.427083,64.647917],[24.43125,64.647917],[24.43125,64.652083],[24.427083,64.652083],[24.427083,64.647917]]]},"properties":{"radiance":224.28}},{"type":"Feature","geometry":{"type":"Polygon","coordinates":[[[24.43125,64.647917],[24.435417,64.647917],[24.435417,64.652083],[24.43125,64.652083],[24.43125,64.647917]]]},"properties":{"radiance":209.79}},{"type":"Feature","geometry":{"type":"Polygon","coordinates":[[[24.435417,64.647917],[24.439583,64.647917],[24.439583,64.652083],[24.435417,64.652083],[24.435417,64.647917]]]},"properties":{"radiance":173.17}},{"type":"Feature","geometry":{"type":"Polygon","coordinates":[[[24.439583,64.647917],[24.44375,64.647917],[24.44375,64.652083],[24.439583,64.652083],[24.439583,64.647917]]]},"properties":{"radiance":183.25}},{"type":"Feature","geometry":{"type":"Polygon","coordinates":[[[24.44375,64.647917],[24.447917,64.647917],[24.447917,64.652083],[24.44375,64.652083],[24.44375,64.647917]]]},"properties":{"radiance":47}},{"type":"Feature","geometry":{"type":"Polygon","coordinates":[[[24.447917,64.647917],[24.452083,64.647917],[24.452083,64.652083],[24.447917,64.652083],[24.447917,64.647917]]]},"properties":{"radiance":45.56}},{"type":"Feature","geometry":{"type":"Polygon","coordinates":[[[24.452083,64.647917],[24.45625,64.647917],[24.45625,64.652083],[24.452083,64.652083],[24.452083,64.647917]]]},"properties":{"radiance":7.81}},{"type":"Feature","geometry":{"type":"Polygon","coordinates":[[[24.45625,64.647917],[24.460417,64.647917],[24.460417,64.652083],[24.45625,64.652083],[24.45625,64.647917]]]},"properties":{"radiance":6.52}},{"type":"Feature","geometry":{"type":"Polygon","coordinates":[[[24.460417,64.647917],[24.464583,64.647917],[24.464583,64.652083],[24.460417,64.652083],[24.460417,64.647917]]]},"properties":{"radiance":5.57}},{"type":"Feature","geometry":{"type":"Polygon","coordinates":[[[24.464583,64.647917],[24.46875,64.647917],[24.46875,64.652083],[24.464583,64.652083],[24.464583,64.647917]]]},"properties":{"radiance":5.13}},{"type":"Feature","geometry":{"type":"Polygon","coordinates":[[[24.485417,64.647917],[24.489583,64.647917],[24.489583,64.652083],[24.485417,64.652083],[24.485417,64.647917]]]},"properties":{"radiance":5.05}},{"type":"Feature","geometry":{"type":"Polygon","coordinates":[[[24.49375,64.647917],[24.497917,64.647917],[24.497917,64.652083],[24.49375,64.652083],[24.49375,64.647917]]]},"properties":{"radiance":5.07}},{"type":"Feature","geometry":{"type":"Polygon","coordinates":[[[24.397917,64.64375],[24.402083,64.64375],[24.402083,64.647917],[24.397917,64.647917],[24.397917,64.64375]]]},"properties":{"radiance":140.79}},{"type":"Feature","geometry":{"type":"Polygon","coordinates":[[[24.402083,64.64375],[24.40625,64.64375],[24.40625,64.647917],[24.402083,64.647917],[24.402083,64.64375]]]},"properties":{"radiance":279.07}},{"type":"Feature","geometry":{"type":"Polygon","coordinates":[[[24.40625,64.64375],[24.410417,64.64375],[24.410417,64.647917],[24.40625,64.647917],[24.40625,64.64375]]]},"properties":{"radiance":318.67}},{"type":"Feature","geometry":{"type":"Polygon","coordinates":[[[24.410417,64.64375],[24.414583,64.64375],[24.414583,64.647917],[24.410417,64.647917],[24.410417,64.64375]]]},"properties":{"radiance":362.81}},{"type":"Feature","geometry":{"type":"Polygon","coordinates":[[[24.414583,64.64375],[24.41875,64.64375],[24.41875,64.647917],[24.414583,64.647917],[24.414583,64.64375]]]},"properties":{"radiance":306.76}},{"type":"Feature","geometry":{"type":"Polygon","coordinates":[[[24.41875,64.64375],[24.422917,64.64375],[24.422917,64.647917],[24.41875,64.647917],[24.41875,64.64375]]]},"properties":{"radiance":222.63}},{"type":"Feature","geometry":{"type":"Polygon","coordinates":[[[24.422917,64.64375],[24.427083,64.64375],[24.427083,64.647917],[24.422917,64.647917],[24.422917,64.64375]]]},"properties":{"radiance":214.76}},{"type":"Feature","geometry":{"type":"Polygon","coordinates":[[[24.427083,64.64375],[24.43125,64.64375],[24.43125,64.647917],[24.427083,64.647917],[24.427083,64.64375]]]},"properties":{"radiance":190.39}},{"type":"Feature","geometry":{"type":"Polygon","coordinates":[[[24.43125,64.64375],[24.435417,64.64375],[24.435417,64.647917],[24.43125,64.647917],[24.43125,64.64375]]]},"properties":{"radiance":149.9}},{"type":"Feature","geometry":{"type":"Polygon","coordinates":[[[24.435417,64.64375],[24.439583,64.64375],[24.439583,64.647917],[24.435417,64.647917],[24.435417,64.64375]]]},"properties":{"radiance":101.44}},{"type":"Feature","geometry":{"type":"Polygon","coordinates":[[[24.439583,64.64375],[24.44375,64.64375],[24.44375,64.647917],[24.439583,64.647917],[24.439583,64.64375]]]},"properties":{"radiance":69.61}},{"type":"Feature","geometry":{"type":"Polygon","coordinates":[[[24.44375,64.64375],[24.447917,64.64375],[24.447917,64.647917],[24.44375,64.647917],[24.44375,64.64375]]]},"properties":{"radiance":23.88}},{"type":"Feature","geometry":{"type":"Polygon","coordinates":[[[24.447917,64.64375],[24.452083,64.64375],[24.452083,64.647917],[24.447917,64.647917],[24.447917,64.64375]]]},"properties":{"radiance":6.32}},{"type":"Feature","geometry":{"type":"Polygon","coordinates":[[[24.452083,64.64375],[24.45625,64.64375],[24.45625,64.647917],[24.452083,64.647917],[24.452083,64.64375]]]},"properties":{"radiance":5.7}},{"type":"Feature","geometry":{"type":"Polygon","coordinates":[[[24.45625,64.64375],[24.460417,64.64375],[24.460417,64.647917],[24.45625,64.647917],[24.45625,64.64375]]]},"properties":{"radiance":5.81}},{"type":"Feature","geometry":{"type":"Polygon","coordinates":[[[24.460417,64.64375],[24.464583,64.64375],[24.464583,64.647917],[24.460417,64.647917],[24.460417,64.64375]]]},"properties":{"radiance":7.54}},{"type":"Feature","geometry":{"type":"Polygon","coordinates":[[[24.464583,64.64375],[24.46875,64.64375],[24.46875,64.647917],[24.464583,64.647917],[24.464583,64.64375]]]},"properties":{"radiance":7.15}},{"type":"Feature","geometry":{"type":"Polygon","coordinates":[[[24.397917,64.639583],[24.402083,64.639583],[24.402083,64.64375],[24.397917,64.64375],[24.397917,64.639583]]]},"properties":{"radiance":192.05}},{"type":"Feature","geometry":{"type":"Polygon","coordinates":[[[24.402083,64.639583],[24.40625,64.639583],[24.40625,64.64375],[24.402083,64.64375],[24.402083,64.639583]]]},"properties":{"radiance":331.31}},{"type":"Feature","geometry":{"type":"Polygon","coordinates":[[[24.40625,64.639583],[24.410417,64.639583],[24.410417,64.64375],[24.40625,64.64375],[24.40625,64.639583]]]},"properties":{"radiance":328.71}},{"type":"Feature","geometry":{"type":"Polygon","coordinates":[[[24.410417,64.639583],[24.414583,64.639583],[24.414583,64.64375],[24.410417,64.64375],[24.410417,64.639583]]]},"properties":{"radiance":235.91}},{"type":"Feature","geometry":{"type":"Polygon","coordinates":[[[24.414583,64.639583],[24.41875,64.639583],[24.41875,64.64375],[24.414583,64.64375],[24.414583,64.639583]]]},"properties":{"radiance":41.78}},{"type":"Feature","geometry":{"type":"Polygon","coordinates":[[[24.41875,64.639583],[24.422917,64.639583],[24.422917,64.64375],[24.41875,64.64375],[24.41875,64.639583]]]},"properties":{"radiance":37.08}},{"type":"Feature","geometry":{"type":"Polygon","coordinates":[[[24.422917,64.639583],[24.427083,64.639583],[24.427083,64.64375],[24.422917,64.64375],[24.422917,64.639583]]]},"properties":{"radiance":42.17}},{"type":"Feature","geometry":{"type":"Polygon","coordinates":[[[24.427083,64.639583],[24.43125,64.639583],[24.43125,64.64375],[24.427083,64.64375],[24.427083,64.639583]]]},"properties":{"radiance":49.02}},{"type":"Feature","geometry":{"type":"Polygon","coordinates":[[[24.43125,64.639583],[24.435417,64.639583],[24.435417,64.64375],[24.43125,64.64375],[24.43125,64.639583]]]},"properties":{"radiance":65.08}},{"type":"Feature","geometry":{"type":"Polygon","coordinates":[[[24.435417,64.639583],[24.439583,64.639583],[24.439583,64.64375],[24.435417,64.64375],[24.435417,64.639583]]]},"properties":{"radiance":32.26}},{"type":"Feature","geometry":{"type":"Polygon","coordinates":[[[24.439583,64.639583],[24.44375,64.639583],[24.44375,64.64375],[24.439583,64.64375],[24.439583,64.639583]]]},"properties":{"radiance":11.71}},{"type":"Feature","geometry":{"type":"Polygon","coordinates":[[[24.44375,64.639583],[24.447917,64.639583],[24.447917,64.64375],[24.44375,64.64375],[24.44375,64.639583]]]},"properties":{"radiance":5.56}},{"type":"Feature","geometry":{"type":"Polygon","coordinates":[[[24.389583,64.635417],[24.39375,64.635417],[24.39375,64.639583],[24.389583,64.639583],[24.389583,64.635417]]]},"properties":{"radiance":8.21}},{"type":"Feature","geometry":{"type":"Polygon","coordinates":[[[24.39375,64.635417],[24.397917,64.635417],[24.397917,64.639583],[24.39375,64.639583],[24.39375,64.635417]]]},"properties":{"radiance":127.93}},{"type":"Feature","geometry":{"type":"Polygon","coordinates":[[[24.397917,64.635417],[24.402083,64.635417],[24.402083,64.639583],[24.397917,64.639583],[24.397917,64.635417]]]},"properties":{"radiance":158.23}},{"type":"Feature","geometry":{"type":"Polygon","coordinates":[[[24.402083,64.635417],[24.40625,64.635417],[24.40625,64.639583],[24.402083,64.639583],[24.402083,64.635417]]]},"properties":{"radiance":174.62}},{"type":"Feature","geometry":{"type":"Polygon","coordinates":[[[24.40625,64.635417],[24.410417,64.635417],[24.410417,64.639583],[24.40625,64.639583],[24.40625,64.635417]]]},"properties":{"radiance":178.89}},{"type":"Feature","geometry":{"type":"Polygon","coordinates":[[[24.410417,64.635417],[24.414583,64.635417],[24.414583,64.639583],[24.410417,64.639583],[24.410417,64.635417]]]},"properties":{"radiance":14.27}},{"type":"Feature","geometry":{"type":"Polygon","coordinates":[[[24.414583,64.635417],[24.41875,64.635417],[24.41875,64.639583],[24.414583,64.639583],[24.414583,64.635417]]]},"properties":{"radiance":7.72}},{"type":"Feature","geometry":{"type":"Polygon","coordinates":[[[24.422917,64.635417],[24.427083,64.635417],[24.427083,64.639583],[24.422917,64.639583],[24.422917,64.635417]]]},"properties":{"radiance":5.5}},{"type":"Feature","geometry":{"type":"Polygon","coordinates":[[[24.427083,64.635417],[24.43125,64.635417],[24.43125,64.639583],[24.427083,64.639583],[24.427083,64.635417]]]},"properties":{"radiance":6.2}},{"type":"Feature","geometry":{"type":"Polygon","coordinates":[[[24.43125,64.635417],[24.435417,64.635417],[24.435417,64.639583],[24.43125,64.639583],[24.43125,64.635417]]]},"properties":{"radiance":6.89}},{"type":"Feature","geometry":{"type":"Polygon","coordinates":[[[24.435417,64.635417],[24.439583,64.635417],[24.439583,64.639583],[24.435417,64.639583],[24.435417,64.635417]]]},"properties":{"radiance":6.41}},{"type":"Feature","geometry":{"type":"Polygon","coordinates":[[[24.422917,64.63125],[24.427083,64.63125],[24.427083,64.635417],[24.422917,64.635417],[24.422917,64.63125]]]},"properties":{"radiance":5.09}},{"type":"Feature","geometry":{"type":"Polygon","coordinates":[[[24.427083,64.627083],[24.43125,64.627083],[24.43125,64.63125],[24.427083,64.63125],[24.427083,64.627083]]]},"properties":{"radiance":5.47}},{"type":"Feature","geometry":{"type":"Polygon","coordinates":[[[24.414583,64.61875],[24.41875,64.61875],[24.41875,64.622917],[24.414583,64.622917],[24.414583,64.61875]]]},"properties":{"radiance":5.57}},{"type":"Feature","geometry":{"type":"Polygon","coordinates":[[[24.41875,64.61875],[24.422917,64.61875],[24.422917,64.622917],[24.41875,64.622917],[24.41875,64.61875]]]},"properties":{"radiance":6}},{"type":"Feature","geometry":{"type":"Polygon","coordinates":[[[24.410417,64.614583],[24.414583,64.614583],[24.414583,64.61875],[24.410417,64.61875],[24.410417,64.614583]]]},"properties":{"radiance":5.06}},{"type":"Feature","geometry":{"type":"Polygon","coordinates":[[[24.414583,64.614583],[24.41875,64.614583],[24.41875,64.61875],[24.414583,64.61875],[24.414583,64.614583]]]},"properties":{"radiance":5.52}},{"type":"Feature","geometry":{"type":"Polygon","coordinates":[[[24.40625,64.610417],[24.410417,64.610417],[24.410417,64.614583],[24.40625,64.614583],[24.40625,64.610417]]]},"properties":{"radiance":8.02}},{"type":"Feature","geometry":{"type":"Polygon","coordinates":[[[24.410417,64.610417],[24.414583,64.610417],[24.414583,64.614583],[24.410417,64.614583],[24.410417,64.610417]]]},"properties":{"radiance":6.58}},{"type":"Feature","geometry":{"type":"Polygon","coordinates":[[[25.027083,64.610417],[25.03125,64.610417],[25.03125,64.614583],[25.027083,64.614583],[25.027083,64.610417]]]},"properties":{"radiance":7.22}},{"type":"Feature","geometry":{"type":"Polygon","coordinates":[[[24.410417,64.60625],[24.414583,64.60625],[24.414583,64.610417],[24.410417,64.610417],[24.410417,64.60625]]]},"properties":{"radiance":5.79}},{"type":"Feature","geometry":{"type":"Polygon","coordinates":[[[24.414583,64.60625],[24.41875,64.60625],[24.41875,64.610417],[24.414583,64.610417],[24.414583,64.60625]]]},"properties":{"radiance":5.06}},{"type":"Feature","geometry":{"type":"Polygon","coordinates":[[[25.19375,64.60625],[25.197917,64.60625],[25.197917,64.610417],[25.19375,64.610417],[25.19375,64.60625]]]},"properties":{"radiance":7.42}},{"type":"Feature","geometry":{"type":"Polygon","coordinates":[[[25.197917,64.60625],[25.202083,64.60625],[25.202083,64.610417],[25.197917,64.610417],[25.197917,64.60625]]]},"properties":{"radiance":5.56}},{"type":"Feature","geometry":{"type":"Polygon","coordinates":[[[25.202083,64.60625],[25.20625,64.60625],[25.20625,64.610417],[25.202083,64.610417],[25.202083,64.60625]]]},"properties":{"radiance":9.01}},{"type":"Feature","geometry":{"type":"Polygon","coordinates":[[[25.20625,64.60625],[25.210417,64.60625],[25.210417,64.610417],[25.20625,64.610417],[25.20625,64.60625]]]},"properties":{"radiance":7.58}},{"type":"Feature","geometry":{"type":"Polygon","coordinates":[[[25.210417,64.60625],[25.214583,64.60625],[25.214583,64.610417],[25.210417,64.610417],[25.210417,64.60625]]]},"properties":{"radiance":7.71}},{"type":"Feature","geometry":{"type":"Polygon","coordinates":[[[25.214583,64.60625],[25.21875,64.60625],[25.21875,64.610417],[25.214583,64.610417],[25.214583,64.60625]]]},"properties":{"radiance":5.34}},{"type":"Feature","geometry":{"type":"Polygon","coordinates":[[[25.197917,64.602083],[25.202083,64.602083],[25.202083,64.60625],[25.197917,64.60625],[25.197917,64.602083]]]},"properties":{"radiance":5.54}},{"type":"Feature","geometry":{"type":"Polygon","coordinates":[[[25.202083,64.602083],[25.20625,64.602083],[25.20625,64.60625],[25.202083,64.60625],[25.202083,64.602083]]]},"properties":{"radiance":7.31}},{"type":"Feature","geometry":{"type":"Polygon","coordinates":[[[24.40625,64.597917],[24.410417,64.597917],[24.410417,64.602083],[24.40625,64.602083],[24.40625,64.597917]]]},"properties":{"radiance":5.15}},{"type":"Feature","geometry":{"type":"Polygon","coordinates":[[[24.402083,64.59375],[24.40625,64.59375],[24.40625,64.597917],[24.402083,64.597917],[24.402083,64.59375]]]},"properties":{"radiance":5.09}},{"type":"Feature","geometry":{"type":"Polygon","coordinates":[[[24.402083,64.58125],[24.40625,64.58125],[24.40625,64.585417],[24.402083,64.585417],[24.402083,64.58125]]]},"properties":{"radiance":6.44}},{"type":"Feature","geometry":{"type":"Polygon","coordinates":[[[24.389583,64.572917],[24.39375,64.572917],[24.39375,64.577083],[24.389583,64.577083],[24.389583,64.572917]]]},"properties":{"radiance":11.29}},{"type":"Feature","geometry":{"type":"Polygon","coordinates":[[[24.397917,64.572917],[24.402083,64.572917],[24.402083,64.577083],[24.397917,64.577083],[24.397917,64.572917]]]},"properties":{"radiance":7.43}},{"type":"Feature","geometry":{"type":"Polygon","coordinates":[[[24.389583,64.56875],[24.39375,64.56875],[24.39375,64.572917],[24.389583,64.572917],[24.389583,64.56875]]]},"properties":{"radiance":5.53}},{"type":"Feature","geometry":{"type":"Polygon","coordinates":[[[24.389583,64.564583],[24.39375,64.564583],[24.39375,64.56875],[24.389583,64.56875],[24.389583,64.564583]]]},"properties":{"radiance":5.73}},{"type":"Feature","geometry":{"type":"Polygon","coordinates":[[[24.589583,64.552083],[24.59375,64.552083],[24.59375,64.55625],[24.589583,64.55625],[24.589583,64.552083]]]},"properties":{"radiance":8.2}},{"type":"Feature","geometry":{"type":"Polygon","coordinates":[[[24.59375,64.552083],[24.597917,64.552083],[24.597917,64.55625],[24.59375,64.55625],[24.59375,64.552083]]]},"properties":{"radiance":6.68}},{"type":"Feature","geometry":{"type":"Polygon","coordinates":[[[24.597917,64.552083],[24.602083,64.552083],[24.602083,64.55625],[24.597917,64.55625],[24.597917,64.552083]]]},"properties":{"radiance":6.09}},{"type":"Feature","geometry":{"type":"Polygon","coordinates":[[[24.389583,64.547917],[24.39375,64.547917],[24.39375,64.552083],[24.389583,64.552083],[24.389583,64.547917]]]},"properties":{"radiance":5.87}},{"type":"Feature","geometry":{"type":"Polygon","coordinates":[[[24.25625,64.53125],[24.260417,64.53125],[24.260417,64.535417],[24.25625,64.535417],[24.25625,64.53125]]]},"properties":{"radiance":6.19}},{"type":"Feature","geometry":{"type":"Polygon","coordinates":[[[24.252083,64.527083],[24.25625,64.527083],[24.25625,64.53125],[24.252083,64.53125],[24.252083,64.527083]]]},"properties":{"radiance":5.84}},{"type":"Feature","geometry":{"type":"Polygon","coordinates":[[[24.25625,64.527083],[24.260417,64.527083],[24.260417,64.53125],[24.25625,64.53125],[24.25625,64.527083]]]},"properties":{"radiance":15.5}},{"type":"Feature","geometry":{"type":"Polygon","coordinates":[[[24.264583,64.527083],[24.26875,64.527083],[24.26875,64.53125],[24.264583,64.53125],[24.264583,64.527083]]]},"properties":{"radiance":11.98}},{"type":"Feature","geometry":{"type":"Polygon","coordinates":[[[24.26875,64.527083],[24.272917,64.527083],[24.272917,64.53125],[24.26875,64.53125],[24.26875,64.527083]]]},"properties":{"radiance":11.56}},{"type":"Feature","geometry":{"type":"Polygon","coordinates":[[[24.272917,64.527083],[24.277083,64.527083],[24.277083,64.53125],[24.272917,64.53125],[24.272917,64.527083]]]},"properties":{"radiance":7.72}},{"type":"Feature","geometry":{"type":"Polygon","coordinates":[[[24.277083,64.527083],[24.28125,64.527083],[24.28125,64.53125],[24.277083,64.53125],[24.277083,64.527083]]]},"properties":{"radiance":5.66}},{"type":"Feature","geometry":{"type":"Polygon","coordinates":[[[24.364583,64.527083],[24.36875,64.527083],[24.36875,64.53125],[24.364583,64.53125],[24.364583,64.527083]]]},"properties":{"radiance":6.2}},{"type":"Feature","geometry":{"type":"Polygon","coordinates":[[[24.26875,64.522917],[24.272917,64.522917],[24.272917,64.527083],[24.26875,64.527083],[24.26875,64.522917]]]},"properties":{"radiance":8.79}},{"type":"Feature","geometry":{"type":"Polygon","coordinates":[[[24.272917,64.522917],[24.277083,64.522917],[24.277083,64.527083],[24.272917,64.527083],[24.272917,64.522917]]]},"properties":{"radiance":8.36}},{"type":"Feature","geometry":{"type":"Polygon","coordinates":[[[24.277083,64.522917],[24.28125,64.522917],[24.28125,64.527083],[24.277083,64.527083],[24.277083,64.522917]]]},"properties":{"radiance":5.98}},{"type":"Feature","geometry":{"type":"Polygon","coordinates":[[[24.28125,64.522917],[24.285417,64.522917],[24.285417,64.527083],[24.28125,64.527083],[24.28125,64.522917]]]},"properties":{"radiance":5.78}},{"type":"Feature","geometry":{"type":"Polygon","coordinates":[[[24.285417,64.522917],[24.289583,64.522917],[24.289583,64.527083],[24.285417,64.527083],[24.285417,64.522917]]]},"properties":{"radiance":6.77}},{"type":"Feature","geometry":{"type":"Polygon","coordinates":[[[24.289583,64.522917],[24.29375,64.522917],[24.29375,64.527083],[24.289583,64.527083],[24.289583,64.522917]]]},"properties":{"radiance":6.37}},{"type":"Feature","geometry":{"type":"Polygon","coordinates":[[[24.29375,64.522917],[24.297917,64.522917],[24.297917,64.527083],[24.29375,64.527083],[24.29375,64.522917]]]},"properties":{"radiance":5.55}},{"type":"Feature","geometry":{"type":"Polygon","coordinates":[[[24.34375,64.50625],[24.347917,64.50625],[24.347917,64.510417],[24.34375,64.510417],[24.34375,64.50625]]]},"properties":{"radiance":13.68}},{"type":"Feature","geometry":{"type":"Polygon","coordinates":[[[24.347917,64.50625],[24.352083,64.50625],[24.352083,64.510417],[24.347917,64.510417],[24.347917,64.50625]]]},"properties":{"radiance":10.93}},{"type":"Feature","geometry":{"type":"Polygon","coordinates":[[[24.33125,64.502083],[24.335417,64.502083],[24.335417,64.50625],[24.33125,64.50625],[24.33125,64.502083]]]},"properties":{"radiance":7.43}},{"type":"Feature","geometry":{"type":"Polygon","coordinates":[[[24.335417,64.502083],[24.339583,64.502083],[24.339583,64.50625],[24.335417,64.50625],[24.335417,64.502083]]]},"properties":{"radiance":7.74}},{"type":"Feature","geometry":{"type":"Polygon","coordinates":[[[24.339583,64.502083],[24.34375,64.502083],[24.34375,64.50625],[24.339583,64.50625],[24.339583,64.502083]]]},"properties":{"radiance":13.54}},{"type":"Feature","geometry":{"type":"Polygon","coordinates":[[[24.34375,64.502083],[24.347917,64.502083],[24.347917,64.50625],[24.34375,64.50625],[24.34375,64.502083]]]},"properties":{"radiance":15.55}},{"type":"Feature","geometry":{"type":"Polygon","coordinates":[[[24.347917,64.502083],[24.352083,64.502083],[24.352083,64.50625],[24.347917,64.50625],[24.347917,64.502083]]]},"properties":{"radiance":10.63}},{"type":"Feature","geometry":{"type":"Polygon","coordinates":[[[24.33125,64.497917],[24.335417,64.497917],[24.335417,64.502083],[24.33125,64.502083],[24.33125,64.497917]]]},"properties":{"radiance":9.06}},{"type":"Feature","geometry":{"type":"Polygon","coordinates":[[[24.335417,64.497917],[24.339583,64.497917],[24.339583,64.502083],[24.335417,64.502083],[24.335417,64.497917]]]},"properties":{"radiance":7.24}},{"type":"Feature","geometry":{"type":"Polygon","coordinates":[[[24.339583,64.497917],[24.34375,64.497917],[24.34375,64.502083],[24.339583,64.502083],[24.339583,64.497917]]]},"properties":{"radiance":11.45}},{"type":"Feature","geometry":{"type":"Polygon","coordinates":[[[24.34375,64.497917],[24.347917,64.497917],[24.347917,64.502083],[24.34375,64.502083],[24.34375,64.497917]]]},"properties":{"radiance":6.68}},{"type":"Feature","geometry":{"type":"Polygon","coordinates":[[[24.322917,64.49375],[24.327083,64.49375],[24.327083,64.497917],[24.322917,64.497917],[24.322917,64.49375]]]},"properties":{"radiance":6.83}},{"type":"Feature","geometry":{"type":"Polygon","coordinates":[[[24.977083,64.49375],[24.98125,64.49375],[24.98125,64.497917],[24.977083,64.497917],[24.977083,64.49375]]]},"properties":{"radiance":13.19}},{"type":"Feature","geometry":{"type":"Polygon","coordinates":[[[24.98125,64.49375],[24.985417,64.49375],[24.985417,64.497917],[24.98125,64.497917],[24.98125,64.49375]]]},"properties":{"radiance":11.62}},{"type":"Feature","geometry":{"type":"Polygon","coordinates":[[[24.985417,64.49375],[24.989583,64.49375],[24.989583,64.497917],[24.985417,64.497917],[24.985417,64.49375]]]},"properties":{"radiance":6.36}},{"type":"Feature","geometry":{"type":"Polygon","coordinates":[[[24.989583,64.49375],[24.99375,64.49375],[24.99375,64.497917],[24.989583,64.497917],[24.989583,64.49375]]]},"properties":{"radiance":7.21}},{"type":"Feature","geometry":{"type":"Polygon","coordinates":[[[24.99375,64.49375],[24.997917,64.49375],[24.997917,64.497917],[24.99375,64.497917],[24.99375,64.49375]]]},"properties":{"radiance":27.7}},{"type":"Feature","geometry":{"type":"Polygon","coordinates":[[[24.997917,64.49375],[25.002083,64.49375],[25.002083,64.497917],[24.997917,64.497917],[24.997917,64.49375]]]},"properties":{"radiance":27.22}},{"type":"Feature","geometry":{"type":"Polygon","coordinates":[[[25.002083,64.49375],[25.00625,64.49375],[25.00625,64.497917],[25.002083,64.497917],[25.002083,64.49375]]]},"properties":{"radiance":28.49}},{"type":"Feature","geometry":{"type":"Polygon","coordinates":[[[25.00625,64.49375],[25.010417,64.49375],[25.010417,64.497917],[25.00625,64.497917],[25.00625,64.49375]]]},"properties":{"radiance":8.59}},{"type":"Feature","geometry":{"type":"Polygon","coordinates":[[[25.010417,64.49375],[25.014583,64.49375],[25.014583,64.497917],[25.010417,64.497917],[25.010417,64.49375]]]},"properties":{"radiance":7.52}},{"type":"Feature","geometry":{"type":"Polygon","coordinates":[[[24.297917,64.489583],[24.302083,64.489583],[24.302083,64.49375],[24.297917,64.49375],[24.297917,64.489583]]]},"properties":{"radiance":7.56}},{"type":"Feature","geometry":{"type":"Polygon","coordinates":[[[24.302083,64.489583],[24.30625,64.489583],[24.30625,64.49375],[24.302083,64.49375],[24.302083,64.489583]]]},"properties":{"radiance":7.9}},{"type":"Feature","geometry":{"type":"Polygon","coordinates":[[[24.310417,64.489583],[24.314583,64.489583],[24.314583,64.49375],[24.310417,64.49375],[24.310417,64.489583]]]},"properties":{"radiance":11.62}},{"type":"Feature","geometry":{"type":"Polygon","coordinates":[[[24.314583,64.489583],[24.31875,64.489583],[24.31875,64.49375],[24.314583,64.49375],[24.314583,64.489583]]]},"properties":{"radiance":5.1}},{"type":"Feature","geometry":{"type":"Polygon","coordinates":[[[24.972917,64.489583],[24.977083,64.489583],[24.977083,64.49375],[24.972917,64.49375],[24.972917,64.489583]]]},"properties":{"radiance":8.25}},{"type":"Feature","geometry":{"type":"Polygon","coordinates":[[[24.977083,64.489583],[24.98125,64.489583],[24.98125,64.49375],[24.977083,64.49375],[24.977083,64.489583]]]},"properties":{"radiance":9.54}},{"type":"Feature","geometry":{"type":"Polygon","coordinates":[[[24.98125,64.489583],[24.985417,64.489583],[24.985417,64.49375],[24.98125,64.49375],[24.98125,64.489583]]]},"properties":{"radiance":22.61}},{"type":"Feature","geometry":{"type":"Polygon","coordinates":[[[24.985417,64.489583],[24.989583,64.489583],[24.989583,64.49375],[24.985417,64.49375],[24.985417,64.489583]]]},"properties":{"radiance":25.17}},{"type":"Feature","geometry":{"type":"Polygon","coordinates":[[[24.989583,64.489583],[24.99375,64.489583],[24.99375,64.49375],[24.989583,64.49375],[24.989583,64.489583]]]},"properties":{"radiance":24.99}},{"type":"Feature","geometry":{"type":"Polygon","coordinates":[[[24.99375,64.489583],[24.997917,64.489583],[24.997917,64.49375],[24.99375,64.49375],[24.99375,64.489583]]]},"properties":{"radiance":25.94}},{"type":"Feature","geometry":{"type":"Polygon","coordinates":[[[24.997917,64.489583],[25.002083,64.489583],[25.002083,64.49375],[24.997917,64.49375],[24.997917,64.489583]]]},"properties":{"radiance":21.34}},{"type":"Feature","geometry":{"type":"Polygon","coordinates":[[[25.002083,64.489583],[25.00625,64.489583],[25.00625,64.49375],[25.002083,64.49375],[25.002083,64.489583]]]},"properties":{"radiance":18.63}},{"type":"Feature","geometry":{"type":"Polygon","coordinates":[[[25.00625,64.489583],[25.010417,64.489583],[25.010417,64.49375],[25.00625,64.49375],[25.00625,64.489583]]]},"properties":{"radiance":17.52}},{"type":"Feature","geometry":{"type":"Polygon","coordinates":[[[25.010417,64.489583],[25.014583,64.489583],[25.014583,64.49375],[25.010417,64.49375],[25.010417,64.489583]]]},"properties":{"radiance":12.23}},{"type":"Feature","geometry":{"type":"Polygon","coordinates":[[[24.297917,64.485417],[24.302083,64.485417],[24.302083,64.489583],[24.297917,64.489583],[24.297917,64.485417]]]},"properties":{"radiance":6.75}},{"type":"Feature","geometry":{"type":"Polygon","coordinates":[[[24.977083,64.485417],[24.98125,64.485417],[24.98125,64.489583],[24.977083,64.489583],[24.977083,64.485417]]]},"properties":{"radiance":19.26}},{"type":"Feature","geometry":{"type":"Polygon","coordinates":[[[24.98125,64.485417],[24.985417,64.485417],[24.985417,64.489583],[24.98125,64.489583],[24.98125,64.485417]]]},"properties":{"radiance":33.36}},{"type":"Feature","geometry":{"type":"Polygon","coordinates":[[[24.985417,64.485417],[24.989583,64.485417],[24.989583,64.489583],[24.985417,64.489583],[24.985417,64.485417]]]},"properties":{"radiance":45.16}},{"type":"Feature","geometry":{"type":"Polygon","coordinates":[[[24.989583,64.485417],[24.99375,64.485417],[24.99375,64.489583],[24.989583,64.489583],[24.989583,64.485417]]]},"properties":{"radiance":50.1}},{"type":"Feature","geometry":{"type":"Polygon","coordinates":[[[24.99375,64.485417],[24.997917,64.485417],[24.997917,64.489583],[24.99375,64.489583],[24.99375,64.485417]]]},"properties":{"radiance":41.29}},{"type":"Feature","geometry":{"type":"Polygon","coordinates":[[[24.997917,64.485417],[25.002083,64.485417],[25.002083,64.489583],[24.997917,64.489583],[24.997917,64.485417]]]},"properties":{"radiance":32.45}},{"type":"Feature","geometry":{"type":"Polygon","coordinates":[[[25.002083,64.485417],[25.00625,64.485417],[25.00625,64.489583],[25.002083,64.489583],[25.002083,64.485417]]]},"properties":{"radiance":17.15}},{"type":"Feature","geometry":{"type":"Polygon","coordinates":[[[25.00625,64.485417],[25.010417,64.485417],[25.010417,64.489583],[25.00625,64.489583],[25.00625,64.485417]]]},"properties":{"radiance":10.27}},{"type":"Feature","geometry":{"type":"Polygon","coordinates":[[[24.277083,64.48125],[24.28125,64.48125],[24.28125,64.485417],[24.277083,64.485417],[24.277083,64.48125]]]},"properties":{"radiance":9.32}},{"type":"Feature","geometry":{"type":"Polygon","coordinates":[[[24.285417,64.48125],[24.289583,64.48125],[24.289583,64.485417],[24.285417,64.485417],[24.285417,64.48125]]]},"properties":{"radiance":8.93}},{"type":"Feature","geometry":{"type":"Polygon","coordinates":[[[24.289583,64.48125],[24.29375,64.48125],[24.29375,64.485417],[24.289583,64.485417],[24.289583,64.48125]]]},"properties":{"radiance":8.78}},{"type":"Feature","geometry":{"type":"Polygon","coordinates":[[[24.98125,64.48125],[24.985417,64.48125],[24.985417,64.485417],[24.98125,64.485417],[24.98125,64.48125]]]},"properties":{"radiance":32.74}},{"type":"Feature","geometry":{"type":"Polygon","coordinates":[[[24.985417,64.48125],[24.989583,64.48125],[24.989583,64.485417],[24.985417,64.485417],[24.985417,64.48125]]]},"properties":{"radiance":41.52}},{"type":"Feature","geometry":{"type":"Polygon","coordinates":[[[24.989583,64.48125],[24.99375,64.48125],[24.99375,64.485417],[24.989583,64.485417],[24.989583,64.48125]]]},"properties":{"radiance":37.33}},{"type":"Feature","geometry":{"type":"Polygon","coordinates":[[[24.99375,64.48125],[24.997917,64.48125],[24.997917,64.485417],[24.99375,64.485417],[24.99375,64.48125]]]},"properties":{"radiance":39.07}},{"type":"Feature","geometry":{"type":"Polygon","coordinates":[[[24.997917,64.48125],[25.002083,64.48125],[25.002083,64.485417],[24.997917,64.485417],[24.997917,64.48125]]]},"properties":{"radiance":14.95}},{"type":"Feature","geometry":{"type":"Polygon","coordinates":[[[25.002083,64.48125],[25.00625,64.48125],[25.00625,64.485417],[25.002083,64.485417],[25.002083,64.48125]]]},"properties":{"radiance":10.23}},{"type":"Feature","geometry":{"type":"Polygon","coordinates":[[[24.264583,64.477083],[24.26875,64.477083],[24.26875,64.48125],[24.264583,64.48125],[24.264583,64.477083]]]},"properties":{"radiance":6.47}},{"type":"Feature","geometry":{"type":"Polygon","coordinates":[[[24.985417,64.477083],[24.989583,64.477083],[24.989583,64.48125],[24.985417,64.48125],[24.985417,64.477083]]]},"properties":{"radiance":6.59}},{"type":"Feature","geometry":{"type":"Polygon","coordinates":[[[24.989583,64.477083],[24.99375,64.477083],[24.99375,64.48125],[24.989583,64.48125],[24.989583,64.477083]]]},"properties":{"radiance":6.43}},{"type":"Feature","geometry":{"type":"Polygon","coordinates":[[[24.99375,64.477083],[24.997917,64.477083],[24.997917,64.48125],[24.99375,64.48125],[24.99375,64.477083]]]},"properties":{"radiance":10.72}},{"type":"Feature","geometry":{"type":"Polygon","coordinates":[[[24.997917,64.477083],[25.002083,64.477083],[25.002083,64.48125],[24.997917,64.48125],[24.997917,64.477083]]]},"properties":{"radiance":11.88}},{"type":"Feature","geometry":{"type":"Polygon","coordinates":[[[25.00625,64.477083],[25.010417,64.477083],[25.010417,64.48125],[25.00625,64.48125],[25.00625,64.477083]]]},"properties":{"radiance":10.61}},{"type":"Feature","geometry":{"type":"Polygon","coordinates":[[[24.26875,64.46875],[24.272917,64.46875],[24.272917,64.472917],[24.26875,64.472917],[24.26875,64.46875]]]},"properties":{"radiance":5.44}},{"type":"Feature","geometry":{"type":"Polygon","coordinates":[[[24.24375,64.464583],[24.247917,64.464583],[24.247917,64.46875],[24.24375,64.46875],[24.24375,64.464583]]]},"properties":{"radiance":8.82}},{"type":"Feature","geometry":{"type":"Polygon","coordinates":[[[24.252083,64.464583],[24.25625,64.464583],[24.25625,64.46875],[24.252083,64.46875],[24.252083,64.464583]]]},"properties":{"radiance":6.93}},{"type":"Feature","geometry":{"type":"Polygon","coordinates":[[[24.25625,64.464583],[24.260417,64.464583],[24.260417,64.46875],[24.25625,64.46875],[24.25625,64.464583]]]},"properties":{"radiance":6.77}},{"type":"Feature","geometry":{"type":"Polygon","coordinates":[[[24.260417,64.464583],[24.264583,64.464583],[24.264583,64.46875],[24.260417,64.46875],[24.260417,64.464583]]]},"properties":{"radiance":5.81}},{"type":"Feature","geometry":{"type":"Polygon","coordinates":[[[24.247917,64.460417],[24.252083,64.460417],[24.252083,64.464583],[24.247917,64.464583],[24.247917,64.460417]]]},"properties":{"radiance":5.26}},{"type":"Feature","geometry":{"type":"Polygon","coordinates":[[[24.214583,64.452083],[24.21875,64.452083],[24.21875,64.45625],[24.214583,64.45625],[24.214583,64.452083]]]},"properties":{"radiance":7.5}},{"type":"Feature","geometry":{"type":"Polygon","coordinates":[[[24.227083,64.452083],[24.23125,64.452083],[24.23125,64.45625],[24.227083,64.45625],[24.227083,64.452083]]]},"properties":{"radiance":5.7}},{"type":"Feature","geometry":{"type":"Polygon","coordinates":[[[24.23125,64.452083],[24.235417,64.452083],[24.235417,64.45625],[24.23125,64.45625],[24.23125,64.452083]]]},"properties":{"radiance":6.43}},{"type":"Feature","geometry":{"type":"Polygon","coordinates":[[[24.235417,64.452083],[24.239583,64.452083],[24.239583,64.45625],[24.235417,64.45625],[24.235417,64.452083]]]},"properties":{"radiance":7.14}},{"type":"Feature","geometry":{"type":"Polygon","coordinates":[[[24.239583,64.452083],[24.24375,64.452083],[24.24375,64.45625],[24.239583,64.45625],[24.239583,64.452083]]]},"properties":{"radiance":6.51}},{"type":"Feature","geometry":{"type":"Polygon","coordinates":[[[24.24375,64.452083],[24.247917,64.452083],[24.247917,64.45625],[24.24375,64.45625],[24.24375,64.452083]]]},"properties":{"radiance":6.11}},{"type":"Feature","geometry":{"type":"Polygon","coordinates":[[[24.19375,64.44375],[24.197917,64.44375],[24.197917,64.447917],[24.19375,64.447917],[24.19375,64.44375]]]},"properties":{"radiance":5.53}},{"type":"Feature","geometry":{"type":"Polygon","coordinates":[[[24.197917,64.44375],[24.202083,64.44375],[24.202083,64.447917],[24.197917,64.447917],[24.197917,64.44375]]]},"properties":{"radiance":5.31}},{"type":"Feature","geometry":{"type":"Polygon","coordinates":[[[24.435417,64.297917],[24.439583,64.297917],[24.439583,64.302083],[24.435417,64.302083],[24.435417,64.297917]]]},"properties":{"radiance":11.92}},{"type":"Feature","geometry":{"type":"Polygon","coordinates":[[[24.439583,64.297917],[24.44375,64.297917],[24.44375,64.302083],[24.439583,64.302083],[24.439583,64.297917]]]},"properties":{"radiance":15.16}},{"type":"Feature","geometry":{"type":"Polygon","coordinates":[[[24.44375,64.297917],[24.447917,64.297917],[24.447917,64.302083],[24.44375,64.302083],[24.44375,64.297917]]]},"properties":{"radiance":15.19}},{"type":"Feature","geometry":{"type":"Polygon","coordinates":[[[24.447917,64.297917],[24.452083,64.297917],[24.452083,64.302083],[24.447917,64.302083],[24.447917,64.297917]]]},"properties":{"radiance":6.99}},{"type":"Feature","geometry":{"type":"Polygon","coordinates":[[[24.422917,64.29375],[24.427083,64.29375],[24.427083,64.297917],[24.422917,64.297917],[24.422917,64.29375]]]},"properties":{"radiance":7.08}},{"type":"Feature","geometry":{"type":"Polygon","coordinates":[[[24.43125,64.29375],[24.435417,64.29375],[24.435417,64.297917],[24.43125,64.297917],[24.43125,64.29375]]]},"properties":{"radiance":8.11}},{"type":"Feature","geometry":{"type":"Polygon","coordinates":[[[24.435417,64.29375],[24.439583,64.29375],[24.439583,64.297917],[24.435417,64.297917],[24.435417,64.29375]]]},"properties":{"radiance":19.06}},{"type":"Feature","geometry":{"type":"Polygon","coordinates":[[[24.439583,64.29375],[24.44375,64.29375],[24.44375,64.297917],[24.439583,64.297917],[24.439583,64.29375]]]},"properties":{"radiance":11.5}},{"type":"Feature","geometry":{"type":"Polygon","coordinates":[[[24.44375,64.29375],[24.447917,64.29375],[24.447917,64.297917],[24.44375,64.297917],[24.44375,64.29375]]]},"properties":{"radiance":7.13}},{"type":"Feature","geometry":{"type":"Polygon","coordinates":[[[24.447917,64.29375],[24.452083,64.29375],[24.452083,64.297917],[24.447917,64.297917],[24.447917,64.29375]]]},"properties":{"radiance":17.37}},{"type":"Feature","geometry":{"type":"Polygon","coordinates":[[[24.43125,64.289583],[24.435417,64.289583],[24.435417,64.29375],[24.43125,64.29375],[24.43125,64.289583]]]},"properties":{"radiance":9.96}},{"type":"Feature","geometry":{"type":"Polygon","coordinates":[[[24.435417,64.289583],[24.439583,64.289583],[24.439583,64.29375],[24.435417,64.29375],[24.435417,64.289583]]]},"properties":{"radiance":10.33}},{"type":"Feature","geometry":{"type":"Polygon","coordinates":[[[24.852083,64.289583],[24.85625,64.289583],[24.85625,64.29375],[24.852083,64.29375],[24.852083,64.289583]]]},"properties":{"radiance":5.33}},{"type":"Feature","geometry":{"type":"Polygon","coordinates":[[[24.239583,64.285417],[24.24375,64.285417],[24.24375,64.289583],[24.239583,64.289583],[24.239583,64.285417]]]},"properties":{"radiance":5.47}},{"type":"Feature","geometry":{"type":"Polygon","coordinates":[[[24.84375,64.285417],[24.847917,64.285417],[24.847917,64.289583],[24.84375,64.289583],[24.84375,64.285417]]]},"properties":{"radiance":6.32}},{"type":"Feature","geometry":{"type":"Polygon","coordinates":[[[24.847917,64.285417],[24.852083,64.285417],[24.852083,64.289583],[24.847917,64.289583],[24.847917,64.285417]]]},"properties":{"radiance":7.01}},{"type":"Feature","geometry":{"type":"Polygon","coordinates":[[[24.852083,64.285417],[24.85625,64.285417],[24.85625,64.289583],[24.852083,64.289583],[24.852083,64.285417]]]},"properties":{"radiance":10.27}},{"type":"Feature","geometry":{"type":"Polygon","coordinates":[[[24.85625,64.285417],[24.860417,64.285417],[24.860417,64.289583],[24.85625,64.289583],[24.85625,64.285417]]]},"properties":{"radiance":5.08}},{"type":"Feature","geometry":{"type":"Polygon","coordinates":[[[24.88125,64.285417],[24.885417,64.285417],[24.885417,64.289583],[24.88125,64.289583],[24.88125,64.285417]]]},"properties":{"radiance":6.49}},{"type":"Feature","geometry":{"type":"Polygon","coordinates":[[[24.747917,64.28125],[24.752083,64.28125],[24.752083,64.285417],[24.747917,64.285417],[24.747917,64.28125]]]},"properties":{"radiance":6.19}},{"type":"Feature","geometry":{"type":"Polygon","coordinates":[[[24.752083,64.28125],[24.75625,64.28125],[24.75625,64.285417],[24.752083,64.285417],[24.752083,64.28125]]]},"properties":{"radiance":8.51}},{"type":"Feature","geometry":{"type":"Polygon","coordinates":[[[24.75625,64.28125],[24.760417,64.28125],[24.760417,64.285417],[24.75625,64.285417],[24.75625,64.28125]]]},"properties":{"radiance":8.56}},{"type":"Feature","geometry":{"type":"Polygon","coordinates":[[[24.760417,64.28125],[24.764583,64.28125],[24.764583,64.285417],[24.760417,64.285417],[24.760417,64.28125]]]},"properties":{"radiance":12.18}},{"type":"Feature","geometry":{"type":"Polygon","coordinates":[[[24.764583,64.28125],[24.76875,64.28125],[24.76875,64.285417],[24.764583,64.285417],[24.764583,64.28125]]]},"properties":{"radiance":9.96}},{"type":"Feature","geometry":{"type":"Polygon","coordinates":[[[24.802083,64.28125],[24.80625,64.28125],[24.80625,64.285417],[24.802083,64.285417],[24.802083,64.28125]]]},"properties":{"radiance":5.03}},{"type":"Feature","geometry":{"type":"Polygon","coordinates":[[[24.835417,64.28125],[24.839583,64.28125],[24.839583,64.285417],[24.835417,64.285417],[24.835417,64.28125]]]},"properties":{"radiance":5.57}},{"type":"Feature","geometry":{"type":"Polygon","coordinates":[[[24.839583,64.28125],[24.84375,64.28125],[24.84375,64.285417],[24.839583,64.285417],[24.839583,64.28125]]]},"properties":{"radiance":10.06}}]}